acc_X;acc_X_std;acc_X_max;acc_Z;acc_Z_std;acc_Z_max;acc;acc_std;acc_var;acc_max;acc_range;fb_tilt_max;fb_tilt_var;fb_tilt_range;tilt_max;tilt_var;tilt_range;class;lat;lon
-1.5751312702017797;1.3640518561507966;1.2424379790739257;-0.0418068726419904;0.05090700372271571;0.0489446313857448;1.7625529588107471;0.8063911753526092;0.6502667276865625;2.9531839622684655;2.8067632212274978;0.05985520546548384;0.001296113872696305;0.10400734169470793;-0.0050983991026817;0.0005318912098778509;0.0672988681553992;30.0;53.72281418;86.83691594000001
-0.9831399809673118;1.3640518561507966;1.2424379790739257;0.0132558376669725;0.05090700372271571;0.0489446313857448;1.0311441793149105;0.8063911753526092;0.6502667276865625;2.9531839622684655;2.8067632212274978;0.05985520546548384;0.001296113872696305;0.10400734169470793;-0.0050983991026817;0.0005318912098778509;0.0672988681553992;30.0;53.72281418;86.83691594000001
-0.06650517087716334;1.3640518561507966;1.2424379790739257;-0.0591414295911083;0.05090700372271571;0.0489446313857448;0.14642074104096783;0.8063911753526092;0.6502667276865625;2.9531839622684655;2.8067632212274978;0.05985520546548384;0.001296113872696305;0.10400734169470793;-0.0050983991026817;0.0005318912098778509;0.0672988681553992;0.0;53.72281418;86.83691594000001
-1.517465437569725;1.3640518561507966;1.2424379790739257;-0.0866727847455898;0.05090700372271571;0.0489446313857448;1.5979879841582334;0.8063911753526092;0.6502667276865625;2.9531839622684655;2.8067632212274978;0.05985520546548384;0.001296113872696305;0.10400734169470793;-0.0050983991026817;0.0005318912098778509;0.0672988681553992;0.0;53.72281418;86.83691594000001
-2.6930289959334868;1.3640518561507966;1.2424379790739257;0.0489446313857448;0.05090700372271571;0.0489446313857448;2.8163264166611195;0.8063911753526092;0.6502667276865625;2.9531839622684655;2.8067632212274978;0.05985520546548384;0.001296113872696305;0.10400734169470793;-0.0050983991026817;0.0005318912098778509;0.0672988681553992;30.0;53.72281418;86.83691594000001
-1.2454587630471508;1.3640518561507966;1.2424379790739257;-0.0795350260018354;0.05090700372271571;0.0489446313857448;1.6681137079235573;0.8063911753526092;0.6502667276865625;2.9531839622684655;2.8067632212274978;0.05985520546548384;0.001296113872696305;0.10400734169470793;-0.0050983991026817;0.0005318912098778509;0.0672988681553992;30.0;53.72281418;86.83691594000001
1.215929020642994;1.7035273293572273;2.5473577717387386;-0.0856531049250535;0.05080810443634789;0.0489446313857448;1.8173464915279958;0.9219487215031225;0.849989445081242;3.195008129870253;3.048587388829285;0.05985520546548384;0.0014140442807725664;0.10400734169470793;-0.0050983991026817;0.0008900955822145053;0.0948302233098807;30.0;53.722694020000006;86.8368009
-2.5138449814028876;1.7040398774875447;2.5473577717387386;-0.0683185479759355;0.04574693887357474;0.0489446313857448;2.9531839622684655;0.8670851256332055;0.7518366150943517;3.195008129870253;3.048587388829285;0.05985520546548384;0.001300191991235778;0.10400734169470793;-0.0050983991026817;0.0008903728480642145;0.0948302233098807;0.0;53.72256952;86.83668408000001
1.2424379790739257;2.0172402575482877;3.0739696159115146;-0.1254206179259712;0.04591481973133987;0.0489446313857448;2.117597230920967;0.7272034860602671;0.5288249101382051;3.6786419802781767;2.0806539961199433;0.05985520546548384;0.00137505377065723;0.10400734169470793;-0.0050983991026817;0.0012177776055956853;0.0989089425920261;30.0;53.722441960000005;86.83656164
-0.4312009237233987;1.979148432589056;3.0739696159115146;-0.0530233506678902;0.04516365045637612;0.0489446313857448;1.8866957741655008;0.6745067106151496;0.4549593026648691;3.6786419802781767;2.0105282723546196;0.07718976241460185;0.0019140585824916796;0.12134189864382594;-0.0050983991026817;0.0011551848400238609;0.0989089425920261;0.0;53.72231247999999;86.83642448
2.5473577717387386;1.797549889836343;3.0739696159115146;-0.046395431834404;0.026485571316282836;-0.0346691138982359;3.195008129870253;0.7286222243949549;0.5308903458822521;3.6786419802781767;2.0105282723546196;0.07718976241460185;0.0018869211874514022;0.12134189864382594;-0.0086672784745589;0.0009260246152393072;0.0953400632201489;0.0;53.72218394;86.83627546
0.22827304397426085;1.9689308184239271;4.43778432782682;-0.0346691138982359;0.026967966404103375;-0.0346691138982359;2.0016601905413762;0.9817189872849686;0.9637721699958244;4.883634524647095;3.0662880331190996;0.07718976241460185;0.0019867946570653588;0.12134189864382594;-0.0086672784745589;0.0010658590254425855;0.11369429998980321;0.0;53.72207100000001;86.83612668
3.0739696159115146;1.9682125641591923;4.43778432782682;-0.0713775874375446;0.026090489736860036;-0.0346691138982359;3.6786419802781767;0.9253164538952894;0.8562105398493531;4.883634524647095;2.9969387504815943;0.07718976241460185;0.0020898942303681184;0.12134189864382594;-0.0086672784745589;0.0010666215065292855;0.11369429998980321;0.0;53.721958810000004;86.83596585000001
1.2921986680990152;1.4622865870528376;4.43778432782682;-0.0438462322830631;0.026862806397345906;-0.0346691138982359;2.401348953658862;0.9498288614929853;0.9021748661250607;4.883634524647095;2.9969387504815943;0.07718976241460185;0.001958016772414303;0.12134189864382594;-0.0469052717446721;0.000561694400535642;0.07545630671969;0.0;53.72184995;86.83580579
2.5992431762763637;1.4563407602986402;4.43778432782682;-0.0815743856429081;0.032502444232165084;-0.0346691138982359;3.3733666138430465;0.9213339747089108;0.8488562929529198;4.883634524647095;2.9969387504815943;0.07718976241460185;0.0018237161264614658;0.12134189864382594;-0.0469052717446721;0.0005570733030404908;0.07545630671969;30.0;53.721744130000005;86.83564621000001
4.43778432782682;1.2332554345183537;4.43778432782682;-0.0479249515652085;0.032179161190115595;-0.0346691138982359;4.883634524647095;0.860621951165218;0.7406701428274268;4.883634524647095;2.881974334105719;0.07718976241460185;0.0015756094019467911;0.10706638115631706;-0.058121749770572;0.00040508540642496374;0.06423982869379011;30.0;53.72163918;86.83547725999999
1.4132530050638064;1.3168493315988827;4.43778432782682;-0.0591414295911083;0.03358396668628232;-0.0316100744366268;2.5046947674625013;0.8950594255520049;0.801131375269485;4.883634524647095;2.881974334105719;0.07718976241460185;0.0015090655980166117;0.10706638115631706;-0.058121749770572;0.00048384046048608023;0.06423982869379011;30.0;53.72153541;86.83529413
0.6188929297432977;1.1795293483172544;4.43778432782682;-0.0836137452839808;0.0324351515449851;-0.0316100744366268;2.213046773329458;0.8341378863172099;0.6957860133897424;4.883634524647095;2.6705877513176373;0.07922912205567456;0.0016512221097112032;0.0989089425920261;-0.0622004690527174;0.0003793458933769711;0.0601611094116447;30.0;53.72143363;86.83510019
2.0490301391481562;1.1696467009728806;4.43778432782682;-0.1468338941572346;0.034648447559239376;-0.0285510349750178;2.6116408278895498;0.868777881701501;0.7547750077337473;4.883634524647095;2.7421817016804946;0.07922912205567456;0.0017161023185431274;0.0989089425920261;-0.0622004690527174;0.0003693296645562307;0.0601611094116447;30.0;53.721335090000004;86.83489925
2.2568122362522987;1.109257452777913;4.43778432782682;-0.0632201488732537;0.034229800903534585;-0.0285510349750178;2.632741309858981;0.8665651726457035;0.7509351984424779;4.883634524647095;2.7421817016804946;0.07922912205567456;0.001356523169701665;0.0989089425920261;-0.0622004690527174;0.0003068870846529988;0.0601611094116447;0.0;53.72123032;86.83467672
3.5570739339158646;1.2422614307888125;4.43778432782682;-0.0316100744366268;0.03369043661787132;-0.0285510349750178;3.7463093156127387;0.9494809024897158;0.9015139841926852;4.883634524647095;2.7421817016804946;0.07922912205567456;0.0012253302118143202;0.0989089425920261;-0.0622004690527174;0.00040394168479491435;0.0632201488732538;0.0;53.72112833999999;86.83445185999999
3.4359929866517884;1.1806635854218912;4.220919937273816;-0.0479249515652085;0.03338506409841902;-0.0285510349750178;3.5504998054556474;0.7989475977758362;0.6383172639917795;4.260524695912171;2.11907187294557;0.07922912205567456;0.0008884059934428393;0.0989089425920261;-0.0622004690527174;0.00039838481505699526;0.0632201488732538;0.0;53.72102943;86.83422750999999
1.9450804367260703;1.1165037728223728;4.220919937273816;-0.0285510349750178;0.03381639157115796;-0.0285510349750178;2.1414528229666008;0.7794586333140702;0.6075557610478381;4.260524695912171;2.11907187294557;0.07922912205567456;0.0008359680896166099;0.0989089425920261;-0.0622004690527174;0.0003625366512383589;0.0632201488732538;0.0;53.72093459;86.83400723
2.2979812154299557;0.9872372961845537;4.220919937273816;-0.0520036708473539;0.035145852005573644;-0.020393596410727;2.430567477177508;0.9333430049387835;0.8711291648681581;4.260524695912171;2.971551381150836;0.07922912205567456;0.0008886486010613357;0.0999286224125625;-0.0764759865402263;0.00026225883559357553;0.0489446313857449;0.0;53.72084553;86.83378249
4.220919937273816;0.9703798842942113;4.220919937273816;-0.0601611094116447;0.019059498264483346;-0.0050983991026817;4.260524695912171;0.9541214430440952;0.9103477280765466;4.260524695912171;2.971551381150836;0.07922912205567456;0.0008389140392697706;0.0999286224125625;-0.0764759865402263;0.0002598905231273106;0.0489446313857449;0.0;53.72076204;86.83355308
4.025492544160287;1.0048497547524957;4.220919937273816;-0.0571020699500356;0.02075437424416335;-0.003059039461609;4.042117511376825;0.9978839912480613;0.9957724599891608;4.260524695912171;2.971551381150836;0.07922912205567456;0.0007723702353395911;0.0999286224125625;-0.0764759865402263;0.0002870279181675869;0.0489446313857449;0.0;53.72068253;86.83332253
3.1730883725119794;1.2296918820590796;5.27770908756588;-0.0458855919241358;0.022457661958022547;-0.003059039461609;3.178583281379358;1.2085523471471615;1.460598775794913;5.292880406375715;4.00390709161438;0.07922912205567456;0.0006814270366350133;0.0999286224125625;-0.0764759865402263;0.0004408064900624852;0.06831854797593559;0.0;53.72060553;86.83309449
1.2840326007676737;1.7071859683179587;6.916837477555646;-0.020393596410727;0.022086525401970973;-0.003059039461609;1.2889733147613347;1.6815666888069412;2.82766652890514;6.9234227700127455;5.634449455251411;0.026205771387784238;0.00015277348318970242;0.04690527174467218;-0.0764759865402263;0.0008320401567457343;0.0938105434893444;0.0;53.72053118;86.83287166
2.268454054119343;2.04429379632494;7.686520643093026;-0.0050983991026817;0.022776400172232772;-0.003059039461609;2.276953905745782;2.031921119781893;4.1287034370157025;7.6878132354360496;6.398839920674715;0.026205771387784238;0.00017717287796410145;0.04690527174467218;-0.0764759865402263;0.0011980310783617192;0.1080860609768533;0.0;53.72045888;86.832656
3.965648036375404;2.1919524328467306;7.686520643093026;-0.003059039461609;0.021943789821689944;-0.003059039461609;3.9818036516550714;2.1896994499353233;4.794783681047057;7.6878132354360496;6.398839920674715;0.026205771387784238;0.00017329115606817445;0.04690527174467218;-0.0764759865402263;0.0013985289459325975;0.1080860609768533;0.0;53.72039972;86.83246884
5.27770908756588;2.253690702531632;7.686520643093026;-0.0081574385642908;0.022096722864209658;-0.003059039461609;5.292880406375715;2.252394121949458;5.07327928059247;7.6878132354360496;6.398839920674715;0.026205771387784238;0.0001728752572936108;0.04690527174467218;-0.0764759865402263;0.0014793172828915801;0.1080860609768533;0.0;53.7203397;86.83229106
6.916837477555646;2.366539481612475;7.686520643093026;-0.020393596410727;0.02251546019875755;-0.003059039461609;6.9234227700127455;2.3653573848154887;5.594915557901167;7.6878132354360496;6.398839920674715;0.026205771387784238;0.00021119570827215313;0.04690527174467218;-0.0764759865402263;0.0016197062247942763;0.1080860609768533;0.0;53.72027519000001;86.83211647
7.686520643093026;2.895209361910133;7.686520643093026;-0.0479249515652085;0.022028191724794303;-0.003059039461609;7.6878132354360496;2.5719512171901133;6.614933063605706;7.6878132354360496;6.666891625481874;0.026205771387784238;0.00023424343202922018;0.04690527174467218;-0.0346691138982359;0.0024797848905918386;0.1498929336188437;0.0;53.72020125;86.83193757000001
7.525080634758153;3.254467408625167;7.686520643093026;-0.040787192821454;0.02246698394492039;-0.003059039461609;7.5279395017278015;2.55399480561689;6.5228894671180555;7.6878132354360496;6.666891625481874;0.026205771387784238;0.0001906202716749916;0.040787192821454155;-0.0295707147955541;0.0031578847370303436;0.15499133272152552;0.0;53.720115379999996;86.83177234
2.9611003517690158;3.5273706293661955;7.686520643093026;-0.061180789232181;0.02052635993804926;-0.003059039461609;2.9660100145583117;2.668799153588844;7.122488922196529;7.6878132354360496;6.666891625481874;0.026205771387784238;0.00025619364513118886;0.04384623228306317;-0.0295707147955541;0.0037052421825872783;0.15499133272152552;0.0;53.72000662000001;86.83162774
2.216467191633356;3.915270192657644;7.686520643093026;-0.0601611094116447;0.018712737663982338;-0.0081574385642908;2.225369628670259;2.7265133928222385;7.433875281239033;7.6878132354360496;6.666891625481874;0.026205771387784238;0.0005335634695339086;0.07341694707861735;-0.0158050372183134;0.004565554791445532;0.16875701029876622;0.0;53.71987818;86.83150954
-0.972178700220844;4.1118711681314775;7.686520643093026;-0.0229427959620679;0.01860748822410336;-0.020393596410727;1.0209216099541754;2.703018393893294;7.306308437725483;7.6878132354360496;6.666891625481874;0.026205771387784238;0.0005313800009674497;0.07341694707861735;-0.0101967982053635;0.00503676810302611;0.1743652493117161;30.0;53.71973004;86.83141772
-1.3289758108424952;4.284034140725791;7.686520643093026;-0.0469052717446721;0.01724443423249717;-0.0229427959620679;1.4388938648078302;2.5242760452202435;6.371969552472752;7.6878132354360496;6.666891625481874;0.023146731926175224;0.0005126645561120867;0.07035790761700833;0.040787192821454;0.005562880052849083;0.2253492403385336;30.0;53.71956198;86.83134950000002
-0.7630046155354617;3.523409531949579;7.525080634758153;-0.0285510349750178;0.01772739753442954;-0.0229427959620679;1.138301274087808;2.154279629905659;4.640920723826464;7.5279395017278015;6.87892036122523;0.07922912205567456;0.0011855541151248087;0.12644029774650767;0.040787192821454;0.0038129859588726576;0.22432956051799718;30.0;53.71937256;86.83129832
-2.1367043691031125;2.398682284382598;2.9611003517690158;-0.0591414295911083;0.017458160655654375;-0.0229427959620679;2.2594833396266707;1.3549048093024427;1.835767042270889;5.325179864619402;4.676160724116831;0.07922912205567456;0.00134923338840307;0.12644029774650767;0.040787192821454;0.001780419331117827;0.1447945345161618;30.0;53.71915216;86.8312648
-2.416527721145418;2.0930663302483414;2.216467191633356;-0.0774956663607627;0.017879242361269834;-0.0229427959620679;2.546808121275617;1.4727047686310193;2.1688593355485444;5.325179864619402;4.676160724116831;0.07922912205567456;0.001551998481932507;0.12644029774650767;0.040787192821454;0.0013631342273056626;0.133578056490262;30.0;53.71891017;86.83124553
-5.265216634331145;1.559148088158216;-0.0910832772895489;-0.0683185479759355;0.022435595219322584;-0.0061180789232181;5.325179864619402;1.4728346790266607;2.169241991743567;5.325179864619402;4.676160724116831;0.07922912205567456;0.0015467073253005584;0.12644029774650767;0.040787192821454;0.0007336021155411978;0.0876924645661261;30.0;53.71864832999999;86.83125249
-0.0910832772895489;1.6925106232453933;-0.0910832772895489;-0.0652595085143265;0.02110323952267682;-0.0061180789232181;0.6490191405025715;1.5913175377167974;2.5322915058450506;5.325179864619402;4.676160724116831;0.07922912205567456;0.0014885739188115552;0.12644029774650767;0.040787192821454;0.0008627617905306757;0.0876924645661261;30.0;53.71837192;86.83128583999999
-2.8173417446730746;1.6527011241196419;-0.0910832772895489;-0.0448659121035994;0.02193194105113132;-0.0061180789232181;2.9544353862905326;1.5364470505628554;2.3606695391832977;5.325179864619402;4.676160724116831;0.07922912205567456;0.0016722625442438213;0.12644029774650767;0.040787192821454;0.0008157421235175113;0.0876924645661261;30.0;53.718083060000005;86.83133746000001
-4.007866183341346;1.4970696433515207;-0.0910832772895489;-0.037728153359845;0.022521360106969722;-0.0061180789232181;4.163015947414568;1.3912018645887831;1.935442628035307;5.325179864619402;4.676160724116831;0.07922912205567456;0.001754587396119942;0.12644029774650767;0.040787192821454;0.0006561063105475089;0.0876924645661261;30.0;53.717794409999996;86.83139185
-2.134586458012018;1.4885035815831575;-0.0910832772895489;-0.0061180789232181;0.02362906160023962;-0.0061180789232181;2.562870212727256;1.3707828903226598;1.879045732401345;5.325179864619402;4.676160724116831;0.07922912205567456;0.0015336527248767566;0.12185173855409415;0.040787192821454;0.0006423585454994337;0.0876924645661261;30.0;53.71750282000001;86.83145098
-4.814502062501894;1.460021136348377;-0.0910832772895489;-0.0560823901294993;0.025729943254875515;-0.0061180789232181;5.0089776030349675;1.3317646681553488;1.7735971313469265;5.325179864619402;4.676160724116831;0.07922912205567456;0.0016778309667254787;0.12185173855409415;0.040787192821454;0.0006150247538156137;0.0876924645661261;30.0;53.71720761;86.83150649000001
-3.486378021586383;1.4496027563861373;-0.0910832772895489;-0.0683185479759355;0.029860354346347675;0.0081574385642908;3.7224641687139894;1.3137294860590232;1.725885162540905;5.0089776030349675;4.359958462532396;0.07922912205567456;0.0015733941633350585;0.12185173855409415;0.0316100744366268;0.0006073306264861873;0.0785153461812989;30.0;53.71690788000001;86.83156004
-3.451442147135852;1.5861227339836337;0.5126355229407547;-0.0836137452839808;0.04038427021418782;0.0081574385642908;3.667783244495519;1.2109128504822408;1.4663099314630257;5.0089776030349675;3.856266945744842;0.04150096869582964;0.0010367692167106118;0.08412358519424923;0.0316100744366268;0.0007596188944388992;0.0917711838482715;30.0;53.716604069999995;86.83160439000001
-4.06033347212864;1.5883487388761006;0.5126355229407547;-0.0336494340776996;0.042570055129146085;0.0081574385642908;4.2585192261423845;1.2065982830882196;1.4558794167514393;5.0089776030349675;3.856266945744842;0.04150096869582964;0.0009376235699521384;0.08412358519424923;0.0316100744366268;0.0007615828608743386;0.0917711838482715;0.0;53.71630655;86.83163199
-3.182847903552719;1.540987847116283;0.5126355229407547;-0.0101967982053635;0.04556345080979629;0.0081574385642908;3.4050804416530536;1.1658178070531935;1.3591311592423172;5.0089776030349675;3.856266945744842;0.04150096869582964;0.0007125732337523338;0.07341694707861746;0.0316100744366268;0.0007132692865625317;0.0917711838482715;0.0;53.7160116;86.8316468
-1.0390406604305815;1.5242867804399736;0.5126355229407547;0.0081574385642908;0.05123049750992983;0.0081574385642908;1.5551920166372206;1.1463623995356815;1.3141467510692055;5.0089776030349675;3.856266945744842;0.04150096869582964;0.0007467809079601912;0.07341694707861746;0.0316100744366268;0.000696933706917172;0.0917711838482715;0.0;53.71572351;86.83164031
0.5126355229407547;1.6211593836488873;0.5126355229407547;-0.1274599775670439;0.05375785796780332;0.0081574385642908;1.1527106572901253;1.170356716475093;1.3697348437983612;4.2585192261423845;3.3267058956310542;0.04150096869582964;0.0008306884857284012;0.07341694707861746;0.0188640766799225;0.000805229126716044;0.0790251860915672;0.0;53.71545007000001;86.83161263
-3.119620380787731;1.7927959394468937;0.5126355229407547;-0.0887121443866625;0.05883011577191833;0.0081574385642908;3.2759997929027524;1.2675931504585902;1.606792395089534;4.2585192261423845;3.3626617868157154;0.04150096869582964;0.0006443658347238996;0.07341694707861746;0.0188640766799225;0.0009898419716473387;0.0800448659121035;30.0;53.71519781000001;86.83155749
-3.057621376678335;1.7893271899829792;0.5126355229407547;-0.1050270215152442;0.06860457564048926;0.0560823901294993;3.212184048949349;1.3227821719524264;1.7497526744351788;4.2585192261423845;3.565824113154241;0.04150096869582964;0.0005754306128399793;0.0652595085143266;0.0188640766799225;0.0009784047553468398;0.0800448659121035;30.0;53.714961300000006;86.83148482
-2.9433633085763224;1.7419394766719507;0.9664850789454249;-0.1560110125420618;0.06844643782958579;0.0560823901294993;3.097155990886506;1.1591593480026914;1.3436503940620246;3.4050804416530536;2.7123853286649102;0.04150096869582964;0.000553884745768837;0.0652595085143266;0.003059039461609;0.0009324103943404122;0.0734169470786172;30.0;53.71473354;86.83140298000001
0.13501876046482542;1.67796675718253;0.9664850789454249;-0.0193739165901906;0.06712707144115392;0.0560823901294993;0.9318133305113302;1.072917384992618;1.1511517150193975;3.2759997929027524;2.583304679914609;0.02824513102885695;0.00037321138645215687;0.05200367084735391;0.0020393596410727;0.000864849948961301;0.0723972672580809;30.0;53.714513880000005;86.83132667999999
0.4751457697489907;1.6940284146960958;0.9664850789454249;0.0071377587437544;0.06377687680681914;0.0560823901294993;0.8958574393266691;1.1367425794540396;1.2921836919438234;3.2759997929027524;2.781725270525562;0.02824513102885695;0.00035624040590121386;0.05200367084735391;0.0020393596410727;0.000881751613049817;0.0723972672580809;30.0;53.7142738;86.83125812
-0.20461122807417675;1.6973012259702145;0.9664850789454249;0.0560823901294993;0.05938318269287948;0.0560823901294993;0.6926951129881435;1.1619260754154435;1.3500722047303348;3.2759997929027524;2.781725270525562;0.027225451208320428;0.0002617851731003207;0.05098399102681739;0.0020393596410727;0.0008906703312154585;0.0723972672580809;30.0;53.71403764;86.83120371999999
0.9664850789454249;1.5131559603532687;0.9664850789454249;-0.0479249515652085;0.0580959290416039;0.0560823901294993;1.0595613377483863;0.9930835146054012;0.9862148669810161;3.212184048949349;2.717909526572159;0.020087692464565987;0.000156204648079852;0.04384623228306295;0.0010196798205363;0.0007084257987504292;0.0713775874375445;0.0;53.71379631999999;86.83116976
0.7938019177056952;1.2252015875683426;0.9664850789454249;-0.0499643112062812;0.054233617184130306;0.0560823901294993;0.8866504739704937;0.7654246553317778;0.5858749029897709;3.097155990886506;2.602881468509316;0.020087692464565987;0.00015757942458465962;0.04384623228306295;-0.0010196798205363;0.00046535607050547114;0.0693382277964719;0.0;53.71355148;86.83115276000001
0.0880038078444052;1.0762817048747635;0.9664850789454249;-0.0703579076170082;0.035476172158089334;0.0560823901294993;0.49427452237719016;0.5509098596538133;0.30350167346378426;2.314154420521597;1.8198798981444066;0.020087692464565987;0.00013263705085458068;0.04384623228306295;-0.0122361578464362;0.00036026076072199223;0.05812174977057201;0.0;53.7133105;86.83115242
0.5554233307646581;1.8809350601175894;0.9664850789454249;-0.0392576730906494;0.035476172158089334;0.0560823901294993;0.7253182663629809;1.3977914154325384;1.9538208410568991;5.120415582949824;4.626141060572634;0.020087692464565987;8.966084414967391e-05;0.03364943407769949;0.0367084735393086;0.001082503640982927;0.10706638115631681;0.0;53.71306373;86.83117956999999
-1.671160168447816;2.383622655590028;0.9664850789454249;-0.0326297542571632;0.033458388430800706;0.0560823901294993;1.7033988938219273;1.906081506452859;3.6331467092415997;5.671545036837027;5.1772705144598365;0.020087692464565987;9.131288650418992e-05;0.03364943407769949;0.0469052717446721;0.0017437826925390779;0.1172631793616803;0.0;53.712800779999995;86.83123150000002
-0.7273118704334269;2.653712194923918;0.9664850789454249;-0.037728153359845;0.013532811308770277;-0.0193739165901906;0.7330134968416142;2.1245873183850876;4.513871273442737;5.671545036837027;5.1772705144598365;0.006831854797593628;6.563113717488718e-05;0.02651167533394516;0.0469052717446721;0.0021768719497846584;0.1172631793616803;0.0;53.71252181;86.83130581
-2.301012852960374;2.5043102121932153;0.7938019177056952;-0.0346691138982359;0.013335018552643888;-0.0193739165901906;2.314154420521597;2.0963914953732528;4.394857301873302;5.671545036837027;5.1772705144598365;0.006831854797593628;5.731316168361495e-05;0.02651167533394516;0.0469052717446721;0.0019295392591004218;0.11318446007953491;0.0;53.71223166;86.8313843
-5.116342666867964;2.256689578869141;0.5554233307646581;-0.0193739165901906;0.01669504068895867;-0.0193739165901906;5.120415582949824;2.003419978381924;4.013691609779829;5.671545036837027;5.1772705144598365;0.006831854797593628;9.755136812264543e-05;0.03262975425716341;0.0469052717446721;0.0015690474435036677;0.1091057407973894;0.0;53.71193257;86.83146153
-5.661240827969982;2.161858559632742;0.5554233307646581;-0.0367084735393086;0.013442875649719677;-0.0193739165901906;5.671545036837027;1.9758569707438176;3.904010768836935;5.671545036837027;4.95657413959779;0.03232385031100238;0.0002504750369809405;0.05812174977057216;0.0469052717446721;0.00143024122749306;0.1091057407973894;0.0;53.71163987;86.83151955000001
-5.346536079688191;1.8844095714815776;-0.7091135521682999;-0.0336494340776996;0.013491665217237266;-0.0193739165901906;5.354106596013013;1.8795472865739373;3.53269800246745;5.671545036837027;4.95657413959779;0.03232385031100238;0.0002520346573855539;0.05812174977057216;0.0469052717446721;0.001086061886054191;0.0866727847455898;0.0;53.71132816000001;86.831556
-3.5793485944485353;1.8522386983193213;-0.7091135521682999;-0.0438462322830631;0.014303410042856434;-0.0193739165901906;3.5799922504138944;1.8480706630177006;3.415365175506684;5.671545036837027;4.95657413959779;0.03232385031100238;0.00026381845599818905;0.05812174977057216;0.0469052717446721;0.001048527021649825;0.0866727847455898;0.0;53.71101736000001;86.83156776000001
-2.6023172241791204;1.8179248085869761;-0.7091135521682999;-0.0723972672580809;0.021072286499312053;0.0101967982053635;2.603587867867158;1.8088951612510729;3.272101704397545;5.671545036837027;4.95657413959779;0.03232385031100238;0.0002763878411850007;0.05812174977057216;0.0469052717446721;0.0010141460562858992;0.0856531049250534;0.0;53.71067891;86.83154162999999
-0.7091135521682999;1.985127550665652;-0.4526447140454075;-0.0418068726419904;0.021073382957751245;0.0101967982053635;0.7149708972392367;1.9784722235214511;3.914352339245915;5.671545036837027;5.215159880938575;0.03232385031100238;0.0003237194322790881;0.05812174977057216;0.0469052717446721;0.001202883230731617;0.0907515040277352;0.0;53.710337700000004;86.8315025
-1.6703209596530804;2.0205427808507124;0.22445350250416407;-0.0428265524625267;0.0208041339977388;0.0101967982053635;1.720578432524647;1.9570368495944952;3.829993230670747;5.671545036837027;5.427779909486319;0.03232385031100238;0.00031872864698432435;0.05812174977057216;0.0469052717446721;0.0012501917163382295;0.10298766187417141;0.0;53.70999898;86.83145306
-2.1957122575650643;1.6874410397341426;0.22445350250416407;-0.023452635872336;0.021177355833303855;0.0101967982053635;2.224200935560341;1.6257497219296768;2.6430621583544216;5.354106596013013;5.110341468662305;0.03232385031100238;0.0003251057615276331;0.05812174977057216;0.0418068726419904;0.0008706609790614535;0.09788926277148971;0.0;53.70966575999999;86.83139888000001
-0.9915528927715531;1.2659069526301805;0.3562654851830822;0.0101967982053635;0.02324140646333975;0.0101967982053635;1.0350101035967494;1.1022184488213171;1.2148855089220705;3.5799922504138944;3.336227123063187;0.03232385031100238;0.0002988001640364845;0.05812174977057216;0.0101967982053635;0.00048522678973462113;0.0693382277964718;0.0;53.70934361;86.83134553000001
-0.4526447140454075;0.960346249839952;0.3562654851830822;-0.0326297542571632;0.02271348085487177;0.0101967982053635;0.4563851558984516;0.7900819465974465;0.6242294823392103;2.603587867867158;2.3598227405164502;0.03232385031100238;0.00036072287047151177;0.060161109411644764;-0.0071377587437544;0.00027708100580926885;0.0520036708473539;0.0;53.70903253;86.83129813
0.22445350250416407;0.959661503488896;0.3562654851830822;-0.023452635872336;0.02204915985164351;0.0101967982053635;0.24376512735070738;0.8040071179683588;0.6464274457437864;2.6713593129180477;2.42759418556734;0.03232385031100238;0.00032672314565093484;0.060161109411644764;-0.0071377587437544;0.00027708100580926885;0.0520036708473539;0.0;53.70872306;86.8312549
-0.6560405033446215;1.0535071734138368;0.3562654851830822;-0.0209034363209952;0.02302566836825034;0.0101967982053635;0.7017815453481774;0.885903737563658;0.7848254322292587;2.6713593129180477;2.42759418556734;0.01498929336188437;0.00016386411717806445;0.04282655246252676;-0.0071377587437544;0.0003366007415468175;0.0520036708473539;0.0;53.70843363;86.83123171
0.3562654851830822;1.4030168197852964;0.3562654851830822;-0.0020393596410727;0.024319892199398226;0.0101967982053635;0.6031427081456083;1.2467122267378772;1.554291376297716;4.10846011302712;3.8646949856764126;0.01498929336188437;0.0001928037402414497;0.04282655246252676;0.0193739165901906;0.0006054099828397679;0.07851534618129889;0.0;53.70816459;86.83123147
-1.125402597010698;1.6307054304266375;0.3562654851830822;-0.023452635872336;0.030730985629857887;0.0101967982053635;1.2980581579466033;1.4725562318173562;2.1684218558641315;4.10846011302712;3.8646949856764126;0.01498929336188437;0.00020938192750530533;0.04282655246252676;0.0193739165901906;0.0008223358520059074;0.07851534618129889;0.0;53.70790063;86.83125679
-2.5986616944569665;2.598817707187908;0.3562654851830822;-0.0693382277964719;0.026334655774677737;-0.0020393596410727;2.6713593129180477;2.447023263515429;5.987922852185703;8.086253780713701;7.842488653362993;0.01498929336188437;0.00024918112968229573;0.04588559192413577;0.0917711838482716;0.002137904545156796;0.1509126134393799;0.0;53.70765977;86.83131801
-2.4197025123456144;2.5173463111274916;0.3562654851830822;-0.0520036708473539;0.027811132329282912;-0.0020393596410727;2.496265550934741;2.3434302730755623;5.491665444767005;8.086253780713701;7.842488653362993;0.004792495156520804;0.0001751511478099714;0.035688793718772205;0.0917711838482716;0.002013238887481351;0.1509126134393799;0.0;53.70740651999999;86.83138476
-4.081456895237733;2.3307431409478596;0.3562654851830822;-0.0560823901294993;0.026633463043540927;-0.0020393596410727;4.10846011302712;2.1850979889411457;4.774653221274638;8.086253780713701;7.483111072568093;0.003772815335984392;0.00013498225783336877;0.03466911389823579;0.0917711838482716;0.0017370821011711082;0.1509126134393799;0.0;53.70714031;86.83144623000001
-4.080013635772395;2.271261043852315;0.3562654851830822;-0.0897318242071989;0.024871270789828048;-0.0020393596410727;4.090976248832263;2.12192651118599;4.502572118873949;8.086253780713701;7.483111072568093;-0.003364943407770049;9.057639909089952e-05;0.02753135515448135;0.0917711838482716;0.0016574028276109616;0.1509126134393799;0.0;53.70686511;86.83149359000001
-8.080678415495571;2.3143542783718343;0.6244845786362743;-0.0520036708473539;0.019926270336596823;-0.023452635872336;8.086253780713701;2.1131402668829367;4.465361787522089;8.086253780713701;7.411473483381532;-0.003364943407770049;9.445812098682667e-05;0.02753135515448135;0.0917711838482716;0.0017379485569514502;0.1570306923625981;30.0;53.706583699999996;86.83152706
-2.4192982061951716;2.2773366918063758;0.6244845786362743;-0.0734169470786173;0.018757674783427193;-0.0275313551544814;2.433052499429337;2.081625867165607;4.333166250852965;8.086253780713701;7.411473483381532;0.002753135515448202;0.00013084926376114375;0.0336494340776996;0.0917711838482716;0.0016794916736377855;0.1570306923625981;0.0;53.70629469000001;86.83154013000001
-2.5973889571844455;2.3711867416393644;0.6244845786362743;-0.0489446313857448;0.02271163699851966;-0.0112164780258998;2.600980103615521;2.1770125087353303;4.739383463190097;8.086253780713701;7.411473483381532;0.002753135515448202;0.00014406560259727636;0.0336494340776996;0.0917711838482716;0.0018214517886888343;0.1570306923625981;0.0;53.70600605;86.83153565
-1.3375334595834616;2.395131297009654;0.6244845786362743;-0.0591414295911083;0.03337900775674312;0.0275313551544814;1.3393580511038812;2.197479821740367;4.828917566956075;8.086253780713701;7.411473483381532;0.002753135515448202;0.00017262398511731235;0.0336494340776996;0.0917711838482716;0.0018558327540527599;0.1570306923625981;0.0;53.705712719999994;86.83151624
0.6244845786362743;2.3542669273941472;0.6244845786362743;-0.0275313551544814;0.03986330128490476;0.0300805547058223;0.6747802973321685;2.1624452133783607;4.676169300862984;8.086253780713701;7.411473483381532;0.002753135515448202;0.00018537821420393016;0.0336494340776996;0.0917711838482716;0.0017941439906784251;0.1570306923625981;0.0;53.705422150000004;86.83149958999999
-1.6534347101377325;2.3342380997128;0.6244845786362743;-0.0305903946160905;0.03633775444719353;0.0300805547058223;1.6936177838904005;2.16112879135997;4.670477652845005;8.086253780713701;7.411473483381532;0.002753135515448202;0.00017990221367217594;0.0336494340776996;0.0917711838482716;0.0017637140636728539;0.1570306923625981;0.0;53.70512569;86.83156153
-0.7844359504305913;1.4457645871123517;0.6244845786362743;-0.0112164780258998;0.03695938878778605;0.0300805547058223;1.0059236035931451;1.2844104840602824;1.649710291563969;4.143582116613647;3.4688018192814787;0.004792495156520804;0.00017343267717896433;0.034669113898236015;0.0142755174875089;0.0006677745817227689;0.0795350260018354;0.0;53.70485509;86.83167492999999
-3.8198166501573225;1.499405352354752;0.6244845786362743;0.0275313551544814;0.031159149278041715;0.0300805547058223;3.9184766092751517;1.3606267627495257;1.8513051875102537;4.143582116613647;3.4688018192814787;0.004792495156520804;0.00016777183274740406;0.034669113898236015;0.0142755174875089;0.0007178903840576847;0.0795350260018354;0.0;53.70461444;86.831849
-2.5626107586080265;1.5021203962853933;0.6244845786362743;0.0300805547058223;0.029495216806071846;0.0300805547058223;2.8204035063175885;1.3773582579219357;1.8971157706657493;4.143582116613647;3.4688018192814787;0.005812174977057216;0.00019526736284355446;0.03568879371877243;0.0142755174875089;0.0007206861480422513;0.0795350260018354;0.0;53.70440261;86.83208772999998
-3.7440383212413275;1.6472507932033453;0.6244845786362743;0.0076475986540226;0.02381582470868624;0.0300805547058223;4.069897957963875;1.4851891851509613;2.2057869156893766;5.142509785655184;4.467729488323015;0.005812174977057216;0.00020264667790612404;0.03568879371877243;0.0326297542571632;0.0008672673605884505;0.09788926277148971;0.0;53.70421758;86.83239422
-3.7630001506552686;1.17365422219724;-0.7844359504305913;0.0173345569491179;0.022395588167761615;0.0300805547058223;4.143582116613647;1.2295669926628678;1.511834989446009;5.142509785655184;4.136586182062039;0.019068012644029797;0.0002237188824840136;0.04690527174467218;0.0326297542571632;0.0004344091582176262;0.0723972672580809;0.0;53.704055870000005;86.83276499
-3.4610894803084036;1.1192968220095212;-0.7844359504305913;-0.0122361578464362;0.0221142306031235;0.0300805547058223;3.8945481122624317;1.1156470531509624;1.2446683472044264;5.142509785655184;4.136586182062039;0.019068012644029797;0.0002194559200447365;0.04690527174467218;0.0326297542571632;0.00039679342460709465;0.0723972672580809;0.0;53.70391914;86.83320426
-2.7063565493714266;0.8122370468666726;-2.124342565608449;-0.0346691138982359;0.023444999345372326;0.0300805547058223;3.294888307896928;0.753025015562603;0.5670466740630585;5.142509785655184;2.474588477984114;0.019068012644029797;0.0002477023784838494;0.05200367084735402;0.0326297542571632;0.0002063435559022362;0.0479249515652084;0.0;53.703808790000004;86.83370319
-4.830918445798046;0.846902924802598;-2.124342565608449;-0.0101967982053635;0.020953531277909332;0.0300805547058223;5.142509785655184;0.817066137411304;0.6675970729042279;5.142509785655184;2.562747619441689;0.019068012644029797;0.000239661668842286;0.05200367084735402;0.0326297542571632;0.00022474707667667631;0.0479249515652084;30.0;53.703724;86.83426352000001
-3.2382326571418587;0.8288993017537069;-2.124342565608449;-0.0040787192821454;0.017642474598872176;0.0173345569491179;3.6762786065760062;0.7792755441518924;0.6072703737132279;5.142509785655184;2.562747619441689;0.019068012644029797;0.00024103644534709362;0.05200367084735402;0.0326297542571632;0.0002153460314599778;0.0479249515652084;0.0;53.703658960000006;86.8348692
-2.124342565608449;0.8074363822718078;-2.124342565608449;-0.0285510349750178;0.01744450695203079;0.0173345569491179;2.66792130767107;0.7652923950479062;0.5856724499181606;5.142509785655184;2.562747619441689;0.019068012644029797;0.00021977939686939759;0.05200367084735402;0.0326297542571632;0.00020413987003423608;0.0479249515652084;0.0;53.703625699999996;86.8354401
-2.51941775801663;0.8117083348898003;-2.124342565608449;-0.0275313551544814;0.014195987523365466;0.0081574385642908;2.9119798983570666;0.7948028336351646;0.6317115443544872;5.142509785655184;2.6500752055231596;0.019068012644029797;0.0002096707460987542;0.05200367084735402;0.0326297542571632;0.00020663526268161804;0.0479249515652084;0.0;53.70359877;86.83600453
-2.2476759526573673;0.8709636746741579;-1.847332279169318;0.0020393596410727;0.014581381819015339;0.0081574385642908;2.579762166213495;0.8689536559780469;0.7550804562376139;5.142509785655184;3.0999383235031552;0.019068012644029797;0.0002096707460987542;0.05200367084735402;0.0326297542571632;0.0002380125146736957;0.0530233506678902;0.0;53.7035738;86.83656068
-3.467217977539871;0.8889831514489137;-1.847332279169318;0.0081574385642908;0.019885644706768624;0.0081574385642908;3.6337090699582846;0.8786119467282663;0.7719589529336338;5.142509785655184;3.0999383235031552;0.019068012644029797;0.0002426653822141349;0.05200367084735402;0.0326297542571632;0.0002482251401379799;0.0530233506678902;0.0;53.70355163000001;86.83712987
-3.1751590364605;1.1667066425127723;-1.847332279169318;-0.0254919955134087;0.020365535910787307;0.0081574385642908;3.3152169055098466;1.1090655405236498;1.2300263731770156;6.025582018524024;3.9830105563719953;0.019068012644029797;0.00025157254763603893;0.05200367084735402;0.0520036708473539;0.0004317289216704385;0.0723972672580809;0.0;53.70352934;86.83771686
-2.358938588369065;1.5827463544814349;-1.847332279169318;-0.0142755174875089;0.020936156527854844;0.0081574385642908;2.4924345801320245;1.5158499142368889;2.2978009624919835;6.546656976769421;4.504085514617392;0.004792495156520804;0.00018202503033401134;0.03772815335984503;0.0591414295911083;0.0007767169551709584;0.07953502600183529;0.0;53.70350771999999;86.83830708
-1.847332279169318;1.735264373552664;-1.847332279169318;-0.0040787192821454;0.02063826806861064;0.0081574385642908;2.042571462152029;1.6996171382895484;2.8886984167675536;6.546656976769421;4.504085514617392;0.026205771387784238;0.0003135876760209691;0.05914142959110846;0.0591414295911083;0.0009175911123106453;0.07953502600183529;0.0;53.703487759999994;86.8388964
-3.4534936240318395;1.7166827825172728;-1.847332279169318;-0.0601611094116447;0.020670429952027843;0.0081574385642908;3.5941293581038165;1.7018965410523583;2.8964518364459813;6.546656976769421;4.504085514617392;0.026205771387784238;0.00024538027699253504;0.05506271030896304;0.0591414295911083;0.0008967239689341026;0.07953502600183529;0.0;53.70347116000001;86.83948907999999
-5.90647019236347;1.6191954155173887;-1.847332279169318;-0.0326297542571632;0.019888912332525537;0.0081574385642908;6.025582018524024;1.6246990002131547;2.6396468412936245;6.546656976769421;4.504085514617392;0.026205771387784238;0.0003204846640324824;0.05506271030896304;0.0591414295911083;0.000795348642634221;0.07953502600183529;0.0;53.70346163000001;86.84007603
-6.400865415291351;1.726253207855773;-1.847332279169318;0.0020393596410727;0.017960473235273382;0.0020393596410727;6.546656976769421;1.7262391753455186;2.979901690497576;6.569664523214525;4.527093061062496;0.026205771387784238;0.0005723344775182275;0.07749566636076255;0.0632201488732537;0.0009300998455928325;0.08361374528398069;60.0;53.70346757;86.84070661000001
-6.116010574196115;1.6909029320701998;-1.847332279169318;-0.020393596410727;0.018802043680542002;0.0020393596410727;6.316503317081179;1.6888432632401498;2.8521915677916376;6.569664523214525;4.527093061062496;0.026205771387784238;0.0007156809218178223;0.07749566636076255;0.0632201488732537;0.0009002360030304164;0.08361374528398069;60.0;53.70348228;86.84133316
-4.993095555311551;1.5177399675608532;-1.847332279169318;-0.0040787192821454;0.018969044378826544;0.0020393596410727;5.242744740021295;1.5094011772237703;2.278291913804504;6.676891020423806;4.634319558271777;0.026205771387784238;0.0007671483951700695;0.07749566636076255;0.0632201488732537;0.0007207063653437886;0.08361374528398069;60.0;53.70350886999999;86.84196134999999
-4.915017611395505;1.0381184810811412;-3.4534936240318395;-0.0107066381156316;0.020547736148550117;0.0112164780258998;5.124184953887982;1.0163435995899377;1.0329543124274316;6.676891020423806;3.0827616623199896;0.026205771387784238;0.0007752930795052737;0.07749566636076255;0.0632201488732537;0.0003403553832616228;0.0550627103089629;60.0;53.70355157;86.84259029
-6.4408595111187115;0.7611882708560174;-4.228754821928526;-0.0183542367696543;0.012631163018741889;0.0112164780258998;6.569664523214525;0.7145321059331372;0.5105561304092441;6.676891020423806;2.138521342225207;0.026205771387784238;0.0007291629737599254;0.07749566636076255;0.0632201488732537;0.00018795158787153265;0.0418068726419904;60.0;53.70361081;86.84319481
-5.792701038751105;0.7944904632583923;-4.228754821928526;0.0010196798205363;0.011375131561884036;0.0132558376669725;5.97169348059522;0.7592429470738425;0.5764498526813736;6.676891020423806;2.138521342225207;0.026205771387784238;0.00072483069485822;0.07749566636076255;0.0632201488732537;0.00020126034865756832;0.0418068726419904;60.0;53.70368972;86.8437806
-6.487767782712949;0.7431343897096233;-4.228754821928526;-0.0081574385642908;0.01114531241624033;0.0132558376669725;6.676891020423806;0.717815540864503;0.5152591507065991;6.676891020423806;2.138521342225207;0.03538288977261139;0.0008787132414467587;0.0866727847455897;0.0632201488732537;0.00018063870108545572;0.0418068726419904;60.0;53.70378674;86.84435634
-4.228754821928526;0.7819963666530046;-4.228754821928526;0.0112164780258998;0.009787657496072305;0.0132558376669725;4.538369678198599;0.7358753413023351;0.5415125179368282;6.676891020423806;2.138521342225207;0.03538288977261139;0.0008706725318051961;0.0866727847455897;0.0632201488732537;0.00020943969122398635;0.0418068726419904;60.0;53.70390209;86.84492737000001
-5.463947642096766;0.8248562436084376;-4.228754821928526;-0.0101967982053635;0.01683973087599364;0.0132558376669725;5.670689148954977;0.8084401799827698;0.6535755246105733;6.676891020423806;2.138521342225207;0.03538288977261139;0.0008655777718167923;0.0866727847455897;0.0632201488732537;0.00022925264673444778;0.0418068726419904;60.0;53.70403205;86.84549253
-4.884267494439029;1.5931699358716505;-1.153349614855768;0.0132558376669725;0.01844715749222469;0.0132558376669725;5.020473685903125;1.6174461019369328;2.616131892670979;6.676891020423806;5.494441781199295;0.03538288977261139;0.0008371118112466586;0.0866727847455897;0.0632201488732537;0.0007933153597363533;0.0948302233098805;60.0;53.70417313;86.84604833
-5.239782528050537;1.6487792897094142;-1.153349614855768;-0.0050983991026817;0.02853099851941113;0.0132558376669725;5.31107173236196;1.685612143919563;2.841288299729106;6.676891020423806;5.494441781199295;0.03538288977261139;0.0006220112755911046;0.0805547058223719;0.0622004690527174;0.0008361991444913581;0.0938105434893442;60.0;53.704317270000004;86.84654830999999
-6.445986999587612;1.64060827290651;-1.153349614855768;-0.0050983991026817;0.03213115223790599;0.0132558376669725;6.475346353532663;1.6764007359837023;2.810319427606699;6.676891020423806;5.494441781199295;0.03538288977261139;0.0004922508579272544;0.06831854797593562;0.0622004690527174;0.0008186736322409975;0.0938105434893442;60.0;53.70447051;86.84704715000001
-4.548065452251968;1.798650894652754;-1.0389929701594691;-0.0469052717446721;0.03297858165882211;0.0132558376669725;4.550767869797096;1.7986175841927035;3.2350252141671967;6.475346353532663;5.292897114308151;0.03538288977261139;0.0004653907287366875;0.06831854797593562;0.0622004690527174;0.0010002481055692302;0.0968695829509533;0.0;53.70462568000001;86.84754536
-1.153349614855768;1.8350376737827614;-1.0389929701594691;-0.0316100744366269;0.03512283486671283;0.0275313551544814;1.1824492392245116;1.8275533156349764;3.3399511214883955;6.475346353532663;5.292897114308151;0.03538288977261139;0.0004780987468483536;0.06831854797593562;0.0622004690527174;0.0010423000927751074;0.0968695829509533;0.0;53.70477475;86.84804515
-2.884367436750215;1.840973820223924;-1.0389929701594691;-0.078515346181299;0.04367450017822005;0.0275313551544814;2.904423140640142;1.8056579648631181;3.2604006860736177;6.475346353532663;5.292897114308151;0.03538288977261139;0.0004603190742357591;0.06831854797593562;0.0622004690527174;0.0010565677312913873;0.0968695829509533;0.0;53.70491399;86.84854791000001
-3.5109342444708993;1.997328110029056;-0.2996313647329498;-0.0683185479759355;0.050325328545302375;0.0275313551544814;3.5636882623118256;1.8879879326799973;3.56449843394529;6.475346353532663;5.574268952975635;0.03538288977261139;0.000633506255610294;0.06831854797593562;0.0622004690527174;0.001224174937440526;0.1080860609768532;0.0;53.70503659;86.84904427000001
-1.0389929701594691;2.140569575082867;0.82241116956448;0.0040787192821454;0.053379586624982725;0.0275313551544814;1.2547755965626601;1.8052220375946106;3.258826605017238;6.475346353532663;5.574268952975635;0.03538288977261139;0.00044710273539962754;0.06831854797593562;0.0622004690527174;0.001432413143315783;0.1294993372081166;0.0;53.70512709;86.84952132999999
-2.713913724830711;1.895882758828833;1.4086553031590743;0.0275313551544814;0.05044742179015163;0.0275313551544814;2.83199001682957;1.2350465761562957;1.5253400452753885;4.550767869797096;3.6496904692400687;0.03538288977261139;0.0003908177679086846;0.062200469052717366;0.0275313551544814;0.0010961820895685748;0.10400734169470771;0.0;53.70518036;86.84996372
-1.6827117984944795;1.8741637128925248;1.9661834931799076;-0.1040073416947078;0.05182274616693073;0.0275313551544814;1.8944104350304802;0.9073885249437729;0.8233539351996358;3.5636882623118256;2.662610861754798;0.03538288977261139;0.00040138852842884314;0.062200469052717366;0.0091771183848271;0.0010909140384241039;0.0978892627714896;0.0;53.70519770000001;86.85036506
-0.2996313647329498;2.10203591311072;2.1408667950222684;-0.1264402977465075;0.05237734942362906;0.0275313551544814;0.9010774005570276;0.8723055398547302;0.7609169548612524;3.5636882623118256;2.662610861754798;0.03538288977261139;0.00033151753430215583;0.062200469052717366;0.0091771183848271;0.0013750191124260076;0.0999286224125624;30.0;53.705181859999996;86.8507281
0.82241116956448;2.01201777962838;2.1408667950222684;-0.1182828591822167;0.053354827130485526;0.0275313551544814;1.0934371878690126;0.8255667262933645;0.681560419562743;3.5636882623118256;2.662610861754798;0.03538288977261139;0.000334151559874392;0.062200469052717366;0.0091771183848271;0.0012594801223034875;0.0999286224125624;0.0;53.70513383;86.85104871000001
1.4086553031590743;1.659677096611065;2.1408667950222684;-0.0601611094116447;0.05582142988722106;0.0275313551544814;1.4755500396015038;0.5733963018558655;0.3287833189819829;2.83199001682957;1.9309126162725425;0.03538288977261139;0.00028368917522733985;0.05608239012949934;-0.0050983991026817;0.0008561622856704206;0.0856531049250536;0.0;53.70505092;86.85132675999999
1.9661834931799076;1.610884412305711;2.1408667950222684;-0.0214132762312633;0.05818355859848964;0.0275313551544814;1.9753543543283516;0.5573127281255595;0.3105974769307538;2.83199001682957;1.9309126162725425;0.03538288977261139;0.0002739040012813571;0.05608239012949934;-0.0050983991026817;0.0008090270912198776;0.0856531049250536;0.0;53.70492543;86.85156223
2.1408667950222684;1.162824487053595;2.1408667950222684;-0.0229427959620679;0.05321172762079798;0.0254919955134087;2.146499315985407;0.3944482015323242;0.15558938369208505;2.146499315985407;1.2454219154283797;0.03538288977261139;0.00024294264806384343;0.05608239012949934;-0.023452635872336;0.0004264002186213487;0.06729886815539929;0.0;53.70477383;86.85175367000001
1.3670297112760244;0.8165508944892402;2.1408667950222684;-0.0142755174875089;0.05290624686614529;0.0254919955134087;1.4489967147580656;0.37452822018082427;0.140271387711816;2.146499315985407;1.2454219154283797;0.03538288977261139;0.0002221477093356623;0.05608239012949934;-0.0458855919241358;0.0002190400212701711;0.0448659121035995;0.0;53.70459645;86.85189885000001
1.2061059007208401;0.6789927630628825;2.1408667950222684;0.0071377587437544;0.04251143018753554;0.0254919955134087;1.4209010894952023;0.32325808875514006;0.10449579194562603;2.146499315985407;1.0530621281163945;0.009890894259202643;6.728317952940385e-05;0.030590394616090588;-0.0540430304884266;0.00014736679912037446;0.0367084735393087;0.0;53.70439416000001;86.85199608
1.29066872454891;0.7293922619812182;2.1408667950222684;0.0254919955134087;0.02672872164800116;0.0254919955134087;1.6136817164178563;0.4714421486335632;0.2222576995082307;2.7999226602436327;1.5439381927279778;0.024166411746711636;0.00014602668084678284;0.04486591210359958;-0.0540430304884266;0.0001620734418986936;0.0367084735393087;0.0;53.70418849;86.85206177
0.05964541550975211;0.7814757033798733;2.142656502961537;-0.0336494340776996;0.019962473356134304;0.0254919955134087;1.2559844675156548;0.6512199408283015;0.4240874113324165;3.195495892072221;1.9395114245565663;0.024166411746711636;0.00015976289315111986;0.04486591210359958;-0.0540430304884266;0.00019205281189848793;0.037728153359845;0.0;53.70398702999999;86.85211119
0.14366958356377246;0.7606161451895986;2.142656502961537;0.020393596410727;0.019753034374573944;0.0254919955134087;1.348987265457389;0.7341168550616869;0.5389275568856617;3.195495892072221;1.9395114245565663;0.024166411746711636;0.0001300954472322483;0.04384623228306317;-0.0540430304884266;0.0001786054181875976;0.037728153359845;0.0;53.70378727;86.85214694999999
0.9070979425430297;0.7274862182059538;2.142656502961537;-0.0010196798205363;0.01798232981037625;0.0254919955134087;1.728784362256392;0.7933718938933498;0.6294389620199207;3.195495892072221;1.9395114245565663;0.024166411746711636;0.00013932608947881306;0.04384623228306317;-0.0540430304884266;0.0001594394163264573;0.037728153359845;0.0;53.703579790000006;86.85217243000001
2.075250884385457;0.726698446051709;2.142656502961537;0.0122361578464362;0.018475395927159043;0.0254919955134087;2.7999226602436327;0.7719325729714046;0.5958798972142528;3.195495892072221;1.9395114245565663;0.024166411746711636;0.0001397419882533767;0.04384623228306317;-0.0540430304884266;0.00015906972852684518;0.037728153359845;0.0;53.70337198;86.85218734
2.142656502961537;0.7611826020986323;2.142656502961537;0.0066279188334862;0.019842971054262533;0.0254919955134087;3.195495892072221;0.7563192758510774;0.572018847023898;3.195495892072221;1.9395114245565663;0.024166411746711636;0.00014004524777649612;0.04384623228306317;-0.0540430304884266;0.0001758905234091961;0.037728153359845;0.0;53.703147799999996;86.85218588000001
1.681266334620524;0.8293619205483199;2.142656502961537;0.0193739165901906;0.018279259902218386;0.020393596410727;2.959852621123267;0.7149828729409147;0.5112005085988441;3.195495892072221;1.9395114245565663;0.024166411746711636;0.00015055824457796516;0.04384623228306317;-0.0540430304884266;0.0002116578180216673;0.037728153359845;0.0;53.70293549;86.85217324999999
1.8221129378641399;0.7273589273586711;2.142656502961537;-0.0050983991026817;0.015554434979920682;0.020393596410727;2.941490181550736;0.5927859486248397;0.3513951808870511;3.195495892072221;1.8465086266148323;0.024166411746711636;0.00015804442252010997;0.04384623228306317;-0.0550627103089629;0.0001667754086000103;0.0367084735393087;0.0;53.70272281;86.85214489
1.242122049799577;0.5958765236118826;2.142656502961537;-0.0183542367696543;0.015716986186583175;0.0214132762312633;2.5182946259029397;0.4281787032545189;0.18333700192072133;3.195495892072221;1.466711529815829;0.024166411746711636;0.00018718044222703874;0.04384623228306317;-0.0571020699500356;0.00011442992672368372;0.034669113898236;0.0;53.70251364000001;86.8521098
1.9812533436637993;0.5723674597514158;2.142656502961537;-0.020393596410727;0.01622478680899158;0.0214132762312633;2.9478292040767005;0.3041235694661712;0.09249114550484507;3.195495892072221;0.9494249312540601;0.024166411746711636;0.00024510589932876035;0.047924951565208596;-0.0571020699500356;0.00010860734387979316;0.034669113898236;0.0;53.70230774;86.85207030000001
0.2969546721907128;0.554479988327697;2.142656502961537;-0.0152951973080452;0.0159902536750564;0.0214132762312633;2.246070960818161;0.35776862738470194;0.1279983907407337;3.3877106722417847;1.1416397114236236;0.013969613541347958;0.00017863141186100762;0.03772815335984492;-0.0571020699500356;0.00010860734387979316;0.034669113898236;0.0;53.70210195999999;86.85202836
1.0220306837671291;0.5388183285879155;2.0021561808724284;-0.0142755174875089;0.018082833261325645;0.0265116753339451;2.4810949379019167;0.40056537214471183;0.16045261736143146;3.4992404352193947;1.2531694744012336;0.013969613541347958;0.00016519268270792113;0.03772815335984492;-0.0571020699500356;9.854779227003555e-05;0.030590394616090602;0.0;53.70189772;86.85198796
1.4197215054342696;0.545940002111212;2.0021561808724284;0.0214132762312633;0.01797293152645981;0.0265116753339451;2.701802353180898;0.4625079485390584;0.2139136024618083;3.609367528389461;1.3632965675712998;0.013969613541347958;0.0001834113595825549;0.03772815335984492;-0.0571020699500356;9.937958981916283e-05;0.030590394616090602;0.0;53.701695189999995;86.85195439
1.8389095586070399;0.9921520082512549;4.139246108486962;0.0112164780258998;0.017877223016024138;0.0265116753339451;3.134047964956314;0.8624297913104028;0.7437851449397049;5.249174329049928;3.0031033682317667;0.013969613541347958;0.00016908595734758586;0.03772815335984492;-0.0571020699500356;0.0003125277117830176;0.0683185479759356;0.0;53.701504650000004;86.85192513
1.8631065313918374;1.092105192350238;4.139246108486962;0.0091771183848271;0.017465355583409593;0.0265116753339451;3.3877106722417847;0.9388825452710688;0.8815004338146807;5.249174329049928;3.0031033682317667;0.013969613541347958;0.0001768840593706537;0.03772815335984492;-0.0571020699500356;0.0003720012365456155;0.0683185479759356;0.0;53.70132020999999;86.85190197
2.0021561808724284;1.1984732297505667;4.139246108486962;0.0265116753339451;0.016547689272557786;0.0341592739879677;3.4992404352193947;1.0046662561748645;1.0093542862964187;5.249174329049928;3.0031033682317667;0.013969613541347958;0.0001966536920920974;0.03772815335984492;-0.0571020699500356;0.00043900715022530994;0.0683185479759356;0.0;53.70115940000001;86.85188964
1.8312442253608223;1.0676708482343806;4.139246108486962;0.0183542367696543;0.01619984613925629;0.0438462322830631;3.609367528389461;0.9323145075619829;0.8692103410105426;5.249174329049928;2.768079391148011;0.013969613541347958;0.00019138564094762497;0.03772815335984492;-0.0693382277964719;0.0003410629888155778;0.056082390129499296;0.0;53.70100523;86.85187883
4.139246108486962;0.9595196505562961;4.139246108486962;0.0061180789232181;0.011536485428686334;0.0438462322830631;5.249174329049928;0.8180990117261199;0.669285992987254;5.249174329049928;2.5473719758690296;0.012949933720811546;0.00016580786631196264;0.036708473539308506;-0.078515346181299;0.0002664322642688845;0.0469052717446722;0.0;53.700857889999995;86.85187741
3.3769719281923862;0.8752294313812775;4.139246108486962;0.0244723156928724;0.011643019153993673;0.0438462322830631;4.634025185316183;0.7048507160614897;0.4968145319323949;5.249174329049928;2.1151263640936135;0.027735291118588745;0.00022644533000615124;0.051493830937085705;-0.0836137452839808;0.00022588213374893175;0.0418068726419904;0.0;53.70071327000001;86.85187615
3.537622279380561;0.8788480646390907;4.139246108486962;0.0341592739879677;0.01138566368213693;0.0438462322830631;4.670481438364134;0.6845220740336679;0.4685704698393544;5.249174329049928;1.9578354568003618;0.027735291118588745;0.0001575101081222317;0.046395431834403866;-0.0836137452839808;0.0002318202440302012;0.0418068726419904;0.0;53.700575879999995;86.85187956
3.4307220853498617;0.8563452968443075;4.139246108486962;0.0438462322830631;0.01032403088554391;0.0438462322830631;4.564266825243125;0.6862644243859387;0.4709588601777637;5.249174329049928;1.9578354568003618;0.027735291118588745;0.00010011607723245282;0.03415927398796781;-0.0836137452839808;0.00022461133193776508;0.0418068726419904;0.0;53.700441409999996;86.85188588999999
2.04629185420585;1.016019459329505;4.139246108486962;0.0224329560517997;0.010666910193414156;0.0438462322830631;3.583996886924138;0.7954495268330426;0.6327399497389113;5.249174329049928;2.5641673150482456;0.027735291118588745;0.00012280855411958027;0.03721831344957682;-0.0683185479759355;0.0003095673212001874;0.057102069950035694;0.0;53.70030445;86.85189485
2.5103963870413164;1.119737298486674;4.139246108486962;0.0168247170388498;0.01658212452327024;0.0438462322830631;3.7964368909298227;0.8826250663894085;0.7790270078189079;5.249174329049928;2.5641673150482456;0.027735291118588745;0.00016569233887458418;0.046395431834403866;-0.0683185479759355;0.0003667880609338985;0.057102069950035694;0.0;53.700166939999995;86.85191094
1.8046680056865876;1.3160396685333795;3.537622279380561;0.0305903946160905;0.02103744423294755;0.0438462322830631;3.291338872249566;0.8196237531045978;0.6717830966532667;4.670481438364134;2.1190818391365545;0.027735291118588745;0.0001728319345045936;0.046395431834403866;-0.0428265524625267;0.0005043465806208148;0.0703579076170083;0.0;53.700008530000005;86.85194453
2.123887035354339;1.2916648739367476;3.537622279380561;0.0285510349750178;0.023762222925785666;0.0438462322830631;3.3711336558311937;0.8000168181005884;0.64002690924379;4.670481438364134;2.2187480817620724;0.027735291118588745;0.00019369618969520142;0.046395431834403866;-0.0428265524625267;0.00048208444343792286;0.0703579076170083;0.0;53.699844469999995;86.85198783
0.8695467782103119;1.172003798485172;3.4307220853498617;0.0336494340776996;0.02948738212672785;0.0438462322830631;2.685007014001682;0.7058909858867685;0.49828208395619394;4.564266825243125;2.1628893263175453;0.027735291118588745;0.00016836968723583806;0.046395431834403866;-0.0428265524625267;0.000400187043080103;0.0693382277964719;0.0;53.69967455;86.85203806999999
0.9507044872427501;1.1382889308527462;3.2489277938589565;-0.0142755174875089;0.031000055404654767;0.0336494340776996;2.717023046209072;0.6040257228554957;0.3648470738711041;4.062713831694786;1.6613363327692063;0.027735291118588745;0.0001918448625112065;0.046395431834403866;-0.0428265524625267;0.0003704271752113284;0.06525950851432649;0.0;53.69950045;86.85209949
-0.5663130103670371;1.1264004492799455;3.2489277938589565;-0.020393596410727;0.03030658902179975;0.0336494340776996;2.5513995992275795;0.5791336832867796;0.3353958231173119;4.062713831694786;1.6613363327692063;0.03334353013153879;0.0003196528664833548;0.05200367084735391;-0.0428265524625267;0.00035708375619407904;0.06525950851432649;0.0;53.699308189999996;86.85217347
0.5615784981237586;1.0663899034216993;3.2489277938589565;-0.0158050372183134;0.03226341898274641;0.0367084735393086;2.4517333566020616;0.5126704702772129;0.2628310110942586;4.062713831694786;1.6613363327692063;0.03334353013153879;0.0002322361428047644;0.05200367084735391;-0.0428265524625267;0.0003279708419746256;0.06525950851432649;0.0;53.6991136;86.8522528
0.47705565410586237;1.3197119831921482;3.770695079211812;-0.0448659121035994;0.032834860122927426;0.0367084735393086;2.40137749892558;0.6933022838579037;0.4806680568025853;4.433662767942704;2.032285269017124;0.03334353013153879;0.00025023531754837834;0.05200367084735391;-0.0428265524625267;0.0005017241077923157;0.0744366268991537;0.0;53.69891777;86.85233601
3.2489277938589565;1.3231483696426944;3.770695079211812;-0.0458855919241358;0.03293287825711481;0.0367084735393086;4.062713831694786;0.686498400047039;0.47128005326714434;4.433662767942704;2.032285269017124;0.03334353013153879;0.000264237242958687;0.05200367084735391;-0.0428265524625267;0.0005017241077923157;0.0744366268991537;0.0;53.69872328;86.85242568
1.8232736178975708;1.3144432363092335;3.770695079211812;0.0122361578464362;0.032026938562672407;0.0367084735393086;2.963790477274388;0.6958694863118481;0.48423434197991533;4.433662767942704;2.032285269017124;0.03334353013153879;0.00025786012841537827;0.05200367084735391;-0.0428265524625267;0.0004956589173299295;0.0744366268991537;0.0;53.698530170000005;86.85251673
1.7652855436604593;1.3010429269129435;3.770695079211812;0.0367084735393086;0.031953628584866764;0.0367084735393086;2.97699124911302;0.6883098617382162;0.4737704657660822;4.433662767942704;2.032285269017124;0.03334353013153879;0.00021384417477406272;0.0489446313857449;-0.0428265524625267;0.00048799944823171637;0.0744366268991537;0.0;53.698339870000005;86.85260291
3.770695079211812;1.118943672516819;3.770695079211812;0.0356887937187723;0.031496985545366334;0.0367084735393086;4.433662767942704;0.6971759275875561;0.48605427400756923;4.433662767942704;2.032285269017124;0.03334353013153879;0.00020067404691288037;0.0489446313857449;-0.061180789232181;0.00035762673514976034;0.0560823901294994;0.0;53.69816949;86.85267829
2.1867879477736514;1.104607008810308;3.770695079211812;0.0295707147955541;0.030711195865744438;0.0367084735393086;3.183584838875091;0.713805858871582;0.5095188041593969;4.433662767942704;2.032285269017124;0.03334353013153879;0.0001550638146357375;0.03976751300091785;-0.061180789232181;0.00036483564724219635;0.0560823901294994;30.0;53.69800058;86.85275002
1.0555430734049027;1.1332679050075924;4.647250038470998;0.0244723156928724;0.024950111093376547;0.0367084735393086;2.546262695348919;0.8209497862447876;0.6739585515353625;5.107887783582526;2.561625088233607;0.03334353013153879;0.0002048185937288453;0.05098399102681772;-0.0713775874375446;0.00042125924765799454;0.06525950851432649;0.0;53.697833849999995;86.85281881
1.8364583605755236;1.2145623243476404;4.647250038470998;0.0152951973080452;0.015015436949633898;0.0367084735393086;2.939369731731643;0.8763134301939214;0.7679252279382367;5.107887783582526;2.561625088233607;0.03334353013153879;0.00020162137189938761;0.05098399102681772;-0.0713775874375446;0.00048508815680977236;0.06525950851432649;0.0;53.69767249;86.85287761
3.0718496819854524;1.3858431594974163;5.26802918067523;0.0244723156928724;0.015015436949633898;0.0367084735393086;3.763188795654182;1.0378187704116824;1.077067800218816;5.683027579567296;3.1367648842183775;0.012949933720811546;0.0001080441476225726;0.030590394616090477;-0.0713775874375446;0.0006197353850747443;0.07443662689915359;0.0;53.697531000000005;86.85292555999999
3.6084338971466563;1.3293719539290445;5.26802918067523;-0.003059039461609;0.013520747646050659;0.0356887937187723;4.188059362241739;0.9958048056883174;0.9916272110319476;5.683027579567296;3.1367648842183775;0.012949933720811546;0.00010631123606189087;0.030590394616090477;-0.0713775874375446;0.0005728427982426968;0.07443662689915359;0.0;53.69739419;86.85297307
4.647250038470998;1.4089569211676305;5.26802918067523;-0.003059039461609;0.020350781563841625;0.0295707147955541;5.107887783582526;1.0989068552550987;1.2075962765266506;5.683027579567296;3.1367648842183775;0.012949933720811546;9.300247527585519e-05;0.030590394616090477;-0.0713775874375446;0.0006441347798491434;0.07443662689915359;0.0;53.69724938;86.85302282
4.1501539583419085;1.3653280454376513;5.26802918067523;0.003059039461609;0.01908978125772086;0.0244723156928724;4.6557480456984575;1.0741707980457205;1.1538429033741802;5.683027579567296;3.1367648842183775;0.012949933720811546;9.300247527585504e-05;0.030590394616090477;-0.0713775874375446;0.0006016206828937514;0.07443662689915359;0.0;53.69710463;86.85306750999999
5.26802918067523;1.1214737030410178;5.26802918067523;0.0122361578464362;0.023749761267393126;0.0244723156928724;5.683027579567296;0.9556979295368767;0.9133585325210729;5.683027579567296;3.120238022873116;0.012949933720811546;0.0001044396915763549;0.030590394616090477;-0.0836137452839808;0.0004173890785058071;0.062200469052717394;0.0;53.69696125;86.85311357
4.175163429257374;1.154286250753525;5.26802918067523;0.0101967982053635;0.022802000612297375;0.0244723156928724;4.611597475642629;1.0018617555579705;1.0037269772496986;5.683027579567296;3.120238022873116;0.0211073722851024;0.00013542415028134418;0.03874783318038133;-0.0795350260018354;0.00044668683662506644;0.06627918833486279;0.0;53.69681622;86.85316054
1.7936162779532072;1.2487930922248196;5.26802918067523;-0.040787192821454;0.020449036953759957;0.0122361578464362;2.5627895566941805;1.0553423402266824;1.1137474550751305;5.683027579567296;3.120238022873116;0.024166411746711636;0.0001758356478764434;0.04180687264199057;-0.0795350260018354;0.0005275560427902146;0.06627918833486279;0.0;53.69667064;86.85320696
3.2132625053792845;1.4224484739570828;5.26802918067523;-0.0061180789232181;0.02084768025854955;0.0122361578464362;3.6328707401844107;1.1317652987125852;1.2808926913699874;5.683027579567296;3.120238022873116;0.024166411746711636;0.0004189284816088775;0.07035790761700833;-0.0764759865402263;0.0006451514212980776;0.06933822779647189;0.0;53.69652363;86.85325451
3.2935955817135207;1.3208588385023536;5.26802918067523;-0.0489446313857448;0.020936984223857345;0.0122361578464362;3.8198806173361337;1.0460488194919981;1.0942181327606029;5.683027579567296;3.120238022873116;0.024166411746711636;0.0003924726984491367;0.07035790761700833;-0.0764759865402263;0.0005437760949981951;0.06933822779647189;0.0;53.69637602;86.85330402
1.6450382809997173;1.2559328581406113;5.26802918067523;-0.0040787192821454;0.02552053057768635;0.0356887937187723;2.626085944753627;1.0006292472796865;1.001258890511512;5.683027579567296;3.120238022873116;0.024166411746711636;0.00041868298580444705;0.07035790761700833;-0.0764759865402263;0.0004924819128020153;0.06933822779647189;0.0;53.696226810000006;86.85335705
1.9568201974872368;1.035257705452539;4.175163429257374;0.0010196798205363;0.02819864888136349;0.0356887937187723;2.9974132074935707;0.8469030646877567;0.7172448009775146;4.920859662345038;2.358070105650857;0.024166411746711636;0.0004205198720587697;0.07035790761700833;-0.0764759865402263;0.00033405913792449083;0.0489446313857449;0.0;53.69607727;86.85341231
1.1798943297369524;0.9140829803433784;4.042515881600101;-0.0224329560517997;0.033321504286327484;0.0509839910268175;2.654650351995099;0.782816881730695;0.6128022703225688;4.920859662345038;2.358070105650857;0.024166411746711636;0.0004447806339083141;0.07035790761700833;-0.0764759865402263;0.0002624898904683347;0.047924951565208596;0.0;53.695926869999994;86.85346926999999
3.179763296797283;0.8666768842090685;4.042515881600101;-0.020393596410727;0.031032832903064633;0.0509839910268175;4.0583963571408335;0.7064086153124004;0.49901313178758283;4.920859662345038;2.2947737175914105;0.024166411746711636;0.0004428051147291371;0.07035790761700833;-0.0764759865402263;0.00023476330549742695;0.047924951565208596;0.0;53.695786080000005;86.85352816
2.8946927362905335;0.9272834984518799;4.042515881600101;0.0356887937187723;0.030853810732953322;0.0509839910268175;3.985017969477041;0.7526521334001232;0.5664852339117568;4.920859662345038;2.2947737175914105;0.024166411746711636;0.00043318167919548424;0.07035790761700833;-0.0764759865402263;0.0002652047852467362;0.047924951565208596;0.0;53.695643659999995;86.85359566000001
4.042515881600101;0.9501430962049289;4.042515881600101;0.0336494340776996;0.030441992242257115;0.0683185479759355;4.920859662345038;0.8061652553147266;0.6499024188766583;4.920859662345038;2.3604798984053077;0.031304170490465966;0.000528665106189048;0.07749566636076266;-0.0744366268991536;0.00029270031534288626;0.049964311206281295;0.0;53.69549971;86.85366675
3.013368731364097;1.0612376007918605;4.042515881600101;0.0509839910268175;0.029803039266877326;0.0683185479759355;3.974839057404122;0.9106392942506304;0.8292639242332862;4.920859662345038;3.013730336485427;0.031304170490465966;0.0005540811424123809;0.07749566636076266;-0.0672988681553992;0.0003459353584870292;0.057102069950035694;0.0;53.695358420000005;86.85374818
2.674792150573552;1.0694621940330806;4.042515881600101;0.0214132762312633;0.029140224062410056;0.0683185479759355;3.6624059181401516;0.986141007897685;0.972474087457462;4.920859662345038;3.013730336485427;0.031304170490465966;0.00045189712405084635;0.07749566636076266;-0.0672988681553992;0.0003477953502288275;0.057102069950035694;0.0;53.69522561;86.85384065
1.469866855314689;1.1046403092345962;4.042515881600101;0.0010196798205363;0.03881072947289162;0.0683185479759355;2.8118690905704082;1.1608835882012887;1.3476507053550992;4.920859662345038;3.638938306895005;0.031304170490465966;0.0002888648044219088;0.061180789232181176;-0.0672988681553992;0.0003779595641284274;0.057102069950035694;0.0;53.69510648000001;86.85394936
1.3832483382362017;1.9823388348330693;4.042515881600101;0.0683185479759355;0.03849600815546991;0.0683185479759355;2.56037976393973;1.1165851676445655;1.2467624366038423;4.920859662345038;3.638938306895005;0.031304170490465966;0.0005365094191870672;0.08565310492505351;0.0040787192821454;0.001217901797590867;0.1284796573875803;30.0;53.69500547;86.85407875
0.7371214364717726;2.3984253990935556;4.042515881600101;0.0305903946160905;0.04546728448158463;0.0683185479759355;1.907129325859611;1.0688642342802566;1.1424707513235193;4.920859662345038;3.638938306895005;0.031304170490465966;0.0022013637665089705;0.16926685020903443;0.0040787192821454;0.0017746862820379099;0.1284796573875803;30.0;53.694923519999996;86.85422464000001
1.7535118427168896;2.1837288409658724;3.013368731364097;0.014785357397777;0.04607531961319904;0.0683185479759355;2.132496243867565;1.0257729566296727;1.0522101585527806;3.974839057404122;3.181153808207791;0.031304170490465966;0.0021948942300157592;0.16926685020903443;0.0040787192821454;0.0014592155087876661;0.1080860609768532;30.0;53.69486204;86.854391
0.8891687848591401;2.0085265416186413;2.674792150573552;-0.0683185479759355;0.04567111527059367;0.0683185479759355;1.2819213554500328;1.0059526295058396;1.011940692809713;3.6624059181401516;2.8687206689438205;0.031304170490465966;0.002082601560883583;0.16926685020903443;0.0040787192821454;0.0012486783069085722;0.1040073416947078;30.0;53.69481805;86.85457229
-3.221616060632126;1.91384554452139;1.7535118427168896;-0.0173345569491179;0.05278601083004703;0.0683185479759355;3.263579645340801;0.8783400046199754;0.7714811637158184;3.263579645340801;2.4698943961444697;0.06087488528602003;0.002790726988296832;0.1988375650045885;0.0040787192821454;0.0011400709630287787;0.0876924645661262;30.0;53.69479156999999;86.85475828999999
-3.1025172785615185;1.8282347313767262;1.7535118427168896;-0.0642398286937901;0.05499135467519372;0.0683185479759355;3.1366894606716835;0.9151344053146075;0.8374709797905204;3.263579645340801;2.4698943961444697;0.06087488528602003;0.0028178181723621572;0.1988375650045885;0.0040787192821454;0.0010385916620352558;0.0876924645661262;30.0;53.69478342;86.85495238
-0.7430361215648218;1.7289460663367557;1.7535118427168896;-0.0336494340776996;0.04266984065209933;0.0305903946160905;0.793685249196331;0.9608276834871178;0.923189837355221;3.263579645340801;2.672680060615366;0.06087488528602003;0.0025104112142409533;0.1988375650045885;0.0040787192821454;0.000948584235573446;0.0876924645661262;30.0;53.69479278;86.85515118
0.9426038833651962;1.6825312082012334;1.7535118427168896;-0.058121749770572;0.035491148803811316;0.014785357397777;0.9470856508349997;0.9593209769126935;0.9202967367447246;3.263579645340801;2.672680060615366;0.06087488528602003;0.002630559749114887;0.1988375650045885;0.0040787192821454;0.0008934429897125527;0.0876924645661262;30.0;53.69481934;86.85536206
-1.825489954770424;1.4969162573315176;0.9426038833651962;-0.1050270215152442;0.028169135656533176;-0.0173345569491179;1.8494603591736798;0.9843208618207451;0.9688875590155342;3.263579645340801;2.672680060615366;0.06087488528602003;0.0026019667083636384;0.1988375650045885;0.0040787192821454;0.0007106785837793175;0.0734169470786173;30.0;53.69485459;86.85557139
-0.7052133025277598;1.399648771673634;0.9426038833651962;-0.0815743856429081;0.02886112222774369;-0.0173345569491179;0.8272715509492802;1.0054034184267469;1.0108360337841884;3.263579645340801;2.672680060615366;0.06087488528602003;0.0026808835008370856;0.1988375650045885;0.0040787192821454;0.0006125986776306645;0.0734169470786173;30.0;53.69489449;86.85576489
0.0026524394197733336;1.240888923198576;0.9426038833651962;-0.0265116753339451;0.03614218009055564;0.0193739165901906;0.590899584725435;0.8393775546486987;0.7045546792480291;3.1366894606716835;2.5457898759462485;0.06087488528602003;0.002601550809589076;0.1988375650045885;0.0020393596410727;0.00048293068191671923;0.0713775874375446;0.0;53.69493448000001;86.85594056
-1.2925021124757603;1.2269203669803235;1.3184155817810144;-0.07545630671969;0.044880844323179826;0.0305903946160905;1.4502076907053107;0.609285828413772;0.37122922070585634;2.466164656648913;1.875265071923478;0.08228816151728358;0.0013588452711929845;0.12236157846436246;-0.0122361578464362;0.0004255135455394654;0.05710206995003571;0.0;53.69497023;86.85610431
-2.3156330801302643;1.2272921034118416;1.3184155817810144;-0.0866727847455898;0.04698943066433394;0.0305903946160905;2.466164656648913;0.5939389432547564;0.3527634683145768;2.466164656648913;1.875265071923478;0.08228816151728358;0.001354686283447349;0.12236157846436246;-0.0122361578464362;0.0004264146595510199;0.05710206995003571;0.0;53.69499833;86.85625529000001
0.13826800023938413;1.0942647954689306;1.3184155817810144;-0.0397675130009177;0.047585058291696375;0.0305903946160905;0.9303779781641742;0.5861179691721742;0.34353427378651374;2.466164656648913;1.875265071923478;0.08228816151728358;0.0014620690364909286;0.12236157846436246;-0.0122361578464362;0.00032475051465769033;0.05710206995003571;90.0;53.69502136;86.85639864000001
-1.8792248866397476;1.051010429824043;1.3184155817810144;0.0193739165901906;0.04578552902064625;0.0305903946160905;1.9432759236031998;0.5663988165704967;0.32080761941245917;2.466164656648913;1.875265071923478;0.08228816151728358;0.0016345861587286623;0.13255837666972548;-0.0122361578464362;0.0002907854480683282;0.05710206995003571;90.0;53.695039210000004;86.85654449
1.3184155817810144;1.3559182728318169;1.3184155817810144;0.0305903946160905;0.04397331049478891;0.0305903946160905;1.3218557446852364;0.8895348533359547;0.7912722552994185;3.608345564264552;3.017445979539117;0.08228816151728358;0.0013645638793432302;0.13255837666972548;0.0081574385642908;0.0005047653675813087;0.0774956663607627;90.0;53.69505077;86.85669429000001
-0.7766228074533852;1.3060930844680825;1.3184155817810144;-0.0010196798205363;0.04396661058053578;0.0305903946160905;0.9861566616040628;0.8177950301081699;0.6687887112696225;3.608345564264552;2.6779675861003778;0.08228816151728358;0.0024843020133933436;0.17640460895278876;0.0081574385642908;0.0004592244517665925;0.0774956663607627;90.0;53.69505561;86.85684761
-0.7833605537127872;1.356352453503372;1.3184155817810144;-0.0112164780258998;0.04804941747360258;0.0305903946160905;1.0740756630718928;0.8324311824109559;0.6929416734501022;3.608345564264552;2.6779675861003778;0.08228816151728358;0.0028066697746551;0.17640460895278876;0.0081574385642908;0.0005165953771688963;0.0774956663607627;90.0;53.69505057;86.85699617
-1.282769302855868;1.3233163518426907;1.3184155817810144;-0.092790863668808;0.04804941747360258;0.0305903946160905;1.5847693399892737;0.8415184121062438;0.7081532379138139;3.608345564264552;2.6779675861003778;0.08228816151728358;0.004328593576451973;0.20801468338941576;0.0081574385642908;0.0004830462093540979;0.0774956663607627;90.0;53.69504102;86.85715558
-3.4730879488979247;1.799034257294726;1.3184155817810144;-0.061180789232181;0.04910734446687632;0.0305903946160905;3.608345564264552;1.4402508150719235;2.07432241031534;5.540864921409292;4.5547082598052295;0.08228816151728358;0.004673419871540166;0.20801468338941576;0.040787192821454;0.0009826301713689702;0.1101254206179259;90.0;53.69502755;86.85733923
-1.186538586658636;1.8532996517701348;1.3184155817810144;-0.0438462322830631;0.044391675073512646;0.0305903946160905;1.5609683182561207;1.4403782964768408;2.074689636961526;5.540864921409292;4.5547082598052295;0.08228816151728358;0.004556968214662353;0.20801468338941576;0.040787192821454;0.0010541185496189612;0.1101254206179259;90.0;53.69501065000001;86.85753224999999
0.029229227478348996;1.6328988441489327;0.029229227478348996;-0.1070663811563169;0.03471922859675826;-0.0010196798205363;1.159128441087481;1.4836786630013628;2.2013023750455116;5.540864921409292;4.5547082598052295;0.05169776690119299;0.00311879025222136;0.17742428877332517;0.040787192821454;0.0008856910986644329;0.0968695829509533;90.0;53.694991890000004;86.85773877
-1.965208368381267;1.7321721958700789;0.029229227478348996;-0.0866727847455898;0.029071507028157684;-0.0112164780258998;2.5477181049455706;1.5778836360388568;2.4897167688792035;5.540864921409292;4.466789258337399;0.05169776690119299;0.0025796814656932694;0.17742428877332517;0.040787192821454;0.0010079653383861353;0.0968695829509533;90.0;53.694976780000005;86.85795406
-5.162474908192386;1.7109684383623736;0.029229227478348996;-0.0713775874375446;0.03430060381779775;-0.0356887937187723;5.540864921409292;1.457682349004471;2.1248378305991924;5.540864921409292;4.381736480321811;0.07209136331192001;0.003070442019678339;0.1978178851840522;0.040787192821454;0.0009887300200625677;0.0968695829509533;90.0;53.69496293000001;86.85818085
-0.01134969610956782;1.733551999209948;0.029229227478348996;-0.0672988681553992;0.05661860900031192;-0.0356887937187723;2.3728031333686173;1.4396662070015194;2.0726387875821417;5.540864921409292;4.381736480321811;0.07209136331192001;0.003171748029515794;0.1978178851840522;0.040787192821454;0.0010124362502126937;0.0968695829509533;90.0;53.69494704;86.85840816
-2.60932642782656;2.119850943954746;0.029229227478348996;-0.0356887937187723;0.07963845189943805;0.0836137452839808;3.742312108837041;1.8393221440006204;3.383105949411039;6.934578118645748;5.775449677558266;0.07209136331192001;0.002830237371880375;0.1978178851840522;0.058121749770572;0.0014975706179974158;0.1142041399000713;90.0;53.694931610000005;86.85863081
-3.935372670976409;2.0647676447833367;0.029229227478348996;-0.0836137452839808;0.0787350864766733;0.0836137452839808;4.9036226229513575;1.6842381826588648;2.8366582559260354;6.934578118645748;5.775449677558266;0.07209136331192001;0.0026375029481013525;0.1978178851840522;0.058121749770572;0.0014102318753390559;0.1142041399000713;90.0;53.694917970000006;86.85887061000001
-1.075905467825064;1.9405997761509823;-0.01134969610956782;-0.1560110125420618;0.08113530813242069;0.0836137452839808;3.2653174417569044;1.4537612329999687;2.113421722573589;6.934578118645748;4.561774985277131;0.07209136331192001;0.0026233970479974038;0.1978178851840522;0.058121749770572;0.0012220492325927556;0.11216478025899859;90.0;53.694904310000005;86.85910271
-3.3944965700904604;1.905456810974627;-0.01134969610956782;-0.2222902008769246;0.08118130441415347;0.0836137452839808;4.621347725666172;1.3749693593260757;1.890540739085559;6.934578118645748;4.561774985277131;0.07209136331192001;0.0015873932005594305;0.1498929336188437;0.058121749770572;0.0011675318348937079;0.11216478025899859;90.0;53.694889739999994;86.85931342
-6.225859486674032;1.9122354907279866;-0.01134969610956782;0.0836137452839808;0.08117404638504964;0.0836137452839808;6.934578118645748;1.3584910052523145;1.845497811351444;6.934578118645748;4.561774985277131;0.07209136331192001;0.0012207668780378626;0.13051901702865298;0.058121749770572;0.0011596182054332614;0.11216478025899859;90.0;53.69487743;86.85949311
-2.6542147881099485;1.5574311467969142;-1.075905467825064;-0.092790863668808;0.08126237945226952;0.0836137452839808;3.88459850434707;1.3053358368332406;1.7039016469211365;6.934578118645748;4.220093927433833;0.07209136331192001;0.0012125297717527554;0.13051901702865298;0.058121749770572;0.0007537010014591698;0.0897318242071988;90.0;53.694868650000004;86.85964305
-5.059498523214015;2.3003935487460114;1.8014832837151822;-0.0142755174875089;0.08258932710339457;0.0836137452839808;5.623936180951468;1.4937058261599665;2.231157095104228;6.934578118645748;4.851537621717304;0.07209136331192001;0.001088730569857652;0.13051901702865298;0.058121749770572;0.0016527817301158095;0.1427551748750891;90.0;53.69486503;86.85976231000001
-2.599668058435837;2.3003935487460114;1.8014832837151822;-0.0892219842969307;0.08258932710339457;0.0836137452839808;3.2191060433123453;1.4937058261599665;2.231157095104228;6.934578118645748;4.851537621717304;0.07209136331192001;0.001088730569857652;0.13051901702865298;0.058121749770572;0.0016527817301158095;0.1427551748750891;90.0;53.69486503;86.85976231000001
-5.223223683647499;2.3003935487460114;1.8014832837151822;-0.0734169470786173;0.08258932710339457;0.0836137452839808;5.3464396561066;1.4937058261599665;2.231157095104228;6.934578118645748;4.851537621717304;0.07209136331192001;0.001088730569857652;0.13051901702865298;0.058121749770572;0.0016527817301158095;0.1427551748750891;90.0;53.69486503;86.85976231000001
-2.708815489870202;2.3003935487460114;1.8014832837151822;-0.061180789232181;0.08258932710339457;0.0836137452839808;2.7144841912119144;1.4937058261599665;2.231157095104228;6.934578118645748;4.851537621717304;0.07209136331192001;0.001088730569857652;0.13051901702865298;0.058121749770572;0.0016527817301158095;0.1427551748750891;90.0;53.69486503;86.85976231000001
1.8014832837151822;2.3003935487460114;1.8014832837151822;-0.0152951973080452;0.08258932710339457;0.0836137452839808;2.083040496928444;1.4937058261599665;2.231157095104228;6.934578118645748;4.851537621717304;0.07209136331192001;0.001088730569857652;0.13051901702865298;0.058121749770572;0.0016527817301158095;0.1427551748750891;90.0;53.69486503;86.85976231000001
-1.5942520340040005;2.1959729991580375;2.9557461798735467;-0.0305903946160905;0.057296368746461095;0.0774956663607627;1.7671740642028388;1.3205654227494132;1.7438930357613365;5.06286883691616;4.502544823371796;0.026205771387784238;0.0005834597697378049;0.07749566636076255;0.0520036708473539;0.0014368869433282819;0.136637095951871;0.0;53.72312908;86.83714124000001
1.0564666157553595;2.1959729991580375;2.9557461798735467;-0.0346691138982359;0.057296368746461095;0.0774956663607627;1.4757460820959794;1.3205654227494132;1.7438930357613365;5.06286883691616;4.502544823371796;0.026205771387784238;0.0005834597697378049;0.07749566636076255;0.0520036708473539;0.0014368869433282819;0.136637095951871;0.0;53.72312908;86.83714124000001
-1.1412153053305696;2.1959729991580375;2.9557461798735467;0.037728153359845;0.057296368746461095;0.0774956663607627;1.6245401874545127;1.3205654227494132;1.7438930357613365;5.06286883691616;4.502544823371796;0.026205771387784238;0.0005834597697378049;0.07749566636076255;0.0520036708473539;0.0014368869433282819;0.136637095951871;0.0;53.72312908;86.83714124000001
0.3651091393036703;2.1959729991580375;2.9557461798735467;0.0520036708473539;0.057296368746461095;0.0774956663607627;1.2116478528370365;1.3205654227494132;1.7438930357613365;5.06286883691616;4.502544823371796;0.026205771387784238;0.0005834597697378049;0.07749566636076255;0.0520036708473539;0.0014368869433282819;0.136637095951871;60.0;53.72312908;86.83714124000001
2.9557461798735467;2.1959729991580375;2.9557461798735467;-0.020393596410727;0.057296368746461095;0.0774956663607627;3.133662276360024;1.3205654227494132;1.7438930357613365;5.06286883691616;4.502544823371796;0.026205771387784238;0.0005834597697378049;0.07749566636076255;0.0520036708473539;0.0014368869433282819;0.136637095951871;60.0;53.72312908;86.83714124000001
-1.2528819124048929;2.1959729991580375;2.9557461798735467;0.0774956663607627;0.057296368746461095;0.0774956663607627;1.5049636649574054;1.3205654227494132;1.7438930357613365;5.06286883691616;4.502544823371796;0.026205771387784238;0.0005834597697378049;0.07749566636076255;0.0520036708473539;0.0014368869433282819;0.136637095951871;60.0;53.72312908;86.83714124000001
-5.034196404626542;2.3068037705679423;2.9557461798735467;0.0173345569491179;0.059511808334639905;0.0774956663607627;5.06286883691616;1.3184269854896145;1.7382497160672319;5.06286883691616;4.502544823371796;0.026205771387784238;0.0010994053050714513;0.10502702151524435;0.0520036708473539;0.0016331218484598828;0.136637095951871;60.0;53.723034940000005;86.83703942
-0.5227625308958912;2.49082950685397;2.9557461798735467;-0.0938105434893443;0.05915949587066758;0.0774956663607627;0.5603240135443645;1.3352568238412867;1.782910785614721;5.06286883691616;4.502544823371796;0.026205771387784238;0.0011977422597682723;0.10502702151524435;0.0520036708473539;0.001880928201637372;0.136637095951871;60.0;53.72292804;86.83692228000001
-3.1623543529727787;2.8239812278799814;3.8516018411388124;-0.092790863668808;0.056958243446150775;0.0774956663607627;3.1722403964223456;1.4659761315334416;2.1490860182257547;5.06286883691616;4.502544823371796;0.026205771387784238;0.0012153601939685365;0.10502702151524435;0.0520036708473539;0.002415127072076863;0.153971652900989;60.0;53.72282045000001;86.83680701
-1.2499713818504892;3.0217210568458603;3.8516018411388124;-0.0081574385642908;0.05188746635165224;0.0774956663607627;1.4230008524726385;1.4723365728325253;2.1677749837002263;5.06286883691616;4.502544823371796;0.024166411746711636;0.001079037817861573;0.10298766187417174;0.0520036708473539;0.0027988716726320326;0.153971652900989;60.0;53.72269283000001;86.83666147000001
1.455774782576408;2.9091131977009344;3.8516018411388124;-0.0632201488732537;0.05467106967916274;0.0774956663607627;1.8557926792124586;1.4776437298498162;2.183430992364477;5.06286883691616;4.502544823371796;0.019068012644029797;0.0009192402664792401;0.0978892627714899;0.0520036708473539;0.0026208669971188045;0.153971652900989;60.0;53.72255815000001;86.83651143
2.683605044248086;2.9028448510537483;3.8516018411388124;-0.023452635872336;0.03723359774839293;0.0173345569491179;3.1372794896730314;1.4166372681108395;2.0068611494005424;5.06286883691616;4.502544823371796;0.019068012644029797;0.0009853219606599036;0.0978892627714899;0.0520036708473539;0.0026002453495466912;0.153971652900989;0.0;53.72242013;86.83635036999999
3.8516018411388124;2.1752411816425044;3.8516018411388124;-0.0387478331803813;0.030735261552532304;-0.0081574385642908;4.3832147015815135;1.2645888198400548;1.5991848832644626;4.3832147015815135;3.822890688037149;0.017028653002957195;0.0009085077675467508;0.0958499031304173;0.0214132762312633;0.001485266945916583;0.12338125828489839;0.0;53.72227802;86.83617498
3.392241124822827;2.1034754807170457;3.8516018411388124;-0.0550627103089629;0.03656977581668674;-0.0081574385642908;4.235348600630634;0.9569661135420598;0.9157841424677946;4.3832147015815135;2.960213849108875;0.017028653002957195;0.0009379932577517516;0.0958499031304173;0.0214132762312633;0.0013900521202149245;0.12338125828489839;0.0;53.722130019999994;86.83598602
1.4151722299547158;1.379095516776389;3.8516018411388124;-0.0866727847455898;0.03523252420550201;-0.0081574385642908;3.323042450699286;0.9612484396529809;0.9239985627352905;4.3832147015815135;2.960213849108875;0.024166411746711636;0.0009593658336668281;0.10298766187417174;-0.0132558376669725;0.0005826770713495648;0.0887121443866626;0.0;53.72198078;86.83578302
1.7606817871549114;0.8548232974236935;3.8516018411388124;-0.058121749770572;0.03000104517969934;-0.023452635872336;3.7385338179379013;0.6999137490291775;0.4898792560800785;4.3832147015815135;2.5274220223690547;0.024166411746711636;0.0010681695741901656;0.10298766187417174;-0.0601611094116447;0.00021330986037618527;0.04180687264199039;0.0;53.72183314;86.83556882
1.621346022618571;0.8288272114600034;3.8516018411388124;-0.092790863668808;0.030900205779119075;-0.023452635872336;3.7257303771810175;0.37120982894972765;0.13779673710888607;4.3832147015815135;1.245935211908482;0.024166411746711636;0.00048096671548128407;0.06729886815539932;-0.0601611094116447;0.00020915087263054922;0.04180687264199039;30.0;53.72168756;86.83534644
1.8361992864160102;0.9590281668350092;3.896807228465441;-0.1300091771183848;0.028247155591321096;-0.0387478331803813;3.719827223958021;0.4072962058935186;0.1658901993352555;4.684911763088281;1.3618693123889951;0.03334353013153879;0.000561004124097305;0.07647598654022647;-0.0601611094116447;0.00026468491177853007;0.04180687264199039;30.0;53.72154687;86.83511870999999
1.6994075295398;0.9390857295011189;3.896807228465441;-0.0616906291424492;0.027000878621306904;-0.040787192821454;3.589475106549466;0.4095554791448472;0.16773569049756537;4.684911763088281;1.3618693123889951;0.03334353013153879;0.0005708470617619775;0.07647598654022647;-0.0601611094116447;0.0002594284133777957;0.04078719282145409;30.0;53.72141161;86.83488617
2.545912278215832;0.9585280704417263;3.896807228465441;-0.0795350260018354;0.02882592551042952;-0.0382379932701131;3.786546916588663;0.402244673525182;0.16180077737938026;4.684911763088281;1.3618693123889951;0.03334353013153879;0.0004881294165987686;0.07647598654022647;-0.0601611094116447;0.000255304083863373;0.04078719282145409;0.0;53.721284149999995;86.83464862999999
2.8550179331916503;1.1350448315774944;4.874434815407028;-0.0938105434893443;0.02936434951688795;-0.0382379932701131;3.881276983020053;0.5297935381243256;0.28068119303829125;5.227456675674535;1.6379815691250692;0.03334353013153879;0.0004775933143098237;0.07647598654022647;-0.0632201488732537;0.000369214137118853;0.05608239012949941;0.0;53.72116268999999;86.83441196999999
3.896807228465441;1.0701883867034003;4.874434815407028;-0.040787192821454;0.03606510290297865;-0.0071377587437544;4.684911763088281;0.5766265975843471;0.3324982330417005;5.227456675674535;1.9176057209406108;0.03334353013153879;0.0004780785295468146;0.07647598654022647;-0.0632201488732537;0.00032577582066443077;0.05608239012949941;0.0;53.72104621999999;86.83417262
3.721118761984907;0.9676355065769567;4.874434815407028;-0.0489446313857448;0.03830662788004215;-0.0071377587437544;4.400368127537986;0.5860165542808318;0.3434154018911791;5.227456675674535;1.9176057209406108;0.03334353013153879;0.00033332265051119986;0.06220046905271759;-0.0632201488732537;0.00028673909957413994;0.05608239012949941;0.0;53.72093729000001;86.83393057
3.5594209801248278;0.918050367852306;4.874434815407028;-0.0382379932701131;0.03547405538307966;0.0076475986540226;4.141513189385836;0.5861271755655755;0.34354506593647893;5.227456675674535;1.9176057209406108;0.03334353013153879;0.00031181144167127133;0.06220046905271759;-0.0632201488732537;0.0002644451923459691;0.05608239012949941;0.0;53.720837460000006;86.83368482
4.874434815407028;0.7482283770303223;4.874434815407028;-0.0948302233098807;0.03515719062319398;0.0076475986540226;5.227456675674535;0.5639868335437923;0.31808114841075324;5.227456675674535;1.9176057209406108;0.03334353013153879;0.0003604715982952138;0.06220046905271759;-0.0780055062710309;0.00018184307462013876;0.04129703273172221;0.0;53.72074187;86.83343307
2.949220727171606;1.2087691662524045;7.031598442403872;-0.0071377587437544;0.03353852850138956;0.0076475986540226;3.3098509547339243;1.0408480789249839;1.0833647234018293;7.034218420648229;3.724367465914305;0.03334353013153879;0.00037114633350901407;0.06220046905271759;-0.0836137452839808;0.0004230152647061518;0.0713775874375446;0.0;53.720649279999996;86.83317664
3.4342059024480767;1.5150378400744549;7.454938522993656;-0.0173345569491179;0.02785616676479385;0.0076475986540226;3.5961946451125657;1.3635614219193282;1.8592997513466598;7.454974016482769;4.145123061748844;0.03334353013153879;0.00037252977457162567;0.06220046905271759;-0.0856531049250535;0.0006555026796872146;0.0774956663607627;0.0;53.72056062;86.83291901999999
4.356218592183736;1.89377396729195;8.313434794234013;0.0076475986540226;0.028935130544265945;0.0076475986540226;4.419269787300504;1.7401331243789078;3.028063290560699;8.315172589312304;5.0053216345783795;0.025186091567248048;0.00029627011315789067;0.054043030488426846;-0.0856531049250535;0.0010488620512182328;0.09483022330988071;0.0;53.72047378;86.83266834000001
4.41082159306088;1.8468562308978635;8.313434794234013;-0.040787192821454;0.02879585161046898;0.0076475986540226;4.4287705523815255;1.7194534168378441;2.956520052675337;8.315172589312304;5.0053216345783795;0.027225451208320428;0.0003180008241288388;0.05608239012949923;-0.0856531049250535;0.0009975678690220533;0.09483022330988071;0.0;53.72038827;86.83242411
7.031598442403872;1.9580400952387946;8.313434794234013;-0.023452635872336;0.03574862951616601;0.0367084735393086;7.034218420648229;1.8948599649864861;3.590494286908587;8.315172589312304;5.677011411308438;0.027225451208320428;0.0003801430326948863;0.05608239012949923;-0.0825940654634444;0.001101946908693784;0.09788926277148981;0.0;53.720312160000006;86.83221744
7.454938522993656;1.9868236876357306;8.313434794234013;-0.0229427959620679;0.02628300423860314;0.0367084735393086;7.454974016482769;1.9302381958878212;3.725819492864271;8.315172589312304;5.677011411308438;0.04659936779851115;0.0005445270233411555;0.07545630671968995;-0.0825940654634444;0.0011547660530633634;0.09788926277148981;0.0;53.72023201;86.83201441000001
8.313434794234013;2.4909991985231;8.313434794234013;-0.058121749770572;0.03277530051308261;0.0367084735393086;8.315172589312304;2.45957042689429;6.04948668485296;8.315172589312304;8.234857863489447;0.04659936779851115;0.0005522789143892718;0.07545630671968995;-0.0346691138982359;0.001828291012981668;0.1458142143366983;0.0;53.72014433;86.83182177
5.699325433962767;2.941139625934887;8.313434794234013;-0.0193739165901906;0.03456632708788022;0.0367084735393086;5.699447027480284;2.8311470025637604;8.015393350125764;8.315172589312304;8.234857863489447;0.04659936779851115;0.00045090358808938947;0.06423982869379008;-0.0305903946160905;0.0025678976670806355;0.1498929336188437;0.0;53.720046780000004;86.83164486
2.6370851671840603;3.492821568522666;8.313434794234013;0.0367084735393086;0.03336849306820196;0.0367084735393086;2.638161178003866;2.970042738721114;8.821153869830015;8.315172589312304;8.234857863489447;0.04659936779851115;0.0004593399792039749;0.06423982869379008;-0.0071377587437544;0.0036332108253816064;0.1733455694911798;60.0;53.71993772;86.83148972000001
4.044078437325135;3.6472619867145606;8.313434794234013;0.0020393596410727;0.03261846678600286;0.0367084735393086;4.047258550276095;3.1813311662901804;10.12086798960924;8.315172589312304;8.234857863489447;0.049658407260120385;0.0005399319195194146;0.06729886815539932;-0.0071377587437544;0.003971027493206842;0.1733455694911798;60.0;53.71981705;86.83137160999999
-0.02093356198015761;3.769703307374009;8.313434794234013;-0.0774956663607627;0.033427643769805206;0.0367084735393086;0.08031472582285755;2.9918354850672713;8.951079569707714;8.315172589312304;8.234857863489447;0.049658407260120385;0.0005399319195194146;0.06729886815539932;0.0020393596410727;0.004253907976372529;0.18252268787600692;60.0;53.71968176;86.83128239999999
-0.2714236283625746;3.706950317760123;8.313434794234013;0.0132558376669725;0.03342103343035674;0.0367084735393086;0.2798253214723665;2.6117964044529716;6.821480458313469;8.315172589312304;8.234857863489447;0.05781584582441124;0.0007269448469622545;0.07545630671969017;0.020393596410727;0.004097945935911172;0.2008769246456612;60.0;53.71952914;86.83122194
-1.5912299235015748;2.9593519829823096;5.699325433962767;-0.0173345569491179;0.03468660399320367;0.0367084735393086;1.6033325728113574;1.777769647700457;3.1604649202850066;5.699447027480284;5.619132301657427;0.05781584582441124;0.0008288400467303412;0.07545630671969017;0.020393596410727;0.0025377478941107086;0.1519322932599163;60.0;53.71935607;86.83118455000002
0.30363493526316576;2.4865855578883003;4.044078437325135;-0.0193739165901906;0.03485257074557734;0.0367084735393086;0.510405389461054;1.4203347545231666;2.0173508149063837;4.047258550276095;3.966943824453238;0.05781584582441124;0.0008494039305837643;0.07545630671969017;0.0254919955134087;0.0017922955516803734;0.1264402977465075;0.0;53.71915918;86.83116942000001
-2.1197553906804716;2.3303528114637917;4.044078437325135;-0.0418068726419904;0.029262619817700466;0.0132558376669725;2.1840560007087877;1.4808744323461915;2.192989084376655;4.047258550276095;3.966943824453238;0.05781584582441124;0.0009651739755810428;0.08667278474559004;0.0254919955134087;0.0015399836284451125;0.1264402977465075;0.0;53.71893901999999;86.83117198
-3.2397396272630004;1.59878482910208;0.30363493526316576;-0.0183542367696543;0.029755904167319956;0.0132558376669725;3.275467790380864;1.5129675547586037;2.289070821752228;4.2653987340508746;4.185084008228017;0.05781584582441124;0.0013877155777939393;0.10808606097685314;0.0397675130009177;0.0007731356046122278;0.07800550627103081;60.0;53.71869964;86.83119884
-2.4921448904623604;1.5310511973914769;0.30363493526316576;-0.0672988681553992;0.026910447570881495;0.0132558376669725;2.547770223333619;1.4307883326663906;2.04715525289427;4.2653987340508746;3.985573412578508;0.05781584582441124;0.0015196941222554616;0.10808606097685314;0.0397675130009177;0.0007109587378149677;0.07800550627103081;60.0;53.71844341999999;86.83124214
-3.5169273854188425;1.412218100308074;0.30363493526316576;-0.0101967982053635;0.024067708054927403;0.0061180789232181;3.62451484992445;1.2157213891018317;1.477978495919687;4.2653987340508746;3.7549933445898205;0.05781584582441124;0.0017317562863079586;0.10808606097685314;0.0397675130009177;0.0006031716387405633;0.07800550627103081;60.0;53.71817376;86.83130272000001
-3.361223700511;1.6456274892523217;0.30363493526316576;-0.0458855919241358;0.025585859843024094;0.0061180789232181;3.4806303106768683;1.2164521148574854;1.4797557477412486;4.2653987340508746;3.7549933445898205;0.05781584582441124;0.001964209043057809;0.10808606097685314;0.0397675130009177;0.0008001690249588634;0.07800550627103081;60.0;53.71789424;86.83137392
-4.168379209076647;1.3872087204507026;0.23116938672763387;0.0061180789232181;0.03185509062866211;0.0061180789232181;4.2653987340508746;0.9445079459943155;0.8920952600464008;4.2653987340508746;2.6689919380803193;0.05781584582441124;0.0019300129215936894;0.10808606097685314;0.0397675130009177;0.0005799592883852316;0.0764759865402263;60.0;53.7176067;86.83144222000001
-3.9911438309871157;1.4315693987697171;0.23116938672763387;-0.0601611094116447;0.03186832517176172;0.0061180789232181;4.165613106444031;0.9246461188113525;0.8549704450328979;4.2653987340508746;2.6689919380803193;0.05781584582441124;0.002122470079523003;0.10808606097685314;0.0397675130009177;0.0006162811146971208;0.0764759865402263;60.0;53.71731339;86.83150987
-1.158526772781105;1.534894658329245;0.23116938672763387;-0.0520036708473539;0.03149198765048279;0.0061180789232181;1.8926041548947834;0.9532194793103956;0.9086273757367819;4.2653987340508746;2.6689919380803193;0.05781584582441124;0.001990318243905413;0.10808606097685314;0.0397675130009177;0.0007246602918880909;0.0764759865402263;60.0;53.717013640000005;86.83157108
0.23116938672763387;1.5595853382453053;0.23116938672763387;-0.0020393596410727;0.03346680374107395;0.0061180789232181;1.596406795970555;0.9925551612999993;0.9851657482232677;4.2653987340508746;2.6689919380803193;0.05781584582441124;0.00273989491585017;0.16926685020903454;0.0397675130009177;0.0007549977969437591;0.0764759865402263;0.0;53.71670549;86.83162132999999
-1.7164154372499791;1.9839005937673662;1.99846611034048;-0.0938105434893443;0.03186016754169597;0.0061180789232181;2.420984519314371;0.96846704074384;0.9379284090071308;4.2653987340508746;2.6689919380803193;0.06699296420923839;0.0031851492122517405;0.1784439685938617;0.0397675130009177;0.001168331862397569;0.1050270215152442;0.0;53.716392989999996;86.83164931
-1.3839062576306058;1.9017709311051147;1.99846611034048;-0.0428265524625267;0.03758257577836751;0.0061180789232181;2.4431967963990644;0.95214592507802;0.9065818626426785;4.2653987340508746;2.6689919380803193;0.06699296420923839;0.003208994075326721;0.1784439685938617;0.0397675130009177;0.0010724440893731795;0.1050270215152442;0.0;53.71608159;86.83165534999999
-0.45151244193030293;1.8058822084507908;1.99846611034048;-0.0244723156928724;0.03215613122742003;-0.0020393596410727;2.130723493679297;0.8214680161554959;0.674809701566446;4.165613106444031;2.5692063104734757;0.06699296420923839;0.0032944266152683333;0.1784439685938617;0.0356887937187723;0.000947813089928948;0.10094830223309881;0.0;53.71577339;86.83163386999999
-3.10061780789429;1.7850086473237468;2.4036645044766622;-0.0836137452839808;0.03636127341468863;-0.0010196798205363;3.8309448400114268;0.7333035177126178;0.5377340490896996;3.8309448400114268;2.234538044040872;0.09962271846640158;0.004317676233619691;0.21107372285102488;0.0214132762312633;0.0008597580771588399;0.0907515040277352;60.0;53.71545954;86.83158626
1.99846611034048;1.962703338110783;2.4036645044766622;-0.0336494340776996;0.0387545410196388;-0.0010196798205363;3.0939963580938294;0.7259347117512955;0.5269812057254365;3.8309448400114268;2.234538044040872;0.09962271846640158;0.0041749767429694155;0.21107372285102488;0.0214132762312633;0.0011111688863825464;0.0999286224125623;60.0;53.715156619999995;86.83153422
-1.9438449812778256;2.0139784777450402;2.4036645044766622;-0.1060467013357805;0.03872113938206857;-0.0010196798205363;3.11206533249968;0.5797352175718975;0.3360929224931353;3.8309448400114268;1.7002213463321296;0.09962271846640158;0.0038722024350870995;0.21107372285102488;0.0214132762312633;0.0011841129103435095;0.0999286224125623;60.0;53.71485937999999;86.83148274
0.9089841931592386;1.9567112483003466;2.4036645044766622;-0.0560823901294993;0.03806440474550657;-0.0010196798205363;2.731395132702931;0.5393797540236649;0.2909305190506293;3.8309448400114268;1.7002213463321296;0.09962271846640158;0.0037766034806561554;0.21107372285102488;0.0214132762312633;0.0011332808378968443;0.0999286224125623;60.0;53.71456773;86.83142661
2.4036645044766622;1.890442263510789;2.4036645044766622;-0.0010196798205363;0.03766567302843351;-0.0010196798205363;3.6475635569734304;0.4897533617926045;0.23985835538715772;3.8309448400114268;1.7002213463321296;0.09962271846640158;0.003504365962658988;0.21107372285102488;0.0214132762312633;0.0010693104076342776;0.0999286224125623;0.0;53.71428089999999;86.83137018
2.3681660919142944;1.8562713722018118;2.4036645044766622;-0.0917711838482716;0.03567426437013951;-0.0010196798205363;3.6016512886375596;0.366221015052454;0.13411783186604975;3.8309448400114268;1.0995497073084959;0.09962271846640158;0.003361989948833375;0.21107372285102488;0.0214132762312633;0.001041159259331002;0.0999286224125623;0.0;53.71399454;86.83131422
1.3643897111896464;1.3568938929827488;2.4036645044766622;-0.116243499541144;0.03576643960867781;-0.0010196798205363;3.25653534446966;0.4404136998394832;0.1939642270063024;3.6475635569734304;1.5256991913117504;0.09962271846640158;0.001797609813799797;0.1345977363107984;-0.0010196798205363;0.0005275011672574594;0.0774956663607627;0.0;53.713712550000004;86.83127031000001
1.4875396524577198;1.6712526394296998;2.4036645044766622;-0.0846334251045171;0.03424165372967844;-0.0010196798205363;3.053785664695987;0.44321528849094105;0.1964397919521081;3.6475635569734304;1.5256991913117504;0.09962271846640158;0.001465999857547738;0.1345977363107984;0.0040787192821454;0.0008220961325733552;0.0825940654634444;0.0;53.71343376;86.83124752
1.6672809565038622;1.8029637286437012;2.4036645044766622;-0.0504741511165494;0.03151678592065996;-0.0010196798205363;3.084214596867697;0.44264257371831256;0.19593244806797178;3.6475635569734304;1.5256991913117504;0.09962271846640158;0.0012556937105434017;0.12338125828489854;0.0112164780258998;0.0009600358928036207;0.0897318242071988;0.0;53.71313497999999;86.83125594
1.317614448472857;2.2812166568475223;2.4036645044766622;-0.0458855919241358;0.03294164700625702;-0.0010196798205363;2.7821866220076847;0.5160095771223929;0.2662658836820308;3.936814535433363;1.814950169771683;0.09962271846640158;0.0011916221937731293;0.12338125828489854;0.0326297542571632;0.0015543090306800792;0.11114510043846221;0.0;53.7128322;86.83129364
-0.5016206363370841;2.350853787227358;2.3681660919142944;-0.0448659121035994;0.02798010222152511;-0.0305903946160905;2.12186436566168;0.486348371288801;0.2365347382552694;3.936814535433363;1.814950169771683;0.016008973182420783;0.00012615884980356532;0.03976751300091774;0.0326297542571632;0.0017229328782781498;0.11114510043846221;0.0;53.71253007;86.83135759000001
-2.2323862514411843;2.1577124360292386;1.6672809565038622;-0.0672988681553992;0.025921681455268502;-0.0305903946160905;2.87822160363723;0.6187101738148038;0.3828022791819447;3.936814535433363;2.236647474775502;0.016008973182420783;0.00012615884980356532;0.03976751300091774;0.0326297542571632;0.0014325864344718591;0.0973794228612215;0.0;53.71221471;86.83142111
-2.6435966701588707;2.031242515722509;1.6672809565038622;-0.0499643112062812;0.02333219403747178;0.0010196798205363;2.955274488939;0.9935264743733512;0.9870948552807413;3.936814535433363;3.5638226013246204;0.016008973182420783;0.00012823834367638341;0.03976751300091774;0.0326297542571632;0.0012689071611936002;0.0973794228612215;0.0;53.71185618;86.83146962
-3.850491374344268;1.8593186205488417;1.6672809565038622;-0.0305903946160905;0.019629314744321818;0.0010196798205363;3.936814535433363;1.2068696226687718;1.4565342861206636;3.936814535433363;3.5932516066717985;0.016008973182420783;0.00012276234314462898;0.03976751300091774;0.0326297542571632;0.0010629795040659204;0.0973794228612215;0.0;53.71149011;86.83150035
-3.206032572474605;1.647417533497;1.317614448472857;-0.0326297542571632;0.020416879970653144;0.0010196798205363;3.250812532329767;1.3597317842049599;1.8488705249772035;3.936814535433363;3.8219114966720156;0.016008973182420783;0.00012781955671588527;0.03976751300091774;0.0326297542571632;0.0008283577196792846;0.0897318242071988;0.0;53.71111463;86.83151143
-1.686728576789675;1.6132887128123696;1.1219079404925232;-0.0632201488732537;0.0382693638807436;0.0652595085143265;1.7001670606578607;1.3609995618104855;1.8523198072483338;3.936814535433363;3.8219114966720156;0.002753135515448202;6.378269817682554e-05;0.02651167533394516;0.0326297542571632;0.0008081866291129491;0.08769246456612609;0.0;53.71073844;86.83150387999999
-0.2730131211775382;1.6451520917854534;1.1219079404925232;0.0010196798205363;0.037891049984851224;0.0652595085143265;0.37299193410874265;1.4357393983603783;2.061347620004221;3.936814535433363;3.8219114966720156;0.00887121443866623;9.362343525176518e-05;0.03262975425716319;0.0326297542571632;0.0008371378049200722;0.08769246456612609;0.0;53.71036259;86.83147619
-0.31774714393465064;1.6264204829165383;1.1219079404925232;-0.0295707147955541;0.035977385905285195;0.0652595085143265;0.34356292876156463;1.4032989826665687;1.9692480347530266;3.936814535433363;3.8219114966720156;0.00887121443866623;0.0001569440236790764;0.041806872641990456;0.0326297542571632;0.0008201552716253909;0.08769246456612609;0.0;53.70998431;86.83143326999999
0.10123961785861413;1.592460514174988;1.1219079404925232;-0.0198837565004588;0.03483205471312176;0.0652595085143265;0.11490303876134762;1.3237677831702228;1.7523611437594058;3.936814535433363;3.8219114966720156;0.00887121443866623;0.0001455183601223145;0.041806872641990456;0.0326297542571632;0.0007895173952325379;0.08769246456612609;0.0;53.70962555999999;86.8313766
1.1219079404925232;1.1890108503399415;1.1219079404925232;0.0652595085143265;0.034393479396460654;0.0652595085143265;1.1246947900566007;0.9391548208318313;0.8820117774916693;3.250812532329767;3.1359094935684197;0.00887121443866623;0.0001446403515982357;0.041806872641990456;0.0214132762312633;0.00044053211239871104;0.07647598654022619;0.0;53.70926914;86.83132226000001
-0.05575110598802646;0.7407569276159416;1.1219079404925232;-0.0152951973080452;0.03430940181824545;0.0652595085143265;0.382491592392402;0.4605981957709916;0.21215069794749272;1.7001670606578607;1.585264021896513;0.00887121443866623;0.00014280346534391333;0.041806872641990456;-0.0056082390129499;0.00016959716625799046;0.049454471296013;0.0;53.70891984;86.83127248
-0.5298215715084769;0.6872484867656068;1.1219079404925232;0.0101967982053635;0.03797176086429978;0.0652595085143265;0.69515109966342;0.39670906049544347;0.1573780786791774;1.426989627997019;1.3120865892356712;0.00887121443866623;0.00012644478021107795;0.041806872641990456;-0.0101967982053635;0.0001460728918217357;0.0448659121035994;0.0;53.708577479999995;86.83123476
0.34532769957817777;1.0303363337826223;1.1219079404925232;0.0112164780258998;0.04304721807203815;0.0652595085143265;0.6245055625344857;0.7345465469016917;0.5395586295651993;2.656801187065792;2.5418981483044445;0.00887121443866623;0.0001383585471907647;0.041806872641990456;0.011726317936168;0.00033089657432624657;0.0667890282451309;0.0;53.708274859999996;86.83122142
-0.44095167706571514;1.4654675405147395;1.1219079404925232;0.0061180789232181;0.046798286550503033;0.0652595085143265;0.5343733564096094;1.1485341010462053;1.3191305812660152;3.78928362285732;3.6743805840959727;0.00887121443866623;0.00022944037882019673;0.05200367084735391;0.0326297542571632;0.0006818458235955128;0.08769246456612609;0.0;53.70796574;86.8312323
-0.8478829570695263;1.4677244026480776;1.1219079404925232;-0.0316100744366268;0.04889090347994915;0.0652595085143265;0.8569411809069406;1.0995033776233334;1.2089076774051186;3.78928362285732;3.406792030464918;0.00887121443866623;0.00023671860737505926;0.05200367084735391;0.0326297542571632;0.0006845116192130288;0.08769246456612609;0.0;53.70765104000001;86.83126576
-1.4243100211473605;1.5436846145432135;1.561035158945661;-0.0815743856429081;0.03750071922601196;0.0112164780258998;1.426989627997019;1.095720636884729;1.2006037140950763;3.78928362285732;3.406792030464918;0.00887121443866623;0.0002643527703960657;0.05200367084735391;0.0326297542571632;0.0007497730685883035;0.0948302233098806;0.0;53.707295710000004;86.83129955000001
-2.655494076971041;1.52502578873442;1.561035158945661;-0.0744366268991536;0.03700078237898847;0.0112164780258998;2.656801187065792;1.0947965343435384;1.1985794516106223;3.78928362285732;3.398237228292013;0.05883552564494765;0.0008145868491437361;0.10196798205363533;0.0326297542571632;0.0007297983746655119;0.0948302233098806;0.0;53.70693602;86.83132898
-3.7871178069268856;1.5169198671659674;1.561035158945661;-0.0744366268991536;0.03658489686326345;0.0112164780258998;3.78928362285732;1.06522438155022;1.134702983049049;3.78928362285732;3.398237228292013;0.05883552564494765;0.0007686300345544558;0.10196798205363533;0.0326297542571632;0.0007200507471366771;0.0948302233098806;0.0;53.706569009999996;86.83135365000001
-1.9718590368878037;1.486973663346419;1.561035158945661;-0.0652595085143265;0.03783670181183706;0.0193739165901906;1.9815519520311398;1.1264527233832167;1.2688957380174657;3.78928362285732;3.7007729279501564;0.05883552564494765;0.0008620224149314642;0.10196798205363533;0.0326297542571632;0.0006838213427746907;0.0948302233098806;0.0;53.70620580999999;86.83137445
1.561035158945661;1.5370345134059933;1.561035158945661;-0.020393596410727;0.04963652224436027;0.0713775874375446;1.5633558789936806;1.13579336836439;1.290026575620527;3.78928362285732;3.7007729279501564;0.05883552564494765;0.000858625908272528;0.10196798205363533;0.0326297542571632;0.00072640475619251;0.0948302233098806;0.0;53.705844809999995;86.83140001
-0.3880497687418121;1.5965882378847776;1.561035158945661;-0.0418068726419904;0.05211618044091616;0.0713775874375446;0.3910463945653072;1.159011487828639;1.3433076289187558;3.78928362285732;3.7007729279501564;0.05883552564494765;0.000856892996711846;0.10196798205363533;0.0326297542571632;0.000780587124323159;0.0948302233098806;30.0;53.705492760000006;86.83145243999999
-1.2744265977433877;1.6131110959390689;1.561035158945661;0.0071377587437544;0.05421494825723553;0.0713775874375446;1.2745206225508336;1.1596830009452626;1.34486466268141;3.78928362285732;3.7007729279501564;0.05883552564494765;0.0008678681032628305;0.10196798205363533;0.0326297542571632;0.0007951435814328856;0.0948302233098806;0.0;53.70515376000001;86.83154096000001
0.03220946906899025;1.8593340253497062;1.561035158945661;0.0193739165901906;0.04947391497547501;0.0713775874375446;0.08851069490716365;1.448855589649657;2.0991825196590557;4.751927793039332;4.663417098132169;0.05883552564494765;0.0008367536761907895;0.10196798205363533;0.0458855919241358;0.0010468980847827948;0.1080860609768532;0.0;53.704834229999996;86.83167711
-2.638215297542014;1.79966959398334;1.561035158945661;0.0713775874375446;0.04330619132909526;0.0713775874375446;2.681592699725938;1.4059080738595988;1.9765775121436073;4.751927793039332;4.663417098132169;0.05883552564494765;0.0006459023496410401;0.09483022330988089;0.0458855919241358;0.0009715395373806146;0.1080860609768532;0.0;53.704545200000005;86.83186936000001
-2.8652359045203055;1.7996466765870542;1.561035158945661;0.0214132762312633;0.03795574655908055;0.0713775874375446;2.923871420479102;1.4063172228134881;1.9777281311818422;4.751927793039332;4.663417098132169;0.05883552564494765;0.00046973456038213357;0.07341694707861757;0.0458855919241358;0.0009718427969037338;0.1080860609768532;0.0;53.70429392999999;86.83211985
-2.2938489826649966;1.563368940779108;0.23063648139452164;0.0622004690527174;0.03811732960471205;0.0713775874375446;2.443994689672764;1.4371226061997489;2.0653213852503587;4.751927793039332;4.663417098132169;0.05883552564494765;0.000549552466867135;0.0795350260018356;0.0458855919241358;0.0007347111789400446;0.0856531049250535;0.0;53.70411139;86.83244675
-4.652908533877197;1.4758442112446155;0.23063648139452164;-0.0193739165901906;0.0350541871241608;0.0713775874375446;4.751927793039332;1.305930089640476;1.7054533990283818;4.751927793039332;4.663417098132169;0.023146731926175224;0.00020212680443791958;0.04384623228306317;0.0458855919241358;0.0006625758470407331;0.0856531049250535;0.0;53.70396082;86.83285169999999
-3.208921909518299;1.4582205664912107;0.23063648139452164;-0.0163148771285816;0.03697954466335287;0.0713775874375446;3.4024469495517433;1.2591901562923866;1.5855598497036452;4.751927793039332;4.663417098132169;0.023146731926175224;0.0005529605262698087;0.08259406546344461;0.0458855919241358;0.0006473695480957514;0.0856531049250535;0.0;53.70384742;86.83333222
-1.525179268892987;1.3591787267655668;0.23063648139452164;-0.0254919955134087;0.03709403131851534;0.0713775874375446;1.9530341043094817;1.1185228278783863;1.2510933164850622;4.751927793039332;3.909581157883902;0.01855817273376159;0.0005255372008220198;0.07800550627103098;0.0458855919241358;0.0005664194727244383;0.0856531049250535;0.0;53.70375884;86.83387852
0.23063648139452164;1.3901106536259293;0.23063648139452164;-0.0224329560517997;0.030678086489426513;0.0622004690527174;1.0734258635153493;1.176840408066175;1.3849533460573613;4.751927793039332;3.909581157883902;0.01855817273376159;0.0005378062146716464;0.07800550627103098;0.0458855919241358;0.0005921965321895788;0.0856531049250535;30.0;53.703694989999995;86.83449051
-2.1164460174071227;1.3727163657145656;0.23063648139452164;-0.0122361578464362;0.029555388767246213;0.0622004690527174;2.2704944515348844;1.1630867766395068;1.3527708499936777;4.751927793039332;3.909581157883902;0.01855817273376159;0.0005324688470647467;0.07800550627103098;0.0458855919241358;0.0005770162269180068;0.0856531049250535;0.0;53.70364506999999;86.83520603
-2.5512340540513634;1.3866328708133204;0.23063648139452164;-0.0285510349750178;0.018393710848605707;0.0346691138982359;2.653944802972141;1.1975938593389384;1.434231051926333;4.751927793039332;3.909581157883902;0.01855817273376159;0.0005159715290070561;0.07800550627103098;0.0458855919241358;0.0005891206141693686;0.0856531049250535;0.0;53.7036054;86.83593436
-0.631275264613663;1.0092108310503536;0.23063648139452164;-0.0150402773529112;0.019696679564841398;0.0346691138982359;0.8423466351554302;0.8050877978419453;0.648166362233993;3.4024469495517433;2.5601003143963132;0.020087692464565987;0.0005622980313959472;0.07953502600183537;0.0214132762312633;0.0003187084296827859;0.061180789232180996;0.0;53.703570389999996;86.83668014999999
-1.1493604971117155;1.4690135715438224;0.23063648139452164;0.0346691138982359;0.019748958216504787;0.0346691138982359;1.3050018857117633;1.2819158724868902;1.6433083041338248;5.313304815189357;4.470958180033927;0.020087692464565987;0.0006475572801814885;0.07953502600183537;0.0591414295911083;0.0006914461536416903;0.098908942592026;0.0;53.70353955;86.83750947
-2.5250982780005478;1.6323396280082372;0.23063648139452164;-0.0020393596410727;0.021462198023298896;0.0346691138982359;2.5601231100211996;1.4419129769821173;2.079113033189432;5.313304815189357;4.470958180033927;0.020087692464565987;0.0006058518752877475;0.07953502600183537;0.0591414295911083;0.0008422094594210022;0.098908942592026;0.0;53.703515249999995;86.83834021
-1.3346524157862092;1.8695389636809179;-0.631275264613663;-0.023452635872336;0.02280910850503266;0.0346691138982359;1.4004496070181098;1.8437872016561203;3.399551244990907;6.37268791773198;5.53034128257655;0.020087692464565987;0.0007903116463645151;0.07953502600183537;0.078515346181299;0.001135695361338062;0.101967982053635;0.0;53.703501349999996;86.83917111000001
-1.6723053464736015;2.062687115768153;-0.631275264613663;-0.0356887937187723;0.02382723667480207;0.0346691138982359;1.7268357220672006;2.059890552116395;4.243149086698387;6.37268791773198;5.53034128257655;0.020087692464565987;0.000782917890372273;0.07953502600183537;0.078515346181299;0.001365618067209316;0.101967982053635;0.0;53.70349801;86.84000233
-5.269916312889046;2.065392658899958;-0.631275264613663;-0.0193739165901906;0.023434541274412246;0.0346691138982359;5.313304815189357;2.0559137591986643;4.226781385262384;6.37268791773198;5.53034128257655;0.020087692464565987;0.0005150328685783506;0.07188742734781262;0.078515346181299;0.0013706781689665068;0.101967982053635;30.0;53.70350626;86.84083233999999
-4.1712468939715;1.8985649033038725;-1.1493604971117155;-0.0428265524625267;0.026396438557215348;0.0346691138982359;4.222181931039691;1.9002201934183542;3.6108367834748876;6.37268791773198;5.067686032020217;0.020087692464565987;0.00045367913477241287;0.07188742734781262;0.078515346181299;0.0011664256596808197;0.09330070357907601;30.0;53.70352934;86.84165926
-6.268968088949044;1.7519935523514483;-1.3346524157862092;0.0091771183848271;0.028958876983034308;0.0489446313857448;6.37268791773198;1.7547526276978167;3.079156784412392;6.37268791773198;4.972238310713871;0.020087692464565987;0.0004960777042904265;0.07188742734781262;0.078515346181299;0.0009901972185172912;0.09024166411746701;30.0;53.70357014;86.8424655
-5.691266286901191;1.6872274147607949;-1.3346524157862092;0.0081574385642908;0.02897323512602004;0.0489446313857448;5.912058914986177;1.684764067030268;2.8384299615563693;6.37268791773198;4.972238310713871;0.020087692464565987;0.0004914103958203234;0.07188742734781262;0.078515346181299;0.000918720393011038;0.09024166411746701;30.0;53.70363614;86.84318942
-2.46914334821906;1.4033214525544826;-1.6723053464736015;0.0035688793718772;0.028092595437372306;0.0489446313857448;2.797733020433561;1.3913866119398182;1.9359567038853664;6.37268791773198;4.64585219566478;0.020087692464565987;0.0005680744032648842;0.07188742734781262;0.078515346181299;0.0006407411613761462;0.08412358519424891;0.0;53.703725;86.84390804
-4.406256963149655;1.0774392264771255;-2.46914334821906;0.0316100744366268;0.029864271374840753;0.0489446313857448;4.496648816895955;1.0497527461413778;1.1019808280313639;6.37268791773198;3.574954897298419;0.019068012644029797;0.0005140075625716145;0.07086774752727643;0.078515346181299;0.0003879526874616978;0.0703579076170082;0.0;53.70383717;86.84460133
-4.959331328105549;1.12677220427121;-2.46914334821906;0.0489446313857448;0.029498790687253564;0.0489446313857448;4.983349602960868;1.0942521471053877;1.197387761444751;6.37268791773198;3.574954897298419;0.019068012644029797;0.0007742908789860124;0.08463342510451721;0.078515346181299;0.00041317232704148635;0.0703579076170082;0.0;53.70397095;86.84520359
-3.8588215838896938;1.320005114392446;-2.17176285557814;-0.0050983991026817;0.028862973497620313;0.0489446313857448;3.8594484350346114;1.2494611101551527;1.5611530657901467;6.37268791773198;3.8229861981722952;0.019068012644029797;0.0007298128155951805;0.08463342510451721;0.078515346181299;0.000561648189560698;0.07545630671969;0.0;53.7041191;86.84579973999999
-4.55928467456337;1.2326032635505753;-2.057959338772686;0.0061180789232181;0.030537523847022456;0.0489446313857448;4.579111754540121;1.1114251983007502;1.2352659714178618;5.912058914986177;3.3623571954264917;0.019068012644029797;0.000574275338466191;0.08463342510451721;0.0652595085143265;0.0004633112348638778;0.0642398286937902;0.0;53.70427833;86.84638905
-3.8200150461699947;1.1898915306609532;-1.548190878412918;-0.0469052717446721;0.03424502744951382;0.0489446313857448;3.915780307453818;0.9453088219874763;0.8936087689273502;4.983349602960868;2.5573386973979124;0.019068012644029797;0.000619642963124838;0.08463342510451721;0.0509839910268175;0.00043003933289878705;0.0591414295911083;30.0;53.70444543999999;86.84696576
-3.151154437154143;1.3220379681678132;-1.3499662955297762;-0.0132558376669725;0.033920641997221335;0.0489446313857448;3.3441807525116785;0.9886784871230029;0.9774851508998298;4.983349602960868;2.58835250711302;0.019068012644029797;0.0006552976184858654;0.08463342510451721;0.0509839910268175;0.0005307908110368228;0.0622004690527173;0.0;53.704613949999995;86.84753619
-2.17176285557814;1.4646476138949365;-0.6434738491813512;-0.0387478331803813;0.047936069124797864;0.0489446313857448;2.549701719559685;0.9861368350925409;0.9724658575263333;4.983349602960868;2.64841849797914;0.019068012644029797;0.000666734834786365;0.08463342510451721;0.0509839910268175;0.0006558377092556166;0.07545630671968989;0.0;53.70477897000001;86.84810313
-2.057959338772686;1.2560022611190942;-0.6434738491813512;-0.0336494340776996;0.08072162914129057;0.0061180789232181;2.58504355378229;0.7935524739309361;0.6297255288819089;4.579111754540121;2.244180649558393;0.019068012644029797;0.0005662259642668236;0.08463342510451721;0.0438462322830631;0.0004889236677307513;0.0683185479759355;0.0;53.70493092;86.84866468
-1.548190878412918;1.669702810545799;1.3497116471477684;-0.0560823901294993;0.07848813896998805;0.0061180789232181;2.426010905562956;0.767098800772849;0.588440570147143;4.579111754540121;2.244180649558393;0.019068012644029797;0.0005595715838738063;0.08463342510451721;0.0438462322830631;0.0008673915525836423;0.1029876618741714;30.0;53.70504096;86.84921504
-1.3499662955297762;1.842794045440301;1.9705551031535857;-0.0076475986540226;0.07528072055893502;-0.0076475986540226;2.3949970958478484;0.5340908812344708;0.2852530694178136;3.915780307453818;1.58084920247209;0.01142041399000715;0.0004511606366375561;0.07698582645049457;0.0326297542571632;0.0010635917994840287;0.10196798205363511;30.0;53.70510922;86.84972361999999
-0.6434738491813512;1.9115746355637708;2.028520983715291;-0.133578056490262;0.07558946719367446;-0.0076475986540226;2.3349311049817283;0.37897598780135283;0.14362279933001112;3.396906776129747;1.0619756711480188;0.01142041399000715;0.00048297689289167285;0.07698582645049457;0.0214132762312633;0.0011347682536530961;0.0917711838482715;30.0;53.70513457;86.85018161
-2.4463464645083346;1.9363574684861764;2.2458689194695802;-0.2589986744162333;0.07476369582673538;-0.0076475986540226;3.396906776129747;0.31190461347563603;0.0972844879073859;3.396906776129747;1.0619756711480188;0.01142041399000715;0.00018429225629256775;0.04435607219333115;0.0081574385642908;0.001152143580234865;0.0825940654634444;30.0;53.705121559999995;86.85058844
1.3497116471477684;1.9840927059033424;2.4742805101895513;-0.0632201488732537;0.07683550388768402;-0.0071377587437544;2.5803554603197565;0.30986652075232046;0.09601726068314824;3.396906776129747;1.0619756711480188;0.01142041399000715;0.000174125841803235;0.04435607219333115;0.0081574385642908;0.001209445189174741;0.0866727847455898;0.0;53.705071399999994;86.85094788
1.9705551031535857;1.9124016819711303;2.4742805101895513;-0.0372183134495768;0.07876684696322263;-0.0040787192821454;2.9074982402126537;0.31854368867898325;0.10147008159721302;3.396906776129747;1.0619756711480188;0.01142041399000715;0.0001747496899650805;0.04435607219333115;0.0081574385642908;0.0011269123879113386;0.0866727847455898;0.0;53.704981409999995;86.85125981
2.028520983715291;1.7605423660365593;2.4742805101895513;-0.0387478331803813;0.08291368803373479;0.0183542367696542;2.77987857102788;0.4805862058536711;0.23096310125682715;3.396906776129747;1.868419690820326;0.01142041399000715;0.00011437505119092986;0.03619863362904052;0.0081574385642908;0.0009554581180974869;0.0866727847455898;0.0;53.70485439;86.85152703
2.2458689194695802;1.603051482923535;2.4742805101895513;-0.0244723156928724;0.08322113452487048;0.0183542367696542;2.7106240734895564;0.4863275236848738;0.2365144602934615;3.396906776129747;1.868419690820326;0.006831854797593628;8.415018538670562e-05;0.031610074436627;0.0081574385642908;0.0007916979756130616;0.0866727847455898;0.0;53.70469107;86.85174259
2.4742805101895513;1.4677478216099775;2.4742805101895513;-0.0071377587437544;0.07956626753282989;0.0183542367696542;2.744365883923237;0.49004780241036333;0.24014684864722652;3.396906776129747;1.868419690820326;0.006831854797593628;4.200577623092573e-05;0.021413276231263545;0.0081574385642908;0.0006688576514482015;0.0866727847455898;0.0;53.70449781;86.85190261
2.327923821994255;0.46331271736295676;2.9266158008696808;-0.0040787192821454;0.025482986749831144;0.0183542367696542;2.438197659795843;0.42791431896100257;0.18311066437185863;3.0057031611194365;1.4772160758100155;0.006831854797593628;2.796919258940354e-05;0.01733455694911812;-0.0591414295911083;6.826516274712307e-05;0.027531355154481504;0.0;53.70427761;86.85200753000001
1.4658628441212058;0.3772710322149827;2.9266158008696808;0.0183542367696542;0.01937100939012261;0.0183542367696542;1.528487085309421;0.4280920966483452;0.18326284321277614;3.0057031611194365;1.4772160758100155;0.006831854797593628;2.4953926473817545e-05;0.01733455694911812;-0.0601611094116447;4.74702240189419e-05;0.0265116753339451;0.0;53.704060590000005;86.85206443
2.2876904505816604;0.4004235908527594;2.9266158008696808;-0.003059039461609;0.017668239542784275;0.0183542367696542;2.288492433224508;0.4657198880896509;0.216895014162237;3.202310562030152;1.673823476720731;0.006831854797593628;2.8835648369744603e-05;0.01733455694911812;-0.0601611094116447;5.388199679346422e-05;0.0265116753339451;0.0;53.70384252;86.85209979999999
2.2556772631367785;0.3916538816028781;2.9266158008696808;-0.0061180789232181;0.016409841674623227;0.0265116753339451;2.272995170107188;0.4948462716380689;0.24487283255409745;3.202310562030152;1.673823476720731;0.006831854797593628;3.420767420785785e-05;0.020393596410727133;-0.0601611094116447;5.180250292064602e-05;0.0265116753339451;0.0;53.70362640999999;86.85212177
2.9266158008696808;0.3993797224287369;2.9266158008696808;0.0142755174875089;0.017902085466014222;0.0265116753339451;3.0057031611194365;0.5125259019599037;0.26268280017981277;3.202310562030152;1.673823476720731;0.006831854797593628;3.58712693061123e-05;0.020393596410727133;-0.0601611094116447;5.4020629718318554e-05;0.0265116753339451;0.0;53.703410829999996;86.85212635
2.4066896763652403;0.41564131264605636;2.9266158008696808;-0.020393596410727;0.01780599615697835;0.0265116753339451;2.5917984300377355;0.5372255929733523;0.2886113377455699;3.202310562030152;1.673823476720731;0.006831854797593628;3.909448480898022e-05;0.020393596410727133;-0.0601611094116447;5.887278208822735e-05;0.0265116753339451;0.0;53.70319558999999;86.85211335
2.787445894640401;0.4303923039114731;2.9266158008696808;0.0071377587437544;0.01773969389306931;0.0265116753339451;3.202310562030152;0.5315974832692169;0.2825958842181653;3.202310562030152;1.673823476720731;0.006831854797593628;4.117397868179849e-05;0.020393596410727133;-0.0601611094116447;6.355164330206802e-05;0.0265116753339451;0.0;53.70297705;86.85208425
2.5425897727506523;0.28990169012606015;2.9266158008696808;0.0265116753339451;0.01709666544423371;0.0265116753339451;3.1158208577594255;0.39042392928241776;0.15243084455632233;3.3950826270870564;1.1220874569798682;0.017028653002957195;8.022225251582763e-05;0.0305903946160907;-0.0713775874375446;2.6617521572071068e-05;0.015295197308045197;0.0;53.70276180999999;86.85204053
2.6702954627225832;0.3328662502338643;2.9266158008696808;-0.0326297542571632;0.017080186563818132;0.0265116753339451;3.0192938491505306;0.3424399112101957;0.11726509278964668;3.3950826270870564;1.1220874569798682;0.017028653002957195;8.137752688961572e-05;0.0305903946160907;-0.0703579076170082;3.453115103251776e-05;0.016314877128581595;0.0;53.70255277;86.85199021
2.777928244461415;0.3276018676819618;2.9266158008696808;0.0040787192821454;0.017130165764756608;0.0265116753339451;3.1344119460270607;0.2897637918860147;0.08396305508816165;3.3950826270870564;0.803284197049321;0.017028653002957195;7.903231991082633e-05;0.0305903946160907;-0.0703579076170082;3.314482178397227e-05;0.016314877128581595;0.0;53.70234445;86.85193549
2.0814576614912808;0.310532929609007;2.861688464064019;0.0020393596410727;0.016606925865329848;0.0265116753339451;2.6632640695007654;0.2956796857058659;0.08742647653911964;3.3950826270870564;0.803284197049321;0.017028653002957195;8.041864915937167e-05;0.0305903946160907;-0.0703579076170082;2.9990922743531584e-05;0.014275517487508896;0.0;53.702140179999994;86.85188226
2.861688464064019;0.3647423156137147;3.213484554023789;0.0112164780258998;0.017116672263571678;0.0285510349750178;3.3950826270870564;0.3121867905395515;0.0974605921873858;3.678785128229833;1.0155210587290675;0.017028653002957195;9.477870962555463e-05;0.0305903946160907;-0.0703579076170082;3.91522485276691e-05;0.02039359641072709;0.0;53.70193648000001;86.85183472
1.9908881882950298;0.5587120739230736;3.9780916051048782;0.0035688793718772;0.019099537283745246;0.0316100744366268;2.6799137693234956;0.4983908744357952;0.2483934637208766;4.372100798555533;1.708836729054768;0.017028653002957195;0.00013688846055012185;0.0305903946160907;-0.0703579076170082;8.490111372966713e-05;0.03262975425716329;0.0;53.70174168999999;86.85179097
2.8019140754499228;0.8119634506798429;4.669556668376221;-0.0071377587437544;0.019590432235105138;0.0316100744366268;3.384687463068324;0.7386282983671393;0.5455717631487358;5.013509399332164;2.3502453298313983;0.017028653002957195;0.00012125759827277259;0.029570714795554287;-0.0703579076170082;0.0001955301877635894;0.0469052717446722;0.0;53.701547240000004;86.85176036
2.7348162358913735;0.8443317535751246;4.669556668376221;0.0061180789232181;0.021256309552091804;0.0642398286937901;3.2074400129174525;0.7619088926770163;0.5805051607403172;5.013509399332164;2.3502453298313983;0.017028653002957195;0.00011072149598382756;0.029570714795554287;-0.0703579076170082;0.00021330986037618383;0.0469052717446722;0.0;53.70135699;86.85174419
3.213484554023789;0.8688941304209282;4.669556668376221;0.0285510349750178;0.020732444904000804;0.0642398286937901;3.678785128229833;0.7748377793538505;0.6003735843140062;5.013509399332164;2.3502453298313983;0.017028653002957195;9.246816087798011e-05;0.026511675333945273;-0.0703579076170082;0.00022869811503503762;0.0469052717446722;0.0;53.701169930000006;86.85173889000001
3.9780916051048782;0.8078449230313005;4.669556668376221;0.0316100744366268;0.02019499560833101;0.0642398286937901;4.372100798555533;0.7171712187561523;0.5143345570121849;5.013509399332164;2.333595630008668;0.017028653002957195;9.246816087798011e-05;0.026511675333945273;-0.0703579076170082;0.00019806023864218423;0.0469052717446722;0.0;53.70099230000001;86.85174814
4.669556668376221;0.785943695291955;4.669556668376221;0.0305903946160905;0.019967753505779885;0.0642398286937901;5.013509399332164;0.6968179787250522;0.48555529547446735;5.013509399332164;2.333595630008668;0.017028653002957195;8.259056498209352e-05;0.026511675333945273;-0.0703579076170082;0.00018443955377522568;0.0469052717446722;0.0;53.700817029999996;86.85176487
3.8202964844753744;0.8332065866653843;4.669556668376221;0.0642398286937901;0.019023095038539186;0.0642398286937901;4.267142884982146;0.7302513360067571;0.5332670137396536;5.013509399332164;2.4956929030291866;0.017028653002957195;7.843157723645672e-05;0.026511675333945273;-0.0652595085143265;0.00021534314327404983;0.0520036708473539;0.0;53.70062621000001;86.85178653
3.8651608294652364;0.9858012285778414;4.669556668376221;0.020393596410727;0.02275610215539231;0.0642398286937901;4.2949883175815255;0.8524543718095642;0.7266784560172387;5.013509399332164;2.549790806034236;0.017028653002957195;8.771131864390667e-05;0.02804119506474978;-0.0652595085143265;0.0002967784338823537;0.0520036708473539;0.0;53.70043602;86.85181906
4.051313849352543;1.0393588317690123;4.669556668376221;0.0091771183848271;0.030100998963789396;0.0642398286937901;4.4853451664903705;0.8947276359713114;0.8005375425708116;5.013509399332164;2.549790806034236;0.04659936779851115;0.0002554571577178983;0.057611909860303734;-0.0652595085143265;0.0003465938648800849;0.0520036708473539;0.0;53.70024669000001;86.85185757
3.374754648031871;1.4000173471908437;4.669556668376221;0.0214132762312633;0.02982338323590242;0.0642398286937901;3.9310889464316836;1.0853732410937602;1.1780350724823738;5.013509399332164;3.166601605035584;0.04659936779851115;0.00025497194248090744;0.057611909860303734;-0.0397675130009177;0.0006146175195988614;0.0774956663607627;0.0;53.7000551;86.85190662
1.7699379631889278;1.6536631606974073;4.669556668376221;0.023452635872336;0.03222001788152417;0.0642398286937901;2.517816496302977;1.1865701696176583;1.4079487674264781;5.013509399332164;3.2438209876328434;0.04659936779851115;0.0004595710340787334;0.08565310492505362;-0.0336494340776996;0.0008392952798131187;0.0836137452839808;0.0;53.69984808;86.85197352
1.6920721456168266;1.597977639792785;4.246044570784611;-0.0254919955134087;0.037881863947597454;0.0734169470786173;2.4637185932979278;1.1195214598938619;1.2533282991628836;4.5372148638857945;2.767526452186474;0.061894565106556554;0.0008016477761573104;0.10094830223309903;-0.0336494340776996;0.0007396644178176566;0.07239726725808089;0.0;53.69962905;86.85205145
2.155662873308896;1.5331266788627702;4.246044570784611;-0.0418068726419904;0.03322341565359947;0.0734169470786173;2.7931206240465016;1.0675077103654003;1.139572711689579;4.5372148638857945;2.767526452186474;0.061894565106556554;0.0008304574308536446;0.10094830223309903;-0.0336494340776996;0.0006733198987169565;0.07239726725808089;0.0;53.69940149;86.85213365
0.2975508034051;1.445368133468746;4.246044570784611;0.0101967982053635;0.0329994185514291;0.0734169470786173;1.84690779429658;1.0187625494402417;1.037877132141981;4.5372148638857945;2.767526452186474;0.061894565106556554;0.0008236528647920346;0.10094830223309903;-0.0336494340776996;0.0005852735505046517;0.07239726725808089;0.0;53.699164870000004;86.85221702999999
-0.14594491610149363;1.3543623894760581;4.246044570784611;-0.0305903946160905;0.033026714228871025;0.0734169470786173;1.7696884116993206;0.8872288425064129;0.7871750189752691;4.5372148638857945;2.767526452186474;0.061894565106556554;0.000817287302992464;0.10094830223309903;-0.0336494340776996;0.0004949888581931336;0.06933822779647189;0.0;53.698919769999996;86.85230217
4.246044570784611;1.3628773232555358;4.246044570784611;0.0734169470786173;0.032645505924637316;0.0734169470786173;4.5372148638857945;0.8409857506041525;0.7072570327192298;4.5372148638857945;2.767526452186474;0.061894565106556554;0.0009489885816042765;0.10094830223309903;-0.0336494340776996;0.0005221955696958365;0.06933822779647189;60.0;53.69867065999999;86.85239609999999
2.6508946745870077;1.3893398134272217;4.246044570784611;0.0071377587437544;0.03201661129973313;0.0734169470786173;2.983404279761216;0.8432852636658902;0.7111300359160498;4.5372148638857945;2.767526452186474;0.061894565106556554;0.0009502824889029188;0.10094830223309903;-0.0336494340776996;0.000544249757491446;0.06933822779647189;0.0;53.698433439999995;86.85249680000001
2.0049349034976993;1.5575062386744685;4.661503069471899;0.0142755174875089;0.030749353789679995;0.0734169470786173;2.283556354498779;1.0053720444229326;1.010772947707147;4.721842942927226;2.9521545312279054;0.061894565106556554;0.0013494788842074981;0.1182828591822167;-0.0336494340776996;0.0007701174503107039;0.0897318242071989;0.0;53.69819684;86.85259556000001
3.2853633401735154;1.8460554739492692;5.788944464864104;0.0112164780258998;0.026420225763349195;0.0734169470786173;3.392630490222383;1.3119952521712952;1.7213315417200203;5.8321790010319585;4.062490589332638;0.061894565106556554;0.0011508872193533716;0.1182828591822167;-0.0336494340776996;0.0010451651732221103;0.10094830223309881;0.0;53.697965980000006;86.85268982
3.4562054945515754;1.72340643193968;5.788944464864104;0.0101967982053635;0.027605528213120643;0.0734169470786173;3.53114284843768;1.3176805195417354;1.7362819515797774;5.8321790010319585;4.062490589332638;0.061894565106556554;0.0011440711005480234;0.1182828591822167;-0.0336494340776996;0.0009080572105409702;0.10094830223309881;0.0;53.69774116;86.85277732
3.1304443302611267;1.188780485791782;5.788944464864104;0.0010196798205363;0.02471680888793572;0.0734169470786173;3.226064301064041;1.125663251469889;1.2671177557097624;5.8321790010319585;3.5486226465331794;0.061894565106556554;0.0009555534282333236;0.1182828591822167;-0.0688283878862037;0.0004514927780200202;0.06576934842459471;30.0;53.69752892;86.85285436000001
4.661503069471899;1.185989593227233;5.788944464864104;-0.0081574385642908;0.014831580951231648;0.0336494340776996;4.721842942927226;1.1165665347839064;1.2467208265993404;5.8321790010319585;3.5486226465331794;0.019068012644029797;0.0005531713638430229;0.07545630671968995;-0.0688283878862037;0.0004533412170180808;0.06576934842459471;0.0;53.69733296;86.85291695999999
5.788944464864104;1.2856265037448287;5.788944464864104;-0.0040787192821454;0.021481954022144856;0.0336494340776996;5.8321790010319585;1.2096373397501798;1.4632224937178921;5.8321790010319585;3.5696765475121937;0.019068012644029797;0.0005912232135296598;0.07545630671968995;-0.0688283878862037;0.0005220944831881289;0.06576934842459471;0.0;53.69714307;86.85297795
5.28685431230673;1.251651468057437;5.788944464864104;0.0336494340776996;0.023587956485459985;0.0336494340776996;5.368374711363588;1.1618602512443779;1.3499192434216487;5.8321790010319585;3.5696765475121937;0.019068012644029797;0.0005633233374026828;0.07545630671968995;-0.0703579076170082;0.000477601978867625;0.0642398286937902;0.0;53.696957780000005;86.85304354
4.359214034666534;1.3321602465004352;5.788944464864104;-0.0091771183848271;0.024143430535828684;0.0336494340776996;4.456992754726819;1.2292968590106936;1.511170767573557;5.8321790010319585;3.5696765475121937;0.016008973182420783;0.00048741098034756823;0.07239726725808093;-0.0703579076170082;0.0005344306473607322;0.0642398286937902;0.0;53.69678066;86.85310962
4.151845612876087;1.368350324468298;5.788944464864104;-0.0183542367696543;0.022917982923872184;0.0336494340776996;4.308223778177853;1.257577532372919;1.5815012499291603;5.8321790010319585;3.5696765475121937;0.026205771387784238;0.0005731901026013143;0.08259406546344439;-0.0703579076170082;0.0005775397106186253;0.0642398286937902;0.0;53.69660011999999;86.85317996
1.9353447052841588;1.3612915335251783;5.788944464864104;-0.0458855919241358;0.02630804676505932;0.0336494340776996;2.262502453519765;1.2450842211800195;1.5502347178314557;5.8321790010319585;3.5696765475121937;0.026205771387784238;0.0005563808604627011;0.08259406546344439;-0.0703579076170082;0.0005700304271890042;0.0642398286937902;0.0;53.69642226999999;86.85324786999999
2.233344451119244;1.3516918821307053;5.788944464864104;-0.0387478331803813;0.0313935186867394;0.0428265524625267;2.623003710442878;1.2392030657489668;1.5356242381616378;5.8321790010319585;3.5696765475121937;0.026205771387784238;0.00027616906110046344;0.047924951565208596;-0.0703579076170082;0.0005310399170736652;0.0642398286937902;0.0;53.696247760000006;86.85331656
2.3256713240178923;1.1449654172896204;5.28685431230673;-0.0346691138982359;0.03266885396289454;0.0428265524625267;2.612854438628762;1.0466944972296055;1.0955693705307366;5.368374711363588;3.105872257843823;0.026205771387784238;0.0002800450066245219;0.047924951565208596;-0.0703579076170082;0.0003884386247451644;0.05710206995003568;0.0;53.696072060000006;86.85338918
2.7283781293639455;0.9675998199758081;4.522072874163705;-0.0142755174875089;0.03152425366406038;0.0428265524625267;3.004004626352692;0.8875344066779509;0.7877173230371823;4.6320301785601;2.3695277250403355;0.026205771387784238;0.0002833028803586036;0.047924951565208596;-0.0703579076170082;0.0002737718667748539;0.0428265524625268;0.0;53.695895910000004;86.85346390999999
4.111096772575583;1.0696716091745608;4.522072874163705;0.0285510349750178;0.03300659460207392;0.0428265524625267;4.303824263049876;1.0401822795851756;1.0819791747630125;4.6320301785601;3.2912276805129084;0.026205771387784238;0.0002910143368036375;0.047924951565208596;-0.0571020699500356;0.0003432673967300614;0.05608239012949941;0.0;53.695718680000006;86.85354523999999
4.522072874163705;1.0197512080901245;4.522072874163705;0.0428265524625267;0.03430414012745422;0.0428265524625267;4.6320301785601;1.0111650393049427;1.0224547367125665;4.6320301785601;3.2912276805129084;0.026205771387784238;0.0002908121637882246;0.047924951565208596;-0.0571020699500356;0.00031314361743354385;0.05608239012949941;0.0;53.695541389999995;86.85364187
3.509018704779212;0.9913921927596324;4.522072874163705;0.0224329560517997;0.031932064058699194;0.0428265524625267;3.59692726148505;1.0063981200812464;1.0128371761030668;4.6320301785601;3.2912276805129084;0.030284490669929554;0.0003453122323716642;0.048944631385744675;-0.0571020699500356;0.00030505092044515994;0.05608239012949941;0.0;53.695368310000006;86.85375551
2.968404098393953;2.98044317463322;4.522072874163705;0.023452635872336;0.03039888844759195;0.0509839910268175;2.9960580108427446;1.3912722965351176;1.9356386031061001;6.042670228769811;4.701867730722619;0.030284490669929554;0.00031611844894604565;0.048944631385744675;0.0693382277964719;0.0026747381632150173;0.1825226878760069;0.0;53.69520623;86.85388782999999
1.2927003001441801;3.0444902269654217;4.522072874163705;0.0275313551544814;0.03979931081258503;0.0509839910268175;1.3408024980471922;1.7136999232275156;2.936767426869993;6.042670228769811;5.930154761044896;0.030284490669929554;0.0006341560974455493;0.0825940654634445;0.0693382277964719;0.0027769214595300675;0.1825226878760069;0.0;53.695063430000005;86.85403687
2.0357365800776224;3.0336130009699644;4.522072874163705;0.0367084735393086;0.0474313725770134;0.0509839910268175;2.0364635595377583;1.8400265064608377;3.385697544478475;6.042670228769811;5.930154761044896;0.030284490669929554;0.0006378298699541945;0.0825940654634445;0.0693382277964719;0.0027620415255956805;0.1825226878760069;0.0;53.694956239999996;86.8541908
2.327587067829331;2.9915684442326786;4.522072874163705;-0.0295707147955541;0.05978344902599433;0.0509839910268175;2.3292597654364355;1.8269693873624704;3.3378171423596004;6.042670228769811;5.930154761044896;0.030284490669929554;0.000616480399526596;0.0825940654634445;0.0693382277964719;0.002662168055981723;0.1825226878760069;0.0;53.69488357;86.85436645
-6.042032647263871;2.8073738268263475;3.509018704779212;0.0509839910268175;0.05939249583868992;0.0509839910268175;6.042670228769811;1.681453179844862;2.8272847960103977;6.042670228769811;5.930154761044896;0.030284490669929554;0.00063415609744555;0.0825940654634445;0.0693382277964719;0.0023506252156023596;0.1641684511063526;90.0;53.69483315;86.85456947
-0.06281558713230306;2.630111016948361;2.968404098393953;-0.0774956663607627;0.05778395579973143;0.0509839910268175;0.11251546772491514;1.6115626351912224;2.5971341271444772;6.042670228769811;5.930154761044896;0.036402569593147804;0.0007702474186777561;0.08871214438666275;0.0693382277964719;0.0020663699559318642;0.1570306923625981;0.0;53.69480884000001;86.85482676
0.889277547339665;2.47139468085343;2.327587067829331;-0.0723972672580809;0.0602583900198976;0.0509839910268175;0.9242313634649544;1.5769558982558933;2.4867899050440516;6.042670228769811;5.930154761044896;0.036402569593147804;0.0009020411192394737;0.08871214438666275;0.0693382277964719;0.0018092058803266936;0.1427551748750892;120.0;53.69480556;86.85511276
-1.0809766084950794;2.4583632328114584;2.327587067829331;-0.1152238197206077;0.056190022713887414;0.0509839910268175;1.1854890101969422;1.5640659034457958;2.446302150321713;6.042670228769811;5.930154761044896;0.036402569593147804;0.000930830556634266;0.08871214438666275;0.0693382277964719;0.0017883185196486098;0.1427551748750892;120.0;53.69482413000001;86.85542061
-1.430610115971488;2.4568977634724747;2.327587067829331;-0.0683185479759355;0.048874359934043175;0.0509839910268175;1.6496941964004137;1.6340169225933245;2.670011303321359;6.042670228769811;5.930154761044896;0.036402569593147804;0.0009829103254046213;0.08871214438666275;0.0693382277964719;0.001777516704253693;0.1427551748750892;120.0;53.694854910000004;86.85573811
1.5085394742715459;2.237816506595918;1.5085394742715459;-0.0438462322830631;0.05613283644239727;0.0509839910268175;1.8832361727061027;1.6334736070625073;2.6682360249697985;6.042670228769811;5.930154761044896;0.036402569593147804;0.0008482284389084366;0.08871214438666275;0.0693382277964719;0.0014914130055851374;0.12847965738758022;120.0;53.69489171;86.85606675
-1.1063112046401913;1.6337588905357452;1.5085394742715459;-0.1101254206179259;0.045262759123813764;0.0367084735393086;1.9827402706423962;1.1471561871810536;1.3159673177877727;3.979278851067445;3.86676338334253;0.036402569593147804;0.001242685321094555;0.11522381972060791;0.0254919955134087;0.0008212729995820303;0.08463342510451699;120.0;53.69493464;86.85639384
1.0807948556953342;1.708444246030089;1.5085394742715459;-0.0173345569491179;0.04871039425918706;0.0367084735393086;2.2428814425721777;1.0100119645707122;1.0201241685759894;3.979278851067445;3.0550474876024905;0.036402569593147804;0.001101210421280497;0.11522381972060791;0.0254919955134087;0.0008922212870622753;0.08463342510451699;120.0;53.69497105000001;86.85672721
-2.891461215958514;1.904196641687281;2.226799449129989;-0.0316100744366269;0.0480532642736387;0.0367084735393086;3.5348843538036423;0.9238930213882512;0.8535783149699117;3.979278851067445;2.7937898408705024;0.14550831039053735;0.0035620603648859528;0.22432956051799746;0.0254919955134087;0.0009865147814508372;0.08871214438666239;120.0;53.69499273;86.85707400999999
-0.07268003688383762;1.9514119795896891;2.226799449129989;0.0367084735393086;0.04635040213676236;0.0367084735393086;2.0917997032314926;0.8181955249219603;0.6694439170023222;3.979278851067445;2.3295846546670314;0.14550831039053735;0.003556076043629732;0.22432956051799746;0.0254919955134087;0.0010366305837857534;0.08871214438666239;120.0;53.69500017;86.85741937
-3.3504956960823105;1.9819252896705237;2.226799449129989;-0.0734169470786173;0.046185980716412195;0.0367084735393086;3.979278851067445;0.743209837775701;0.5523608629665838;3.979278851067445;2.096042678361342;0.14550831039053735;0.0036198471890628195;0.22432956051799746;0.0254919955134087;0.0010699255912383185;0.08871214438666239;120.0;53.69500373000001;86.85775061
-2.4271399034859034;2.2079031524062938;2.226799449129989;0.0061180789232181;0.04642362320583624;0.0367084735393086;3.2815484711094305;1.1467347390819058;1.3150005618172464;5.943983199726409;3.9612429290840128;0.14550831039053735;0.005057401303341968;0.22432956051799746;0.0499643112062812;0.0012479302667515483;0.1131844600795349;120.0;53.69499793;86.85804433000001
2.226799449129989;2.222788636719157;2.226799449129989;-0.0397675130009177;0.04626745296268097;0.0367084735393086;3.1932134078874492;1.0602033292570265;1.124031099367683;5.943983199726409;3.8521834964949164;0.14550831039053735;0.005236653675178882;0.22432956051799746;0.0499643112062812;0.0012724220834758504;0.1131844600795349;120.0;53.69498472;86.85832552000001
-2.115254585639636;2.341632974213743;2.226799449129989;-0.1040073416947078;0.047272788554095536;0.0367084735393086;3.196494646120193;1.3600320166035045;1.849687086186595;6.4772676602709724;4.38546795703948;0.14550831039053735;0.0055321497545063325;0.22432956051799746;0.0652595085143265;0.0014694194696941532;0.12847965738758022;120.0;53.69496435999999;86.858597
-2.0611358330429463;2.3331427676198624;2.226799449129989;-0.0652595085143265;0.05120884443450425;0.0367084735393086;3.268297984454897;1.3705034187144178;1.8782796207079069;6.4772676602709724;4.38546795703948;0.14550831039053735;0.005577537596466522;0.22432956051799746;0.0652595085143265;0.0014585367850930718;0.12847965738758022;120.0;53.694944559999996;86.85886647999999
-5.283970120569081;2.2149181665482165;2.226799449129989;-0.0591414295911083;0.03784357115106986;0.0061180789232181;5.943983199726409;1.2475113056416438;1.5562844577037187;6.4772676602709724;3.4378453057347045;0.14550831039053735;0.005577537596466522;0.22432956051799746;0.0652595085143265;0.0012880413930094644;0.12847965738758022;120.0;53.69492503;86.85911575
-0.6748810627391193;2.2413190161065626;2.226799449129989;-0.1091057407973896;0.03784219738298036;0.0061180789232181;3.039422354536268;1.2568112419072246;1.5795744977843802;6.4772676602709724;3.4378453057347045;0.14550831039053735;0.004577659178696892;0.19781788518405208;0.0652595085143265;0.001322098881548729;0.12847965738758022;120.0;53.69490527000001;86.85934175
-5.593586507328852;2.2413190161065626;2.226799449129989;-0.092790863668808;0.03784219738298036;0.0061180789232181;6.4772676602709724;1.2568112419072246;1.5795744977843802;6.4772676602709724;3.4378453057347045;0.14550831039053735;0.004577659178696892;0.19781788518405208;0.0652595085143265;0.001322098881548729;0.12847965738758022;120.0;53.69490527000001;86.85934175
-2.5407478863572552;2.2413190161065626;2.226799449129989;-0.1223615784643621;0.03784219738298036;0.0061180789232181;4.440967766287046;1.2568112419072246;1.5795744977843802;6.4772676602709724;3.4378453057347045;0.14550831039053735;0.004577659178696892;0.19781788518405208;0.0652595085143265;0.001322098881548729;0.12847965738758022;120.0;53.69490527000001;86.85934175
-2.817026005374234;2.2413190161065626;2.226799449129989;-0.0591414295911083;0.03784219738298036;0.0061180789232181;4.972926382544165;1.2568112419072246;1.5795744977843802;6.4772676602709724;3.4378453057347045;0.14550831039053735;0.004577659178696892;0.19781788518405208;0.0652595085143265;0.001322098881548729;0.12847965738758022;120.0;53.69490527000001;86.85934175
-0.8998623241830397;2.2413190161065626;2.226799449129989;-0.0703579076170082;0.03784219738298036;0.0061180789232181;4.732900777057564;1.2568112419072246;1.5795744977843802;6.4772676602709724;3.4378453057347045;0.14550831039053735;0.004577659178696892;0.19781788518405208;0.0652595085143265;0.001322098881548729;0.12847965738758022;120.0;53.69490527000001;86.85934175
-1.8389042296596776;1.5431991799791371;1.6290945422299394;-0.0402773529111858;0.04676124250853085;0.0387478331803813;1.8792870067137422;0.9622860104161446;0.9259943658426203;3.505039353196591;2.969203919372804;0.044560008157438435;0.003523589728238813;0.2008769246456612;0.003059039461609;0.0006987099412668779;0.081574385642908;30.0;53.72293771;86.83616907000001
0.2828761397471924;1.5431991799791371;1.6290945422299394;-0.0142755174875089;0.04676124250853085;0.0387478331803813;0.5358354338237872;0.9622860104161446;0.9259943658426203;3.505039353196591;2.969203919372804;0.044560008157438435;0.003523589728238813;0.2008769246456612;0.003059039461609;0.0006987099412668779;0.081574385642908;30.0;53.72293771;86.83616907000001
-0.7550715468209197;1.5431991799791371;1.6290945422299394;-0.0917711838482716;0.04676124250853085;0.0387478331803813;0.9679748456945334;0.9622860104161446;0.9259943658426203;3.505039353196591;2.969203919372804;0.044560008157438435;0.003523589728238813;0.2008769246456612;0.003059039461609;0.0006987099412668779;0.081574385642908;30.0;53.72293771;86.83616907000001
-1.85880131032482;1.5431991799791371;1.6290945422299394;-0.0010196798205363;0.04676124250853085;0.0387478331803813;2.026016062817594;0.9622860104161446;0.9259943658426203;3.505039353196591;2.969203919372804;0.044560008157438435;0.003523589728238813;0.2008769246456612;0.003059039461609;0.0006987099412668779;0.081574385642908;30.0;53.72293771;86.83616907000001
-1.7057217845057109;1.5431991799791371;1.6290945422299394;0.0387478331803813;0.04676124250853085;0.0387478331803813;2.011724379442946;0.9622860104161446;0.9259943658426203;3.505039353196591;2.969203919372804;0.044560008157438435;0.003523589728238813;0.2008769246456612;0.003059039461609;0.0006987099412668779;0.081574385642908;30.0;53.72293771;86.83616907000001
-3.1833300427352387;1.5431991799791371;1.6290945422299394;-0.0336494340776996;0.04676124250853085;0.0387478331803813;3.4647642922457167;0.9622860104161446;0.9259943658426203;3.505039353196591;2.969203919372804;0.044560008157438435;0.003523589728238813;0.2008769246456612;0.003059039461609;0.0006987099412668779;0.081574385642908;30.0;53.72293771;86.83616907000001
-0.17353393446404608;1.6404747579791392;1.6290945422299394;-0.0214132762312633;0.04675540539659578;0.0387478331803813;1.7087887767698164;1.0324465022877274;1.0659457800861623;3.505039353196591;2.969203919372804;0.044560008157438435;0.0035369446999998005;0.2008769246456612;0.003059039461609;0.0007897917728963105;0.081574385642908;30.0;53.7227993;86.8361433
1.6290945422299394;2.0656631105001377;3.431030809958247;-0.1172631793616804;0.0479112092285455;0.0387478331803813;2.6227745562440448;1.1198296805783445;1.2540185135041972;4.861494220946679;3.8935193752521458;0.04557968797797496;0.003780057751033778;0.20189660446619773;0.003059039461609;0.0011997408844349215;0.1111451004384622;30.0;53.722656789999995;86.83610831
1.072742437009457;2.30818897886242;3.431030809958247;-0.078515346181299;0.0479112092285455;0.0387478331803813;2.642317378271027;1.1214471857366766;1.2576437903967117;4.869090236869126;3.1603014600993093;0.04557968797797496;0.0035626813248618595;0.20189660446619773;0.003059039461609;0.0015006552005754372;0.1111451004384622;30.0;53.722511999999995;86.83605824
-2.1426726582550675;2.2003514982010675;3.431030809958247;-0.0693382277964719;0.04503053556883522;0.0387478331803813;3.505039353196591;1.0855480737842313;1.178414620496655;4.869090236869126;3.1603014600993093;0.04557968797797496;0.0034968306855559534;0.20189660446619773;0.003059039461609;0.001363050469913569;0.1111451004384622;30.0;53.72236643;86.83598691
1.305156527672068;2.1223071597836025;3.431030809958247;-0.0448659121035994;0.029200966808464738;-0.0214132762312633;3.3820556935100834;1.0522796133562016;1.107292384685077;4.869090236869126;3.1603014600993093;0.04557968797797496;0.0035197051181569522;0.20189660446619773;0.003059039461609;0.001278802808251575;0.1111451004384622;0.0;53.72221993000001;86.83589417
3.431030809958247;1.8370256332596364;3.431030809958247;-0.092790863668808;0.03056319105836116;-0.0214132762312633;4.861494220946679;1.0816019321139385;1.169862739552605;4.869090236869126;3.1603014600993093;0.04557968797797496;0.0036493269028959486;0.20189660446619773;-0.0173345569491179;0.0009257278541345409;0.0907515040277353;30.0;53.72207099;86.83577851
3.1265426070287594;1.8109111836403093;3.431030809958247;-0.0917711838482716;0.02800130648284222;-0.0448659121035994;4.869090236869126;0.8609650153377292;0.7412607576354963;4.869090236869126;2.2463156806250812;0.04557968797797496;0.0037075527313348545;0.20189660446619773;-0.0173345569491179;0.0008968575475335832;0.0907515040277353;30.0;53.721926759999995;86.83564196
0.7199344569375112;1.8032920120446307;3.431030809958247;-0.0774956663607627;0.027052814327734036;-0.0448659121035994;4.040192763568032;0.724618768451327;0.5250723595919179;4.869090236869126;2.226772858598099;0.049658407260120385;0.0038400858074957964;0.20597532374834315;-0.0173345569491179;0.0008912660195644501;0.0907515040277353;0.0;53.721782080000004;86.83547936
2.1062770014902163;1.9085305231634175;3.431030809958247;-0.0672988681553992;0.027741621741392494;-0.0448659121035994;4.626624440031641;0.5218811379416678;0.2723599221392901;4.869090236869126;1.4870345433590426;0.049658407260120385;0.0037947181828371485;0.20597532374834315;-0.0173345569491179;0.0010212343866155805;0.0907515040277353;0.0;53.72164674;86.83529537999999
-1.6307366876751348;1.4966887614642572;3.431030809958247;-0.1223615784643621;0.030617008012462334;-0.0438462322830631;4.384254011723625;0.47122968178296076;0.22205741299327048;4.869090236869126;1.4870345433590426;0.049658407260120385;0.0010214473903282482;0.10910574079738977;-0.0254919955134087;0.0006382782608205218;0.0825940654634445;0.0;53.72151675;86.83509371
1.8368735552778501;1.5938681728862247;3.6266451456216497;-0.1345977363107984;0.027652568692011707;-0.0438462322830631;4.540946659110824;0.34177503204604287;0.11681017253007361;4.869090236869126;0.9838314211862791;0.049658407260120385;0.001006475034443958;0.10910574079738977;-0.0254919955134087;0.0007344721815539657;0.089731824207199;30.0;53.72138954;86.83487690000001
1.2076085111335377;1.6221545614634199;3.6951232296927987;-0.1070663811563169;0.029196021029510376;-0.0438462322830631;4.026939204854317;0.30257496328125244;0.09155160840465128;4.869090236869126;0.9838314211862791;0.049658407260120385;0.0008750625744255917;0.10910574079738977;-0.0254919955134087;0.0007738959195594756;0.089731824207199;0.0;53.721265700000004;86.83464810000001
3.0833871667204695;1.706959586318895;3.981925103642382;-0.0672988681553991;0.029666715551691574;-0.0438462322830631;4.478182306486679;0.24442155718963493;0.059741897619005974;4.626624440031641;0.741365624348794;0.049658407260120385;0.0007965039170080196;0.10910574079738977;-0.0254919955134087;0.0008839762382658491;0.0978892627714898;0.0;53.721144679999995;86.83441187999999
2.490394314397202;1.6459783760221764;3.981925103642382;-0.0438462322830631;0.03305018621131093;-0.0356887937187723;3.885258815682847;0.4145456396087464;0.17184808731862466;4.626624440031641;1.3950458316310392;0.049658407260120385;0.0008100899436437642;0.10910574079738977;-0.0254919955134087;0.0008224752069772539;0.0978892627714898;0.0;53.721030569999996;86.83417489
3.6266451456216497;1.6568123867755715;3.981925103642382;-0.0734169470786173;0.03517891275856792;-0.0356887937187723;4.31532405500626;0.5067742222238397;0.2568201123105777;4.540946659110824;1.393763133164029;0.049658407260120385;0.0007929341191930147;0.10910574079738977;-0.0254919955134087;0.0008352749249923395;0.0978892627714898;0.0;53.720922040000005;86.83393836
3.6951232296927987;0.8515231254186276;3.981925103642382;-0.0571020699500356;0.03559808068974795;-0.0132558376669725;4.267409852418379;0.6064128267412704;0.3677365164363381;4.540946659110824;1.613376071357255;0.049658407260120385;0.0004219524122822641;0.07239726725808071;-0.0703579076170082;0.0002477485894588003;0.053023350667890295;0.0;53.72082544999999;86.83370608999999
3.981925103642382;0.7725939301941505;3.981925103642382;-0.0647496686040583;0.03367453047217016;0.0142755174875089;4.436827556079224;0.6126781292893605;0.37537449010951035;4.478182306486679;1.5506117187331103;0.049658407260120385;0.0005674823251483181;0.08667278474559004;-0.0703579076170082;0.00020813423118161566;0.053023350667890295;0.0;53.720735850000004;86.83347313
2.8553353194341273;0.5230669177811227;4.023990211889728;-0.0356887937187723;0.030454181247618593;0.0142755174875089;3.2315786084006017;0.6128892130316305;0.37563318745053137;4.478182306486679;1.5506117187331103;0.020087692464565987;0.00027413505615611194;0.05710206995003564;-0.095849903130417;7.694416148020383e-05;0.027531355154481504;0.0;53.72065506;86.83324642
2.995403022227083;0.9446036607850556;5.790524789323637;-0.0387478331803813;0.030825949557376175;0.0142755174875089;3.1471835259467946;0.8685133624418833;0.7543154607401061;5.8002043569044375;2.8726337691508688;0.020087692464565987;0.00029741383478793627;0.05710206995003564;-0.095849903130417;0.0002526613937333321;0.057102069950035694;0.0;53.72057331;86.83302131
2.862771900927534;1.1632486465982899;6.106145979574409;-0.0132558376669725;0.031191065128336706;0.0142755174875089;2.9275705877535687;1.1109281841172793;1.2341614302661155;6.110566748605446;3.182996160851877;0.020087692464565987;0.00032306092588602607;0.05710206995003564;-0.1040073416947078;0.00037387278103115097;0.05404303048842671;0.0;53.72049639000001;86.83280359
3.1169176331285655;1.7047652954861567;7.88952913305604;0.0142755174875089;0.026712724643879474;0.0142755174875089;3.120027266735668;1.628553389686856;2.652186143060549;7.889997121078547;4.962426533324979;0.025186091567248048;0.0003841980457468793;0.0622004690527177;-0.1040073416947078;0.000800400079833616;0.0836137452839808;0.0;53.72042716;86.83260124
4.023990211889728;1.9215563190500555;7.88952913305604;0.0040787192821454;0.02519850768413086;0.0142755174875089;4.03168220524964;1.8483099068800564;3.4162495118709626;7.889997121078547;4.962426533324979;0.025186091567248048;0.0004045308747255463;0.0622004690527177;-0.1040073416947078;0.001003358681820661;0.0836137452839808;0.0;53.720363500000005;86.83241469999999
5.790524789323637;1.9316383806453472;7.88952913305604;0.0020393596410727;0.023096742082819133;0.0193739165901906;5.8002043569044375;1.8680385371551982;3.489567976296933;7.889997121078547;4.962426533324979;0.025186091567248048;0.0004251525222976588;0.0622004690527177;-0.1040073416947078;0.001012739509735818;0.0836137452839808;0.0;53.720304109999994;86.83224267
6.106145979574409;1.8142097511404205;7.88952913305604;-0.0081574385642908;0.027149793027785432;0.0193739165901906;6.110566748605446;1.7878841800896317;3.1965298414147747;7.889997121078547;4.962426533324979;0.025186091567248048;0.00043669371329179904;0.0622004690527177;-0.1050270215152442;0.0008987139290429588;0.08259406546344439;0.0;53.72024318;86.83207933999999
7.88952913305604;2.438656543383651;7.88952913305604;-0.0295707147955541;0.026368358483615684;0.0193739165901906;7.889997121078547;2.216718552354517;4.913841140352705;7.889997121078547;7.285117514256296;0.025186091567248048;0.0005305597561620608;0.0622004690527177;-0.0469052717446721;0.0016849705623554812;0.1407158152340165;0.0;53.72017502;86.83191902
7.294204706018403;3.19736956011781;7.88952913305604;-0.0448659121035994;0.02887872950276199;0.0224329560517997;7.297582697676044;2.3108832411815032;5.340181354373529;7.889997121078547;7.285117514256296;0.025186091567248048;0.00048595461259011457;0.0622004690527177;-0.0183542367696543;0.0029929722083580617;0.1692668502090343;0.0;53.720098099999994;86.83176274000002
5.775716625009874;3.8334422115900066;7.88952913305604;0.0193739165901906;0.02809521695752738;0.0224329560517997;5.7858601242926255;2.355392729824387;5.5478749117095765;7.889997121078547;7.285117514256296;0.025186091567248048;0.0002994933286607582;0.04996431120628142;-0.0091771183848271;0.004352730146306338;0.1784439685938615;0.0;53.72001031;86.83161863000001
4.309210164071517;4.42949775172878;7.88952913305604;-0.0622004690527174;0.028604396908368683;0.0224329560517997;4.318027509740185;2.3691988346813213;5.613103118255331;7.889997121078547;7.285117514256296;0.06597328438870198;0.0006361402811825318;0.09075150402773535;0.0071377587437544;0.005817603611339632;0.194758845722443;30.0;53.71990581;86.83149621
-0.3803507791291234;4.434144831126221;7.88952913305604;-0.0285510349750178;0.02862458378501388;0.0224329560517997;0.6048796068222516;2.4730483936850858;6.1159683575083825;7.889997121078547;7.285117514256296;0.06597328438870198;0.0006454402398915239;0.09075150402773535;0.0071377587437544;0.005818885965894537;0.194758845722443;30.0;53.71978772;86.83140116
-1.9628180134163296;4.455424466797593;7.88952913305604;0.0224329560517997;0.038837324510850736;0.0224329560517997;2.073195797871641;2.3942461147288747;5.732414457894311;7.889997121078547;7.285117514256296;0.06597328438870198;0.0006837029271513768;0.09075150402773535;0.0071377587437544;0.00587087331271499;0.194758845722443;30.0;53.719654500000004;86.83133194000001
-2.4778349132767112;3.890780479001801;7.294204706018403;-0.0326297542571632;0.04561274018309756;0.0224329560517997;2.6050592244120616;1.9732211553150127;3.893601727782714;7.297582697676044;6.692703090853793;0.06597328438870198;0.0006760203525656874;0.09075150402773535;0.0071377587437544;0.00448218730444707;0.18456204751707952;30.0;53.71950286;86.83127758
-3.4373139464109963;3.250643862059834;5.775716625009874;-0.0458855919241358;0.04597601514894317;0.0224329560517997;3.659048299108198;1.5110008436465896;2.283123549500705;5.7858601242926255;5.180980517470374;0.06597328438870198;0.001550620817241758;0.14887325379830707;0.0183542367696543;0.003160183733034183;0.1702865300295707;0.0;53.71932155;86.83123963
-0.7168249797480133;2.4283329472236925;4.309210164071517;-0.0489446313857448;0.04141805602504553;0.0224329560517997;1.8818266308338645;1.2874076986898404;1.657418582645871;4.587666507785481;3.9827869009632293;0.06597328438870198;0.0017683091674945987;0.14887325379830707;0.0183542367696543;0.00175652536888197;0.1437748546956255;0.0;53.71911412000001;86.83121396
-2.7001722429150488;1.2519605428751324;-0.3803507791291234;-0.113184460079535;0.04382923432457086;0.0224329560517997;3.2611944297546955;1.2633691948534578;1.596101722504674;4.587666507785481;3.9827869009632293;0.08738656061996519;0.002431575290973664;0.17028653002957028;0.0183542367696543;0.00048827671408143054;0.06525950851432641;30.0;53.71884189;86.83121565000002
-1.7156848664792994;1.0920379519541756;-0.7168249797480133;-0.113184460079535;0.04379957093553677;0.0224329560517997;2.5514451657485697;1.0419666320502123;1.0856944623060625;4.587666507785481;2.7058398769516163;0.08738656061996519;0.002286796306450573;0.17028653002957028;0.0183542367696543;0.0003650782548606972;0.058121749770572;0.0;53.718550449999995;86.83124677
-3.97073111500562;1.072539946732422;-0.7168249797480133;-0.0265116753339451;0.03755920639588356;0.003059039461609;4.587666507785481;0.9658193396068264;0.9328069967585664;4.587666507785481;2.7058398769516163;0.08738656061996519;0.002213647221288262;0.17028653002957028;0.0183542367696543;0.00035149222822495257;0.058121749770572;30.0;53.71824265;86.83129993
-3.798935475783948;1.1556441923554914;-0.7168249797480133;-0.0214132762312633;0.039554728309989934;0.003059039461609;4.397719136118342;0.9650192079521646;0.931262071716623;4.587666507785481;2.7058398769516163;0.08738656061996519;0.002229797957033816;0.17028653002957028;0.0183542367696543;0.00040953321276405264;0.058121749770572;30.0;53.71792321;86.83137217
-3.384097872671062;1.167930157238858;-0.7168249797480133;0.003059039461609;0.039448271625458366;0.003059039461609;4.092311907341569;0.9888237028614999;0.9777723153407278;4.587666507785481;2.7058398769516163;0.08738656061996519;0.0019176659267238197;0.17028653002957028;0.0183542367696543;0.0004189602516541611;0.058121749770572;30.0;53.71759915;86.83145003000001
-3.934944625346304;0.9707047038035727;-1.5596476484992468;-0.0540430304884266;0.03946569283239242;0.003059039461609;4.579832087341844;0.8599323252649979;0.739483604035666;4.587666507785481;2.036221342036911;0.08738656061996519;0.0019133220950783773;0.17028653002957028;0.0183542367696543;0.00029062082147007117;0.043846232283063;30.0;53.71726877;86.83152157
-3.585152489432958;0.9712712847440887;-1.5596476484992468;-0.0356887937187723;0.04319039220256595;0.003059039461609;4.250378930914775;0.8536342698155741;0.7286914666035684;4.587666507785481;2.036221342036911;0.08738656061996519;0.002882435556274038;0.18048332823493418;0.0183542367696543;0.0002911869059132273;0.043846232283063;30.0;53.716930239999996;86.83158496
-1.5596476484992468;0.9759464415680823;-1.5596476484992468;-0.0938105434893443;0.04130353635015711;0.003059039461609;2.6121649311959474;0.9304080881651414;0.8656592105231137;4.587666507785481;2.517084656469536;0.08738656061996519;0.0029021069906737104;0.18048332823493418;0.0183542367696543;0.000296027505539398;0.043846232283063;30.0;53.7165844;86.8316308
-2.0008798172656252;0.938337717479614;-1.5596476484992468;-0.0601611094116447;0.04523058779275855;0.0112164780258998;2.892773062517627;0.9433838546587124;0.8899730972307306;4.579832087341844;2.509250236025899;0.08738656061996519;0.002782663173167791;0.18048332823493418;0.0163148771285816;0.0002708078659596095;0.0418068726419903;0.0;53.716249219999995;86.83165914
-2.0561463608009514;0.85685936906635;-1.5596476484992468;-0.0662791883348628;0.04611538861669317;0.0112164780258998;2.7468241969930123;0.8859594607288849;0.7849241660550166;4.579832087341844;2.509250236025899;0.08738656061996519;0.0025581124931346507;0.18048332823493418;0.0163148771285816;0.00022810892510441165;0.0418068726419903;30.0;53.71591544;86.8316684
-3.1060937148904504;1.1789545765703386;0.22501574778728806;-0.1345977363107984;0.04173648587915644;0.0112164780258998;3.457123305596521;1.1192181717851533;1.252649316054101;4.579832087341844;3.930432793956662;0.011930253900275356;0.001407239714710957;0.10502702151524435;0.0163148771285816;0.0004247250707793621;0.0723972672580809;30.0;53.7156281;86.83164474
-1.681850284980675;1.3610099172633683;0.8498590644508153;-0.0112164780258998;0.057613664444879656;0.0652595085143265;2.0705818513159446;1.0382083420389412;1.077876561479247;4.250378930914775;3.6009796375295933;0.04761904761904756;0.0018517315300258233;0.14071581523401655;0.0101967982053635;0.0005333324146591559;0.07443662689915359;30.0;53.71535421;86.83159357
-1.9683004839466047;1.4223334533931644;0.8997761540201226;0.0112164780258998;0.05749322602082558;0.0652595085143265;2.2206600432379915;0.8972211210098214;0.8050057399861207;3.457123305596521;2.807724012211339;0.04761904761904756;0.0018087697642505886;0.14071581523401655;0.0020393596410727;0.0005982126234910811;0.0713775874375446;30.0;53.71509057000001;86.83152449
-2.4987303462541925;1.6638308982897383;1.4867418379676938;-0.0887121443866625;0.05780074747625055;0.0652595085143265;2.620683507063822;0.894852182197001;0.8007604279827347;3.457123305596521;2.807724012211339;0.04761904761904756;0.001802346438732328;0.14071581523401655;0.0020393596410727;0.0008376201319711329;0.0815743856429081;30.0;53.714832369999996;86.83144549000001
0.22501574778728806;1.7573626542871141;1.4867418379676938;-0.0652595085143265;0.058273708025624066;0.0652595085143265;0.649399293385182;0.8630245613203532;0.744811393442188;3.457123305596521;2.807724012211339;0.04761904761904756;0.0019256373199029652;0.14071581523401655;0.0020393596410727;0.0009212157856584196;0.0815743856429081;30.0;53.7145791;86.83136374
0.8498590644508153;1.718373555721598;1.4867418379676938;0.0652595085143265;0.05741037865614305;0.0652595085143265;1.1576747921719455;0.8592372926083334;0.7382887250088986;3.457123305596521;2.807724012211339;0.04761904761904756;0.0018308355047899354;0.14071581523401655;0.0020393596410727;0.0008822252755430803;0.0815743856429081;30.0;53.71432847;86.83129231000001
0.8997761540201226;1.4618978282611195;1.4867418379676938;-0.0560823901294993;0.045017706063751724;0.0652595085143265;1.1770054932069984;0.62785921172042;0.39420718974218727;2.620683507063822;1.9712842136786402;0.04761904761904756;0.0012861236375489734;0.12338125828489843;-0.0091771183848271;0.0006260316304118915;0.0703579076170083;0.0;53.71407954;86.83123026000001
1.4867418379676938;1.353616842414629;1.4867418379676938;0.0071377587437544;0.04495093361097911;0.0652595085143265;1.652686798279762;0.6025591101959568;0.3630774812801431;2.620683507063822;1.9712842136786402;0.04761904761904756;0.0012715411867658365;0.12338125828489843;-0.0091771183848271;0.0005390972337843569;0.0703579076170083;0.0;53.713834059999996;86.83118958
1.2429529869743812;1.1113087198958156;1.4867418379676938;-0.0050983991026817;0.045629453527126135;0.0652595085143265;1.436433690236497;0.551228153046593;0.3038524767111581;2.620683507063822;1.9712842136786402;0.04761904761904756;0.0007855865741757246;0.09279086366880807;-0.0091771183848271;0.00036923724260633163;0.0703579076170083;0.0;53.71358603;86.83116683
0.5185605118255681;0.9019469895877439;1.4867418379676938;-0.0469052717446721;0.040402431599932856;0.0652595085143265;0.9431725457725973;0.37464973523800854;0.1403624241139099;1.9031123349405208;1.2537130415553388;0.04761904761904756;0.0005652641983506467;0.07851534618129896;-0.0214132762312633;0.00024474487608695523;0.058121749770572106;0.0;53.713342850000004;86.83117197
0.8258936842358122;1.667041598545109;1.4867418379676938;-0.0071377587437544;0.038584848486894946;0.0652595085143265;1.0942596725547356;0.9139371259283368;0.8352810701501484;3.9683859590848174;3.1180208122277593;0.04761904761904756;0.0005619716663853513;0.07851534618129896;0.0152951973080452;0.0008431770017090496;0.0948302233098806;0.0;53.713100010000005;86.83120048999999
0.8098023511318688;1.9560828543934656;1.4867418379676938;-0.0152951973080452;0.02500838529361264;0.0071377587437544;1.143369348659249;1.0647492253925035;1.133690912973936;3.9683859590848174;3.1180208122277593;0.024166411746711636;0.0002962123494391997;0.05506271030896304;0.0152951973080452;0.001174694536011205;0.0948302233098806;0.0;53.71281739999999;86.83126348
0.27664893927981415;2.2742577304020557;1.4867418379676938;-0.0662791883348628;0.02354947792187995;0.0071377587437544;0.8503651468570581;1.316571005725464;1.73335921311696;4.34668190745976;3.496316760602702;0.027225451208320428;0.00037287635688375975;0.05812174977057183;0.0224329560517997;0.0015739573595922789;0.10196798205363511;0.0;53.71252369;86.83133840999999
-1.779979279613297;2.189107875084505;1.2429529869743812;-0.0122361578464362;0.03605368933148334;-0.0050983991026817;1.9031123349405208;1.3250140809023772;1.7556623145895713;4.34668190745976;3.496316760602702;0.027225451208320428;0.00036993040723060067;0.05812174977057183;0.0224329560517997;0.0014482981659553777;0.09483022330988061;0.0;53.71221935;86.83141807
-3.8767936483834307;2.0208493379705237;0.8258936842358122;-0.0479249515652085;0.03411214681391445;-0.0071377587437544;3.9683859590848174;1.298980897143379;1.6873513711434178;4.34668190745976;3.496316760602702;0.027225451208320428;0.0003812983070686724;0.05812174977057183;0.0224329560517997;0.0012526668916840824;0.08973182420719891;0.0;53.711903219999996;86.83149106
-3.2898773886190398;1.888997452873428;0.8258936842358122;-0.023452635872336;0.03410621958269824;-0.0071377587437544;3.3512972838706454;1.2127847215293421;1.4708467807750039;4.34668190745976;3.496316760602702;0.027225451208320428;0.0003838283579472679;0.05812174977057183;0.0224329560517997;0.0010907667409414568;0.08973182420719891;0.0;53.71156834;86.83154274
-4.319834289996212;1.6453698900942937;0.8098023511318688;-0.0418068726419904;0.03201900174853567;-0.0122361578464362;4.34668190745976;1.1502421357941106;1.3230569709561972;4.34668190745976;3.496316760602702;0.027225451208320428;0.00031234286788321046;0.05812174977057183;0.0224329560517997;0.0008472320147610481;0.08973182420719891;0.0;53.71122517;86.83156821
-2.713622271356065;1.3369824299175554;0.27664893927981415;-0.1233812582848985;0.03885951649421291;0.0285510349750178;2.7762740212767962;1.1160269180762465;1.2455160818707653;4.34668190745976;3.496316760602702;0.027225451208320428;0.00037826282365154386;0.05812174977057183;0.0224329560517997;0.0005635890505086603;0.081574385642908;0.0;53.710866319999994;86.83155752
-2.191177418088171;1.1910475185990972;-0.4582266705013258;-0.0499643112062812;0.04196907808047831;0.0285510349750178;2.3079818271017913;1.1256557520847117;1.267100872201398;4.34668190745976;3.5541465735010735;0.027225451208320428;0.00029993522110872983;0.05608239012949923;0.0224329560517997;0.00043549222794306633;0.0672988681553991;0.0;53.71050117;86.83152516999999
-2.3074746328810054;1.5050864235437293;0.5327894164715645;-0.0397675130009177;0.04383335265206104;0.0285510349750178;2.357171970117795;1.211044047865643;1.4666276858708018;4.34668190745976;3.5541465735010735;0.027225451208320428;0.0003017143436443633;0.05608239012949923;0.0224329560517997;0.0006970463461686304;0.0846334251045171;0.0;53.71013203;86.83147603
-1.6319669273249535;1.3896741183119807;0.5327894164715645;-0.0331395941674314;0.04486491429975035;0.0285510349750178;1.7442863152908845;1.092874848165291;1.1943754337523078;4.34668190745976;3.5541465735010735;0.027225451208320428;0.0003284704981412895;0.05608239012949923;0.0224329560517997;0.0005922398549785987;0.0846334251045171;0.0;53.70976124;86.83142268
-1.2976151792225024;1.550585383808433;0.9084106840438095;0.0285510349750178;0.046038948530287525;0.0285510349750178;1.4339647716925608;1.0449830793162944;1.0919896360573649;4.34668190745976;3.5541465735010735;0.027225451208320428;0.00034854916675772175;0.05608239012949923;0.0224329560517997;0.0007242992686462857;0.08973182420719891;0.0;53.709419860000004;86.83136290000002
-0.4582266705013258;1.202960209414936;0.9084106840438095;0.0193739165901906;0.046319142130951764;0.0285510349750178;0.7925353339586866;0.674137236177677;0.45446101320127696;2.7762740212767962;1.9837386873181098;0.026205771387784238;0.000297509144923776;0.05506271030896304;-0.0050983991026817;0.0004403790385441892;0.062200469052717505;0.0;53.709083639999996;86.83130828
0.5327894164715645;1.106371951991446;0.9084106840438095;0.0112164780258998;0.030833444112901412;0.0285510349750178;1.004664996053474;0.5601936308444386;0.3138169040386751;2.357171970117795;1.5646366361591086;0.026205771387784238;0.00028953775174464015;0.05506271030896304;-0.0122361578464362;0.00037212542854080414;0.05506271030896301;0.0;53.70875341;86.83126733
-1.4006914931141403;1.4433905902352633;0.9084106840438095;0.0081574385642908;0.03440590542379855;0.0285510349750178;1.7037979598071724;0.9731169965369946;0.9469566889491811;4.11801807759423;3.3254827436355434;0.01498929336188437;0.00018590964041587173;0.04384623228306317;0.0193739165901906;0.0006343871523203125;0.0866727847455898;0.0;53.70843126999999;86.83124470999999
0.9084106840438095;2.662285746809709;0.9084106840438095;0.0081574385642908;0.03410981838162813;0.0285510349750178;1.236759783402712;2.29854688807533;5.283317796680785;8.281620923295197;7.4890855893365105;0.01498929336188437;0.00019951877253909266;0.04384623228306317;0.0917711838482716;0.0021533187934890735;0.1590700520036708;30.0;53.70812396;86.8312446
-0.5999204410911818;2.8027352054649715;0.9084106840438095;-0.0469052717446721;0.03735116241546147;0.0285510349750178;0.9344376061492965;2.396541243863758;5.743409933540049;8.281620923295197;7.4890855893365105;0.01498929336188437;0.00019950433160942027;0.04384623228306317;0.0917711838482716;0.0023916027976406164;0.1590700520036708;0.0;53.707815679999996;86.83126655999999
-1.8979941849419326;2.7889340177025574;0.9084106840438095;-0.0387478331803813;0.03525481435264743;0.0193739165901906;1.9686517121232152;2.3621257046878976;5.579637844747296;8.281620923295197;7.4890855893365105;0.01498929336188437;0.0001251046619374842;0.035688793718772316;0.0917711838482716;0.002365643782461604;0.1590700520036708;0.0;53.70751225;86.83131897
-4.1066715122567;2.7205264878941846;0.9084106840438095;-0.0723972672580809;0.03147657630213584;0.0112164780258998;4.11801807759423;2.2803846527269487;5.200154164392607;8.281620923295197;7.3471833171459;0.018048332823493385;0.00014904194696236796;0.03874783318038133;0.0917711838482716;0.0022472512646358276;0.1590700520036708;0.0;53.707207440000005;86.83137768
-8.28127876522447;2.6398581999417567;0.9084106840438095;-0.0356887937187723;0.02730678105924638;0.0081574385642908;8.281620923295197;2.354393980226511;5.543171014126832;8.281620923295197;7.992370804070077;0.056796166003874826;0.00043507632916849656;0.07749566636076277;0.0917711838482716;0.0020864370718045623;0.1590700520036708;30.0;53.70689816;86.83142935999999
-4.62320954253113;2.6711570677661336;0.9084106840438095;-0.0652595085143265;0.023172895409946548;0.0081574385642908;4.624974460715691;2.4066921932025815;5.792167312822253;8.281620923295197;7.992370804070077;0.056796166003874826;0.00047486397860174956;0.07749566636076277;0.0917711838482716;0.0021329137598620467;0.1590700520036708;0.0;53.70658513000001;86.83146449
-2.4752503937765225;2.439348788488513;-0.2171771164431986;-0.058121749770572;0.021539688681900506;0.0010196798205363;2.4768030437330957;2.392962681822723;5.726270396596198;8.281620923295197;7.992370804070077;0.056796166003874826;0.0005115092817383001;0.07749566636076277;0.0917711838482716;0.001782830966373121;0.1376567757724074;0.0;53.70627394;86.83147585999998
-2.049080113058568;2.5363722852629307;0.28617658293873705;-0.0438462322830631;0.03125244256974456;0.0305903946160905;2.053508122999369;2.4541987425949428;6.023091468154598;8.281620923295197;7.993075919520005;0.056796166003874826;0.0005206706075224384;0.06831854797593573;0.0917711838482716;0.0018984508257018065;0.1468338941572345;0.0;53.70595992;86.83147416
-0.2171771164431986;2.5478379945705814;0.28617658293873705;-0.0387478331803813;0.04625808845892309;0.0744366268991536;0.2892501192251194;2.462570980351052;6.064255833267141;8.281620923295197;7.993075919520005;0.056796166003874826;0.0004873987055573489;0.06831854797593573;0.0917711838482716;0.0019117018227691532;0.1468338941572345;0.0;53.70564729;86.83146617
-0.8370844186127879;2.5581369960204827;0.28617658293873705;-0.0193739165901906;0.04461616308215523;0.0744366268991536;0.9147549517908071;2.4751157252222713;6.126197853242569;8.281620923295197;7.993075919520005;0.056796166003874826;0.0005299128025127417;0.06831854797593573;0.0917711838482716;0.001928441748445339;0.1468338941572345;0.0;53.70532687;86.83151695
-1.440923965849968;1.6775841662862572;0.28617658293873705;0.0010196798205363;0.04407002530124548;0.0744366268991536;1.4556687923296758;1.584791246824057;2.5115632960101495;4.624974460715691;4.3364294569404995;0.056796166003874826;0.0006886012904962373;0.0836137452839808;0.0285510349750178;0.0008144684335204257;0.08361374528398069;0.0;53.70502544;86.83162256
0.28617658293873705;1.4830485421205573;0.28617658293873705;0.0305903946160905;0.04018115903348632;0.0744366268991536;0.288545003775192;1.3974037246750082;1.9527371697355858;4.318999297479716;4.0304542937045245;0.056796166003874826;0.0009439631380782976;0.0989089425920261;0.0224329560517997;0.0006289342572760354;0.0774956663607626;0.0;53.70475496;86.83178472
-3.7017439344531677;1.4877375472901841;0.28617658293873705;0.0744366268991536;0.03759203662909342;0.0744366268991536;3.712540537858046;1.4057671908707687;1.9761813949286926;4.318999297479716;4.0304542937045245;0.056796166003874826;0.0010565677312913975;0.0989089425920261;0.0224329560517997;0.0006325156078347777;0.0774956663607626;0.0;53.70451658;86.83200714
-4.2714397657790055;1.5873547274954212;0.28617658293873705;0.0221780360966656;0.03552658125136286;0.0744366268991536;4.318999297479716;1.5006596830675814;2.251979484384494;4.318999297479716;4.0304542937045245;0.056796166003874826;0.0010682128969791782;0.0989089425920261;0.0224329560517997;0.0007236667559266372;0.0774956663607626;30.0;53.70430871;86.83229591
-2.715582718868335;1.5036519534318171;0.28617658293873705;-0.0224329560517997;0.034837495747280865;0.0744366268991536;2.8604049244209504;1.3948963923147448;1.9457359452926906;4.318999297479716;4.0304542937045245;0.04150096869582964;0.0008462269260558446;0.09177118384827154;0.0224329560517997;0.0006654409274877308;0.0774956663607626;0.0;53.704131589999996;86.83265639
-2.9719698858021646;1.4385903057465077;0.28617658293873705;0.0091771183848271;0.03523196062291576;0.0744366268991536;3.0841480110148174;1.309302909799804;1.7142741096102336;4.318999297479716;4.0304542937045245;0.04150096869582964;0.000820198594414406;0.09177118384827154;0.0224329560517997;0.0006078620526981458;0.0774956663607626;0.0;53.70398191;86.83308783
-2.6023868026715107;1.394551491423247;0.28617658293873705;-0.037728153359845;0.03568232909155526;0.0744366268991536;2.7169075951733817;1.2541766577760807;1.5729590889103804;4.318999297479716;4.0304542937045245;0.04150096869582964;0.0008695057046876704;0.09177118384827154;0.0224329560517997;0.0005705004794498479;0.0774956663607626;0.0;53.70385857;86.83358657
-3.8026967065339816;0.9492364551258201;-1.6832952505317629;-0.0224329560517997;0.0339632411537908;0.0744366268991536;3.848065682018241;0.9435862580664417;0.8903550264118295;4.318999297479716;2.6222500929485295;0.025186091567248048;0.0006858748429740944;0.07545630671968995;0.0224329560517997;0.0002780774299566737;0.0448659121035994;30.0;53.70376479;86.83414815
-4.000700822081163;0.9502417436218853;-1.6832952505317629;-0.0326297542571632;0.022520991407988373;0.0254919955134087;4.052549811833168;0.9522729880797762;0.9068238438263856;4.318999297479716;2.6222500929485295;0.025186091567248048;0.0006951170379643976;0.07545630671968995;0.0224329560517997;0.0002787705945809463;0.0448659121035994;0.0;53.70369448;86.83476135999999
-4.198088392367789;0.9324401621568346;-1.6832952505317629;-0.0249821556031406;0.019221332756166606;0.0254919955134087;4.24255625072345;0.931563078465799;0.8678097691606764;4.24255625072345;2.5458070461922637;0.025186091567248048;0.0006996457135096462;0.07545630671968995;0.020393596410727;0.0002695515050781194;0.0428265524625267;0.0;53.703657109999995;86.83536399
-1.870230186072344;0.9249904145410154;-1.6832952505317629;-0.0183542367696543;0.019268156656680788;0.0254919955134087;1.9106692826664589;0.927478784516221;0.8602168957276867;4.24255625072345;2.5458070461922637;0.025186091567248048;0.0007030999838872712;0.07545630671968995;0.020393596410727;0.000265045935020347;0.0428265524625267;0.0;53.70362725;86.83596901000001
-1.6832952505317629;0.9244172104703653;-1.6832952505317629;-0.0173345569491179;0.017917969657904136;0.0254919955134087;1.6967492045311867;0.9275449187906067;0.8603395763742733;4.24255625072345;2.5458070461922637;0.025186091567248048;0.000616177140003475;0.07545630671968995;0.020393596410727;0.0002646618062910626;0.0428265524625267;0.0;53.70359882;86.83656778000001
-2.5300457894266843;0.9074572934369659;-1.6832952505317629;0.0254919955134087;0.02439672612383524;0.0254919955134087;2.5325677815803185;0.9154814775241875;0.8381063356898695;4.24255625072345;2.5458070461922637;0.025186091567248048;0.0005872288523822863;0.07545630671968995;0.020393596410727;0.00025457626100789505;0.0428265524625267;0.0;53.70356992000001;86.83715328000001
-4.140027925088434;0.8826258788610741;-1.6832952505317629;-0.0081574385642908;0.0252026335706109;0.0254919955134087;4.162559120143597;0.8888483670306886;0.7900514195731216;4.24255625072345;2.5458070461922637;0.025186091567248048;0.0005870209029950045;0.07545630671968995;0.020393596410727;0.00024052812462263502;0.0428265524625267;0.0;53.7035449;86.83773498000001
-3.0582114986154343;0.8748259494973513;-1.6832952505317629;-0.023452635872336;0.027282708208999955;0.0254919955134087;3.1007812294032226;0.8778861029395681;0.770684009734422;4.24255625072345;2.5458070461922637;0.025186091567248048;0.00037241713532017927;0.05914142959110846;0.020393596410727;0.00023355026740495653;0.0428265524625267;0.0;53.70352212;86.83831380000001
-3.171798884884945;1.0719272987839843;-1.6832952505317629;-0.0326297542571632;0.029089185534849477;0.0254919955134087;3.2066254592331407;1.0762827508704083;1.1583845598211733;5.330145090060131;3.633395885528944;0.024166411746711636;0.0002840386457254094;0.05812174977057205;0.040787192821454;0.0003592441192730722;0.0632201488732537;0.0;53.703500870000006;86.83888902999999
-3.115618245413669;1.1355963641987767;-1.6832952505317629;-0.0734169470786173;0.03172936022509224;0.0254919955134087;3.1170698923613354;1.1425008566341937;1.3053082074098665;5.330145090060131;3.633395885528944;0.024166411746711636;0.0002060576254947314;0.04894463138574501;0.040787192821454;0.00039673277270248816;0.0632201488732537;0.0;53.70348259;86.83947235000001
-3.3501078151436245;1.2009028031620756;-2.5300457894266843;-0.0428265524625267;0.03201155919810127;0.0254919955134087;3.356335237902958;1.2055457716157887;1.4533406074607074;6.198755966247253;3.6661881846669346;0.005812174977057216;9.62603490099353e-05;0.030590394616090588;0.0560823901294993;0.00044921688750367033;0.06423982869379011;0.0;53.70346969;86.84005593
-3.928677960186682;1.25404837053708;-3.0582114986154343;0.0101967982053635;0.030340877245213158;0.023452635872336;3.9523278921253517;1.2584566306900147;1.5837130913276642;6.2039374656997985;3.103156236296576;0.04150096869582964;0.00034129404369033533;0.06627918833486302;0.0560823901294993;0.00047139815548039715;0.055062710308963;0.0;53.70346501;86.84063749
-5.288159916937026;1.3903028456307862;-3.0582114986154343;0.0122361578464362;0.030441992242257156;0.023452635872336;5.330145090060131;1.4003793104845381;1.9610622132331506;6.376727525758064;3.275946296354841;0.04150096869582964;0.00033701952850732014;0.0652595085143266;0.0591414295911083;0.0005916853232791859;0.058121749770571995;30.0;53.703469459999994;86.84121538
-5.269062242086292;1.2830198228675787;-3.115618245413669;0.023452635872336;0.03042756781528169;0.023452635872336;5.291697417043681;1.2956098791925112;1.6786049590612335;6.376727525758064;3.259657633396728;0.04150096869582964;0.00037743102610241874;0.06729886815539943;0.0591414295911083;0.0005035725467903884;0.0571020699500356;30.0;53.703485820000004;86.84177958000001
-6.178736329832386;1.1913878370380053;-3.115618245413669;-0.0265116753339451;0.032600708779255874;0.023452635872336;6.198755966247253;1.2045293222649267;1.4508908881960034;6.376727525758064;3.259657633396728;0.04150096869582964;0.00038332292540873707;0.06729886815539943;0.0591414295911083;0.00043304304627064143;0.0571020699500356;30.0;53.70351683;86.84234563
-6.162549723250573;1.0439450845231848;-3.3501078151436245;-0.0469052717446721;0.03139940609843236;0.0499643112062812;6.2039374656997985;1.0536071790834265;1.1100880878161354;6.376727525758064;3.0203922878551057;0.04150096869582964;0.00039112969198960786;0.06729886815539943;0.0591414295911083;0.00033074350047172975;0.0530233506678902;30.0;53.70356668000001;86.84291771999999
-6.306181994462546;1.0860652553566206;-3.115513415099624;-0.0061180789232181;0.028100150920239625;0.0499643112062812;6.376727525758064;1.097248382765154;1.203954013480746;6.376727525758064;3.2611761393619574;0.04150096869582964;0.0003828694802170248;0.06729886815539943;0.0591414295911083;0.0003581928195929284;0.0571020699500356;30.0;53.70363297;86.84348832999999
-4.707743616938149;1.128419760196884;-3.115513415099624;-0.0214132762312633;0.028259218157635525;0.0499643112062812;4.7985014996478546;1.1402187053847004;1.3000986961091623;6.376727525758064;3.2611761393619574;0.04150096869582964;0.0004059172039740923;0.06729886815539943;0.0591414295911083;0.0003861966704135453;0.0571020699500356;30.0;53.70372019;86.84406195
-4.028949899509901;1.1838553164637207;-3.115513415099624;0.020393596410727;0.03054144859269172;0.0499643112062812;4.068706912472725;1.1951058985681744;1.4282781087924437;6.376727525758064;3.2611761393619574;0.04150096869582964;0.0004520473097194398;0.06729886815539943;0.0591414295911083;0.00042085490162718016;0.0571020699500356;30.0;53.70382925;86.84463948999999
-4.434672662663501;1.2085649548447686;-3.115513415099624;0.0499643112062812;0.030165408343232874;0.0499643112062812;4.445256240114711;1.2127346489979665;1.4707253288802207;6.376727525758064;3.2611761393619574;0.04150096869582964;0.0004882767140814257;0.06729886815539943;0.0591414295911083;0.0004398014013573004;0.0571020699500356;30.0;53.70395612;86.84520668
-3.115513415099624;1.2604233067935748;-2.881703499874671;0.0061180789232181;0.036422383374469416;0.0499643112062812;3.115551386396106;1.2290128321531395;1.510472541597081;6.376727525758064;3.2611761393619574;0.04150096869582964;0.000534302845133133;0.06729886815539943;0.0591414295911083;0.0004760192529755478;0.061180789232180996;30.0;53.70409671;86.84576711
-3.5694666563117075;1.3589116382369437;-1.9454257279889815;0.0142755174875089;0.038165792199172065;0.0499643112062812;3.5886052012234373;1.2571692580017826;1.5804745432647525;6.376727525758064;3.881889798697298;0.01498929336188437;0.00029391335343535973;0.040787192821454155;0.0591414295911083;0.0005714449162504214;0.0774956663607626;30.0;53.704270310000005;86.84637846999999
-6.072796743941662;1.218997899667537;-1.9454257279889815;-0.0367084735393086;0.039832968477179063;0.0499643112062812;6.1102452309470525;1.1309821676841367;1.279120663619509;6.1102452309470525;3.615407503886287;0.01498929336188437;0.00026760775594421136;0.040787192821454155;0.0530233506678902;0.00044987539389672874;0.07137758743754449;30.0;53.704446510000004;86.84699243
-4.12164392965794;1.3603870384722914;-1.8974042306885217;-0.0295707147955541;0.039804390300412586;0.0499643112062812;4.271435274449484;1.234184427700419;1.5232112015782109;6.1102452309470525;3.7167870655688486;0.01498929336188437;0.00021909778498886018;0.040787192821454155;0.0530233506678902;0.0005602618603121547;0.0723972672580808;0.0;53.704619060000006;86.8476053
-2.881703499874671;1.7870689538287512;-0.03647991572890019;-0.0734169470786173;0.050880104439345604;0.0499643112062812;3.218746065493415;1.4501374854328957;2.1028987266576418;6.1102452309470525;4.605374784851815;0.01498929336188437;0.00020300770114793033;0.040787192821454155;0.0530233506678902;0.0009856338847408315;0.1060467013357804;0.0;53.70478687;86.84821855
-1.9454257279889815;1.8734749430130935;-0.03647991572890019;-0.061180789232181;0.06145398219735163;0.0224329560517997;2.4948377270607653;1.5137714349827025;2.2915039573695903;6.1102452309470525;4.605374784851815;0.01498929336188437;0.00020610383646968254;0.040787192821454155;0.0530233506678902;0.0010858308311794491;0.1060467013357804;0.0;53.70493831;86.84881543
-5.392631136662876;2.1089746196024413;0.065434505685392;0.0224329560517997;0.06290404362930059;0.0224329560517997;5.617534785513362;1.6254258671516786;2.6420092496057865;6.1102452309470525;4.605374784851815;0.01498929336188437;0.00019836349816530402;0.040787192821454155;0.0530233506678902;0.001373667441408686;0.1070663811563168;30.0;53.705057769999996;86.84938801
-1.8974042306885217;2.583806775403544;2.2245771177677716;-0.020393596410727;0.05839085495946767;0.0224329560517997;2.393458165378204;1.631610436921834;2.6621526178722585;6.1102452309470525;4.605374784851815;0.04150096869582964;0.0003028234070432008;0.059141429591108574;0.0530233506678902;0.001985870437566331;0.14071581523401638;0.0;53.70513737;86.84991049
-0.03647991572890019;2.4266347735089013;2.2245771177677716;-0.1203222188232894;0.06097992246119463;0.0224329560517997;1.5048704460952373;1.290297035395146;1.6648664395495028;5.617534785513362;4.112664339418124;0.04150096869582964;0.0002992882674594101;0.059141429591108574;0.0418068726419904;0.0017479763385159417;0.1294993372081166;0.0;53.705176570000006;86.85037976999999
-1.0755310899781836;2.3325849254850124;2.2245771177677716;-0.1702865300295707;0.0636844267982334;0.0224329560517997;1.9730236743462173;1.2386370249008585;1.5342216794552497;5.617534785513362;4.210725365794119;0.04150096869582964;0.000341501993077617;0.060161109411644764;0.0418068726419904;0.0016287173649098244;0.1294993372081166;30.0;53.70517717;86.85080277
0.065434505685392;2.3298515761690153;2.2245771177677716;-0.1254206179259712;0.06783310954552947;0.0224329560517997;1.559376417599074;1.2298814753348202;1.5126084433717542;5.617534785513362;4.210725365794119;0.04150096869582964;0.00031758781354020887;0.060161109411644764;0.0418068726419904;0.0016259793646439464;0.1294993372081166;0.0;53.70514075999999;86.85118108
2.2245771177677716;2.3076875320383197;2.2245771177677716;-0.0316100744366269;0.07010779750168004;0.0224329560517997;2.668750150232305;1.2695717262820112;1.611812368174686;5.617534785513362;4.300879442041145;0.04150096869582964;0.00031419130688127274;0.060161109411644764;0.0418068726419904;0.0015949255894765293;0.1294993372081166;0.0;53.70504709000001;86.85145349
1.714714612739611;1.3586997022737142;2.2245771177677716;-0.0040787192821454;0.06970389845012849;0.0193739165901906;2.0692237426247737;0.4437442331765621;0.1969089444774551;2.668750150232305;1.3520948067600886;0.04150096869582964;0.0003144685727309818;0.060161109411644764;-0.0193739165901906;0.0005322233512603189;0.0683185479759356;0.0;53.704917;86.85167156
1.2363757667696413;1.0408875235345214;2.2245771177677716;0.003059039461609;0.07111173279908047;0.0193739165901906;1.4068094197192436;0.39799764085306577;0.15840212212460592;2.668750150232305;1.3520948067600886;0.04150096869582964;0.0003210767421490483;0.060161109411644764;-0.0346691138982359;0.00030295915178212305;0.0530233506678903;0.0;53.70474926000001;86.85184174000001
1.7192558711720096;0.9825929774314954;2.2245771177677716;0.0193739165901906;0.0667770487437204;0.0193739165901906;1.7477089920963684;0.38796536776883056;0.15051712658800395;2.668750150232305;1.3520948067600886;0.04150096869582964;0.000311797000741597;0.060161109411644764;-0.0346691138982359;0.00027020712328523755;0.0530233506678903;0.0;53.704550489999995;86.85195529
1.3092370791028873;0.5638453839635954;2.2245771177677716;0.0101967982053634;0.04364433457214246;0.0193739165901906;1.3166553434722164;0.38581730577726275;0.14885499343722586;2.668750150232305;1.3520948067600886;0.04150096869582964;0.00028750446884677375;0.060161109411644764;-0.0540430304884266;8.416173813044492e-05;0.0336494340776996;0.0;53.70433445;86.85202853000001
1.5499190022434517;0.32387071480882385;2.2245771177677716;0.0183542367696543;0.014845205944808197;0.0193739165901906;1.617010512796872;0.38911125496868;0.15140756874330108;2.668750150232305;1.3520948067600886;0.04150096869582964;0.00028965327918201926;0.060161109411644764;-0.0713775874375446;2.190400212701857e-05;0.016314877128581595;0.0;53.704112959999996;86.85207072
1.7300602833550753;0.24347622771623587;1.7300602833550753;0.0061180789232181;0.008312458138015079;0.0193739165901906;1.8762243926750661;0.41807907668846817;0.17479011436468206;2.791689334243359;1.4750339907711427;0.01498929336188437;0.00010041933675557152;0.03364943407769949;-0.0713775874375446;1.6046761051914453e-05;0.012236157846436196;0.0;53.70389238;86.85209846000001
1.6747143348156763;0.3012815857160616;2.0688624918740484;0.0152951973080452;0.010309473429253504;0.0336494340776996;1.9065664008082759;0.6022293613667145;0.36268020369216075;3.246192736212418;1.9295373927402015;0.01498929336188437;0.00010351547207732343;0.03364943407769949;-0.0713775874375446;2.4087470693477682e-05;0.016314877128581595;0.0;53.70367241;86.85211656999999
1.4980831093070268;0.3551459163548031;2.0688624918740484;0.0040787192821454;0.009797537839581663;0.0336494340776996;1.9170879212519767;0.5812362023923144;0.33783552297143954;3.246192736212418;1.9295373927402015;0.01498929336188437;7.384802615845243e-05;0.026001835423677178;-0.0672988681553992;3.721138757970742e-05;0.020393596410726994;0.0;53.70345152;86.85212096000001
1.0690561057624848;0.3537424142333844;2.0688624918740484;-0.0020393596410727;0.009635239938766122;0.0336494340776996;2.1558692785445808;0.5802497627634504;0.3366897871870405;3.246192736212418;1.9295373927402015;0.01498929336188437;7.427258949081931e-05;0.026001835423677178;-0.0672988681553992;3.669151411150301e-05;0.020393596410726994;0.0;53.703208399999994;86.85210823999999
1.2381109187950186;0.3616500276145081;2.0688624918740484;0.0142755174875089;0.010900457299768742;0.0336494340776996;2.791689334243359;0.5247076954670584;0.27531816568235135;3.246192736212418;1.629182223415546;0.01498929336188437;7.978324825378743e-05;0.026001835423677178;-0.0672988681553992;3.793921043519383e-05;0.020393596410726994;0.0;53.70296607;86.85208351
2.0688624918740484;0.36736784490664715;2.0688624918740484;0.0336494340776996;0.011666313641247065;0.0336494340776996;3.246192736212418;0.4642234002076527;0.21550336530035447;3.246192736212418;1.3699683435373518;0.01498929336188437;8.882904660054608e-05;0.026001835423677178;-0.0672988681553992;3.869013877815598e-05;0.020393596410726994;0.0;53.70273185;86.85205409
0.8721777639514201;0.3690750191590541;2.0688624918740484;0.0142755174875089;0.011950644596572572;0.0336494340776996;2.4920334978749237;0.44746549799306473;0.20022537189418144;3.246192736212418;1.339626335404142;0.01498929336188437;7.699903701295847e-05;0.026001835423677178;-0.0672988681553992;3.738467873577568e-05;0.020393596410726994;0.0;53.70251038;86.85201437999999
1.1907288831187737;0.4058760243770611;2.0688624918740484;0.0163148771285816;0.01235840444396803;0.0336494340776996;2.5308452275781748;0.4061968807801986;0.1649959059555629;3.246192736212418;1.3291048149604412;0.011930253900275356;7.441122241567398e-05;0.02549199551340886;-0.0672988681553992;4.995406392258711e-05;0.021413276231263295;0.0;53.70227635;86.85196979
1.7002607535710652;0.5151431966618675;2.460679052096908;-0.003059039461609;0.01302826923205249;0.0336494340776996;2.8447189188516933;0.371495149360101;0.13800864599808374;3.38742368472443;1.2315544061798493;0.019068012644029797;9.877884714479307e-05;0.0326297542571633;-0.0672988681553992;7.486177942145258e-05;0.026511675333945092;0.0;53.70204441;86.85192473
1.2214223940403217;0.4876795036241878;2.460679052096908;-0.0040787192821454;0.020720182213797532;0.0693382277964719;2.6259975768864887;0.29367862649212206;0.08624713565829935;3.38742368472443;0.8953901868495064;0.019068012644029797;0.00010007275444343526;0.0326297542571633;-0.0672988681553992;6.76528673290165e-05;0.026511675333945092;0.0;53.70181165;86.85188653
1.7482007218003863;0.557042700845929;2.621473586388067;0.0188640766799225;0.024268534441596882;0.0693382277964719;2.988913285805375;0.36126330462074807;0.1305111752655034;3.574905877687864;1.0828723798129403;0.019068012644029797;9.537945229992222e-05;0.0326297542571633;-0.0672988681553992;9.140819664002825e-05;0.0311002345263586;0.0;53.701583289999995;86.85185785
2.000964406302568;0.6359774486242913;2.7573941540533884;0.0214132762312633;0.024773125378714518;0.0693382277964719;3.0199943257200643;0.4250906569701735;0.18070206664333371;3.7101327768280674;1.2180992789531437;0.019068012644029797;8.456608416126817e-05;0.0326297542571633;-0.0672988681553992;0.00012234644437006633;0.03364943407769959;0.0;53.701357269999995;86.85183663000001
2.460679052096908;0.5394658553136222;2.7573941540533884;0.0275313551544814;0.02510434553169382;0.0693382277964719;3.38742368472443;0.3839911936693762;0.14744923681563235;3.7101327768280674;1.1792875492498927;0.019068012644029797;8.363031191850021e-05;0.0326297542571633;-0.0734169470786173;8.607082903312853e-05;0.02753135515448149;0.0;53.701137110000005;86.85182383
1.7475797542738505;0.48442675969050303;2.7573941540533884;0.0693382277964719;0.02889337737566342;0.0693382277964719;2.970352217247643;0.34045287613050723;0.1159081608655345;3.7101327768280674;1.0841351999415787;0.019068012644029797;0.0001471848434065036;0.04384623228306317;-0.0744366268991536;7.27851737345685e-05;0.02651167533394519;30.0;53.700941320000005;86.85182516
2.621473586388067;0.47334818115629795;2.7573941540533884;0.0622004690527174;0.030161769815164496;0.0693382277964719;3.574905877687864;0.3270421186728075;0.10695654738599873;3.7101327768280674;1.0841351999415787;0.019068012644029797;0.00013540104479386743;0.04384623228306317;-0.0744366268991536;6.784059941475657e-05;0.02651167533394519;0.0;53.700747879999994;86.85183396
2.7573941540533884;0.581855432020981;2.7573941540533884;0.0428265524625267;0.02781419573539786;0.0693382277964719;3.7101327768280674;0.35915734145965683;0.12899399592436853;3.7101327768280674;1.2426390510714507;0.019068012644029797;0.00013489272406940088;0.04384623228306317;-0.0652595085143265;0.00010651918544917284;0.03568879371877229;0.0;53.70055511;86.85184087
1.9946581921312623;0.5846173465280142;2.7573941540533884;0.0091771183848271;0.030344351526805015;0.0693382277964719;3.139774787974603;0.36344749357363393;0.13209408058495667;3.7101327768280674;1.2426390510714507;0.019068012644029797;0.00012738344063978;0.04384623228306317;-0.0652595085143265;0.00010651918544917284;0.03568879371877229;0.0;53.700357170000004;86.85185797
2.3990143624441798;0.8107866779623103;2.7573941540533884;-0.0193739165901906;0.032164797456231776;0.0693382277964719;3.376801361083211;0.42892684211435206;0.18397823588619028;3.7101327768280674;1.273507352150848;0.019068012644029797;0.00013923655571484276;0.04384623228306317;-0.0560823901294993;0.00021040145714017463;0.04486591210359949;0.0;53.70017573;86.85188901
1.8642951716489264;0.8963080035073453;2.7573941540533884;0.0647496686040583;0.03280141792639487;0.0693382277964719;3.008949387035448;0.47114392129104243;0.2219765945695;3.7101327768280674;1.3373407520278486;0.013969613541347958;0.00010076591906770828;0.03874783318038133;-0.0560823901294993;0.00025843776560227275;0.04486591210359949;0.0;53.69999138000001;86.85193762
0.7424384150813785;0.9040534301001466;2.7573941540533884;0.0295707147955541;0.031456245633184075;0.0647496686040583;2.4674937257566167;0.4979811511535205;0.24798522690418542;3.7101327768280674;1.3373407520278486;0.013969613541347958;0.00011576138043947413;0.03874783318038133;-0.0560823901294993;0.00026167253384887863;0.04486591210359949;0.0;53.699805149999996;86.85199459
1.7009367730356626;0.830458316404401;2.7573941540533884;-0.0071377587437544;0.03538356726712674;0.0836137452839808;2.9212030089008114;0.4584997337386512;0.21022200583841408;3.7101327768280674;1.3373407520278486;0.013969613541347958;0.00011830009587587263;0.03874783318038133;-0.0560823901294993;0.00022416943948979167;0.04486591210359949;0.0;53.69960450999999;86.85206274999999
0.25527350377384384;0.7119548750044249;2.3990143624441798;-0.0040787192821454;0.0343749999735797;0.0836137452839808;2.4366254246772194;0.4165163369128592;0.17348585891530643;3.376801361083211;1.3662027504906225;0.013969613541347958;0.00021977939686939585;0.05098399102681761;-0.0560823901294993;0.00016723751834952746;0.04078719282145409;0.0;53.699396639999996;86.85213648
0.40361854537099395;0.7230532745567041;2.3990143624441798;0.0071377587437544;0.034297277670052834;0.0836137452839808;2.372792024800219;0.3837632611345815;0.14727424059664898;3.376801361083211;1.3662027504906225;0.013969613541347958;0.00021752661184050968;0.05098399102681761;-0.0560823901294993;0.00017282904631866057;0.04078719282145409;0.0;53.699162320000006;86.8522196
1.2484171738763683;0.6554754503166609;2.094381072018585;-0.0183542367696543;0.032007092837151474;0.0836137452839808;2.4900597515054694;0.2806827527642687;0.07878280769932756;3.008949387035448;0.9983507764428596;0.013969613541347958;0.00018471681962493536;0.05098399102681761;-0.0560823901294993;0.0001357707325934814;0.033649434077699596;0.0;53.698924680000005;86.85230708
1.6067390057561806;0.7372132529391635;2.4646609195397717;0.0836137452839808;0.02787974446490126;0.0836137452839808;2.5568978156434383;0.25596943290461793;0.0655203505815117;2.9212030089008114;0.910604398308223;0.013969613541347958;0.00018785916592163816;0.05098399102681761;-0.0560823901294993;0.00017389478692847986;0.04078719282145409;30.0;53.69868768;86.85240032
0.993195601079996;0.8327772496882697;2.8017137975493203;0.0132558376669725;0.02770578468333984;0.0836137452839808;2.0105986105925884;0.3207353089026609;0.10287113837688532;3.131621769685221;1.1210231590926325;0.013969613541347958;0.0001984876901604863;0.05098399102681761;-0.0560823901294993;0.00021190331382609954;0.04486591210359949;30.0;53.69845173;86.85249717
2.094381072018585;0.917440621210371;2.8017137975493203;0.0152951973080452;0.02676667621592685;0.0836137452839808;2.595174208948806;0.34164918264744637;0.11672416400366818;3.131621769685221;1.1210231590926325;0.013969613541347958;0.0004947924615495881;0.07545630671968995;-0.0560823901294993;0.00028537876399900553;0.0509839910268176;30.0;53.69820895;86.85259999
1.9028549524718494;1.2280144254961032;4.820825675299463;0.0122361578464362;0.02608135548682269;0.0836137452839808;2.4160396052259783;0.8121496122537026;0.6595869926838396;4.949042084096121;2.9384434735035323;0.020087692464565987;0.0005344414780579859;0.08157438564290798;-0.0601611094116447;0.0004401624245990987;0.0744366268991537;0.0;53.69797423;86.85269807
2.4646609195397717;1.21490319543714;4.820825675299463;0.0081574385642908;0.02595681056665218;0.0836137452839808;2.865813924899678;0.9059595875536546;0.8207627742803879;4.949042084096121;2.9384434735035323;0.020087692464565987;0.0006300981962076183;0.08157438564290798;-0.0723972672580809;0.00040915486040663256;0.062200469052717505;0.0;53.69774844;86.85278459999999
2.8017137975493203;1.2489675282594535;4.820825675299463;0.0265116753339451;0.024267522839838608;0.0836137452839808;3.131621769685221;0.9868884670707054;0.973948846437167;4.949042084096121;2.9384434735035323;0.020087692464565987;0.0006820277793093819;0.08157438564290798;-0.0723972672580809;0.0004238730559286892;0.062200469052717505;0.0;53.697534929999996;86.85286037
2.7593143738723738;1.2072576205241077;4.820825675299463;0.0112164780258998;0.01557623739030658;0.0265116753339451;3.073267220075458;0.9929267152776138;0.9859034619119915;4.949042084096121;2.9384434735035323;0.020087692464565987;0.0007275022668476056;0.08157438564290798;-0.0723972672580809;0.00038396987905805737;0.062200469052717505;30.0;53.69733871999999;86.85292784
4.820825675299463;1.0726890095411057;4.820825675299463;0.0071377587437544;0.01856825474063844;0.0265116753339451;4.949042084096121;0.9433562028459602;0.8899209254479484;4.949042084096121;2.5330024788701424;0.020087692464565987;0.0006328852956343818;0.08157438564290798;-0.0861629448353217;0.0003024046200827018;0.048434791475476704;0.0;53.69715387;86.85299131000001
4.108166101302672;1.0620604033112526;4.820825675299463;0.0244723156928724;0.01908864651248531;0.0265116753339451;4.2729007835028465;0.9522379906893486;0.9067571909120878;4.949042084096121;2.5330024788701424;0.020087692464565987;0.0006975806605665004;0.08157438564290798;-0.0861629448353217;0.0003024046200827018;0.048434791475476704;0.0;53.696995089999994;86.85305013
4.263678630795596;1.064834599805098;4.820825675299463;-0.0061180789232181;0.019088646512485298;0.0265116753339451;4.47522782903999;0.9877439179406884;0.9756380474288213;4.949042084096121;2.8479078747298328;0.020087692464565987;0.0007115594804893331;0.08157438564290798;-0.0866727847455898;0.00030037422537077;0.04792495156520861;0.0;53.69684075;86.85310571
2.0878024549436587;1.0807777175956805;4.820825675299463;-0.0275313551544814;0.0191731141377526;0.0265116753339451;2.4813177158666186;1.0072614526701216;1.0145756340351235;4.949042084096121;2.8479078747298328;0.020087692464565987;0.0007055520537456363;0.08157438564290798;-0.0866727847455898;0.00031146485935913324;0.04792495156520861;0.0;53.6966865;86.85316138
1.9869969243097136;1.0927739174709092;4.820825675299463;-0.0244723156928724;0.01729619319654934;0.0244723156928724;2.4310407813228903;1.0163350888619442;1.032937012852016;4.949042084096121;2.8479078747298328;0.026205771387784238;0.0007915968891053537;0.08769246456612623;-0.0866727847455898;0.0003139602520065149;0.04792495156520861;0.0;53.69653068;86.85322316
2.226057383760825;1.0904298925787066;4.820825675299463;-0.014785357397777;0.01721216315325161;0.0244723156928724;2.4901285944336116;1.0145994457619874;1.0294120353405318;4.949042084096121;2.8479078747298328;0.03538288977261139;0.00046014867126562556;0.0657693484245947;-0.0866727847455898;0.00031354435323195125;0.04792495156520861;0.0;53.69638775999999;86.85327992
1.8775848358547362;0.9708727275357875;4.263678630795596;-0.0112164780258998;0.018342903494866034;0.0244723156928724;2.101134209366288;0.9013479886181689;0.8124281965860187;4.47522782903999;2.374093619673702;0.03538288977261139;0.0004397003148495814;0.0657693484245947;-0.0866727847455898;0.0002507667437603204;0.0387478331803814;0.0;53.6962439;86.85333574
2.204646977665303;0.8796957607770541;4.263678630795596;0.0096869582950953;0.01982112621623612;0.0331395941674314;2.525297053068747;0.8180151126079724;0.6691487244550338;4.47522782903999;2.374093619673702;0.03538288977261139;0.00042983138351149886;0.0657693484245947;-0.0866727847455898;0.00020564172672016812;0.0387478331803814;0.0;53.69609642;86.85339306
3.4516859257932966;0.7457032343546975;4.065882311597066;0.0112164780258998;0.019715567853974034;0.0331395941674314;3.633840440366344;0.668768235709318;0.4472509530937539;4.2322008412542;2.1310666318879123;0.03538288977261139;0.0004511808539390977;0.0657693484245947;-0.0846334251045171;0.0001515748860268982;0.0387478331803814;30.0;53.695925669999994;86.85346806999999
3.0937794679315607;0.9116851547826726;4.065882311597066;0.0101967982053635;0.018983883714959793;0.0331395941674314;3.283457201093324;0.7408828861469017;0.5489074509853629;4.2322008412542;2.4240953565733174;0.03538288977261139;0.0003301803042144957;0.0509839910268175;-0.0683185479759355;0.00023394594887797058;0.055062710308962995;0.0;53.695750180000005;86.85354858000001
4.065882311597066;1.0367296432984838;4.065882311597066;0.0193739165901906;0.017508298099497444;0.0356887937187723;4.2322008412542;0.8021496289842064;0.6434440272794999;4.2322008412542;2.452854425847775;0.03538288977261139;0.0003003742253707695;0.0509839910268175;-0.0672988681553992;0.00030771888220212685;0.056082390129499296;0.0;53.695574050000005;86.85364892999999
2.7218769801490357;1.4938201184594282;4.065882311597066;0.0331395941674314;0.020233572794371504;0.0356887937187723;2.9839593231754105;0.8279664805462638;0.6855284929081666;4.2322008412542;2.452854425847775;0.03538288977261139;0.0003647923244531768;0.05812174977057172;-0.0346691138982359;0.0006458445859223492;0.08871214438666261;0.0;53.69539834999999;86.85377019
1.946520026370825;1.4931694248516378;4.065882311597066;0.0025491995513408;0.019990593958731834;0.0356887937187723;2.4164429474338194;0.8025554225133665;0.6440952062056083;4.2322008412542;2.452854425847775;0.10370143774854701;0.001294741984377429;0.12644029774650734;-0.0346691138982359;0.0006532383419145914;0.08871214438666261;0.0;53.695228099999994;86.85392250000001
0.8777211624858929;1.5836851018957354;4.065882311597066;0.0305903946160905;0.028366532288719448;0.0356887937187723;1.8081054846808828;0.8618382456711218;0.7427651617014768;4.2322008412542;2.4881745841497245;0.10370143774854701;0.0013743837115204303;0.12644029774650734;-0.0346691138982359;0.0007197821458447709;0.08871214438666261;30.0;53.69506701;86.85410700999999
0.8543460481503593;1.7449840399583192;4.065882311597066;0.0356887937187723;0.03453824123197885;0.0672988681553992;1.779346415406425;0.8162905612893964;0.6663302804501577;4.2322008412542;2.4881745841497245;0.10370143774854701;0.0014775266076122052;0.12644029774650734;-0.0305903946160905;0.0008729715278090377;0.092790863668808;0.0;53.69491889;86.85432241
-1.059269105666396;1.70341057112718;4.065882311597066;-0.0285510349750178;0.03453811579748611;0.0672988681553992;2.052120251270881;0.827258447538517;0.6843565390238373;4.2322008412542;2.802257627162972;0.10370143774854701;0.0014359367301558428;0.12644029774650734;-0.0305903946160905;0.0008499238040519709;0.092790863668808;0.0;53.69478690999999;86.85456674999999
2.0060436532015062;1.6635230620969244;2.7218769801490357;-0.0091771183848271;0.03652473095475766;0.0672988681553992;2.705720146485699;0.5553650063375444;0.30843029026430074;2.995512993455864;1.5655697793646357;0.10370143774854701;0.0017543303475717692;0.15193229325991653;-0.0086672784745589;0.0007855894623616621;0.09228102375853989;60.0;53.69466955;86.85483595000001
0.3134886794225742;1.4716952798644305;2.0060436532015062;-0.0520036708473539;0.03687916417457335;0.0672988681553992;1.7440262571044758;0.4891307296708316;0.23924887070832013;2.995512993455864;1.5655697793646357;0.10370143774854701;0.001802600599094559;0.15193229325991653;-0.0086672784745589;0.0005931207516886095;0.07596614662995821;60.0;53.69456819;86.85512627
-1.2904734958437205;1.385105236068331;2.0060436532015062;0.0672988681553992;0.03779224994056529;0.0672988681553992;1.9260254750392012;0.478294275222679;0.22876541371078776;2.995512993455864;1.5655697793646357;0.10370143774854701;0.001750359091911873;0.15193229325991653;-0.0086672784745589;0.000524035344136098;0.0698480677067401;60.0;53.69450176;86.85542848
-0.35949030270091065;1.6070934059528623;2.0060436532015062;0.011726317936168;0.03710507623247673;0.0672988681553992;1.4299432140912283;0.607312769771531;0.36882880032756865;3.227448626590658;1.7975054124994296;0.10370143774854701;0.002320047991114126;0.17946364841439788;0.0010196798205363;0.0007165040548091497;0.0795350260018353;60.0;53.69445513000001;86.85575048999999
-2.526437267523121;1.5377092385947055;2.0060436532015062;-0.0285510349750178;0.0357390948458906;0.0672988681553992;2.995512993455864;0.6470372354644369;0.41865718407746116;3.227448626590658;1.8564631756451127;0.10370143774854701;0.0023907276773024663;0.17946364841439788;0.0010196798205363;0.0006444149338847891;0.0795350260018353;60.0;53.694423730000004;86.85608261
1.054456285625073;1.5647143655262148;2.0060436532015062;0.0372183134495768;0.035162283594378146;0.0672988681553992;1.782213443788294;0.6544527881418589;0.4283084519066529;3.227448626590658;1.8564631756451127;0.1210359946976649;0.004094595640227185;0.19679820536351578;0.0010196798205363;0.0006798356461851239;0.0795350260018353;60.0;53.69440863;86.85642078999999
-1.185515927073871;1.2809630545669666;1.054456285625073;0.0336494340776996;0.03653085873802141;0.0672988681553992;1.8044027012285149;0.7909933621517408;0.6256704989681149;3.227448626590658;2.7876709709624836;0.1210359946976649;0.0030152690037721667;0.19679820536351578;0.0010196798205363;0.0005152090479203584;0.0734169470786172;60.0;53.69440809;86.85675305
-3.0543085599115;1.199431096244763;1.054456285625073;0.003059039461609;0.031148209769596067;0.0672988681553992;3.227448626590658;0.8267382173942265;0.6834960801001834;3.227448626590658;2.7876709709624836;0.1210359946976649;0.0029831494879949292;0.19679820536351578;0.0010196798205363;0.0004458925854930891;0.0734169470786172;60.0;53.69442177;86.85707393
-1.085279229763221;1.2131377346318895;1.054456285625073;0.0081574385642908;0.026045950802723393;0.0372183134495768;1.3709854509455452;0.825603502403576;0.6816211431810516;3.227448626590658;2.7876709709624836;0.1210359946976649;0.0029545102362687307;0.19679820536351578;0.0010196798205363;0.0004567059536317432;0.0734169470786172;60.0;53.69444335000001;86.85738479
-1.671302547659831;1.257937571631678;1.054456285625073;-0.0224329560517997;0.027063488323528194;0.0372183134495768;1.7936512866713412;0.857510533894375;0.7353243157398162;3.227448626590658;2.7876709709624836;0.1210359946976649;0.0029393674774143065;0.19679820536351578;0.0010196798205363;0.0004917569781324664;0.0734169470786172;60.0;53.69446888;86.85769447999999
0.13829431095452804;1.586269259185203;1.054456285625073;-0.0285510349750178;0.025862059057709715;0.0372183134495768;0.43977765562817434;1.1767944234194825;1.3848451149911922;4.5917411329884255;4.151963477360251;0.1210359946976649;0.002959815833830348;0.19679820536351578;0.0285510349750178;0.0007926221951120952;0.1009483022330987;60.0;53.6944927;86.85801013999999
-1.0795361347565953;1.5302342279013765;0.13829431095452804;0.0183542367696543;0.028016000744884816;0.0489446313857448;1.0935959437822707;1.4094140470942111;1.9864479561464832;4.5917411329884255;4.151963477360251;0.1210359946976649;0.004115506106392743;0.2324869990822882;0.0285510349750178;0.0007388672784997478;0.081574385642908;60.0;53.69451454;86.85832638000001
-1.6959604179259358;1.494592823579795;0.13829431095452804;-0.0300805547058223;0.0261797815724139;0.0489446313857448;1.697801536073763;1.3990675103239194;1.9573898984439704;4.5917411329884255;4.151963477360251;0.1210359946976649;0.005399593572857914;0.2324869990822882;0.0285510349750178;0.000703203958580918;0.081574385642908;60.0;53.69453856;86.858632
-2.6020644507690225;2.8275324643426987;0.13829431095452804;-0.0275313551544814;0.05211465641759275;0.0489446313857448;2.6218280036981425;2.7578395870032075;7.605679187642023;9.873856172273461;9.434078516645286;0.1210359946976649;0.004757769341756348;0.2324869990822882;0.1203222188232894;0.0024806513463721805;0.1733455694911796;60.0;53.69456606999999;86.85892831
-4.557066048354666;2.7799694312404073;0.13829431095452804;-0.0122361578464362;0.05117310247325524;0.0489446313857448;4.5917411329884255;2.7251431950046894;7.426405433280367;9.873856172273461;9.434078516645286;0.1210359946976649;0.004568674032254756;0.2324869990822882;0.1203222188232894;0.00237594882987579;0.1733455694911796;60.0;53.69457929;86.85921289000001
-4.470070491285525;2.7509993433824538;0.13829431095452804;0.0489446313857448;0.05403664375157538;0.0489446313857448;4.540978672200977;2.680794397673227;7.18665860259616;9.873856172273461;9.434078516645286;0.09962271846640158;0.0029730090671790076;0.21107372285102488;0.1203222188232894;0.0023423447865282363;0.1733455694911796;60.0;53.694588575;86.859460255
-2.351432486589876;2.5468030232931205;-1.0795361347565953;-0.0265116753339451;0.05422552189099442;0.0489446313857448;2.5633463118736337;2.4981885082264954;6.240945822634922;9.873856172273461;8.78026022849119;0.09962271846640158;0.0028076893042899686;0.21107372285102488;0.1203222188232894;0.0020342331110390233;0.15397165290098902;60.0;53.694593175;86.859672215
-9.796285239676251;2.4053651674981196;-1.6959604179259358;-0.15091261343938;0.05129450100700894;0.0489446313857448;9.873856172273461;2.3347533677227443;5.451073288092696;9.873856172273461;8.176054636199698;0.09962271846640158;0.0028505499835574967;0.21107372285102488;0.1203222188232894;0.0018113575788478759;0.1427551748750891;60.0;53.694596425;86.859846985
-4.335280876427714;2.3305104739826077;-1.7424137560609168;-0.0387478331803813;0.05124461782732012;0.0489446313857448;4.559304099426293;2.2126341425221825;4.895749848654873;9.873856172273461;7.437797489352419;0.09962271846640158;0.002787472002748681;0.21107372285102488;0.1203222188232894;0.0017043329608601716;0.1427551748750891;60.0;53.694600785;86.85998958500001
-2.215043964916276;2.3305104739826077;-1.7424137560609168;-0.0825940654634444;0.05124461782732012;0.0489446313857448;2.7169900621204506;2.2126341425221825;4.895749848654873;9.873856172273461;7.437797489352419;0.09962271846640158;0.002787472002748681;0.21107372285102488;0.1203222188232894;0.0017043329608601716;0.1427551748750891;60.0;53.694600785;86.85998958500001
-1.7424137560609168;2.3305104739826077;-1.7424137560609168;-0.0183542367696543;0.05124461782732012;0.0489446313857448;2.4360586829210424;2.2126341425221825;4.895749848654873;9.873856172273461;7.437797489352419;0.09962271846640158;0.002787472002748681;0.21107372285102488;0.1203222188232894;0.0017043329608601716;0.1427551748750891;60.0;53.694600785;86.85998958500001
-4.121069695830086;2.3305104739826077;-1.7424137560609168;-0.0433363923727949;0.05124461782732012;0.0489446313857448;4.49733793302697;2.2126341425221825;4.895749848654873;9.873856172273461;7.437797489352419;0.09962271846640158;0.002787472002748681;0.21107372285102488;0.1203222188232894;0.0017043329608601716;0.1427551748750891;60.0;53.694600785;86.85998958500001
-2.656759333221033;2.3305104739826077;-1.7424137560609168;-0.0336494340776996;0.05124461782732012;0.0489446313857448;3.2437645497758254;2.2126341425221825;4.895749848654873;9.873856172273461;7.437797489352419;0.09962271846640158;0.002787472002748681;0.21107372285102488;0.1203222188232894;0.0017043329608601716;0.1427551748750891;0.0;53.694600785;86.85998958500001
-2.688470800960948;2.1282514061679594;2.781830730041013;-0.0356887937187723;0.04553685168846993;0.0071377587437544;2.712939875032512;0.8203184283476045;0.6729223238866839;4.056310521712681;3.019815216744024;0.029264810849393252;0.0008037936983066193;0.0856531049250534;0.023452635872336;0.0013723071058335415;0.1060467013357804;0.0;53.72298833;86.83612753
-0.9769974597778921;2.1282514061679594;2.781830730041013;0.0071377587437544;0.04553685168846993;0.0071377587437544;1.0364953049686572;0.8203184283476045;0.6729223238866839;4.056310521712681;3.019815216744024;0.029264810849393252;0.0008037936983066193;0.0856531049250534;0.023452635872336;0.0013723071058335415;0.1060467013357804;0.0;53.72298833;86.83612753
2.781830730041013;2.1282514061679594;2.781830730041013;-0.092790863668808;0.04553685168846993;0.0071377587437544;2.9483572285793427;0.8203184283476045;0.6729223238866839;4.056310521712681;3.019815216744024;0.029264810849393252;0.0008037936983066193;0.0856531049250534;0.023452635872336;0.0013723071058335415;0.1060467013357804;30.0;53.72298833;86.83612753
-2.7605932290375965;2.1282514061679594;2.781830730041013;-0.092790863668808;0.04553685168846993;0.0071377587437544;3.153311591621193;0.8203184283476045;0.6729223238866839;4.056310521712681;3.019815216744024;0.029264810849393252;0.0008037936983066193;0.0856531049250534;0.023452635872336;0.0013723071058335415;0.1060467013357804;30.0;53.72298833;86.83612753
1.780064601365401;2.1282514061679594;2.781830730041013;-0.0499643112062812;0.04553685168846993;0.0071377587437544;2.67490247582871;0.8203184283476045;0.6729223238866839;4.056310521712681;3.019815216744024;0.029264810849393252;0.0008037936983066193;0.0856531049250534;0.023452635872336;0.0013723071058335415;0.1060467013357804;30.0;53.72298833;86.83612753
-3.268742324089863;2.1282514061679594;2.781830730041013;-0.0734169470786173;0.04553685168846993;0.0071377587437544;4.056310521712681;0.8203184283476045;0.6729223238866839;4.056310521712681;3.019815216744024;0.029264810849393252;0.0008037936983066193;0.0856531049250534;0.023452635872336;0.0013723071058335415;0.1060467013357804;30.0;53.72298833;86.83612753
-0.2727291994823815;2.2159477163883476;2.8618136402373375;-0.0856531049250535;0.044187726947787415;0.0071377587437544;2.7540847856859907;0.9445024766402303;0.8920849283795289;4.526047177127913;3.4895518721592564;0.029264810849393252;0.0009608301439355998;0.0856531049250534;0.023452635872336;0.0015392904638208338;0.11216478025899851;30.0;53.72287593;86.83614313
2.0912896064957627;2.2561025003582187;2.8618136402373375;-0.0576119098603038;0.04736266721012699;-0.037728153359845;3.669880841835433;0.613055199023116;0.37583667704927237;4.526047177127913;1.8511447012992033;0.026205771387784238;0.0009630829289644872;0.08259406546344439;0.023452635872336;0.0016160237877278212;0.11216478025899851;30.0;53.72275956;86.83614964
-0.8817065666670088;2.208694843138462;2.8618136402373375;-0.1631487712858162;0.047728840493806296;-0.037728153359845;3.3544672463145213;0.6336044933953088;0.40145465405072595;4.526047177127913;1.8511447012992033;0.026205771387784238;0.0008939628631807607;0.08259406546344439;0.023452635872336;0.0015718923066491265;0.11216478025899851;30.0;53.72263846;86.83614118
-0.8011629221018088;2.211557827519357;4.06805775555847;-0.037728153359845;0.04780430029794013;-0.037728153359845;3.488175843435901;0.8282641443088287;0.6860214927476361;5.4132538436078;2.7383513677790896;0.026205771387784238;0.0009350328671689181;0.08259406546344439;0.023452635872336;0.0015491102959980323;0.12847965738758022;30.0;53.72250341;86.83609317
2.8618136402373375;2.198012371198242;4.06805775555847;-0.0622004690527174;0.04630741808647888;-0.037728153359845;4.526047177127913;0.7287305196223666;0.5310481702290843;5.4132538436078;2.659169057921809;0.026205771387784238;0.0009069481471421359;0.08259406546344439;0.023452635872336;0.0015333379126098942;0.12847965738758022;30.0;53.72236745;86.83602377
1.9339123826716689;1.7382289896572813;4.06805775555847;-0.1815030080554706;0.04712056676925946;-0.037728153359845;4.0639676032369465;0.7572687576473677;0.5734559713087877;5.4132538436078;2.659169057921809;0.026205771387784238;0.0006920671136176012;0.06729886815539932;-0.020393596410727;0.0009614308866099699;0.08463342510451721;30.0;53.722231220000005;86.83593106000001
2.357455448412054;1.6414964477945468;4.06805775555847;-0.0703579076170082;0.047384371196023914;-0.037728153359845;4.295409308993276;0.623832976790821;0.38916758293169695;5.4132538436078;2.0587865972932784;0.08330784133781999;0.0014697862693078315;0.12440093810543507;-0.020393596410727;0.0008359103258979218;0.08463342510451721;0.0;53.72209485;86.83582285
4.06805775555847;1.6681650397263872;4.06805775555847;-0.0764759865402263;0.04543916717521731;-0.037728153359845;5.4132538436078;0.6048407169006945;0.36583229282094615;5.4132538436078;2.0587865972932784;0.08330784133781999;0.0021502428754688625;0.12440093810543507;-0.020393596410727;0.000845475997712885;0.08463342510451721;0.0;53.721962139999995;86.83569526
0.4749787598387618;1.562674148671125;4.482619024068983;-0.0764759865402263;0.04142809629276896;-0.037728153359845;3.6473249564723083;0.6342760093286169;0.40230605600983577;5.4132538436078;1.9250780001718986;0.08330784133781999;0.002097007832324721;0.12440093810543507;-0.020393596410727;0.0007198399095634587;0.08871214438666261;0.0;53.721827139999995;86.83553722
3.020341615160043;1.1026232190557455;4.482619024068983;-0.1223615784643621;0.037178171980003415;-0.0571020699500356;4.579412625959733;0.5724084042089588;0.3276513812090467;5.4132538436078;1.7659288871354915;0.08330784133781999;0.00217248190716428;0.12440093810543507;-0.0438462322830631;0.0003477491392538749;0.0652595085143265;90.0;53.72169398;86.8353631
2.419483750641194;1.5093702203926167;5.971109036766389;-0.1121647802589986;0.03630085621190429;-0.0571020699500356;4.2158025101853145;0.8653587522903401;0.7488457701654941;6.48902484958061;2.8416998931083017;0.08330784133781999;0.001973162419454666;0.12032221882328964;-0.0438462322830631;0.0006238019508704771;0.09075150402773531;90.0;53.72156084999999;86.83517365
2.72831470784946;1.4593143233350647;5.971109036766389;-0.1040073416947078;0.020603532916670803;-0.0571020699500356;4.3269417838491275;0.8663924163160096;0.7506358190498937;6.48902484958061;2.8416998931083017;0.08330784133781999;0.0017118393561038584;0.10910574079738977;-0.0438462322830631;0.0005997722438956901;0.09075150402773531;90.0;53.721428939999996;86.83497006
4.482619024068983;1.4403785020716091;5.971109036766389;-0.0571020699500356;0.02073913058802472;-0.0571020699500356;5.3925669997605725;0.8608193708578904;0.7410099892441742;6.48902484958061;2.8416998931083017;0.08330784133781999;0.0015999423684447034;0.10910574079738977;-0.0438462322830631;0.0005941836041124914;0.09075150402773531;90.0;53.721299099999996;86.83475062
2.8868611013093712;1.4340932304164797;5.971109036766389;-0.0897318242071989;0.021597603324130833;-0.0571020699500356;3.9775341523430097;0.8216334011488393;0.6750814458834095;6.48902484958061;2.8416998931083017;0.08330784133781999;0.0016227012736083238;0.10910574079738977;-0.0438462322830631;0.0005911567852531673;0.09075150402773531;90.0;53.72118346999999;86.83453770999999
5.971109036766389;1.0736097724761693;5.971109036766389;-0.0723972672580809;0.022360805825401408;-0.0571020699500356;6.48902484958061;0.9200160004237666;0.8464294410357441;6.48902484958061;3.4887563641839274;0.08330784133781999;0.001703223897461335;0.10910574079738977;-0.0713775874375446;0.0003291405572780879;0.0632201488732538;90.0;53.721071300000006;86.83431802
3.250998083006981;1.1597219034550306;5.971109036766389;-0.0805547058223717;0.017850788945144483;-0.0571020699500356;4.050136060779149;0.9473042537084756;0.8973853490941719;6.48902484958061;3.4887563641839274;0.08330784133781999;0.0015178023604683873;0.10502702151524435;-0.0713775874375446;0.0004092010713815847;0.0632201488732538;90.0;53.72096594;86.83410002
3.763853638422738;1.0687076891971494;5.971109036766389;-0.0688283878862037;0.0146872638452367;-0.0571020699500356;4.454924267347427;0.948657827517821;0.8999516737108318;6.48902484958061;3.4887563641839274;0.08126848169674716;0.0010387100776585736;0.10298766187417152;-0.0764759865402263;0.0003200369952126402;0.058121749770572106;0.0;53.720870500000004;86.8338817
3.9535265703549323;1.0080972364410177;5.971109036766389;-0.0652595085143265;0.0165225368122452;-0.0285510349750178;4.344344770741999;0.9464210432221629;0.8957127910537273;6.48902484958061;3.4887563641839274;0.04150096869582964;0.0005456389749259295;0.063220148873254;-0.0846334251045171;0.00026035552106276085;0.04996431120628131;0.0;53.72078249;86.83366312999999
2.7256609893438046;1.0026084145820404;5.971109036766389;-0.0652595085143265;0.024667506985100514;-0.0081574385642908;3.0002684853966826;0.9030445680808988;0.8154894919404171;6.48902484958061;3.4887563641839274;0.04150096869582964;0.00040065204101555595;0.063220148873254;-0.0846334251045171;0.00026035552106276085;0.04996431120628131;0.0;53.72070088;86.83345096
5.0697233080857;0.9467677083707307;5.971109036766389;-0.0744366268991536;0.026392061564608604;-0.0081574385642908;5.194205455470647;0.9019699133130191;0.8135497245218952;6.48902484958061;3.4887563641839274;0.04150096869582964;0.00035143735269219415;0.063220148873254;-0.0846334251045171;0.00024330367130565272;0.04996431120628131;0.0;53.720620409999995;86.83323225000001
4.147188475559954;1.3750227267302393;7.769164252304158;-0.0571020699500356;0.026149756978430003;-0.0081574385642908;4.182220127373978;1.2364631901174667;1.5288412205154625;7.781747925533032;4.78147944013635;0.017028653002957195;0.0001695509552830371;0.03874783318038155;-0.0846334251045171;0.0005921041102396744;0.08769246456612631;0.0;53.72054189000001;86.83301549000001
4.68391248151341;1.7175967189862256;8.13331990729637;-0.0285510349750178;0.02435021600731426;-0.0081574385642908;4.684585882636645;1.6133804419768385;2.6029964505533787;8.141859081013752;5.141590595617069;0.017028653002957195;0.00018992999523665432;0.03874783318038155;-0.0846334251045171;0.0009018793808271434;0.09177118384827171;0.0;53.7204641;86.83278922000001
4.326942481366848;1.803554860401409;8.13331990729637;-0.0081574385642908;0.023334174520478253;-0.0081574385642908;4.34860225856153;1.7287359276862684;2.988527907673303;8.141859081013752;5.141590595617069;0.018048332823493385;0.00021631357374803388;0.03976751300091774;-0.0846334251045171;0.0009741302401638344;0.09177118384827171;0.0;53.720390769999995;86.83257509
5.0245771584182295;1.804764041719434;8.13331990729637;-0.0142755174875089;0.023163234076019612;-0.0081574385642908;5.059721826053252;1.7513541442041491;3.0672413384210473;8.141859081013752;5.141590595617069;0.020087692464565987;0.00024871901993278193;0.041806872641990345;-0.0846334251045171;0.0009608445848652744;0.09177118384827171;0.0;53.720318320000004;86.83236952
7.769164252304158;1.9381211380679313;8.13331990729637;-0.0336494340776996;0.038144180945745815;0.0622004690527174;7.781747925533032;1.9298183905295991;3.7241990204262527;8.141859081013752;6.096150238988868;0.020087692464565987;0.0002053615726845242;0.03772815335984492;-0.0713775874375446;0.0011215432502591606;0.1050270215152442;0.0;53.720245039999995;86.83217592
8.13331990729637;2.276855741597415;8.13331990729637;-0.0627103089629856;0.03630821499489092;0.0622004690527174;8.141859081013752;2.270975705850149;5.157330656561582;8.141859081013752;6.336458936197671;0.020087692464565987;0.00020851547172496485;0.03772815335984492;-0.0652595085143265;0.0015698128127763133;0.1111451004384623;0.0;53.72016562;86.83198130000001
7.281838366811964;3.374540937009888;8.13331990729637;-0.037728153359845;0.0343107486813641;0.0622004690527174;7.2907179549247605;2.399244881666124;5.756376002201093;8.141859081013752;6.336458936197671;0.020087692464565987;0.00024773703671506067;0.03874783318038111;0.0112164780258998;0.0034643472583509717;0.18762108697868862;0.0;53.72007429;86.83179269
6.985823878213363;3.7973471052433165;8.13331990729637;-0.0214132762312633;0.03435213894410719;0.0622004690527174;6.993639254438553;2.727018496549383;7.436629880522458;8.141859081013752;7.141459876338084;0.020087692464565987;0.00022251739713527173;0.03874783318038111;0.0112164780258998;0.004389722031755024;0.18762108697868862;0.0;53.71996815999999;86.83162512
2.0247451237795806;4.115252701727258;8.13331990729637;0.0622004690527174;0.0342470515218874;0.0622004690527174;2.045708842024884;2.958591098028836;8.753261285335473;8.141859081013752;7.141459876338084;0.027225451208320428;0.0002597518902024527;0.04588559192413555;0.0112164780258998;0.005164541448767047;0.18762108697868862;0.0;53.719849880000005;86.8314838
1.7822510434287966;4.36554466534216;8.13331990729637;0.0142755174875089;0.0411849466342825;0.0622004690527174;1.8054001448160815;3.0615867761134212;9.373313587672572;8.141859081013752;7.141459876338084;0.027225451208320428;0.0002994731113592124;0.04588559192413555;0.0112164780258998;0.0057910554062299896;0.18762108697868862;30.0;53.71971969;86.83137409000001
-2.630493944046045;4.215662741566218;8.13331990729637;-0.0346691138982359;0.052696503295095995;0.0622004690527174;2.638269397348627;2.8042866857979845;7.864023816143844;8.141859081013752;7.141459876338084;0.027225451208320428;0.00032304070858448484;0.04588559192413555;0.0112164780258998;0.005347198991820704;0.18762108697868862;30.0;53.719577830000006;86.83129111
-0.9870097677789846;3.8296150814208265;7.281838366811964;-0.0295707147955541;0.05350402194678702;0.0622004690527174;1.0003992046756685;2.2820071046888697;5.207556425850477;7.2907179549247605;6.290318750249092;0.04048128887529323;0.0004229719419171327;0.05914142959110835;0.0214132762312633;0.004383469109206895;0.1820128479657386;30.0;53.71941972999999;86.83124309
-1.0994153196775982;3.0667982893338275;6.985823878213363;-0.0214132762312633;0.05515832717771319;0.0622004690527174;1.1000621626808915;1.7393685835193615;3.0254030693341503;6.993639254438553;5.993240049762885;0.061894565106556554;0.0006802977559346342;0.08055470582237167;0.0214132762312633;0.0028143667901704642;0.1764046089527887;30.0;53.71924177;86.83121360999999
-1.6856492381940285;1.7262820681420181;2.0247451237795806;-0.0907515040277353;0.05569711610279732;0.0622004690527174;1.7106158863863499;0.688987268849619;0.4747034566368572;3.3383078316095487;2.3379086269338805;0.061894565106556554;0.0006869290308401764;0.08055470582237167;0.0214132762312633;0.0009080485459831685;0.0927908636688079;30.0;53.719045630000004;86.83120179
-2.059353889112952;1.3366524917345348;1.7822510434287966;-0.1289894972978484;0.042918474521361105;0.0142755174875089;2.189968201829642;0.6900606605378841;0.4761837152219809;3.3383078316095487;2.3379086269338805;0.061894565106556554;0.0006097567026711496;0.08055470582237167;0.0214132762312633;0.0005287719690686241;0.0866727847455898;30.0;53.71882927;86.83120815
-3.274611211199389;0.8237869015244876;-0.9870097677789846;-0.0744366268991536;0.03875562161848221;-0.0101967982053635;3.3383078316095487;0.8472676342853818;0.7178624441075474;3.5110669919795945;2.510667787303926;0.061894565106556554;0.0008551600851511598;0.09279086366880795;0.023452635872336;0.00020312322858531;0.040787192821453905;30.0;53.71858671;86.83124462999999
-1.5035241626675249;0.8661108659845113;-0.9870097677789846;-0.078515346181299;0.038406285523447346;-0.0101967982053635;1.6483897918914376;0.9315488848775887;0.867783324916679;3.5110669919795945;2.510667787303926;0.061894565106556554;0.0008947859961720829;0.09279086366880795;0.023452635872336;0.00022592834472388176;0.040787192821453905;30.0;53.71833091999999;86.83130116
-1.588674386257214;0.7974331619586629;-1.0994153196775982;-0.0101967982053635;0.03808685750627043;-0.0101967982053635;1.8276689701608468;0.87027663287329;0.7573814177252712;3.5110669919795945;2.4110048292987027;0.061894565106556554;0.0010038207915701773;0.09279086366880795;0.023452635872336;0.00019099284766053808;0.038747833180381205;0.0;53.71805982000001;86.83137054
-1.8197947908907017;0.7078776673478298;-1.5035241626675249;-0.040787192821454;0.03687473912049461;-0.0101967982053635;2.0942969740706574;0.742798206889534;0.551749176158307;3.5110669919795945;1.8626772000881568;0.061894565106556554;0.0016042862000901423;0.12542061792597137;0.023452635872336;0.0001516904134642764;0.0316100744366268;0.0;53.717780360000006;86.83143924000001
-3.303076898121917;0.8215034385161932;-0.8727589633737007;-0.0163148771285816;0.03520874343184219;-0.0101967982053635;3.5110669919795945;0.7545523743420836;0.5693492856252758;3.5110669919795945;1.8926611785695229;0.061894565106556554;0.0017269503449129995;0.12542061792597137;0.023452635872336;0.0002082266531315182;0.043846232283063;30.0;53.71748807;86.83150535000001
-3.0261863384418834;0.8816736749415527;-0.8727589633737007;-0.0433363923727949;0.026772340487364522;-0.0101967982053635;3.406569270052651;0.7914195488854233;0.626344902358007;3.5110669919795945;1.8926611785695229;0.061894565106556554;0.0016973753209440306;0.12542061792597137;0.023452635872336;0.00023993893469199406;0.043846232283063;30.0;53.71719158;86.8315647
-2.6123610200766065;0.9703292339089811;-0.16673391860905928;-0.0346691138982359;0.025537330952728053;-0.0101967982053635;3.10265071814455;0.8514917680553605;0.7250382310660438;3.5110669919795945;2.5195835410943674;0.061894565106556554;0.0017434130047394754;0.12542061792597137;0.023452635872336;0.00028530655935064234;0.0540430304884265;30.0;53.716870140000005;86.83161190000001
-1.9452116419510637;1.2471371922763614;0.6634793772236875;-0.0774956663607627;0.023851270308445534;-0.0101967982053635;2.4508156438451194;0.9226262398245965;0.8512391784128738;3.5110669919795945;2.5195835410943674;0.04659936779851115;0.0013107280935247196;0.11012542061792596;0.023452635872336;0.00047759042612388814;0.07035790761700811;0.0;53.71654251;86.83164011
-0.8727589633737007;1.740019498537993;2.2510258604829074;-0.0550627103089629;0.030009371336984378;0.0193739165901906;1.6184058134100716;0.9156116602288563;0.8383447123470426;3.5110669919795945;2.5195835410943674;0.04659936779851115;0.0013976047264335643;0.11012542061792596;0.023452635872336;0.000903470771277033;0.09584990313041691;0.0;53.71621694;86.8316499
-1.191832195674643;1.9234501629061613;2.2510258604829074;-0.0846334251045171;0.037155208973809244;0.0193739165901906;1.7166261413304496;0.9292560546614015;0.8635168151248737;3.5110669919795945;2.5195835410943674;0.1026817579280106;0.002454322643393554;0.1662078107474254;0.023452635872336;0.0010596638666131473;0.09584990313041691;0.0;53.71589755;86.83164283
-0.16673391860905928;1.9669923196227972;2.410074014190947;-0.0499643112062812;0.03610400205144491;0.0193739165901906;0.9914834508852273;0.8179476968725691;0.6690384348191402;3.406569270052651;2.415085819167424;0.1026817579280106;0.0023177114486931435;0.1662078107474254;0.0183542367696543;0.0011056091284586905;0.09381054348934431;30.0;53.7155936;86.83161536000001
0.6634793772236875;1.8440404246633622;2.410074014190947;-0.061180789232181;0.03824913259377115;0.0193739165901906;1.0023891393451205;0.6839697459573464;0.4678146133849569;3.10265071814455;2.111167267259323;0.1026817579280106;0.0021764473864523026;0.1662078107474254;0.0101967982053635;0.0009732060206648022;0.0856531049250535;0.0;53.71530523;86.83156763000001
2.2510258604829074;1.5612154784810148;2.410074014190947;0.0193739165901906;0.03753262911931242;0.0193739165901906;2.3431367281431146;0.5817012700336937;0.3383763675588121;2.511019741875917;1.5195362909906895;0.1026817579280106;0.0020459475931892306;0.1662078107474254;-0.0010196798205363;0.000697442027641648;0.0744366268991537;0.0;53.715032570000005;86.83149977000001
1.547789620214584;1.2994774888578802;2.410074014190947;-0.1142041399000713;0.038343253073628514;0.0193739165901906;1.716199774461464;0.5348220058859336;0.2860345779798536;2.511019741875917;1.5195362909906895;0.1026817579280106;0.0014034533029508647;0.13765677577240742;-0.0142755174875089;0.0004846404879899299;0.06118078923218111;60.0;53.714739099999996;86.83143926
2.410074014190947;1.1469586742364957;2.410074014190947;-0.0836137452839808;0.0434122687685577;0.0193739165901906;2.511019741875917;0.5371510299336227;0.2885312289587517;2.511019741875917;1.5195362909906895;0.1026817579280106;0.0011553465784361911;0.11114510043846226;-0.0142755174875089;0.000387551229616801;0.06118078923218111;60.0;53.71445794;86.8313757
2.1372515324785164;0.8047956511535392;2.410074014190947;-0.0168247170388497;0.04197788573194826;0.0193739165901906;2.314635796366075;0.5587632276444556;0.3122163445676497;2.511019741875917;1.5195362909906895;0.1026817579280106;0.0012053237478462523;0.1182828591822167;-0.0305903946160905;0.00020185242677414562;0.0448659121035995;0.0;53.71417546;86.83131082
1.07331166363451;0.5763716129928754;2.410074014190947;-0.0550627103089629;0.04263002222162935;0.0193739165901906;1.3313860603298635;0.5065347679241441;0.2565774711159665;2.511019741875917;1.5086306025307963;0.1026817579280106;0.0012264652688865681;0.1193025390027529;-0.0469052717446721;9.843226483265926e-05;0.028551034975017903;0.0;53.71391743;86.83126271
1.544278354790754;0.4625059964391201;2.410074014190947;-0.0887121443866625;0.04373361327919416;0.0193739165901906;1.7383934624172765;0.4110493120503816;0.16896153693709198;2.511019741875917;1.1796336815460533;0.1026817579280106;0.0012742936279613838;0.1193025390027529;-0.0530233506678902;6.818718172689386e-05;0.022432956051799804;0.0;53.71365863999999;86.83123688
1.709986449296474;0.8936507066117809;2.410074014190947;0.0050983991026817;0.03837969281081975;0.0050983991026817;1.9403214318875948;0.4820046112187374;0.23232844523612617;2.511019741875917;1.4956286846672286;0.1026817579280106;0.0014115402235673794;0.1325583766697258;-0.0224329560517997;0.00023914468356001678;0.0530233506678903;0.0;53.71339503;86.83123438999999
2.0732991484977648;1.6699091718247308;2.410074014190947;-0.0458855919241358;0.03101239759135528;0.0050983991026817;2.254556158599552;0.6140794769627004;0.37709360402678366;3.049560764633713;2.0341697074250247;0.025186091567248048;0.00027299422271199916;0.05506271030896326;0.0173345569491179;0.0008471886919720253;0.0927908636688079;0.0;53.71312868;86.8312522
1.099280390221569;2.1697919064052855;2.1372515324785164;-0.0254919955134087;0.027304295396122065;0.0050983991026817;1.3770541611849978;0.8355935793841128;0.6982166299079537;3.7932027273716287;2.7778116701629405;0.013969613541347958;0.00018214055777138926;0.04384623228306317;0.0316100744366268;0.0014585598905805424;0.10400734169470771;0.0;53.712856609999996;86.83129245
1.905502904468415;2.2392299500151234;2.0732991484977648;-0.0101967982053635;0.027327292364231523;0.0050983991026817;2.0774417896092987;0.8386523545092045;0.7033377717238325;3.7932027273716287;2.7778116701629405;0.013969613541347958;0.00021349759246192565;0.04690527174467218;0.0316100744366268;0.0015628667256039107;0.10400734169470771;0.0;53.71256565;86.83135221
-0.7528766548999013;2.388328554325134;2.0732991484977648;-0.0346691138982359;0.02905958286458957;0.0050983991026817;1.0153910572086882;0.845608601451873;0.7150539068493926;3.7932027273716287;2.7778116701629405;0.003772815335984392;0.00013496204053182933;0.03670847353930862;0.0316100744366268;0.0017867935574752056;0.10400734169470771;0.0;53.71225962;86.83142762
-2.99498355196309;2.398474339565897;2.0732991484977648;-0.061180789232181;0.028882729659234947;0.0050983991026817;3.049560764633713;0.8543167928256983;0.729857182503987;3.7932027273716287;2.7778116701629405;0.003772815335984392;0.00010859867932199073;0.03670847353930862;0.0316100744366268;0.0018077848928469307;0.10400734169470771;0.0;53.71196351;86.83148735
-3.7790751178822655;2.2779263848820066;2.0732991484977648;-0.0336494340776996;0.023529110324507885;-0.0101967982053635;3.7932027273716287;0.8528263042228983;0.7273127051744875;3.7932027273716287;2.7778116701629405;0.003772815335984392;0.00012294718704443535;0.03772815335984481;0.0316100744366268;0.0016389906422787258;0.10400734169470771;0.0;53.711650770000006;86.83154325000001
-2.3952245168995523;2.0014219772644086;1.905502904468415;-0.061180789232181;0.023703992162406876;-0.0101967982053635;2.401720336472738;1.075899436911573;1.1575595983466398;3.7932027273716287;3.351998640696201;0.012949933720811546;0.0002274302014098058;0.04690527174467196;0.0316100744366268;0.0012592519556146673;0.1009483022330987;0.0;53.711326889999995;86.83158544999999
-3.0856007960378946;1.7931619428266383;1.905502904468415;-0.0744366268991536;0.02226469584451172;-0.0101967982053635;3.100965179052197;1.1312924953717582;1.2798227100844595;3.7932027273716287;3.351998640696201;0.012949933720811546;0.00022747641238475737;0.04690527174467196;0.0316100744366268;0.0010090426317397004;0.1009483022330987;0.0;53.71099688;86.8316036
-3.032544707973204;1.588362132362232;0.9536246038712002;-0.0876924645661262;0.033792468906112434;0.0367084735393086;3.0439312314914173;1.206282438769986;1.455117322084865;3.7932027273716287;3.351998640696201;0.03232385031100238;0.00046421523706136;0.06627918833486279;0.0316100744366268;0.0007632002449976502;0.081574385642908;0.0;53.71066807;86.83158967
-2.9314844998402037;1.8706438223438902;1.352806277037299;-0.0418068726419904;0.03590920557527024;0.0367084735393086;2.9486263500923786;1.174247097204194;1.3788562452924762;3.7932027273716287;3.351998640696201;0.03232385031100238;0.00042239430473024026;0.06627918833486279;0.0316100744366268;0.0010680540467527813;0.0907515040277351;0.0;53.71033886;86.83155486000001
-0.050747551340338815;2.068696036298647;1.6160603419894048;-0.0571020699500356;0.039272604955384594;0.0367084735393086;0.4412040866754277;1.1434315294277089;1.3074356624893895;3.7932027273716287;3.351998640696201;0.03232385031100238;0.0004120892573160533;0.06627918833486279;0.0316100744366268;0.0013126487371711393;0.0948302233098805;0.0;53.71000569;86.83150073
-0.8509701423923697;1.8971848793381243;1.6160603419894048;-0.0489446313857448;0.0418447135476846;0.0367084735393086;0.90320241252111;1.0736796449475068;1.1527879799746044;3.100965179052197;2.6948622816432573;0.03232385031100238;0.00040574391281802345;0.06627918833486279;0.0193739165901906;0.0011053925145136036;0.08259406546344429;0.0;53.70967299;86.83143683
0.9536246038712002;1.8301137767820286;1.6160603419894048;0.0367084735393086;0.04104146183710306;0.0367084735393086;0.9572323719320281;1.1523198748184895;1.3278410939016991;3.100965179052197;2.97323487807904;0.03232385031100238;0.00033706285129633654;0.06627918833486279;0.0193739165901906;0.0010298837814428313;0.08259406546344429;0.0;53.70934489;86.83137497
1.352806277037299;1.721900141654049;1.6160603419894048;-0.0071377587437544;0.03764016845124948;0.0367084735393086;1.3603282332663296;1.0515840062010746;1.1058289220979016;3.0439312314914173;2.91620093051826;0.03232385031100238;0.0004325462782899022;0.07137758743754485;0.0183542367696543;0.000910359094730743;0.081574385642908;0.0;53.709014579999995;86.83131858
1.6160603419894048;1.5649360956608904;1.6160603419894048;0.0122361578464362;0.032553365883297415;0.0367084735393086;1.6850620387903443;0.9088183814215902;0.825950850409759;2.9486263500923786;2.8208960491192214;0.03232385031100238;0.00043005088564252033;0.07137758743754485;0.0168247170388498;0.0007502380665237502;0.0800448659121035;0.0;53.70869767000001;86.83128071
0.19584643069663699;1.9880681182033921;1.6160603419894048;0.0091771183848271;0.03326945783721724;0.0367084735393086;0.4061028974089396;1.3978027284464778;1.9538524676524176;4.94504260950181;4.817312308528653;0.03232385031100238;0.00035768449886845115;0.07137758743754485;0.0514938309370857;0.0012172692848712169;0.1147139798103394;0.0;53.70839145;86.83126633
0.09516500845937825;2.41636435772225;1.6160603419894048;-0.0091771183848271;0.034210219987921994;0.0367084735393086;0.12773030097315707;1.7342255647237408;3.0075383093413777;5.076745319649493;4.949015018676336;0.03232385031100238;0.000314280840645243;0.07137758743754485;0.0530233506678902;0.0017966393833258117;0.1162434995411439;0.0;53.70808486;86.83128230000001
-2.2809965141099493;2.48831203997368;1.6160603419894048;-0.0326297542571632;0.03576801422406109;0.0367084735393086;2.296161905594286;1.7231701988631416;2.9693155342500392;5.076745319649493;4.949015018676336;0.03232385031100238;0.0003113348909920843;0.07137758743754485;0.0530233506678902;0.001902647359864582;0.1162434995411439;0.0;53.70777896;86.83131688
-1.8847774055863524;2.364151759012848;1.6160603419894048;-0.0560823901294993;0.036947665200745564;0.0122361578464362;1.9211443522196496;1.6694267491488368;2.7869856707736536;5.076745319649493;4.949015018676336;-0.0003059039461608126;0.00012852427408389794;0.03874783318038166;0.0530233506678902;0.001732406128143208;0.1162434995411439;0.0;53.70746891;86.83136779
-4.899071277214202;2.1329334136423244;1.6160603419894048;-0.0499643112062812;0.03658615995763326;0.0122361578464362;4.94504260950181;1.652897589842366;2.7320704425067017;5.076745319649493;4.949015018676336;0.01498929336188437;0.00019673167311233145;0.054043030488426846;0.0530233506678902;0.0014074736577716442;0.1162434995411439;0.0;53.70712185;86.83140985
-5.015795716351425;2.035939706587534;1.0508204649955606;-0.0642398286937901;0.03174046341283747;0.0091771183848271;5.076745319649493;1.6796191665998772;2.8211205448096663;5.076745319649493;4.949015018676336;0.01498929336188437;0.00018997331802567247;0.054043030488426846;0.0530233506678902;0.0012918537984429592;0.1070663811563168;30.0;53.706775130000004;86.83144457
-2.9908173863094665;2.125112271090851;1.0508204649955606;-0.0632201488732537;0.032141218050733736;0.0112164780258998;3.094730517036026;1.6141955233018017;2.605627187447577;5.076745319649493;4.949015018676336;0.01498929336188437;0.00022487415685780275;0.054043030488426846;0.0530233506678902;0.0013973303487697885;0.1070663811563168;0.0;53.70643077999999;86.8314663
-1.9426992542070685;2.026350088292342;1.0508204649955606;-0.1009483022330988;0.038754541019638745;0.0295707147955541;2.1142473900762133;1.4530770889373292;2.111433026394583;5.076745319649493;4.06816946156602;0.01498929336188437;0.0002772774024528187;0.054043030488426846;0.0530233506678902;0.0012717289188515762;0.1070663811563168;0.0;53.70608677;86.83147301
-1.467445305793683;2.0275047292597663;1.0508204649955606;-0.0672988681553992;0.0607715485908079;0.1050270215152442;1.6676486307351732;1.4515319183808215;2.1069449100783078;5.076745319649493;4.06816946156602;0.01498929336188437;0.0001787902620874049;0.04690527174467218;0.0530233506678902;0.0012730228261502185;0.1070663811563168;0.0;53.70575361;86.83147776999999
1.0508204649955606;2.0449565928133233;1.0508204649955606;-0.0295707147955541;0.061235148007215405;0.1050270215152442;1.2182652778882959;1.445064157911949;2.0882104204817704;5.076745319649493;4.06816946156602;0.01498929336188437;0.00020027836543985752;0.04690527174467218;0.0530233506678902;0.0012954120435142264;0.1070663811563168;0.0;53.70542451;86.83149939
0.8857399804863508;1.7968306124897557;1.0508204649955606;0.0112164780258998;0.06064261826768448;0.1050270215152442;1.0085758580834727;1.1951844957155644;1.4284659787988678;5.076745319649493;4.06816946156602;0.01498929336188437;0.00019935703412676177;0.04690527174467218;0.0530233506678902;0.0009953844004555934;0.1070663811563168;0.0;53.70510855;86.83155207
-1.3209139849441631;1.5623144539423994;1.0508204649955606;0.0295707147955541;0.059311230141750305;0.1050270215152442;1.5265376420103443;0.9381019065254198;0.8800351870266275;3.943267364343125;2.9346915062596524;0.01498929336188437;0.00020494856209589467;0.04690527174467218;0.029060874885286;0.0007541659993946299;0.0831039053737126;0.0;53.70481797;86.83165829
-2.346070335241273;1.602217994383717;1.0508204649955606;0.1050270215152442;0.05686578010478506;0.1050270215152442;2.5019103544390755;1.019497451682478;1.0393750539870663;3.943267364343125;2.9346915062596524;0.023146731926175224;0.00030166813266941186;0.05506271030896304;0.029060874885286;0.0007888935470706918;0.0831039053737126;0.0;53.70455296;86.83181823999999
-2.8567302743443967;1.6044136905773243;1.0508204649955606;0.0132558376669725;0.0488354605412157;0.1050270215152442;3.059556229827133;1.01868230050539;1.0377136293629536;3.943267364343125;2.9346915062596524;0.023146731926175224;0.00036070265316996935;0.05506271030896304;0.029060874885286;0.000791042357405937;0.0831039053737126;0.0;53.70431972;86.83204068
-2.233501144619391;1.6020321947507432;1.0508204649955606;-0.0020393596410727;0.04396135503133363;0.1050270215152442;2.6254351009644408;0.9875587364721921;0.9752722579825525;3.943267364343125;2.9346915062596524;0.023146731926175224;0.0003271996963301224;0.05506271030896304;0.029060874885286;0.0007888935470706917;0.0831039053737126;0.0;53.70414872;86.83234328
-3.637371004428475;1.268706725548459;0.8857399804863508;-0.0458855919241358;0.04301496759336894;0.1050270215152442;3.943267364343125;0.8947878272742329;0.8006452558381424;3.943267364343125;2.9346915062596524;0.023146731926175224;0.00042710782417529423;0.060161109411644875;0.029060874885286;0.0004886839482981872;0.0790251860915672;0.0;53.70400211;86.83271891000001
-3.375300983043595;0.718138726854647;-1.3209139849441631;-0.0040787192821454;0.0472268218921703;0.1050270215152442;3.740979442242795;0.6916623045228989;0.47839674349792727;3.943267364343125;2.416729722332781;0.023146731926175224;0.00043087401863384277;0.060161109411644875;0.029060874885286;0.00015991596700564757;0.0412970327317222;0.0;53.70387724;86.8331598
-2.0596260454050825;0.7136910934492089;-1.347642113085708;-0.0428265524625267;0.04574425560109325;0.1050270215152442;2.5818138081139304;0.6431771928091863;0.4136769013499052;3.943267364343125;2.164544546221422;0.023146731926175224;0.0003931427575859324;0.060161109411644875;0.029060874885286;0.0001556414518226324;0.0402773529111858;0.0;53.70378135;86.83366039
-1.6531712282352227;0.7413435882303733;-1.347642113085708;-0.0193739165901906;0.02445933021294782;0.0132558376669725;2.344316270080862;0.6970269327807703;0.4858465450217685;3.943267364343125;2.164544546221422;0.023146731926175224;0.0005858656286212176;0.06933822779647192;0.029060874885286;0.00016846499737167722;0.0402773529111858;30.0;53.70371043;86.83420899
-2.4506522716979102;0.7785715844141196;-1.347642113085708;-0.0142755174875089;0.023093740751887918;0.0091771183848271;2.969606145689131;0.8019422748558819;0.6431114122010269;3.943267364343125;2.5092234386401255;0.023146731926175224;0.0005581390436503109;0.06933822779647192;0.029060874885286;0.00018498542091684305;0.0402773529111858;0.0;53.70365957;86.83477765
-2.1177965436892237;0.8397208449499954;-1.2016485157184642;-0.0601611094116447;0.02294443242687366;0.0091771183848271;2.6554157936047886;0.8988186044053386;0.8078748836251606;3.943267364343125;2.628996624987436;0.023146731926175224;0.0005954399649939853;0.06933822779647192;0.029060874885286;0.00021638577839639612;0.0433363923727949;0.0;53.70362169;86.83535417
-1.347642113085708;0.7073870775912809;-0.9884238871161697;-0.0122361578464362;0.021502111626300446;0.0091771183848271;1.7787228181217032;0.8221852709337379;0.6759886197403842;3.740979442242795;2.6018086955947632;0.023146731926175224;0.0005872952806587814;0.06933822779647192;0.023452635872336;0.00015102035432748063;0.0412970327317221;0.0;53.70359387;86.83591771
-1.7766343663626605;0.5498150734647742;-0.6829828642346003;0.0091771183848271;0.020992365514190224;0.0091771183848271;1.9352984969652176;0.673040089492691;0.4529829620643296;2.969606145689131;1.8304353990410993;0.0211073722851024;0.0004970452465784757;0.0672988681553991;0.0081574385642908;9.522060207352877e-05;0.0316100744366268;0.0;53.7035695;86.83648214
-1.355597461926477;0.5214984968307131;-0.6829828642346003;0.0020393596410727;0.020881732678168112;0.0091771183848271;1.4340439257029998;0.6329787571707908;0.40066210702947896;2.969606145689131;1.8304353990410993;0.01498929336188437;0.00039539265442888543;0.061180789232181065;0.0081574385642908;8.586287964584751e-05;0.0316100744366268;0.0;53.70354381;86.83706061000001
-1.2016485157184642;0.5335760055584864;-0.6829828642346003;-0.037728153359845;0.02132434163735479;0.0091771183848271;1.3142707393556894;0.6252844941429146;0.3909806986155606;2.969606145689131;1.8304353990410993;0.01498929336188437;0.0004006953638045715;0.061180789232181065;0.0081574385642908;8.979081251672611e-05;0.0316100744366268;0.0;53.70351687;86.83765575
-0.9884238871161697;1.0927858324699085;-0.6829828642346003;-0.0142755174875089;0.021614914052651975;0.0091771183848271;1.1391707466480319;1.0789282268260625;1.1640861186420313;4.770622053157714;3.6314513065096823;0.01498929336188437;0.00040625223354249005;0.061180789232181065;0.0474151116549403;0.0003866818856505251;0.0708677475272763;0.0;53.70349265;86.83825105
-0.6829828642346003;1.2470155295737617;-0.6829828642346003;-0.0295707147955541;0.019262084982828175;0.0163148771285816;1.1554638068720573;1.210021453928542;1.464151918967343;4.770622053157714;3.6314513065096823;0.01498929336188437;0.0003496900002018381;0.061180789232181065;0.0474151116549403;0.0005011580233491603;0.0708677475272763;0.0;53.703472039999994;86.8388602
-1.5331740049006033;1.2977694040490724;-0.6829828642346003;-0.0418068726419904;0.02085322102308112;0.0163148771285816;1.856229956914924;1.2622007597213218;1.5931507578410822;4.770622053157714;3.6314513065096823;0.002753135515448202;0.00022713849463042545;0.0489446313857449;0.0474151116549403;0.0005419507614876085;0.0708677475272763;0.0;53.703454480000005;86.8394724
-1.8854122605014334;1.975700586562018;-0.6829828642346003;-0.0081574385642908;0.02103195200117236;0.0163148771285816;2.245677339740606;1.9175969174685632;3.6771779378849354;6.932016321669101;5.792845575021069;0.002753135515448202;0.00015162976155965217;0.040787192821454044;0.0856531049250535;0.0012292003809665115;0.1091057407973895;30.0;53.70344660000001;86.84008916
-4.6152465782527425;1.9276265434783377;-0.6829828642346003;-0.0081574385642907;0.02037205846348219;0.0163148771285816;4.770622053157714;1.85664518254741;3.4471313338765053;6.932016321669101;5.792845575021069;0.010910574079738833;0.00019248026341678884;0.048944631385744675;0.0856531049250535;0.0011709745525276055;0.1091057407973895;30.0;53.70344884;86.84071348
-3.6526430925327587;2.012337322838799;-0.6829828642346003;0.0163148771285816;0.022847554044055276;0.0163148771285816;3.825885849173019;1.9123086102473832;3.656924220826278;6.932016321669101;5.792845575021069;0.010910574079738833;0.00018647283667309216;0.048944631385744675;0.0856531049250535;0.001276393339135745;0.1091057407973895;30.0;53.70346591;86.84135775
-3.259442330936424;1.8672416496895055;-0.6829828642346003;-0.037728153359845;0.02500676839952755;0.0163148771285816;3.3929873018407686;1.7524902853770428;3.071222200340909;6.932016321669101;5.776552514797044;0.010910574079738833;0.00019211057561717676;0.048944631385744675;0.0856531049250535;0.0010995006152072877;0.1091057407973895;30.0;53.703497819999995;86.84200918
-6.854605716212388;1.6281972232639133;-1.5331740049006033;-0.0458855919241358;0.026772070787328014;0.0173345569491179;6.932016321669101;1.54365851230852;2.3828816026225534;6.932016321669101;5.075786364754177;0.010910574079738833;0.00023609187102728016;0.048944631385744675;0.0856531049250535;0.0008323318635251157;0.0938105434893443;30.0;53.703549020000004;86.84266198
-2.531120863141741;1.4456655081752656;-1.8854122605014334;-0.0418068726419904;0.029317642028276063;0.0173345569491179;2.7995422206265586;1.3762068384402388;1.8939452621696777;6.932016321669101;4.686338981928495;0.010910574079738833;0.00023360803112363614;0.048944631385744675;0.0856531049250535;0.0006561525215224723;0.0876924645661262;30.0;53.70362759999999;86.84331399999999
-5.376294191389358;1.4181219949211783;-2.059585856003374;0.0122361578464362;0.029830355117062713;0.0173345569491179;5.442299499744298;1.4052065431775502;1.9746054289890003;6.932016321669101;4.870755677457057;0.020087692464565987;0.0003223677612617544;0.05812174977057183;0.0856531049250535;0.0006316144938232191;0.0846334251045172;0.0;53.703727830000005;86.84394671
-3.1027405771335497;1.4183960602732528;-2.059585856003374;0.0122361578464362;0.03063115465364499;0.0173345569491179;3.144046399519671;1.3986401182497887;1.956194180377783;6.932016321669101;4.870755677457057;0.020087692464565987;0.00024699766111583693;0.04486591210359936;0.0856531049250535;0.0006303176983386423;0.0846334251045172;0.0;53.70384547;86.84457379
-4.294963476535463;1.476543411482935;-2.059585856003374;0.0173345569491179;0.027913702753328794;0.0173345569491179;4.30669293384471;1.464438239132778;2.144579356234311;6.932016321669101;4.870755677457057;0.020087692464565987;0.0002070713787577297;0.04384623228306295;0.0856531049250535;0.0006839339820261352;0.0846334251045172;0.0;53.70398212;86.84519172
-4.444784374820294;1.674915570764752;-1.3911699717976633;-0.0591414295911083;0.03027149869577817;0.0173345569491179;4.449226525202694;1.6634398571143105;2.7670321582364776;6.932016321669101;5.458678599617283;0.04252064851636583;0.00037690826444827883;0.06627918833486279;0.0856531049250535;0.0008739535110267568;0.095849903130417;0.0;53.70413396;86.84580436
-2.059585856003374;1.4867515706495937;-0.932708980731596;-0.0336494340776996;0.03226659674737305;0.0173345569491179;2.0612606442120445;1.4635781674603656;2.142061052266642;5.442299499744298;4.421176025747361;0.04252064851636583;0.0003841171765407145;0.06627918833486279;0.0601611094116447;0.0006854127332245825;0.078515346181299;0.0;53.7043094;86.84644572
-4.621089349968099;1.5704642900268624;-0.932708980731596;-0.0418068726419904;0.03223865750360079;0.0173345569491179;4.631508994283515;1.554703774982168;2.4171038279438037;5.442299499744298;4.421176025747361;0.04252064851636583;0.0003811943323750314;0.06627918833486279;0.0601611094116447;0.0007644335003916694;0.078515346181299;0.0;53.70448562;86.84708274
-2.70048122710561;1.3908896532133186;-0.932708980731596;-0.0316100744366268;0.029837325369151856;0.0173345569491179;2.7232696995526933;1.3696696736005667;1.875995014781083;4.631508994283515;3.6103855202865778;0.04252064851636583;0.00031475450313849353;0.06627918833486279;0.0469052717446721;0.0005936377369708766;0.06525950851432641;0.0;53.70465583;86.84768815
-1.3911699717976633;1.49715042994515;-0.7926124415944358;-0.0632201488732537;0.03145821961475867;0.0173345569491179;1.4733377220518182;1.4772678503322412;2.1823203016252406;4.631508994283515;3.807995241560566;0.04252064851636583;0.0003337847602607137;0.06627918833486279;0.0469052717446721;0.0006906807843690539;0.0683185479759354;0.0;53.70482033999999;86.84827506
-0.932708980731596;1.7189755110204885;1.1578286771805155;-0.0662791883348628;0.03739768321234995;-0.0112164780258998;1.0211234739969375;1.3683178735260864;1.872293803010951;4.631508994283515;3.807995241560566;0.04252064851636583;0.000350074128931123;0.06627918833486279;0.0469052717446721;0.0009252476932229345;0.10298766187417141;0.0;53.70495067;86.84888923000001
-1.4744268260083804;2.1602863152035625;3.4208330768634907;-0.0152951973080452;0.03745987807478351;-0.0112164780258998;1.5316983103387585;1.2072667681966167;1.4574930495919034;4.631508994283515;3.807995241560566;0.04252064851636583;0.00034723215397160505;0.06627918833486279;0.0469052717446721;0.0014508397695777086;0.1417354950545528;0.0;53.70503697;86.84944657000001
-1.587833596029418;2.4269397588598873;3.4208330768634907;-0.0112164780258998;0.04052306192337587;-0.0020393596410727;1.596192826138893;1.222932310162683;1.4955634352398368;4.631508994283515;3.807995241560566;0.04252064851636583;0.00032766180607963943;0.06627918833486279;0.0469052717446721;0.0018131338131975713;0.1417354950545528;0.0;53.70508520999999;86.84995049
-0.7926124415944358;2.0246633323927496;3.4208330768634907;-0.0897318242071989;0.04274946758909666;-0.0020393596410727;0.8235137527229496;0.8671016860550662;0.7518653339595386;3.4354244286025093;2.61191067587956;0.04252064851636583;0.00023544780556389514;0.05455287039869483;0.0122361578464362;0.0012493599187891123;0.10706638115631689;0.0;53.70509795;86.85040867000001
1.1578286771805155;2.0062112491698816;3.4208330768634907;-0.1356174161313347;0.04385400434738951;-0.0020393596410727;1.2071129382267975;0.9250394575138267;0.8556979979574748;3.4354244286025093;2.61191067587956;0.04252064851636583;0.00023112707940592874;0.05455287039869483;-0.0071377587437544;0.0012199235277449993;0.0876924645661263;30.0;53.705070549999995;86.85081391
3.4208330768634907;1.9423638663222886;3.4208330768634907;-0.0458855919241358;0.04596533460944376;0.0050983991026817;3.4354244286025093;0.9303603439155261;0.8655703695306161;3.4354244286025093;2.61191067587956;0.017028653002957195;9.300247527585657e-05;0.029060874885286192;-0.0071377587437544;0.0011439988958996637;0.0876924645661263;0.0;53.70500654;86.85117486
2.665648495101747;1.8481393832255004;3.4208330768634907;-0.0020393596410727;0.05029283514293865;0.0367084735393086;2.666371534040801;0.8790639388326356;0.7727534085559477;3.4354244286025093;2.61191067587956;0.012949933720811546;6.76095445399995e-05;0.024982155603140543;-0.0071377587437544;0.0010326882099852064;0.0876924645661263;0.0;53.70488823000001;86.85145335
1.1602808416918595;1.6115040170302715;3.4208330768634907;-0.0071377587437544;0.050145490345459606;0.0367084735393086;1.193348442728957;0.8718696244003755;0.7601566419520519;3.4354244286025093;2.61191067587956;0.012949933720811546;7.18840597230147e-05;0.024982155603140543;-0.0071377587437544;0.0007839229790774731;0.0876924645661263;0.0;53.704737810000005;86.85168693
3.066131727282202;1.1962979614527978;3.4208330768634907;-0.0132558376669725;0.05036674730099213;0.0367084735393086;3.132959153539226;0.8765999801137025;0.7684275251353437;3.4354244286025093;2.61191067587956;0.025186091567248048;0.00012962467292493144;0.037218313449577045;-0.0214132762312633;0.0004242283027986323;0.0734169470786174;0.0;53.70456144999999;86.85187665000001
2.1679797921723765;0.7505643865488483;3.4208330768634907;0.0050983991026817;0.045583223643351864;0.0367084735393086;2.332217050517335;0.7713658746996412;0.5950053126511426;3.4354244286025093;2.2420759858735524;0.03334353013153879;0.00019003108174436378;0.04078719282145449;-0.0550627103089629;0.00016084018650467906;0.0397675130009178;0.0;53.70436221;86.85202301
1.7998436879966886;0.686853002182057;3.4208330768634907;0.0367084735393086;0.02242786995087027;0.0367084735393086;2.102588700972138;0.7041945141320253;0.4958899137336391;3.5295153811068993;2.3361669383779424;0.03334353013153879;0.00016525044642661392;0.04078719282145449;-0.0550627103089629;0.00013962646081599995;0.0397675130009178;0.0;53.70416126;86.85207806
2.0598313708816756;0.6002736652628551;3.1281850053579827;-0.0224329560517997;0.02169793310414485;0.0367084735393086;2.4381646947746387;0.6777217040134901;0.4593067080909486;3.5295153811068993;2.3361669383779424;0.03334353013153879;0.00025426433692696634;0.05506271030896315;-0.0550627103089629;0.00010523394270833613;0.03415927398796781;0.0;53.7039569;86.85211946
2.306947680547495;0.6003325290058696;3.1281850053579827;-0.0061180789232181;0.0222473714268475;0.0367084735393086;2.770191211774624;0.7251375493036967;0.5258244654101711;3.5295153811068993;2.3361669383779424;0.03334353013153879;0.0002501053491813301;0.05506271030896315;-0.0550627103089629;0.00010640076982586188;0.03415927398796781;0.0;53.70375457;86.85215265000001
2.731112133143797;0.42579145932653895;3.1281850053579827;-0.0316100744366268;0.025546829302795067;0.0367084735393086;3.1640704269565076;0.509994135888468;0.26009401864062515;3.5295153811068993;1.4269266801347613;0.03334353013153879;0.00028374693894603174;0.05506271030896315;-0.0662791883348628;5.2611194982300306e-05;0.0229427959620679;0.0;53.70354953;86.85217033
3.1281850053579827;0.38236378920198155;3.1281850053579827;0.0015295197308045;0.02558839956452764;0.0367084735393086;3.5295153811068993;0.5342921116694277;0.2854680605921762;3.5295153811068993;1.4269266801347613;0.03334353013153879;0.0003200687652579215;0.05506271030896315;-0.0662791883348628;4.244478049296742e-05;0.0229427959620679;0.0;53.70334587999999;86.8521766
2.5610297626912484;0.37628207004232833;3.1281850053579827;-0.0418068726419904;0.025505644239380725;0.0367084735393086;3.1797513560127593;0.5003390942807521;0.25033920926568326;3.5295153811068993;1.4269266801347613;0.03334353013153879;0.0003323608845950236;0.05506271030896315;-0.0662791883348628;4.336899999199769e-05;0.0229427959620679;0.0;53.70314177;86.85216961
2.666703568831716;0.2840290678539269;3.1281850053579827;0.0081574385642908;0.02176173153701323;0.0326297542571632;3.4649656365735053;0.37964664788871216;0.1441315772531358;3.625602084812148;1.1874373900375095;0.03334353013153879;0.00033405913792449165;0.05506271030896315;-0.0713775874375446;2.5254297811004416e-05;0.017844396859386102;0.0;53.702942930000006;86.85214485
2.484538837785945;0.23007958775271595;3.1281850053579827;0.0326297542571632;0.02147960106942949;0.0326297542571632;3.412315731599919;0.2553526332578186;0.06520496731170201;3.625602084812148;0.855410873037524;0.03334353013153879;0.00036078063419020415;0.05506271030896315;-0.0734169470786173;1.6936322319732077e-05;0.015805037218313403;0.0;53.702742820000005;86.85210602
2.654480851075089;0.2003662236388611;3.1281850053579827;0.0101967982053635;0.021627003286578322;0.0326297542571632;3.4747375154505535;0.20898397155206397;0.04367430036567388;3.895695390489091;0.7316249635325835;0.03334353013153879;0.00029940090671085593;0.05506271030896315;-0.0774956663607627;1.0177967233073265e-05;0.011726317936168004;0.0;53.702542199999996;86.85206156
2.7253975045401884;0.2040297594727437;3.1281850053579827;-0.0010196798205363;0.019385913493542427;0.0326297542571632;3.4812302593601743;0.23856218753607833;0.05691191732199901;4.011843274853862;0.8320919188411029;0.023146731926175224;0.00017431935026084695;0.04486591210359958;-0.0774956663607627;1.0076880725366826e-05;0.011726317936168004;0.0;53.70233796;86.85201348000001
2.7198928207237607;0.1327625309125887;2.8072475553917844;-0.0101967982053635;0.01953159366176949;0.0326297542571632;3.625602084812148;0.3208962473517314;0.10297440156442357;4.243018551387109;1.0632671953743493;0.023146731926175224;0.00017108458201424087;0.04486591210359958;-0.0774956663607627;3.88172189592968e-06;0.006118078923218098;0.0;53.70213397;86.85196565
2.3676601433300926;0.33578431170266493;3.628882202579451;0.0101967982053635;0.012963375277955472;0.0326297542571632;3.5251422026883295;0.4756513496598042;0.22624420643319335;4.900044787709298;1.4877290561093792;0.023146731926175224;0.00012616751436136988;0.03772815335984514;-0.0774956663607627;3.4715994932326815e-05;0.021413276231263392;0.0;53.70193561;86.85191833
2.7390751078072135;0.4014221457335887;3.628882202579451;-0.0112164780258998;0.016735127781991224;0.040787192821454;3.895695390489091;0.5502279980810273;0.302750849872255;4.900044787709298;1.4877290561093792;0.023146731926175224;0.00012620217259258346;0.03772815335984514;-0.0774956663607627;5.024288251603513e-05;0.021413276231263392;0.0;53.70173559999999;86.85187959999999
2.8072475553917844;0.4959947222202273;3.8611804098412073;0.0081574385642908;0.019446009776151022;0.0479249515652085;4.011843274853862;0.5972515161890748;0.35670937359014865;4.9317956155656;1.4570581001150469;0.023146731926175224;0.00011188832310135255;0.03772815335984514;-0.0774956663607627;7.565891873936722e-05;0.024472315692872393;0.0;53.70154372999999;86.85185157
2.680968725872675;0.6437573431094301;4.341293958381143;0.0081574385642908;0.021405789177642045;0.0479249515652085;4.243018551387109;0.6629539138354312;0.4395078918697164;5.293339386393178;1.812109127033004;0.019068012644029797;9.368119897045623e-05;0.033649434077699714;-0.0774956663607627;0.00011552743737878526;0.0316100744366269;0.0;53.701357140000006;86.85183393999999
3.628882202579451;0.6357483502215493;4.341293958381143;0.0188640766799225;0.021326508580087;0.0479249515652085;4.900044787709298;0.6121978086331823;0.37478615689527045;5.293339386393178;1.768197183704849;0.019068012644029797;7.556649678946273e-05;0.033649434077699714;-0.0774956663607627;0.00011424508282388083;0.0316100744366269;0.0;53.70117567;86.85182911
3.45784664591086;0.6234619535381253;4.341293958381143;0.040787192821454;0.018944591232352342;0.0479249515652085;4.79318389395401;0.5770371394040957;0.3329718602516618;5.293339386393178;1.768197183704849;0.019068012644029797;0.00011216558895106018;0.035688793718772094;-0.0774956663607627;0.00010864200211100978;0.0316100744366269;0.0;53.70099810000001;86.85183074
3.8611804098412073;0.5588821858983584;4.341293958381143;0.0479249515652085;0.02002696912999691;0.0479249515652085;4.9317956155656;0.5002279962375212;0.25022804821980554;5.293339386393178;1.3976439959040872;0.019068012644029797;0.00014168284920133926;0.040787192821454155;-0.0815743856429081;9.08623294984151e-05;0.027531355154481504;0.0;53.700828519999995;86.85184036
4.341293958381143;0.5503577212680428;4.341293958381143;0.040787192821454;0.01921081171872888;0.0530233506678902;5.293339386393178;0.5128811860362309;0.2630471109899309;5.293339386393178;1.4967112656763768;0.019068012644029797;0.00015260019203363403;0.040787192821454155;-0.0815743856429081;8.877128288185902e-05;0.027531355154481504;0.0;53.70066027;86.85185387
2.857947174556271;0.529778329145406;4.341293958381143;0.0341592739879677;0.020821133421353687;0.0530233506678902;4.009813879863979;0.5198725668446265;0.2702674857576206;5.293339386393178;1.4967112656763768;0.019068012644029797;0.00015272727221475092;0.040787192821454155;-0.0815743856429081;8.059194031544118e-05;0.027531355154481504;0.0;53.700493470000005;86.85187139
2.929643516873762;0.6472952216968021;4.341293958381143;0.0132558376669725;0.024020921592941828;0.0530233506678902;3.973562489327074;0.6753609265422987;0.4561123811000722;5.293339386393178;2.2346709003394767;0.019068012644029797;0.0001791715026307545;0.040787192821454155;-0.0713775874375446;0.00011686755565237896;0.037728153359845;0.0;53.700326929999996;86.85189684999999
3.4160389794772597;0.9658579913277506;4.341293958381143;-0.0015295197308045;0.02766530810662389;0.0530233506678902;4.281744024042822;0.8581014358026257;0.7363380741265276;5.293339386393178;2.865311299711253;0.019068012644029797;0.00024935442083836527;0.047924951565208596;-0.0520036708473539;0.0002646040425723668;0.05710206995003571;0.0;53.70015732;86.85192948
2.825176391948953;1.1302099730538755;4.341293958381143;0.0530233506678902;0.02667003710528768;0.0530233506678902;3.7966281207168016;0.9896581413683556;0.9794232367766682;5.293339386393178;3.0893088254689025;0.019068012644029797;0.0002993200375046888;0.047924951565208596;-0.0520036708473539;0.0003631287293549278;0.05710206995003571;0.0;53.69998346;86.8519681
3.100064580959862;1.19691875890022;4.341293958381143;-0.0040787192821454;0.03602050938642269;0.0530233506678902;3.9387534431937894;1.0438571616961259;1.0896377740242917;5.293339386393178;3.273695202566091;0.019068012644029797;0.0003261224029765661;0.05200367084735402;-0.0509839910268175;0.0004087620671195478;0.058121749770572106;0.0;53.69979273;86.85202568999999
2.0117195310901987;1.0803790669811104;3.4160389794772597;-0.0152951973080452;0.03390322529578056;0.0530233506678902;3.0586684860537017;0.9518925495195857;0.906099425830897;4.281744024042822;2.4410848937292293;0.010910574079738833;0.00024958547571312176;0.04588559192413566;-0.0509839910268175;0.00034422844059976015;0.045885591924135896;0.0;53.69959188;86.85209108000001
0.8929907853366594;1.1386313098243213;3.4160389794772597;-0.020393596410727;0.03181957494017763;0.0530233506678902;2.4280280866819255;0.928359832480426;0.8618519785630845;4.281744024042822;2.4410848937292293;0.010910574079738833;0.0002468705809347204;0.05404303048842651;-0.0509839910268175;0.00040423339157430016;0.047924951565208596;0.0;53.69938151;86.85215975
0.9813426013422863;1.1422814757145154;3.4160389794772597;0.0091771183848271;0.03362749694427062;0.0530233506678902;2.204030560924276;0.8838750776404259;0.781235152873869;4.281744024042822;2.4410848937292293;0.010910574079738833;0.00031746939791689433;0.05404303048842651;-0.0509839910268175;0.00040113725625254867;0.047924951565208596;0.0;53.69916111;86.85223375000001
0.8188274257738897;1.176511019550254;3.6702850605283954;-0.0723972672580809;0.0335977237009346;0.0530233506678902;2.0196441838270873;0.837682870806702;0.7017125920429578;3.947143999557723;2.10648486924413;0.010910574079738833;0.0003339320577433709;0.05404303048842651;-0.0509839910268175;0.00041798115662237495;0.0489446313857449;0.0;53.698917970000004;86.85231829
0.819865058611712;1.237638314209932;3.6702850605283954;-0.0152951973080452;0.026507535284923972;0.0316100744366268;1.8406591303135926;0.8416952187633747;0.7084508412891253;3.947143999557723;2.10648486924413;0.004792495156520804;0.0002551885564259925;0.047924951565208485;-0.0509839910268175;0.00046453871388602453;0.0489446313857449;30.0;53.698674749999995;86.85240787000001
3.4154094893093205;1.1983792760179022;3.6702850605283954;-0.0214132762312633;0.026898639139547063;0.0316100744366268;3.737914520307967;0.7839086059978342;0.6145127025574676;3.947143999557723;2.10648486924413;0.011930253900275356;0.00034062109636760356;0.05506271030896304;-0.0509839910268175;0.00043907646668774086;0.0489446313857449;0.0;53.698431559999996;86.85250260000001
2.9748441226620113;1.1999953807788786;3.6702850605283954;0.0316100744366268;0.029581261326756276;0.0316100744366268;3.310765283910721;0.7820615391955702;0.6116202510889444;3.947143999557723;2.10648486924413;0.011930253900275356;0.0004189140406792051;0.05506271030896304;-0.0509839910268175;0.00043912267766269247;0.0489446313857449;0.0;53.69819018;86.85259658
3.6702850605283954;1.4326022019896862;5.132215423878848;-0.0050983991026817;0.029197010252323685;0.0316100744366268;3.947143999557723;1.0942736011202103;1.1974347141085933;5.4144955696728925;3.5738364393593;0.011930253900275356;0.0004346257721627197;0.05506271030896304;-0.0509839910268175;0.0006162955556267944;0.0734169470786174;0.0;53.69795665;86.85268817
3.503295581227997;1.5596326931323836;5.384939517202829;-0.0061180789232181;0.028869126865810668;0.0316100744366268;3.835217194093472;1.299570133428198;1.688882531698584;5.768937738434276;3.9282786081206833;0.03232385031100238;0.0005825355502387761;0.07545630671969006;-0.0509839910268175;0.0006973351647620757;0.0744366268991537;0.0;53.69773495;86.85277367
2.07297586300904;1.522065746007978;5.448939593851575;0.0040787192821454;0.017319221645624435;0.0316100744366268;2.6565724673358475;1.3745823000533726;1.8894764996200202;5.921966703281045;4.081307572967453;0.03232385031100238;0.0005700239287706546;0.07545630671969006;-0.0509839910268175;0.0006531459199646905;0.07647598654022639;0.0;53.697531119999994;86.85284632
2.3562886201368434;1.5341957525512204;6.788732065384048;0.0285510349750178;0.0185993375819415;0.0316100744366268;2.9123748375391516;1.5149957801002623;2.295212213721602;7.244675598830251;4.588103131494403;0.037422249413683994;0.0005314724229173542;0.08055470582237167;-0.0703579076170082;0.000639837159178654;0.07851534618129909;0.0;53.69734165;86.85291285
5.132215423878848;1.5173407131631205;6.788732065384048;-0.003059039461609;0.01820381557194246;0.0316100744366268;5.4144955696728925;1.49354002801873;2.230661815294189;7.244675598830251;4.588103131494403;0.037422249413683994;0.00022347627486551884;0.04384623228306306;-0.0703579076170082;0.0006355857494831148;0.07851534618129909;0.0;53.69716406;86.85297333999999
5.384939517202829;1.6102074227440197;6.788732065384048;0.0010196798205363;0.015703289944626466;0.0285510349750178;5.768937738434276;1.4892397993971729;2.2178351801085316;7.244675598830251;4.588103131494403;0.037422249413683994;0.0003175156088918482;0.055062710308962926;-0.0703579076170082;0.0007096272840991764;0.07851534618129909;0.0;53.696997669999995;86.85303479
5.448939593851575;1.7412381552331175;6.788732065384048;-0.0101967982053635;0.015949652570136898;0.0285510349750178;5.921966703281045;1.5549484560831162;2.4178647010752665;7.244675598830251;4.588103131494403;0.037422249413683994;0.0003063903166722716;0.055062710308962926;-0.0693382277964719;0.0008343969164682617;0.07953502600183539;0.0;53.69685753;86.85308921000001
6.788732065384048;1.8840801082905418;6.788732065384048;-0.0254919955134087;0.015756170543100287;0.0285510349750178;7.244675598830251;1.6372102091864822;2.680457269064445;7.244675598830251;4.588103131494403;0.037422249413683994;0.00038078998634420664;0.05710206995003553;-0.0642398286937901;0.0009741389047216378;0.0846334251045172;0.0;53.69671975999999;86.853146
3.998273587848531;1.7981392997025756;6.788732065384048;0.0214132762312633;0.01640280003266034;0.0285510349750178;4.715783494751765;1.5234049568777908;2.3207626626398232;7.244675598830251;4.458445870432753;0.037422249413683994;0.0004810562492452527;0.05914142959110835;-0.0642398286937901;0.0008784821865720054;0.0846334251045172;0.0;53.69656416;86.85321056
2.1262076922436686;1.7299476002165664;6.788732065384048;-0.0101967982053635;0.01558476449437551;0.023452635872336;3.3572723063558256;1.4240148574185845;2.0278183141488713;7.244675598830251;4.458445870432753;0.037422249413683994;0.0004871214397076388;0.05914142959110835;-0.0642398286937901;0.0008069475973470631;0.0846334251045172;0.0;53.69640871;86.85327783
1.9529760255853579;1.686183694628201;6.788732065384048;0.0101967982053635;0.015460100749767397;0.023452635872336;3.0692625172944057;1.4016830324983192;1.9647153235936843;7.244675598830251;4.458445870432753;0.037422249413683994;0.0004901713640544387;0.05914142959110835;-0.0642398286937901;0.0007597199809466164;0.0846334251045172;0.0;53.69625155;86.85334339
1.6048537247112575;1.5998455454460394;6.788732065384048;0.003059039461609;0.01572213068262609;0.023452635872336;2.786229728397498;1.3427423831848284;1.8029571076008724;7.244675598830251;4.458445870432753;0.037422249413683994;0.0004135420148410916;0.05914142959110835;-0.0642398286937901;0.0006900338307197346;0.0846334251045172;0.0;53.696092390000004;86.85341463
3.641932195571597;1.480281485894983;6.788732065384048;0.0163148771285816;0.01565364439567755;0.023452635872336;4.276375001309619;1.2447419833168425;1.5493826050315467;7.244675598830251;4.458445870432753;0.037422249413683994;0.00035716462540024454;0.05914142959110835;-0.0642398286937901;0.000593857239101898;0.0846334251045172;0.0;53.69591357;86.85349436999999
3.438799886104275;1.002570484461778;4.431203878511049;0.023452635872336;0.011726194785784386;0.0275313551544814;4.121487872741281;0.7543007485759247;0.5689696193022002;5.013576898732979;2.2273471703354812;0.04150096869582964;0.0003913607468643664;0.063220148873254;-0.0642398286937901;0.0002740772924374268;0.04588559192413581;0.0;53.69572958;86.8535843
4.295210627329172;1.0731506526001922;4.431203878511049;0.0020393596410727;0.012819993003156662;0.0275313551544814;4.8246401807960515;0.7930511341640017;0.6289301013988096;5.013576898732979;2.2273471703354812;0.04150096869582964;0.00035217384010548366;0.063220148873254;-0.0637299887835219;0.0003250046750199289;0.046395431834404005;0.0;53.69554239;86.85368895
3.6408087679302534;1.4331999821926853;4.431203878511049;0.0127459977567043;0.018531587857981816;0.0275313551544814;4.268937926311388;1.0073402936457614;1.0147344672023288;5.013576898732979;3.142045264780311;0.04150096869582964;0.0006449781301420095;0.0968695829509536;-0.0356887937187723;0.0005831853920740327;0.0744366268991536;0.0;53.69535598;86.85382766000001
3.1508959384952346;1.981865898662774;4.431203878511049;0.0214132762312633;0.025177409260750194;0.0275313551544814;3.96777131461949;1.0713099645550201;1.1477050401548785;5.013576898732979;3.142045264780311;0.07718976241460185;0.0012957095266654807;0.1325583766697258;-0.0071377587437544;0.0011652819380507688;0.10298766187417151;0.0;53.69517097000001;86.85400617
4.431203878511049;2.118229762015649;4.431203878511049;0.0275313551544814;0.025198049210598004;0.0275313551544814;5.013576898732979;1.2422312030387919;1.5431383618032042;5.013576898732979;3.4792700296039474;0.086366880799429;0.0018483927870855791;0.14173549505455296;-0.0071377587437544;0.0013660224132401423;0.10298766187417151;0.0;53.69499597;86.85421261
1.6602065316575847;2.1300399062932853;4.431203878511049;-0.0071377587437544;0.024765662786000425;0.0275313551544814;2.886549453639365;1.3487957209516268;1.8192498968574187;5.013576898732979;3.4792700296039474;0.086366880799429;0.0017881336757488058;0.14173549505455296;-0.0071377587437544;0.0013554863109511972;0.10298766187417151;0.0;53.69485238;86.85443766
-0.06430523754763362;2.1277665539680983;4.431203878511049;-0.0356887937187723;0.023551930660361625;0.0275313551544814;1.8715316339526684;1.4399328136506513;2.0734065078278814;5.013576898732979;3.727968710271295;0.086366880799429;0.002086844306021322;0.14173549505455296;-0.0071377587437544;0.001344880892199825;0.10298766187417151;0.0;53.694725760000004;86.8546848
-1.5574084016984195;1.9686224220718846;4.431203878511049;-0.0469052717446721;0.023629061600239514;0.0275313551544814;2.4252791767926456;1.2918871322793066;1.6689723625488508;5.013576898732979;3.727968710271295;0.086366880799429;0.0020832167444876284;0.14173549505455296;-0.0071377587437544;0.0011409749652262732;0.1009483022330988;90.0;53.69461603;86.85497699
-0.018489577198272045;1.8988899434267206;4.431203878511049;0.0050983991026817;0.024539788268576637;0.0275313551544814;1.5343068691290316;1.2751392043606666;1.625979990497554;5.013576898732979;3.8578430250961686;0.086366880799429;0.002099621640595416;0.14173549505455296;-0.0071377587437544;0.0010469818421748962;0.1009483022330988;90.0;53.69452126;86.85529438
0.41946519171961283;2.277718789116726;4.431203878511049;-0.0061180789232181;0.022666128963927123;0.0275313551544814;1.5723193308283987;1.2597522229091036;1.5869756631244278;5.013576898732979;3.8578430250961686;0.086366880799429;0.003378163790066405;0.18864076679922503;0.0346691138982359;0.001572700998710784;0.1427551748750891;90.0;53.69446077;86.85563069
0.1366433632460562;1.907474419519962;2.855779547444379;0.0076475986540226;0.01907048140594091;0.0076475986540226;1.2856081884616841;0.8922516720179753;0.7961130462188726;3.8439497569805416;2.688215883343731;0.086366880799429;0.0033975492940585637;0.18864076679922503;0.0346691138982359;0.001139403792077922;0.119302539002753;90.0;53.694417220000005;86.85598394
2.855779547444379;1.8891375348112502;2.855779547444379;0.0050983991026817;0.022174031245356114;0.0076475986540226;3.2326443400506886;0.880351072100155;0.7750180101478922;3.8439497569805416;2.688215883343731;0.086366880799429;0.003430382191761614;0.18864076679922503;0.0346691138982359;0.001113696049075208;0.119302539002753;90.0;53.69439271;86.85634599
-0.5496749944896888;1.9920006039725358;2.855779547444379;-0.0295707147955541;0.03931115881053312;0.0076475986540226;1.1557338736368106;0.8779255434441716;0.770753259831744;3.8439497569805416;2.688215883343731;0.086366880799429;0.0031669565290505125;0.18864076679922503;0.0346691138982359;0.0012292119337102528;0.119302539002753;90.0;53.69438635;86.85669803
-3.801486603105163;1.9659581576382312;2.855779547444379;-0.003059039461609;0.038549389368402305;0.0076475986540226;3.8439497569805416;0.8757469203859078;0.7669326685654015;3.8439497569805416;2.688215883343731;0.086366880799429;0.002565012369332101;0.18864076679922503;0.0346691138982359;0.001193872090616083;0.119302539002753;90.0;53.69439865;86.85703033000001
2.1463638754495173;2.2152110551088016;2.855779547444379;-0.003059039461609;0.04339869467820694;0.0076475986540226;2.149537957093522;1.003051951771086;1.006113217951785;3.8439497569805416;2.688215883343731;0.044560008157438435;0.0018753597791557166;0.14683389415723447;0.0346691138982359;0.0014954449131496567;0.119302539002753;90.0;53.694419679999996;86.85735856
1.442584789632308;2.1982787115971085;2.855779547444379;-0.0479249515652085;0.05144195144805772;0.0571020699500356;1.504012920804757;0.9769596408777659;0.9544501399040133;3.8439497569805416;2.688215883343731;0.11185887631283775;0.003373080582821734;0.21413276231263378;0.0346691138982359;0.0014709415436816172;0.119302539002753;90.0;53.69444632;86.85768472
-1.8871738778560012;2.474745922786745;2.855779547444379;-0.1182828591822167;0.0530577645879585;0.0571020699500356;2.0714024178041606;1.2107210803546749;1.465845534415191;4.919668217904359;3.7639343442675486;0.12919343326195576;0.004687225400306932;0.2314673192617518;0.0346691138982359;0.0017883762833672992;0.119302539002753;90.0;53.69447192;86.85801496
-1.205393060150115;2.152597727500975;2.1463638754495173;-0.0295707147955541;0.05116765576859002;0.0571020699500356;1.7054687084005486;1.289418790320731;1.662600816832177;4.919668217904359;3.7639343442675486;0.12919343326195576;0.00467558023461915;0.2314673192617518;0.0346691138982359;0.00132745646645717;0.1040073416947078;90.0;53.69449331;86.85832819
-3.277619892788033;2.2874847151931657;2.1463638754495173;-0.0948302233098807;0.05570105695972494;0.0571020699500356;3.6906133258768863;1.386451330994251;1.92224729321573;5.304225490662907;3.80021256985815;0.12919343326195576;0.00566897756315183;0.2314673192617518;0.0428265524625267;0.001537219634505826;0.1121647802589986;90.0;53.69451418;86.85863578000001
-0.6216985457287287;2.472425056116525;2.1463638754495173;0.0571020699500356;0.05493796770170978;0.0571020699500356;2.237850914686272;1.6982475263480783;2.884044660747367;6.273454455370908;4.769441534566151;0.12919343326195576;0.004970972339252965;0.21107372285102488;0.0622004690527174;0.0018357309799488632;0.1315386968491893;90.0;53.694535789999996;86.85893387
-4.202536888860303;2.0582504551079723;1.442584789632308;-0.0846334251045171;0.08676951704169321;0.0571020699500356;4.919668217904359;1.7341270461248455;3.007196612101682;6.273454455370908;4.769441534566151;0.12919343326195576;0.005352212882602948;0.21107372285102488;0.0622004690527174;0.0013202591071084723;0.12134189864382569;90.0;53.69455182;86.85921614
-2.9414059001053534;1.6758551285147785;-0.6216985457287287;-0.037728153359845;0.085943427337324;0.0571020699500356;4.130845510461169;1.746236308619681;3.0493412455416897;6.502108861008743;4.7966401526081945;0.12919343326195576;0.00548696408556156;0.21107372285102488;0.0622004690527174;0.0008593392901983442;0.0836137452839807;90.0;53.69455422;86.85948222
-4.2551381983238805;1.5966114771736568;-0.6216985457287287;-0.1106352605281941;0.0852266540701301;0.0571020699500356;5.304225490662907;1.5769081470285957;2.486639304165159;6.502108861008743;4.7966401526081945;0.12919343326195576;0.005330944281381514;0.21107372285102488;0.0622004690527174;0.0007766794087538252;0.0836137452839807;90.0;53.694544480000005;86.85972079999999
-5.312754934527568;1.4096095251516938;-0.6216985457287287;-0.0917711838482716;0.08346731442524989;0.0571020699500356;6.273454455370908;1.2574805844995278;1.5812574203932739;6.502108861008743;4.264257946322472;0.12919343326195576;0.005172960510766028;0.21107372285102488;0.0622004690527174;0.0005950702771943792;0.0836137452839807;90.0;53.69452681;86.85993608999999
-4.079031732635817;1.4795719443796163;-0.6216985457287287;-0.2824513102885694;0.08436273269581689;0.0571020699500356;5.314572778383198;1.311095137841682;1.718970460472099;6.502108861008743;4.264257946322472;0.12919343326195576;0.005058207107217685;0.21107372285102488;0.0622004690527174;0.0006569352199107171;0.0836137452839807;90.0;53.69450701000001;86.86011597000001
-5.584540282342507;1.2680221203373596;-1.59430621552894;-0.0744366268991536;0.06998585321859122;-0.037728153359845;6.502108861008743;1.3217822392400027;1.747108287970316;6.502108861008743;4.313235811620942;0.12919343326195576;0.0037448911990956807;0.21107372285102488;0.0622004690527174;0.0005104002183394696;0.06933822779647181;90.0;53.69449073;86.86026097
-3.4683692412428204;1.2630729613660827;-1.59430621552894;-0.0815743856429081;0.0713646581831105;-0.037728153359845;4.667548024827672;1.342582047541027;1.8025265543794566;6.502108861008743;4.313235811620942;0.04252064851636583;0.0015942901885709476;0.12440093810543496;0.0622004690527174;0.0005112782268635483;0.06933822779647181;90.0;53.6944795;86.86036494
-4.670877518093215;1.2630729613660827;-1.59430621552894;-0.0652595085143265;0.0713646581831105;-0.037728153359845;5.4251273566634275;1.342582047541027;1.8025265543794566;6.502108861008743;4.313235811620942;0.04252064851636583;0.0015942901885709476;0.12440093810543496;0.0622004690527174;0.0005112782268635483;0.06933822779647181;90.0;53.6944795;86.86036494
-2.350416881232105;1.2630729613660827;-1.59430621552894;-0.0458855919241358;0.0713646581831105;-0.037728153359845;3.235247463122673;1.342582047541027;1.8025265543794566;6.502108861008743;4.313235811620942;0.04252064851636583;0.0015942901885709476;0.12440093810543496;0.0622004690527174;0.0005112782268635483;0.06933822779647181;90.0;53.6944795;86.86036494
-1.59430621552894;1.2630729613660827;-1.59430621552894;-0.0571020699500356;0.0713646581831105;-0.037728153359845;2.188873049387801;1.342582047541027;1.8025265543794566;6.502108861008743;4.313235811620942;0.04252064851636583;0.0015942901885709476;0.12440093810543496;0.0622004690527174;0.0005112782268635483;0.06933822779647181;90.0;53.6944795;86.86036494
-3.984426144349519;1.2630729613660827;-1.59430621552894;-0.0489446313857448;0.0713646581831105;-0.037728153359845;4.025468596764893;1.342582047541027;1.8025265543794566;6.502108861008743;4.313235811620942;0.04252064851636583;0.0015942901885709476;0.12440093810543496;0.0622004690527174;0.0005112782268635483;0.06933822779647181;90.0;53.6944795;86.86036494
-3.111860401366761;2.365411383960527;5.7484684796595396;-0.0968695829509534;0.06437959039838356;0.0713775874375446;3.1575957793276834;1.6945924105096237;2.871643437756817;6.557313661218131;5.672800492728618;0.09758335882532876;0.002155051705049753;0.13867645559294384;0.0020393596410727;0.0017158712636683724;0.1549913327215254;0.0;53.722481949999995;86.83607427000001
1.7118515121208944;2.365411383960527;5.7484684796595396;-0.1152238197206077;0.06437959039838356;0.0713775874375446;1.7274647979852358;1.6945924105096237;2.871643437756817;6.557313661218131;5.672800492728618;0.09758335882532876;0.002155051705049753;0.13867645559294384;0.0020393596410727;0.0017158712636683724;0.1549913327215254;60.0;53.722481949999995;86.83607427000001
0.2066538033792149;2.365411383960527;5.7484684796595396;-0.0025491995513408;0.06437959039838356;0.0713775874375446;0.884513168489512;1.6945924105096237;2.871643437756817;6.557313661218131;5.672800492728618;0.09758335882532876;0.002155051705049753;0.13867645559294384;0.0020393596410727;0.0017158712636683724;0.1549913327215254;60.0;53.722481949999995;86.83607427000001
0.5738682765528877;2.365411383960527;5.7484684796595396;0.0713775874375446;0.06437959039838356;0.0713775874375446;1.562106753172032;1.6945924105096237;2.871643437756817;6.557313661218131;5.672800492728618;0.09758335882532876;0.002155051705049753;0.13867645559294384;0.0020393596410727;0.0017158712636683724;0.1549913327215254;60.0;53.722481949999995;86.83607427000001
-0.19754987633036292;2.365411383960527;5.7484684796595396;0.0010196798205363;0.06437959039838356;0.0713775874375446;1.9850243352589165;1.6945924105096237;2.871643437756817;6.557313661218131;5.672800492728618;0.09758335882532876;0.002155051705049753;0.13867645559294384;0.0020393596410727;0.0017158712636683724;0.1549913327215254;60.0;53.722481949999995;86.83607427000001
1.0615704033220874;2.365411383960527;5.7484684796595396;-0.0642398286937901;0.06437959039838356;0.0713775874375446;2.6552920206118147;1.6945924105096237;2.871643437756817;6.557313661218131;5.672800492728618;0.09758335882532876;0.002155051705049753;0.13867645559294384;0.0020393596410727;0.0017158712636683724;0.1549913327215254;60.0;53.722481949999995;86.83607427000001
2.546971820324144;1.8486479632775934;5.7484684796595396;-0.1361272560416029;0.07320270628959835;0.0713775874375446;3.8064244644837126;1.7120113369115069;2.930982817713525;6.557313661218131;5.672800492728618;0.09758335882532876;0.0018096246672871892;0.13867645559294384;-0.0499643112062812;0.0010631874534532014;0.1029876618741715;60.0;53.722347680000006;86.83598608000001
5.7484684796595396;1.848584530531326;5.7484684796595396;-0.0978892627714897;0.07154773591087671;0.0713775874375446;6.557313661218131;1.664430712582686;2.770329596988508;6.557313661218131;5.672800492728618;0.09758335882532876;0.0019061131829859483;0.13867645559294384;-0.0499643112062812;0.001064943470501359;0.1029876618741715;60.0;53.722212230000004;86.83588391
3.2131497949681034;1.7880412901682643;5.7484684796595396;-0.061180789232181;0.07008614547197933;0.0713775874375446;4.691288256249502;1.4233250769706356;2.0258542747334656;6.557313661218131;4.995206908046098;0.09758335882532876;0.002146063670421682;0.13867645559294384;-0.0499643112062812;0.000994240678825544;0.1029876618741715;60.0;53.722074109999994;86.83576371000001
-0.06708625791668288;1.7506219662753126;5.7484684796595396;-0.0968695829509534;0.060414272508913784;0.0010196798205363;3.6208952619498365;1.2175602118013602;1.4824528693617731;6.557313661218131;4.572289325959214;0.09758335882532876;0.0022003384605022345;0.13867645559294384;-0.0499643112062812;0.0009544876876235049;0.1029876618741715;60.0;53.72193496;86.83562712
0.7257900441005058;1.6158521057548092;5.7484684796595396;-0.1733455694911797;0.048070841433490906;-0.061180789232181;3.83167178512633;1.012302501616281;1.0247563547785807;6.557313661218131;3.902021640606316;0.09758335882532876;0.002112029287369893;0.13867645559294384;-0.0530233506678902;0.0008216311346379047;0.09992862241256249;60.0;53.72179717;86.83547909
1.705105683526856;1.6148183749594336;5.7484684796595396;-0.0825940654634444;0.047697363674645096;-0.061180789232181;4.199113255304602;0.8686162246692841;0.7544941457587202;6.557313661218131;2.936418399268294;0.06699296420923839;0.001270827804840024;0.10808606097685347;-0.0530233506678902;0.0007882321524916983;0.09992862241256249;60.0;53.721654820000005;86.83529578
1.5229093127039022;1.6353980105078323;5.7484684796595396;-0.1223615784643621;0.05016164345688671;-0.061180789232181;4.146004065852249;0.8345908628445918;0.6965419083436803;6.557313661218131;2.936418399268294;0.06699296420923839;0.0010197866834159278;0.09992862241256262;-0.0530233506678902;0.0008048103397555539;0.09992862241256249;60.0;53.72151867;86.83510075
2.2487056003589414;1.1651400994466463;3.4855974640912617;-0.2120934026715611;0.04994028746219403;-0.061180789232181;4.431345711636861;0.5318314152285616;0.2828446542240147;5.200889117249623;1.579993855299787;0.06699296420923839;0.0010561778261902446;0.09992862241256262;-0.0530233506678902;0.0004026015665213212;0.06118078923218111;60.0;53.72138881000001;86.83489665
2.880238567032972;1.247806974083585;3.868174803248708;-0.1356174161313347;0.053237557319993696;-0.0367084735393086;4.846340869800251;0.5260931975281915;0.27677405248543674;5.200889117249623;1.579993855299787;0.06699296420923839;0.0008604743472705875;0.09992862241256262;-0.0530233506678902;0.0004806056922394752;0.0672988681553992;60.0;53.72126376;86.83467944
3.4855974640912617;1.2242918241145053;4.859682272384683;-0.0672988681553992;0.055676162654527794;-0.0367084735393086;5.200889117249623;0.5300188128340563;0.28091994195802233;5.277558082280655;1.480326461403953;0.06699296420923839;0.0008551803024527054;0.09992862241256262;-0.0652595085143265;0.00043374776363864077;0.06729886815539919;0.0;53.72114307;86.83445379
3.218547224147973;1.033135365016724;4.859682272384683;-0.0637299887835219;0.053310779600894045;-0.0367084735393086;4.883042009849617;0.5094723733099707;0.2595620991660942;5.277558082280655;1.480326461403953;0.06699296420923839;0.00085477595642188;0.09992862241256262;-0.0744366268991536;0.0003041144261559086;0.05812174977057209;0.0;53.72103111;86.83422919
2.4425759660092456;0.9311577001851994;4.859682272384683;-0.1121647802589986;0.05328850844991785;-0.0367084735393086;3.797231620876702;0.6125319024417768;0.37519533150894235;5.277558082280655;1.842505415150117;0.06699296420923839;0.0008005589300600171;0.09992862241256262;-0.0744366268991536;0.0002512606235551155;0.05812174977057209;0.0;53.72092382999999;86.83399903
3.868174803248708;0.7522660629352029;4.859682272384683;-0.0367084735393086;0.054446941359614184;-0.0367084735393086;4.594786647895517;0.7871546702141801;0.6196124748399945;5.277558082280655;2.384586486403583;0.04150096869582964;0.00041405033556556005;0.07443662689915387;-0.0968695829509534;0.00012639856923612675;0.0356887937187723;0.0;53.72082432;86.8337664
4.859682272384683;0.6612072811549923;4.859682272384683;-0.058121749770572;0.04353919567625917;0.023452635872336;5.277558082280655;0.8328727156345389;0.6936769604484515;5.277558082280655;2.384586486403583;0.04150096869582964;0.0002543452061331297;0.05200367084735413;-0.0968695829509534;0.00010606574025746109;0.0356887937187723;0.0;53.72073253999999;86.83353126
3.6043526438564664;0.6601051741969247;4.859682272384683;-0.0446109921484653;0.03672114850469012;0.023452635872336;3.986866366754069;0.896372854266309;0.8034842938655297;5.277558082280655;2.384586486403583;0.04150096869582964;0.00020776454338200574;0.05200367084735413;-0.0968695829509534;9.986191687022056e-05;0.0356887937187723;0.0;53.720647240000005;86.83329236
3.2472365482439933;1.2130715590091867;6.603198309810889;-0.0836137452839808;0.03704019015201681;0.023452635872336;3.435052667130538;1.171650327211617;1.372764489255089;6.626051475653726;3.7330798797766533;0.04150096869582964;0.0002100288811546299;0.05200367084735413;-0.0968695829509534;0.0004098451368449708;0.0703579076170082;0.0;53.72057443999999;86.83307620000001
2.8610561123889466;1.492480785487078;6.603198309810889;-0.0428265524625267;0.036787156724506644;0.023452635872336;2.8929715958770723;1.387581400465932;1.9253821429189968;6.626051475653726;3.7330798797766533;0.04150096869582964;0.00021746884812182368;0.05200367084735413;-0.0968695829509534;0.0006349850068087435;0.0703579076170082;0.0;53.720497439999995;86.83285072000001
3.453793641080847;1.6292951047249202;6.940725155162481;0.023452635872336;0.029135924702635554;0.023452635872336;3.456566361296348;1.5894546537404983;2.5263660962973273;6.948856751410115;4.055885155533042;0.04150096869582964;0.00025203465738555603;0.04894463138574534;-0.1029876618741715;0.0007424370763147499;0.06627918833486279;0.0;53.72042347;86.83263595
2.8931876763624214;1.6151473946173946;6.940725155162481;-0.0193739165901906;0.03277134585327944;0.023452635872336;2.921936007834279;1.5911834203626931;2.531864677237119;6.948856751410115;4.055885155533042;0.04150096869582964;0.000330882133396576;0.04894463138574534;-0.1029876618741715;0.0007340613371047881;0.06627918833486279;0.0;53.72035187;86.83243635
6.603198309810889;1.6264467999598664;6.940725155162481;-0.0244723156928724;0.03347216470062729;0.023452635872336;6.626051475653726;1.5950540283583727;2.544197353382273;6.948856751410115;4.055885155533042;0.04150096869582964;0.0002981647631309039;0.04894463138574534;-0.1029876618741715;0.0007562541578252521;0.06627918833486279;0.0;53.72027866999999;86.83224795
6.5613792426595765;2.0137816757505678;6.940725155162481;-0.058121749770572;0.034416648640310625;0.023452635872336;6.584550514145983;2.0057706540611364;4.023115916692839;6.948856751410115;6.2704001105515195;0.04150096869582964;0.00028974281294599064;0.04894463138574534;-0.0632201488732537;0.0011834168575333025;0.10604670133578059;0.0;53.720199879999996;86.83205908
6.940725155162481;2.4531838131898493;6.940725155162481;-0.0178443968593861;0.03592050424610723;0.0275313551544814;6.948856751410115;2.308098490299103;5.327318640920997;6.948856751410115;6.3921180508458955;0.0506780870806568;0.00040250914457142157;0.058121749770572495;-0.0448659121035994;0.001802794107552172;0.12440093810543489;0.0;53.72011032;86.83188504
4.426970297366375;3.1217704936240613;6.940725155162481;-0.0836137452839808;0.036565984704818415;0.0275313551544814;4.43126549836593;2.3369733378004356;5.461444381590109;6.948856751410115;6.3921180508458955;0.086366880799429;0.0007613258123261832;0.0938105434893447;-0.0112164780258998;0.0029340387743652147;0.15805037218313447;0.0;53.72000499000001;86.83172594999999
3.8113469990861697;3.685879678020663;6.940725155162481;-0.0101967982053635;0.03286826829333131;0.0275313551544814;3.81251081897149;2.3483428233021537;5.51471401575473;6.948856751410115;6.3921180508458955;0.086366880799429;0.00107482106639725;0.11930253900275323;-0.0010196798205363;0.004062510782681166;0.16824717038849799;30.0;53.719877;86.83159028
0.6650518036625721;4.072573710655008;6.940725155162481;-0.0622004690527174;0.03584125816973559;0.0275313551544814;0.6784566408585951;2.344705936805599;5.497645930091422;6.948856751410115;6.3921180508458955;0.086366880799429;0.0010189519976808678;0.11930253900275323;-0.0010196798205363;0.004938208758012339;0.16824717038849799;0.0;53.719734259999996;86.83147826000001
-0.2952924900441891;4.091090833186563;6.940725155162481;0.0275313551544814;0.040065473785223724;0.0275313551544814;0.5567387005642189;2.129006847167938;4.532670155287963;6.948856751410115;6.3921180508458955;0.086366880799429;0.001073249893248896;0.11930253900275323;0.0112164780258998;0.004924056646933437;0.1804833282349341;0.0;53.719572160000006;86.83139295999999
-2.2966312706470413;3.6589438710159956;6.940725155162481;0.003059039461609;0.04300274569580923;0.0275313551544814;2.3984668117575825;1.8540032811943414;3.437328166679384;6.948856751410115;6.3921180508458955;0.086366880799429;0.0011598954712829833;0.11930253900275323;0.0112164780258998;0.003876650241426177;0.1804833282349341;60.0;53.71939886;86.8313451
-2.9434567417976716;2.800086424684912;4.426970297366375;-0.0254919955134087;0.04885393865883982;0.0275313551544814;3.03834490299327;1.3198462840907144;1.7419942136280664;4.43126549836593;3.874526797801711;0.086366880799429;0.0012008961588087133;0.11930253900275323;0.0112164780258998;0.0022551071303775817;0.136637095951871;60.0;53.71920516;86.83131268000001
-2.8766287569763263;2.5257853367847987;3.8113469990861697;-0.0739267869888855;0.04825721458903827;0.0275313551544814;3.013758989416869;1.4402924210578718;2.0744422581567457;5.12625329824198;4.5695145976777605;0.086366880799429;0.001262206569825633;0.11930253900275323;0.0326297542571632;0.0018414611408428493;0.1478535739777709;60.0;53.71898844;86.83129564
-3.6411022045552492;1.8409106854640018;0.6650518036625721;-0.0907515040277353;0.04667345447776219;0.0275313551544814;3.8808444713781203;1.4780221787551802;2.1845495608922096;5.12625329824198;4.5695145976777605;0.086366880799429;0.0018332009290702692;0.12745997756704408;0.0326297542571632;0.0009845363740857269;0.09584990313041689;60.0;53.71874715;86.83130011
-1.630611109647964;1.5773028136498088;0.06471994094348421;-0.0907515040277353;0.04777795128341922;0.0275313551544814;2.465788966575639;1.3278501226362276;1.763185948185045;5.12625329824198;4.5695145976777605;0.086366880799429;0.0019819887156704036;0.12745997756704408;0.0326297542571632;0.0007063463048776187;0.08361374528398069;60.0;53.71847575;86.83133079000001
0.06471994094348421;1.5503416539712924;0.06471994094348421;-0.1233812582848985;0.0398734433099619;0.003059039461609;1.638133460483552;1.214722679526847;1.4755511881568835;5.425842121177104;3.787708660693552;0.086366880799429;0.0019293197569694154;0.12745997756704408;0.0387478331803813;0.0006911891050935226;0.0897318242071988;60.0;53.71818367000001;86.83137663
-4.890804581298668;1.5262065727547838;0.06471994094348421;-0.0254919955134087;0.032356384705339726;-0.0254919955134087;5.12625329824198;1.1513502874790755;1.3256074844781498;5.425842121177104;3.787708660693552;0.16284286733965536;0.0036527003040674097;0.20393596410727044;0.0387478331803813;0.0006698742928971374;0.0897318242071988;60.0;53.71788087;86.83143479
-3.8972147153255268;1.7673353269511314;0.06471994094348421;-0.037728153359845;0.03138983849368936;-0.0254919955134087;4.187751684886287;1.3310232195494107;1.7716228109796788;5.425842121177104;3.9465393669243154;0.16284286733965536;0.003519612696207051;0.20393596410727044;0.0387478331803813;0.0008768994606799161;0.0897318242071988;60.0;53.71757665;86.83149921
-3.4600216894385447;1.9416386535461942;0.06471994094348421;-0.0836137452839808;0.032184545937632536;-0.0254919955134087;3.830576570654224;1.466936650082661;2.15190313535574;5.425842121177104;3.9465393669243154;0.16284286733965536;0.0035159735819296194;0.20393596410727044;0.0387478331803813;0.001073896846898216;0.0897318242071988;60.0;53.71726725999999;86.83156102000001
-5.215949643607638;1.9329938898947137;0.06471994094348421;-0.0907515040277353;0.03450079971518069;-0.0193739165901906;5.425842121177104;1.5038773730621624;2.2616471532083504;5.425842121177104;3.9465393669243154;0.16284286733965536;0.0033787269863236255;0.20393596410727044;0.0387478331803813;0.0010666532765745663;0.0897318242071988;60.0;53.716953260000004;86.83161054
-3.278406498555615;2.1647440538246405;0.06471994094348421;-0.061180789232181;0.035245187066393006;-0.0193739165901906;3.6341961847291384;1.7040304399427675;2.9037197402515416;5.846761108347944;4.367458354095155;0.16284286733965536;0.003445825321953222;0.20393596410727044;0.0489446313857448;0.0013513128822758868;0.0999286224125623;60.0;53.71660519000001;86.83163622999999
-0.3728764172847958;1.9369930746972124;-0.3728764172847958;-0.032119914346895;0.028668189299266823;-0.0193739165901906;1.479302754252789;1.595651129946406;2.546102528499242;5.846761108347944;4.367458354095155;0.16284286733965536;0.004589546952003175;0.24166411746711547;0.0489446313857448;0.0010931783761967354;0.0938105434893442;60.0;53.716255520000004;86.83163984
-0.3816321250432302;1.9452166269179327;-0.3728764172847958;-0.0479249515652085;0.029767403865322218;-0.0173345569491179;1.5043420339587097;1.6779880086926544;2.81564375731634;5.846761108347944;4.49353993645633;0.16284286733965536;0.005564321257630396;0.24166411746711547;0.0489446313857448;0.001095153895375912;0.0938105434893442;60.0;53.71591345;86.83162801
-1.6523908274200387;2.001233477363353;-0.3728764172847958;-0.0193739165901906;0.047960163384677665;0.0622004690527174;2.0342314763143774;1.793230837212191;3.2156768355287357;5.846761108347944;4.760397019700368;0.16284286733965536;0.005383821189469785;0.24166411746711547;0.0489446313857448;0.0011794889246624233;0.0938105434893442;60.0;53.71558503;86.83159142999999
-5.78512516326929;2.3291774550609516;1.2510856460920214;-0.0978892627714897;0.04711811496422029;0.0622004690527174;5.846761108347944;1.854715407154487;3.439969241536234;5.846761108347944;4.760397019700368;0.16284286733965536;0.005383821189469785;0.24166411746711547;0.0489446313857448;0.0016474674679963967;0.1244009381054348;60.0;53.7152776;86.83154256
-4.404219102087367;2.1445967701686053;1.2510856460920214;-0.0764759865402263;0.04514830000450935;0.0622004690527174;4.4293812524659595;1.7488439519779186;3.0584551683697443;5.846761108347944;5.493596542155062;0.16284286733965536;0.0054605314078893;0.24166411746711547;0.0489446313857448;0.0014149800530153342;0.1244009381054348;60.0;53.714986669999995;86.83148202999999
-1.3410006857259733;2.1534010817682527;1.2510856460920214;-0.0173345569491179;0.044770569872493435;0.0622004690527174;1.3532211718916134;1.7514036722151165;3.067414823048595;5.846761108347944;5.493596542155062;0.1200163148771286;0.0033167465161699117;0.1988375650045887;0.0489446313857448;0.0014361100213119138;0.1244009381054348;60.0;53.71470634;86.83141674
-1.0735644766202523;2.1727188983222465;1.2510856460920214;0.0622004690527174;0.045109997059782865;0.0622004690527174;1.086364088647576;1.8161858615297035;3.2985310836203916;5.846761108347944;5.493596542155062;0.1200163148771286;0.002792575427294895;0.1988375650045887;0.0489446313857448;0.0014845275703173613;0.1244009381054348;0.0;53.71443419;86.83134939
1.2510856460920214;2.316649281668048;1.3109341897408893;-0.0723972672580809;0.04524999545996215;0.0622004690527174;1.2532978156204349;1.817615495750158;3.3037260903910926;5.846761108347944;5.493596542155062;0.1200163148771286;0.002776078109237205;0.1988375650045887;0.0489446313857448;0.0016791797495568726;0.1244009381054348;0.0;53.714160830000004;86.83128595
-0.22476192523647587;2.3325666708452726;1.3109341897408893;-0.0672988681553992;0.04485767150988433;0.0622004690527174;0.3531645661928815;1.8478628010306717;3.41459693143292;5.846761108347944;5.493596542155062;0.1200163148771286;0.002580894503785752;0.1988375650045887;0.0489446313857448;0.001699454814816849;0.1244009381054348;0.0;53.71389061;86.83124101000001
0.277170084751202;1.6221797681035222;1.3109341897408893;-0.0326297542571632;0.04060394692747089;0.0622004690527174;0.6337353901906437;1.1689417848302335;1.366424896322092;4.4293812524659595;4.076216686273078;0.1200163148771286;0.0026100074180052052;0.1988375650045887;0.0265116753339451;0.0008458918964874512;0.10196798205363511;0.0;53.71364673000001;86.83121985
-0.04459718494429987;0.8825138242141344;1.3109341897408893;-0.0214132762312633;0.038334778132044396;0.0622004690527174;0.4293595598535246;0.38043386478066904;0.14472992547195637;1.4478043439106232;1.0946397777177417;0.1200163148771286;0.0018457125505383896;0.1488732537983074;-0.0254919955134087;0.00025056745893084617;0.0499643112062813;0.0;53.71340259;86.83122147
1.3109341897408893;1.323586394651952;1.3109341897408893;-0.0530233506678902;0.03811793576742075;0.0622004690527174;1.4478043439106232;0.8613185115140417;0.7418695782767645;3.3880332262026727;3.034868660009791;0.0211073722851024;0.0004473222375306483;0.05812174977057205;0.0050983991026817;0.0005306059671370144;0.0805547058223717;0.0;53.71315427;86.83124451
-0.1005344049676209;1.935708095246664;1.3109341897408893;-0.0540430304884266;0.017155690002625623;-0.0214132762312633;0.804713038215442;1.4097492692647888;1.9873930021926063;4.689005110418897;4.3358405442260155;0.0211073722851024;0.0004946422758809981;0.05812174977057205;0.0295707147955541;0.0011601727371326899;0.1050270215152441;0.0;53.71289410000001;86.83129410000001
-0.3583794132256881;2.0708353713590806;1.3109341897408893;-0.0458855919241358;0.015581799074408952;-0.0214132762312633;0.9947884276333745;1.5871144343978827;2.518932227874111;4.689005110418897;4.3358405442260155;0.0211073722851024;0.0005138775942045655;0.05812174977057205;0.0295707147955541;0.0013159614864379776;0.10400734169470771;0.0;53.712616049999994;86.83135653
0.7243731597413392;2.2541871209466935;1.3109341897408893;-0.040787192821454;0.0214668906681948;-0.0214132762312633;1.1266355729484316;1.6705750095070302;2.7908208623894137;4.689005110418897;4.259645550565373;0.0211073722851024;0.0005146169698037895;0.05812174977057205;0.0295707147955541;0.0015538555854883672;0.10400734169470771;0.0;53.712320479999995;86.83142704000001
-3.28162201085242;2.189610171126419;1.3109341897408893;-0.0224329560517997;0.042994685401269876;-0.0214132762312633;3.3880332262026727;1.6063917316256298;2.5804943954351893;4.689005110418897;4.259645550565373;0.01498929336188437;0.0004669619018850413;0.05200367084735402;0.0295707147955541;0.0014780695865678857;0.10400734169470771;0.0;53.71200803000001;86.83149603
-4.632099124205686;2.1369662244547127;1.3109341897408893;-0.040787192821454;0.0416450410334055;-0.0224329560517997;4.689005110418897;1.516787499449589;2.3006443184865364;4.689005110418897;3.884292072203455;0.026205771387784238;0.0005919163781539337;0.06322014887325389;0.0295707147955541;0.0013981245999017684;0.10400734169470771;0.0;53.71167692;86.83154636
-3.741943257288657;1.9808243960579694;0.7243731597413392;-0.0622004690527174;0.04161506998704491;-0.0224329560517997;3.864175244577798;1.5530157388324917;2.41185788506143;4.689005110418897;3.884292072203455;0.026205771387784238;0.0005372025838113419;0.06322014887325389;0.0295707147955541;0.0012192303631207231;0.0938105434893442;0.0;53.711332070000005;86.83157783
-4.0412311046524145;2.144543253145132;1.2584252513625946;-0.0948302233098807;0.05751090610640386;0.061180789232181;4.213062140095966;1.4911897108209573;2.2236467536582905;4.689005110418897;3.7006722958596856;0.026205771387784238;0.0004512963813764786;0.06322014887325389;0.0295707147955541;0.001441331861481433;0.1050270215152441;0.0;53.71097596;86.83158012
-0.8277153695604689;2.209155927271324;1.2584252513625946;-0.1672274905679616;0.05760052882862731;0.061180789232181;1.451483428663214;1.5193795665556664;2.308514267266885;4.689005110418897;3.9523489881567255;0.026205771387784238;0.00047273827375398134;0.06322014887325389;0.0295707147955541;0.0015240841648758554;0.1050270215152441;30.0;53.71061486;86.8315595
-1.082297133546076;2.2610512810133834;1.2584252513625946;-0.037728153359845;0.05933927208117895;0.061180789232181;1.3228224412508045;1.5144056422934948;2.2934244494103724;4.689005110418897;3.9523489881567255;0.026205771387784238;0.0003945955151109726;0.06322014887325389;0.0295707147955541;0.0016208961573992752;0.1050270215152441;0.0;53.71024648;86.83152904
0.08650493911031498;2.2058779079560114;1.2584252513625946;-0.0713775874375446;0.05957011440517286;0.061180789232181;0.9883328145592114;1.6091182763846628;2.589261627395148;4.689005110418897;4.545928645952277;0.026205771387784238;0.00039052894931523993;0.06322014887325389;0.0295707147955541;0.0015380860902861639;0.1050270215152441;0.0;53.709872510000004;86.83149043
1.2584252513625946;1.8457594679397236;1.2584252513625946;0.061180789232181;0.06018136517700957;0.061180789232181;1.5428368115526179;1.3075247384729727;1.7096209417188155;4.213062140095966;4.069985675629346;0.026205771387784238;0.00031303314432155194;0.061180789232181065;0.0183542367696543;0.0010722794627749126;0.09381054348934431;0.0;53.70949628000001;86.831447
0.4379754218791878;1.6431205411029581;1.2584252513625946;-0.0652595085143265;0.060001416469040725;0.061180789232181;0.7366561222621714;1.1096539367618197;1.2313318593710045;4.213062140095966;4.069985675629346;0.044560008157438435;0.0005690997092716228;0.07953502600183526;0.0183542367696543;0.0008538661778525216;0.09381054348934431;0.0;53.70912695;86.83140535
1.1543555786502964;2.0515243508003675;1.2584252513625946;-0.0081574385642908;0.0575965173564167;0.061180789232181;1.1841928066381158;1.557779502745465;2.4266769791739087;5.807235949371089;5.664159484904469;0.044560008157438435;0.0005732586970172587;0.07953502600183526;0.0469052717446721;0.0013115858847472582;0.1223615784643621;0.0;53.70876377999999;86.83137242000001
-8.772799483347526e-05;2.4737685222322434;1.2584252513625946;-0.0183542367696543;0.037557207023685694;0.061180789232181;0.14307646446662;1.9451918200276945;3.7837712167026547;5.807235949371089;5.664159484904469;0.044560008157438435;0.0005081012223356256;0.06933822779647181;0.0469052717446721;0.0019144311584772225;0.1223615784643621;0.0;53.70835667;86.83136723000001
-1.439734951850719;2.4727830199601417;1.2584252513625946;-0.0224329560517997;0.03777803264335679;0.061180789232181;1.5147749215030508;1.925262046103439;3.706633946166401;5.807235949371089;5.664159484904469;0.044560008157438435;0.0004201155260279445;0.06933822779647181;0.0469052717446721;0.0019137148883654742;0.1223615784643621;0.0;53.70795079;86.83137351
-2.358646645560942;2.440769692109123;1.2584252513625946;-0.0438462322830631;0.03583775265015005;0.061180789232181;2.465217205545074;1.8954361984919545;3.592678382553632;5.807235949371089;5.664159484904469;0.044560008157438435;0.0003932553968373779;0.06933822779647181;0.0469052717446721;0.0018610574824082257;0.1223615784643621;0.0;53.707543269999995;86.83138583
-5.695559601355937;2.236055612486367;1.1543555786502964;-0.0458855919241358;0.023874992444246942;0.0086672784745589;5.807235949371089;1.870224817259235;3.497740867092339;5.807235949371089;5.664159484904469;0.044560008157438435;0.00047643515175010135;0.07647598654022625;0.0469052717446721;0.00155916118304999;0.1213418986438257;0.0;53.70713629000001;86.83140125
-5.220081054760106;2.0904125014610373;1.1543555786502964;-0.0458855919241358;0.01940140161569478;0.0086672784745589;5.4405680708479975;1.7604331456042444;3.0991248601420547;5.807235949371089;5.664159484904469;0.044560008157438435;0.00047384733715281663;0.07647598654022625;0.0469052717446721;0.0013674087424886863;0.1213418986438257;0.0;53.70673237000001;86.83141973000001
-1.2591738559011143;1.863054256535217;-8.772799483347526e-05;-0.0132558376669725;0.041423808559486595;0.0948302233098807;2.252905856632523;1.7735265483935163;3.1453964178566194;5.807235949371089;5.664159484904469;0.044560008157438435;0.00042792518079475076;0.07647598654022625;0.0469052717446721;0.0010693248485639506;0.098908942592026;0.0;53.70632594999999;86.83143315
-2.3595489706366184;1.6344053055801588;-1.2591738559011143;0.0086672784745589;0.04258528371612797;0.0948302233098807;3.177142277629093;1.4466242541756547;2.0927217327692693;5.807235949371089;4.292461027868038;0.044560008157438435;0.00042819089390072114;0.07647598654022625;0.0469052717446721;0.0008299519983151125;0.0774956663607626;30.0;53.70592579;86.83146051
-1.471720955143166;1.6389437864372998;-1.2591738559011143;0.0010196798205363;0.04220004614274963;0.0948302233098807;2.645324367484824;1.3362116457313236;1.7854615621880123;5.807235949371089;3.554330092738566;0.044560008157438435;0.0004420195281549614;0.07647598654022625;0.0469052717446721;0.0008356821592091005;0.0774956663607626;0.0;53.70554088;86.83151848
-2.0723211151169356;1.6936133227797716;-1.2591738559011143;-0.0152951973080452;0.040249162020938006;0.0948302233098807;2.8553607743651073;1.337858745244757;1.7898660222278755;5.807235949371089;3.554330092738566;0.004792495156520804;0.0001340580383343407;0.03670847353930862;0.0469052717446721;0.0008949939455593675;0.0774956663607626;0.0;53.705175409999995;86.83161381
-4.3966094605767525;1.438263064532886;-1.2591738559011143;0.0948302233098807;0.03876482411879071;0.0948302233098807;4.788970261395966;1.1333963332158266;1.2845872481470808;5.4405680708479975;3.1876622142154747;0.0007137758743755995;0.00011771090594524329;0.03262975425716341;0.0397675130009177;0.0006525249599887786;0.0703579076170082;0.0;53.704835149999994;86.83175483
-2.194905276101236;1.1904246414917241;-1.2591738559011143;0.023452635872336;0.035850121172671355;0.0948302233098807;2.860855482856283;0.9272713107214108;0.8598320836870031;4.788970261395966;2.5360644047634433;0.019068012644029797;0.0001897422631509148;0.05098399102681761;0.0244723156928724;0.0004431661379709482;0.0550627103089629;0.0;53.70457312;86.83194592
-1.3929249604167202;1.211853090315488;-1.3929249604167202;-0.0005098399102681;0.035205995307499544;0.0948302233098807;2.4807512753851553;0.9394826605471643;0.8826276694687784;4.827079933762294;2.3463286583771383;0.019068012644029797;0.00024335854683840813;0.05098399102681761;0.0254919955134087;0.00045714495789378067;0.0540430304884265;0.0;53.70434702;86.83220109999999
-4.348629166670532;1.287867483501619;-1.3929249604167202;0.020393596410727;0.03797020157323709;0.0948302233098807;4.733999299133406;1.0470835188987062;1.0963838955492973;4.827079933762294;2.6938276849718914;0.069032323850311;0.0008085072177516765;0.10094830223309881;0.0254919955134087;0.0005052043718433544;0.0540430304884265;0.0;53.70415944;86.83252552
-3.5837044669565525;1.2343754762363712;-1.3929249604167202;-0.0336494340776996;0.038671879054580215;0.0948302233098807;4.108486745713305;1.0635373837141497;1.1311117665575385;4.827079933762294;2.6938276849718914;0.069032323850311;0.00070661201798359;0.08667278474558993;0.0254919955134087;0.00046004180838605407;0.0540430304884265;0.0;53.70400653;86.83292557
-3.2977280956579653;1.2071088252808966;-1.3929249604167202;-0.020393596410727;0.038726360286972565;0.0948302233098807;3.8105482958447574;1.0679429796288877;1.140502207738627;4.827079933762294;2.6938276849718914;0.069032323850311;0.0007147567023187936;0.08667278474558993;0.0254919955134087;0.00043933929160777625;0.0540430304884265;0.0;53.70388326999999;86.83346023
-4.482334432518224;1.0985866796289836;-1.3929249604167202;0.0137656775772407;0.021803828965514926;0.023452635872336;4.827079933762294;0.9775884038202881;0.9556790872838987;4.827079933762294;2.6938276849718914;0.069032323850311;0.0007774534425842593;0.08667278474558993;0.0254919955134087;0.00036299876098787656;0.0540430304884265;0.0;53.70379355;86.83406683000001
-1.4953192734598926;1.0830974724155769;-1.3929249604167202;-0.0356887937187723;0.018679910916781027;0.020393596410727;2.133252248790402;0.9645696161978045;0.9303945444919799;4.827079933762294;2.6938276849718914;0.069032323850311;0.000737169025170278;0.08667278474558993;0.0254919955134087;0.000351769494074659;0.0540430304884265;30.0;53.70372675;86.83472451
-1.9915409902240164;0.9434401208826371;-1.4953192734598926;-0.0183542367696543;0.019022563642783725;0.020393596410727;2.481330692993217;0.9229020216757147;0.8517481416131214;4.827079933762294;2.6938276849718914;0.069032323850311;0.0006777301586388939;0.08667278474558993;0.0254919955134087;0.0002616234346879951;0.0499643112062811;0.0;53.70367777;86.83540257000001
-2.537541318081416;0.829647018690832;-1.4953192734598926;-0.0163148771285816;0.016297962210265166;0.0137656775772407;2.793276634849409;0.8069560309847904;0.651178035942726;4.827079933762294;2.6938276849718914;0.069032323850311;0.0006080093501807978;0.0825940654634445;0.0254919955134087;0.00019871008047744461;0.0499643112062811;0.0;53.703637089999994;86.83609405
-2.7595795069208644;0.9032269281033161;-1.4953192734598926;-0.0224329560517997;0.018163233147344277;0.0137656775772407;2.9149562569896954;0.837539811175484;0.7014729353038655;4.827079933762294;2.6938276849718914;0.069032323850311;0.0007468155661914057;0.09686958295095338;0.0254919955134087;0.00024013821952147582;0.0499643112062811;0.0;53.703601379999995;86.83679562
-3.232633097856856;1.3288966649923721;-1.4953192734598926;-0.0183542367696543;0.018680606669278305;0.0137656775772407;3.3306692755880603;1.2497195212723335;1.5617988818491506;6.193686705893454;4.060434457103052;0.069032323850311;0.0007803762867499411;0.09686958295095338;0.0540430304884266;0.0005379217421090265;0.07851534618129899;0.0;53.70356941;86.83747532999999
-2.9417442268357643;1.4355874127659287;-1.4953192734598926;-0.0326297542571632;0.01676332123059601;0.0061180789232181;3.045680674659138;1.343904493872391;1.8060792886504073;6.193686705893454;4.060434457103052;0.069032323850311;0.0007779155523337729;0.09686958295095338;0.0540430304884266;0.0006244517927057352;0.07851534618129899;0.0;53.70353929;86.83816200999999
-2.8247873722205585;1.344018453070395;-1.9915409902240164;0.0061180789232181;0.01978429959799066;0.0061180789232181;2.907521481855205;1.325125869593248;1.7559585702652614;6.193686705893454;3.7123560129002375;0.02824513102885695;0.0002518036025107959;0.05608239012949934;0.0540430304884266;0.0005583700985250713;0.0718874273478127;0.0;53.70351214;86.83883886
-4.192248971714591;1.284232232905031;-2.537541318081416;-0.0469052717446721;0.021176196564290817;0.0061180789232181;4.340045201590318;1.3228031796439121;1.7498082520760438;6.193686705893454;3.4004100710440452;0.02824513102885695;0.00024750598184030537;0.05608239012949934;0.0540430304884266;0.0005098485748259832;0.062200469052717394;0.0;53.703489049999995;86.83950697
-6.0429113312378915;1.185140724203943;-2.7595795069208644;-0.0050983991026817;0.022814916652353613;0.0081574385642908;6.193686705893454;1.2438670020253262;1.5472051187274727;6.193686705893454;3.2861652240382493;0.02824513102885695;0.0002548997378325474;0.05608239012949934;0.0540430304884266;0.0004332538838438504;0.058121749770571995;0.0;53.70347435;86.84010411
-5.309534910025302;1.1512514388237063;-2.8247873722205585;0.0020393596410727;0.02786896856279071;0.0356887937187723;5.500147945621457;1.2304423984617805;1.513988495932379;6.193686705893454;3.2861652240382493;0.013969613541347958;0.00015273882495848976;0.041806872641990345;0.0540430304884266;0.0004107260335549878;0.0571020699500356;0.0;53.703467790000005;86.84069403
-4.81091193651256;1.0885422203037662;-2.8247873722205585;-0.0550627103089629;0.03054806750304926;0.0356887937187723;5.146482197886163;1.1723578780818644;1.3744229943006119;6.193686705893454;3.2861652240382493;0.013969613541347958;0.0001532933566579079;0.041806872641990345;0.0540430304884266;0.00036705666222580803;0.0571020699500356;0.0;53.703470870000004;86.84127567
-5.222551307533288;0.9815877280017922;-2.8247873722205585;0.003059039461609;0.031338270411962625;0.0356887937187723;5.53686672542076;1.0145442433281007;1.0293000216701882;6.193686705893454;3.2861652240382493;0.013969613541347958;0.0001534666478139763;0.041806872641990345;0.0540430304884266;0.00029871063027252085;0.0571020699500356;0.0;53.70348550999999;86.84186119
-4.533762999117992;0.8499525237696246;-3.489521022534776;0.0081574385642908;0.03288649658697639;0.0356887937187723;4.887124285128844;0.8049478711058506;0.6479410751978412;6.193686705893454;2.2698178692448256;0.04557968797797496;0.000411843761511625;0.07341694707861735;0.0540430304884266;0.0002267832477604913;0.0458855919241358;60.0;53.703516379999996;86.84244246
-5.658656146350441;0.8577580701617366;-3.489521022534776;0.0356887937187723;0.03180064426767027;0.0356887937187723;6.065897765100442;0.7780325417898347;0.6053346360839509;6.193686705893454;2.2698178692448256;0.04557968797797496;0.0005379073011793535;0.08973182420719905;0.0540430304884266;0.0002380125146737089;0.0458855919241358;60.0;53.70356915;86.84301235000001
-5.327294141256699;0.7825856064240567;-3.489521022534776;-0.0499643112062812;0.031757747532165606;0.0356887937187723;5.797711412128748;0.7158584689891279;0.5124533476234581;6.065897765100442;2.1420289284518135;0.04557968797797496;0.0005661306541309908;0.08973182420719905;0.0489446313857448;0.0001986638695024953;0.040787192821454;0.0;53.70364266;86.84358506000001
-3.6377642114253836;0.8747616119589539;-3.489521022534776;0.0193739165901906;0.03181662485694929;0.0356887937187723;4.158419649212988;0.8680220057459894;0.7534622024592905;6.065897765100442;2.447522647769853;0.04557968797797496;0.000549783521741893;0.08973182420719905;0.0489446313857448;0.0002489183047622657;0.040787192821454;0.0;53.703736479999996;86.84414480000001
-3.489521022534776;0.8770264374753803;-3.489521022534776;0.0254919955134087;0.028470804548247124;0.0356887937187723;3.9238688366486287;0.8814211785709571;0.7769032940334152;6.065897765100442;2.447522647769853;0.04557968797797496;0.0005864634831096563;0.08973182420719905;0.0489446313857448;0.00025007357913605353;0.040787192821454;0.0;53.703850179999996;86.84471418000001
-5.682299180258832;0.9543675294416194;-3.293072977094303;0.0346691138982359;0.03068842891892373;0.0356887937187723;5.87321360938765;0.9983331872101887;0.9966691526852538;6.065897765100442;2.7540911339100793;0.04557968797797496;0.0005904491796992241;0.08973182420719905;0.0489446313857448;0.0002951610497590578;0.0438462322830631;30.0;53.70398084;86.84528772000002
-5.281483594878035;1.3109880056688235;-1.6443113246092271;-0.003059039461609;0.03058831742000565;0.0356887937187723;5.407163429738109;1.3971423209755973;1.9520066650610788;6.065897765100442;4.416959001510882;0.04557968797797496;0.0005701163507205579;0.08973182420719905;0.0489446313857448;0.000548781321222633;0.072907107168349;30.0;53.704125669999996;86.84586519000001
-3.530483350440679;1.299754290936243;-1.6443113246092271;0.0081574385642908;0.03740756721908689;0.0346691138982359;3.618375117330589;1.3869802757395238;1.9237142852904856;5.87321360938765;4.2242748457980905;0.04557968797797496;0.0005847103542474329;0.08973182420719905;0.0489446313857448;0.0005407904327884385;0.072907107168349;30.0;53.70428506999999;86.84644442999999
-4.482471428438982;1.2985041897012795;-1.6443113246092271;-0.0367084735393086;0.0358791120565718;0.0346691138982359;4.531838717177395;1.365203429843349;1.8637804048560445;5.87321360938765;4.2242748457980905;0.04557968797797496;0.0006019008369293954;0.08973182420719905;0.0489446313857448;0.0005442851377691462;0.072907107168349;30.0;53.70445582;86.84703758
-3.293072977094303;1.421135177569702;-1.6443113246092271;-0.0316100744366268;0.03447194831856995;0.0346691138982359;3.311806631190363;1.4848944347522308;2.2049114823581473;5.87321360938765;4.2242748457980905;0.04557968797797496;0.0006223491933454403;0.08973182420719905;0.0489446313857448;0.0006467868565834708;0.072907107168349;0.0;53.704627560000006;86.84764452
-1.6443113246092271;1.497932332933009;-1.6443113246092271;-0.0010196798205363;0.04617497345194542;0.0346691138982359;1.6489387635895594;1.5544544321262577;2.416328581556966;5.87321360938765;4.2242748457980905;0.00887121443866623;0.00031811923975215325;0.05302335066789032;0.0489446313857448;0.0007203778341937552;0.072907107168349;0.0;53.704791130000004;86.84826377
-2.5166192485238965;1.628870233002033;0.46233156870912007;-0.0825940654634444;0.05068183693813393;0.0081574385642908;2.518601187216362;1.4842531922065545;2.2030075385753474;5.407163429738109;4.925674592298066;0.00887121443866623;0.000192125016546852;0.03262975425716319;0.040787192821454;0.000834542047811468;0.101967982053635;0.0;53.704914640000005;86.84887368
-2.1402365336354703;1.8185751256910683;1.6193294375588456;-0.0336494340776996;0.04948526818487543;0.0081574385642908;2.1422980386633075;1.1763041567291526;1.3836914691382827;4.531838717177395;4.050349879737352;0.00887121443866623;0.00017457351062308006;0.03262975425716319;0.0265116753339451;0.001015974277982428;0.1068114612011827;0.0;53.704999480000005;86.84944492
-1.7344869279302753;1.9513724119082452;1.6193294375588456;-0.0224329560517997;0.04597365936088588;-0.0010196798205363;1.7520099966855722;1.140228734373283;1.3001215666904988;4.531838717177395;4.050349879737352;0.00785153461813004;0.00015554614168679468;0.031610074436627;0.0265116753339451;0.0011693947148214518;0.1068114612011827;0.0;53.705041449999996;86.84997073000001
-1.865040441775543;1.7919071361504002;1.6193294375588456;-0.1254206179259712;0.04775739379829415;-0.0010196798205363;1.8847253918882125;0.7777701335988829;0.6049263807184242;3.311806631190363;2.8303177937503197;0.00785153461813004;0.00012125759827277199;0.029570714795554398;0.0050983991026817;0.0009746616663757766;0.0853981849699193;30.0;53.705048610000006;86.85044124999999
0.46233156870912007;1.6631718176507544;1.6193294375588456;-0.133578056490262;0.05102728071646009;0.0091771183848271;0.48148883744004306;0.5709073001022407;0.3259351453100299;2.518601187216362;2.0371123497763186;0.00785153461813004;0.000117098610527136;0.029570714795554398;-0.0084123585194248;0.0008403610204229427;0.0718874273478128;30.0;53.70501964;86.85086027999999
1.6193294375588456;1.7325443402044531;1.7289403869496693;-0.0178443968593861;0.05319652782152889;0.0183542367696543;1.6216391357271254;0.5879099639967879;0.3456381257667044;2.518601187216362;2.0371123497763186;0.00785153461813004;0.00010933516673528185;0.029570714795554398;-0.0084123585194248;0.0009117714176527024;0.0741817069440196;0.0;53.704953249999996;86.85122909
1.1375133626788978;1.614206939991755;1.9620715357355314;-0.0316100744366268;0.052342708862947146;0.0183542367696543;1.1394964375335535;0.5641807218154267;0.31829988686817584;2.3732106793515078;1.8917218419114648;0.00785153461813004;0.00010270678001567408;0.029570714795554398;-0.0152951973080452;0.000788302191000611;0.0713775874375446;0.0;53.704844279999996;86.85154252
1.2189166280601604;1.367275807643523;1.9620715357355314;-0.0091771183848271;0.05412230749342132;0.0183542367696543;1.2595310561079553;0.5481997584214148;0.30052297513329757;2.3732106793515078;1.8917218419114648;0.00785153461813004;7.146816094845167e-05;0.029570714795554398;-0.020393596410727;0.0005654266588094626;0.06627918833486279;0.0;53.70469575;86.85179079
1.0565697804387328;1.1413249226312243;2.155515390246606;0.0091771183848271;0.05777408341480809;0.0326297542571632;1.256326391734842;0.6870620196734969;0.47205421887782467;2.880288998529343;2.3988001610892997;0.0063220148873252;8.283606078652277e-05;0.028041195064749558;-0.020393596410727;0.00039607498835590445;0.0713775874375446;0.0;53.70451527;86.85196615
1.7289403869496693;0.4966948710220051;2.155515390246606;0.0183542367696543;0.04644766258149918;0.0326297542571632;2.014145210969071;0.7511506681047041;0.5642273261941433;2.880288998529343;2.3988001610892997;0.0063220148873252;4.346431012783347e-05;0.022942795962067497;-0.061180789232181;7.697665357196832e-05;0.030590394616090595;0.0;53.70431009;86.85207073000001
1.9620715357355314;0.395546277695057;2.155515390246606;-0.0061180789232181;0.020524108515510474;0.0326297542571632;2.3732106793515078;0.6508205081628701;0.4235673338453765;2.880288998529343;1.7407925609957895;0.0063220148873252;7.348700291664466e-05;0.02549199551340864;-0.0713775874375446;4.959665091319653e-05;0.020393596410726994;0.0;53.70408759000001;86.85212471
1.1310420383329873;0.5823836144626052;2.788350106857127;0.0081574385642908;0.023172646135833926;0.0387478331803813;1.9734727361978883;0.8830278867668766;0.7797382488079759;3.957889897958546;2.8183934604249927;0.01498929336188437;0.00010004964895596175;0.03415927398796781;-0.0713775874375446;9.824453274691825e-05;0.02855103497501779;0.0;53.703865029999996;86.85215559000001
2.155515390246606;0.563345382439596;2.788350106857127;0.0326297542571632;0.01962099977883524;0.0387478331803813;2.880288998529343;0.8891542017279948;0.7905951944505476;3.957889897958546;2.701563506223704;0.020087692464565987;0.0001524991055259286;0.039257673090649425;-0.0713775874375446;9.13706502228806e-05;0.02855103497501779;0.0;53.70364885;86.85216980999999
1.2919017930688028;0.5481686272851831;2.788350106857127;0.0081574385642908;0.020736554069265327;0.0387478331803813;2.651152555847492;0.8516291020379705;0.725272127438;3.957889897958546;2.701563506223704;0.020087692464565987;0.0001555721353602042;0.039257673090649425;-0.0713775874375446;8.590620243486416e-05;0.02855103497501779;0.0;53.70342753999999;86.85217121999999
1.1187453982707387;0.5107053222566603;2.788350106857127;-0.0275313551544814;0.02086983449052114;0.0387478331803813;2.6998238644665307;0.7236885328129151;0.5237250925249097;3.957889897958546;1.9844171617606576;0.020087692464565987;0.0001546941268361256;0.039257673090649425;-0.0723972672580809;7.481556844650105e-05;0.02753135515448149;0.0;53.70318404;86.85215044
2.788350106857127;0.5169258316055669;2.788350106857127;0.0387478331803813;0.020869834490521138;0.0387478331803813;3.957889897958546;0.687961650988615;0.4732912332309809;3.957889897958546;1.9844171617606576;0.020087692464565987;0.00015745234440354424;0.039257673090649425;-0.0723972672580809;7.628348894769517e-05;0.02753135515448149;0.0;53.70294104;86.85211736
1.6397032668987883;0.6400385068767229;2.977769871076953;0.0152951973080452;0.020274569660967988;0.0387478331803813;3.5861758553601732;0.7398944458830998;0.5474437910486594;4.401282877145242;2.4278101409473534;0.020087692464565987;0.00016397964461544563;0.039257673090649425;-0.0723972672580809;0.00011703579248306072;0.03161007443662689;0.0;53.70269635000001;86.85208003
1.791589937537772;0.6261921270397905;2.977769871076953;-0.0183542367696543;0.02028824059983669;0.0387478331803813;3.667523119033445;0.5677100704590586;0.3222947241006293;4.401282877145242;1.7501303212977497;0.020087692464565987;0.00016433777967131988;0.039257673090649425;-0.0734169470786173;0.00011145581725766551;0.03059039461609049;0.0;53.702449439999995;86.85203536
1.9842117503638095;0.6345176954685766;2.977769871076953;0.0152951973080452;0.01907767382880088;0.0387478331803813;3.62802500025098;0.5539799423258485;0.30689377649935035;4.401282877145242;1.7501303212977497;0.020087692464565987;0.00018426626261916097;0.041806872641990345;-0.0734169470786173;0.00011642927343682218;0.03059039461609049;0.0;53.70220617;86.85198921
2.017628661814019;0.6337065065099413;2.977769871076953;0.0183542367696542;0.022576948563942916;0.0458855919241358;3.7955305584490646;0.4839523908382191;0.23420991659802837;4.401282877145242;1.7014590126787112;0.020087692464565987;0.00018426626261916097;0.041806872641990345;-0.0734169470786173;0.0001182315014599312;0.03059039461609049;0.0;53.70196625;86.85194641000001
2.977769871076953;0.5583759595595352;2.977769871076953;0.0142755174875089;0.018133871560010686;0.0458855919241358;4.401282877145242;0.3168853484033175;0.10041632403269192;4.401282877145242;0.9527048723262803;0.020087692464565987;0.0001473696873063123;0.041806872641990345;-0.0744366268991536;9.563433470864134e-05;0.02957071479555419;0.0;53.70174958;86.8519115
1.242401357062545;0.5302446297748749;2.977769871076953;0.0142755174875089;0.017098016852460023;0.0458855919241358;3.4485780048189616;0.3173505278324748;0.10071135751555035;4.401282877145242;0.9527048723262803;0.023146731926175224;0.00018128854292072326;0.04486591210359958;-0.0744366268991536;8.728170098615536e-05;0.02957071479555419;0.0;53.70153596;86.85188475999999
2.302677288602193;0.6433528943205841;3.5215354645241437;-0.0010196798205363;0.018565765865251375;0.0458855919241358;4.0642991535534705;0.35050290816435575;0.12285228863167082;4.474331341780448;1.0257533369614862;0.023146731926175224;0.0001361635258805711;0.04486591210359958;-0.0744366268991536;0.0001236150800417825;0.0397675130009177;0.0;53.701324910000004;86.85187083
2.670206997598484;0.6609736260049909;3.5215354645241437;0.0458855919241358;0.014784771363277549;0.0458855919241358;4.295527503132741;0.34222461984517016;0.11711769042817124;4.474331341780448;1.0257533369614862;0.023146731926175224;0.0001568891481463254;0.04486591210359958;-0.0744366268991536;0.00012780872601863232;0.0397675130009177;0.0;53.70112016;86.85186576
2.5818185784175007;0.6476163897318288;3.5215354645241437;0.0244723156928724;0.014611457979133618;0.0458855919241358;4.059360199422362;0.32060132825888854;0.10278521168136359;4.474331341780448;1.0257533369614862;0.023146731926175224;0.00015090482689010412;0.04486591210359958;-0.0744366268991536;0.00012383458217280215;0.0397675130009177;0.0;53.700939889999994;86.85187493
2.482990509523966;0.6187898696930622;3.5215354645241437;0.0295707147955541;0.014784771363277544;0.0458855919241358;3.790345752891466;0.3679193001762337;0.13536461144216957;4.474331341780448;1.0393383722284137;0.026205771387784238;0.00020865410464982327;0.047924951565208596;-0.0744366268991536;0.00011441837397994764;0.0397675130009177;0.0;53.70076174999999;86.85188879
3.5215354645241437;0.6902404235792119;3.5215354645241437;0.0387478331803813;0.015471678973170136;0.0458855919241358;4.474331341780448;0.4879484919714247;0.23809373081718752;4.474331341780448;1.6201836202494926;0.026205771387784238;0.00022185889074221834;0.047924951565208596;-0.0744366268991536;0.00014705487503945396;0.0397675130009177;0.0;53.70059201;86.85190593
3.210646737215339;0.6007906078257271;3.5215354645241437;0.0418068726419904;0.016851646620457694;0.0458855919241358;4.218996845644857;0.5819450748777439;0.33866007017446303;4.474331341780448;1.6778287453816967;0.026205771387784238;0.00022598322025664067;0.047924951565208596;-0.078515346181299;0.00011834630685082624;0.0356887937187723;0.0;53.700426949999994;86.85192774999999
2.94707131978996;0.8326955718380054;3.5215354645241437;0.0183542367696543;0.023127982787253597;0.0458855919241358;3.850986873133444;0.7601205299594538;0.5777832200658408;4.474331341780448;2.2989554008566446;0.026205771387784238;0.00013257928713589405;0.03161007443662711;-0.0652595085143265;0.0002165099703915777;0.0489446313857448;0.0;53.7002612;86.851954
2.4424960006335876;0.998324836596243;3.5215354645241437;0.0152951973080452;0.02496544437506498;0.0418068726419904;3.434992969552034;0.8527503389394436;0.727183140561336;4.474331341780448;2.4061565298015153;0.026205771387784238;0.00013983441020328218;0.033649434077699936;-0.0632201488732537;0.00029885792775517447;0.05098399102681761;0.0;53.70009111;86.85198359
1.5620022925032373;1.1614771036397595;3.5215354645241437;0.0071377587437544;0.02542534595207404;0.0418068726419904;2.854147721530955;0.9283390702291544;0.8618134293139308;4.474331341780448;2.567248582892592;0.026205771387784238;0.0002115191850968163;0.04486591210359936;-0.0571020699500356;0.0003922040971572312;0.05710206995003571;0.0;53.69991433;86.85202185
1.7488671125846507;1.1494371990141916;3.5215354645241437;0.0010196798205363;0.03251381639648322;0.0418068726419904;2.796502596398751;0.9308815295927954;0.8665404221370223;4.474331341780448;2.567248582892592;0.026205771387784238;0.00021309035824516802;0.04486591210359936;-0.0571020699500356;0.0003852724509145042;0.05710206995003571;0.0;53.69973182;86.8520723
0.7308042685437495;0.9902660325887211;3.210646737215339;-0.0316100744366268;0.030846555203540356;0.0418068726419904;2.175375940923803;0.7980801102112731;0.6369318623148379;4.218996845644857;2.3119140867570014;0.026205771387784238;0.00021575904204861786;0.04486591210359936;-0.0571020699500356;0.0002768615036782542;0.04996431120628131;0.0;53.699541569999994;86.85213549
0.5895833958832171;0.8571527544235457;2.94707131978996;-0.0260018354236769;0.02656657879028445;0.0183542367696543;2.0681748119789325;0.6232968627710462;0.38849897914022846;3.850986873133444;1.9439041142455886;0.026205771387784238;0.0002396154578673355;0.04486591210359936;-0.0571020699500356;0.0002147539533434204;0.0469052717446722;0.0;53.699337220000004;86.85220506
0.2082572614178435;0.8094083389697957;2.6633385668245753;-0.0101967982053635;0.029868139540736256;0.0397675130009177;1.9070827588878554;0.5055720942373266;0.2556031424715163;3.434992969552034;1.5279102106641786;0.044560008157438435;0.00043564241361165336;0.06322014887325356;-0.0571020699500356;0.0001734759999679815;0.0377281533598451;0.0;53.69912746;86.8522769
1.6019943059779003;0.7667160325739932;2.6633385668245753;-0.0622004690527174;0.03132596441881381;0.0397675130009177;2.35029394673378;0.41273543309464666;0.17035053773182557;3.1879150037250303;1.280832244837175;0.044560008157438435;0.00039007839230946104;0.06322014887325356;-0.0571020699500356;0.00016238536597961806;0.0377281533598451;0.0;53.698915379999995;86.85235666
1.5387455480753172;0.7984252094009787;2.6633385668245753;-0.0346691138982359;0.030992274973622183;0.0397675130009177;2.2676319491270642;0.4090805685514656;0.1673469115663903;3.1879150037250303;1.280832244837175;0.044560008157438435;0.00036321826311889376;0.06322014887325356;-0.0571020699500356;0.0001779122535633267;0.0377281533598451;30.0;53.698700810000005;86.85244673000001
2.204457347999111;0.8058761127531526;2.6633385668245753;0.0112164780258998;0.03149148323170694;0.0397675130009177;2.8017540122899947;0.39979960643746826;0.15983972530755453;3.1879150037250303;1.280832244837175;0.044560008157438435;0.000441823131511418;0.06322014887325356;-0.0571020699500356;0.00017925237183692063;0.0377281533598451;0.0;53.698489970000004;86.85253541
2.6633385668245753;0.7601276555226466;2.6633385668245753;0.0397675130009177;0.031429791508009584;0.0397675130009177;3.1879150037250303;0.3889907254745092;0.15131378450518498;3.1879150037250303;1.280832244837175;0.044560008157438435;0.0004458896973071514;0.06322014887325356;-0.0571020699500356;0.00015739458068485525;0.0377281533598451;0.0;53.69828098000001;86.85262594
2.025230731249783;1.0365008272759224;4.371863435922116;0.0285510349750178;0.030685087718800592;0.0397675130009177;2.691670220274895;0.7626698766945817;0.5816653408173286;4.739187609790058;2.832104850902202;0.044560008157438435;0.0004734429911219895;0.06322014887325356;-0.0571020699500356;0.00033929253083774913;0.07443662689915372;0.0;53.69808021;86.85271700999999
2.1883811076046777;0.9782604461000921;4.371863435922116;-0.0173345569491179;0.030617951325225327;0.0397675130009177;2.8126103005323544;0.8553561199735965;0.7316340919762857;4.739187609790058;2.4715556606629936;0.044560008157438435;0.00045042992559613627;0.06322014887325356;-0.0795350260018354;0.00032458588805943004;0.05200367084735391;0.0;53.69788787;86.85280371
1.9382028994567522;1.209563517958344;5.00529448218237;0.0101967982053635;0.022086786934175023;0.0397675130009177;2.6444524013739854;1.0750589093335416;1.1557516585374243;5.361044907711051;3.0934129585839867;0.044560008157438435;0.00044089891201238587;0.06322014887325356;-0.0795350260018354;0.00047209132010466066;0.05914142959110841;0.0;53.697705840000005;86.85287512
2.0502769354980677;1.248669341298241;5.00529448218237;0.0173345569491179;0.017845206110734924;0.0397675130009177;2.7193544325956234;1.1169218668700545;1.2475144566924878;5.361044907711051;2.7165925063370655;0.044560008157438435;0.00043757172181587686;0.06322014887325356;-0.0836137452839808;0.0005020937955919308;0.05506271030896301;0.0;53.69753654;86.85293365999999
4.371863435922116;1.2070994188529252;5.00529448218237;-0.0127459977567043;0.018349830216767588;0.0397675130009177;4.739187609790058;1.0766800388645323;1.1592399060893308;5.361044907711051;2.7165925063370655;0.044560008157438435;0.00038545729481430894;0.06118078923218073;-0.0836137452839808;0.00047800632489845466;0.05506271030896301;0.0;53.69738423;86.85299126999999
4.061071821472229;1.2939326427169642;5.00529448218237;0.0025491995513408;0.01615619670632968;0.0285510349750178;4.497402364243449;1.134069465150873;1.286113551787587;5.361044907711051;2.8442391592518437;0.03232385031100238;0.00026155411822556627;0.054043030488426735;-0.0836137452839808;0.0005241364306438027;0.05506271030896301;0.0;53.69723997;86.85305181
5.00529448218237;1.3895590471366708;5.00529448218237;0.0091771183848271;0.01743291360526468;0.0275313551544814;5.361044907711051;1.2097771675256368;1.463560795066353;5.361044907711051;3.3018676783061864;0.03232385031100238;0.0004917887481777439;0.0805547058223719;-0.0774956663607627;0.0005827203941385831;0.06118078923218111;0.0;53.69709883;86.85310523000001
4.659941969615727;1.4176185877227319;5.00529448218237;-0.0071377587437544;0.018312962566632007;0.0275313551544814;5.052017148989703;1.2457032536598784;1.5517765961788077;5.361044907711051;3.3018676783061864;0.03232385031100238;0.0004907605539850725;0.0805547058223719;-0.0774956663607627;0.0006072584218378369;0.06118078923218111;0.0;53.69696223;86.85315295
3.1359078299711927;1.4214121722729172;5.00529448218237;-0.0061180789232181;0.02005370313721481;0.0275313551544814;3.6607835691103294;1.2478381936232648;1.5571001574649725;5.361044907711051;3.3018676783061864;0.013969613541347958;0.0003659909216159867;0.06220046905271748;-0.0774956663607627;0.0006024178222116661;0.06118078923218111;0.0;53.69682589;86.85320349
1.6767605674449744;1.4673064644456562;5.00529448218237;0.0275313551544814;0.0193572128777451;0.0275313551544814;2.5168057484592072;1.2593590346777832;1.5859851782245582;5.361044907711051;3.3018676783061864;0.013969613541347958;0.0003762035470802702;0.06220046905271748;-0.0774956663607627;0.0006304216730322829;0.06118078923218111;0.0;53.69668941;86.85325388999999
1.2263899297935525;1.4336132302348048;5.00529448218237;-0.0305903946160905;0.019533146261498664;0.0275313551544814;2.0591772294048645;1.206766822666636;1.456286164288928;5.361044907711051;3.3018676783061864;0.023146731926175224;0.00047487553134548967;0.07137758743754474;-0.0774956663607627;0.0006028683792174429;0.06118078923218111;0.0;53.69654802;86.85330450000001
1.83469759200419;1.3461082153645394;5.00529448218237;-0.0244723156928724;0.020120490407757506;0.0275313551544814;2.4061241787493706;1.1429734185062057;1.3063882354117622;5.361044907711051;3.3018676783061864;0.023146731926175224;0.00047025443385033855;0.07137758743754474;-0.0774956663607627;0.0005201160758230208;0.06118078923218111;0.0;53.69640405;86.85335764999999
1.8932470474918839;1.0205384897800904;4.659941969615727;-0.0316100744366268;0.02132197129157895;0.0275313551544814;2.6187689071027473;0.9022059553702233;0.8139755859054975;5.052017148989703;2.992839919584839;0.023146731926175224;0.00042953101217431774;0.07137758743754474;-0.0774956663607627;0.00030273964965110245;0.056082390129499296;0.0;53.69625705999999;86.85341802
1.5406348781340187;0.6220930214657775;3.1359078299711927;-0.0275313551544814;0.022476751808109364;0.0275313551544814;2.576221059009292;0.6813079306025656;0.46418049630195035;3.9844416679923205;1.925264438587456;0.023146731926175224;0.00040845880759642734;0.07137758743754474;-0.0774956663607627;0.00011256993498188803;0.03059039461609049;0.0;53.69610590999999;86.85347679
1.5358832693239561;0.500051830748263;2.79046385572809;-0.0010196798205363;0.02249011148299886;0.0275313551544814;2.7437585525097727;0.6439173870032254;0.41462960128506166;3.9844416679923205;1.925264438587456;0.023146731926175224;0.0004085165713151168;0.07137758743754474;-0.0774956663607627;7.011360174518552e-05;0.024472315692872393;0.0;53.69595141;86.85353733000001
2.4620825470377445;0.49541209615469717;2.79046385572809;0.0096869582950953;0.02485646039337984;0.040787192821454;3.5802516071144677;0.6312544740393616;0.39848221099471104;3.9844416679923205;1.925264438587456;0.023146731926175224;0.000447094070841826;0.07137758743754474;-0.0774956663607627;7.140750904382789e-05;0.024472315692872393;0.0;53.695792729999994;86.85360392999999
2.4668478636271596;0.503215102800023;2.79046385572809;0.0193739165901906;0.022937696996350416;0.040787192821454;3.7577559244525784;0.5567166697723089;0.30993345040237;3.9844416679923205;1.57831748924295;0.023146731926175224;0.000277569109232199;0.05455287039869472;-0.0744366268991536;7.90669781420413e-05;0.02753135515448149;0.0;53.69563157;86.85368085
2.79046385572809;0.6173995346972401;2.79046385572809;0.0152951973080452;0.022898378009659843;0.040787192821454;3.9844416679923205;0.5860834390583909;0.3434937975385106;3.9844416679923205;1.7788019844039828;0.023146731926175224;0.00037075354022192506;0.061180789232181065;-0.0693382277964719;0.00011077925970251702;0.03262975425716319;0.0;53.69547016;86.85377032
1.6727093991876458;0.7262192556767956;2.79046385572809;-0.0020393596410727;0.020411220758722308;0.040787192821454;3.159456476152973;0.6917913080780965;0.4785752139324038;3.9844416679923205;2.144255793638002;0.023146731926175224;0.0003116959142338911;0.061180789232181065;-0.0642398286937901;0.00015652812490451513;0.037728153359845;0.0;53.695315949999994;86.85387723
2.08065313839478;1.696904599525094;2.79046385572809;0.040787192821454;0.01813586232863838;0.0469052717446721;3.232109247095965;0.6905427910954902;0.4768493463339499;3.9844416679923205;2.144255793638002;0.023146731926175224;0.000293119102303383;0.061180789232181065;0.0020393596410727;0.0008916523144331858;0.1040073416947078;0.0;53.69518175;86.85400927
1.1793316782897705;1.7150505966668628;2.79046385572809;-0.003059039461609;0.016796454693324952;0.0469052717446721;2.6330039462843278;0.9752906599069465;0.9511918713017273;3.9844416679923205;3.0981542549279237;0.08330784133781999;0.0010974211213344706;0.12134189864382583;0.0020393596410727;0.000934432124494549;0.1040073416947078;0.0;53.69507625999999;86.8541649
0.8201054828962087;1.7079655712831727;2.79046385572809;0.0285510349750178;0.028131173918709073;0.0469052717446721;2.2056396835883376;1.1484741236157452;1.3189928126149537;3.9844416679923205;3.2651783935494256;0.08330784133781999;0.001126187453241787;0.12134189864382583;0.0020393596410727;0.0009332768501207615;0.1040073416947078;30.0;53.695003459999995;86.85434042
0.6283356921216758;2.0784166611906443;2.79046385572809;0.0326297542571632;0.03185382127397131;0.0469052717446721;1.8401858743543187;1.1204109928331496;1.255320792861364;3.9844416679923205;3.2651783935494256;0.08330784133781999;0.0018054194685666002;0.1682471703884979;0.0091771183848271;0.0013795015769963092;0.1111451004384622;0.0;53.69496494;86.85453229999999
-3.1164457167946544;2.428936857532295;2.08065313839478;0.0469052717446721;0.03378067221729995;0.0469052717446721;3.434015327349404;1.288648530793051;1.6606150359150889;4.961690896724152;4.242427622281257;0.08330784133781999;0.002604014432191172;0.1682471703884979;0.0305903946160905;0.0018180437292861689;0.1223615784643621;60.0;53.69496269;86.85472204999999
0.37273385239032253;2.4541189428655388;2.08065313839478;0.0244723156928724;0.05545575157748018;0.0469052717446721;0.8862874130643968;1.3097538133243414;1.7154550515176537;4.961690896724152;4.242427622281257;0.08330784133781999;0.002935693704905658;0.1682471703884979;0.0305903946160905;0.0018526095385499007;0.1223615784643621;60.0;53.694994099999995;86.8549045
-0.400761196852951;2.3386141586237192;1.1793316782897705;-0.0499643112062812;0.06488214498536349;0.0469052717446721;0.7192632744428946;1.3165855456367623;1.7333974989796512;4.961690896724152;4.242427622281257;0.08330784133781999;0.002779312877483804;0.1682471703884979;0.0305903946160905;0.0016456190289983355;0.10502702151524411;60.0;53.6950598;86.85507516
-3.4844141730008937;2.195002117566546;1.1541342871590912;-0.0326297542571632;0.06682521318471948;0.0469052717446721;3.484800475184099;1.3212319411759235;1.7456538423834986;4.961690896724152;4.242427622281257;0.08330784133781999;0.002697057342070111;0.1682471703884979;0.0305903946160905;0.0014341113966452605;0.10298766187417141;60.0;53.69515782;86.85523462
-4.8999259963576165;2.7358503800420637;1.1541342871590912;-0.0265116753339451;0.0647872600579843;0.0469052717446721;4.961690896724152;2.0677992461434664;4.275793722351487;7.591111029686449;6.871847755243554;0.08330784133781999;0.002974843065247397;0.1682471703884979;0.0805547058223717;0.0023155048746392073;0.1529519730804526;60.0;53.69528804;86.85538276
-3.4293619978498318;2.7536277551940307;1.1541342871590912;-0.1325583766697257;0.059305386402108556;0.0469052717446721;3.5279793675186077;2.0360026070142814;4.14530661576895;7.591111029686449;6.871847755243554;0.08330784133781999;0.0034588452641458084;0.1682471703884979;0.0805547058223717;0.002388425793112695;0.1529519730804526;60.0;53.695457880000006;86.85551419999999
1.1541342871590912;2.763698586507643;1.1541342871590912;-0.1315386968491893;0.04887955993753291;0.0244723156928724;1.8984378941321636;2.0330849237160558;4.13343430704152;7.591111029686449;6.871847755243554;0.08330784133781999;0.003502838112299649;0.1682471703884979;0.0805547058223717;0.0024050964023264536;0.1529519730804526;60.0;53.695641869999996;86.85561115
-1.4256076724335105;2.6411210305163655;1.1541342871590912;-0.0825940654634444;0.03638541220579896;-0.0265116753339451;2.1913379856241444;1.892883723676006;3.5830087913575426;7.591111029686449;6.871847755243554;0.07820944223513804;0.002824414789036483;0.16314877128581595;0.0805547058223717;0.0022445248171136835;0.1529519730804526;60.0;53.69583649;86.85567777
-7.334995105228892;2.5630517386186984;1.1541342871590912;-0.0825940654634444;0.03495517685111839;-0.0265116753339451;7.591111029686449;1.6501055836257394;2.7228484371128423;7.591111029686449;5.692673135554285;0.07820944223513804;0.0030257675596439644;0.16314877128581595;0.0805547058223717;0.0021252427380200906;0.1529519730804526;60.0;53.69603771;86.85571259
0.7802723535234981;2.8152819854809086;1.566154992887074;-0.0703579076170082;0.031081376805172645;-0.0265116753339451;2.472358626105371;1.6481733883458696;2.716475518051505;7.591111029686449;5.692673135554285;0.07820944223513804;0.002164987064664329;0.14071581523401644;0.0805547058223717;0.002530293486213841;0.1600897318242071;60.0;53.69624118;86.8557215
-0.792852317332839;2.6213589560645274;1.566154992887074;-0.0999286224125624;0.036189456943211726;-0.0040787192821454;3.0068937823810185;1.600879178373354;2.562814143749345;7.591111029686449;5.692673135554285;0.07820944223513804;0.002164987064664329;0.14071581523401644;0.0805547058223717;0.0022340695840309044;0.1600897318242071;60.0;53.696439940000005;86.85572314000001
-2.31790268708279;2.8236940430452524;1.566154992887074;-0.078515346181299;0.03988557413001342;-0.0040787192821454;3.9531632836752997;1.7575755607951271;3.0890718519043054;7.591111029686449;5.692673135554285;0.07820944223513804;0.0019641079565501005;0.14071581523401644;0.0805547058223717;0.002591291973149839;0.1600897318242071;60.0;53.69663774000001;86.85571614
-2.4528876593781903;2.687792759079758;1.566154992887074;-0.0825940654634444;0.038587094007099164;-0.0040787192821454;4.054794710093753;1.6800460764500453;2.822554818995192;7.591111029686449;5.399773044062304;0.09095543999184263;0.002813335707791863;0.15346181299072104;0.0805547058223717;0.002339333130645066;0.1600897318242071;60.0;53.69683786;86.8557089
1.566154992887074;2.6842467366792757;1.566154992887074;-0.0662791883348628;0.04546242476684872;0.0010196798205363;3.7754039565726663;1.6065210994476846;2.5809100429705976;7.591111029686449;5.118752403581078;0.09095543999184263;0.0028113486358689477;0.15346181299072104;0.0805547058223717;0.0023322570751056156;0.1600897318242071;60.0;53.697038770000006;86.85571012999999
-0.9093992793157759;2.4416092435703334;1.566154992887074;-0.0040787192821454;0.0645930479865365;0.0010196798205363;3.0638636777484773;1.391074685776515;1.9350887814082303;6.694009793701889;4.2216511675965185;0.09095543999184263;0.0022789982044275157;0.15346181299072104;0.0571020699500356;0.001871111979692597;0.136637095951871;60.0;53.69723749999999;86.85570661999999
-5.245223071267045;2.3716222071908843;1.566154992887074;-0.1539716529009891;0.06890207590767818;0.0010196798205363;5.850580353558586;1.331883057356874;1.7739124784742943;6.694009793701889;4.0147546158118494;0.09095543999184263;0.0016794108044316332;0.11981237891302143;0.0571020699500356;0.001703192849462536;0.136637095951871;60.0;53.69742138;86.85569338
-0.41739650426292396;2.3231371437483235;1.566154992887074;-0.0397675130009177;0.07361055684420971;0.0010196798205363;2.6792551778900404;1.3055323713910567;1.7044147727499561;6.694009793701889;4.0147546158118494;0.09095543999184263;0.00211883096524557;0.14020597532374834;0.0571020699500356;0.0016379487292028684;0.136637095951871;60.0;53.697609799999995;86.85568212
-1.7100373544007774;2.4217341243849346;1.566154992887074;0.0010196798205363;0.07487039538775225;0.0010196798205363;3.0313263582816408;1.3646446726661234;1.862255082636031;6.694009793701889;4.0147546158118494;0.09095543999184263;0.002067317280918371;0.14020597532374834;0.0571020699500356;0.0017773961224909277;0.136637095951871;60.0;53.69780285;86.85567037000001
-6.202492656223315;2.495986086030949;1.566154992887074;-0.2120934026715611;0.07517322027583645;0.0010196798205363;6.694009793701889;1.3915143849215237;1.9363122834435265;6.694009793701889;4.0147546158118494;0.09095543999184263;0.0019495139530232258;0.14020597532374834;0.0571020699500356;0.0018807065333669045;0.136637095951871;60.0;53.69798786;86.8556557
-4.212718150374794;2.339818827839415;0.7123189314562199;-0.0050983991026817;0.08204244956884388;0.0173345569491179;4.883449537480282;1.5378465125846794;2.3649718962688606;6.694009793701889;4.412691125125732;0.09095543999184263;0.002058124185088955;0.14020597532374834;0.0571020699500356;0.0016142944863995617;0.119302539002753;60.0;53.69816282000001;86.85564378
-1.7888630265142242;2.258725042421278;0.7123189314562199;-0.1580503721831345;0.0782245003766695;0.0173345569491179;3.3384783237471933;1.5421384344202866;2.3781909509162524;6.694009793701889;4.412691125125732;0.09095543999184263;0.0015132967904106166;0.14020597532374834;0.0571020699500356;0.0015179619327412635;0.119302539002753;60.0;53.698333330000004;86.85564532999999
-4.538447538737472;2.744863285249143;0.7123189314562199;-0.1233812582848985;0.07449511522846426;0.0173345569491179;5.424388652644941;2.020745630812786;4.083412904448963;8.561417708571623;6.2800990399954655;0.09095543999184263;0.001377228574665886;0.14020597532374834;0.0917711838482716;0.002229899765588013;0.153971652900989;60.0;53.698500609999996;86.85565901
-4.523545866676375;2.7397564567283994;0.7123189314562199;-0.1060467013357805;0.07863150541050047;0.0173345569491179;5.200597026237033;2.086463878332721;4.35333151558722;8.561417708571623;6.4625531242078065;0.04557968797797485;0.0007508012627809745;0.09483022330988056;0.0917711838482716;0.0022433839836695675;0.153971652900989;60.0;53.69865861000001;86.85567365
0.7123189314562199;2.7213725302592575;0.7123189314562199;0.0173345569491179;0.07884205741638962;0.0173345569491179;2.2813186685761577;2.103144572816151;4.42321709416603;8.561417708571623;6.4625531242078065;0.04557968797797485;0.0007521558219842408;0.09483022330988056;0.0917711838482716;0.0022139244871379775;0.153971652900989;60.0;53.69881633999999;86.85567010000001
-2.062520103119885;2.6122810053773726;0.7123189314562199;-0.0601611094116447;0.06746980471335023;0.0173345569491179;3.014420467137679;2.094862484426887;4.38844882865919;8.561417708571623;6.82379711145516;0.04557968797797485;0.0007852428800495244;0.09483022330988056;0.0917711838482716;0.0020364281323492156;0.153971652900989;60.0;53.698969090000006;86.85564621
-8.276866361490697;3.0118886896933823;2.334184805273824;-0.0948302233098807;0.06379934026089663;0.0173345569491179;8.561417708571623;2.096770896261938;4.396448191411089;8.561417708571623;6.82379711145516;0.09452431936371963;0.0015938425197510994;0.14377485469562534;0.0917711838482716;0.002585506936723094;0.1764046089527887;60.0;53.699113190000006;86.85561111
-0.461391829698067;3.2332078718157904;2.334184805273824;0.0079025186091567;0.058336921581507294;0.0173345569491179;2.098864584363817;2.212853482350561;4.896720534351003;8.561417708571623;6.82379711145516;0.09452431936371963;0.0019334931856447237;0.1651881309268889;0.0917711838482716;0.0030341692925273337;0.1764046089527887;60.0;53.69924349;86.85555965
-2.020144817733389;3.1587454082602284;2.334184805273824;-0.1662078107474253;0.06309187921207039;0.0224329560517997;2.8237340960135913;2.1898745356054055;4.795550481692991;8.561417708571623;6.82379711145516;0.09452431936371963;0.0019043802714252699;0.1651881309268889;0.0917711838482716;0.0028965067981467766;0.1764046089527887;60.0;53.69935822;86.85549518
-0.9418183760643073;3.099461281838174;2.334184805273824;-0.1182828591822167;0.06217288723820371;0.0224329560517997;1.7376205971164635;2.1263753033394197;4.52147193065181;8.561417708571623;6.82379711145516;0.09452431936371963;0.002292899043330114;0.1651881309268889;0.0917711838482716;0.0027924396825559695;0.1764046089527887;60.0;53.69946904999999;86.85542681
2.334184805273824;2.960111248299997;2.334184805273824;-0.0418068726419904;0.06474699779966422;0.0346691138982359;2.741611261589936;2.2444729904039415;5.037659004652811;8.561417708571623;7.545051527970301;0.09452431936371963;0.002127394436541268;0.1651881309268889;0.0917711838482716;0.0025560012292165524;0.1764046089527887;60.0;53.699584019999996;86.85536514
-5.9377212384174864;3.1178492066071386;2.334184805273824;-0.0703579076170082;0.07314820408333128;0.0499643112062812;6.041845896971277;2.407073491227574;5.794002792170502;8.561417708571623;7.881429440764162;0.09452431936371963;0.002637494283543546;0.1651881309268889;0.0917711838482716;0.0028146209505326954;0.1764046089527887;60.0;53.699689019999994;86.85530118
-2.4808445139728468;2.305073105883749;2.334184805273824;0.0224329560517997;0.0742248672581135;0.0499643112062812;2.6009133268192137;1.6269772736821575;2.6470550490782263;6.041845896971277;5.4926536046586385;0.09452431936371963;0.0027038301380864424;0.1651881309268889;0.0550627103089629;0.0015440501942408425;0.13969613541348;60.0;53.69978632;86.85524488
-3.5535607937562883;2.7069859338958295;2.334184805273824;-0.092790863668808;0.0740032039458263;0.0499643112062812;3.5822296115381262;1.998558725692386;3.9942369800411734;6.103634612620232;5.554442320307594;0.09452431936371963;0.0027227535323290876;0.1651881309268889;0.0560823901294993;0.0021789514436574846;0.1407158152340164;60.0;53.69988214999999;86.85520758999999
-1.0101252039691755;2.710116344948656;2.334184805273824;0.0346691138982359;0.06481578468102511;0.0499643112062812;1.016366180601322;2.0215250057401084;4.086563348832545;6.103634612620232;5.554442320307594;0.09452431936371963;0.002736660147603559;0.1651881309268889;0.0560823901294993;0.00218758134322968;0.1407158152340164;0.0;53.69996507;86.85519579
0.6416247594573137;2.7047489501345368;2.334184805273824;0.0499643112062812;0.06142577720135942;0.0499643112062812;0.6799882678074612;2.0234919728362963;4.094519764132927;6.103634612620232;5.554442320307594;0.09452431936371963;0.002732177683033262;0.1651881309268889;0.0560823901294993;0.002175901519310685;0.1407158152340164;0.0;53.700032480000004;86.85521711999999
-0.09381300222353284;2.269288566717453;0.6416247594573137;-0.1080860609768532;0.06135146555237338;0.0499643112062812;0.5491922923126391;2.024980529562353;4.100546145106628;6.103634612620232;5.554442320307594;0.07209136331192001;0.0015594933244324543;0.14275517487508926;0.0560823901294993;0.0016331998294801158;0.1152238197206076;0.0;53.70009145;86.85525305
-6.04745816805777;2.0076054957942886;0.6416247594573137;-0.1142041399000713;0.062046700157393865;0.0499643112062812;6.103634612620232;1.6493737098500416;2.7204336347444893;6.103634612620232;5.554442320307594;0.07209136331192001;0.0011952006561459366;0.12338125828489832;0.0560823901294993;0.0012527910836792602;0.1152238197206076;30.0;53.700143690000004;86.85529761000001
-1.469543032766068;2.394300065439841;2.6501730167748496;-0.0163148771285816;0.060186284091021475;0.0499643112062812;1.8220120565840985;1.6721024486538312;2.795926598794138;6.103634612620232;5.554442320307594;0.07209136331192001;0.0013496954981525823;0.12338125828489832;0.0560823901294993;0.0017428007093213673;0.1519322932599163;0.0;53.70018749;86.85534652999999
-1.0967075876883512;2.3012075266936733;2.6501730167748496;0.0101967982053635;0.05577588033737587;0.0499643112062812;1.700579153742888;1.634003561586368;2.669967639276935;6.103634612620232;5.554442320307594;0.07209136331192001;0.0011378990472060613;0.11930253900275312;0.0560823901294993;0.0016068018100390646;0.1519322932599163;0.0;53.70022327;86.85540023000001
-1.9194785543539603;2.3012075266936733;2.6501730167748496;-0.0280411950647496;0.05577588033737587;0.0499643112062812;2.4236767399876085;1.634003561586368;2.669967639276935;6.103634612620232;5.554442320307594;0.07209136331192001;0.0011378990472060613;0.11930253900275312;0.0560823901294993;0.0016068018100390646;0.1519322932599163;0.0;53.70022327;86.85540023000001
0.3824835724865663;2.3012075266936733;2.6501730167748496;0.0254919955134087;0.05577588033737587;0.0499643112062812;1.6549186108836356;1.634003561586368;2.669967639276935;6.103634612620232;5.554442320307594;0.07209136331192001;0.0011378990472060613;0.11930253900275312;0.0560823901294993;0.0016068018100390646;0.1519322932599163;0.0;53.70022327;86.85540023000001
2.6501730167748496;2.3012075266936733;2.6501730167748496;-0.0152951973080452;0.05577588033737587;0.0499643112062812;3.140013979140288;1.634003561586368;2.669967639276935;6.103634612620232;5.554442320307594;0.07209136331192001;0.0011378990472060613;0.11930253900275312;0.0560823901294993;0.0016068018100390646;0.1519322932599163;0.0;53.70022327;86.85540023000001
-2.543473208904215;2.3012075266936733;2.6501730167748496;0.0040787192821454;0.05577588033737587;0.0499643112062812;3.0566500326260067;1.634003561586368;2.669967639276935;6.103634612620232;5.554442320307594;0.07209136331192001;0.0011378990472060613;0.11930253900275312;0.0560823901294993;0.0016068018100390646;0.1519322932599163;0.0;53.70022327;86.85540023000001
-2.6598320994337215;2.8200142914531887;6.3268613477825895;-0.0336494340776996;0.061694140336675245;0.0989089425920261;3.066762940285215;1.971567700620298;3.8870791981292094;6.956819058873705;6.5733997784399625;0.13327215254410119;0.003146736339323293;0.15091261343938012;0.011726317936168;0.002027278359308816;0.1463240542469664;90.0;53.72247871;86.83601215
0.8238850254733441;2.8200142914531887;6.3268613477825895;-0.0836137452839808;0.061694140336675245;0.0989089425920261;0.9754800789051628;1.971567700620298;3.8870791981292094;6.956819058873705;6.5733997784399625;0.13327215254410119;0.003146736339323293;0.15091261343938012;0.011726317936168;0.002027278359308816;0.1463240542469664;90.0;53.72247871;86.83601215
0.1515880753370653;2.8200142914531887;6.3268613477825895;-0.061180789232181;0.061694140336675245;0.0989089425920261;0.3834192804337428;1.971567700620298;3.8870791981292094;6.956819058873705;6.5733997784399625;0.13327215254410119;0.003146736339323293;0.15091261343938012;0.011726317936168;0.002027278359308816;0.1463240542469664;90.0;53.72247871;86.83601215
5.524295338772522;2.8200142914531887;6.3268613477825895;0.0989089425920261;0.061694140336675245;0.0989089425920261;5.627756167924916;1.971567700620298;3.8870791981292094;6.956819058873705;6.5733997784399625;0.13327215254410119;0.003146736339323293;0.15091261343938012;0.011726317936168;0.002027278359308816;0.1463240542469664;90.0;53.72247871;86.83601215
3.3212595017112827;2.8200142914531887;6.3268613477825895;-0.1244009381054349;0.061694140336675245;0.0989089425920261;3.7157068068557617;1.971567700620298;3.8870791981292094;6.956819058873705;6.5733997784399625;0.13327215254410119;0.003146736339323293;0.15091261343938012;0.011726317936168;0.002027278359308816;0.1463240542469664;90.0;53.72247871;86.83601215
3.628013320456529;2.8200142914531887;6.3268613477825895;-0.0356887937187723;0.061694140336675245;0.0989089425920261;4.207672878854863;1.971567700620298;3.8870791981292094;6.956819058873705;6.5733997784399625;0.13327215254410119;0.003146736339323293;0.15091261343938012;0.011726317936168;0.002027278359308816;0.1463240542469664;90.0;53.72247871;86.83601215
3.636812750002739;2.2155533152396414;6.3268613477825895;-0.095849903130417;0.06492771166994508;0.0989089425920261;4.406768823306905;1.9749069787380424;3.900257574668223;6.956819058873705;6.5733997784399625;0.13327215254410119;0.0030834850673584083;0.14581421433669828;-0.023452635872336;0.0011984931881112324;0.1111451004384624;0.0;53.722345129999994;86.83593745
-0.5985645792615766;2.101625860008742;6.3268613477825895;-0.0163148771285816;0.0667601786538377;0.0989089425920261;2.8023590091867767;1.7271189658777937;2.9829399222947792;6.956819058873705;6.5733997784399625;0.13327215254410119;0.0027706252141929256;0.14581421433669828;-0.023452635872336;0.00109091403842411;0.1111451004384624;0.0;53.72220685999999;86.83584013999999
6.3268613477825895;1.8055940918146627;6.3268613477825895;-0.0591414295911083;0.07370873838341319;0.0989089425920261;6.956819058873705;1.1097170214615348;1.2314718677214604;6.956819058873705;4.154460049686929;0.13327215254410119;0.0025506725261674594;0.14581421433669828;-0.023452635872336;0.0007970122377324866;0.1111451004384624;30.0;53.72206306;86.83572194
3.0584868767123545;1.687421683425968;6.3268613477825895;-0.0887121443866625;0.04344109962741138;-0.0163148771285816;4.256525415927208;1.0529131127567675;1.1086260230151452;6.956819058873705;4.154460049686929;0.11083919649230145;0.0018618517335402046;0.12338125828489854;-0.023452635872336;0.0007426681311895071;0.1111451004384624;30.0;53.721925150000004;86.83558402999999
3.3145326183094266;1.69548107840741;6.3268613477825895;-0.1182828591822167;0.04197716329886865;-0.0163148771285816;4.436660664284453;1.0577159389324688;1.1187630074717942;6.956819058873705;4.154460049686929;0.11083919649230145;0.0020527377183211667;0.1345977363107984;-0.023452635872336;0.000740484662623048;0.1111451004384624;30.0;53.72178623;86.83542207
3.858036836219851;1.7023245485759972;6.3268613477825895;-0.1121647802589986;0.04548744833685156;-0.0132558376669725;4.80635981998794;1.0537296377005365;1.110346149368504;6.956819058873705;4.154460049686929;0.08228816151728358;0.0019950317633504644;0.10910574079738955;-0.023452635872336;0.0007666862854205559;0.1111451004384624;30.0;53.72164321;86.83524064999999
3.2927640743350963;1.730264943669342;6.3268613477825895;-0.1600897318242072;0.04532652353059215;-0.0132558376669725;4.273904463144076;1.059897546000592;1.123382808018077;6.956819058873705;4.154460049686929;0.08228816151728358;0.0018170617460684488;0.10910574079738955;-0.023452635872336;0.0008059771668730801;0.1111451004384624;30.0;53.721502210000004;86.83504588999999
4.182323421106894;1.08249766948091;6.3268613477825895;-0.1060467013357805;0.04067714553792929;-0.0132558376669725;4.885360328069393;0.9024828405258997;0.8144752774436965;6.956819058873705;3.2992039866089073;0.08228816151728358;0.001792535271112933;0.10910574079738955;-0.0866727847455898;0.00026299821119279965;0.04792495156520861;30.0;53.721366939999996;86.83483638
2.881218180735978;0.791948201689856;5.359530431953939;-0.0795350260018354;0.041478261176049476;-0.0132558376669725;3.657615072264798;0.5141629996224926;0.2643635901807993;5.548474209009432;1.8908591367446337;0.07820944223513804;0.0014498231281287735;0.10502702151524401;-0.0866727847455898;0.00018068491206041658;0.0387478331803814;30.0;53.72123228;86.83460188000001
3.895947076732334;0.8006128745255159;5.359530431953939;-0.0132558376669725;0.044664743830011615;-0.0132558376669725;4.485987336638201;0.5145525720323268;0.26476434938508286;5.548474209009432;1.8908591367446337;0.07820944223513804;0.0014219579102330109;0.10502702151524401;-0.0866727847455898;0.00018748947812202666;0.0387478331803814;0.0;53.721105;86.83436196
4.375403367035419;0.7532502171291312;5.359530431953939;-0.0846334251045171;0.043230496200400405;-0.0132558376669725;4.881518682557762;0.5377544819378361;0.2891798828442306;5.548474209009432;1.8908591367446337;0.07820944223513804;0.0013720500572853766;0.10502702151524401;-0.0866727847455898;0.0001744579831857001;0.0387478331803814;0.0;53.72098661;86.83412068999999
5.359530431953939;0.7797322807450006;5.359530431953939;-0.0509839910268175;0.04469098956589966;-0.0132558376669725;5.548474209009432;0.650229844174535;0.42279885025524006;5.548474209009432;2.057075620579664;0.07820944223513804;0.0013327360703453766;0.10502702151524401;-0.0866727847455898;0.000180453857185659;0.0387478331803814;0.0;53.72087531999999;86.83387372
4.765663872253653;0.8463249384104504;5.619362035680146;-0.0499643112062812;0.03890612670919278;0.0254919955134087;4.957677851375923;0.7250028925970881;0.5256291942741448;5.626405332595515;2.135006744165747;0.07413072295299283;0.0008516798211001273;0.10094830223309881;-0.0876924645661262;0.00018858698877712542;0.043846232283063113;0.0;53.72077397;86.83362901000001
4.99615435900934;0.8795889417130052;5.619362035680146;-0.0336494340776996;0.033259038773814684;0.0254919955134087;5.066987944371897;0.7882523719198488;0.6213418018372675;5.626405332595515;2.135006744165747;0.030284490669929554;0.00033082436967788424;0.05710206995003553;-0.0876924645661262;0.000196038508488057;0.043846232283063113;0.0;53.72067718999999;86.83338375000001
4.075638973500774;1.1011348251192214;7.087609795281988;-0.0550627103089629;0.02985745251245287;0.0254919955134087;4.155033952649519;1.0639029386790855;1.1318894629299938;7.119433100584815;3.6280345121550472;0.030284490669929554;0.0002908980873197772;0.05710206995003553;-0.095849903130417;0.0003206579551885509;0.06016110941164479;0.0;53.72058895;86.83314702999999
3.4783181325281705;1.3793821224964105;7.601511175600445;-0.0152951973080452;0.029231611960828123;0.0254919955134087;3.491398588429768;1.352934622453312;1.8304320926328859;7.62607242467024;4.134673836240472;0.030284490669929554;0.0001629398976790373;0.03466911389823579;-0.095849903130417;0.0005656223334065221;0.07341694707861729;0.0;53.72050878;86.83291582000001
5.619362035680146;1.5147129054174977;7.601511175600445;0.0254919955134087;0.024175528823279082;0.0254919955134087;5.626405332595515;1.499037172337892;2.247112444050783;7.62607242467024;4.134673836240472;0.030284490669929554;0.00017100660099401063;0.03466911389823579;-0.095849903130417;0.0006794053064808855;0.07341694707861729;0.0;53.720433390000004;86.83269195
3.599196132973347;1.782578655386202;8.364788493680924;-0.0214132762312633;0.026012441041037775;0.0254919955134087;3.64664928128145;1.7612981260872782;3.102171088958558;8.371759120259567;4.880360531829799;0.025186091567248048;0.00013161174484784653;0.029570714795554287;-0.095849903130417;0.0009790257153227584;0.0876924645661262;0.0;53.72036131;86.83247907
7.087609795281988;1.8277788946938214;8.364788493680924;-0.0326297542571632;0.025399433143212753;0.0254919955134087;7.119433100584815;1.8166377064974477;3.300172556668307;8.371759120259567;4.880360531829799;0.025186091567248048;0.00020055851947550467;0.04588559192413599;-0.095849903130417;0.0010178082760508161;0.0876924645661262;0.0;53.72030049;86.83230049
7.601511175600445;2.0605690367838627;8.364788493680924;-0.0244723156928724;0.025478169437533064;0.0254919955134087;7.62607242467024;2.04339920670599;4.175480317966669;8.371759120259567;5.677037151452426;0.025186091567248048;0.0001991259792520092;0.04588559192413599;-0.0815743856429081;0.0012794548162262834;0.1019679820536351;0.0;53.72023729;86.83212465
7.310688337705949;2.3132069980606422;8.364788493680924;-0.049454471296013;0.024236559328752932;0.0254919955134087;7.322714191773784;2.296968696047037;5.2760651906200255;8.371759120259567;6.412386622315234;0.025186091567248048;0.0002288627416333079;0.04588559192413599;-0.0693382277964719;0.0016090199368367373;0.11420413990007129;0.0;53.72016976;86.8319496
8.364788493680924;2.5490694494178237;8.364788493680924;-0.0662791883348628;0.024616815797878267;0.0254919955134087;8.371759120259567;2.530326186584061;6.402550610513038;8.371759120259567;6.836214838250482;0.025186091567248048;0.0005401629743941772;0.0795350260018356;-0.0642398286937901;0.0019180904900561954;0.1193025390027531;0.0;53.720094540000005;86.83179246
4.15354353507214;3.431705019458081;8.364788493680924;-0.0387478331803813;0.021480878418598238;-0.0091771183848271;4.172121124961242;2.6434123410926245;6.9876288050407895;8.371759120259567;6.836214838250482;0.025186091567248048;0.0005113273260244317;0.0795350260018356;0.0071377587437544;0.0035615376032318074;0.1906801264402976;0.0;53.720005220000004;86.83165449999998
2.6093617036740815;3.756813700892524;8.364788493680924;-0.0239624757826042;0.02790625203474374;0.0214132762312633;2.694721968807141;2.9238171171865717;8.548706534753194;8.371759120259567;7.685644651135995;0.025186091567248048;0.0005464476669875822;0.0795350260018356;0.0071377587437544;0.004275219900382977;0.1906801264402976;30.0;53.71989670000001;86.83153829999999
1.9052576553024818;3.726460468521169;8.364788493680924;-0.0152951973080452;0.0279790183605925;0.0214132762312633;1.9593724979443334;3.0186541779101472;9.112273045814387;8.371759120259567;8.134030755043483;0.01855817273376159;0.0003994967666417698;0.07290710716834914;0.0071377587437544;0.0042588612152501416;0.1906801264402976;0.0;53.71977472;86.83144192
1.4865001555733022;3.706096845743319;8.364788493680924;-0.0091771183848271;0.03500488201034338;0.0214132762312633;1.535544282009084;2.6993923534074757;7.286719077634751;8.371759120259567;8.134030755043483;0.01855817273376159;0.0004537946622097985;0.07290710716834914;0.0071377587437544;0.004232879094583653;0.1906801264402976;0.0;53.719636220000005;86.83136486
-2.398838092343925;3.362448182050541;8.364788493680924;-0.0734169470786173;0.03496839441827421;0.0214132762312633;2.4240115599235614;2.2957051592635875;5.270262178269453;8.371759120259567;8.134030755043483;-0.0013255837666972248;0.00026812762941242214;0.05302335066789032;0.0071377587437544;0.0035629701434553066;0.1906801264402976;0.0;53.71947602;86.83130962
-0.6404113685060528;2.3830750249766792;4.15354353507214;0.0214132762312633;0.033825102051945326;0.0214132762312633;0.6861144691235722;1.1033135599350232;1.217300811536494;4.172121124961242;3.934392759745159;0.019068012644029797;0.0004164648590067793;0.07341694707861735;0.0091771183848271;0.0018140118217216522;0.119302539002753;60.0;53.719292300000006;86.83127182000001
-0.013892773877943076;2.144656643221293;2.6093617036740815;-0.0244723156928724;0.03723204632909336;0.0214132762312633;0.23772836521608304;0.9866309700957899;0.9734406711521595;3.58570823446501;3.347979869248927;0.019068012644029797;0.00043531893678699706;0.07341694707861735;0.0285510349750178;0.0014746384216777408;0.1101254206179259;60.0;53.7190836;86.83124744
-2.3884502595067305;1.8474534254007435;1.9052576553024818;-0.0978892627714897;0.037306325553291;0.0214132762312633;2.4040338151453624;0.9712844549204159;0.9433934923700495;3.58570823446501;3.347979869248927;0.019068012644029797;0.0004701504591567003;0.07341694707861735;0.0285510349750178;0.0011086475000617576;0.09788926277148971;60.0;53.71880687;86.83125743
-1.7124114461282738;1.4832578931402443;1.4865001555733022;-0.0484347914754767;0.037111030363840364;0.0214132762312633;1.7131889314651727;0.9729479157032442;0.9466276466712872;3.58570823446501;3.347979869248927;0.019068012644029797;0.0004935794234571173;0.07341694707861735;0.0285510349750178;0.0007300871932589624;0.0927908636688079;60.0;53.718507509999995;86.83129087
-2.535911054662206;1.0174714993608571;-0.013892773877943076;-0.0193739165901906;0.03789470853304199;0.0214132762312633;2.5422401468147644;0.9686272707536865;0.9382387896477355;3.58570823446501;3.347979869248927;0.04761904761904756;0.0008956149055352804;0.09584990313041708;0.0285510349750178;0.0003341515598743989;0.06423982869379011;60.0;53.718189089999996;86.83134109
-3.5768463527176078;1.044892575193621;-0.013892773877943076;0.0173345569491179;0.04127093802832475;0.0214132762312633;3.58570823446501;0.9913214507981923;0.9827182188126328;3.58570823446501;3.347979869248927;0.04761904761904756;0.0009648880451735343;0.09584990313041708;0.0285510349750178;0.0003530056376546159;0.06423982869379011;60.0;53.71783491;86.83140419
-2.4661958545717253;1.231231502294742;0.4764216452645722;-0.0193739165901906;0.03616886077694992;0.0173345569491179;2.4759318236944248;0.9754368661945607;0.9514770799314652;3.58570823446501;3.347979869248927;0.04761904761904756;0.005316252079532866;0.27327419190374214;0.0285510349750178;0.0005716759711251752;0.081574385642908;60.0;53.71747412;86.83147092
-1.775861362199326;1.1718849783549576;0.4764216452645722;-0.0326297542571632;0.03577431199252362;0.0173345569491179;1.7761876071801304;0.87264536938731;0.7615099407131147;3.58570823446501;2.7773371730817393;0.04761904761904756;0.005308442424766061;0.27327419190374214;0.0285510349750178;0.0005292196378884722;0.081574385642908;0.0;53.71709565;86.83152765
-2.306046122778226;1.2069957616559401;0.4764216452645722;-0.0632201488732537;0.032484978436082654;0.0173345569491179;2.3235924105887626;0.9196886380374515;0.8458271909351824;3.58570823446501;2.7773371730817393;0.04761904761904756;0.005302157732172654;0.27327419190374214;0.0285510349750178;0.0005578704423584102;0.081574385642908;30.0;53.71670336;86.831568
-1.0516196465744745;1.2470935351361567;0.4764216452645722;-0.0973794228612215;0.032619529302735206;0.0173345569491179;1.1657591889851358;0.9609896528885497;0.9235011129588551;3.58570823446501;2.7773371730817393;0.04761904761904756;0.005614055819421957;0.27327419190374214;0.0285510349750178;0.0005914542684044225;0.081574385642908;0.0;53.71630381;86.83158573
0.4764216452645722;1.623420871515575;1.4854624198958861;-0.0295707147955541;0.044932843041783396;0.0560823901294993;0.8083710613832709;0.9560700045022429;0.9140698535089187;3.58570823446501;2.7773371730817393;0.04761904761904756;0.005312020887138867;0.27327419190374214;0.0285510349750178;0.0009197832454349228;0.0907515040277352;60.0;53.71589937;86.83157041
-0.4325946029648209;1.8384908982855483;2.244157296445862;-0.0520036708473539;0.04104445255489251;0.0560823901294993;0.8533964262426654;0.8177570845563954;0.6687266493421756;2.999093903459262;2.190722842075991;0.04761904761904756;0.005317600862364263;0.27327419190374214;0.0152951973080452;0.00113754091215019;0.0917711838482715;60.0;53.715509069999996;86.83154619000001
-2.8478164607867043;1.9664001390027348;2.244157296445862;-0.0744366268991536;0.04113695164824864;0.0560823901294993;2.955901725081733;0.8118781399415936;0.6591461141150219;2.999093903459262;2.190722842075991;0.04761904761904756;0.005415579682005209;0.27327419190374214;0.0152951973080452;0.0012551940543767425;0.0917711838482715;60.0;53.71517304;86.83150456000001
-2.834714805821185;1.9151694025048165;2.244157296445862;-0.0530233506678902;0.045045829976889946;0.0560823901294993;2.999093903459262;0.8318002817104014;0.6918917086535032;2.999093903459262;2.190722842075991;0.04761904761904756;0.0056575403468513315;0.27327419190374214;0.0152951973080452;0.0011867440477298136;0.0917711838482715;60.0;53.71484167999999;86.83146760000001
1.4854624198958861;1.8298011085220902;2.244157296445862;0.0560823901294993;0.047565905092823525;0.0560823901294993;1.7934838222329825;0.8204757628586171;0.6731804774384298;2.999093903459262;2.190722842075991;0.021617212195370605;0.005078921176739698;0.24727235648006518;0.0152951973080452;0.001072833994474334;0.0917711838482715;0.0;53.71451905;86.83142913
2.244157296445862;1.8495267852658663;2.244157296445862;-0.0367084735393086;0.045736173264703;0.0560823901294993;2.5130680904337073;0.7837834161102888;0.6143164433695142;2.999093903459262;2.190722842075991;0.021617212195370605;0.005143515455164109;0.24727235648006518;0.0152951973080452;0.0010870669747593997;0.0917711838482715;0.0;53.71422625;86.83138209
1.9926627605895417;1.9111911437172673;2.244157296445862;-0.0672988681553992;0.04509706207300088;0.0560823901294993;2.383811072116845;0.6787335238507703;0.46067919639888427;2.999093903459262;2.145697477216596;0.021617212195370605;0.00048200646241769636;0.06372998878352187;0.0152951973080452;0.001135865764308198;0.0917711838482715;0.0;53.71394091;86.83133739
-0.2903305534898206;1.8919082654167085;2.244157296445862;-0.1060467013357805;0.04528878584399136;0.0560823901294993;1.3708083831206226;0.7719867751957962;0.5959635810772048;2.999093903459262;2.5849534025192042;0.021617212195370605;0.00033366923282333936;0.052513510757622006;0.0152951973080452;0.0011162260999538047;0.0917711838482715;0.0;53.713666169999996;86.83130585
1.0830962867152096;1.5087856579487853;2.244157296445862;-0.1009483022330988;0.044879299841203556;0.0560823901294993;1.7401602667049358;0.8580009426138386;0.7361656175262357;2.999093903459262;2.7001249427957106;0.021617212195370605;0.00024179892643379715;0.051493830937085816;0.0142755174875089;0.0007082294021068962;0.0907515040277352;0.0;53.71340079;86.83129391
1.5277397253401488;1.8328761344684503;2.244157296445862;-0.0713775874375446;0.04501963072259052;0.0560823901294993;1.8751755388440488;1.0624578930247757;1.1288167744506454;4.022003659587322;3.723034698923771;0.01498929336188437;0.00019392724456996464;0.04486591210359958;0.0356887937187723;0.0010520043975149407;0.1121647802589986;0.0;53.713115460000004;86.83131322
1.7594324900963816;2.050504290530486;2.244157296445862;-0.0448659121035994;0.026175975212966298;-0.0367084735393086;1.9317535860132515;1.0851043521912755;1.177451455144448;4.022003659587322;3.723034698923771;0.01498929336188437;0.0001609326084545844;0.04486591210359958;0.0356887937187723;0.0013075510889968076;0.1121647802589986;0.0;53.71281881;86.83136985
0.21411556555216205;2.0431728669055214;1.9926627605895417;-0.0418068726419904;0.026378214545125567;-0.0346691138982359;0.4141405009400578;1.0704087679440188;1.1457749304914324;4.022003659587322;3.723034698923771;0.01498929336188437;0.00015448617744884792;0.04384623228306317;0.0356887937187723;0.0012787154406270634;0.1050270215152442;0.0;53.71249977;86.83143225
0.2852752320903731;1.961399609240503;1.7594324900963816;-0.0397675130009177;0.026249797094492277;-0.0346691138982359;0.29896896066355116;1.0603029457258966;1.1242423367150134;4.022003659587322;3.723034698923771;0.01498929336188437;0.00017070622965682883;0.04384623228306317;0.0356887937187723;0.001181672393228886;0.10094830223309881;0.0;53.71216375;86.83149559
-4.019206575800947;2.039105272662573;1.7594324900963816;-0.0387478331803813;0.026389380298129504;0.0020393596410727;4.022003659587322;1.073697084741777;1.152825429782991;4.022003659587322;3.723034698923771;0.03334353013153879;0.0002802955567543429;0.06220046905271759;0.0356887937187723;0.0012659034478217563;0.10094830223309881;0.0;53.711815179999995;86.83154126
-2.5261772383838146;2.0039133451422;1.7594324900963816;-0.0448659121035994;0.028111660132222098;0.0265116753339451;2.5377381171177595;1.1340064358309685;1.2859705965060564;4.022003659587322;3.723034698923771;0.03334353013153879;0.00028057282260405213;0.06220046905271759;0.0356887937187723;0.0012222802874675281;0.10094830223309881;0.0;53.711451090000004;86.83156373
-2.170257016356914;1.9403841522597531;1.7594324900963816;-0.0346691138982359;0.025259582021468226;0.0265116753339451;2.2077875062669383;1.160450100177592;1.3466444350021831;4.022003659587322;3.723034698923771;0.03334353013153879;0.0002841079621878428;0.06220046905271759;0.0356887937187723;0.0011433634949940814;0.10094830223309881;0.0;53.71107522;86.83156418000002
-2.1145450250166333;1.784780896321885;1.1396531747381458;-0.0540430304884266;0.02472218345350414;0.0265116753339451;2.1386646728658807;1.2409088449087304;1.5398547613727198;4.022003659587322;3.85575202118458;0.03334353013153879;0.00030626612467709306;0.06220046905271759;0.0356887937187723;0.0009671985939211099;0.0887121443866625;0.0;53.710687240000006;86.83154228000001
1.1396531747381458;1.7683613088583854;1.1396531747381458;0.0020393596410727;0.02844888425405821;0.0265116753339451;1.1499228293237775;1.2711947246432544;1.6159360279608395;4.022003659587322;3.900319322483292;0.03334353013153879;0.00032671448109313704;0.06220046905271759;0.0356887937187723;0.0009503315880638077;0.0887121443866625;0.0;53.71029142;86.83150742000001
0.6095577904491001;1.8235102394517424;1.1396531747381458;0.0265116753339451;0.02799991399497203;0.0265116753339451;0.6834422044425025;1.2234864797078802;1.496919166027981;4.022003659587322;3.900319322483292;0.04659936779851115;0.0005810567990403293;0.07545630671968995;0.0356887937187723;0.0009969122508149326;0.0887121443866625;0.0;53.709887290000005;86.83146681
0.8908927139316161;1.407556501902485;1.1396531747381458;-0.0163148771285816;0.02688000347917236;0.0265116753339451;0.9129968572424655;0.8852670666398824;0.7836977792771821;2.5377381171177595;2.4160537800137294;0.04659936779851115;0.000623628659714409;0.07545630671968995;0.0091771183848271;0.000586905375557632;0.0622004690527173;0.0;53.70950337000001;86.83141569
0.16345522143275382;1.2447735891459855;1.1396531747381458;-0.0193739165901906;0.0324675922004139;0.0265116753339451;0.1662516384027423;0.7426876116537106;0.5515848885038928;2.2077875062669383;2.086103169162908;0.04659936779851115;0.00065144766663522;0.07545630671968995;0.003059039461609;0.0004572835908186385;0.0560823901294992;0.0;53.70913015;86.83137015
-0.10474591255301835;1.3638205869553797;1.1396531747381458;0.023452635872336;0.03690135975326623;0.0265116753339451;0.12168433710403001;0.8673521373721189;0.752299730203983;2.8174350672959028;2.6957507301918726;0.05169776690119299;0.0007691816780679356;0.07443662689915331;0.0132558376669725;0.0005440446962901042;0.0662791883348627;0.0;53.7087626;86.83133796
0.9388039279331211;1.8867563079928014;1.1396531747381458;-0.0015295197308045;0.05008024909114322;0.0265116753339451;0.9388059946006552;1.4189744477011612;2.013488483228816;4.689433620370385;4.567749283266354;0.05169776690119299;0.0007458913466923742;0.07443662689915331;0.0479249515652085;0.0010774348746679444;0.1009483022330987;0.0;53.708400940000004;86.83131934
-0.2870857093631858;1.8242143877989512;0.9388039279331211;-0.0193739165901906;0.0489830903061964;0.0265116753339451;0.3144010719215215;1.4280032736386024;2.039193349522565;4.689433620370385;4.567749283266354;0.05169776690119299;0.0007546252209582106;0.07443662689915331;0.0479249515652085;0.0010162977548070931;0.098908942592026;0.0;53.708039889999995;86.83131925
-1.3489316299135883;1.7675761471735911;0.9388039279331211;-0.0774956663607627;0.04775058974054759;0.023452635872336;1.3719395191017003;1.410175699610927;1.9885955037731675;4.689433620370385;4.567749283266354;0.05169776690119299;0.0007421598104650396;0.07443662689915331;0.0479249515652085;0.000950932330738178;0.098908942592026;0.0;53.70767912;86.83133224
-2.798434416972352;1.6701620859652144;0.9388039279331211;-0.0739267869888855;0.046785664001014256;0.023452635872336;2.8174350672959028;1.451628335637121;2.1072248248245975;4.689433620370385;4.567749283266354;0.05169776690119299;0.0007421598104650396;0.07443662689915331;0.0479249515652085;0.0008456637297986317;0.0968695829509533;0.0;53.707308420000004;86.83135834
-4.68235211284834;1.7298389232862132;0.9388039279331211;-0.130519017028653;0.04644800457856164;0.023452635872336;4.689433620370385;1.404667144551341;1.9730897869820179;4.689433620370385;4.567749283266354;0.05169776690119299;0.0007355054300720221;0.07443662689915331;0.0479249515652085;0.0009120775653617594;0.0968695829509533;30.0;53.70693764;86.83138692
-1.8285927862615683;1.6943413731573156;0.9388039279331211;-0.040787192821454;0.04506643875283183;0.0152951973080452;1.8749316801634126;1.333469979093434;1.778142185143443;4.689433620370385;4.39344775157748;0.05169776690119299;0.000734015126129836;0.07443662689915331;0.0479249515652085;0.0008717815952040401;0.0968695829509533;30.0;53.70656854;86.83141206
-1.7657885666083974;1.586663721587128;0.733798528083685;-0.095849903130417;0.05471228671978149;0.0560823901294993;1.7974427033699283;1.3792768172294936;1.902404538546722;4.689433620370385;4.39344775157748;0.05169776690119299;0.0005630922825279279;0.07443662689915331;0.0479249515652085;0.0007845352744955838;0.095849903130417;30.0;53.706200790000004;86.83143087
-0.09411313931700804;1.5244367283145468;0.733798528083685;-0.0591414295911083;0.06753879052551798;0.0805547058223717;0.2959858687929041;1.2826062298765941;1.6450787409182503;4.689433620370385;4.39344775157748;0.05169776690119299;0.000524829595268077;0.07341694707861735;0.0479249515652085;0.0007216305848428367;0.095849903130417;30.0;53.70581699;86.83148227000001
0.733798528083685;1.5206329128530667;0.733798528083685;-0.0244723156928724;0.06786982298011954;0.0805547058223717;0.7690684435535048;1.2674598766735448;1.6064545389773173;4.689433620370385;4.39344775157748;0.05169776690119299;0.0005991368429901103;0.07341694707861735;0.0479249515652085;0.0007180723397715703;0.095849903130417;0.0;53.70545539999999;86.83156868
-0.9792402165805552;1.6002557565279782;0.733798528083685;0.0152951973080452;0.06579582315339402;0.0805547058223717;1.0253581705470531;1.3695749533636397;1.8757355528810156;4.689433620370385;4.39344775157748;0.03232385031100238;0.0003866587801630531;0.05812174977057216;0.0479249515652085;0.0008008824068846816;0.095849903130417;0.0;53.70511793000001;86.83170225
-2.9244864568955693;1.3064526376905092;0.733798528083685;0.0560823901294993;0.055088825543475745;0.0805547058223717;2.990427459146208;1.0920286720457868;1.1925266205700844;3.8417034793258527;3.5457176105329484;0.03232385031100238;0.0004204072328073293;0.05812174977057216;0.0295707147955541;0.0005300976464125523;0.0774956663607626;0.0;53.70480545;86.83189665
-2.1722086351637175;1.3456678764741334;0.733798528083685;0.0805547058223717;0.05497882705480546;0.0805547058223717;2.322185745421218;1.1521673449637684;1.3274895908008595;3.8417034793258527;3.5457176105329484;0.03232385031100238;0.00040319364463788977;0.05812174977057216;0.0295707147955541;0.0005622604849788052;0.0774956663607626;0.0;53.70452699;86.83213787
-2.181079765586832;1.526627080939906;0.733798528083685;0.0214132762312633;0.047578259940594926;0.0805547058223717;2.370752495833918;1.153300232722167;1.3301014267970048;3.8417034793258527;3.5457176105329484;0.04761904761904756;0.0006652098726129685;0.07341694707861735;0.0295707147955541;0.0007061614609778164;0.0774956663607626;0.0;53.70428597;86.83243701
-3.6503760473011466;1.6389381611341793;0.752857073169638;-0.0326297542571632;0.044540935311094966;0.0805547058223717;3.8417034793258527;0.9687686316126685;0.9385126615966821;3.8417034793258527;3.0726350357723478;0.04761904761904756;0.0006897016893372707;0.07341694707861735;0.0295707147955541;0.0008214000797631514;0.0785153461812989;0.0;53.7040898;86.83280404
-2.4557162231211422;1.5567040764616034;0.752857073169638;-0.0520036708473539;0.049594144228873274;0.0805547058223717;2.83347311996297;0.8718233744907317;0.7600759963084065;3.8417034793258527;2.8163453087787995;0.04761904761904756;0.0006955935886435884;0.07341694707861735;0.0295707147955541;0.0007416861479717916;0.0785153461812989;0.0;53.703929130000006;86.83325009
-2.746502092859827;1.6515038841470875;0.752857073169638;-0.0387478331803813;0.04921109989940273;0.0805547058223717;3.1990726080209373;0.8393946603788585;0.704583395872539;3.8417034793258527;2.615306495908716;0.04761904761904756;0.0006008610899929876;0.07341694707861735;0.0295707147955541;0.0008360605115665189;0.0785153461812989;0.0;53.70380002;86.83377634
0.4507548364459817;1.5698343272499955;0.752857073169638;-0.0336494340776996;0.04456893885919349;0.0805547058223717;1.7649505164616446;0.8345207375334593;0.6964248613733889;3.8417034793258527;2.615306495908716;0.04761904761904756;0.0006445304613221675;0.07341694707861735;0.0295707147955541;0.0007560577611817117;0.0785153461812989;0.0;53.703703080000004;86.83438084
0.752857073169638;1.5632892131557867;0.752857073169638;0.023452635872336;0.031251888076466144;0.023452635872336;1.8096449737906848;0.8345954198276249;0.6965495147972494;3.8417034793258527;2.615306495908716;0.04761904761904756;0.0006211014970217498;0.07341694707861735;0.0295707147955541;0.0007497268576133544;0.0785153461812989;0.0;53.703653710000005;86.83501243
0.1373328098596347;1.6804548108514166;0.752857073169638;-0.0703579076170082;0.028555081036821604;0.023452635872336;1.422005768075746;0.9158588219517761;0.8387973817468951;3.8417034793258527;2.615306495908716;0.04761904761904756;0.0005088088278895731;0.07341694707861735;0.0295707147955541;0.0008673915525836447;0.0785153461812989;0.0;53.70361343;86.83566591
0.2228253884725926;1.506250634498451;0.752857073169638;0.0010196798205363;0.02899191996734731;0.023452635872336;1.2263969834171369;0.7484973623491349;0.5602483014436122;3.4183235515647996;2.1919265681476627;0.04761904761904756;0.00044982051836396593;0.07188742734781262;0.0244723156928724;0.0006927140672669257;0.0734169470786172;0.0;53.703579000000005;86.836315
-1.4639855950476477;1.5814947983691976;0.752857073169638;0.0020393596410727;0.028031614617704932;0.023452635872336;1.6924705491975294;0.807560274639078;0.652153597175143;3.4183235515647996;2.1919265681476627;0.04761904761904756;0.0004287916365750933;0.0672988681553991;0.0244723156928724;0.0007650804540409952;0.0734169470786172;0.0;53.70355181;86.83695085000001
-2.0583326508131843;1.6763130620776383;0.752857073169638;-0.0214132762312633;0.027431724628802313;0.023452635872336;2.1506518249201045;0.9104528890703396;0.8289244632165281;3.8223960432249777;2.595999059807841;0.04761904761904756;0.0004018506381783619;0.0672988681553991;0.0265116753339451;0.000856243154876593;0.07545630671968989;0.0;53.70352885;86.83758325
-3.3831275693670513;1.6887215262100659;0.752857073169638;-0.0020393596410727;0.027124249891988538;0.023452635872336;3.4183235515647996;1.06708050105064;1.1386607957224848;4.167165203737294;2.9407682203201575;0.019068012644029797;0.000136333928850706;0.03874783318038133;0.0305903946160905;0.0008837386849727437;0.0795350260018353;0.0;53.7035068;86.83822168
-1.9417615636873988;1.598387188582771;0.2228253884725926;-0.040787192821454;0.024076346686982664;0.0020393596410727;2.0504996625731593;1.262373260881225;1.5935862497878972;4.852196333782596;3.6257993503654595;0.019068012644029797;0.00011507688037301008;0.03874783318038133;0.0418068726419904;0.0007860602366689839;0.0805547058223717;0.0;53.70348676;86.83884676
-3.1448012929996194;1.4472143273695324;0.2228253884725926;-0.0418068726419904;0.01661831336369551;0.0020393596410727;3.299929342574424;1.2937277951947734;1.6737316080595295;4.852196333782596;3.6257993503654595;0.019068012644029797;0.00012200852661573704;0.03874783318038133;0.0418068726419904;0.0006428408725505069;0.0805547058223717;0.0;53.70346991;86.83946223
-3.527265319975479;1.1538257349123378;-1.4639855950476477;-0.0183542367696543;0.015863951890558076;0.0020393596410727;3.8223960432249777;1.280055140239381;1.6385411620532613;5.400745482179362;3.7082749329818325;0.019068012644029797;0.00011923586811864623;0.03874783318038133;0.0520036708473539;0.0004094407908141531;0.061180789232180996;0.0;53.703459810000005;86.84005885
-3.751508570633121;0.9882408436032093;-1.9417615636873988;-0.0112164780258998;0.016272689980943795;0.0050983991026817;4.167165203737294;1.1510274683645845;1.3248642329297846;5.400745482179362;3.3502458196062026;0.005812174977057216;0.00014418979459246344;0.041806872641990456;0.0520036708473539;0.00030471516883028726;0.0530233506678902;0.0;53.703457390000004;86.84063499
-4.376294217964556;0.8588807102369186;-1.9417615636873988;0.0010196798205363;0.01616155881001862;0.0050983991026817;4.852196333782596;1.016301745000128;1.032869236890305;5.400745482179362;3.3502458196062026;0.026205771387784238;0.00026802365471878086;0.06220046905271748;0.0520036708473539;0.00022676880683082247;0.0530233506678902;0.0;53.70346377999999;86.84120202
-4.306697899902321;0.8521148535500758;-1.9417615636873988;-0.0061180789232181;0.026146609023593965;0.0499643112062812;4.747866002078709;0.9877061491360049;0.975563437041076;5.400745482179362;3.3502458196062026;0.026205771387784238;0.000281471048429671;0.06220046905271748;0.0520036708473539;0.0002241809922335378;0.0530233506678902;0.0;53.703483649999995;86.84177485000001
-4.963327101777043;0.5127203867032224;-3.1448012929996194;-0.020393596410727;0.02795175318739364;0.0499643112062812;5.400745482179362;0.613465477921032;0.3763398926008802;5.400745482179362;2.100816139604938;0.026205771387784238;0.00029471338093921485;0.06220046905271748;0.0520036708473539;8.0638151290401e-05;0.031610074436626896;0.0;53.70351884;86.8423502
-4.254547693055386;0.39496186375902126;-3.527265319975479;0.0050983991026817;0.025211799789860243;0.0499643112062812;4.849430154479662;0.46427975842122393;0.21555569407967004;5.400745482179362;1.5783494389543842;0.026205771387784238;0.0002804428542370009;0.06220046905271748;0.0520036708473539;4.844137653941802e-05;0.025491995513408798;30.0;53.70357101;86.84291436999999
-4.398041865316662;0.4514694980582665;-3.248585355138099;-0.0173345569491179;0.024797363294879627;0.0499643112062812;4.936412007161223;0.5522175179249346;0.30494418710317545;5.400745482179362;2.001685926031081;0.026205771387784238;0.00029851134544304255;0.06220046905271748;0.0520036708473539;6.07566013639962e-05;0.029570714795554197;0.0;53.7036474;86.84349508
-4.173587229296849;0.6522350529013967;-2.6383236352303223;0.0499643112062812;0.026472482379361974;0.0499643112062812;4.54615882590726;0.787668425148282;0.6204215479755747;5.400745482179362;2.643375245804136;0.026205771387784238;0.0002878366102292427;0.06220046905271748;0.0520036708473539;0.00012957051943866818;0.0407871928214541;0.0;53.70374848;86.84408512
-3.944858064485752;0.7088289531892314;-2.6383236352303223;0.0397675130009177;0.0297246821557248;0.0499643112062812;4.240508684521701;0.8671499911329444;0.7519491071218657;5.400745482179362;2.643375245804136;0.026205771387784238;0.0002864040700057461;0.06220046905271748;0.0520036708473539;0.00015388326863503265;0.0407871928214541;0.0;53.70387361;86.84469665
-4.045814021090503;0.7187437701579554;-2.6383236352303223;0.0249821556031405;0.032125264073281576;0.0499643112062812;4.257923140285159;0.8917788669316038;0.795269547505815;5.400745482179362;2.643375245804136;0.026205771387784238;0.00028632320079958096;0.06220046905271748;0.0520036708473539;0.00015814623107430958;0.0407871928214541;0.0;53.704015319999996;86.84531196
-3.248585355138099;0.7339372900273297;-2.2906449726641105;0.0285510349750178;0.03373896610992334;0.0499643112062812;3.399059556148281;0.9190474615615648;0.8446482366027559;4.936412007161223;2.636798947860196;0.026205771387784238;0.00028632320079958096;0.06220046905271748;0.040787192821454;0.0001669147635713587;0.0356887937187723;0.0;53.704170850000004;86.84593341
-2.6383236352303223;0.7988837944430972;-2.1683844180923777;-0.0254919955134087;0.04392129366875308;0.0499643112062812;2.757370236375226;0.9578843198913336;0.9175423702936827;4.936412007161223;2.765069021033941;0.026205771387784238;0.000291949386999928;0.06322014887325389;0.040787192821454;0.0001940579349835034;0.037728153359845;0.0;53.704341050000004;86.84656953
-3.0410130694964703;1.1038591914356346;-0.5129695520037418;-0.0346691138982359;0.04383598817860394;0.0499643112062812;3.0957486186732748;1.2087957085833283;1.4611870650894705;4.54615882590726;4.0331024637340915;0.018048332823493385;0.00022984183666509395;0.05506271030896304;0.0387478331803813;0.00037540712980884593;0.06423982869379;30.0;53.70451815;86.84722023
-3.269718950170877;1.0495218927970806;-0.5129695520037418;-0.0346691138982359;0.04571659293538354;0.0397675130009177;3.285527890301066;1.1295831068644322;1.2759579953135034;4.257923140285159;3.744866778111991;0.018048332823493385;0.00023441672318529408;0.05506271030896304;0.0359437136739063;0.000338236176832222;0.061435709187315;0.0;53.704694429999996;86.84785475000001
-2.2906449726641105;1.2067354048263386;-0.24301190632196223;-0.0367084735393086;0.05755400365247483;0.0285510349750178;2.2996130593010276;1.2423253502741294;1.5433722759337383;4.257923140285159;3.9119495175255325;0.018048332823493385;0.0002233174246391269;0.05506271030896304;0.0359437136739063;0.00045137725058264793;0.06729886815539901;0.0;53.70485671;86.84847271
-2.1683844180923777;1.9626210356902274;3.0981991232586674;-0.0897318242071989;0.05260610229517157;0.0285510349750178;2.1713429861272826;1.0963274880343208;1.201933961019644;3.399059556148281;3.053085933388654;0.018048332823493385;0.00022592545653795244;0.05506271030896304;0.0224329560517997;0.0012153840215024983;0.113184460079535;0.0;53.70496902;86.84909702
-0.5129695520037418;2.318158755700073;3.0981991232586674;-0.0091771183848271;0.04668666413743609;-0.0091771183848271;0.5130563621731683;1.0480312523294875;1.0983695058593137;3.285527890301066;2.939554267541439;0.018048332823493385;0.00019954187802657285;0.05506271030896304;0.0224329560517997;0.0016708798252276927;0.113184460079535;0.0;53.70504109000001;86.84966061
-1.9419002188187622;2.4669042701902324;3.0981991232586674;-0.0922810237585398;0.04794471433328805;-0.0091771183848271;1.9494076683932522;1.0340915640458352;1.0693453628307619;3.285527890301066;2.939554267541439;0.018048332823493385;0.00025520299735567065;0.05506271030896304;0.0224329560517997;0.0018726773764690817;0.113184460079535;30.0;53.70507217000001;86.85016017000001
-0.24301190632196223;2.4225824225755233;3.0981991232586674;-0.1605995717344753;0.05042130838942238;-0.0010196798205363;0.34597362275962673;0.9857355310666767;0.971674537207303;3.285527890301066;2.939554267541439;0.018048332823493385;0.00025520299735567065;0.05506271030896304;0.0224329560517997;0.0018108124337527431;0.113184460079535;30.0;53.70506179;86.85059779
3.0981991232586674;2.1993524434479674;3.0981991232586674;-0.0346691138982359;0.055199023416830105;0.0224329560517997;3.103480836188521;0.8998480947032782;0.8097265935411199;3.103480836188521;2.757507213428894;0.018048332823493385;0.0002584608710897522;0.05506271030896304;0.0050983991026817;0.0014965489222231087;0.095849903130417;0.0;53.7050133;86.85098194
2.852552171606983;2.014528686870916;3.0981991232586674;-0.0183542367696543;0.05865360472066336;0.0224329560517997;2.859897607112067;0.920801424016981;0.8478752624716999;3.103480836188521;2.757507213428894;0.018048332823493385;0.00026109489666198855;0.05506271030896304;0.003059039461609;0.0012551485654482735;0.0938105434893443;0.0;53.70492322;86.85131682
2.384849533140482;1.702460307683594;3.0981991232586674;-0.0101967982053635;0.05642648072406247;0.0224329560517997;2.386837111828496;0.9502370121406002;0.9029503792418951;3.103480836188521;2.757507213428894;0.018048332823493385;0.00014949539215408343;0.03466911389823568;-0.0010196798205363;0.0008988792776877144;0.089731824207199;0.0;53.70478490000001;86.85159066
2.1596401791128885;1.564659298648405;3.0981991232586674;-0.0010196798205363;0.05721788039505112;0.0224329560517997;2.2087350467536715;0.7893515152243635;0.6230758145869987;3.103480836188521;2.757507213428894;0.016008973182420783;0.00013632526429290242;0.03262975425716308;-0.0010196798205363;0.000752015022919936;0.089731824207199;0.0;53.70461222;86.85179430000001
2.0846198421892703;0.987075762005245;3.434236102511397;0.0224329560517997;0.05247474971935763;0.0224329560517997;2.264183237936138;0.9339945391590213;0.8723457991788727;4.028966764672746;3.682993141913119;0.016008973182420783;0.00013778091000387542;0.03262975425716308;-0.0313551544814927;0.0003002276499345974;0.0644947486489243;0.0;53.70441153;86.85193921
2.313030194658513;0.47615744281503447;3.434236102511397;0.0193739165901906;0.017232287284003334;0.0224329560517997;2.674417845947385;0.605224368496138;0.36629653622154906;4.028966764672746;1.8202317179190746;0.016008973182420783;0.0001392134502273724;0.03262975425716308;-0.0713775874375446;7.602860653897742e-05;0.024472315692872393;0.0;53.704192139999996;86.85203982
2.257607146299744;0.5505671826594735;3.5635877731863914;-0.003059039461609;0.013359578511557967;0.0224329560517997;2.7887269710973146;0.7443419973800395;0.5540450090637067;4.2632637500267005;2.054528703273029;0.016008973182420783;0.00015215252321379707;0.029570714795554287;-0.0713775874375446;9.052729993001445e-05;0.024472315692872393;0.0;53.70398651000001;86.85207994999999
2.144544074782983;0.5921802840615604;3.5635877731863914;0.0061180789232181;0.01511675095121853;0.032119914346895;2.8764290427787116;0.7450503049831206;0.555099956955441;4.2632637500267005;2.054528703273029;0.016008973182420783;0.00015069398931688991;0.029570714795554287;-0.0672988681553992;0.00010564984148289728;0.02855103497501779;0.0;53.703781590000006;86.85210799000001
3.434236102511397;0.6028222195443741;3.5635877731863914;-0.0152951973080452;0.014412536924254015;0.032119914346895;4.028966764672746;0.7551549177503512;0.5702589498025395;4.2632637500267005;2.054528703273029;0.016008973182420783;0.00011906546514851337;0.029570714795554287;-0.0672988681553992;0.00010933516673528027;0.02855103497501779;0.0;53.70357399000001;86.85212311
2.959751008263109;0.7673157321607609;4.182078252990395;-0.0020393596410727;0.014548166670198141;0.032119914346895;3.777447796514169;0.8142770074895096;0.6630470449260708;4.78644745620001;2.522264218263872;0.0211073722851024;0.00016931990040828363;0.034669113898235904;-0.0672988681553992;0.00016700646347476817;0.03874783318038129;0.0;53.70336411000001;86.85212059
3.5635877731863914;0.7336921253946566;4.182078252990395;0.0010196798205363;0.014134105309545605;0.032119914346895;4.2632637500267005;0.6982252856710249;0.4875185495503843;4.78644745620001;2.112029610252625;0.0211073722851024;0.00015469412683613023;0.034669113898235904;-0.0672988681553992;0.00015369770268873226;0.03874783318038129;0.0;53.70315213;86.85211085
1.8508945344507648;0.7144185988612001;4.182078252990395;0.032119914346895;0.013540492284480007;0.032119914346895;3.228501916335697;0.6247715486419344;0.390339487992441;4.78644745620001;1.9977204851026955;0.0211073722851024;0.00015469412683613023;0.034669113898235904;-0.0672988681553992;0.00014543749091614915;0.03874783318038129;0.0;53.702940780000006;86.85208638
2.914699971554386;0.6823568038768726;4.182078252990395;-0.0020393596410727;0.013613669719402545;0.032119914346895;3.956550683792855;0.5362828583135963;0.2875993041210008;4.78644745620001;1.9100184134212985;0.0211073722851024;0.00014355728187281553;0.03161007443662689;-0.0672988681553992;0.0001337923252283678;0.03874783318038129;0.0;53.702738280000005;86.85205284
4.182078252990395;0.7328804972865368;4.182078252990395;0.0163148771285816;0.015192982197999914;0.032119914346895;4.78644745620001;0.493447540730142;0.24349047545262514;4.78644745620001;1.6651702129235328;0.0211073722851024;0.00013124205704823728;0.0326297542571633;-0.0672988681553992;0.00014904194696236712;0.03874783318038129;0.0;53.702535569999995;86.85201140999999
2.570861038587987;0.7094941721384562;4.182078252990395;0.0183542367696543;0.014389272443601483;0.032119914346895;3.4448503270643305;0.4883155665753479;0.23845209255980304;4.78644745620001;1.6651702129235328;0.0211073722851024;0.00013609420941814584;0.0326297542571633;-0.0672988681553992;0.00013696932975628445;0.03874783318038129;0.0;53.7023323;86.85196686
3.068015507203172;0.7099852837591081;4.182078252990395;0.0010196798205363;0.014268333411258148;0.032119914346895;3.898837849269126;0.4885951319832314;0.2387252029977113;4.78644745620001;1.6651702129235328;0.0211073722851024;0.00013426887590756097;0.0326297542571633;-0.0672988681553992;0.0001363339288507012;0.03874783318038129;0.0;53.70213221;86.85192036999999
2.734864324740591;0.8254295076827292;4.301957373474997;-0.0040787192821454;0.014330542937043897;0.032119914346895;3.711456129738168;0.6342384686463098;0.4022584351108162;5.135999896815382;2.0147226535389047;0.0211073722851024;9.538234048586224e-05;0.0326297542571633;-0.0672988681553992;0.0001988920361913122;0.0438462322830631;0.0;53.701934140000006;86.85187846
1.805914236967988;0.740677023336981;4.301957373474997;-0.0163148771285816;0.014219162006131289;0.0316100744366268;3.1212772432764773;0.5894278053644709;0.3474251377367766;5.135999896815382;2.0147226535389047;0.0211073722851024;9.651162118623952e-05;0.0326297542571633;-0.0672988681553992;0.00015670141606058068;0.0438462322830631;0.0;53.701736000000004;86.85183903999999
2.7874095058253925;0.7732269105953243;4.301957373474997;-0.0081574385642908;0.014845205944808098;0.0316100744366268;3.849941585315358;0.6088832479540894;0.3707388096391212;5.135999896815382;2.0147226535389047;0.0211073722851024;0.00013886686791523596;0.04690527174467218;-0.0672988681553992;0.0001781433084380827;0.0438462322830631;0.0;53.70153743000001;86.85181455
2.6774083564848343;0.6869722380471335;4.301957373474997;0.0020393596410727;0.018760138198604063;0.0428265524625267;3.86672667817029;0.5560273865706877;0.30916645461662906;5.135999896815382;2.0147226535389047;-0.0003059039461608126;4.103823394288275e-05;0.02549199551340897;-0.0672988681553992;0.00015157199784096283;0.0438462322830631;0.0;53.7013424;86.8518064
4.301957373474997;0.7297100300566639;4.301957373474997;-0.0010196798205363;0.0189613537983581;0.0428265524625267;5.135999896815382;0.557546616679258;0.3108582297704874;5.135999896815382;2.0147226535389047;-0.0003059039461608126;4.02064363937557e-05;0.02549199551340897;-0.0672988681553992;0.0001703452064150147;0.0438462322830631;0.0;53.70115307;86.85180395
3.069498926272675;0.7394541814688874;4.301957373474997;0.0316100744366268;0.018841556791339212;0.0428265524625267;4.066564553881035;0.5698400895002579;0.32471772760166195;5.135999896815382;2.0147226535389047;-0.0003059039461608126;4.02064363937557e-05;0.02549199551340897;-0.0672988681553992;0.0001758327596905069;0.0438462322830631;0.0;53.70096983;86.85180758999999
3.7321328652323214;0.7272962098812233;4.301957373474997;0.0193739165901906;0.019090083845058656;0.0428265524625267;4.470695407692554;0.5599275241886104;0.31351883234398686;5.135999896815382;2.0147226535389047;-0.0003059039461608126;6.368161166912459e-05;0.02549199551340897;-0.0672988681553992;0.00016960583081579043;0.0438462322830631;0.0;53.70078446;86.85181678000001
3.4245361026580667;0.6595449497464215;4.301957373474997;0.0428265524625267;0.016235374991771214;0.0428265524625267;4.236219628698814;0.5384866743995392;0.28996789850587534;5.135999896815382;1.9000391568116735;0.004792495156520804;9.196272833945056e-05;0.030590394616090588;-0.0723972672580809;0.00014482519549804176;0.0387478331803814;0.0;53.700599069999996;86.85183363
3.9896128421855943;0.7124314715632417;4.301957373474997;0.0214132762312633;0.01783063396703576;0.0428265524625267;4.648695869497535;0.5873054629724045;0.34492770683723034;5.135999896815382;1.9000391568116735;0.004792495156520804;0.00011483716094044947;0.030590394616090588;-0.0723972672580809;0.0001718586158446771;0.0387478331803814;0.0;53.700408229999994;86.85185783
2.777586174767917;0.9383615398664357;4.301957373474997;0.0152951973080452;0.021870752198383827;0.0428265524625267;3.68846959304328;0.7255466123211877;0.5264178866507517;5.135999896815382;2.420897053943997;0.004792495156520804;0.00011622349018899485;0.030590394616090588;-0.0565922300397675;0.00028778173469648234;0.0545528703986948;0.0;53.70021336;86.85189336
3.0535133283917864;1.170460983144273;3.9896128421855943;0.0305903946160905;0.022546225342845776;0.0428265524625267;3.8852736638866388;0.7345660792790004;0.5395873248273227;4.648695869497535;2.2136516209699018;0.004792495156520804;0.0001614178236915745;0.035688793718772205;-0.0397675130009177;0.00043577238197870373;0.06627918833486279;0.0;53.70001509;86.85193828999999
2.1591184531086682;1.1746184040347876;3.9896128421855943;0.0275313551544814;0.023102993603291176;0.0428265524625267;3.2359607400037085;0.7484606526805669;0.5601933486110203;4.648695869497535;2.2136516209699018;0.004792495156520804;0.00016146114648059152;0.035688793718772205;-0.0397675130009177;0.0004387760953505523;0.06627918833486279;0.0;53.69981198000001;86.85199886000001
2.2769053584459984;1.126203321383475;3.9896128421855943;-0.0163148771285816;0.025801683237634588;0.0428265524625267;3.3421293308798514;0.7226269218300705;0.5221896681536028;4.648695869497535;2.2136516209699018;0.004792495156520804;0.0003699650654618189;0.06322014887325378;-0.0397675130009177;0.0003865114826803915;0.06627918833486279;0.0;53.699605340000005;86.85206614
1.1980718091143068;1.0521261519199943;3.9896128421855943;-0.0244723156928724;0.023383323296102276;0.0305903946160905;2.715102842871385;0.6787663149865939;0.46072371036048004;4.648695869497535;2.2136516209699018;0.004792495156520804;0.00048411772633579256;0.06322014887325378;-0.0397675130009177;0.00033514798402178495;0.06627918833486279;0.0;53.69939199;86.85213695
0.20905850491869682;1.0848406735604534;4.148212095474737;-0.0081574385642908;0.024861049655565355;0.0326297542571632;2.4350442485276336;0.6587682111632537;0.43397555603923316;4.560901274686378;2.1258570261587444;0.030284490669929554;0.0007290358935788113;0.08871214438666253;-0.0397675130009177;0.0003239966981287982;0.0647496686040583;0.0;53.69916868;86.8522106
1.9171275266433758;1.0813166395022635;4.148212095474737;-0.0132558376669725;0.02800852568017255;0.0418068726419904;2.997864119707014;0.6404394950854219;0.41016274686527016;4.560901274686378;2.1258570261587444;0.030284490669929554;0.000736152383721344;0.08871214438666253;-0.0397675130009177;0.00032155906920010584;0.0647496686040583;0.0;53.69894092;86.85229004
1.4168999343206163;1.0880236541532957;4.148212095474737;-0.0295707147955541;0.027037276137657048;0.0418068726419904;2.6703412980931542;0.608258862645819;0.3699788439871853;4.560901274686378;2.1258570261587444;0.030284490669929554;0.0007367069154207619;0.08871214438666253;-0.0397675130009177;0.0003174809506606346;0.0647496686040583;0.0;53.698714970000005;86.85237896999999
1.7761307061906328;1.123542984049161;4.148212095474737;-0.0244723156928724;0.02579614171708092;0.0418068726419904;2.7629665762466296;0.6112150037670625;0.3735837808299703;4.560901274686378;2.1258570261587444;0.030284490669929554;0.0007367069154207619;0.08871214438666253;-0.0397675130009177;0.0003385069442635728;0.0647496686040583;0.0;53.69849294000001;86.85247182
4.148212095474737;1.1233148434662903;4.148212095474737;0.0326297542571632;0.025713605694110332;0.0418068726419904;4.560901274686378;0.6244311112189811;0.38991421265817156;4.560901274686378;2.1258570261587444;0.030284490669929554;0.000721076053143413;0.08871214438666253;-0.0397675130009177;0.00033929253083774853;0.0647496686040583;0.0;53.698280079999996;86.85256616000001
2.725612498305167;1.2846275944740755;4.531593901806777;0.0418068726419904;0.024587760532205936;0.0418068726419904;3.326872812525652;0.7916285634225798;0.6266757824264975;4.752107247126782;2.317062998599148;0.030284490669929554;0.0009261719127219659;0.08871214438666253;-0.0397675130009177;0.0004279858326993745;0.0713775874375446;0.0;53.69807343;86.85265903
3.119312596938026;1.070490559221865;4.531593901806777;-0.0239624757826042;0.02444781458962752;0.0418068726419904;3.551553523379499;0.7736114451329222;0.5984746680406483;4.752107247126782;2.0817659490336275;0.030284490669929554;0.0010076880725364353;0.08871214438666253;-0.0632201488732537;0.00026871970752898413;0.04792495156520861;0.0;53.69787341;86.85274317
2.9766749853882493;1.2509007282217899;5.302783684171378;0.0163148771285816;0.02405336347746148;0.0418068726419904;3.359257427545384;0.9785132367805874;0.957488154554822;5.519126070255446;2.8487847721622916;0.030284490669929554;0.0010051002579391504;0.08871214438666253;-0.0632201488732537;0.0004145846499634352;0.0662791883348629;0.0;53.69768362;86.8528145
2.25093422513331;1.2684084296345233;5.53661408480384;0.0071377587437544;0.02189635626915323;0.0418068726419904;2.707282021322982;1.078820380898531;1.1638534142420518;5.730196699294469;3.022914677971487;0.030284490669929554;0.000665206984427033;0.08055470582237145;-0.0693382277964719;0.0004517382738244509;0.06220046905271741;0.0;53.697506450000006;86.85287541
4.531593901806777;1.0882869025325033;5.53661408480384;-0.0050983991026817;0.021617051867760275;0.0418068726419904;4.752107247126782;0.9805459857968952;0.9614704302624051;5.730196699294469;3.022914677971487;0.030284490669929554;0.0003630911829377804;0.05914142959110835;-0.0764759865402263;0.0003491961204070433;0.05506271030896301;0.0;53.69734118;86.85293286
3.977770338895092;1.0851733817868519;5.53661408480384;0.0010196798205363;0.019505846873778203;0.0418068726419904;4.227427390491351;0.9770794631952522;0.9546842773979223;5.730196699294469;3.022914677971487;0.029264810849393252;0.00033203740777036357;0.05812174977057205;-0.0764759865402263;0.0003517232830997042;0.05506271030896301;0.0;53.6971851;86.85298926
5.302783684171378;1.0322007219836111;5.53661408480384;-0.0040787192821454;0.018156155700384893;0.0163148771285816;5.519126070255446;0.9556181163448729;0.9132059842865231;5.730196699294469;3.022914677971487;0.029264810849393252;0.0003317485891769166;0.05812174977057205;-0.0764759865402263;0.00031913299301514924;0.05506271030896301;0.0;53.69703414000001;86.85304565999999
5.53661408480384;1.0778127031457565;5.53661408480384;-0.0086672784745589;0.017886348642896902;0.0163148771285816;5.730196699294469;0.9817458288672632;0.9638248724982696;5.730196699294469;3.022914677971487;0.029264810849393252;0.0004244593576733893;0.05812174977057205;-0.0764759865402263;0.00033859936621347434;0.05506271030896301;0.0;53.69688605;86.85309469
3.7032055865137403;1.0229166958871367;5.53661408480384;-0.0224329560517997;0.01554997796203349;0.0071377587437544;4.049769240389647;0.9250475143016178;0.8557129037156017;5.730196699294469;3.022914677971487;0.029264810849393252;0.00042917287711844424;0.05812174977057205;-0.0764759865402263;0.0003014804005836712;0.05506271030896301;0.0;53.69673872;86.85314448
4.035523139452432;1.2530153082554387;5.53661408480384;-0.0132558376669725;0.018483523094974936;0.0010196798205363;4.471689804017167;1.076921073784741;1.1597589991616795;5.730196699294469;3.708303456928328;0.029264810849393252;0.0004718718179736418;0.06423982869379008;-0.058121749770572;0.0004549470483976462;0.07341694707861732;0.0;53.69658956999999;86.85319501000001
4.525553563621737;1.254239421648471;5.53661408480384;-0.0479249515652085;0.02005723137988721;0.0091771183848271;4.942747953776437;1.0800539843139554;1.16651660903245;5.730196699294469;3.708303456928328;0.026205771387784238;0.00039682519465238466;0.061180789232181065;-0.058121749770572;0.00045859771541881576;0.07341694707861732;30.0;53.696419549999995;86.85325538999999
2.7109166046096576;1.2971266650707043;5.53661408480384;-0.020393596410727;0.02478011951830823;0.0316100744366268;3.296815795283377;1.1299924265875627;1.2768828841452482;5.730196699294469;3.708303456928328;0.024166411746711636;0.00038434823141547664;0.05914142959110846;-0.058121749770572;0.0005014352891988685;0.07341694707861732;0.0;53.696250410000005;86.85331921
3.8941946753778236;1.2270115305372906;5.53661408480384;-0.0050983991026817;0.02524751624748672;0.0316100744366268;4.253909646107201;1.0868402046298142;1.1812216303997765;5.730196699294469;3.708303456928328;0.024166411746711636;0.00040369907717642274;0.05914142959110846;-0.058121749770572;0.0004422505830297181;0.07341694707861732;0.0;53.696079039999994;86.85338592000001
1.2101781496146438;1.0854230152359465;4.567688129058547;-0.0520036708473539;0.027081624461163033;0.0316100744366268;2.021893242366141;0.9490567887700742;0.9007087883105651;4.942747953776437;2.9208547114102963;0.024166411746711636;0.0004076847737659907;0.05914142959110846;-0.058121749770572;0.00035023297915751735;0.058121749770572;0.0;53.6959035;86.85346126
4.554645906886815;1.1966445675108552;4.567688129058547;0.0091771183848271;0.029287086895401045;0.0316100744366268;4.818856252853646;1.0546203297352412;1.1122240398908687;4.942747953776437;2.9208547114102963;0.024166411746711636;0.00036441974846763693;0.05914142959110846;-0.058121749770572;0.00042561463204717333;0.058121749770572;0.0;53.69572474;86.85354106
2.894839428603386;1.192660277653806;4.567688129058547;0.0316100744366268;0.02994612128321567;0.0316100744366268;3.2878883278331417;1.0536110208322997;1.1100961832192806;4.942747953776437;2.9208547114102963;0.024166411746711636;0.00035847008544262986;0.05914142959110846;-0.058121749770572;0.0004184981419046403;0.058121749770572;0.0;53.69554889;86.85363657
2.7341483551499284;1.7796850140807188;4.567688129058547;0.0040787192821454;0.02705430894066628;0.0356887937187723;3.06481216881602;1.0379063778646511;1.07724964921212;4.818856252853646;2.813822426202746;0.024166411746711636;0.00039312831665626476;0.05914142959110846;-0.0091771183848271;0.0009622973423903099;0.1070663811563169;0.0;53.6953784;86.85374768
4.567688129058547;4.398331837448831;4.567688129058547;0.0183542367696543;0.03141393592165046;0.0356887937187723;4.758499262120838;2.4466792494429783;5.986239349654856;10.280908596612393;8.275874769961494;0.024166411746711636;0.0005320731655917268;0.07035790761700833;0.15091261343938;0.00625429732463143;0.267156112980524;0.0;53.695222030000004;86.85388059
1.8468109031159439;4.612936702684724;4.567688129058547;0.0295707147955541;0.046073407711134655;0.0356887937187723;2.4154103505031594;2.4500081420898594;6.002539896306605;10.280908596612393;8.275874769961494;0.024166411746711636;0.000556253058235106;0.07035790761700833;0.15091261343938;0.006830860106357722;0.267156112980524;0.0;53.69508649000001;86.85401641000001
2.4556150153756393;4.618818379505146;4.567688129058547;0.0183542367696543;0.04731053091538104;0.0356887937187723;2.8437886959165324;2.565743577359075;6.583040104759345;10.280908596612393;9.32417893914998;0.027225451208320428;0.0005499106019230102;0.07341694707861712;0.15091261343938;0.006834707170022436;0.267156112980524;0.0;53.694970639999994;86.85414888
-1.4665538396531403;4.37506370587083;4.567688129058547;0.0356887937187723;0.048618878467767385;0.0356887937187723;2.0050338266509;2.708894229058517;7.338107944226536;10.280908596612393;9.431650069969745;0.027225451208320428;0.0005212135864781204;0.07341694707861712;0.15091261343938;0.006175738667213859;0.267156112980524;0.0;53.694894309999995;86.85426967000001
-10.199422418632315;4.371450273808692;4.567688129058547;-0.0489446313857448;0.046984144412530474;0.0356887937187723;10.280908596612393;2.7161186687585617;7.3773006227787805;10.280908596612393;9.431650069969745;0.027225451208320428;0.0005400330060271226;0.07341694707861712;0.15091261343938;0.006164035737807387;0.267156112980524;120.0;53.6948397;86.85439426
-4.333864979705675;4.2669875370747015;4.567688129058547;-0.1019679820536351;0.04628854736698479;0.0356887937187723;4.45301641955099;2.837022462849383;8.04869645471198;10.280908596612393;9.431650069969745;0.029264810849393252;0.0006137857220497375;0.07545630671968995;0.15091261343938;0.005889542546595399;0.267156112980524;120.0;53.69481211;86.85452538999999
-0.80145345216894;3.950874272379901;2.8477320329052027;-0.0622004690527174;0.04474020723849499;0.0356887937187723;0.9567296574624135;2.8210032583490086;7.958059383615723;10.280908596612393;9.431650069969745;0.09350463954318344;0.001466736344961031;0.13969613541348014;0.15091261343938;0.005018789145584038;0.2335066789028244;120.0;53.69484324;86.85468963999999
0.84754764056918;3.8967677692213623;2.8477320329052027;-0.0479249515652085;0.04400325057814879;0.0356887937187723;0.849258526642648;2.815754634936196;7.928474164164671;10.280908596612393;9.431650069969745;0.09350463954318344;0.001809436935201454;0.1458142143366984;0.15091261343938;0.004851875104059173;0.2335066789028244;120.0;53.69492001;86.85485601
2.8477320329052027;3.894895894442925;2.8477320329052027;-0.0458855919241358;0.04249019393201998;0.0356887937187723;2.848484443938925;2.9473482449490853;8.686861677004453;10.280908596612393;9.431650069969745;0.09350463954318344;0.0018468331666809657;0.1458142143366984;0.15091261343938;0.0047521633728575445;0.2335066789028244;120.0;53.69503175;86.85500871
0.6459553916776466;3.952142374116739;2.8477320329052027;-0.0142755174875089;0.03446004898535073;0.0061180789232181;0.8643209352257514;2.991416438960149;8.948572311281021;10.280908596612393;9.431650069969745;0.09350463954318344;0.0019958982191308097;0.1458142143366984;0.15091261343938;0.004885528246567611;0.2335066789028244;120.0;53.695172760000005;86.85514716
1.0905766236644863;2.651737240777885;2.8477320329052027;-0.0020393596410727;0.04682898001310509;0.0061180789232181;1.647745773940568;1.703459928553475;2.9017757281874106;5.757885640288046;4.908627113645398;0.09350463954318344;0.001575158844941022;0.1458142143366984;0.061180789232181;0.002050380958598638;0.1437748546956254;120.0;53.69533;86.85525831999999
-2.9407758950809546;2.411694548860434;2.8477320329052027;-0.0836137452839808;0.04357916922482662;0.0061180789232181;3.0908823358724726;1.5269584563707896;2.331602127482265;5.757885640288046;4.908627113645398;0.09350463954318344;0.0016814440873295015;0.1458142143366984;0.061180789232181;0.001700358817014336;0.1437748546956254;120.0;53.6954975;86.85536438
-5.617606626599626;2.521234411540639;2.8477320329052027;0.0061180789232181;0.04561869184847856;0.0061180789232181;5.757885640288046;1.496574065492065;2.2397339335034476;5.757885640288046;4.908627113645398;0.09350463954318344;0.00235446072652334;0.15601101254206184;0.061180789232181;0.0018643846726047314;0.1437748546956254;120.0;53.695679889999994;86.85546485
0.14738608730188618;2.548592847329689;2.8477320329052027;-0.0285510349750178;0.04836156962909416;0.0061180789232181;1.2695897980611002;1.430628218512537;2.0466970996043554;5.757885640288046;4.893564705062294;0.09350463954318344;0.002406309440418938;0.15601101254206184;0.061180789232181;0.0018937286416989417;0.1437748546956254;120.0;53.69587892;86.85555892
-0.14523917916752405;2.3608177513991127;1.306584363023604;-0.1427551748750892;0.048308986842460856;0.0061180789232181;1.2323361808681752;1.4227715650808983;2.024278926402749;5.757885640288046;4.893564705062294;0.12409503415927403;0.0035839383733395624;0.18660140715815243;0.061180789232181;0.0015902611691923552;0.12083205873355751;120.0;53.696095080000006;86.85564196
1.306584363023604;2.5307706731098665;1.306584363023604;-0.0571020699500356;0.05130936362625678;0.0101967982053635;1.8653639147556098;1.4523812117396457;2.1094111842143217;5.757885640288046;4.525549459419871;0.12409503415927403;0.003824235443087431;0.18660140715815243;0.061180789232181;0.0018340009565741115;0.12083205873355751;120.0;53.69632103;86.85570919
-2.602584061228753;2.419989302854452;1.306584363023604;-0.0917711838482716;0.04991920296098835;0.0101967982053635;2.8832753106667792;1.4267449711209916;2.035601212619039;5.757885640288046;4.525549459419871;0.12409503415927403;0.0032444841040894846;0.18660140715815243;0.061180789232181;0.0016971673715567473;0.12083205873355751;120.0;53.69652120000001;86.85572504
1.2694378155551238;2.3759444268395384;1.306584363023604;-0.1019679820536351;0.05600766682720682;0.0101967982053635;1.7314476697560937;1.4434585516824505;2.083572590425198;5.757885640288046;4.525549459419871;0.12409503415927403;0.00291731040143277;0.18660140715815243;0.061180789232181;0.00164226873331435;0.12083205873355751;120.0;53.69670752;86.85572192
1.1892021904330417;1.803324516741483;1.306584363023604;-0.0662791883348628;0.05762810014103748;0.0173345569491179;1.9113752526091257;0.8804000128657138;0.7751041826539491;4.148231111829257;2.9158949309610818;0.13939023146731921;0.004531864102519948;0.20189660446619762;0.0336494340776996;0.0009588084137814723;0.0933007035790761;120.0;53.696893810000006;86.85571109
-3.882456771646771;1.9516908436441538;1.306584363023604;0.0101967982053635;0.06615627702948185;0.0438462322830631;4.148231111829257;0.9192357508788405;0.8449943656937856;4.148231111829257;2.9158949309610818;0.13939023146731921;0.004631506517259149;0.20189660446619762;0.0336494340776996;0.0011283102699036216;0.0933007035790761;120.0;53.69708058;86.85570842
-1.3385567409056;1.9709848807616468;1.306584363023604;-0.0152951973080452;0.07995688551114304;0.0438462322830631;2.129674050779449;0.8288871076945445;0.6870538373022276;4.148231111829257;2.4807578577409055;0.13939023146731921;0.004834187853396485;0.20189660446619762;0.0336494340776996;0.001149105208631803;0.0933007035790761;120.0;53.69726627;86.85570979
0.09527519272378715;1.9059041283982785;1.2694378155551238;-0.1396961354134801;0.08241055702058303;0.0438462322830631;1.6674732540883512;0.8940749409223211;0.799369999985252;4.148231111829257;2.4807578577409055;0.13939023146731921;0.004769492488464367;0.20189660446619762;0.0336494340776996;0.001024153620548846;0.0887121443866625;120.0;53.697448480000006;86.85570256000001
-2.1357442019141244;1.8766177402379531;1.2694378155551238;0.0173345569491179;0.08296383331818005;0.0438462322830631;2.6807879866172817;0.933407464530093;0.8712494948404969;4.148231111829257;2.4807578577409055;0.13939023146731921;0.004205995859905614;0.17436524931171604;0.0336494340776996;0.0009907892966338537;0.0887121443866625;120.0;53.69763006000001;86.85569469999999
-3.199530269473116;1.8987373008145252;1.1892021904330417;0.0438462322830631;0.08417997484505879;0.0438462322830631;3.538444105377386;1.172638856126432;1.375081886897507;5.180248986194043;3.512775732105691;0.13939023146731921;0.004728584222888539;0.1825226878760069;0.0571020699500356;0.0010556001890033515;0.1060467013357804;120.0;53.69780916;86.85568436
-2.276226338407057;2.3241509403368026;3.099869868851634;-0.2171918017742428;0.084430747995001;0.0438462322830631;2.7145591950389147;1.1136012230229178;1.240107683918138;5.180248986194043;3.512775732105691;0.13939023146731921;0.0034646216360147506;0.1825226878760069;0.0571020699500356;0.0016618650748797283;0.1447945345161618;120.0;53.69798565999999;86.85567397999999
-3.661172577937852;2.485083080916205;3.099869868851634;0.0010196798205363;0.08161900213650426;0.0438462322830631;3.8904349884125278;1.0877216112351669;1.1831383035480276;5.180248986194043;3.512775732105691;0.13939023146731921;0.003381996412801446;0.1825226878760069;0.0571020699500356;0.0019102346243144372;0.1447945345161618;120.0;53.69815099;86.85566779
-1.4982380618263471;2.4944570494533957;3.099869868851634;-0.1019679820536351;0.08081460250526067;0.0438462322830631;1.8476440500851723;1.06355409030642;1.1311473030075165;5.180248986194043;3.512775732105691;0.13939023146731921;0.0044787792450444;0.1825226878760069;0.0571020699500356;0.0019232574546929606;0.1447945345161618;120.0;53.69831223999999;86.85567288
-5.113045177351461;2.4362283153424187;3.099869868851634;-0.1193025390027531;0.08338699775521115;0.0448659121035994;5.180248986194043;1.0348607705960882;1.0709368145187292;5.180248986194043;3.3326049361088703;0.13939023146731921;0.0042749888455082255;0.1825226878760069;0.0571020699500356;0.001825475031695559;0.1447945345161618;120.0;53.69847083999999;86.85569324
3.099869868851634;2.4455673914361067;3.099869868851634;-0.0356887937187723;0.08308581399255349;0.0448659121035994;3.2787204126200336;1.0303949131796595;1.061713677106518;5.180248986194043;3.3326049361088703;0.12613439380034674;0.004203176990433573;0.21311308249209748;0.0571020699500356;0.0018418077231549842;0.1447945345161618;120.0;53.698624970000004;86.85571937
1.7057965400747181;2.4993960055141806;3.099869868851634;-0.0892219842969307;0.07590664200197074;0.0448659121035994;2.116110487767254;1.0915004178670422;1.1913731622039276;5.180248986194043;3.3326049361088703;0.12613439380034674;0.004111956525879287;0.21311308249209748;0.0571020699500356;0.0019212328363528975;0.1447945345161618;120.0;53.69876846;86.85572462
-2.1336408855328073;2.504309403822916;3.099869868851634;-0.0285510349750178;0.05555152379051343;0.0448659121035994;2.5202823204387603;1.0855557135585383;1.1784312072395873;5.180248986194043;3.3326049361088703;0.12613439380034674;0.004047908114596491;0.21311308249209748;0.0571020699500356;0.0019285457231389745;0.1447945345161618;120.0;53.69890567;86.85571590999999
-1.1272776155542954;2.8151642683104106;3.099869868851634;0.0448659121035994;0.05253525832395855;0.0448659121035994;1.8986645125802384;1.507625980949773;2.272936098434765;6.434327344612762;4.58668329452759;0.12613439380034674;0.004058721482735144;0.21311308249209748;0.0744366268991536;0.0024769775738635326;0.16212909146527982;120.0;53.69904076;86.85569996
-2.4538405873659155;2.8196499864148734;3.099869868851634;-0.1254206179259712;0.05082197271998459;0.0448659121035994;3.0911429133510193;1.4615944433011452;2.1362583166887843;6.434327344612762;4.535662832032523;0.12613439380034674;0.003513420425563548;0.21311308249209748;0.0744366268991536;0.00248668187860335;0.16212909146527982;120.0;53.699166649999995;86.85567737
-3.8545831470960277;2.7401471337635557;3.099869868851634;-0.023452635872336;0.04796377647972595;0.0448659121035994;4.23100933077354;1.361225943359348;1.8529360688745469;6.434327344612762;4.535662832032523;0.12613439380034674;0.003308347671472472;0.21311308249209748;0.0744366268991536;0.0023192017526353285;0.16212909146527982;120.0;53.69928207;86.85565199
-2.4533285821658857;2.403465465924121;1.7057965400747181;-0.0662791883348628;0.052199047924765866;0.0448659121035994;2.936442306670533;1.4102862952145805;1.988907434470067;6.434327344612762;4.537394229107795;0.12613439380034674;0.003301034784686395;0.21311308249209748;0.0744366268991536;0.0018073227830974173;0.1402059753237482;120.0;53.69938397999999;86.85562334
-6.12452353900795;2.1272409042819245;1.1531529056692738;-0.0836137452839808;0.05107952482881359;0.0448659121035994;6.434327344612762;1.4295953325098614;2.043742814733981;6.434327344612762;4.574993494171473;0.12613439380034674;0.003268975920813782;0.21311308249209748;0.0744366268991536;0.0014053017419489262;0.12847965738758022;120.0;53.699485249999995;86.85559149000001
-1.3036720614301516;2.133099765208446;1.1531529056692738;-0.0693382277964719;0.051469875789525;0.0448659121035994;2.3238679167873166;1.470305551867168;2.1617984158514174;6.434327344612762;4.632865662327648;0.06393392474762916;0.0015903969139312772;0.1509126134393799;0.0744366268991536;0.001415006046688744;0.12847965738758022;120.0;53.699583489999995;86.85556173
1.1531529056692738;2.292975738811591;1.1531529056692738;-0.0132558376669725;0.03554510185875577;-0.0132558376669725;2.166707581776792;1.5152806282532023;2.2960753823594198;6.434327344612762;5.0420681580700695;0.019068012644029797;0.0010552738239927558;0.10604670133578054;0.0744366268991536;0.001637511891080279;0.12847965738758022;120.0;53.69967293;86.85553340999999
0.8247420780359338;2.30457839895714;1.1531529056692738;-0.1172631793616804;0.03577059805807627;-0.0071377587437544;1.8969331155049673;1.5121352096898113;2.2865528923836496;6.434327344612762;5.0420681580700695;0.019068012644029797;0.0003183474064409772;0.047924951565208596;0.0744366268991536;0.0016513607426360604;0.12847965738758022;120.0;53.699745740000004;86.85551405999999
-1.0540744712241104;2.2778688968692107;1.1531529056692738;-0.0642398286937901;0.03327570770933274;-0.0071377587437544;1.8593338504412893;1.5126999098690197;2.28826101731774;6.434327344612762;5.426053674489289;0.019068012644029797;0.0003233035335045267;0.047924951565208596;0.0744366268991536;0.0016254710439194756;0.12847965738758022;120.0;53.699809560000006;86.85550364000001
-1.2323833818703327;2.305863655963426;1.1531529056692738;-0.092790863668808;0.03327206209327055;-0.0071377587437544;1.8014616822851144;1.5094725626607481;2.2785074174256064;6.434327344612762;5.426053674489289;0.020087692464565987;0.00026895942696154667;0.048944631385744786;0.0744366268991536;0.001661099705607092;0.12847965738758022;120.0;53.699866459999996;86.85550422
0.9190153316755314;1.5365855995456765;1.1531529056692738;-0.0723972672580809;0.040461435495431894;0.0132558376669726;1.3922591865426923;0.6973995502672636;0.48636613271298157;2.8342686018005745;2.1187298860208257;0.020087692464565987;0.0001760638145652676;0.03161007443662689;0.0142755174875089;0.0007166809561976337;0.06831854797593549;120.0;53.69991233;86.85550913
-2.6930430500862297;2.1161732399709816;1.1531529056692738;-0.0071377587437544;0.04110095376420743;0.0132558376669726;2.7892915671359257;1.2624385441372696;1.5937510777234292;5.1936248265466;4.478086110766851;0.020087692464565987;0.00024718250501564446;0.04282655246252631;0.0550627103089629;0.0013827081854300533;0.1091057407973895;120.0;53.69994988;86.85550828000001
0.9406480466813862;2.013250911672156;0.9406480466813862;-0.061180789232181;0.04061532624007721;0.0132558376669726;1.008273670123473;1.271564948664976;1.6168774186733634;5.1936248265466;4.478086110766851;0.020087692464565987;0.0002402970697478693;0.04282655246252631;0.0550627103089629;0.0012590187346004594;0.1070663811563168;120.0;53.699981730000005;86.85550172999999
-2.8327904444144214;2.234749000209883;2.476241840982622;-0.0652595085143265;0.04020938862221518;0.0275313551544814;2.8342686018005745;1.3298271411198619;1.7684402252590248;5.1936248265466;4.478086110766851;0.020087692464565987;0.00025069453911195943;0.04282655246252631;0.0550627103089629;0.0015669571189336057;0.1345977363107983;120.0;53.700009269999995;86.85548831
0.46740932305369487;2.234749000209883;2.476241840982622;0.0132558376669726;0.04020938862221518;0.0275313551544814;0.7155387157797489;1.3298271411198619;1.7684402252590248;5.1936248265466;4.478086110766851;0.020087692464565987;0.00025069453911195943;0.04282655246252631;0.0550627103089629;0.0015669571189336057;0.1345977363107983;120.0;53.700009269999995;86.85548831
-5.080787673319669;2.234749000209883;2.476241840982622;-0.0254919955134087;0.04020938862221518;0.0275313551544814;5.1936248265466;1.3298271411198619;1.7684402252590248;5.1936248265466;4.478086110766851;0.020087692464565987;0.00025069453911195943;0.04282655246252631;0.0550627103089629;0.0015669571189336057;0.1345977363107983;120.0;53.700009269999995;86.85548831
-0.21782205714198155;2.234749000209883;2.476241840982622;-0.0183542367696543;0.04020938862221518;0.0275313551544814;1.684765350046195;1.3298271411198619;1.7684402252590248;5.1936248265466;4.478086110766851;0.020087692464565987;0.00025069453911195943;0.04282655246252631;0.0550627103089629;0.0015669571189336057;0.1345977363107983;120.0;53.700009269999995;86.85548831
2.476241840982622;2.234749000209883;2.476241840982622;0.0275313551544814;0.04020938862221518;0.0275313551544814;3.3973718202162906;1.3298271411198619;1.7684402252590248;5.1936248265466;4.478086110766851;0.020087692464565987;0.00025069453911195943;0.04282655246252631;0.0550627103089629;0.0015669571189336057;0.1345977363107983;120.0;53.700009269999995;86.85548831
-0.8402392682255069;1.7867404514263285;4.950301730287487;-0.0897318242071989;0.033536978387220265;-0.003059039461609;2.4366398583542925;1.036955985016147;1.0752777148608077;6.072528660219986;3.635888801865694;0.10574079738961961;0.0026543121902399634;0.17436524931171604;-0.020393596410727;0.0007569617633791964;0.08871214438666261;30.0;53.722372570000005;86.83599049
-0.41926311315311415;1.7867404514263285;4.950301730287487;-0.0831039053737126;0.033536978387220265;-0.003059039461609;2.606620872241966;1.036955985016147;1.0752777148608077;6.072528660219986;3.635888801865694;0.10574079738961961;0.0026543121902399634;0.17436524931171604;-0.020393596410727;0.0007569617633791964;0.08871214438666261;30.0;53.722372570000005;86.83599049
-0.5284740352547497;1.7867404514263285;4.950301730287487;-0.0815743856429081;0.033536978387220265;-0.003059039461609;2.868853322217041;1.036955985016147;1.0752777148608077;6.072528660219986;3.635888801865694;0.10574079738961961;0.0026543121902399634;0.17436524931171604;-0.020393596410727;0.0007569617633791964;0.08871214438666261;30.0;53.722372570000005;86.83599049
0.1885714725412293;1.7867404514263285;4.950301730287487;-0.003059039461609;0.033536978387220265;-0.003059039461609;3.0342150724686245;1.036955985016147;1.0752777148608077;6.072528660219986;3.635888801865694;0.10574079738961961;0.0026543121902399634;0.17436524931171604;-0.020393596410727;0.0007569617633791964;0.08871214438666261;30.0;53.722372570000005;86.83599049
1.4734113147610994;1.7867404514263285;4.950301730287487;-0.0239624757826042;0.033536978387220265;-0.003059039461609;3.524686986698867;1.036955985016147;1.0752777148608077;6.072528660219986;3.635888801865694;0.10574079738961961;0.0026543121902399634;0.17436524931171604;-0.020393596410727;0.0007569617633791964;0.08871214438666261;30.0;53.722372570000005;86.83599049
-0.6858699572678204;1.7867404514263285;4.950301730287487;-0.1080860609768532;0.033536978387220265;-0.003059039461609;3.411720807330878;1.036955985016147;1.0752777148608077;6.072528660219986;3.635888801865694;0.10574079738961961;0.0026543121902399634;0.17436524931171604;-0.020393596410727;0.0007569617633791964;0.08871214438666261;30.0;53.722372570000005;86.83599049
0.07855158694478304;1.7128449635632716;4.950301730287487;-0.0856531049250535;0.03514634506501207;-0.003059039461609;3.4468992792144535;0.9666754814233575;0.93446148638508;6.072528660219986;3.4659077879780202;0.10574079738961961;0.0026682332464441063;0.17436524931171604;-0.023452635872336;0.0006944383142697996;0.0856531049250536;30.0;53.722234560000004;86.835896
4.950301730287487;1.6611373733572008;4.950301730287487;-0.0367084735393086;0.04342131580465603;-0.003059039461609;6.072528660219986;0.8934770858838701;0.7983013029995325;6.072528660219986;3.2036753380029452;0.10574079738961961;0.0030593513856899757;0.17436524931171604;-0.023452635872336;0.0006705472402198673;0.0856531049250536;30.0;53.72209356;86.83577548000001
2.175447501027832;1.9531957521036734;5.2587812857083325;-0.0723972672580809;0.04419687664161204;-0.003059039461609;4.17055658649587;1.1111415286096336;1.234635496600953;6.278510815025851;3.2442957425572265;0.10574079738961961;0.002588380681727891;0.16212909146527976;-0.023452635872336;0.0009670830664837265;0.0989089425920261;30.0;53.721948049999995;86.83562997
1.1698829595181488;1.9042072811863968;5.2587812857083325;-0.0815743856429081;0.037250542795273414;-0.0239624757826042;3.755628264306165;1.0428098783833464;1.0874524424538896;6.278510815025851;2.866790007694973;0.10574079738961961;0.002523685316795774;0.16212909146527976;-0.023452635872336;0.0009213342012817287;0.0989089425920261;30.0;53.721802100000005;86.83545842000001
1.6823051631567623;2.1052149794922417;5.2587812857083325;-0.1060467013357805;0.033229848016657335;-0.0367084735393086;3.9291312160718914;1.1378622080599803;1.294730404531134;6.278510815025851;2.866790007694973;0.10574079738961961;0.0026447580711687394;0.16212909146527976;-0.023452635872336;0.001137263646300477;0.0989089425920261;30.0;53.72165803;86.83527339
2.045773839832883;1.7951665369038603;5.2587812857083325;-0.1488732537983073;0.03208712218485242;-0.0367084735393086;4.05911746544136;1.0619367347485285;1.1277096286083663;6.278510815025851;2.8316115358113976;0.10574079738961961;0.002558978948914994;0.16212909146527976;-0.037728153359845;0.0007981819530359455;0.0846334251045171;30.0;53.7215221;86.83507602
5.2587812857083325;1.4927985980690504;5.2587812857083325;-0.0469052717446721;0.03341208794829485;-0.0367084735393086;6.278510815025851;0.9607969938068949;0.9231308633083665;6.278510815025851;2.522882550719686;0.10574079738961961;0.0023325451716525807;0.16212909146527976;-0.0571020699500356;0.000535079767149506;0.0652595085143265;0.0;53.721392230000006;86.83486935
3.2213641044495844;1.4867058041422385;5.2587812857083325;-0.0887121443866625;0.029903316855913995;-0.0469052717446721;4.634905297344892;0.9214425253256219;0.8490563274784593;6.278510815025851;2.522882550719686;0.06699296420923839;0.001328103420106491;0.12338125828489854;-0.0571020699500356;0.0006006531406057032;0.0652595085143265;0.0;53.72126917000001;86.83465413
5.143793299509356;1.4861951898956922;5.2587812857083325;-0.0540430304884266;0.030351584371237514;-0.0469052717446721;6.111830591680937;0.8931627515027987;0.7977397006720501;6.278510815025851;2.522882550719686;0.04150096869582964;0.0008763449289804966;0.0978892627714898;-0.0571020699500356;0.0005725799733226592;0.0652595085143265;0.0;53.721152849999996;86.83443541
3.543485892068907;1.2643749357063827;5.2587812857083325;-0.0861629448353217;0.03216300153846081;-0.0469052717446721;4.905610115591482;0.7871995089669926;0.6196830669178743;6.278510815025851;2.3493795989539596;0.04150096869582964;0.0007895722707652931;0.0978892627714898;-0.0652595085143265;0.0004011372562525452;0.0571020699500356;0.0;53.72104369;86.83421361
3.5171196915822858;1.0110217629700602;5.2587812857083325;-0.1101254206179259;0.03147827375482581;-0.0469052717446721;4.96517142200553;0.7395829861832995;0.5469829934518066;6.278510815025851;2.2193933495844913;0.04150096869582964;0.0007895722707652931;0.0978892627714898;-0.07545630671969;0.0002344311641149621;0.0469052717446721;0.0;53.72093722000001;86.83397914
4.901010094789229;0.7289458371268595;5.2587812857083325;-0.0672988681553992;0.023522051170771673;-0.0285510349750178;5.752013107668602;0.6557499170732588;0.43000795374158574;6.278510815025851;2.025393562245834;0.04150096869582964;0.0004101686136696339;0.05608239012949956;-0.092790863668808;0.00012911635220046416;0.029570714795554107;0.0;53.720838189999995;86.83374443
4.5923865445038174;0.6689995699330392;5.143793299509356;-0.0652595085143265;0.03501234819620355;0.0163148771285816;5.191844322770171;0.5427351177312404;0.29456140801874336;6.111830591680937;1.8587133389009196;0.04150096869582964;0.00029579645066463866;0.05608239012949956;-0.092790863668808;0.0001152068487400588;0.028551034975017806;0.0;53.72075003;86.83351803
4.5707272910195735;0.5606703510743962;5.143793299509356;-0.0520036708473539;0.03643459306681826;0.0163148771285816;5.018782573085657;0.5413729251463822;0.29308464408155044;6.111830591680937;1.8587133389009196;0.04150096869582964;0.00026207399169377146;0.05608239012949956;-0.0963597430406852;8.14035205630273e-05;0.0249821556031406;0.0;53.72066943;86.83329663
3.9337284417286433;0.9983551785609235;7.075544604078964;-0.0642398286937901;0.03682116558492025;0.0163148771285816;4.253117252780017;0.7864932423708626;0.6185716202950324;7.080515867125571;2.8273986143455536;0.018048332823493607;0.0001181730156947583;0.032629754257163524;-0.0963597430406852;0.0003039786814169908;0.0627103089629856;0.0;53.720592499999995;86.8330789
4.7038660524316125;1.2243963462767262;7.274901169104789;-0.0285510349750178;0.034780566366769156;0.0163148771285816;4.774089369411782;1.0313151801924978;1.063611000895484;7.282398636756313;3.029281383976296;0.018048332823493607;0.00011418731910519062;0.032629754257163524;-0.0978892627714897;0.00045263649965007524;0.0642398286937902;0.0;53.72051854;86.8328667
4.691660749110644;1.8777596749286694;9.943677042618004;0.0163148771285816;0.02738219533441461;0.0163148771285816;4.732644152765522;1.7603244194430876;3.098742061687643;9.948893354191691;5.695776101411674;0.02824513102885695;0.00015583496028024086;0.04282655246252687;-0.1050270215152442;0.0010330925560160327;0.10094830223309878;0.0;53.72044801;86.83266049000001
4.637469010685547;1.8912646194235259;9.943677042618004;-0.011726317936168;0.025882153033333043;0.0163148771285816;4.6518814932072505;1.7838946436742693;3.182280099729748;9.948893354191691;5.695776101411674;0.02824513102885695;0.0001575794245846606;0.04282655246252687;-0.1050270215152442;0.001057873191333782;0.10094830223309878;0.0;53.72037895;86.83246342999999
7.075544604078964;1.8413332106338498;9.943677042618004;-0.0351789538085041;0.030694827948677644;0.0275313551544814;7.080515867125571;1.7632376440789372;3.109006989497041;9.948893354191691;5.695776101411674;0.031304170490465966;0.00021512364114303217;0.04588559192413588;-0.1050270215152442;0.00099826103364633;0.10094830223309878;0.0;53.72031097;86.83227257
7.274901169104789;2.024232041472827;9.943677042618004;-0.0356887937187723;0.042316507796779125;0.0713775874375446;7.282398636756313;1.983693723840724;3.9350407900050786;9.948893354191691;6.881283488328668;0.031304170490465966;0.00022624893336260893;0.04588559192413588;-0.0866727847455898;0.0012231582959916069;0.11930253900275319;0.0;53.720240860000004;86.83209237999999
9.943677042618004;2.260354392121816;9.943677042618004;-0.0622004690527174;0.03864049887653011;0.0713775874375446;9.948893354191691;2.2376143168953395;5.006917831174996;9.948893354191691;7.644877899402676;0.031304170490465966;0.0001940976475400937;0.04588559192413588;-0.0734169470786173;0.001539391550328549;0.1325583766697257;0.0;53.72017006;86.83193198000001
6.795248761602323;3.29997264721789;9.943677042618004;-0.0285510349750178;0.03888607816567708;0.0713775874375446;6.804702725770274;2.502922964141304;6.264623364425891;9.948893354191691;7.874356939213915;0.031304170490465966;0.00014058533854624094;0.0336494340776996;-0.0010196798205363;0.0032895860156421583;0.20495564392780669;0.0;53.72008817999999;86.83177842
5.907297368974715;4.250082554983387;9.943677042618004;0.0275313551544814;0.03889454436679015;0.0713775874375446;5.91138463093975;2.5608591169277344;6.557999416751895;9.948893354191691;7.874356939213915;0.031304170490465966;0.00069326859896634;0.09483022330988078;0.0275313551544814;0.00550540226456721;0.2335066789028244;0.0;53.71999347;86.83164019
3.036157542241849;4.542110725266763;9.943677042618004;0.0713775874375446;0.04211608897707398;0.0713775874375446;3.067609865863023;2.8335252579292196;8.02886538732285;9.948893354191691;8.504203513953758;0.031304170490465966;0.0006885550795212856;0.09483022330988078;0.0275313551544814;0.006275092263359613;0.2335066789028244;0.0;53.719863739999994;86.83153094
2.2103909448533257;4.564293452134071;9.943677042618004;-0.0071377587437544;0.0651178210192462;0.0713775874375446;2.3040154547890146;2.903822402534796;8.432184545462954;9.948893354191691;8.504203513953758;0.031304170490465966;0.0015324599040858202;0.12032221882328953;0.0275313551544814;0.006278234609656316;0.2335066789028244;0.0;53.71972019;86.83144371
-1.9417442268357645;4.609788553878236;9.943677042618004;-0.0326297542571632;0.06516464120202137;0.0713775874375446;2.074536414977776;2.7328277149852087;7.4683473197912775;9.948893354191691;8.504203513953758;0.031304170490465966;0.0015264524773421228;0.12032221882328953;0.0275313551544814;0.0063769412521527446;0.2335066789028244;0.0;53.71955386;86.83137466
-3.4817330455760187;3.653574195510992;6.795248761602323;-0.0418068726419904;0.06502754396340954;0.0713775874375446;3.5981858320095195;1.8283985743173927;3.3430413465658746;6.804702725770274;5.360012885532342;0.031304170490465966;0.0017783022908278723;0.12032221882328953;0.0275313551544814;0.004028626585297962;0.1825226878760068;30.0;53.71936518;86.83132678000001
-1.0054086768898385;3.0329640890205596;5.907297368974715;-0.0672988681553992;0.06519539297423727;0.0713775874375446;1.4446898402379322;1.3181372310827655;1.7374857599665396;5.91138463093975;4.466694790701818;0.031304170490465966;0.0017763960881111217;0.12032221882328953;0.0275313551544814;0.002718926685965913;0.16212909146527982;30.0;53.71912191;86.83130879000001
-0.941128453789845;2.5101443068283125;3.036157542241849;-0.1774242887733251;0.06150293413650967;0.0713775874375446;1.6122374734789533;1.240228084321204;1.5381657011390435;5.60908702689866;4.164397186660728;0.019068012644029797;0.0014653038047375347;0.10808606097685336;0.058121749770572;0.0019306945334742129;0.1447945345161618;30.0;53.71885171;86.83131251
-3.115964130825268;1.9684606328881529;2.2103909448533257;-0.0275313551544814;0.048248206349316376;-0.0071377587437544;3.3208793023991974;1.2407023148407705;1.5393422340512466;5.60908702689866;4.164397186660728;0.005812174977057216;0.0012873106819680424;0.09483022330988078;0.058121749770572;0.0012132691473519719;0.1315386968491893;30.0;53.71855641;86.83133209
-1.1851110413781836;1.397990374635247;-0.941128453789845;-0.0591414295911083;0.04619911095280163;-0.0101967982053635;1.8289638167994056;1.3383832226250274;1.7912696506041539;5.60908702689866;4.164397186660728;0.017028653002957195;0.0014173483654816013;0.10604670133578076;0.058121749770572;0.0006266323730862495;0.078515346181299;30.0;53.718241049999996;86.83137257000001
-2.3946584979361756;1.3962565049903473;-0.941128453789845;-0.0509839910268175;0.045598427680879336;-0.0101967982053635;2.920234571584404;1.339375213547321;1.7939259626649313;5.60908702689866;4.164397186660728;0.019068012644029797;0.0015966353955497352;0.10808606097685336;0.058121749770572;0.0006245990901883829;0.078515346181299;30.0;53.71791098;86.83143418
-5.275626695017666;1.3674225086369025;-0.941128453789845;-0.0632201488732537;0.04909263883334463;-0.0010196798205363;5.60908702689866;1.3369769203496755;1.7875072855477023;5.60908702689866;4.164397186660728;0.019068012644029797;0.0015162860628527917;0.10808606097685336;0.058121749770572;0.0005938225808706755;0.078515346181299;30.0;53.717573429999995;86.83150879
-2.277311944085766;1.2948961264753425;-0.941128453789845;-0.0101967982053635;0.04937527465529448;-0.0010196798205363;3.08540183849622;1.2101942231664962;1.4645700577855592;5.60908702689866;3.9968495534197066;0.054756806362802;0.0020638861160282218;0.14377485469562556;0.058121749770572;0.0005347649548826419;0.078515346181299;30.0;53.71725169;86.83157616999999
-3.840913450220688;2.59136352246737;4.508160168384407;-0.0316100744366268;0.023815824708686276;-0.0010196798205363;4.505643655356902;1.1293320011391599;1.2753907687969797;5.60908702689866;3.780123210099254;0.054756806362802;0.0014852669459165864;0.1284796573875805;0.058121749770572;0.00217839691195806;0.1764046089527887;30.0;53.7169222;86.83163836
-3.247337488060234;2.5712672866112416;4.508160168384407;-0.0703579076170082;0.023345497179930553;-0.0010196798205363;4.143927200936787;1.237812464216394;1.5321796965694612;5.60908702689866;3.780123210099254;0.054756806362802;0.0016461389024665417;0.1284796573875805;0.058121749770572;0.002143773338975639;0.1764046089527887;30.0;53.71659420000001;86.83168924
-2.527246616065905;2.557757084275149;4.508160168384407;-0.0010196798205363;0.02379762699881085;-0.0010196798205363;3.516732048658473;1.1554650441614585;1.3350994682790414;5.60908702689866;3.576400802534481;0.054756806362802;0.0011978000234869571;0.10808606097685314;0.058121749770572;0.00212089890637464;0.1764046089527887;30.0;53.71623874000001;86.83170242
-1.6911598982082152;2.5675485968503695;4.508160168384407;-0.0336494340776996;0.023704966893256768;-0.0010196798205363;2.639235239291389;1.3175930827523443;1.7360515317168264;5.60908702689866;4.093234306053122;0.054756806362802;0.001102316596493393;0.10808606097685314;0.058121749770572;0.00213472754062888;0.1764046089527887;30.0;53.715919940000006;86.83169081999999
4.508160168384407;2.301884882432191;4.508160168384407;-0.0622004690527174;0.04711710355747309;-0.0010196798205363;4.81213762331325;1.0816140235014615;1.1698888958350202;4.81213762331325;3.296284902467712;0.054756806362802;0.0010864662320850238;0.10808606097685314;0.0316100744366268;0.0017232650196606072;0.1498929336188435;30.0;53.715619939999996;86.8316545
-1.5180140890139635;2.299630320311742;4.508160168384407;-0.0438462322830631;0.04722254080419601;-0.0010196798205363;2.032686224364179;1.1052652668246077;1.221611310048871;4.81213762331325;3.296284902467712;0.054756806362802;0.0008602172987224163;0.08973182420719883;0.0316100744366268;0.0017195132661317312;0.1498929336188435;30.0;53.715347740000006;86.8315999
-2.1700225561206072;2.165706170788485;4.508160168384407;-0.0642398286937901;0.05031109373656204;0.0040787192821454;2.465075444762759;1.0603428844377314;1.1243270325777281;4.81213762331325;3.296284902467712;0.054756806362802;0.0008313816503526717;0.08973182420719883;0.0214132762312633;0.0015376268687225766;0.13969613541348;30.0;53.7151074;86.83153876000002
-1.1955856820018091;2.197582021844669;4.508160168384407;-0.0479249515652085;0.050958216352897705;0.0040787192821454;1.5158527208455375;1.02646305162642;1.0536263963542223;4.81213762331325;3.3945476569139945;0.054756806362802;0.0007933529061535108;0.08973182420719883;0.0091771183848271;0.0015806492864024353;0.1274599775670438;30.0;53.714898995;86.83147371499999
-2.5186062026902394;2.3441398831782876;4.508160168384407;-0.171306209850107;0.04941942563500003;0.0040787192821454;2.758587577826013;0.9659719919008374;0.9331018891368714;4.81213762331325;3.3945476569139945;0.054756806362802;0.0007920821043423442;0.08973182420719883;0.0091771183848271;0.001783469255464627;0.1274599775670438;30.0;53.714718485000006;86.83140072500001
-2.198737806865595;2.5296513980545163;4.508160168384407;-0.0091771183848271;0.050342435122429835;0.0040787192821454;2.4319426949600818;0.9833653460935953;0.9670074038977765;4.81213762331325;3.3945476569139945;0.031304170490465966;0.0003774541315898939;0.06627918833486279;0.0091771183848271;0.0020705087263759507;0.1274599775670438;30.0;53.714564625;86.831326225
-1.4153743487878525;2.103362151831351;2.9667874438413024;0.0040787192821454;0.05306969126118042;0.0142755174875089;1.6876168974137333;0.5441005843154286;0.2960454458523909;3.0286260981659585;1.6110361317667032;0.031304170490465966;0.00033078104688886556;0.060161109411644764;0.0091771183848271;0.001385870026981808;0.0978892627714896;30.0;53.714439334999994;86.831249575
1.1779445020838728;2.430289596881306;3.957384578234045;-0.0135107576221065;0.05368232682044565;0.0142755174875089;1.4175899663992553;0.7848546830939722;0.6159968735745396;3.9768503874987835;2.5592604210995282;0.005812174977057216;0.00014868670009242845;0.034669113898236015;0.0091771183848271;0.0018446294808129558;0.1142041399000713;30.0;53.714338175;86.831171455
2.335704210518581;2.4718425786347917;3.957384578234045;-0.0214132762312633;0.05282815874059352;0.0142755174875089;2.465592102713692;0.8805615044936752;0.7753885631961648;3.9768503874987835;2.5592604210995282;0.01498929336188437;0.0001685574193215786;0.04384623228306317;0.0091771183848271;0.00188425539183388;0.1142041399000713;30.0;53.714281445000005;86.83111472499999
2.9667874438413024;2.3652209447109316;3.957384578234045;-0.0142755174875089;0.05250185657004102;0.0142755174875089;3.0286260981659585;0.9159116307444419;0.838894115332943;3.9768503874987835;2.7256289844602617;0.01498929336188437;0.00018764255197655267;0.04384623228306317;0.0091771183848271;0.00172727670992359;0.1142041399000713;30.0;53.714233975;86.83106469500001
1.813682862020514;2.0115668679778818;3.957384578234045;0.0142755174875089;0.018699555960843352;0.0142755174875089;1.8663735797614793;0.9098555982094727;0.8278372095931174;3.9768503874987835;2.7256289844602617;0.01498929336188437;0.0001917784342347129;0.04384623228306317;0.0035688793718772;0.001245920089341155;0.10859590088712141;0.0;53.714182095;86.831040975
3.957384578234045;1.5440681662470834;3.957384578234045;-0.0091771183848271;0.018947354266520926;0.0142755174875089;3.9768503874987835;0.9989215699169048;0.9978443028452537;3.9768503874987835;2.8760244686806686;0.01498929336188437;0.00014187058128707787;0.037728153359844696;-0.0101967982053635;0.0007330909066308045;0.09483022330988071;0.0;53.714106285;86.831036845
3.616112290222677;1.0353099945539872;3.957384578234045;-0.0132558376669725;0.020493355390212964;0.0142755174875089;3.617640063780182;0.9966060365245302;0.9932235920371331;3.9768503874987835;2.8760244686806686;0.01498929336188437;0.00016855741932157692;0.037728153359844696;-0.0520036708473539;0.00032468986275306975;0.05302335066789031;0.0;53.714007075;86.83104259500001
1.2503865490489274;1.0322293069309163;3.957384578234045;-0.037728153359845;0.021344648089087013;0.0142755174875089;1.2512214030385218;0.9878363275602795;0.9758206100477798;3.9768503874987835;2.8760244686806686;0.01498929336188437;0.00016992930764045012;0.037728153359844696;-0.0520036708473539;0.0003246898627530693;0.05302335066789031;0.0;53.713884789999994;86.83106111
2.3213960660604505;1.074621225176991;3.957384578234045;-0.0509839910268175;0.02232480498449661;0.0142755174875089;2.3332420645445247;0.9890433456840079;0.9782067396418159;3.9768503874987835;2.8760244686806686;0.01498929336188437;0.00017177774663851078;0.037728153359844696;-0.0520036708473539;0.0003512496206064515;0.05302335066789031;0.0;53.71373519;86.83108303
0.9881376960972506;1.1770855673133864;3.957384578234045;-0.0040787192821454;0.02312773302906626;0.0142755174875089;1.1008259188181146;0.958346300070448;0.9184276308587171;3.9768503874987835;2.8760244686806686;0.01498929336188437;0.00014648879059629515;0.037728153359844696;-0.0387478331803813;0.0004152171626830835;0.0662791883348629;0.0;53.713559399999994;86.8311146
1.5935833534469057;1.2284868510221558;3.957384578234045;-0.0489446313857448;0.020112952909146498;-0.0020393596410727;1.7240616137238036;0.9609896254750564;0.9235010602706891;3.9768503874987835;2.8760244686806686;0.01498929336188437;0.00015435620908179015;0.037728153359844696;-0.0387478331803813;0.0004558250569217256;0.0662791883348629;0.0;53.7133568;86.8311552
1.206283507466209;1.691674988673023;3.616112290222677;-0.040787192821454;0.01876629532181246;-0.0020393596410727;1.5133856966001802;0.8360091758445793;0.6989113420963329;3.617640063780182;2.5168141449620673;0.01498929336188437;0.00015389409933227498;0.037728153359844696;0.0173345569491179;0.0008661785144911589;0.11420413990007129;0.0;53.71312193999999;86.8312173
1.2342567628451588;1.9203157373059132;2.3213960660604505;-0.0020393596410727;0.01760765262463172;-0.0020393596410727;2.017238489019185;0.8557634973906583;0.7323311634662912;3.7106863923919855;2.609860473573871;0.00887121443866623;0.00019049319149387294;0.042826552462526646;0.0244723156928724;0.0011507572509863123;0.0999286224125624;0.0;53.71286211;86.83129539000001
0.1962720435435723;2.394875533093398;2.3213960660604505;-0.0418068726419904;0.0188951314490106;-0.0020393596410727;1.7503115693955331;1.1420529537974105;1.3042849492773902;4.6934788680973885;3.592652949279274;0.00887121443866623;0.00022284087395993288;0.042826552462526646;0.0438462322830631;0.0017954003515599196;0.1193025390027531;0.0;53.71257587;86.83138291
0.7062142328191605;2.4411682081945165;1.5935833534469057;-0.0489446313857448;0.022103257224471096;-0.0020393596410727;1.786214258242358;1.249974898261594;1.5624372462840819;4.6934788680973885;3.592652949279274;0.00887121443866623;0.00021674102526633308;0.042826552462526646;0.0438462322830631;0.001871821751385982;0.1080860609768532;0.0;53.71226951;86.83146311
-2.990282117414331;2.40040110922511;1.5935833534469057;-0.0316100744366268;0.046791836822278034;-0.0020393596410727;3.338138359970279;1.1404494661122906;1.3006249847558087;4.6934788680973885;3.1800931714972083;0.00887121443866623;0.0001867963134977529;0.042826552462526646;0.0438462322830631;0.0018133302098411036;0.1080860609768532;0.0;53.71195307000001;86.83153579
-3.3549585773007795;2.3250973653193987;1.2342567628451588;-0.037728153359845;0.04683083023205828;-0.0020393596410727;3.7106863923919855;1.1537563985372314;1.3311538271656027;4.6934788680973885;3.1800931714972083;0.01498929336188437;0.00025417191497705894;0.048944631385744786;0.0438462322830631;0.001681617378485553;0.1009483022330987;0.0;53.71162322;86.83158994
-4.431853041391843;2.2100491086045566;1.2342567628451588;-0.0560823901294993;0.048410754460240846;-0.0020393596410727;4.6934788680973885;1.1439157927639036;1.30854334093467;4.6934788680973885;3.0969597011999936;0.01498929336188437;0.00025722183932385783;0.048944631385744786;0.0438462322830631;0.0015245000636504085;0.1009483022330987;0.0;53.71128186999999;86.83161211000001
-3.767377468749851;2.0891965272905626;0.9596282135538914;-0.0744366268991536;0.04983999144806947;0.0091771183848271;4.012076735464366;1.1684812247597696;1.3653483726160909;4.6934788680973885;3.0969597011999936;0.01498929336188437;0.00025919735850303473;0.048944631385744786;0.0438462322830631;0.0013600929675166632;0.0948302233098806;0.0;53.71093082;86.83161178
-2.568221333948723;2.2544357125656447;1.582075594401176;-0.1784439685938615;0.05027204213176798;0.0091771183848271;2.8923827589534112;1.138777379997266;1.2968139211934377;4.6934788680973885;3.0969597011999936;0.01498929336188437;0.0002939480116665729;0.048944631385744786;0.0438462322830631;0.0015739920178234796;0.10604670133578051;0.0;53.71056857999999;86.8315849
0.9596282135538914;2.1502783455230934;1.582075594401176;-0.0469052717446721;0.054741286379199734;0.0173345569491179;1.5965191668973948;1.1794784656893962;1.391169451025012;4.6934788680973885;3.282397088721792;0.01498929336188437;0.000255130792707302;0.048944631385744786;0.0438462322830631;0.0014364681563677768;0.10604670133578051;0.0;53.71019851;86.83154507
-0.0016799883094720247;2.1170836351998634;1.582075594401176;-0.0152951973080452;0.058204577007915606;0.0183542367696543;1.5996986822909194;1.2758352957112484;1.627755701782609;4.6934788680973885;3.7395866479565014;0.01498929336188437;0.0003039411349998371;0.048944631385744786;0.0438462322830631;0.001394658776780396;0.10604670133578051;0.0;53.70982924;86.83149324
0.14460101655358448;2.018028148098131;1.582075594401176;0.0091771183848271;0.05981397365553332;0.0183542367696543;1.7188601073673067;1.3207362831611664;1.7443443296583725;4.6934788680973885;4.105789015825295;0.01498929336188437;0.00024533406601758115;0.04588559192413577;0.0438462322830631;0.001268595237112669;0.10604670133578051;0.0;53.70945317;86.83143973000001
1.582075594401176;1.6208976649393847;1.582075594401176;-0.0295707147955541;0.05950413989382271;0.0183542367696543;2.1446560538856296;0.9823565913443619;0.9650244725577137;4.012076735464366;3.424386883192273;0.016008973182420783;0.0002442712135936971;0.03874783318038111;0.0316100744366268;0.0008096162811505035;0.0938105434893442;0.0;53.70906859;86.83140075
-0.7398781692265464;1.602407253866526;1.582075594401176;0.0173345569491179;0.06058937245752396;0.0183542367696543;1.411081779375596;0.9054120013231907;0.8197708921400655;3.6888519524343795;3.101162100162286;0.016008973182420783;0.0002097516153049165;0.03874783318038111;0.0295707147955541;0.0007846161437017349;0.0917711838482715;0.0;53.70869139;86.83137683
-0.2288349908054086;2.2668557668425597;1.582075594401176;0.0183542367696543;0.033870198425123586;0.0183542367696543;0.9538922201408869;1.5690769817743346;2.462002574734056;5.91850441756038;5.330814565288287;0.016008973182420783;0.00019904222185990346;0.03874783318038111;0.0683185479759355;0.001572848296193431;0.1305190170286529;0.0;53.7083104;86.83136704
0.18709994211528436;2.1702478534955367;1.582075594401176;0.0040787192821454;0.033870198425123586;0.0183542367696543;0.5876898522720934;1.5676559827089473;2.4575452801231554;5.91850441756038;5.330814565288287;0.024166411746711636;0.00024260761849544314;0.04690527174467196;0.0683185479759355;0.0014480786638243455;0.1305190170286529;0.0;53.70791631000001;86.83136719000001
-1.5255355336139134;2.144833168694827;1.582075594401176;-0.0458855919241358;0.03544880717376012;0.0183542367696543;1.526904835351488;1.591525905508563;2.5329547079048518;5.91850441756038;5.330814565288287;0.024166411746711636;0.00018656525862299729;0.04384623228306317;0.0683185479759355;0.0014111098838631346;0.1305190170286529;0.0;53.707517429999996;86.83138047
-3.68177346830511;2.13400870497008;1.582075594401176;-0.087182624655858;0.033636084610486804;0.0183542367696543;3.6888519524343795;1.620371480565149;2.6256037350288928;5.91850441756038;5.330814565288287;0.024166411746711636;0.00017907908068085152;0.04384623228306317;0.0683185479759355;0.0013957562874354942;0.1305190170286529;30.0;53.7071203;86.83139806
-5.8947115533699055;1.9886191687946329;0.39653223536912163;-0.0163148771285816;0.033757451480972984;0.0183542367696543;5.91850441756038;1.660928004617065;2.758681836521225;5.91850441756038;5.330814565288287;0.024166411746711636;0.00017548906556430572;0.04384623228306317;0.0683185479759355;0.0012164577046236231;0.1101254206179259;0.0;53.70672752;86.83142000000001
-1.4020101651252919;1.9996903940772381;0.39653223536912163;-0.0469052717446721;0.052441275003692514;0.1050270215152442;1.6366269377831029;1.6610647583901095;2.7591361315655925;5.91850441756038;5.330814565288287;0.025695931477516032;0.00017420382282346713;0.04027735291118595;0.0683185479759355;0.001228102870311404;0.1101254206179259;0.0;53.70630291;86.83144595
-0.5437042578821161;1.9531687512080844;0.39653223536912163;-0.0530233506678902;0.05778787929191577;0.1050270215152442;1.1339347798877117;1.635633757357789;2.675297788208359;5.91850441756038;5.330814565288287;0.025695931477516032;0.00019083977380601213;0.04027735291118595;0.0683185479759355;0.001173308206762647;0.1101254206179259;0.0;53.70588968;86.83149608
-0.01801440364416851;1.8524349057295029;0.39653223536912163;-0.0316100744366268;0.058591157996611895;0.1050270215152442;1.0718599239846696;1.5561313950215783;2.421544918571803;5.91850441756038;5.089986694921661;0.025695931477516032;0.00015323559293921768;0.02906087488528608;0.0683185479759355;0.0010515769459966233;0.1101254206179259;0.0;53.705503410000006;86.83158596999999
0.39653223536912163;1.878452068441299;0.39653223536912163;-0.0173345569491179;0.0572804628665463;0.1050270215152442;0.8285177226387184;1.5866028025138534;2.5173084529448135;5.91850441756038;5.089986694921661;0.025695931477516032;0.00015730215873495054;0.02906087488528608;0.0683185479759355;0.0010815216577652039;0.1101254206179259;0.0;53.705153870000004;86.83170747
-2.3577081255476346;1.811225073829458;0.39653223536912163;0.1050270215152442;0.04980752934343387;0.1050270215152442;2.4481394229156748;1.5319724503513121;2.3469395886354034;5.91850441756038;5.089986694921661;0.025695931477516032;0.00018922238968270785;0.038237993270113124;0.0683185479759355;0.001005550814944917;0.1101254206179259;30.0;53.70482966000001;86.83187734
-1.2274873042594066;1.185993155479117;0.39653223536912163;0.0652595085143265;0.049554527632935844;0.1050270215152442;1.4150648332203886;0.8611051831438276;0.7415021364371649;3.096197069074811;2.2676793464360925;0.025695931477516032;0.0004204736610838186;0.06678902824513111;0.0173345569491179;0.0004336899999199425;0.0591414295911083;30.0;53.704544920000004;86.83209692
-2.179005904978806;1.338034333649502;0.5483195690552285;0.0214132762312633;0.05197544982672591;0.1050270215152442;2.308177842856926;0.879836567852124;0.7741123861298054;3.096197069074811;2.2676793464360925;0.06291424492709285;0.0007488488490892702;0.10400734169470793;0.0173345569491179;0.0005336096805088521;0.0591414295911083;30.0;53.70430795;86.83237706999999
-0.8320575847864771;1.3503878212438736;0.5483195690552285;-0.003059039461609;0.048602242328314754;0.1050270215152442;1.042113260222031;0.8742277248659155;0.7642741149242349;3.096197069074811;2.2676793464360925;0.06291424492709285;0.0007676913741257496;0.10400734169470793;0.0173345569491179;0.0005413153605820168;0.0591414295911083;0.0;53.704109630000005;86.83272147
-2.980786269627374;1.2816356146251469;0.5483195690552285;-0.0050983991026817;0.04766038214791571;0.1050270215152442;3.0839835103702717;0.868897447121175;0.7549827736136951;3.096197069074811;2.2676793464360925;0.06291424492709285;0.0007676913741257496;0.10400734169470793;0.0173345569491179;0.00048470691626641333;0.0591414295911083;0.0;53.703943800000005;86.83314444
-2.9537891390259183;1.1021542593317883;0.5483195690552285;0.0163148771285816;0.04846024696656985;0.1050270215152442;3.096197069074811;0.7865653028716366;0.6186849756815495;3.096197069074811;2.0540838088527797;0.06291424492709285;0.0008478818565962977;0.10400734169470793;0.0173345569491179;0.00035167707212474455;0.0591414295911083;0.0;53.70381144;86.83364696
0.5483195690552285;1.311989114682141;0.7826043158367169;-0.0652595085143265;0.034213090305693854;0.0652595085143265;1.2239069723026084;0.8396711422481493;0.7050476271243118;3.096197069074811;2.2042650670998514;0.06291424492709285;0.0008059656141293407;0.10400734169470793;0.0173345569491179;0.0005053632220697399;0.0652595085143264;30.0;53.70374223;86.83421519000001
-2.2317108919548425;1.3438767555990632;0.7826043158367169;-0.0132558376669725;0.024278945538912914;0.0214132762312633;2.4626813804980463;0.9440896632757942;0.8913052923042026;3.096197069074811;2.651647989567122;0.06291424492709285;0.0007888791061410186;0.10400734169470793;0.0173345569491179;0.0005335057058152114;0.0652595085143264;0.0;53.703693009999995;86.83482389000001
-0.8334594220223273;1.5225106387592262;0.7826043158367169;-0.0193739165901906;0.021514197123250783;0.0163148771285816;1.1239435994530136;1.1141363627846566;1.241299834879024;3.6550434752153467;3.210494395707658;0.06291424492709285;0.0007377697678446457;0.10400734169470793;0.029060874885286;0.0006894937399499781;0.0769858264504945;0.0;53.70365475999999;86.83545380000001
-1.6570494716170427;1.5819948185022177;0.7826043158367169;-0.0285510349750178;0.02114241350678583;0.0163148771285816;1.7715545650076963;1.1253813732745648;1.266483235313345;3.6550434752153467;3.210494395707658;0.06291424492709285;0.000770570895502416;0.10400734169470793;0.029060874885286;0.0007442970680565377;0.0769858264504945;0.0;53.70362553;86.83609017
0.7826043158367169;1.5119606187098205;0.7826043158367169;-0.0020393596410727;0.021319262002272518;0.0163148771285816;0.8919320019749593;1.0715617466040472;1.1482445767851164;3.6550434752153467;3.210494395707658;0.06291424492709285;0.0007632926669475528;0.10400734169470793;0.029060874885286;0.0006792320153248079;0.0769858264504945;0.0;53.703597820000006;86.83673318
-0.4394150395297174;1.501889850924093;0.7826043158367169;-0.0091771183848271;0.017769056658757873;-0.0020393596410727;0.44454907950768857;1.0453104458665188;1.09267392823766;3.6550434752153467;3.210494395707658;0.06291424492709285;0.000649382613692072;0.08667278474558981;0.029060874885286;0.0006681413813364448;0.0769858264504945;0.0;53.70357271;86.83738391
-3.652030682794673;1.7409337928205981;0.7826043158367169;-0.0183542367696543;0.013063690852200627;0.0142755174875089;3.6550434752153467;1.4727447931619662;2.1689772257856825;5.363970068151451;4.919420988643762;0.013969613541347958;0.00013343707835842723;0.03772815335984492;0.0591414295911083;0.0009346285211380809;0.1070663811563168;0.0;53.70354813;86.83803261
-3.000994551559547;1.857578788888235;0.7826043158367169;-0.0127459977567043;0.014038970630147203;0.0142755174875089;3.029866560307864;1.591959781663331;2.5343359464335604;5.363970068151451;4.919420988643762;0.013969613541347958;0.00014466634527164534;0.03772815335984492;0.0591414295911083;0.001060972214841451;0.1070663811563168;0.0;53.703530380000004;86.8387291
-1.7087140575610615;1.8340582703388288;0.7826043158367169;-0.0316100744366268;0.013969675565530224;0.0142755174875089;1.7095486017759824;1.5602396681254442;2.4343478219921963;5.363970068151451;4.919420988643762;0.036402569593147804;0.00035069797709296743;0.060161109411644764;0.0591414295911083;0.0010270071482520883;0.1070663811563168;0.0;53.70351900000001;86.83942428
-2.8558878376530674;1.8217355660014527;0.7826043158367169;-0.0122361578464362;0.014214794270808967;0.0142755174875089;2.857556827529667;1.530358737409203;2.3419978651646898;5.363970068151451;4.919420988643762;0.036402569593147804;0.00032061463239953215;0.060161109411644764;0.0591414295911083;0.0010126817460171186;0.1070663811563168;30.0;53.703512260000004;86.84012154000001
-5.332408984206936;1.4254619193622402;-0.4394150395297174;0.0142755174875089;0.013647572045166353;0.0142755174875089;5.363970068151451;1.4390149070358944;2.0707639026715237;5.363970068151451;4.919420988643762;0.036402569593147804;0.00028950020532749176;0.060161109411644764;0.0591414295911083;0.0006271666874841199;0.0866727847455897;30.0;53.70351805;86.84082364999999
-4.132057113830881;1.053094729126063;-1.7087140575610615;-0.0295707147955541;0.013647572045166353;0.0142755174875089;4.233462594647328;1.0652302070668838;1.134715394047756;5.363970068151451;3.654421466375468;0.036402569593147804;0.00033160995625205846;0.06220046905271759;0.0591414295911083;0.0003453230630689077;0.06423982869379;30.0;53.70354043;86.84153211
-3.7575899314152683;1.1082444726004985;-1.7087140575610615;-0.0122361578464362;0.014391981881465024;0.0142755174875089;3.830514337758091;1.126623698667011;1.2692809583981364;5.363970068151451;3.654421466375468;0.036402569593147804;0.00034408691948896713;0.06220046905271759;0.0591414295911083;0.0003843374007182058;0.06423982869379;30.0;53.70357978;86.84223194
-3.4458922584685343;1.0883914429143553;-1.7087140575610615;-0.0305903946160905;0.014480510592807947;0.0142755174875089;3.4643208978559343;1.1187739237481475;1.2516550924588257;5.363970068151451;3.654421466375468;0.036402569593147804;0.0003432349046382986;0.06220046905271759;0.0591414295911083;0.000369948458392678;0.06423982869379;30.0;53.703643109999994;86.84293783
-4.752132497937697;0.8560341970902197;-2.854196469692669;-0.0214132762312633;0.015468785229773756;0.0142755174875089;4.75991310601013;0.8225263492945337;0.6765495952837932;5.363970068151451;2.5064132406217836;0.036402569593147804;0.000386811854017576;0.06220046905271759;0.0591414295911083;0.0002293515671027002;0.0438462322830631;30.0;53.70375461;86.84370725
-4.589541169770129;0.73445922206774;-2.854196469692669;-0.0091771183848271;0.01631921373202465;0.0142755174875089;4.632275967108115;0.6785128430955669;0.46037967824562936;5.363970068151451;2.07774002492982;0.036402569593147804;0.00035386342887714733;0.06220046905271759;0.0591414295911083;0.00017092934202024934;0.0438462322830631;30.0;53.70388804;86.84446532
-4.825177005342986;1.1128548603409316;-1.2522244488748786;-0.0015295197308045;0.01355839763921428;0.0112164780258998;4.929789460838682;0.8692705290731859;0.7556312527151765;4.929789460838682;2.6540803995953812;0.036402569593147804;0.00035386342887714733;0.06220046905271759;0.0502192311614152;0.00038378286901878775;0.0634750688283877;30.0;53.70404298999999;86.84522187
-4.5913189584973555;1.286928321821676;-1.2522244488748786;-0.020393596410727;0.023337144929853587;0.0112164780258998;4.823262920856721;0.9784399569841699;0.9573447494231841;4.929789460838682;2.6540803995953812;0.036402569593147804;0.0004041409696243933;0.06220046905271759;0.0502192311614152;0.0005115157801566394;0.0634750688283877;30.0;53.70421104;86.84592752
-2.854196469692669;1.2936031978500255;-1.2522244488748786;0.0112164780258998;0.023210567295322043;0.0112164780258998;3.286230043221631;0.979269695386325;0.9589691363020258;4.929789460838682;2.6540803995953812;0.018048332823493385;0.00021720313501584997;0.04384623228306317;0.0502192311614152;0.0005175982997346326;0.0634750688283877;30.0;53.70439952;86.84668944
-4.392327140799569;1.3733512396705632;-1.2522244488748786;-0.0275313551544814;0.05884339410951634;0.0112164780258998;4.720988161635805;1.0251306598922616;1.0508928698511437;4.929789460838682;2.6540803995953812;0.018048332823493385;0.00025417191497706094;0.04384623228306317;0.0502192311614152;0.0005830965803565337;0.0634750688283877;0.0;53.704589680000005;86.84744792
-1.2522244488748786;1.4962217252576968;-0.898547676395977;-0.0071377587437544;0.08149307167724593;0.0112164780258998;2.275709061243301;1.134873690600167;1.2879382936164439;4.929789460838682;2.980171118567087;0.018048332823493385;0.00030305446191795856;0.04384623228306317;0.0502192311614152;0.0006955625406447791;0.0695931477516058;0.0;53.704763279999995;86.84818984
-1.7627122071495605;1.8193865007218215;0.8235604596442787;-0.07545630671969;0.08058195004310363;0.0112164780258998;2.651843869897806;1.2044882882967916;1.4507920366441347;4.929789460838682;3.1717824508936636;0.018048332823493385;0.0002606327869124693;0.04384623228306317;0.0502192311614152;0.0010252662941800886;0.10018354236769639;0.0;53.704902100000005;86.8488893
-3.1658730769410424;2.1416155819868075;2.1617944347060254;-0.0224329560517997;0.08080788340361308;0.0112164780258998;3.775098676272151;1.0766249934987007;1.159121376626077;4.823262920856721;3.0652559109117026;0.019068012644029797;0.0002943205876521225;0.04486591210359958;0.0448659121035994;0.0013844923622910645;0.116243499541144;0.0;53.70499883;86.84954411
-2.1119896009603467;2.264081010824547;2.3762391858487364;-0.1906801264402977;0.08291879100562363;0.0112164780258998;2.8933962863901135;0.8852738247692197;0.783709744821523;4.720988161635805;2.9629811516907867;0.019068012644029797;0.00028202846831502015;0.04486591210359958;0.0418068726419904;0.001556339425392006;0.1182828591822167;30.0;53.705049380000005;86.8501425
-0.898547676395977;2.307387504362103;2.3762391858487364;-0.2171918017742428;0.08086190632453433;0.0071377587437544;1.9496183422715951;0.9352015212363016;0.8746018853226927;4.720988161635805;2.9878962642206437;0.019068012644029797;0.0002624812259105299;0.04486591210359958;0.0418068726419904;0.0016265801073183078;0.1182828591822167;30.0;53.70503473;86.85061169000001
0.8235604596442787;2.0626667335617546;2.3762391858487364;-0.0963597430406852;0.08313196442191867;0.0071377587437544;1.7580070099450187;0.6084008413325105;0.3701515837341066;3.775098676272151;2.0420067788569893;0.019068012644029797;0.0002636596057717935;0.04486591210359958;0.020393596410727;0.0012973269107887787;0.0968695829509533;0.0;53.70497805;86.85103117
2.1617944347060254;2.1285723375389054;2.3762391858487364;0.0010196798205363;0.08859435698275547;0.0469052717446721;2.5455966665119263;0.6077393477695796;0.36934711482739396;3.775098676272151;2.0420067788569893;0.019068012644029797;0.00024180181461972789;0.04486591210359958;0.020393596410727;0.0013854165817901018;0.0968695829509533;0.0;53.70487921;86.85139825
2.3762391858487364;2.0085461651014267;2.3762391858487364;0.0071377587437544;0.08979271718415482;0.0469052717446721;2.6501629828411546;0.7002940675835807;0.4904117810927566;3.775098676272151;2.4600114238057595;0.019068012644029797;0.00019993467131365717;0.04486591210359958;0.020393596410727;0.001232955022681323;0.0968695829509533;0.0;53.70474048999999;86.85171265
1.4834744176009336;1.5484850166427677;2.3762391858487364;-0.0132558376669725;0.09040817661692578;0.0469052717446721;1.7330918974151617;0.48799266596915664;0.23813684203968488;2.8933962863901135;1.578309033923722;0.019068012644029797;0.00021700673837230688;0.04486591210359958;0.0020393596410727;0.000726898635987305;0.078515346181299;0.0;53.704556649999994;86.85191025
2.2643632072910957;1.1009958847691321;2.8893480275564913;0.0050983991026817;0.07684567109645697;0.0469052717446721;2.324740792872779;0.5216884326556767;0.2721588207667365;3.087185238129404;1.7720979856630126;0.019068012644029797;0.00015711731483514528;0.040787192821454155;-0.0193739165901906;0.0003586549293424366;0.0652595085143265;0.0;53.70434456;86.85204376
2.2917236907695564;0.658153581877819;2.8893480275564913;0.0469052717446721;0.03790568205893842;0.0469052717446721;2.296946266742176;0.5984295149029862;0.3581178843070234;3.2100933699968524;1.8950061175304609;0.019068012644029797;0.0001340118273593882;0.040787192821454155;-0.0499643112062812;0.00012356814702035204;0.034669113898235904;0.0;53.704119430000006;86.85212327
1.3051968461038603;0.6215186294204238;3.4149861517960165;-0.0020393596410727;0.018310438990285244;0.0469052717446721;1.3150872524663915;0.7592529828026963;0.5764650918947913;4.011402589036531;2.6963153365701396;0.019068012644029797;0.0001495387149430961;0.040787192821454155;-0.058121749770572;0.00010711992812354867;0.0351789538085041;0.0;53.70387841;86.85216385
2.35797965424357;0.6324290665850885;3.4149861517960165;-0.0071377587437544;0.018030449161621616;0.0469052717446721;2.4390750033063764;0.8584622094193137;0.7369573650010897;4.011402589036531;2.6963153365701396;0.016008973182420783;0.00027684995093451713;0.05608239012949967;-0.058121749770572;0.00011647765055123037;0.0351789538085041;0.0;53.70364979;86.85218099
2.8893480275564913;0.6712111876289594;3.4149861517960165;0.023452635872336;0.018299473166516755;0.0469052717446721;3.087185238129404;0.9472283109516961;0.8972414730684031;4.011402589036531;2.6963153365701396;0.018048332823493385;0.0003241815420286043;0.05812174977057227;-0.058121749770572;0.0001276607064894968;0.0351789538085041;0.0;53.7034271;86.85218358
2.7574222362964864;0.5928510659298498;3.4149861517960165;0.0244723156928724;0.016943688207477218;0.0469052717446721;3.2100933699968524;0.8666985240513742;0.7511663315928303;4.011402589036531;2.6963153365701396;0.018048332823493385;0.0002769885838593713;0.05812174977057227;-0.058121749770572;0.00010189808795402845;0.0351789538085041;0.0;53.703206460000004;86.8521703
3.4149861517960165;0.5857731334747495;3.4149861517960165;0.023452635872336;0.01676547474211529;0.0469052717446721;4.011402589036531;0.8408983588447828;0.7071100499078491;4.011402589036531;2.6963153365701396;0.018048332823493385;0.0002832270654778254;0.05812174977057227;-0.058121749770572;9.912542945693777e-05;0.0351789538085041;0.0;53.70298954;86.8521377
2.7635135135986033;0.7726704199588457;3.4149861517960165;0.0076475986540226;0.012289033905375658;0.0244723156928724;3.8300634503826707;0.8406180621952499;0.706638726488897;4.011402589036531;2.6963153365701396;0.018048332823493385;0.0002836227469508476;0.05812174977057227;-0.0520036708473539;0.00017618223018858536;0.04129703273172221;0.0;53.70277393;86.85209617000001
3.103216560464478;0.6977994270268377;3.4149861517960165;0.0010196798205363;0.011661361264387549;0.0244723156928724;3.9609861269188467;0.5986853812712821;0.35842418574794044;4.011402589036531;1.7115523218072592;0.018048332823493385;0.0003206608433744854;0.05812174977057227;-0.0520036708473539;0.00014085393983815378;0.04129703273172221;0.0;53.70256031;86.85204639
2.1311698466375937;0.7024976941789928;3.4149861517960165;-0.0020393596410727;0.010863831277507851;0.0244723156928724;2.949304644771773;0.5427907782394964;0.29462182894183814;4.011402589036531;1.7115523218072592;0.018048332823493385;0.000303608993617377;0.05812174977057227;-0.0520036708473539;0.00014263306237378696;0.04129703273172221;0.0;53.70233030000001;86.85199302
2.509055183357546;0.780725947272562;3.5916129219359005;0.0132558376669725;0.010207555817722367;0.0244723156928724;3.185950879138457;0.6119265154380404;0.37445406029614237;4.170823620575032;1.87097335334576;0.0211073722851024;0.000346700727759663;0.06118078923218129;-0.0520036708473539;0.00017109902294391936;0.0438462322830631;0.0;53.7021017;86.85194106
0.9618269336617362;0.8769399288322312;3.794529786674026;0.020393596410727;0.012728537943534545;0.037728153359845;2.2998502672292718;0.6868729795557653;0.47179449004381485;4.366473835045713;2.066623567816441;0.0211073722851024;0.0003797415748499952;0.06118078923218129;-0.0520036708473539;0.00021305858819989365;0.0479249515652085;0.0;53.70187659;86.85189003
1.8861915991844929;0.891564556235452;3.794529786674026;0.0056082390129499;0.016613446380617215;0.0469052717446721;2.8398893128723874;0.6959987621553723;0.48441427692181044;4.366473835045713;2.066623567816441;0.0211073722851024;0.0003512756142798628;0.06118078923218129;-0.0520036708473539;0.00022407701753989536;0.0479249515652085;0.0;53.701672329999994;86.85185217
2.2019276391403855;1.0927512960232166;4.639028519616297;-0.0020393596410727;0.017052432321177046;0.0469052717446721;3.0583246516231193;0.8506267908097236;0.7235659372432492;5.03318120244627;2.7333309352169985;0.0211073722851024;0.0001684418918841985;0.041806872641990345;-0.0520036708473539;0.00034636281000533756;0.06423982869379011;0.0;53.701469499999995;86.85182598
3.5916129219359005;1.1135701627054537;4.639028519616297;0.0163148771285816;0.01694027870593702;0.0469052717446721;4.170823620575032;0.8549434547573955;0.7309283108325109;5.03318120244627;2.7333309352169985;0.024166411746711636;0.00019318786897073436;0.04486591210359958;-0.0520036708473539;0.00035679493760064194;0.06423982869379011;0.0;53.70127265;86.85181089
3.794529786674026;1.09494430485072;4.639028519616297;0.037728153359845;0.017822209075454634;0.0469052717446721;4.366473835045713;0.8303431970569095;0.6894698248986896;5.03318120244627;2.7333309352169985;0.024166411746711636;0.00019988846033870388;0.04486591210359958;-0.0520036708473539;0.0003479224304099519;0.06423982869379011;0.0;53.70108007;86.85180519
3.5533067432152423;1.1247769413345814;4.639028519616297;0.0469052717446721;0.01816124537900463;0.0469052717446721;4.108050443713228;0.8410270429633999;0.7073264869957606;5.03318120244627;2.7333309352169985;0.04048128887529323;0.0003168946489159356;0.061180789232181176;-0.0520036708473539;0.0003585971656237519;0.06423982869379011;0.0;53.70088955;86.85181435000001
4.639028519616297;0.8133561206499871;4.639028519616297;0.0295707147955541;0.021318923316899975;0.0540430304884266;5.03318120244627;0.6456977459450871;0.41692557911856626;5.03318120244627;2.193291889573883;0.04048128887529323;0.00039867363365044006;0.06322014887325356;-0.0693382277964719;0.00018323806842649828;0.0469052717446721;0.0;53.70070287;86.85182735000001
3.547021968994267;0.8372578583606498;4.639028519616297;0.0346691138982359;0.020641416551169082;0.0540430304884266;4.043628591341528;0.7123647029571786;0.5074634700192693;5.03318120244627;2.507410335995447;0.04048128887529323;0.0003288026395237517;0.06322014887325356;-0.0662791883348628;0.00020101774103909316;0.0499643112062812;0.0;53.7005173;86.85184914
3.49769739658345;0.917302339148846;4.639028519616297;-0.0076475986540226;0.023254823640612883;0.0540430304884266;4.0206448660422724;0.8314690710120548;0.6913408160496495;5.03318120244627;2.6570984998274563;0.04048128887529323;0.00032427396397850366;0.06322014887325356;-0.0652595085143265;0.0002446409013933213;0.0509839910268175;0.0;53.700349849999995;86.85187625
4.065884771420987;0.983447634239293;4.639028519616297;0.0071377587437544;0.026575274568099952;0.0540430304884266;4.493074334849848;0.9141731017728052;0.8357124600049116;5.03318120244627;2.6570984998274563;0.04048128887529323;0.00033065107852181286;0.06322014887325356;-0.0652595085143265;0.00028900343734677324;0.0509839910268175;0.0;53.700181029999996;86.85191223000001
3.3466394734866123;0.9934937933564967;4.639028519616297;0.0540430304884266;0.026099344138477972;0.0540430304884266;3.821552085981021;0.9379333868481663;0.8797190381644721;5.03318120244627;2.6570984998274563;0.04048128887529323;0.00032519818347753423;0.06322014887325356;-0.0652595085143265;0.00029787594453746323;0.0509839910268175;0.0;53.700007240000005;86.8519586
1.773602827764809;1.024023686633931;4.639028519616297;0.0316100744366268;0.02564252036698043;0.0540430304884266;2.525770866450823;0.9818075709311412;0.9639461063377078;5.03318120244627;2.6570984998274563;0.04048128887529323;0.0003902632362092652;0.06322014887325356;-0.0652595085143265;0.0003100756419246623;0.0509839910268175;0.0;53.699825759999996;86.85201776
1.7511617100887191;1.2670661782776553;4.065884771420987;-0.0173345569491179;0.025803698040956627;0.0540430304884266;2.376082702618814;1.0581823896708045;1.1197499698094144;4.493074334849848;3.4616056520929375;0.04048128887529323;0.0005240902196688473;0.07137758743754463;-0.0305903946160905;0.00046146279586581796;0.07137758743754459;0.0;53.69963511000001;86.85208823
2.1784567508186274;1.2256927457598805;4.065884771420987;-0.0173345569491179;0.024032641769715604;0.0540430304884266;2.62562241171352;0.9969761450981262;0.9939614338947198;4.493074334849848;3.4616056520929375;0.04048128887529323;0.0004651250156307162;0.07137758743754463;-0.0305903946160905;0.00043841507210875044;0.07137758743754459;0.0;53.69943324;86.85216027999999
2.366969338941688;1.1862200836237748;4.065884771420987;0.0061180789232181;0.023817340556897323;0.0540430304884266;2.711529263743468;0.9255849547563636;0.8567075084713396;4.493074334849848;3.4616056520929375;0.04048128887529323;0.000525014439167877;0.07137758743754463;-0.0305903946160905;0.0003999097772304017;0.07137758743754459;0.0;53.69922545000001;86.85224433
2.0687755809410184;1.0173537391796954;3.3466394734866123;-0.0163148771285816;0.02382170566081505;0.0540430304884266;2.4250627225412225;0.7254588391618374;0.5262905273180407;3.821552085981021;2.79008340322411;0.026205771387784238;0.0003560555620014069;0.05710206995003564;-0.0305903946160905;0.0003117970007416035;0.06525950851432649;0.0;53.69901198;86.85233037999998
-0.3005019320442277;0.965475334370844;3.0262289135406624;-0.014785357397777;0.016729604238587555;0.0316100744366268;1.031468682756911;0.6157062150483247;0.3790941432491338;3.1530620123843924;2.1215933296274816;0.026205771387784238;0.0003072567724526107;0.05710206995003564;-0.0305903946160905;0.0002656668949962552;0.057102069950035694;30.0;53.69879848000001;86.85242152
3.019735436051117;0.9854730933849648;3.0262289135406624;0.0142755174875089;0.013710070342679079;0.0142755174875089;3.152397652984521;0.6356189253007481;0.4040114182004781;3.1530620123843924;2.1215933296274816;0.026205771387784238;0.00030269343867614883;0.05710206995003564;-0.0305903946160905;0.0002793915545568548;0.057102069950035694;0.0;53.698584800000006;86.85251504
3.0262289135406624;0.9731122705433125;3.0262289135406624;0.0132558376669725;0.014172469467692647;0.0142755174875089;3.1530620123843924;0.633622415975595;0.4014773660267499;3.1530620123843924;2.1215933296274816;0.026205771387784238;0.00030417218987459734;0.05710206995003564;-0.0305903946160905;0.0002720093513083508;0.057102069950035694;0.0;53.698373530000005;86.85261096999999
2.1186184062273083;1.1257636972787846;4.048494196789164;0.0040787192821454;0.0130919591460213;0.0142755174875089;2.32445035861728;0.7923713013129181;0.6278522791443272;4.096706796338269;3.0652381135813584;0.026205771387784238;0.00025245344434605054;0.05710206995003564;-0.0305903946160905;0.00037256443280284405;0.07545630671968999;0.0;53.69816744999999;86.85270441
2.885700665014899;1.3402382096447027;4.744702735229347;-0.0010196798205363;0.014888043173663271;0.0142755174875089;3.051722291252483;1.0231580965090543;1.0468524904520313;4.792892061500836;3.761423378743925;0.038951769144488835;0.00039557749832869177;0.06984806770674024;-0.0305903946160905;0.0005023161859088908;0.08310390537371269;0.0;53.697967670000004;86.85279390999999
2.840045730608969;1.5613732881660525;5.361730560386005;-0.020393596410727;0.014453359486785194;0.0142755174875089;3.0383927405142397;1.2604206999576064;1.5886603408816227;5.408493909307606;4.377025226550695;0.038951769144488835;0.0004008917604481157;0.06984806770674024;-0.0305903946160905;0.000679535274847945;0.0948302233098807;0.0;53.69777938;86.8528693
2.2857874506901394;1.3239044018240633;5.943401708180381;0.0142755174875089;0.013658889362718715;0.0142755174875089;2.4376596481911825;1.2635318883361248;1.5965128328422535;5.974589784695683;3.6501394260784026;0.038951769144488835;0.0002724830138015987;0.04435607219333171;-0.0723972672580809;0.0004686052796817659;0.062200469052717505;0.0;53.69760381;86.85293181
4.048494196789164;1.4056918784658559;5.943401708180381;-0.0020393596410727;0.01383254965552875;0.0158050372183134;4.096706796338269;1.337850860205468;1.7898449241525105;5.974589784695683;3.6501394260784026;0.038951769144488835;0.000256401594518472;0.04435607219333171;-0.0723972672580809;0.0005451999706638999;0.062200469052717505;0.0;53.6974419;86.85299006
4.744702735229347;1.4867516703411032;5.943401708180381;-0.0244723156928724;0.01590331896478091;0.0158050372183134;4.792892061500836;1.4136800470558066;1.9984912754437079;5.974589784695683;3.6501394260784026;0.038951769144488835;0.00025398707107725585;0.04435607219333171;-0.0723972672580809;0.0006063139850372774;0.062200469052717505;0.0;53.697289839999996;86.85303768
5.361730560386005;1.3771172369053406;5.943401708180381;0.0071377587437544;0.01841401414392462;0.0265116753339451;5.408493909307606;1.3250914584702493;1.7558673733108123;5.974589784695683;3.5369301365045;0.038951769144488835;0.00022237876421041936;0.039767513000917964;-0.0744366268991536;0.0005310363068412627;0.060161109411644806;0.0;53.697147810000004;86.85308509
5.943401708180381;1.2952142614523299;5.943401708180381;0.0040787192821454;0.01905229898017728;0.0265116753339451;5.974589784695683;1.2514774029043951;1.5661956899803295;5.974589784695683;3.5369301365045;0.038951769144488835;0.0002486843617015678;0.039767513000917964;-0.0744366268991536;0.00047114688330410226;0.060161109411644806;0.0;53.69700951;86.85312855000001
5.3346039642807614;1.276081456884647;5.943401708180381;0.0158050372183134;0.018539300929258647;0.0265116753339451;5.346195564757446;1.2492009972432876;1.5605031315136242;5.974589784695683;3.5369301365045;0.038951769144488835;0.00033703974580886125;0.05455287039869494;-0.0744366268991536;0.00045021331165106686;0.060161109411644806;0.0;53.696874949999994;86.85317318999999
5.740490005781743;1.1566476416965408;5.943401708180381;-0.0285510349750178;0.01946731120564299;0.0265116753339451;5.753865595966601;1.1350210635400928;1.2882728146796831;5.974589784695683;2.96295527396544;0.038951769144488835;0.0003268733313195284;0.05455287039869494;-0.0846334251045171;0.00036855851891174344;0.04996431120628131;0.0;53.69674053;86.85321541
2.991303352434251;1.2175961428636952;5.943401708180381;0.0265116753339451;0.021469581327953277;0.0265116753339451;3.0116345107302425;1.1754802858662745;1.3817539024602583;5.974589784695683;2.96295527396544;0.038951769144488835;0.0002880821060336671;0.05455287039869494;-0.0846334251045171;0.000413845274364226;0.04996431120628131;0.0;53.69660312999999;86.85325977000001
4.403506428004395;1.236986780281121;5.943401708180381;-0.0163148771285816;0.02470348427266237;0.0265116753339451;4.430607017417801;1.1837345981900713;1.4012275989522094;5.974589784695683;2.96295527396544;0.03538288977261139;0.00030591665417901645;0.0509839910268175;-0.0846334251045171;0.00042432072474854677;0.04996431120628131;0.0;53.69646356999999;86.85330965
2.9915549063524223;1.1742377694907573;5.943401708180381;-0.014785357397777;0.02470348427266237;0.0265116753339451;3.056923577655013;1.1242591128758035;1.2639585528842885;5.974589784695683;2.96295527396544;0.03538288977261139;0.0004633689985825596;0.06627918833486279;-0.0846334251045171;0.00038844945544243433;0.04996431120628131;0.0;53.69632342999999;86.85336150999998
3.0263498661763553;1.0398018280546146;5.740490005781743;-0.0295707147955541;0.027228824471909743;0.0265116753339451;3.1749622666437958;1.0235549737947536;1.047664784379979;5.753865595966601;2.7422310852363583;0.031304170490465966;0.00037319983370841996;0.062200469052717366;-0.0846334251045171;0.00032689643680701815;0.047924951565208596;0.0;53.69618018999999;86.85341795000001
3.2178242136420394;0.9387636109312789;5.740490005781743;-0.0356887937187723;0.02637191804185281;0.0265116753339451;3.4821689410874335;0.948159923112562;0.8990072397968196;5.753865595966601;2.7422310852363583;0.031304170490465966;0.0004110466221937094;0.062200469052717366;-0.0846334251045171;0.0002669723550386431;0.047924951565208596;0.0;53.69603013999999;86.85348038000001
3.5319078637486685;0.6865243353020295;4.971587232281156;-0.0499643112062812;0.026568753001557435;0.0265116753339451;3.8164395322979843;0.7463746709929419;0.5570751494998222;5.291481174345597;2.2798466636153543;0.031304170490465966;0.0004771745273493254;0.062200469052717366;-0.0846334251045171;0.00016022500290064671;0.037728153359845;0.0;53.695875920000006;86.85355144
4.097348528224125;0.6429988932765233;4.971587232281156;0.0071377587437544;0.025319710576708225;0.0265116753339451;4.376100557124607;0.6785598059904204;0.4604434103057571;5.291481174345597;2.2345575966905837;0.024166411746711636;0.00039140695783931737;0.05506271030896304;-0.0866727847455898;0.00013147022373706798;0.0356887937187723;0.0;53.69571684;86.85362788
4.971587232281156;0.6934642802643667;4.971587232281156;0.0265116753339451;0.03674401923675304;0.0780055062710309;5.291481174345597;0.7661184957300423;0.5869375494996629;5.291481174345597;2.5391793989103473;0.024166411746711636;0.0004217329101512479;0.05506271030896304;-0.0810645457326399;0.00015772094569546126;0.04129703273172221;0.0;53.695557029999996;86.85371126999999
4.202040627056522;1.0012943725749044;4.971587232281156;0.0061180789232181;0.03713281512071468;0.0780055062710309;4.501688544419953;1.0753773095837968;1.156436357967685;5.291481174345597;3.899670142431952;0.024166411746711636;0.00043772190748447154;0.05506271030896304;-0.0591414295911083;0.0003118345471587573;0.0632201488732538;0.0;53.69539942;86.85381222000001
3.6539555312985783;1.414200403504808;4.971587232281156;0.0132558376669725;0.036285935181443456;0.0780055062710309;3.890063870006537;1.5082262170484209;2.2747463217921906;5.291481174345597;4.946055323271833;0.024166411746711636;0.0004669156909100898;0.05506271030896304;-0.0397675130009177;0.0006280331432644845;0.0825940654634444;0.0;53.69525536;86.85393696
4.026709759906464;1.9764692423405366;4.971587232281156;0.0163148771285816;0.03382514474485573;0.0780055062710309;4.124918426975565;1.6636118377785056;2.767604346796777;5.291481174345597;4.946055323271833;0.024166411746711636;0.00048447586139166405;0.05506271030896304;-0.0142755174875089;0.0012221907537035633;0.10808606097685321;0.0;53.69513818;86.85407834
2.6949234867704988;2.4428604877401865;4.971587232281156;0.0780055062710309;0.025344793262116697;0.0780055062710309;2.7523017754352495;1.6857108589736285;2.8416211000616083;5.291481174345597;4.946055323271833;0.054756806362802;0.0007486755579332016;0.0856531049250534;-0.0010196798205363;0.0018543568910402613;0.1213418986438258;0.0;53.695046930000004;86.85423797
1.318138802190024;2.413292824254293;4.971587232281156;0.0285510349750178;0.03491156473909592;0.0780055062710309;1.3918110319136447;1.7276607280747895;2.984811591331912;5.291481174345597;4.946055323271833;0.054756806362802;0.0006348925848588381;0.08463342510451721;-0.0010196798205363;0.0017904702181697927;0.1213418986438258;0.0;53.694989740000004;86.85443934
0.3267640856681191;2.1766751101607755;4.202040627056522;0.040787192821454;0.05196169485931861;0.0780055062710309;0.3454258510737636;1.5043943553954164;2.263202376545591;4.501688544419953;4.156262693346189;0.054756806362802;0.0007992765755051083;0.08463342510451721;-0.0010196798205363;0.0014417390956981977;0.10502702151524419;60.0;53.69495661;86.85463405
-1.163741039377748;2.4901075991105626;4.026709759906464;-0.0163148771285816;0.05547473182061741;0.0780055062710309;1.1657581661715282;1.428809213413261;2.0414957683346215;4.124918426975565;3.7794925759018017;0.054756806362802;0.001193352217147874;0.10910574079738955;0.0346691138982359;0.001947125423255417;0.1386764555929437;0.0;53.69495400000001;86.85481831999999
-1.9381945805727572;2.2711538831770177;4.026709759906464;0.0081574385642908;0.06087034466633365;0.0780055062710309;1.9693960311265335;1.2962648860009343;1.6803026546790152;4.124918426975565;3.7794925759018017;0.08942592026103802;0.0017299656110285823;0.14377485469562556;0.0346691138982359;0.0015885051521441979;0.1386764555929437;0.0;53.69498431000001;86.85499199
0.30139513465908596;1.8397198469787046;2.6949234867704988;-0.0550627103089629;0.07607812622487493;0.0780055062710309;0.867526797720595;1.052516645067077;1.1077912881432554;4.020786876599278;3.6753610255255142;0.08942592026103802;0.001884495111266442;0.14377485469562556;0.0346691138982359;0.0010680540467527804;0.11573365963087578;60.0;53.69504871;86.85515878999999
0.3726294539888926;1.7064097684837478;1.853747554430468;-0.1091057407973896;0.06515506708356988;0.040787192821454;1.0979138033927769;1.0662023828549165;1.1367875212055019;4.020786876599278;3.6753610255255142;0.08942592026103802;0.0018891508669928066;0.14377485469562556;0.0346691138982359;0.0009336927488953218;0.10196798205363511;60.0;53.695142929999996;86.85531956999999
-3.880161467059279;1.6099192439783883;1.853747554430468;-0.061180789232181;0.05960113596435479;0.040787192821454;4.020786876599278;1.1138396691885066;1.2406388086579618;4.020786876599278;3.6753610255255142;0.08942592026103802;0.001863642408819571;0.14377485469562556;0.0346691138982359;0.0008268183165762096;0.10196798205363511;60.0;53.695265430000006;86.85545999
-0.914650507488761;1.6365393033906876;1.853747554430468;-0.0897318242071989;0.05398423865817793;0.0081574385642908;1.7019048918521122;1.0718733484902523;1.1489124752037059;4.020786876599278;3.1532600788786826;0.08942592026103802;0.001915444911740216;0.14377485469562556;0.0346691138982359;0.0008542676356974078;0.10196798205363511;60.0;53.69540888;86.85557784
0.7571638096983109;1.7740673216380363;1.853747554430468;-0.168247170388498;0.05448588300200814;0.0081574385642908;2.0864011332614893;1.0857727255157206;1.1789024114738365;4.020786876599278;3.1532600788786826;0.08942592026103802;0.0020543117796554475;0.14377485469562556;0.0346691138982359;0.0009764379007254716;0.10196798205363511;60.0;53.69556084;86.85567092
1.853747554430468;1.7148470576171062;1.853747554430468;-0.0601611094116447;0.048699987224048086;0.0066279188334862;2.8745468047036424;1.1012947411379257;1.2128501068580508;4.020786876599278;3.1532600788786826;0.08942592026103802;0.002521412314465344;0.17028653002957073;0.0346691138982359;0.0009317172297161453;0.10196798205363511;60.0;53.695720800000004;86.85574384
-0.33680216535066565;1.7517981405300365;1.853747554430468;-0.07545630671969;0.04899137389574392;0.0066279188334862;2.8870871169439063;0.961727318450831;0.9249194350546261;4.020786876599278;2.922873073206501;0.08942592026103802;0.0023099017939263358;0.17028653002957073;0.0346691138982359;0.0009737692169220218;0.10196798205363511;60.0;53.695898650000004;86.85576297
-1.8275996319795023;2.634832181375299;1.853747554430468;0.0066279188334862;0.04726353157924281;0.0066279188334862;3.514296047554164;1.4896627988777744;2.2190952543603646;7.1897409356906685;5.4878360438385565;0.08942592026103802;0.002591730977411878;0.17028653002957073;0.0866727847455898;0.0022722398493408473;0.15397165290098902;60.0;53.69608722;86.85577234000002
1.608494855072312;2.4501082668871277;1.853747554430468;-0.0112164780258998;0.047388759557696225;0.0066279188334862;3.6271624795552686;1.493359303066644;2.2301220080556927;7.1897409356906685;5.4878360438385565;0.08942592026103802;0.0028823055879069943;0.17028653002957073;0.0866727847455898;0.0019665542500365892;0.15397165290098902;60.0;53.69628389;86.85577701
0.6942571823243182;2.471643945990172;1.853747554430468;-0.0744366268991536;0.0521839682557557;0.0168247170388498;3.3212044157476446;1.5055795690953093;2.2667698388772175;7.1897409356906685;5.584401286052055;0.1016620781074743;0.0031795345787951285;0.182522687876007;0.0866727847455898;0.0019852696948919526;0.15397165290098902;60.0;53.69648032;86.85577631999999
-1.418113885460126;2.486786220661593;1.853747554430468;-0.0479249515652085;0.03413246093534123;0.0168247170388498;3.7010492574168823;1.4501586507587672;2.102960112370488;7.1897409356906685;5.584401286052055;0.1016620781074743;0.0032283449210876647;0.182522687876007;0.0866727847455898;0.0019908150118861326;0.15397165290098902;0.0;53.69670009;86.85574521
-6.654557837971139;2.5544868071173683;1.608494855072312;-0.0469052717446721;0.0487795993344386;0.0168247170388498;7.1897409356906685;1.5303314001708506;2.341914194348876;7.1897409356906685;5.584401286052055;0.13327215254410119;0.0054316842067758135;0.2141327623126339;0.0866727847455898;0.0019997914937704615;0.1468338941572345;120.0;53.69691732;86.85569876000001
-1.5672722892030837;2.522699220530349;1.608494855072312;-0.0520036708473539;0.05233959119156979;0.0168247170388498;2.7592280271054452;1.5392205005448512;2.369199749297542;7.1897409356906685;5.584401286052055;0.13327215254410119;0.005867453700568585;0.2141327623126339;0.0866727847455898;0.0019443729820598594;0.1468338941572345;120.0;53.69713153;86.85563649
0.2746279464302419;2.672425135002834;1.608494855072312;0.0168247170388498;0.048366735192241224;0.0168247170388498;1.6053396496386134;1.6674985877816237;2.7805515402537093;7.1897409356906685;5.584401286052055;0.13327215254410119;0.006105902331318394;0.2141327623126339;0.0866727847455898;0.0021525187659852127;0.1468338941572345;120.0;53.69734081;86.85556161
-2.618104028687285;2.5254004317263457;0.8696680454711072;-0.0744366268991536;0.04582389758611432;0.0168247170388498;2.9029466104734905;1.7225769252503265;2.967271263404869;7.1897409356906685;5.584401286052055;0.13327215254410119;0.0061236935566747275;0.2141327623126339;0.0866727847455898;0.0019607432199364315;0.1376567757724073;120.0;53.69755301;86.85547941000002
-4.985045769122144;2.34553479964317;0.8696680454711072;-0.1519322932599164;0.05919026908314323;0.0530233506678902;5.168783679461908;1.7360082606291856;3.01372468097277;7.1897409356906685;5.584401286052055;0.13327215254410119;0.0052213665070277426;0.2120934026715613;0.0866727847455898;0.0016388722266554047;0.1335780564902619;120.0;53.69775921;86.85539121
-2.6221899607768604;2.4184830406956515;0.8696680454711072;-0.1142041399000713;0.05948639676922386;0.0530233506678902;2.74193651291431;1.7509581085665888;3.0658542979550862;7.1897409356906685;5.584401286052055;0.13327215254410119;0.005191366919726409;0.2120934026715613;0.0866727847455898;0.0017474218068165093;0.1335780564902619;120.0;53.69793546;86.85531402000001
0.8696680454711072;2.2606987760513855;2.1383437953738085;-0.0356887937187723;0.060878884736291494;0.0530233506678902;1.6345569469862118;1.1725756194511667;1.3749335833312872;5.168783679461908;3.563444029823295;0.13327215254410119;0.004509847461141492;0.2120934026715613;0.0458855919241358;0.0014517755418204702;0.1193025390027531;120.0;53.69809826000001;86.85524641999999
-4.326887289950351;2.443032870922521;2.1383437953738085;-0.0856531049250535;0.06498295841790121;0.0530233506678902;4.825452519309049;1.1674223294162502;1.3628748952196639;5.168783679461908;3.563444029823295;0.13327215254410119;0.0032438515913698366;0.17028653002957084;0.0458855919241358;0.0016746972849865694;0.1193025390027531;120.0;53.698250040000005;86.85518572000001
-1.20634662768915;2.3964470305362626;2.1383437953738085;0.0530233506678902;0.07797428760248032;0.0999286224125624;2.8724065625369644;1.045416783156997;1.0928962505063238;5.168783679461908;3.5342267324756964;0.13327215254410119;0.002992510098608556;0.17028653002957084;0.0458855919241358;0.0016263490524435484;0.1193025390027531;120.0;53.69839623;86.85513479
-0.36296121453982444;2.514372200405684;2.1383437953738085;-0.0744366268991536;0.08130095058428509;0.0999286224125624;2.7784514082048326;1.1283483077193837;1.2731699035331967;5.168783679461908;3.5342267324756964;0.13327215254410119;0.0027222452116046295;0.15856021209340287;0.0458855919241358;0.001807831103821878;0.1193025390027531;120.0;53.698514780000004;86.8551151
2.1383437953738085;2.1870911596036247;2.1383437953738085;-0.0152951973080452;0.07482910789003554;0.0999286224125624;3.6457872048564437;1.0268583906280586;1.0544381544032468;4.825452519309049;3.1908955723228374;0.0680126440297748;0.0018214084658998307;0.10910574079738988;0.0418068726419904;0.0014401765871076412;0.1152238197206077;120.0;53.69863316;86.85511316
1.505402723119421;2.1198502467285985;2.1383437953738085;0.0183542367696543;0.0830960158608626;0.0999286224125624;3.2623552771934654;1.0487865365880789;1.0999531993284175;4.825452519309049;3.1908955723228374;0.0680126440297748;0.0032547573814583858;0.19373916590190698;0.0418068726419904;0.001356165034645791;0.1152238197206077;120.0;53.69875241;86.85512489
-0.8505933345954146;2.08350995768026;2.1383437953738085;0.0999286224125624;0.08662952086251814;0.0999286224125624;2.843287233672302;1.1698771109804227;1.3686124547959002;4.825452519309049;3.8731861506715766;0.0680126440297748;0.002689966845600992;0.19373916590190698;0.0418068726419904;0.001328842795705709;0.1152238197206077;120.0;53.69886883;86.85515939000001
-3.9422273253366624;1.70281703086368;2.1383437953738085;-0.1172631793616804;0.08579341515495474;0.0999286224125624;4.710573862951214;1.0994670737279777;1.2088278462119622;4.710573862951214;3.758307494313741;0.0680126440297748;0.0027514014486130934;0.19373916590190698;0.0346691138982359;0.00087592903020593;0.1080860609768532;120.0;53.69897539;86.85521474999999
-0.15706568698605805;2.1272227631771092;2.1383437953738085;-0.0989089425920261;0.10193490790663164;0.0999286224125624;2.0460726541343925;1.2545666071322572;1.5739373717313434;4.710573862951214;3.758307494313741;0.0680126440297748;0.002432545721447653;0.19373916590190698;0.0469052717446721;0.001401451790098273;0.1203222188232894;120.0;53.69907991;86.85528087
-1.589545522152318;2.1226463249595175;2.1383437953738085;-0.171306209850107;0.1089966371546988;0.0999286224125624;2.3755523180418048;1.443150898749284;2.082684516560866;4.710573862951214;4.111319625879667;0.0680126440297748;0.002479911970772954;0.19373916590190698;0.0469052717446721;0.0013948898316551582;0.1203222188232894;120.0;53.69917965999999;86.85536014
0.39506105864459506;2.5918147602141173;4.558093681257134;-0.1213418986438258;0.11306805311828545;0.0999286224125624;0.9522663686374728;1.5415582066745726;2.3764017045657244;4.710573862951214;4.111319625879667;0.0680126440297748;0.0028741493508280497;0.19373916590190698;0.0469052717446721;0.001953291700225506;0.1560110125420617;120.0;53.69926879;86.85545439
-1.2260420464113029;2.5225398242105834;4.558093681257134;-0.0514938309370857;0.11879015837525161;0.0999286224125624;1.2902520989302817;1.6312105772872632;2.6608479474538465;4.710573862951214;4.111319625879667;0.05169776690119299;0.0022702989883928867;0.17742428877332517;0.0469052717446721;0.0018745481989081274;0.1560110125420617;120.0;53.6993441;86.85555274
-4.555662326904853;2.5222189191254927;4.558093681257134;-0.2661364331599877;0.10667052342123123;0.0744366268991536;4.5790585046696375;1.6439993451952775;2.7027338470025013;4.710573862951214;4.111319625879667;0.05169776690119299;0.0022754746175874556;0.17742428877332517;0.0469052717446721;0.001874501987933176;0.1560110125420617;120.0;53.69940702;86.85564638000001
-0.5795419969574291;2.279405541198445;4.558093681257134;0.0418068726419904;0.12048726351446357;0.1213418986438258;0.5992542370715462;1.438306750708693;2.0687263091341985;4.5790585046696375;3.9798042675980914;0.05169776690119299;0.0022823138418802797;0.17742428877332517;0.0469052717446721;0.0015146109150107933;0.1560110125420617;120.0;53.69945593;86.85572857
4.558093681257134;2.2771851726801784;4.558093681257134;0.037728153359845;0.12600876719087134;0.1213418986438258;4.569436785106191;1.472982652030684;2.169677893183347;4.5790585046696375;3.9798042675980914;0.05169776690119299;0.002250023923132909;0.17742428877332517;0.0469052717446721;0.0015076446105368525;0.1560110125420617;120.0;53.69949554;86.85579634000001
0.5872409717980056;2.2460805027692916;4.558093681257134;0.0744366268991536;0.11587032234878465;0.1213418986438258;0.8729299597680387;1.5496631007961528;2.401455725969147;4.5790585046696375;3.9798042675980914;0.05169776690119299;0.000713139318195484;0.08769246456612623;0.0469052717446721;0.0014724665058550134;0.1560110125420617;120.0;53.69952979999999;86.85585876
-0.7194243448718181;2.3581786090798422;4.558093681257134;-0.0183542367696543;0.1115222410360664;0.1213418986438258;1.6834444374678421;1.6745494708172075;2.8041159302141896;5.190900354148385;4.591646117076839;0.05169776690119299;0.0007646067915477317;0.08769246456612623;0.0469052717446721;0.0016190043956121945;0.1560110125420617;120.0;53.69955892;86.85590324
-1.431075147089867;2.379908972274321;4.558093681257134;0.1213418986438258;0.10964075363293427;0.1213418986438258;2.7674900092800545;1.6938838160721523;2.8692423823511573;5.190900354148385;4.591646117076839;0.05169776690119299;0.000797878693512822;0.08769246456612623;0.0469052717446721;0.0016482328372690264;0.1560110125420617;120.0;53.6995836;86.85593048000001
-0.6520842273748977;2.021427352338686;4.558093681257134;0.0917711838482716;0.04601334612970364;0.1213418986438258;3.202428045340918;1.7117453793155468;2.9300722436081252;5.190900354148385;4.591646117076839;0.05169776690119299;0.000847786546460457;0.08769246456612623;0.0158050372183134;0.001148946358405405;0.12491077801570301;120.0;53.699609509999995;86.85593847
-0.3592016617754177;2.0417111860310917;4.558093681257134;0.0285510349750178;0.052052549188589266;0.1213418986438258;3.805062599998637;1.4798625299269452;2.189993107481779;5.190900354148385;4.317970394380347;0.05169776690119299;0.0008041171751312771;0.08769246456612623;0.0158050372183134;0.0011730915928175707;0.12491077801570301;120.0;53.69964007;86.85592550999999
-2.923269400047284;1.2570891394151573;0.9409820104812541;0.087182624655858;0.052161049883643576;0.1213418986438258;5.190900354148385;1.4960098221169986;2.238045387870534;5.190900354148385;4.317970394380347;0.023146731926175224;0.00044502324152680676;0.05914142959110846;0.0158050372183134;0.0004928429360438183;0.0688283878862036;120.0;53.69968428999999;86.85589293000001
-1.829660488193267;1.5573622287747149;2.2120047595246186;-0.0132558376669725;0.051377766241089626;0.1213418986438258;4.947808981629925;1.1301523159065825;1.2772442571490117;5.190900354148385;3.5074559166805432;0.023146731926175224;0.0003930272301485507;0.05914142959110846;0.0158050372183134;0.0007663397031084149;0.0907515040277352;120.0;53.69974198;86.85584566
0.9409820104812541;1.8060536372964837;2.2120047595246186;0.0815743856429081;0.048372556986514395;0.1213418986438258;4.7688011523505285;0.7978098457420414;0.6365005499629399;5.190900354148385;2.423410344868331;0.023146731926175224;0.00038889134789039004;0.05914142959110846;0.0311002345263586;0.0010298722286990888;0.1060467013357804;120.0;53.69980157;86.85579772999999
-1.185920445658379;2.0052534681418352;2.2120047595246186;-0.023452635872336;0.04284071234139335;0.0917711838482716;4.635819654407467;1.058230585658649;1.1198519724234473;5.190900354148385;3.538956533000973;0.023146731926175224;0.0005002597975235365;0.05914142959110846;0.0311002345263586;0.0012431589835877983;0.1060467013357804;120.0;53.69986679;86.85575287
-2.650023073290451;2.2351506283546025;2.2120047595246186;0.0331395941674314;0.041635053081806914;0.087182624655858;4.781351866765214;1.0124377535313904;1.0250302047756885;5.190900354148385;3.538956533000973;0.023146731926175224;0.00042193219498072154;0.05506271030896304;0.0356887937187723;0.0015498843298284656;0.1106352605281941;120.0;53.69993151999999;86.85571519999999
2.2120047595246186;2.2351506283546025;2.2120047595246186;0.0560823901294993;0.041635053081806914;0.087182624655858;3.833013910298214;1.0124377535313904;1.0250302047756885;5.190900354148385;3.538956533000973;0.023146731926175224;0.00042193219498072154;0.05506271030896304;0.0356887937187723;0.0015498843298284656;0.1106352605281941;120.0;53.69993151999999;86.85571519999999
-3.771710708234785;2.2351506283546025;2.2120047595246186;0.0081574385642908;0.041635053081806914;0.087182624655858;4.2201710407726525;1.0124377535313904;1.0250302047756885;5.190900354148385;3.538956533000973;0.023146731926175224;0.00042193219498072154;0.05506271030896304;0.0356887937187723;0.0015498843298284656;0.1106352605281941;120.0;53.69993151999999;86.85571519999999
1.635763667069856;2.2351506283546025;2.2120047595246186;-0.003059039461609;0.041635053081806914;0.087182624655858;1.6519438211474127;1.0124377535313904;1.0250302047756885;5.190900354148385;3.538956533000973;0.023146731926175224;0.00042193219498072154;0.05506271030896304;0.0356887937187723;0.0015498843298284656;0.1106352605281941;0.0;53.69993151999999;86.85571519999999
-4.0118929500158895;2.2351506283546025;2.2120047595246186;-0.0265116753339451;0.041635053081806914;0.087182624655858;4.437708022121335;1.0124377535313904;1.0250302047756885;5.190900354148385;3.538956533000973;0.023146731926175224;0.00042193219498072154;0.05506271030896304;0.0356887937187723;0.0015498843298284656;0.1106352605281941;0.0;53.69993151999999;86.85571519999999
-0.8334705564167866;1.8037600805661944;3.392282792177772;-0.0642398286937901;0.046589259463726225;-0.020648516365861;0.9047599557826884;1.0580168435328197;1.1193996411991511;4.72890634511916;3.8241463893364718;0.03793208932395242;0.0007946439252662213;0.09941878250229441;-0.0045885591924136;0.000988929304892053;0.1065565412460487;0.0;53.72263318;86.83612566000001
-2.7417373327962915;1.8037600805661944;3.392282792177772;-0.0412970327317222;0.046589259463726225;-0.020648516365861;2.9174250654841107;1.0580168435328197;1.1193996411991511;4.72890634511916;3.8241463893364718;0.03793208932395242;0.0007946439252662213;0.09941878250229441;-0.0045885591924136;0.000988929304892053;0.1065565412460487;60.0;53.72263318;86.83612566000001
-0.8101538559932036;1.8037600805661944;3.392282792177772;-0.07545630671969;0.046589259463726225;-0.020648516365861;1.7551553307741685;1.0580168435328197;1.1193996411991511;4.72890634511916;3.8241463893364718;0.03793208932395242;0.0007946439252662213;0.09941878250229441;-0.0045885591924136;0.000988929304892053;0.1065565412460487;60.0;53.72263318;86.83612566000001
-1.1394969418725456;1.8037600805661944;3.392282792177772;-0.1111451004384623;0.046589259463726225;-0.020648516365861;2.328277582030952;1.0580168435328197;1.1193996411991511;4.72890634511916;3.8241463893364718;0.03793208932395242;0.0007946439252662213;0.09941878250229441;-0.0045885591924136;0.000988929304892053;0.1065565412460487;60.0;53.72263318;86.83612566000001
-0.707683835971487;1.8037600805661944;3.392282792177772;-0.0224329560517997;0.046589259463726225;-0.020648516365861;2.518858833641038;1.0580168435328197;1.1193996411991511;4.72890634511916;3.8241463893364718;0.03793208932395242;0.0007946439252662213;0.09941878250229441;-0.0045885591924136;0.000988929304892053;0.1065565412460487;0.0;53.72263318;86.83612566000001
-0.6858845413494419;1.8037600805661944;3.392282792177772;-0.020648516365861;0.046589259463726225;-0.020648516365861;2.8145214116306465;1.0580168435328197;1.1193996411991511;4.72890634511916;3.8241463893364718;0.03793208932395242;0.0007946439252662213;0.09941878250229441;-0.0045885591924136;0.000988929304892053;0.1065565412460487;0.0;53.72263318;86.83612566000001
1.7437252486805122;1.7781398178051446;3.392282792177772;-0.0499643112062812;0.04636000497793207;-0.020648516365861;3.443322748515283;0.8159823541023998;0.6658272022064942;4.72890634511916;2.973751014344992;0.03793208932395242;0.0007871577473240766;0.09941878250229441;-0.0045885591924136;0.0009583607449616272;0.1065565412460487;30.0;53.72249803;86.83602378999998
1.873655999187366;1.5176232832014631;3.392282792177772;-0.1101254206179259;0.04445351355659273;-0.020648516365861;3.6575516467789013;0.832536223106034;0.6931165627836601;4.72890634511916;2.973751014344992;0.05781584582441124;0.0012775283962079935;0.11930253900275323;-0.0346691138982359;0.0006696663435098529;0.07647598654022641;30.0;53.72235991;86.83591127
0.3197578873429525;1.4782667407346148;3.392282792177772;-0.1621290914652799;0.04536035395450763;-0.020648516365861;3.265436309727163;0.6813003879361701;0.46417021860197594;4.72890634511916;2.4006287630882084;0.05781584582441124;0.0013174777840535762;0.11930253900275323;-0.0346691138982359;0.0006304216730322799;0.07647598654022641;30.0;53.722220060000005;86.83578933999999
3.392282792177772;1.3161813223209988;3.392282792177772;-0.1182828591822167;0.04528917644979439;-0.020648516365861;4.72890634511916;0.5979748370910332;0.3575739057940477;4.72890634511916;2.2100475114781224;0.05781584582441124;0.0009281734255745526;0.10196798205363533;-0.0412970327317222;0.0005108738808327153;0.0698480677067401;30.0;53.72207872;86.83565568
-0.02480638751031039;1.1839788968192249;3.392282792177772;-0.0815743856429081;0.04206377526115833;-0.020648516365861;3.2855020002510216;0.5190116285929457;0.2693730706147018;4.72890634511916;1.9143849334885137;0.05781584582441124;0.0008163428661918903;0.09075150402773546;-0.0412970327317222;0.00043288130785829905;0.0698480677067401;30.0;53.721923589999996;86.83549799
1.680490575207231;1.4830073113005873;4.989186875688641;-0.0907515040277353;0.03385804495782244;-0.0499643112062812;3.638341433999391;0.7846938003137572;0.6157443602508467;5.53962740884719;2.5102038990857176;0.05781584582441124;0.0008078862577757656;0.09075150402773546;-0.0520036708473539;0.0006385923510408942;0.08361374528398081;30.0;53.72177357;86.83533772999999
1.7905761770434552;1.5526733433497508;4.989186875688641;-0.0550627103089629;0.04201168857946672;-0.0101967982053635;3.5986346162128218;0.7814223684489217;0.6106209179123223;5.53962740884719;2.5102038990857176;0.05781584582441124;0.0008135471022073264;0.09075150402773546;-0.0520036708473539;0.0006816147687207528;0.08361374528398081;30.0;53.72163231;86.83517087
0.5612808214016369;1.7760735991199081;4.989186875688641;-0.1101254206179259;0.048112009925173414;-0.0101967982053635;3.0294235097614726;0.9078958731095995;0.8242749164094421;5.53962740884719;2.5102038990857176;0.05781584582441124;0.0007363978795257751;0.09075150402773546;-0.0520036708473539;0.0009259552987768791;0.08361374528398081;30.0;53.721494140000004;86.83498406
1.7041514961241777;1.6457310727872845;4.989186875688641;-0.1284796573875803;0.040750354414196534;-0.0101967982053635;3.2268807094960565;0.9045600143592714;0.8182288195776453;5.53962740884719;2.5102038990857176;0.05781584582441124;0.0008087382726264339;0.09075150402773546;-0.0520036708473539;0.000794089393566802;0.08361374528398081;30.0;53.721361449999996;86.83478736999999
4.989186875688641;1.6661163673339279;4.989186875688641;-0.1142041399000713;0.03868890334964539;-0.0101967982053635;5.53962740884719;0.8641428466539584;0.7467428594232066;5.53962740884719;2.5102038990857176;0.05781584582441124;0.0009134061308916109;0.09075150402773546;-0.0520036708473539;0.0008306884857284003;0.08361374528398081;30.0;53.72123444;86.83458099999999
3.265360053543766;1.4091999837665636;4.989186875688641;-0.0101967982053635;0.04009314550433933;-0.0101967982053635;4.016200215138247;0.9115589540348149;0.8309397266810458;5.53962740884719;2.7207365231791134;0.05781584582441124;0.0008989883067067388;0.09075150402773546;-0.061180789232181;0.0005983050454409786;0.0744366268991537;30.0;53.721122560000005;86.83437696000001
4.692739588143078;1.4558714258899565;4.989186875688641;-0.0214132762312633;0.03969045396688082;-0.0101967982053635;5.284402490702609;0.9397727243561479;0.8831727734437763;5.53962740884719;2.7207365231791134;0.0527174467217294;0.0008442283013891943;0.08565310492505362;-0.061180789232181;0.0005927597284467969;0.0744366268991537;30.0;53.72101516;86.83417228
2.730251330270484;1.3863800962872899;4.989186875688641;-0.0856531049250535;0.0395364697299833;-0.0101967982053635;3.305574931842778;0.9755459603054933;0.9516899206683672;5.53962740884719;2.7207365231791134;0.0527174467217294;0.0008456904455185197;0.08565310492505362;-0.061180789232181;0.0005325302210158519;0.0744366268991537;30.0;53.72091271000001;86.83396487
3.6830189377076934;1.0824382538829835;4.989186875688641;-0.0723972672580809;0.03991177859100431;-0.0101967982053635;3.950632899401864;1.0385998165387051;1.078689578914232;5.53962740884719;3.0335704760104734;0.0527174467217294;0.0008985211426318378;0.08565310492505362;-0.0856531049250535;0.0002961899659982062;0.04996431120628121;0.0;53.72081665;86.83375105
2.670034168346672;0.9368803219735768;4.989186875688641;-0.0428265524625267;0.034331576239859656;-0.0101967982053635;2.8188908856680768;1.0242908667044734;1.0491717796142013;5.53962740884719;3.0335704760104734;0.0527174467217294;0.0007356101268121472;0.0683185479759355;-0.0968695829509534;0.0002452712479735078;0.038747833180381316;0.0;53.72074031999999;86.83354672
4.57801812669004;0.8208259857387892;4.692739588143078;-0.0632201488732537;0.02614307402607583;-0.0101967982053635;4.620307726091288;0.8586829534665937;0.7373364145741124;5.284402490702609;2.7783455578658924;0.0527174467217294;0.0006456431349534195;0.0683185479759355;-0.0968695829509534;0.00020022710013952035;0.037728153359845015;0.0;53.7206674;86.83333556
3.0221758136453802;1.2548416365672752;6.581607963602901;-0.0591414295911083;0.02378864433414043;-0.0173345569491179;3.066803856434822;1.236943303426396;1.530028735891405;6.583985373423326;4.077928440586609;0.05169776690119299;0.000427920126469365;0.0672988681553991;-0.0968695829509534;0.00045498242867534385;0.0693382277964719;0.0;53.720586170000004;86.83310841
2.469315672674772;1.4168875539725374;6.581607963602901;-0.0193739165901906;0.02390418913117949;-0.0173345569491179;2.506056932836717;1.3446254214575075;1.80801752402978;6.583985373423326;4.077928440586609;0.05169776690119299;0.000434470532168742;0.0672988681553991;-0.0968695829509534;0.0006038684135972504;0.0693382277964719;0.0;53.72050592000001;86.83289248
4.294500639735586;1.849946074861257;8.162015244967222;-0.0173345569491179;0.022686189207946354;-0.0173345569491179;4.299922254787297;1.8205033306075693;3.314232376753253;8.192333602226078;5.686276669389361;0.05169776690119299;0.0004032550185889952;0.0672988681553991;-0.0968695829509534;0.001044888629418885;0.0978892627714897;0.0;53.72042842;86.83268186000001
3.9468687571155705;1.825271068910909;8.162015244967222;-0.0367084735393086;0.023416648538479124;-0.0163148771285816;3.956444495867225;1.805869021485813;3.261162922762128;8.192333602226078;5.686276669389361;0.05169776690119299;0.0003510654987531305;0.06322014887325389;-0.0968695829509534;0.001026190513679129;0.0978892627714897;0.0;53.720355940000005;86.83248138
6.581607963602901;2.216273540624066;8.162015244967222;-0.0346691138982359;0.03111388298266948;0.020393596410727;6.583985373423326;2.0382532671740266;4.154476381145594;8.192333602226078;6.940648011527632;0.05169776690119299;0.00043415860808782003;0.07239726725808093;-0.0591414295911083;0.0014781454014486661;0.1356174161313348;0.0;53.72027859;86.83227602999999
6.049183938325257;2.6999886963346214;8.162015244967222;-0.07545630671969;0.03495269800082523;0.020393596410727;6.067477346832764;2.2781772580979083;5.190091619314504;8.192333602226078;6.940648011527632;0.018303252778627654;0.00017546379393738068;0.0390027531355156;-0.0438462322830631;0.0022085156369292002;0.15091261343938;30.0;53.72019538000001;86.8320725
8.162015244967222;3.3504570305675383;8.162015244967222;-0.0774956663607627;0.03441576748709773;0.020393596410727;8.192333602226078;2.2994851745943854;5.287632068179372;8.192333602226078;6.940648011527632;0.016008973182420783;0.00014232980285066137;0.03670847353930873;-0.0112164780258998;0.0034154993696412896;0.18354236769654328;30.0;53.720100130000006;86.83187997
4.532561978860677;3.8547892072746732;8.162015244967222;-0.0163148771285816;0.035550951673955035;0.020393596410727;4.6744474774991165;2.2641570379913007;5.126407092685541;8.192333602226078;6.940648011527632;0.016008973182420783;0.00021937505083857104;0.04690527174467218;-0.0061180789232181;0.004535202845460191;0.18864076679922498;30.0;53.719992839999996;86.83171123999999
0.3154674076694306;3.970980120090438;8.162015244967222;0.020393596410727;0.034699923862745945;0.020393596410727;1.2516855906984472;2.3903000432407344;5.713534296716656;8.192333602226078;6.940648011527632;0.016008973182420783;0.00021783853592143314;0.04690527174467218;-0.0061180789232181;0.004801562905080712;0.18864076679922498;30.0;53.71987196;86.83156475999999
-0.505921378866947;4.059954219226391;8.162015244967222;-0.092790863668808;0.03780065550325469;0.020393596410727;1.2910645257371554;2.4575909880139366;6.039753464367317;8.192333602226078;6.940648011527632;0.016008973182420783;0.00020897758147448057;0.04690527174467218;-0.0061180789232181;0.005022327173353764;0.18864076679922498;30.0;53.719740820000005;86.83144386000001
-2.3637386900814534;4.100593560905894;8.162015244967222;-0.0326297542571632;0.03903374960044294;0.020393596410727;2.723056891619181;2.2853706798764315;5.222919144438864;8.192333602226078;6.940648011527632;0.016008973182420783;0.0007772223877094988;0.10298766187417152;0.0244723156928724;0.005208118398146321;0.21923116141531548;30.0;53.719606150000004;86.83136550999998
-2.6608768813501893;3.7488568263019237;8.162015244967222;-0.07545630671969;0.04243918356282274;0.020393596410727;3.017550918181414;2.112658403664838;4.463325530575663;8.192333602226078;6.940648011527632;0.027225451208320428;0.0009531129111186944;0.11420413990007117;0.0244723156928724;0.004330225401504949;0.21923116141531548;30.0;53.71945793;86.83130177
-0.7507272678095349;2.433166021415204;4.532561978860677;-0.0632201488732537;0.0422967100880539;0.020393596410727;1.770011726486544;1.2489055627980414;1.5597651047878929;4.722329949076068;3.4706443583776205;0.027225451208320428;0.000996955573603942;0.11420413990007117;0.0244723156928724;0.001860757111071038;0.1570306923625981;30.0;53.71929164000001;86.83125835999999
-1.0692419347784816;1.51040158040216;0.3154674076694306;-0.0989089425920261;0.039262601969399936;0.020393596410727;2.1462431344772503;1.2062273369369494;1.454984388374005;4.722329949076068;3.4706443583776205;0.027225451208320428;0.001109999171079082;0.11420413990007117;0.0244723156928724;0.0007289810180460525;0.08361374528398069;30.0;53.71910346;86.83123146
-4.284864629605465;1.3258625088707636;-0.505921378866947;-0.0948302233098807;0.027272067062190323;-0.0326297542571632;4.722329949076068;1.1298693185230484;1.276604676939738;4.722329949076068;3.431265423338912;0.027225451208320428;0.001142751199575967;0.11420413990007117;0.0244723156928724;0.0005591643496570455;0.0683185479759355;30.0;53.718906170000004;86.83123385
-2.5228205507368284;1.3467524693192516;-0.7507272678095349;-0.1142041399000713;0.026690604898587978;-0.0326297542571632;3.217515305239908;1.1279945600556855;1.2723717275152195;5.259371056921664;3.4893593304351196;0.027225451208320428;0.00132335524243022;0.11420413990007117;0.0336494340776996;0.0005661884178496756;0.0734169470786173;30.0;53.71869087;86.83125919
-2.834155640016875;1.429386741615125;-0.7507272678095349;-0.0723972672580809;0.026690604898587978;-0.0326297542571632;3.4685451907279217;1.176496905691187;1.3841449691009375;5.259371056921664;3.4893593304351196;0.027225451208320428;0.0013292124835053243;0.11420413990007117;0.0336494340776996;0.0006366861483241431;0.0734169470786173;30.0;53.718469049999996;86.83129593
-3.9471192195147813;1.4313098095253678;-0.7507272678095349;-0.0876924645661262;0.029048449229083333;-0.0326297542571632;4.4007988022907725;1.1575806324755231;1.3399929206824321;5.259371056921664;3.4893593304351196;0.027225451208320428;0.0013044087427000997;0.11420413990007117;0.0336494340776996;0.0006380031611102611;0.0734169470786173;30.0;53.718239510000004;86.83134287
-3.6481759809288814;1.3227792191439383;-1.0692419347784816;-0.0326297542571632;0.029082035972509444;-0.0326297542571632;4.05890921452507;1.0828305845939594;1.172522074932096;5.8946314536421305;3.74838831916488;0.027225451208320428;0.0013135585157404994;0.11420413990007117;0.0469052717446721;0.0005417688057737348;0.0810645457326398;30.0;53.718002760000005;86.83139796
-4.970621560870488;1.1938298194465595;-1.6817278593505984;-0.078515346181299;0.027458664703675778;-0.0326297542571632;5.259371056921664;0.9940757609078164;0.9881866184244541;5.8946314536421305;3.306231064924826;0.027225451208320428;0.0014837881947181346;0.11420413990007117;0.0469052717446721;0.0004328928606020359;0.06933822779647181;30.0;53.71775705;86.83145177
-4.5951363542553745;1.2407995706878276;-1.6817278593505984;-0.0326297542571632;0.027932527652923745;-0.0326297542571632;4.91224121533749;1.0377572309356753;1.0769400703592806;5.8946314536421305;3.306231064924826;0.027225451208320428;0.0007609676772703048;0.08157438564290798;0.0469052717446721;0.00046394663576945273;0.06933822779647181;30.0;53.71750749;86.83150429
-3.7502587765252806;1.2987527296213575;-1.6817278593505984;-0.0387478331803813;0.023914819228747396;-0.0326297542571632;4.132063560545437;1.0949369352654914;1.198886892208587;5.8946314536421305;3.306231064924826;0.04659936779851115;0.0009209847307836568;0.1009483022330987;0.0469052717446721;0.0005049819815263962;0.06933822779647181;30.0;53.71725822999999;86.83155967
-5.668694151515397;1.2866598682433952;-1.6817278593505984;-0.0622004690527174;0.024921618247860152;-0.0326297542571632;5.8946314536421305;1.0830494416981655;1.1729960931627081;5.8946314536421305;3.306231064924826;0.04659936779851115;0.0007666862854205568;0.08667278474559004;0.0469052717446721;0.0004960286051295408;0.06933822779647181;30.0;53.717007849999995;86.83160880999999
-1.6817278593505984;1.358861261121332;-1.6817278593505984;-0.0632201488732537;0.022861707710609743;-0.0326297542571632;2.5884003887173046;1.1677994073930185;1.3637554559074851;5.8946314536421305;3.306231064924826;0.04659936779851115;0.0007394795739178528;0.08667278474559004;0.0469052717446721;0.0005561173134961797;0.06933822779647181;30.0;53.71676195;86.83165475000001
-2.533148823589502;1.359615628630824;-1.6817278593505984;-0.0989089425920261;0.02151929785074584;-0.0326297542571632;3.1445780859069448;1.1734276407451372;1.3769324280646986;5.8946314536421305;3.306231064924826;0.04659936779851115;0.0007835532912778592;0.08769246456612623;0.0469052717446721;0.0005566574042659255;0.06933822779647181;30.0;53.71651453;86.83169917000001
-2.020484706244982;1.4803398249057669;-0.8783866812480752;-0.0397675130009177;0.020831395739799103;-0.0326297542571632;2.724121833224258;1.2778476461076456;1.6328946066628507;5.8946314536421305;4.243625140141465;0.04659936779851115;0.0007216883485615199;0.08769246456612623;0.0469052717446721;0.0006674597694559156;0.0836137452839807;30.0;53.716275110000005;86.83172855000001
-4.234953792247102;1.657729865025141;-0.042903496221847526;-0.0336494340776996;0.01958807323879379;-0.0336494340776996;4.53692014710551;1.369980053556089;1.8768453471415445;5.8946314536421305;4.5883729937742075;0.04659936779851115;0.0007437656418446056;0.08769246456612623;0.0469052717446721;0.0008353355768969591;0.0978892627714896;30.0;53.71603943;86.83174631
-2.2701362581017923;1.7075875410681738;-0.042903496221847526;-0.0672988681553992;0.021660097215413714;-0.0336494340776996;2.7332815238874817;1.4350030998746597;2.0592338966498827;5.8946314536421305;4.5883729937742075;0.04659936779851115;0.0007254660957638062;0.08769246456612623;0.0469052717446721;0.000891204645613339;0.0978892627714896;30.0;53.715812230000004;86.83174695
-3.3361392688708773;1.3785021103446806;-0.042903496221847526;-0.0601611094116447;0.027824837151789177;-0.0336494340776996;3.6225701957037533;1.0839104841292662;1.1748619376053402;4.53692014710551;3.2306616872375877;0.04659936779851115;0.0008103354394481935;0.08769246456612623;0.0224329560517997;0.0005832084975615044;0.0734169470786172;30.0;53.715590320000004;86.83173495999999
-0.8783866812480752;1.474333046177746;-0.042903496221847526;-0.0392576730906495;0.030947511201121193;-0.0336494340776996;1.6510063135006654;1.2488130315725956;1.5595339878255368;4.53692014710551;3.71606991487645;0.04659936779851115;0.0008669900947387496;0.08769246456612623;0.0224329560517997;0.0006615361001043189;0.0734169470786172;30.0;53.71537619000001;86.83170771
-0.042903496221847526;1.773250070470657;1.1823216474600518;-0.0622004690527174;0.02955161404762236;-0.0336494340776996;1.3062584598679226;1.2944068232143597;1.6754890239838907;4.53692014710551;3.71606991487645;0.04659936779851115;0.0009554379007959463;0.08769246456612623;0.0224329560517997;0.0009916904106454048;0.09788926277148971;30.0;53.715173140000005;86.83166082
-0.7310301714060943;1.9984667734390749;1.3152063958924902;-0.0938105434893443;0.03081657879984421;-0.0295707147955541;1.4539599008652375;1.3283987047071701;1.7646431186676876;4.53692014710551;3.71606991487645;0.03538288977261139;0.0007029411336608792;0.07647598654022647;0.0224329560517997;0.0012419228400078481;0.09788926277148971;0.0;53.71498035;86.83159091
-3.8474737592684254;1.9117518228944297;1.6392595502829295;-0.1172631793616804;0.0457456761767187;0.0418068726419904;3.9622841261202995;1.069774379871906;1.1444172238303207;3.9622841261202995;3.1414338938912394;0.03538288977261139;0.0006888005753257147;0.07647598654022647;0.0152951973080452;0.0011092511309220541;0.0938105434893442;0.0;53.71479981;86.83150253000001
-0.47456898177176976;1.8825076112268053;1.6392595502829295;-0.1111451004384623;0.04837628853741693;0.0418068726419904;0.82085023222906;1.0833098530610448;1.1735602377391423;3.9622841261202995;3.1414338938912394;0.03538288977261139;0.000761166962099785;0.07647598654022647;0.0152951973080452;0.0010885457259578416;0.0938105434893442;30.0;53.71462276;86.83140484
1.1823216474600518;1.657105426296838;1.6392595502829295;-0.0642398286937901;0.050936412092319985;0.0418068726419904;1.296987745974016;0.876558977433995;0.7683556409201311;3.9622841261202995;3.1414338938912394;0.03538288977261139;0.0005722333910105225;0.0652595085143266;0.0152951973080452;0.000847925179385313;0.0938105434893442;30.0;53.71444844;86.83131244
1.3152063958924902;1.6260142643349753;1.6392595502829295;-0.0295707147955541;0.051152413202588176;0.0418068726419904;1.3696729921477875;0.930139453865419;0.8651594036370598;3.9622841261202995;3.353295171638142;0.03538288977261139;0.0006049045503012418;0.0652595085143266;0.0152951973080452;0.000816501716418284;0.0938105434893442;0.0;53.714272830000006;86.83123667
1.6392595502829295;1.6259742861955113;1.6392595502829295;0.0418068726419904;0.05102306378111946;0.0418068726419904;1.6893998599324715;0.9717319093527568;0.9442629036543543;3.9622841261202995;3.359292846046619;0.03538288977261139;0.0005952002455614242;0.0652595085143266;0.0152951973080452;0.0008154504167381371;0.0938105434893442;30.0;53.71406879;86.83118111000002
0.753438643598138;1.5992153045120958;1.6392595502829295;-0.0091771183848271;0.04815761146132953;0.0418068726419904;0.9220378663199005;1.0184662145354635;1.037273430150197;3.9622841261202995;3.504744791358204;0.03538288977261139;0.0007092258262542827;0.07035790761700822;0.0152951973080452;0.0007874465659175201;0.0938105434893442;0.0;53.71385772;86.83114412
1.4164952236849908;0.7816454329996784;1.6392595502829295;-0.003059039461609;0.03975574572354783;0.0418068726419904;1.5290426401459487;0.46188603264548717;0.21333870715298806;1.6893998599324715;1.2403171412019693;0.03538288977261139;0.0006739870696678204;0.07035790761700822;-0.0428265524625267;0.00018558327540527683;0.0356887937187723;0.0;53.71364108;86.83112204
0.20687726042895704;1.5994528714083405;1.6392595502829295;-0.0316100744366268;0.02836836492962894;0.0418068726419904;0.6089889544821574;1.017018273873876;1.034326169393398;3.862129223632876;3.4130465049023737;0.03334353013153879;0.0005319922963855577;0.06831854797593562;0.0152951973080452;0.0007815315611237264;0.0938105434893442;0.0;53.7133776;86.83112992
0.36427185184788247;1.9409329278952054;1.6392595502829295;-0.0356887937187723;0.025272384880509414;0.0418068726419904;0.6029912800736806;1.2349126382317;1.5250092240643776;3.862129223632876;3.4130465049023737;0.03334353013153879;0.0005749685030904638;0.06831854797593562;0.0152951973080452;0.0011377257560499893;0.0938105434893442;0.0;53.71310002;86.8311621
-0.12494396738907598;1.984651037505648;1.6392595502829295;-0.0326297542571632;0.02989979132723126;0.0418068726419904;0.4575393347620954;1.277429180139688;1.6318253102723557;3.862129223632876;3.4130465049023737;0.03334353013153879;0.00055315692291335;0.06831854797593562;0.0152951973080452;0.0011970490951439944;0.0938105434893442;0.0;53.712786519999995;86.83122236
-0.3943994905839605;2.0142498692440056;1.4164952236849908;-0.0418068726419904;0.036918105249591694;-0.003059039461609;0.44908271873050226;1.420199428413652;2.016966416466464;3.862129223632876;3.4130465049023737;0.031304170490465966;0.0004294039319931971;0.06627918833486279;0.0152951973080452;0.0012643900383920868;0.0927908636688079;0.0;53.71243717;86.83130565000002
-3.861618056700698;1.932443151463441;1.4164952236849908;-0.0285510349750178;0.03506160162348394;-0.003059039461609;3.862129223632876;1.394436559777485;1.9444533192440676;3.862129223632876;3.4130465049023737;0.031304170490465966;0.00038447819978252223;0.06627918833486279;0.0152951973080452;0.0011550693125864792;0.0927908636688079;0.0;53.71206765000001;86.83138669000002
-3.4820938674651183;1.6534100714143936;0.36427185184788247;-0.0387478331803813;0.031521138501527594;-0.0285510349750178;3.4919939820386885;1.391419471958444;1.9360481469451152;3.862129223632876;3.4130465049023737;0.03844192923422041;0.0005625752972456532;0.07341694707861723;0.0152951973080452;0.0008468883206348378;0.0734169470786172;0.0;53.71167324;86.83145052
-2.534894792067548;1.6358788794735424;0.36427185184788247;-0.0713775874375446;0.03211964458919603;-0.0244723156928724;2.5559301557581833;1.3875572414143893;1.9253150982015097;3.862129223632876;3.4130465049023737;0.03844192923422041;0.0006038879088523061;0.07341694707861723;0.0152951973080452;0.0008314769604885081;0.0734169470786172;0.0;53.7112708;86.83149096
-3.5680852990533296;1.5251929002274085;0.0686551113505054;-0.133578056490262;0.03874857855319793;0.0173345569491179;3.5730127745905063;1.371428341001166;1.8808156945012107;3.862129223632876;3.4130465049023737;0.03844192923422041;0.0006185223469822627;0.07341694707861723;0.0152951973080452;0.0007270401570980885;0.0703579076170081;30.0;53.71088526;86.83149965999999
-2.3873141034265517;1.5405632875279227;0.0686551113505054;-0.0530233506678902;0.03853196613484919;0.0173345569491179;2.3912287877987115;1.3855495016018113;1.9197474213890275;3.862129223632876;3.515904892157997;0.03844192923422041;0.00046742401163455283;0.06525950851432638;0.0152951973080452;0.0007270401570980885;0.0703579076170081;30.0;53.710494270000005;86.83148499
-1.5446604583267756;1.6249639019448183;0.29518311552180254;-0.0571020699500356;0.0418249687332013;0.0173345569491179;1.6290670768129036;1.4024757598224042;1.9669382568894302;3.862129223632876;3.5473229120744745;0.03844192923422041;0.0004690876067328074;0.06525950851432638;0.0152951973080452;0.0008168511869163545;0.0734169470786172;0.0;53.7100976;86.83145696
0.0686551113505054;1.502937673831632;0.29518311552180254;-0.0244723156928724;0.044581249664961464;0.0173345569491179;0.6451149814912591;1.31476268992982;1.7286009308314958;3.5730127745905063;3.2766967860545413;0.03844192923422041;0.0004271164887330966;0.06525950851432638;0.0101967982053635;0.0006972340782543636;0.0683185479759355;0.0;53.70973241;86.83141688999999
-0.5662526030100512;1.3130868288284618;0.29518311552180254;0.0173345569491179;0.04661373233522655;0.0173345569491179;0.757845630847191;1.1377559724812056;1.2944886529166542;3.5730127745905063;3.2766967860545413;0.03844192923422041;0.000429889147230188;0.06831854797593562;0.0101967982053635;0.0005372747884597013;0.0683185479759355;0.0;53.709362549999994;86.83137726999999
-0.00504582589128022;1.2292410594192422;0.29518311552180254;-0.0397675130009177;0.04505413231285119;0.0173345569491179;0.34622433147487885;1.0620278641070164;1.1279031841397116;3.5730127745905063;3.2766967860545413;0.03844192923422041;0.00043271956944596844;0.06831854797593562;0.0101967982053635;0.00047257942352758295;0.0683185479759355;0.0;53.70900643;86.83133603
0.29518311552180254;1.9244310142671888;0.29518311552180254;0.0040787192821454;0.02849453250435636;0.0173345569491179;0.31480631155840183;1.803937021996686;3.2541887793302715;6.247473491337237;5.951157502801272;0.03844192923422041;0.0004026824357274856;0.06831854797593562;0.0550627103089629;0.0011339046860586858;0.1131844600795349;0.0;53.708668409999994;86.83130009
-0.2430800817387606;1.9275574303597214;0.29518311552180254;0.0071377587437544;0.028994509981402725;0.0173345569491179;0.29631598853596514;1.8254764937820296;3.332364429350732;6.247473491337237;5.951157502801272;0.03844192923422041;0.00048004249598225274;0.06831854797593562;0.0550627103089629;0.001136281663082754;0.1131844600795349;0.0;53.708303990000005;86.83129919
-1.0153124399887792;2.013877752995861;0.29518311552180254;0.0040787192821454;0.029983133703913173;0.0173345569491179;1.111618868781184;1.9234359293449719;3.699605774295156;6.247473491337237;5.951157502801272;0.016518813092688767;0.0003252819408696347;0.04741511165494017;0.0550627103089629;0.0012405451753171048;0.1131844600795349;0.0;53.70794548;86.83131188
-0.510508084667118;1.975941289036615;0.29518311552180254;-0.0458855919241358;0.030100039450129696;0.0173345569491179;0.9234632464812546;1.9275797712583411;3.715563774564359;6.247473491337237;5.951157502801272;0.016518813092688767;0.0002984333644228061;0.04741511165494017;0.0550627103089629;0.0011874025541228654;0.1131844600795349;0.0;53.707570520000004;86.83133116
-6.1702324219417815;1.9414129353763112;0.29518311552180254;-0.0438462322830631;0.02652561600814838;0.0071377587437544;6.247473491337237;1.887045454891759;3.560940548827646;6.247473491337237;5.951157502801272;0.006831854797593628;0.0005805946892908107;0.07545630671969006;0.0550627103089629;0.0011493131580190804;0.1131844600795349;0.0;53.707192770000006;86.83135788999999
-2.4324832007514114;1.9743540110675304;0.30193149038346156;-0.0571020699500356;0.03547955059499701;0.0448659121035994;2.719233859901744;1.8096758107578539;3.274926540042096;6.247473491337237;5.951157502801272;0.006831854797593628;0.0005326854610098287;0.07545630671969006;0.0550627103089629;0.0011938143268973877;0.1131844600795349;30.0;53.706782739999994;86.83137538
-3.056562652018886;1.8453360334703546;0.30193149038346156;-0.0642398286937901;0.03604167114092754;0.0448659121035994;3.40646351500433;1.688732598316974;2.851817788618398;6.247473491337237;5.951157502801272;0.006831854797593628;0.0005558718176917509;0.07545630671969006;0.0550627103089629;0.0010425311476498717;0.1131844600795349;0.0;53.706378529999995;86.83138844999999
-2.532061913428353;1.8219677607845677;0.30193149038346156;-0.0326297542571632;0.03896205949254916;0.0448659121035994;3.0054810098921108;1.5828114191362554;2.505291988548127;6.247473491337237;5.324010244855982;0.006831854797593628;0.0005656223334065207;0.07545630671969006;0.0550627103089629;0.0010224755845209144;0.1131844600795349;0.0;53.70598206;86.83140414
-1.9076207091939386;1.7864457023425129;0.30193149038346156;-0.0438462322830631;0.0391807170415405;0.0448659121035994;2.3587941052017953;1.5025591438534698;2.257683980777672;6.247473491337237;5.324010244855982;0.006831854797593628;0.0005592567716069498;0.07545630671969006;0.0550627103089629;0.0009785751583169767;0.1131844600795349;0.0;53.705597090000005;86.83144925
0.30193149038346156;1.6675643635972486;0.30193149038346156;0.0448659121035994;0.03904839727184872;0.0448659121035994;1.358768073611454;1.3430442140600705;1.8037677609202325;6.247473491337237;4.888705417725783;0.006831854797593628;0.0005620294301040407;0.07545630671969006;0.0550627103089629;0.0008531585722985699;0.1131844600795349;0.0;53.70522989999999;86.83154542
-2.2992055553247748;1.2983855769059993;0.30193149038346156;0.0101967982053635;0.03766670818780279;0.0448659121035994;2.5743183635571616;0.9440947571118653;0.8913149104061119;4.500148666484551;3.141380592873097;0.006831854797593628;0.0005162805649020423;0.07545630671969006;0.023452635872336;0.0005240324559501559;0.081574385642908;0.0;53.70488357000001;86.83169317000001
-3.88186231029195;1.3532801731376087;0.30193149038346156;0.0316100744366268;0.03457835689987954;0.0448659121035994;4.047926156829426;0.9894381895400071;0.978987930920207;4.500148666484551;3.141380592873097;0.006831854797593628;0.0005035263358154245;0.07545630671969006;0.023452635872336;0.0005692730004276872;0.081574385642908;0.0;53.70459495;86.83187559000001
-1.5402160238891502;1.4057825108901019;0.30193149038346156;0.0071377587437544;0.03033249925879209;0.0448659121035994;1.99004748550191;1.043821190755325;1.0895626782698646;4.500148666484551;3.141380592873097;0.006831854797593628;0.00046175161445925696;0.07545630671969006;0.023452635872336;0.0006148832327048304;0.081574385642908;0.0;53.704342329999996;86.83211960999999
-3.1743165442576284;1.4839942910700155;0.30193149038346156;0.0112164780258998;0.02915266013723297;0.0448659121035994;3.4042715966972024;1.1260462111466423;1.2679800696377086;4.500148666484551;3.141380592873097;0.006831854797593628;0.0004524169975190512;0.07545630671969006;0.023452635872336;0.0006849044125001103;0.081574385642908;0.0;53.70413556999999;86.83242996999999
-4.325303739987267;1.4779919419015006;0.30193149038346156;-0.0183542367696543;0.025727922675674194;0.0448659121035994;4.500148666484551;1.1053994844073105;1.2219080201279477;4.500148666484551;3.141380592873097;0.006831854797593628;4.81633886432148e-05;0.021413276231263545;0.023452635872336;0.0006740910443614564;0.081574385642908;0.0;53.7039622;86.83281212
-3.6984690141513044;0.8949378466157674;-1.5402160238891502;-0.0254919955134087;0.02334673429618867;0.0316100744366268;3.9276613968249086;0.8280424390424549;0.6856542808553776;4.500148666484551;2.5101011809826415;0.017028653002957195;8.77546414329243e-05;0.03161007443662711;0.023452635872336;0.0002451030111428226;0.0489446313857447;0.0;53.70385118;86.8332771
-3.863156280557099;0.8933347620533822;-1.5402160238891502;-0.0356887937187723;0.02390974636262723;0.0316100744366268;4.139398075011792;0.8513823343381527;0.7248518792230819;4.500148666484551;2.5101011809826415;0.017028653002957195;0.00010837628900503675;0.0326297542571633;0.023452635872336;0.0002451030111428226;0.0489446313857447;0.0;53.7037657;86.83380858000001
-4.223650630730386;1.44345530105961;0.17930573643094228;-0.0173345569491179;0.017850384450605515;0.0112164780258998;4.487546850653975;1.3171696196906029;1.7349358070358873;4.500148666484551;4.035811352887181;0.017028653002957195;0.0001006128452131823;0.0326297542571633;0.023452635872336;0.0006445968895986534;0.0795350260018353;30.0;53.70370362;86.83438906
-3.9391416610169223;1.3762585609773565;0.17930573643094228;-0.0101967982053635;0.015381813669127123;0.0112164780258998;4.145601776503853;1.251287452143451;1.565720287891649;4.500148666484551;4.035811352887181;0.017028653002957195;0.00017259799144390167;0.04894463138574501;0.023452635872336;0.0005897560150749457;0.0795350260018353;0.0;53.70365869;86.83499180999999
-3.831286480397598;1.3993122986425262;0.17930573643094228;-0.0418068726419904;0.011872448203544723;-0.0061180789232181;3.965888177509199;1.2909405197869013;1.6665274256276748;4.500148666484551;4.035811352887181;0.017028653002957195;0.00018009572212978434;0.04894463138574501;0.023452635872336;0.0006097076035102614;0.0795350260018353;0.0;53.703624420000004;86.83559754000001
-2.310198561236454;1.3647407034419992;0.17930573643094228;-0.037728153359845;0.011852970792014009;-0.0061180789232181;2.428492074648654;1.267556649231125;1.606699859010037;4.487546850653975;4.023209537056604;0.017028653002957195;0.0001772652999140041;0.04894463138574501;0.0224329560517997;0.0005792661237609523;0.078515346181299;0.0;53.7035981;86.83619841999999
0.17930573643094228;1.3489811039383703;0.17930573643094228;-0.0183542367696543;0.011845170859744117;-0.0061180789232181;0.4643373135973711;1.2479380222100187;1.5573493072774531;4.487546850653975;4.023209537056604;0.026205771387784238;0.0002941906192850703;0.05812174977057205;0.0224329560517997;0.000566041120367016;0.078515346181299;0.0;53.70357507;86.83679491000001
-4.245121213523898;1.358704730361449;0.17930573643094228;-0.020393596410727;0.012353145026009921;-0.0061180789232181;4.254556945460222;1.24040073429532;1.538593981640369;4.487546850653975;4.023209537056604;0.026205771387784238;0.00029188007053749436;0.05812174977057205;0.0224329560517997;0.0005730420830721703;0.078515346181299;0.0;53.70355412;86.83738324
-2.540272718646574;1.2966750214660065;0.17930573643094228;-0.0061180789232181;0.012773838599019175;-0.0061180789232181;2.569268590096759;1.1580608195125643;1.3411048616901122;4.254556945460222;3.790219631862851;0.026205771387784238;0.0002939018006916234;0.05812174977057205;0.0224329560517997;0.0005222100106255061;0.078515346181299;0.0;53.703532499999994;86.83796834
-2.5357934365168866;1.730996828142248;0.17930573643094228;-0.0285510349750178;0.011941820158600985;-0.0061180789232181;2.55992831763676;1.6095604875048717;2.59068496293692;6.6655152369621335;6.201177923364763;0.026205771387784238;0.00028568779989399204;0.05812174977057205;0.0632201488732537;0.0009287510627614419;0.119302539002753;0.0;53.703511750000004;86.83856198999999
-3.1499451293063236;1.880942696968959;0.17930573643094228;-0.023452635872336;0.012451882335858446;-0.0061180789232181;3.1816133483428737;1.765722973687907;3.117777619809265;6.6655152369621335;6.201177923364763;0.026205771387784238;0.0002742650245231642;0.05812174977057205;0.0632201488732537;0.0010895652555927078;0.119302539002753;0.0;53.703495350000004;86.83921375
-3.998104115226554;2.082214456648924;0.17930573643094228;-0.0397675130009177;0.018025242436208407;-0.0061180789232181;4.043096091617857;1.981709449379013;3.927172341758071;6.6655152369621335;6.201177923364763;0.026205771387784238;0.0003097319477984511;0.05812174977057205;0.0632201488732537;0.001352020487829826;0.119302539002753;0.0;53.70348543;86.83986687
-2.768051656303148;1.5521678627489932;-2.5357934365168866;-0.0122361578464362;0.02042897127930949;0.003059039461609;2.8681490113175845;1.5777778442371426;2.489382925765605;6.6655152369621335;4.105586919325374;0.026205771387784238;0.00031072548375990863;0.05812174977057205;0.0632201488732537;0.00075277967014608;0.07137758743754449;0.0;53.70348269;86.84052461
-6.60094302320946;1.685903694265134;-2.5357934365168866;-0.020393596410727;0.02239584609082055;0.003059039461609;6.6655152369621335;1.713001657284119;2.934374677858138;6.6655152369621335;4.105586919325374;0.026205771387784238;0.00022782299469689446;0.05200367084735402;0.0632201488732537;0.0008870225523802257;0.07137758743754449;30.0;53.703489909999995;86.84117951
-5.544801664746712;1.6100876785451868;-2.5357934365168866;-0.0448659121035994;0.02200687552188166;0.003059039461609;5.638201629867675;1.626167771821358;2.6444216221104404;6.6655152369621335;4.105586919325374;0.026205771387784238;0.0002069818449937631;0.05200367084735402;0.0632201488732537;0.0008086949498374111;0.07137758743754449;0.0;53.70351124;86.84182804
-6.51914447496206;1.514010854370693;-2.768051656303148;-0.0672988681553992;0.027667395975621064;0.0295707147955541;6.652958490677308;1.5261042847610733;2.328994287966107;6.6655152369621335;3.797366225644549;0.026205771387784238;0.0002357019659261292;0.05200367084735402;0.0632201488732537;0.0007165040548091427;0.0672988681553991;30.0;53.70354763;86.84246859
-4.329526092613162;1.3920281822755618;-2.768051656303148;0.003059039461609;0.028250222833747122;0.0295707147955541;4.5989301161655805;1.396594126984252;1.9504751555269049;6.6655152369621335;3.797366225644549;0.016008973182420783;0.00015758231277059566;0.04180687264199057;0.0632201488732537;0.00060639196605749;0.0672988681553991;30.0;53.703603740000005;86.8431007
-6.301850486698102;1.458541111012035;-2.768051656303148;0.003059039461609;0.027621635527122882;0.0295707147955541;6.4188046390258435;1.4705253715276556;2.1624448683065496;6.6655152369621335;3.797366225644549;0.016008973182420783;0.0001521756287012685;0.04180687264199057;0.0632201488732537;0.0006644676088278039;0.0672988681553991;0.0;53.70367904999999;86.84373409
-6.018699841149839;1.3100372156222069;-3.237386930931581;-0.0112164780258998;0.027871300240944405;0.0295707147955541;6.076778223137994;1.3341075208325006;1.7798428771418413;6.6655152369621335;3.3920927652842066;0.016008973182420783;0.00020891981775579264;0.042316712552258884;0.0632201488732537;0.0005360588621812871;0.0591414295911083;0.0;53.70377519;86.84436783
-3.237386930931581;1.2431706547914974;-3.237386930931581;0.0295707147955541;0.028059265384580846;0.0295707147955541;3.273422471677927;1.2758120900280356;1.6276964890617047;6.652958490677308;3.3795360189993806;0.016008973182420783;0.0002141763161565273;0.042316712552258884;0.0632201488732537;0.00048393288243598075;0.0591414295911083;0.0;53.70389186;86.84498882
-4.935202119751859;1.2273921727511936;-3.237386930931581;-0.0367084735393086;0.02725559421511447;0.0295707147955541;4.938353222106266;1.2613404522175697;1.5909797364004232;6.652958490677308;3.3795360189993806;0.016008973182420783;0.0001805722728089729;0.042316712552258884;0.0632201488732537;0.00047463292372698873;0.0591414295911083;0.0;53.70402603;86.84555051
-3.3509904519325118;1.2375333830409916;-2.306443750151133;-0.0295707147955541;0.020897286940599023;0.0295707147955541;3.354078707982051;1.2564910967104015;1.5787698761125073;6.4188046390258435;4.038936111971947;0.016008973182420783;0.00014452771234679262;0.042316712552258884;0.058121749770572;0.00047292311765378313;0.0703579076170082;0.0;53.70417236000001;86.84610644
-3.85381047668453;1.3396022716141962;-2.306443750151133;-0.0056082390129499;0.02550247340266288;0.0295707147955541;3.8614004092759227;1.350907620290954;1.8249513985601686;6.4188046390258435;4.038936111971947;0.016008973182420783;0.0001464916787822322;0.042316712552258884;0.058121749770572;0.0005540233786936884;0.0703579076170082;0.0;53.70433274;86.84665593999999
-3.8085359862384713;1.2979690531363683;-1.5396699056714245;-0.0071377587437544;0.027148144092877052;0.0295707147955541;3.8293675853671023;1.2848799916507663;1.6509165929444731;6.076778223137994;4.459650770925358;0.016008973182420783;0.00015148246407699557;0.042316712552258884;0.0530233506678902;0.0005180250292064595;0.0785153461812989;0.0;53.70450166999999;86.84721143
-4.146165678807315;1.0365322112563398;-1.5396699056714245;-0.0367084735393086;0.05410565534571538;0.0295707147955541;4.168003910357831;1.0140870916886253;1.0283726295294946;4.938353222106266;3.32122576989363;0.016008973182420783;0.00022233255323546774;0.04741511165494028;0.0336494340776996;0.00033387718221061465;0.059141429591108303;0.0;53.70467423;86.84783711
-2.306443750151133;1.3366627995257765;-0.7631458433612268;-0.0244723156928724;0.06335525370854708;-0.0056082390129499;2.3798685270538966;1.281070264934279;1.6411410236987833;4.938353222106266;3.948458163466139;0.004792495156520804;0.00016036363582548816;0.0361986336290403;0.0336494340776996;0.0005594098454614748;0.0734169470786173;0.0;53.704814729999995;86.84847425000001
-2.591956621415667;1.7413629542382647;1.0606303083397695;-0.0622004690527174;0.06503271808279194;-0.0056082390129499;2.6494149473080593;1.2746269578744014;1.624673881740151;4.462745135659211;3.4728500770190838;0.0017334556949117896;0.00013887553247303442;0.033139594167431285;0.0260018354236769;0.0009497077399019552;0.0973794228612215;0.0;53.70490823;86.84908743
-1.5396699056714245;1.9821203456287209;1.0606303083397695;-0.058121749770572;0.06589374852465225;-0.0056082390129499;1.617127452212636;1.4268929878358867;2.0360235987352238;4.462745135659211;3.7747278196981617;0.003772815335984392;0.00014474432629187629;0.03517895380850389;0.0260018354236769;0.0012223062811409305;0.0973794228612215;0.0;53.70496197;86.84965317
-4.423929501540058;2.2228049794090814;1.7006474051097884;-0.1743652493117161;0.06526915581343827;-0.0071377587437544;4.462745135659211;1.3742322827552753;1.888514366966775;4.462745135659211;3.7747278196981617;0.003772815335984392;0.00011382051949150993;0.03517895380850389;0.0260018354236769;0.0015361712230116081;0.1085959008871213;60.0;53.70497626;86.8501641
-0.7631458433612268;2.215163214512969;1.7006474051097884;-0.1784439685938615;0.06643335544354208;0.0050983991026817;0.9898950586401271;1.321600886090857;1.7466289021161383;4.462745135659211;3.7747278196981617;0.003772815335984392;0.00011259592865529474;0.03517895380850389;0.0260018354236769;0.0015304179566301454;0.1085959008871213;60.0;53.70495092;86.85063027999999
1.0606303083397695;2.0228211178436393;1.7006474051097884;-0.0101967982053635;0.07150404519752965;0.0275313551544814;1.1747114876042017;1.1249614291685057;1.2655382171168468;4.462745135659211;3.7747278196981617;0.003772815335984392;0.00012761449551453667;0.03517895380850389;0.0260018354236769;0.0012857077387744087;0.1085959008871213;0.0;53.70487768;86.85104344
0.6306697393065264;2.0565019797076776;1.7537604950812957;-0.0152951973080452;0.0726768600704632;0.0275313551544814;0.6880173159610493;1.108738261032662;1.2293005314777312;4.462745135659211;3.7747278196981617;0.019068012644029797;0.0001999808822886064;0.05047415111654929;0.0260018354236769;0.0013132032688705595;0.1085959008871213;0.0;53.70475811;86.85141027
1.7006474051097884;1.893845838629493;1.7537604950812957;-0.0132558376669725;0.074631229144706;0.0275313551544814;1.7012888621651154;1.0646038418130759;1.1333813400031607;4.462745135659211;3.7747278196981617;0.019068012644029797;0.00020559262755928063;0.05047415111654929;0.0260018354236769;0.00111821606006265;0.1085959008871213;0.0;53.70459772;86.85172348
0.9868441966841259;1.8184697361215112;1.7537604950812957;0.0050983991026817;0.07471168059371311;0.0275313551544814;1.096770478498827;1.0679881808106124;1.1405987543511615;4.462745135659211;3.7747278196981617;0.019068012644029797;0.00019912309106606872;0.05047415111654929;0.0260018354236769;0.001032956811277108;0.1085959008871213;0.0;53.704394730000004;86.85197105
0.9300598902610977;0.8028743410243775;2.1934985545510086;0.0275313551544814;0.058497301201878384;0.0275313551544814;1.1510048805237958;0.646330455373443;0.4177430575432422;2.9190008984796254;2.230983582518576;0.019068012644029797;0.00015527176402301796;0.04282655246252676;-0.0397675130009177;0.00019782918376743026;0.053023350667890295;0.0;53.70415706;86.85208922
1.7537604950812957;0.5146585632674529;2.1934985545510086;-0.003059039461609;0.015188704345719778;0.0275313551544814;1.9818021279063789;0.7431550217050464;0.552279386285428;2.9190008984796254;2.230983582518576;0.019068012644029797;0.00016324315720215416;0.04282655246252676;-0.0632201488732537;8.137752688961743e-05;0.0295707147955543;0.0;53.70391775;86.85214175
0.7356053706936958;0.509982557485421;2.1934985545510086;0.0091771183848271;0.014824958579010998;0.0275313551544814;1.4599834420234612;0.8066935063800044;0.6507544132356661;2.9190008984796254;2.230983582518576;0.019068012644029797;0.00016308141878982392;0.04282655246252676;-0.0632201488732537;7.98179064850039e-05;0.0295707147955543;30.0;53.703689250000004;86.85216413
1.0317181179044717;0.47529463418924134;2.1934985545510086;-0.0173345569491179;0.01486581430537423;0.0275313551544814;1.9032076066927694;0.7631468672104463;0.5823931409331187;3.010990717606896;1.9142202391080692;0.019068012644029797;0.00014986507995369146;0.04282655246252676;-0.0662791883348628;6.706367739838609e-05;0.02651167533394519;0.0;53.703463109999994;86.85217095
2.1934985545510086;0.4775903167644361;2.1934985545510086;0.0193739165901906;0.014382346005666327;0.0275313551544814;2.9190008984796254;0.8161374462211873;0.6660803311244415;3.1576712604649604;2.0609007819661334;0.019068012644029797;0.0001492181263043703;0.04282655246252676;-0.0662791883348628;6.866950877795125e-05;0.02651167533394519;0.0;53.703238920000004;86.85216948
1.6181380693907226;0.4636184427920717;2.1934985545510086;-0.003059039461609;0.015340072920192979;0.0275313551544814;2.8581682197367;0.7161530477352529;0.5128751877804915;3.1576712604649604;2.006666379941165;0.019068012644029797;0.0001492874427667975;0.04282655246252676;-0.0662791883348628;6.464915395716961e-05;0.02651167533394519;0.0;53.70299518;86.85214078
1.2299604270322284;0.474225822434892;2.1934985545510086;-0.003059039461609;0.013418252909929396;0.0214132762312633;2.8985853462512163;0.584277367966288;0.3413800427176132;3.1576712604649604;1.6976878184414992;0.019068012644029797;0.00012627437724094454;0.03976751300091774;-0.0662791883348628;6.834603195329065e-05;0.02651167533394519;0.0;53.702758960000004;86.85210168
0.9284970552905953;0.46277443651659717;2.1934985545510086;0.020393596410727;0.0132554018992027;0.0214132762312633;3.010990717606896;0.5461481346239634;0.29827778495323487;3.1576712604649604;1.6976878184414992;0.002753135515448202;5.7443130050665704e-05;0.023452635872336147;-0.0662791883348628;6.706367739838613e-05;0.02651167533394519;0.0;53.70253146;86.85204826
1.725206309312382;0.41016253762571214;2.1934985545510086;-0.0091771183848271;0.018480006970653873;0.0214132762312633;3.1576712604649604;0.3458074600189265;0.11958279940474142;3.1576712604649604;1.254463653772191;0.002753135515448202;5.4020629718319225e-05;0.023452635872336147;-0.0693382277964719;5.3558519968806406e-05;0.02345263587233609;0.0;53.70229957;86.85199045
1.3400738431644266;0.5799720659860033;2.8979508232971085;0.0214132762312633;0.017603715460800973;0.0214132762312633;2.674488664255908;0.29284177623202884;0.08575630590672965;3.6840605030678595;1.0095718388119517;0.012949933720811546;9.127822827297637e-05;0.03364943407769949;-0.0693382277964719;9.722789129798645e-05;0.03262975425716319;0.0;53.70207154;86.8519365
1.9571235017809148;0.5498526246331771;2.8979508232971085;0.0010196798205363;0.016522099799429927;0.0214132762312633;3.0047169403301113;0.30663032528989465;0.09402215638738659;3.6840605030678595;1.0095718388119517;0.017028653002957195;0.0001028194192671175;0.029570714795554287;-0.0693382277964719;8.391913051195046e-05;0.03262975425716319;0.0;53.70184571;86.85188987000001
1.4925791505804016;0.7676097548010813;3.268164869802055;0.0010196798205363;0.01677021149404221;0.0214132762312633;2.7988275811776124;0.4195470173459269;0.1760196997638635;3.864498391106388;1.1900097268504801;0.017028653002957195;0.00013240599597982405;0.029570714795554287;-0.0693382277964719;0.0001622120748235516;0.03874783318038129;0.0;53.70162355;86.85185459
1.1442534621146025;0.8302478303063916;3.268164869802055;-0.037728153359845;0.018555807025395596;0.0275313551544814;2.675011466917271;0.44996346094327805;0.20246711618405291;3.864498391106388;1.1900097268504801;0.017028653002957195;0.00012772713476598332;0.029570714795554287;-0.0693382277964719;0.0001940398838214063;0.03874783318038129;0.0;53.70140652;86.85182956
2.8979508232971085;0.7922355618283737;3.268164869802055;0.0061180789232181;0.018135464192395322;0.0275313551544814;3.6840605030678595;0.458443857549253;0.21017077052463978;3.864498391106388;1.1900097268504801;0.017028653002957195;0.00011996369097412941;0.029570714795554287;-0.0734169470786173;0.00018073112303537077;0.03466911389823589;0.0;53.70119473999999;86.85181745999999
1.4486595506203361;0.7838037456730249;3.268164869802055;0.0040787192821454;0.017695354369761836;0.0275313551544814;2.6809685216074306;0.45920243840292285;0.21086687943519014;3.864498391106388;1.1900097268504801;0.017028653002957195;0.00010332773999158432;0.029570714795554287;-0.0734169470786173;0.0001779238063070664;0.03466911389823589;0.0;53.70098736;86.85181232
3.268164869802055;0.7292060440713031;3.268164869802055;0.0101967982053635;0.01672364712466428;0.0275313551544814;3.864498391106388;0.43857933953595796;0.19235183706779707;3.864498391106388;1.1894869241891168;0.017028653002957195;9.976949492031693e-05;0.029570714795554287;-0.0734169470786173;0.00015601980418004918;0.03466911389823589;0.0;53.700799829999994;86.85182191
2.9518559986981003;0.7250066311040492;3.268164869802055;0.0275313551544814;0.016806339031668456;0.0275313551544814;3.600630630797894;0.44751870360091633;0.20027299007264482;3.864498391106388;1.1894869241891168;0.017028653002957195;0.00010076591906770919;0.029570714795554287;-0.0734169470786173;0.00015508403193728102;0.03466911389823589;0.0;53.700614300000005;86.85183862
2.79046385572809;0.6966821496937351;3.268164869802055;0.0152951973080452;0.016960640290778106;0.0275313551544814;3.427496119137193;0.4573663139813678;0.2091839451649031;3.864498391106388;1.1894869241891168;0.017028653002957195;0.00010224467026615766;0.029570714795554287;-0.0734169470786173;0.00014312694216857692;0.03466911389823589;0.0;53.70042943;86.85186623
2.348509610774112;0.6351316438351782;3.268164869802055;-0.0020393596410727;0.013513162313346013;0.0275313551544814;3.0733060225638744;0.48067763924878937;0.2310509928737893;3.864498391106388;1.3681119113841507;0.017028653002957195;6.164832877125319e-05;0.022432956051800068;-0.0764759865402263;0.00012327066386909875;0.03161007443662689;0.0;53.70024949;86.85190645
2.146195955217614;0.8789658104444595;3.268164869802055;0.0061180789232181;0.013598386097416508;0.0275313551544814;2.8975377320903277;0.5490295358109454;0.3014334311927822;3.864498391106388;1.8407993055918883;0.017028653002957195;9.140819664002821e-05;0.027531355154481685;-0.0571020699500356;0.00022950969528262772;0.050983991026817596;0.0;53.70006536000001;86.85195784
2.074172496652956;0.9740298660785843;3.268164869802055;0.0091771183848271;0.021330097094740392;0.0275313551544814;2.852657022513909;0.6081096864329465;0.36979739073357654;3.864498391106388;1.8407993055918883;0.016008973182420783;7.590441454379527e-05;0.026511675333945273;-0.0571020699500356;0.0002808731939412349;0.050983991026817596;0.0;53.69986926;86.85202286
1.7777862698098081;0.8666927359601749;2.9518559986981003;0.0122361578464362;0.02802012406489552;0.0275313551544814;2.6989795815299926;0.5080400355367833;0.2581046777082161;3.600630630797894;1.5769315452833945;0.01498929336188437;7.64820517306891e-05;0.02549199551340886;-0.0571020699500356;0.00022823889347146152;0.0469052717446722;0.0;53.69966433999999;86.85209698
1.5248221548780014;0.7776150482213466;2.79046385572809;-0.0249821556031406;0.02639616501644078;0.0152951973080452;2.4963864797222373;0.42822397586365385;0.18337577350447518;3.427496119137193;1.4037970336226935;0.023146731926175224;0.00012107564255889947;0.033649434077699714;-0.0571020699500356;0.00018315719922032604;0.0448659121035995;0.0;53.69945068;86.85217516
0.23406453353551981;0.790223523708674;2.348509610774112;0.0112164780258998;0.025576884140631504;0.0122361578464362;2.0236990855144996;0.4304346431248901;0.1852739820020515;3.0733060225638744;1.2509686364317316;0.03538288977261139;0.0002010206292250165;0.04588559192413588;-0.0571020699500356;0.00019230697226072595;0.0356887937187724;0.0;53.69923014;86.85225158
0.6348354359230481;0.7585087291886352;2.146195955217614;-0.0448659121035994;0.029658731414740583;0.0397675130009177;2.1091260772477263;0.39263969435902935;0.15416592958635197;2.9427014278520836;1.1203640417199408;0.03538288977261139;0.00024140902133263888;0.04588559192413588;-0.0571020699500356;0.00017427313928589777;0.0336494340776997;0.0;53.69900488999999;86.85233353
2.1288685883889604;0.7209822574614678;2.1288685883889604;-0.0571020699500356;0.029522083742771363;0.0397675130009177;2.9427014278520836;0.3816918399047061;0.1456886606498398;2.9427014278520836;1.1203640417199408;0.03538288977261139;0.00024321124935574787;0.04588559192413588;-0.0571020699500356;0.0001588964373707819;0.0336494340776997;0.0;53.69878174;86.85242014
1.8028918107005305;0.8706439719790374;3.04327478831679;0.011726317936168;0.029167764566161467;0.0397675130009177;2.5830728807078835;0.4796069209901075;0.2300227986616112;3.416328683504477;1.5939912973723342;0.03538288977261139;0.00027663044880349457;0.04588559192413588;-0.0571020699500356;0.00022076138008712032;0.045885591924135896;0.0;53.69855953;86.85251281
0.3877397160655258;1.044486567232843;3.3206948455751846;0.0035688793718772;0.029037957837672608;0.0397675130009177;1.8223373861321428;0.6004315406630053;0.36051803502295016;3.631956807213639;1.809619421081496;0.03538288977261139;0.00028484444960112654;0.04588559192413588;-0.0571020699500356;0.00033149442881468395;0.05404303048842671;0.0;53.69833891;86.85260707
2.032996156835182;1.1197200251953885;3.3206948455751846;0.0397675130009177;0.028259013750254868;0.0397675130009177;2.6562419091549248;0.6333384309157968;0.4011175680748835;3.631956807213639;1.809619421081496;0.03538288977261139;0.00028305377432175576;0.04588559192413588;-0.0571020699500356;0.00038484788758214023;0.05404303048842671;0.0;53.69812247;86.85269783
1.4435003579953438;1.0139959891572685;3.3206948455751846;0.0010196798205363;0.02826534969168024;0.0397675130009177;2.145183719931631;0.6068735296742854;0.36829548101932574;3.631956807213639;1.809619421081496;0.03538288977261139;0.0010001470190615337;0.11063526052819417;-0.0571020699500356;0.00035901595258424387;0.05404303048842671;0.0;53.697918519999995;86.85278572
3.04327478831679;1.1331618930732206;4.4683422767562915;-0.0061180789232181;0.025316687576255808;0.0397675130009177;3.416328683504477;0.8062417971315182;0.6500258354418601;4.672195868784942;2.8498584826527993;0.03538288977261139;0.0010271573339206929;0.11063526052819417;-0.0571020699500356;0.00041890537612140465;0.0713775874375447;0.0;53.697730660000005;86.85285898
3.3206948455751846;1.3064027250579067;4.563009237999299;0.0101967982053635;0.017452121243717617;0.0397675130009177;3.631956807213639;0.9737943930982785;0.9482755200296447;4.762593350240859;2.9402559641087165;0.03538288977261139;0.0010112376530498968;0.11063526052819417;-0.0571020699500356;0.0005396546536697087;0.07341694707861741;0.0;53.69755524;86.85292419999999
2.9541043410300754;1.2939245275012263;4.563009237999299;0.0010196798205363;0.017291934582622525;0.0397675130009177;3.236649420734517;0.9631719701093696;0.9277002440043643;4.762593350240859;2.9402559641087165;0.03538288977261139;0.000984065599778407;0.11063526052819417;-0.0571020699500356;0.0005251992830676885;0.07341694707861741;30.0;53.697391419999995;86.85298309999999
2.846697108352645;0.9617563415610492;4.563009237999299;-0.020393596410727;0.01802684466574156;0.0397675130009177;3.135116500478128;0.8061045232137597;0.6498045023456829;4.762593350240859;2.6174096303092282;0.02824513102885695;0.0008936307217982959;0.10349750178443973;-0.0774956663607627;0.00027731206068403315;0.05302335066789031;0.0;53.697236610000004;86.85304333
4.4683422767562915;0.8884820607890979;4.563009237999299;-0.0183542367696543;0.012390496823479718;0.0101967982053635;4.672195868784942;0.7579882244865366;0.5745461484602522;4.762593350240859;2.6174096303092282;0.027225451208320428;0.0008265092806812234;0.1024778219639032;-0.0774956663607627;0.0002244120471082883;0.05302335066789031;0.0;53.69708811;86.85310219
4.563009237999299;0.6910612200515355;4.563009237999299;-0.0112164780258998;0.012063099109362882;0.0101967982053635;4.762593350240859;0.6207033496921965;0.3852726483191132;4.762593350240859;1.785443382682328;0.027225451208320428;0.000828450141629187;0.1024778219639032;-0.0978892627714897;0.00012505845096253505;0.032629754257163315;0.0;53.696942990000004;86.85316187
3.583890263438307;0.8361496094495241;4.563009237999299;-0.0091771183848271;0.012215368930917833;0.0101967982053635;3.798434477462841;0.7192969276894994;0.5173880701835529;4.762593350240859;2.285618887898927;0.020087692464565987;0.000751069864072879;0.09534006322014876;-0.0836137452839808;0.00019551863501985484;0.04690527174467221;0.0;53.69679834;86.8532169
2.856508487514427;0.9311289734791611;4.563009237999299;-0.0183542367696543;0.0093856097831371;0.0010196798205363;3.3581034312392877;0.7753469542570741;0.6011628994757214;4.762593350240859;2.285618887898927;0.020087692464565987;0.0008010239279954644;0.09534006322014876;-0.0836137452839808;0.00025634383079978413;0.04690527174467221;0.0;53.696643730000005;86.85327477000001
2.948737282475409;0.935886824316239;4.563009237999299;-0.0316100744366268;0.008135457508604052;-0.0050983991026817;3.2766868141707346;0.7806701643831407;0.609445905558;4.762593350240859;2.285618887898927;0.069032323850311;0.0012816180674912023;0.14428469460589377;-0.0836137452839808;0.00025634383079978413;0.04690527174467221;0.0;53.69648728000001;86.85333336
2.5598296087474193;0.9481054573871948;4.563009237999299;-0.020393596410727;0.008967644571422751;-0.0050983991026817;2.9771499675585313;0.7836157890892191;0.6140537049099195;4.762593350240859;2.285618887898927;0.069032323850311;0.0004951621493492032;0.07647598654022669;-0.0836137452839808;0.0002599482868460023;0.04690527174467221;30.0;53.69633082;86.85338682
1.8258865224173864;0.8168486341934726;4.563009237999299;-0.0224329560517997;0.012390496823479733;0.0101967982053635;2.476974462341932;0.670926196757384;0.45014196149532787;4.762593350240859;2.285618887898927;0.069032323850311;0.0004984893395457124;0.07647598654022669;-0.0836137452839808;0.0001929770313975219;0.04690527174467221;30.0;53.69617513000001;86.85344105
1.8751937911166543;0.5605372753099456;3.583890263438307;-0.0275313551544814;0.01861951360347485;0.0295707147955541;2.5996235162053143;0.43765226854113387;0.19153950815920073;3.8094775597089265;1.3325030973669945;0.069032323850311;0.0005483047705434435;0.0805547058223719;-0.0836137452839808;9.075835480477473e-05;0.0316100744366269;30.0;53.69601783;86.85349367
3.374533637218173;0.5211135579370445;3.374533637218173;-0.0050983991026817;0.019318380721696518;0.0295707147955541;3.8094775597089265;0.437436817279214;0.19135096911136845;3.8094775597089265;1.4426275233922032;0.069032323850311;0.0005423320020309605;0.0805547058223719;-0.0836137452839808;7.464227729043474e-05;0.021413276231263406;30.0;53.69585632;86.85355744
2.566473677602498;0.5334830745314649;3.374533637218173;-0.0061180789232181;0.019119109932478614;0.0295707147955541;3.0800160255815263;0.4948702381441595;0.2448965526008571;3.8094775597089265;1.665069953941678;0.069032323850311;0.0005388199679346455;0.0805547058223719;-0.0836137452839808;7.966772081641187e-05;0.021413276231263406;0.0;53.695690760000005;86.85362484
2.553488837783168;0.5367763197248152;3.374533637218173;0.0101967982053635;0.02078663437260543;0.0336494340776996;3.0136717623639284;0.5627780163686362;0.3167190957078169;3.8094775597089265;1.9140657786297854;0.069032323850311;0.0005825933139574637;0.08565310492505329;-0.0836137452839808;7.13497453251396e-05;0.020393596410726994;0.0;53.69552297;86.85370280999999
2.7538965953166556;1.3014608571510715;3.374533637218173;0.0295707147955541;0.02380442243784098;0.0448659121035994;3.1461502924231484;0.666138367211427;0.443740324271106;3.8094775597089265;2.2383504184022316;0.069032323850311;0.0005667891605240452;0.08565310492505329;-0.0265116753339451;0.00048701746501400095;0.07749566636076269;0.0;53.695353309999994;86.85383267
1.8419156717041458;1.6972071582207027;3.374533637218173;0.0061180789232181;0.04980578970502285;0.0448659121035994;2.3668500363167233;0.7464052728307096;0.557120831309486;3.8094775597089265;2.259353891785623;0.069032323850311;0.0011779177515140683;0.13765677577240742;-0.0265116753339451;0.0008167905350117378;0.07749566636076269;0.0;53.6952133;86.85398962
1.9544286098325987;2.3072233610622317;3.374533637218173;-0.0010196798205363;0.054260530672437586;0.0703579076170082;2.1444076057672485;0.8002709080399047;0.6404335262550137;3.8094775597089265;2.259353891785623;0.069032323850311;0.0012636968737678152;0.13765677577240742;0.0071377587437544;0.0015519493827716216;0.1111451004384622;0.0;53.69511826;86.85416594
1.7562929324113066;2.1817813108223523;2.7538965953166556;0.0336494340776996;0.06220929079352339;0.0703579076170082;1.895411781079141;0.9318236409758741;0.8682952978815348;3.425868823459505;2.980717267333552;0.03538288977261139;0.0007298561383841976;0.10400734169470782;0.0071377587437544;0.0014445666297280436;0.1091057407973895;0.0;53.695066710000006;86.85432942999999
-1.481793124439906;2.2140586019757342;2.7538965953166556;0.0448659121035994;0.06682996721597871;0.0703579076170082;1.571127141306695;0.8881396245149298;0.7887919926335204;3.425868823459505;2.980717267333552;0.03538288977261139;0.001094518494470325;0.10400734169470782;0.0071377587437544;0.0014792595191728932;0.1091057407973895;0.0;53.695046330000004;86.85447033
-1.5354148292137;2.1991359956040126;2.7538965953166556;-0.1325583766697257;0.07100345264160725;0.0703579076170082;1.5501236679233037;0.8490200619438433;0.7208350655831274;3.425868823459505;2.980717267333552;0.056796166003874826;0.0015402695588526219;0.12542061792597126;0.0071377587437544;0.0014742340756469165;0.1091057407973895;90.0;53.69506028000001;86.85459948
-3.422833588712507;1.9273562739222416;1.9544286098325987;0.0703579076170082;0.06881483278262067;0.0703579076170082;3.425868823459505;0.8172326075780769;0.667869134888863;3.425868823459505;2.980717267333552;0.056796166003874826;0.0015353596427640235;0.12542061792597126;0.0071377587437544;0.0011189525474759464;0.0927908636688079;90.0;53.69510464;86.85472576
-0.2819616834026757;1.7948534342121076;1.9544286098325987;-0.0907515040277353;0.06790290126703617;0.0703579076170082;0.4451515561259528;0.8708035663347287;0.7582988511412823;3.425868823459505;2.980717267333552;0.09656367900479235;0.00255657597821751;0.16518813092688878;0.0071377587437544;0.0009470477206563175;0.0927908636688079;90.0;53.695180529999995;86.85484261
-1.9603474513361876;1.9221158670072582;1.7562929324113066;-0.0805547058223717;0.06715486025964998;0.0703579076170082;2.0079996806510856;1.3256345725824925;1.7573070200259677;4.8924370555342565;4.447285499408304;0.09656367900479235;0.0026208669971188024;0.16518813092688878;0.0326297542571632;0.0011078619134875832;0.11726317936168029;90.0;53.69528871999999;86.85494824
-2.506861794889834;1.6335820551794142;0.7429619370519154;-0.092790863668808;0.06325312453978651;0.0703579076170082;2.538055418222447;1.435665126866299;2.0611343565000264;4.8924370555342565;4.447285499408304;0.09656367900479235;0.002871041662762558;0.16518813092688878;0.0326297542571632;0.0007661346419070787;0.09177118384827149;90.0;53.69542714000001;86.85503546
-1.0852699274349848;1.630393483495025;0.7429619370519154;-0.0152951973080452;0.05611523686031937;0.0703579076170082;1.100553014270153;1.4879760980162575;2.214072868267687;4.8924370555342565;4.447285499408304;0.09656367900479235;0.0028727168106045505;0.16518813092688878;0.0326297542571632;0.0007618139157491125;0.09177118384827149;90.0;53.695583299999996;86.85506618000001
0.7429619370519154;2.559492455732707;4.132919416825271;-0.0326297542571632;0.07289296338399152;0.1376567757724074;0.7723811347106004;1.798563246861605;3.2348297529613586;5.85736561215015;5.412214056024197;0.09656367900479235;0.002482499785370237;0.16110941164474335;0.0326297542571632;0.0017998048351100002;0.1498929336188436;90.0;53.69572082;86.85507058
-4.824497141354252;2.5396972238239677;4.132919416825271;-0.0346691138982359;0.07067827067071113;0.1376567757724074;4.8924370555342565;2.1658240550664525;4.690793837504491;6.65747686780005;6.212325311674098;0.09656367900479235;0.0026710405631724114;0.16110941164474335;0.0326297542571632;0.001772494148913656;0.1498929336188436;90.0;53.695834479999995;86.85504856
-3.4020838230048662;2.505635872102882;4.132919416825271;-0.020393596410727;0.07448867910744501;0.1376567757724074;3.7822890503839863;2.4331279140411217;5.9201114460861;8.115924510721454;7.343543376010854;0.09656367900479235;0.002621825874849049;0.16110941164474335;0.0326297542571632;0.001710063121754162;0.1498929336188436;90.0;53.69591682;86.85502338
-2.4748017791923136;2.505635872102882;4.132919416825271;-0.040787192821454;0.07448867910744501;0.1376567757724074;3.704587195692282;2.4331279140411217;5.9201114460861;8.115924510721454;7.343543376010854;0.09656367900479235;0.002621825874849049;0.16110941164474335;0.0326297542571632;0.001710063121754162;0.1498929336188436;90.0;53.69591682;86.85502338
4.132919416825271;2.505635872102882;4.132919416825271;0.1376567757724074;0.07448867910744501;0.1376567757724074;5.85736561215015;2.4331279140411217;5.9201114460861;8.115924510721454;7.343543376010854;0.09656367900479235;0.002621825874849049;0.16110941164474335;0.0326297542571632;0.001710063121754162;0.1498929336188436;90.0;53.69591682;86.85502338
-3.1706338591374066;2.505635872102882;4.132919416825271;0.0530233506678902;0.07448867910744501;0.1376567757724074;6.65747686780005;2.4331279140411217;5.9201114460861;8.115924510721454;7.343543376010854;0.09656367900479235;0.002621825874849049;0.16110941164474335;0.0326297542571632;0.001710063121754162;0.1498929336188436;0.0;53.69591682;86.85502338
-1.8665483129100933;2.505635872102882;4.132919416825271;0.092790863668808;0.07448867910744501;0.1376567757724074;8.115924510721454;2.4331279140411217;5.9201114460861;8.115924510721454;7.343543376010854;0.09656367900479235;0.002621825874849049;0.16110941164474335;0.0326297542571632;0.001710063121754162;0.1498929336188436;0.0;53.69591682;86.85502338
-1.9417680109661577;2.432344658000032;2.521900891371974;-0.0305903946160905;0.04829942018540206;0.058121749770572;3.115727678724518;1.2631981349050727;1.5956695280276543;5.207580357326796;3.76325079200976;0.04761904761904756;0.0007484445030584445;0.0856531049250534;0.0356887937187723;0.0017376366328705345;0.12847965738758022;0.0;53.722524;86.8360472
-5.039470898882378;2.432344658000032;2.521900891371974;-0.0418068726419904;0.04829942018540206;0.058121749770572;5.207580357326796;1.2631981349050727;1.5956695280276543;5.207580357326796;3.76325079200976;0.04761904761904756;0.0007484445030584445;0.0856531049250534;0.0356887937187723;0.0017376366328705345;0.12847965738758022;60.0;53.722524;86.8360472
-2.652981855278389;2.432344658000032;2.521900891371974;0.058121749770572;0.04829942018540206;0.058121749770572;2.670583000515403;1.2631981349050727;1.5956695280276543;5.207580357326796;3.76325079200976;0.04761904761904756;0.0007484445030584445;0.0856531049250534;0.0356887937187723;0.0017376366328705345;0.12847965738758022;60.0;53.722524;86.8360472
-1.418206149810392;2.432344658000032;2.521900891371974;-0.0642398286937901;0.04829942018540206;0.058121749770572;1.5411899081644924;1.2631981349050727;1.5956695280276543;5.207580357326796;3.76325079200976;0.04761904761904756;0.0007484445030584445;0.0856531049250534;0.0356887937187723;0.0017376366328705345;0.12847965738758022;60.0;53.722524;86.8360472
0.38190550467189777;2.432344658000032;2.521900891371974;-0.0550627103089629;0.04829942018540206;0.058121749770572;1.4443295653170354;1.2631981349050727;1.5956695280276543;5.207580357326796;3.76325079200976;0.04761904761904756;0.0007484445030584445;0.0856531049250534;0.0356887937187723;0.0017376366328705345;0.12847965738758022;60.0;53.722524;86.8360472
0.4774625350428403;2.432344658000032;2.521900891371974;-0.0428265524625267;0.04829942018540206;0.058121749770572;2.132439623429882;1.2631981349050727;1.5956695280276543;5.207580357326796;3.76325079200976;0.04761904761904756;0.0007484445030584445;0.0856531049250534;0.0356887937187723;0.0017376366328705345;0.12847965738758022;60.0;53.722524;86.8360472
0.5375345675916883;2.492693993967895;2.521900891371974;-0.0479249515652085;0.05117852038148132;0.058121749770572;2.714581383987955;1.3538276892028496;1.8328494120523275;5.207580357326796;3.76325079200976;0.04761904761904756;0.0007585069428541366;0.0856531049250534;0.0356887937187723;0.0018482657069044568;0.13153869684918928;60.0;53.72236022;86.83591414
2.521900891371974;1.7681508347948738;2.521900891371974;-0.1193025390027531;0.05505434347311465;0.058121749770572;4.030617295355124;1.2251075232380737;1.5008884434945273;4.673369474223267;3.2290399089062314;0.04761904761904756;0.0013673827488152799;0.12236157846436246;-0.0061180789232181;0.000894748449754935;0.0897318242071989;60.0;53.72219027999999;86.83576980000001
1.9639261101269048;1.3707973328541452;2.521900891371974;-0.0897318242071989;0.05629624390488309;-0.0428265524625267;4.0360792802442775;1.2648644131042206;1.5998819835374845;4.673369474223267;3.2290399089062314;0.04761904761904756;0.0014816278316391576;0.12236157846436246;-0.0285510349750178;0.0005277408866900181;0.0672988681553992;60.0;53.72201282000001;86.83561282
2.2382842020871374;1.16552147989958;2.627233443390079;-0.0978892627714897;0.05636822778748749;-0.0428265524625267;4.421451261097396;1.1634519853124579;1.3536205221274997;4.826187908497396;3.381858343180361;0.04761904761904756;0.0015218313798469737;0.12236157846436246;-0.0418068726419904;0.00035999504761602527;0.0540430304884266;60.0;53.721825179999996;86.8354303
2.405540703915543;1.2109349723022325;3.021879887028616;-0.1147139798103395;0.05488095032056373;-0.0428265524625267;4.673369474223267;0.9060312621411747;0.8208926479771299;4.868390914844701;2.735951291414819;0.04761904761904756;0.001555472969611676;0.12236157846436246;-0.0418068726419904;0.0003854110838393571;0.062200469052717394;60.0;53.721655809999994;86.83524557
-0.7888329430431176;1.1429139860703785;3.021879887028616;-0.1315386968491893;0.05096815520582678;-0.0479249515652085;4.184344325015714;0.615247015556195;0.3785288901508049;4.868390914844701;2.153809530856746;0.04761904761904756;0.0015418753902321934;0.12236157846436246;-0.0418068726419904;0.0003341515598743912;0.062200469052717394;60.0;53.7214943;86.83504822
1.4943671221136707;1.147646575820066;3.4056786128904815;-0.2324869990822881;0.04957273772077203;-0.0591414295911083;4.3894346966639315;0.3129800856450253;0.09795653401036734;4.868390914844701;0.8377736194895773;0.04761904761904756;0.0013796402099211693;0.12236157846436246;-0.0418068726419904;0.00035633282785111763;0.0713775874375446;60.0;53.721339650000004;86.83482957
2.627233443390079;1.170972594640061;3.4056786128904815;-0.0632201488732537;0.04953613593730097;-0.0591414295911083;4.826187908497396;0.591600891366447;0.34999161466557466;4.868390914844701;2.058324574114255;0.04150096869582964;0.001129581071714794;0.11624349954114455;-0.0418068726419904;0.00037806353882206665;0.0713775874375446;60.0;53.72119162;86.83459706
3.021879887028616;1.292034177732536;3.6903119057444815;-0.0764759865402263;0.051624210697134416;-0.0591414295911083;4.868390914844701;0.5883636316603194;0.3461717630605199;4.868390914844701;2.058324574114255;0.029264810849393252;0.0009264838368028918;0.10400734169470816;-0.0418068726419904;0.00045865547913750537;0.0744366268991536;60.0;53.721068020000004;86.83437874
2.0900803081964083;1.294515103746335;3.6903119057444815;-0.1193025390027531;0.056677878554404704;-0.0336494340776996;4.133887047928787;0.7636366999577763;0.5831410095224029;4.868390914844701;2.1314489030968344;0.029264810849393252;0.0009027776066527651;0.10400734169470816;-0.0418068726419904;0.00046281446688314155;0.0744366268991536;60.0;53.72095249;86.83415057
3.4056786128904815;1.2925314227362983;3.6903119057444815;-0.0591414295911083;0.05933021832048627;-0.0336494340776996;4.542111011397279;0.9210726637525415;0.8483748519122024;4.868390914844701;2.5386513318482615;0.029264810849393252;0.0009390070110147516;0.10400734169470816;-0.0418068726419904;0.00046013423033595377;0.0744366268991536;60.0;53.72084649000001;86.83391657
1.1775923666977244;0.8071525925582886;3.6903119057444815;-0.1172631793616804;0.059991018344145344;-0.0336494340776996;2.810066340730446;0.9450804559322428;0.8931770681850958;4.868390914844701;2.5386513318482615;0.029264810849393252;0.00037986576684517504;0.0672988681553991;-0.0734169470786173;0.00017769275143230559;0.0428265524625267;60.0;53.72074815999999;86.83368
3.6903119057444815;1.2634259452092518;5.927856816967317;-0.061180789232181;0.03338039216028811;-0.020393596410727;4.115377259739562;1.1559765328660494;1.3362817445370128;5.928954520854506;3.5992149378580667;0.029264810849393252;0.00022643377726241343;0.05302335066789021;-0.0734169470786173;0.00046067720929163474;0.0805547058223718;0.0;53.720649730000005;86.83341517
2.402419880252637;1.6296760538299506;6.290231994188057;-0.0336494340776996;0.03363810239390373;-0.020393596410727;2.7369420117478667;1.3559943953241842;1.8387208001506;6.290436989698094;3.9606974067016543;0.020087692464565987;0.00016161133214917859;0.04384623228306295;-0.0734169470786173;0.0008004780608538488;0.09075150402773528;0.0;53.72056308;86.83316724
2.290810696414016;2.1383664695614115;7.767878398671794;-0.0418068726419904;0.03453037979001507;-0.020393596410727;2.3297395829964396;1.7844665511137654;3.1843208720438567;7.770113312614883;5.440373729618443;0.03538288977261139;0.00025394086010230147;0.05914142959110835;-0.0734169470786173;0.0013087063633705895;0.11012542061792589;0.0;53.720475220000004;86.83291042
3.104773078314645;2.1314703726519753;7.767878398671794;-0.0387478331803813;0.03198773140002494;0.0050983991026817;3.1181470463836294;1.840916140895673;3.3889722378102167;7.770113312614883;5.440373729618443;0.03538288977261139;0.00026552826207139384;0.05914142959110835;-0.0734169470786173;0.001297246041582614;0.11012542061792589;0.0;53.72039625;86.83266248999999
5.927856816967317;2.1787717802019695;7.767878398671794;-0.020393596410727;0.041679425657283456;0.0428265524625267;5.928954520854506;1.9408504951228869;3.7669006444187554;7.770113312614883;5.440373729618443;0.03538288977261139;0.00027315307293839376;0.05914142959110835;-0.0734169470786173;0.001374037129208291;0.11012542061792589;0.0;53.72031974;86.8324247
6.290231994188057;2.0967530290281013;7.767878398671794;-0.0499643112062812;0.030225858590537186;0.0428265524625267;6.290436989698094;2.0556882042080256;4.225853992920017;7.770113312614883;5.987944810585439;0.03538288977261139;0.0004979810188212425;0.07341694707861723;-0.0866727847455898;0.0012438261545386657;0.0968695829509534;0.0;53.720240450000006;86.83219437
7.767878398671794;2.6496244615266815;7.767878398671794;-0.0305903946160905;0.02799862459260218;0.0428265524625267;7.770113312614883;2.297027723448121;5.276336362289256;7.770113312614883;6.745526259862304;0.04252064851636583;0.0006372955555563166;0.08055470582237167;-0.0346691138982359;0.0020663815086756;0.1488732537983073;0.0;53.72014793000001;86.83197385
5.844276625348568;3.5158511489474056;7.767878398671794;0.0050983991026817;0.0296319883749589;0.0428265524625267;5.8606173225662666;2.262239866704612;5.117729214507701;7.770113312614883;6.745526259862304;0.04252064851636583;0.0005214446413528733;0.08055470582237167;0.0101967982053635;0.0036857873621326887;0.1937391659019067;0.0;53.720037909999995;86.83177167
2.604443576919561;3.918294553973873;7.767878398671794;0.0428265524625267;0.02929009453997671;0.0428265524625267;2.607095812818531;2.258443349481471;5.100566362817086;7.770113312614883;6.745526259862304;0.04252064851636583;0.0005217479008759924;0.08055470582237167;0.0101967982053635;0.004590240116627443;0.1937391659019067;0.0;53.71991491;86.83158979
1.769474711969436;4.419235879551424;7.767878398671794;-0.0397675130009177;0.04448971198824082;0.0428265524625267;1.7821685020294438;2.236580996355199;5.002294553257213;7.770113312614883;6.745526259862304;0.04252064851636583;0.0008286811965039426;0.0846334251045171;0.0163148771285816;0.005863710611597503;0.1998572448251248;0.0;53.71975705999999;86.83144474
-0.9277361479864998;4.379899423766611;7.767878398671794;-0.0356887937187723;0.044510740471061086;0.0428265524625267;1.024587052752579;2.188942783750378;4.791470510532854;7.770113312614883;6.745526259862304;0.04252064851636583;0.0008985984016055816;0.0846334251045171;0.0163148771285816;0.005776152366808122;0.1998572448251248;60.0;53.71959316;86.83135764
-3.598028921661473;4.063679606413299;7.767878398671794;0.0091771183848271;0.06340738396979038;0.0428265524625267;3.6150861966092913;2.053262455284907;4.2158867102826045;7.770113312614883;6.745526259862304;0.04252064851636583;0.0009689546109692608;0.0846334251045171;0.0163148771285816;0.004894446964733251;0.1998572448251248;60.0;53.719411539999996;86.83129378
-2.3463679288793453;3.1355658251533702;5.844276625348568;-0.0372183134495767;0.06342906191094147;0.0428265524625267;2.375648766851773;1.3583502933993867;1.8451155195781999;5.8606173225662666;4.836030269813687;0.04252064851636583;0.0009237833829541574;0.0846334251045171;0.0163148771285816;0.002976691504245456;0.1692668502090343;60.0;53.719215809999994;86.83125933
-3.8905001664109014;2.1879939289011023;2.604443576919561;-0.1254206179259712;0.0623994665572189;0.0428265524625267;3.893924541901906;0.8592316269690776;0.7382789887839282;3.893924541901906;2.869337489149327;0.04252064851636583;0.0017333303476422392;0.12949933720811657;0.0163148771285816;0.0014760247509262793;0.11216478025899859;60.0;53.71899867;86.83124187
-2.5148470638704357;1.7796848916452719;1.769474711969436;-0.0387478331803813;0.059272382813264704;0.020393596410727;2.515215942470403;1.081166450610821;1.1689208939264009;4.595614942493582;3.571027889741003;0.04252064851636583;0.0016645453114269106;0.12949933720811657;0.0265116753339451;0.001015763440409208;0.1131844600795349;60.0;53.71875887;86.83124783
-2.037809716683391;1.1512489066423355;-0.9277361479864998;-0.1723258896706434;0.05989940325962183;0.020393596410727;2.0567550336131957;1.1621604047878364;1.350616806456628;4.595614942493582;3.571027889741003;0.04252064851636583;0.0019334238691822902;0.12949933720811657;0.0265116753339451;0.0004032369674269018;0.061180789232180996;60.0;53.71849915;86.83127483
-2.1917891234481535;0.9471421049287826;-2.037809716683391;-0.0295707147955541;0.060155372238907726;0.020393596410727;2.21775145334154;0.9949534758498133;0.989932419105625;4.595614942493582;2.5388599088803865;0.037422249413683994;0.0016168324797894732;0.12440093810543473;0.0265116753339451;0.00028383936089592987;0.043846232283063;60.0;53.71823058;86.83132114
-3.161238985952967;0.9816957621564223;-2.037809716683391;-0.0091771183848271;0.05790969988194763;0.020393596410727;3.185675289343867;1.0471346387462235;1.096490951662184;4.595614942493582;2.5388599088803865;0.069032323850311;0.0022282036783979925;0.15601101254206173;0.0265116753339451;0.00029992078017905647;0.043846232283063;60.0;53.71795715;86.83138051
-4.5350694180644915;0.9755042555801319;-2.037809716683391;0.020393596410727;0.05839045925425353;0.020393596410727;4.595614942493582;1.0434204334281596;1.0887262008954086;4.636707148828474;2.5799521152152787;0.069032323850311;0.0024640269481333685;0.15601101254206173;0.0265116753339451;0.0002922382055933677;0.043846232283063;60.0;53.717678080000006;86.83143936
-4.370247836513578;1.0050239960494962;-2.037809716683391;-0.0183542367696543;0.05396323561040937;0.020393596410727;4.539150494873786;1.0636410010842512;1.1313321791875082;4.636707148828474;2.5799521152152787;0.069032323850311;0.0024777053967190176;0.15601101254206173;0.0265116753339451;0.00030799614805183365;0.043846232283063;60.0;53.717416639999996;86.83149024
-4.078815499995889;1.0288508129369558;-2.037809716683391;-0.0642398286937901;0.054527716732860235;0.020393596410727;4.326286438879116;1.0586901921230085;1.1208249228974527;4.636707148828474;2.5799521152152787;0.069032323850311;0.0023071868991479355;0.15601101254206173;0.0265116753339451;0.00032352303563554203;0.043846232283063;60.0;53.71715126;86.83153718
-4.12923345467981;0.9951807830395756;-2.1917891234481535;-0.0183542367696543;0.034175926390417444;0.020393596410727;4.379762982280161;1.003753874468285;1.0075218405100939;4.636707148828474;2.4189556954869342;0.069032323850311;0.00234908870068522;0.15601101254206173;0.0265116753339451;0.00029885792775517225;0.040787192821454;60.0;53.71688917;86.83157717
-4.465230089293256;1.5361537063413444;0.39121061056622874;-0.023452635872336;0.03500801717734209;0.020393596410727;4.636707148828474;1.245768665616108;1.551939568230938;4.636707148828474;3.6874374682854194;0.069032323850311;0.0024764577003953277;0.15601101254206173;0.0265116753339451;0.0006870301173478815;0.08361374528398069;60.0;53.716629999999995;86.83162008000001
-2.6388907513585402;1.639485372193429;0.39121061056622874;-0.0887121443866625;0.03589955264934019;0.020393596410727;2.892416965222772;1.3802579191322966;1.9051119233274174;4.636707148828474;3.6874374682854194;0.069032323850311;0.0015614803963553692;0.1345977363107984;0.0265116753339451;0.0007927608280369428;0.08361374528398069;60.0;53.716371;86.83165548000001
-2.29589729155641;1.560291223584404;0.39121061056622874;-0.0703579076170082;0.026810879659468906;-0.0183542367696543;2.5625934527993186;1.3092014977736446;1.7140085617727545;4.636707148828474;3.6874374682854194;0.069032323850311;0.00235449538475455;0.1468338941572347;0.0254919955134087;0.0007195048799950566;0.0825940654634443;60.0;53.71611717;86.83167557
-2.28483641936715;1.7251886730729522;0.39121061056622874;-0.0683185479759355;0.024639097602829632;-0.0183542367696543;2.4468677016229177;1.3651961719178043;1.8637605878190269;4.636707148828474;3.6874374682854194;0.069032323850311;0.001805509002330574;0.1468338941572347;0.0244723156928724;0.0008654853498668869;0.081574385642908;60.0;53.715868009999994;86.83167985
0.39121061056622874;1.8157840542674792;0.39121061056622874;-0.0632201488732537;0.029863449325040314;-0.0183542367696543;0.9492696805430549;1.3655788944044553;1.8648057168428949;4.636707148828474;3.6874374682854194;0.069032323850311;0.0017161023185431345;0.1468338941572347;0.0244723156928724;0.0009424266231611568;0.081574385642908;60.0;53.7156251;86.8316699
-1.3448530740807128;2.045141846217231;2.0820507644460626;-0.0866727847455898;0.031384501447235084;-0.0101967982053635;1.5786177683481368;1.198839548425688;1.4372162628695075;4.636707148828474;3.6874374682854194;0.05985520546548384;0.0016215893220235525;0.13765677577240754;0.0244723156928724;0.0011688604004235716;0.1080860609768532;60.0;53.715393219999996;86.8316377
-3.487401047298458;1.8668731239407503;2.0820507644460626;-0.0458855919241358;0.04145583382886864;0.0275313551544814;3.5828908780508195;0.9077423624282933;0.8239961965468989;3.5828908780508195;2.6336211975077646;0.05985520546548384;0.0021516869684360994;0.13765677577240754;0.0091771183848271;0.0010346752819081156;0.0927908636688079;60.0;53.71517102;86.83158702
0.15888677394258854;1.8690102720717274;2.0820507644460626;-0.0815743856429081;0.041681643046079915;0.0275313551544814;1.103902348270069;0.8543375465583629;0.7298926434593629;3.5828908780508195;2.6336211975077646;0.05985520546548384;0.002142629617345602;0.13765677577240754;0.0091771183848271;0.001060819140986934;0.0927908636688079;60.0;53.714956640000004;86.83151600000001
0.3391069343538251;1.783111046669457;2.0820507644460626;-0.1142041399000713;0.04184761235131912;0.0275313551544814;1.0334349449359677;0.8435364636217973;0.7115537654595678;3.5828908780508195;2.6336211975077646;0.05985520546548384;0.0022478202372649175;0.13765677577240754;0.0091771183848271;0.0009807384095818963;0.0927908636688079;60.0;53.71474642;86.83143378000001
2.0820507644460626;1.59903756637784;2.0820507644460626;-0.0101967982053635;0.041618401169150526;0.0275313551544814;2.211951218113089;0.8895524685498422;0.7913035943031179;3.5828908780508195;3.2397221490023993;0.05985520546548384;0.002201563051338452;0.13765677577240754;0.0091771183848271;0.0007904647202190411;0.0927908636688079;60.0;53.714528040000005;86.8313562
1.2208213067625193;1.6173133445335428;2.0820507644460626;0.0275313551544814;0.041185192078831416;0.0275313551544814;1.2594696238876213;0.8865306493021378;0.7859365921520699;3.5828908780508195;3.2397221490023993;0.05985520546548384;0.0019459470433941574;0.13765677577240754;0.0091771183848271;0.00081088997114761;0.0927908636688079;0.0;53.71430746;86.83127898000001
1.4979881119760083;1.5226871666845911;2.0820507644460626;-0.0224329560517997;0.03843890884377025;0.0275313551544814;1.5018811884902137;0.8972500020683433;0.805057566211642;3.5828908780508195;3.2397221490023993;0.05985520546548384;0.0019390847136138572;0.13765677577240754;0.0091771183848271;0.0007244754479882801;0.0927908636688079;0.0;53.71408520999999;86.83121545
1.0377163547365953;0.5997705101735249;2.0820507644460626;-0.0295707147955541;0.03836204193013744;0.0275313551544814;1.0396663570999365;0.4956862082656802;0.2457048170648073;2.211951218113089;1.8687824890646685;0.05985520546548384;0.001436263095166441;0.12338125828489865;-0.0540430304884266;0.00010882973419674765;0.029570714795554204;0.0;53.71385833000001;86.83116777000001
0.2510435593672522;0.5380934502634356;2.0820507644460626;-0.0316100744366269;0.039107671622573156;0.0275313551544814;0.34316872904842044;0.49901326305070615;0.24901423670051326;2.211951218113089;1.8687824890646685;0.05985520546548384;0.0014652373764610393;0.12338125828489865;-0.0560823901294993;8.318264309865785e-05;0.027531355154481497;0.0;53.713602820000006;86.83114266
0.986428668017612;1.695837257602214;2.0820507644460626;-0.0479249515652085;0.02952360009008347;0.0275313551544814;0.9986666494086861;1.0636149447149044;1.131276750620889;4.077009280255551;3.7338405512071304;0.07617008259406544;0.0019064366598106099;0.13969613541348025;0.0173345569491179;0.0008525953760413497;0.1009483022330987;0.0;53.71334385;86.83113457
0.9687229246390792;2.153178450309345;1.4979881119760083;-0.0336494340776996;0.03098085703279791;0.0275313551544814;0.9977598425599646;1.3613649030615134;1.8533143992876835;4.146503538410521;3.8033348093621004;0.07617008259406544;0.001436956259790712;0.13969613541348025;0.020393596410727;0.0014547474851470408;0.1009483022330987;0.0;53.71307419;86.83115675
0.6411713000043142;2.480422745365099;1.4979881119760083;-0.0387478331803813;0.026602159130556885;0.020393596410727;0.6655087417704544;1.6079320003556175;2.585445317767617;4.365415494520825;4.022246765472405;0.07617008259406544;0.0011357762305442233;0.10859590088712134;0.023452635872336;0.0019041492165505045;0.10400734169470771;0.0;53.71278646;86.83120693999999
0.9009975096931839;2.641754712850249;1.0377163547365953;0.020393596410727;0.028250836242270455;0.020393596410727;0.9344569861000122;1.8057006645753026;3.2605548900476893;4.589007665215092;4.245838936166672;0.07617008259406544;0.001156802224147162;0.10859590088712134;0.0285510349750178;0.0021662116555005353;0.1014581421433669;0.0;53.712478280000006;86.8312802
-4.071945885412667;2.5329812638477622;0.986428668017612;-0.0693382277964719;0.03089646682579002;0.020393596410727;4.077009280255551;1.7578161085862103;3.089917471605167;4.589007665215092;4.245838936166672;0.07617008259406544;0.0010682128969791772;0.10400734169470782;0.0285510349750178;0.0019771481160442226;0.09890894259202601;0.0;53.71215725;86.83136109
-4.145726185296928;2.557883702087552;0.986428668017612;0.0081574385642908;0.03946803459307993;0.020393596410727;4.146503538410521;1.6825408844169687;2.830943827734635;4.589007665215092;3.923498923444638;0.07617008259406544;0.0012670587221955392;0.12542061792597115;0.0285510349750178;0.0020189574956316044;0.09890894259202601;0.0;53.71183005;86.83143069
-4.365065672144849;2.45329831938544;0.9687229246390792;-0.0489446313857448;0.04055554922841006;0.020393596410727;4.365415494520825;1.7804018267883608;3.169830664831332;4.589007665215092;4.330161261316022;0.07617008259406544;0.0012990482696057246;0.12542061792597115;0.0285510349750178;0.0018621289993899063;0.09890894259202601;0.0;53.71149226;86.83148969999999
-4.588330409118611;2.3306898276615633;0.9009975096931839;-0.061180789232181;0.04123565246623213;0.020393596410727;4.589007665215092;1.874694408649505;3.514479125821717;4.589007665215092;4.36530225549248;0.07617008259406544;0.0013214143814822572;0.12542061792597115;0.0285510349750178;0.0016820332772601216;0.09483022330988061;0.0;53.71114702999999;86.83152591
-2.367624618664785;2.281032801556805;0.9009975096931839;-0.0734169470786173;0.05269562636101937;0.0499643112062812;2.3802810008785866;1.910485826079799;3.6499560916518123;4.589007665215092;4.36530225549248;0.07617008259406544;0.0014129467701174672;0.12542061792597115;0.0285510349750178;0.0015764411994959133;0.09483022330988061;0.0;53.7107938;86.83153364
-4.1067110327338145;2.249931012333852;0.6932544339351314;-0.116243499541144;0.05056350858244919;0.0499643112062812;4.115856659023045;1.9294187396341154;3.7226566728512984;4.589007665215092;4.36530225549248;0.07617008259406544;0.001321275748557403;0.12542061792597115;0.0285510349750178;0.0015527349693457869;0.0927908636688079;30.0;53.710460260000005;86.83151242
0.07645017090879547;2.2802718094135637;0.6932544339351314;-0.07545630671969;0.0520581807094257;0.0499643112062812;0.2588464038990706;1.9659211043457516;3.86484578851202;4.589007665215092;4.36530225549248;0.03334353013153879;0.0005716759711251711;0.0825940654634445;0.0285510349750178;0.0016159977940544091;0.0927908636688079;0.0;53.71012026;86.83147706
-0.038175751415522985;2.187098315940137;0.6932544339351314;-0.0795350260018354;0.04970164863470912;0.0499643112062812;0.22370540972261174;1.8999647327082854;3.609865985535266;4.589007665215092;4.36530225549248;0.03334353013153879;0.0005862901919535869;0.0825940654634445;0.0285510349750178;0.0014839383803867232;0.0927908636688079;0.0;53.70976806;86.8314295
0.25582373781857637;1.9792993970089439;0.6932544339351314;0.0499643112062812;0.053389865882104745;0.0499643112062812;0.3672977040565415;1.6840491467833305;2.8360215287816635;4.589007665215092;4.36530225549248;0.03334353013153879;0.000619042220450471;0.0825940654634445;0.0285510349750178;0.0012183523545966405;0.0927908636688079;0.0;53.709406630000004;86.83138295
0.6932544339351314;1.8108067482644623;0.6932544339351314;0.003059039461609;0.05309694314004209;0.0499643112062812;0.7417964804327786;1.5446451409944877;2.385928611597881;4.115856659023045;3.8921512493004333;0.03334353013153879;0.0005815189087898423;0.0825940654634445;0.020393596410727;0.0010120665624130864;0.0846334251045171;0.0;53.709048710000005;86.83133991000001
0.2590627389872564;2.5936839618384626;0.6932544339351314;0.003059039461609;0.05199189543345875;0.0499643112062812;0.2591604737134763;2.349131571433627;5.5184191399062215;6.93166458806557;6.707959178342958;0.0343632099520752;0.0007330100374246417;0.08361374528398091;0.0642398286937901;0.0020191423395314106;0.1284796573875802;0.0;53.708685200000005;86.83131944
-0.012813338552477127;2.527241292501263;0.6932544339351314;-0.0254919955134087;0.04222905488076458;0.0499643112062812;0.37416435940441;2.324479552747478;5.403205191141117;6.93166458806557;6.707959178342958;0.0343632099520752;0.0007117529889469466;0.08157438564290831;0.0642398286937901;0.0019066763792431652;0.1284796573875802;0.0;53.70831445;86.83131989
0.3412189788864146;2.5256997280404803;0.6932544339351314;0.020393596410727;0.04073560972335975;0.0499643112062812;0.7085013998210696;2.311872849998698;5.3447560745611025;6.93166458806557;6.707959178342958;0.0343632099520752;0.0006987561522418328;0.08157438564290831;0.0642398286937901;0.0018978385302836885;0.1284796573875802;0.0;53.7079397;86.83132914000001
-3.7015093952155755;2.5279598700161423;0.6932544339351314;-0.0101967982053634;0.03553730060724786;0.0499643112062812;3.8831686033368835;2.280730450208268;5.20173138650721;6.93166458806557;6.672504114352094;0.0343632099520752;0.0007851244644262109;0.08157438564290831;0.0642398286937901;0.0018944304708810142;0.1284796573875802;0.0;53.707557310000006;86.83134611
-6.7989459681036095;2.5079091028499616;0.6932544339351314;-0.0591414295911083;0.027226278651281362;0.020393596410727;6.93166458806557;2.1665496861469626;4.693937542543503;6.93166458806557;6.672504114352094;0.037422249413683994;0.000819135741990523;0.0846334251045171;0.0642398286937901;0.0018640236493629185;0.1284796573875802;30.0;53.70714374000001;86.8313575
-3.5018333335398255;2.4166974741242324;0.3412189788864146;-0.0336494340776996;0.03247644211260422;0.037728153359845;3.882793822950029;2.078570061479685;4.320453500479662;6.93166458806557;6.672504114352094;0.037422249413683994;0.0009244967648799732;0.0846334251045171;0.0642398286937901;0.001741749409641215;0.1223615784643621;0.0;53.70673478;86.83137094
-2.828282234884298;2.2858374218726785;0.3412189788864146;-0.0642398286937901;0.033704150174746005;0.037728153359845;3.416554413361719;1.883973116031159;3.549354701928155;6.93166458806557;6.55750022866116;0.037422249413683994;0.0009104601812384509;0.0846334251045171;0.0642398286937901;0.0015432270612495145;0.12134189864382569;0.0;53.70632911;86.83138255
-3.3945272981382892;2.2921048530896706;0.3412189788864146;-0.0346691138982359;0.04157048976481731;0.061180789232181;3.963920235407101;1.7350125170121438;3.0102684341888146;6.93166458806557;6.2231631882445;0.037422249413683994;0.0009126667552923856;0.0846334251045171;0.0642398286937901;0.0015521804376463699;0.12134189864382569;0.0;53.70593499;86.83141339
0.031288181355376476;2.1371717016267797;0.04402470297595373;-0.0193739165901906;0.04948923681585851;0.0790251860915672;2.144156132780016;1.5237957805865527;2.3219535809333816;6.93166458806557;5.435091597753469;0.037422249413683994;0.0008266017026311272;0.0846334251045171;0.0642398286937901;0.001358475583393365;0.11726317936168029;0.0;53.70556025999999;86.83147385999999
-0.2406850446116202;2.161993382682032;0.04402470297595373;0.037728153359845;0.04943326722137378;0.0790251860915672;2.02221051366427;1.5522574092588997;2.409503064599151;6.93166458806557;5.435091597753469;0.037422249413683994;0.0008737600025691463;0.0846334251045171;0.0642398286937901;0.0013897517488777361;0.11726317936168029;0.0;53.705204159999994;86.831576
-2.482347927991547;1.7627768888192403;0.04402470297595373;0.0163148771285816;0.04710361605900838;0.0790251860915672;3.078583847614494;1.1349670354791555;1.2881501716243424;4.8724995279199845;3.3759265376078833;0.037422249413683994;0.0006525018545012997;0.0846334251045171;0.0265116753339451;0.000948621781990592;0.07953502600183529;0.0;53.704879590000004;86.83171734999999
0.04402470297595373;1.7685504904977967;0.04402470297595373;0.061180789232181;0.04573175263280537;0.0790251860915672;1.4965729903121014;1.1446875001614079;1.310309473025773;4.8724995279199845;3.3759265376078833;0.037422249413683994;0.0005293496062555173;0.07341694707861723;0.0265116753339451;0.0009528731916861314;0.07953502600183529;0.0;53.70459337999999;86.83191498
-3.7444264502030924;1.8216194445336704;0.04402470297595373;0.0790251860915672;0.04246779092264922;0.0790251860915672;4.126522336159417;1.190144627303865;1.4164442339002554;4.8724995279199845;3.3759265376078833;0.037422249413683994;0.0005167802210687062;0.07341694707861723;0.0265116753339451;0.0010108910707377556;0.07953502600183529;0.0;53.704343359999996;86.83217184
-4.095993269616818;1.8806165887204234;0.04402470297595373;-0.0056082390129499;0.04169581076161033;0.0790251860915672;4.481918983642689;1.2485481883956278;1.558872578746004;4.8724995279199845;3.3759265376078833;0.037422249413683994;0.00040483413424866564;0.07341694707861723;0.0265116753339451;0.0010767186045561859;0.07953502600183529;0.0;53.704131759999996;86.83249271999999
-4.4958021596081;1.6422506705440876;0.04402470297595373;-0.037728153359845;0.04075960256689848;0.0790251860915672;4.8724995279199845;1.1592064375169018;1.3437595647806266;4.8724995279199845;3.3759265376078833;0.04761904761904756;0.0005054585322055859;0.0836137452839808;0.0265116753339451;0.0008410657377909453;0.07953502600183529;0.0;53.7039846;86.83290108
-3.587613273223334;1.4015877413792932;0.04402470297595373;-0.0071377587437544;0.04005714691142622;0.0790251860915672;4.046796004349551;1.0885167825227398;1.1848687858336577;4.8724995279199845;3.3759265376078833;0.04761904761904756;0.00037317961640687954;0.0647496686040584;0.0265116753339451;0.0005964941528600621;0.07953502600183529;0.0;53.70386341000001;86.83337637
-3.874378858452329;1.4301064409610353;0.04402470297595373;-0.0412970327317222;0.03981846435173197;0.0790251860915672;4.391052485708203;1.1451064834069697;1.3112688583406766;4.8724995279199845;3.3759265376078833;0.04761904761904756;0.0003689051012238653;0.0647496686040584;0.0265116753339451;0.0006217253451835884;0.07953502600183529;0.0;53.70376852;86.83391892
-4.224650394666211;0.8831804608230985;-1.8141049997657903;-0.0265116753339451;0.03417930659796929;0.0790251860915672;4.723810475400859;0.8424925350445146;0.7097936716057327;4.8724995279199845;2.3774998574295183;0.04761904761904756;0.0003724633462951318;0.0647496686040584;0.0265116753339451;0.00023778145979894255;0.0469052717446721;30.0;53.703699889999996;86.83450565
-3.736073041610949;1.0240416785940303;-1.8116094646759362;0.0071377587437544;0.015425782020857553;0.0071377587437544;4.192136817206589;1.010248293835107;1.0206016151967445;4.8724995279199845;2.7268711937406884;0.04761904761904756;0.00033827588938881576;0.06220046905271748;0.0265116753339451;0.0003200225542829636;0.0474151116549403;0.0;53.70364764;86.83517020000001
-1.8141049997657903;1.064118405725166;-1.8116094646759362;-0.0173345569491179;0.016269139859824422;0.0071377587437544;2.496487703559102;1.0600095561305443;1.1236202590880733;4.8724995279199845;2.7268711937406884;0.04761904761904756;0.00033022362700351463;0.06220046905271748;0.0265116753339451;0.00034637725093499824;0.0474151116549403;0.0;53.70360749;86.83584173
-2.0787496526885283;0.9569617509809799;-1.8116094646759362;-0.0045885591924135;0.019364671672604947;0.0254919955134087;2.4949996704904662;0.9554654760355391;0.9129142758958193;4.723810475400859;2.5781821412215633;0.04761904761904756;0.0004406331989064163;0.08157438564290798;0.0214132762312633;0.0002783778012938468;0.042316712552258495;0.0;53.7035712;86.83650688
-3.349611390011779;1.030842373210358;-1.8116094646759362;-0.0244723156928724;0.01958888417581829;0.0254919955134087;3.5856052600484976;1.0085715220230502;1.0172165150358923;4.723810475400859;2.5781821412215633;0.04761904761904756;0.0004600764666172655;0.08157438564290798;0.0224329560517997;0.0003217699067733175;0.0433363923727949;0.0;53.70353676999999;86.83715853
-1.8116094646759362;1.0825124332446174;-1.8116094646759362;-0.0214132762312633;0.016834927904911312;0.0254919955134087;2.145628334179296;1.0428010669451389;1.0874340652219199;4.723810475400859;2.5781821412215633;0.04761904761904756;0.0006084714599303124;0.08463342510451721;0.0244723156928724;0.000359408745871325;0.0453757520138676;0.0;53.70350161;86.83785297
-1.952025518172587;1.2643535959020187;-1.8116094646759362;0.0020393596410727;0.015859672911098053;0.0254919955134087;2.355593272354635;1.204054032607143;1.4497461134375227;5.702881723758036;3.55725338957874;0.04761904761904756;0.000678654378137924;0.08463342510451721;0.040787192821454;0.0004810129264562317;0.0616906291424492;0.0;53.703469919999996;86.83854832
-3.451891012675569;1.3267716522400288;-1.8116094646759362;0.0254919955134087;0.01505932427967744;0.0254919955134087;3.7226377052201154;1.2699185487047555;1.6126931203443926;5.702881723758036;3.55725338957874;0.024166411746711636;0.0004053742250184131;0.06118078923218129;0.040787192821454;0.0005330002732766836;0.0616906291424492;0.0;53.703444669999996;86.83923475
-4.304339230280443;1.3218518097070344;-1.8116094646759362;-0.0214132762312633;0.01612694190517991;0.0254919955134087;4.584311341122595;1.3253276046925315;1.756493259760043;5.702881723758036;3.55725338957874;0.024166411746711636;0.0004491822292724479;0.06118078923218129;0.040787192821454;0.0005266462642208509;0.0616906291424492;0.0;53.70343014;86.83992678
-4.351714911573929;1.22032257588515;-1.8116094646759362;-0.0152951973080452;0.016027688846351456;0.0254919955134087;4.690155341371313;1.2439343234902513;1.5473726011571494;5.702881723758036;3.55725338957874;0.030284490669929554;0.0005518630156147097;0.0672988681553992;0.040787192821454;0.0004457770580557031;0.0616906291424492;0.0;53.70342641;86.84062961000001
-5.3934095738021846;1.2267115304180707;-1.8116094646759362;-0.0020393596410727;0.016415472813355328;0.0254919955134087;5.702881723758036;1.2428904387442625;1.5447766427219056;5.702881723758036;3.55725338957874;0.030284490669929554;0.0006233976048396514;0.0672988681553992;0.040787192821454;0.00045023641713852415;0.0616906291424492;0.0;53.70343408;86.84134384000001
-4.5605531985894805;0.9992456548498587;-1.952025518172587;-0.0112164780258998;0.018429613829204838;0.0254919955134087;4.968515652381485;1.018936584232251;1.038231762686887;5.702881723758036;3.347288451403401;0.030284490669929554;0.0006259854194369358;0.0672988681553992;0.040787192821454;0.0002956231595085648;0.059141429591108303;30.0;53.70346253;86.84200973
-5.091446685092569;0.752749960952816;-3.2275797021445483;-0.0285510349750178;0.022341099803977634;0.0367084735393086;5.580910467030559;0.7579336594058466;0.5744634320603379;5.702881723758036;2.0988728505801424;0.030284490669929554;0.0006352276144272386;0.0672988681553992;0.040787192821454;0.00016429156869636485;0.0367084735393086;30.0;53.703509110000006;86.84266815
-4.445508427419132;1.0220967876359675;-3.2275797021445483;-0.0132558376669725;0.02130482923464764;0.0367084735393086;4.950194708429993;0.9468543761424107;0.8965332096200339;6.923166384143277;3.3191575109653835;0.030284490669929554;0.0005864894767830665;0.0672988681553992;0.0703579076170082;0.00032990015017885015;0.0662791883348628;0.0;53.703578570000005;86.84332385
-3.2275797021445483;1.2124909058128006;-3.2275797021445483;0.0091771183848271;0.020693402029973895;0.0367084735393086;3.604008873177894;1.0986136554846682;1.206951964017385;6.923166384143277;3.3191575109653835;0.030284490669929554;0.0005552970686907952;0.0672988681553992;0.0703579076170082;0.00045934864376177636;0.0662791883348628;0.0;53.70367611;86.84399227
-3.7521046361013637;1.4240666126242527;-2.602798833275142;0.0244723156928724;0.027367266299588286;0.0367084735393086;3.913726385630516;1.3713099946473708;1.8804911014197723;6.923166384143277;4.268995355573386;0.030284490669929554;0.000493536100668097;0.05812174977057194;0.0703579076170082;0.0006330441458607756;0.0774956663607626;0.0;53.70380117999999;86.84462678
-5.350085037560914;1.4295433119993866;-2.602798833275142;0.0367084735393086;0.031331495800247466;0.0367084735393086;5.383055802139546;1.3815445081841777;1.9086652280938614;6.923166384143277;4.268995355573386;0.030284490669929554;0.0004994973164368427;0.05812174977057194;0.0703579076170082;0.0006412812521458831;0.0774956663607626;0.0;53.70394572;86.84525516
-6.920969979706879;1.6008225300478351;-2.4189839658798666;-0.020393596410727;0.033104104250551665;0.0367084735393086;6.923166384143277;1.5644564413948172;2.447523957021735;6.923166384143277;4.35516731724273;0.030284490669929554;0.0004911100244831428;0.05812174977057194;0.0703579076170082;0.0007998657654357381;0.0805547058223717;30.0;53.70410402;86.84588706
-6.9067838064159215;1.7176534642802057;-2.319293096787689;-0.0127459977567043;0.03309101482957348;0.0367084735393086;6.9097938915526305;1.6595655000406107;2.754157648925042;6.923166384143277;4.396346334714819;0.030284490669929554;0.000488106311111295;0.060161109411644764;0.0703579076170082;0.0009231219883751612;0.0825940654634444;0.0;53.704288700000006;86.84656326
-2.602798833275142;1.9472696300979913;-1.2542894654080468;-0.0601611094116447;0.03514963195118338;0.0367084735393086;2.6541710285698907;1.8484694074847454;3.416839150407006;6.923166384143277;5.294973956083263;0.025186091567248048;0.00032951024507770263;0.05506271030896326;0.0703579076170082;0.0011826428237028583;0.10094830223309871;0.0;53.70447429000001;86.84722757
-4.017007657410831;1.9848935699248307;-1.2542894654080468;-0.0571020699500356;0.044997556361156966;0.0367084735393086;4.096715592462687;1.8925632238678443;3.581795556337048;6.923166384143277;5.294973956083263;0.025186091567248048;0.00030136776133223134;0.05506271030896326;0.0703579076170082;0.0012283916889048565;0.10094830223309871;0.0;53.70465736999999;86.84787913
-2.4189839658798666;2.0089652667886626;-1.2542894654080468;-0.0474151116549403;0.0666468222223644;0.0367084735393086;2.5679990669005477;1.9175717525823457;3.677081426301729;6.923166384143277;5.294973956083263;0.025186091567248048;0.00031811923975215477;0.05506271030896326;0.0703579076170082;0.0012583364006734368;0.10094830223309871;0.0;53.70482198;86.84851734
-2.319293096787689;2.4366157584852606;1.189242506830353;-0.003059039461609;0.0655067903446183;-0.003059039461609;2.5268200494284585;1.9627719144206592;3.85247358803854;6.923166384143277;5.431449492216421;0.025186091567248048;0.00032893260789080875;0.05506271030896326;0.0703579076170082;0.0018457703142570722;0.1437748546956255;0.0;53.70495161;86.84913337
-1.2542894654080468;2.4452851162090523;1.7042023643853526;-0.0520036708473539;0.06559816900272414;-0.003059039461609;1.6281924280600142;1.5799706273527412;2.4963071832974144;6.9097938915526305;5.418076999625774;0.025186091567248048;0.00030481914352392095;0.05506271030896326;0.0683185479759355;0.0018165072143690275;0.1498929336188436;0.0;53.70503239;86.84971335
-2.534899820245335;2.2181151516784556;2.4184601532879713;-0.1152238197206077;0.06749515779923389;0.0040787192821454;2.7017907115548048;0.7436477745681233;0.5530120126201222;4.096715592462687;2.6049987005358304;0.025186091567248048;0.0003071296922714967;0.05506271030896326;0.0173345569491179;0.0015058885934886952;0.1131844600795349;30.0;53.70505909;86.85022389
-2.8314510836301494;2.388731615925102;2.4184601532879713;-0.2039359641072703;0.07225240838535021;0.0101967982053635;2.956088027195297;0.7528898130331506;0.5668430705690924;4.096715592462687;2.6049987005358304;0.025186091567248048;0.00024474487608695393;0.05506271030896326;0.0173345569491179;0.001742387698732736;0.1131844600795349;30.0;53.705042070000005;86.85067279
1.189242506830353;2.3075705148763714;2.5492258142970634;-0.1560110125420618;0.07641374185738327;0.0142755174875089;1.4917168919268562;0.486858872375297;0.23703156161054575;2.956088027195297;1.4643711352684408;0.009890894259202643;0.00015528042858082368;0.03976751300091785;-0.003059039461609;0.0016379508953423176;0.0948302233098807;30.0;53.70498424;86.85107576
1.7042023643853526;2.2866272310458844;2.5492258142970634;-0.0193739165901906;0.07835855916587091;0.0142755174875089;1.8895732840958845;0.4815106344317182;0.23185249107083575;2.956088027195297;1.4643711352684408;0.009890894259202643;0.0001707495524458427;0.03976751300091785;-0.003059039461609;0.0016202751974233641;0.0948302233098807;0.0;53.70488673;86.85143137
2.4184601532879713;2.149688511854899;2.5492258142970634;0.0040787192821454;0.07795413511044569;0.0142755174875089;2.478486116397327;0.4752134918138581;0.22582786280191977;2.956088027195297;1.4643711352684408;0.016008973182420783;0.00014215651169459398;0.035688793718772316;-0.003059039461609;0.0014245717185037063;0.0948302233098807;0.0;53.70473358;86.8516827
2.0541563834193406;2.0257793826091395;2.5492258142970634;0.0101967982053635;0.08181203557375225;0.0254919955134087;2.0720812749330717;0.47895887751966315;0.22940160635489568;2.956088027195297;1.4643711352684408;0.016008973182420783;0.00025919735850303896;0.05200367084735402;-0.003059039461609;0.0012675699311059403;0.0948302233098807;0.0;53.704550000000005;86.851878
2.5492258142970634;1.590210884919919;2.5492258142970634;0.0142755174875089;0.07922532350053375;0.0254919955134087;2.551151278284129;0.45312993690458697;0.20532673971915497;2.956088027195297;1.4643711352684408;0.016008973182420783;0.00026965259158581907;0.05200367084735402;-0.003059039461609;0.0007784267612441738;0.0948302233098807;0.0;53.70433942;86.85201302
2.4376119011034882;0.5092453773162391;2.5492258142970634;-0.0020393596410727;0.05215606629622073;0.0254919955134087;2.469844311497386;0.3733907610403227;0.13942066043027138;2.551151278284129;1.0594343863572728;0.016008973182420783;0.0002674344647881464;0.05200367084735402;-0.0734169470786173;8.18194193375887e-05;0.024472315692872393;0.0;53.70411132;86.85209212
2.2691394253666033;0.44253886641514045;2.5492258142970634;-0.0091771183848271;0.012821232025287902;0.0254919955134087;2.379405880363021;0.3912052966933806;0.15304158416095595;3.033153891998996;1.4298998604822057;0.016008973182420783;0.0003098561397936347;0.05200367084735402;-0.0764759865402263;6.296534155737147e-05;0.021413276231263392;0.0;53.70388246;86.85213206
1.22058087220356;0.43298487684618653;2.5492258142970634;0.0254919955134087;0.014790630663378128;0.0254919955134087;1.6032540315167902;0.471411734864036;0.22222902376752016;3.2937777120373672;1.690523680520577;0.016008973182420783;0.00031312556627145446;0.05200367084735402;-0.0764759865402263;5.963815136086257e-05;0.021413276231263392;30.0;53.70364529999999;86.85214066
1.7538151784546203;0.4097568750018482;2.5492258142970634;0.0061180789232181;0.01802267857268125;0.0254919955134087;2.2407473376090676;0.5770747223177198;0.3330152351380734;3.4893165473927947;1.8860625158760045;0.016008973182420783;0.00031977994666447247;0.05200367084735402;-0.0764759865402263;5.2359922805999256e-05;0.021413276231263392;0.0;53.70341620000001;86.85214196000001
1.4890672638573061;0.46735070578875193;2.5492258142970634;0.0081574385642908;0.01817714143927248;0.0254919955134087;2.279732055228165;0.5703143430857012;0.3252584499292749;3.4893165473927947;1.8860625158760045;0.016008973182420783;0.00031156594586684083;0.05200367084735402;-0.0744366268991536;6.834603195328832e-05;0.02345263587233609;0.0;53.70318837;86.85212917
2.0506644140911137;0.40342953404915577;2.4376119011034882;-0.0061180789232181;0.017372835984722477;0.0254919955134087;3.033153891998996;0.5882703524664925;0.3460620075910513;3.4893165473927947;1.8860625158760045;0.016008973182420783;0.00031147352391693766;0.05200367084735402;-0.0744366268991536;5.0554806596955715e-05;0.02243295605179979;0.0;53.70296083000001;86.85210131
1.8836830266548272;0.37327225971515293;2.2691394253666033;-0.0285510349750178;0.019351840765339613;0.0254919955134087;3.2937777120373672;0.6333084646222968;0.401079611362251;3.500812217304322;1.8975581857875317;0.016008973182420783;0.00030870086541984697;0.05200367084735402;-0.0744366268991536;3.819625898336025e-05;0.0168247170388498;0.0;53.70271429;86.85205700999998
1.8805524110540253;0.33288551417781936;2.2478024970822954;-0.0305903946160905;0.01973870012336027;0.0254919955134087;3.4893165473927947;0.6187919341203236;0.382903457732371;3.500812217304322;1.8975581857875317;0.012949933720811546;0.0002640957218478987;0.048944631385744786;-0.0744366268991536;3.258162552675126e-05;0.0168247170388498;0.0;53.70246797;86.85200781
1.2296684305689318;0.30941848727291954;2.2478024970822954;0.0122361578464362;0.02007989813708445;0.0275313551544814;3.0340347504464624;0.45029261973011736;0.2027634433834121;3.500812217304322;1.2600648796952543;0.012949933720811546;0.00015722128952878664;0.03976751300091752;-0.0744366268991536;3.241988711442107e-05;0.0168247170388498;0.0;53.70222447;86.85195631
1.7540210298186016;0.5022386665353828;3.0630421578586695;-0.0010196798205363;0.02180753759528473;0.0275313551544814;3.113107108510973;0.5024957099617369;0.25250193852995;4.263230732974347;1.9834986777461823;0.0211073722851024;0.00021027148877312334;0.047924951565208374;-0.0744366268991536;6.978146036271937e-05;0.02957071479555419;0.0;53.70198375;86.85190759
2.2478024970822954;0.6558686414495205;3.4089122570031476;-0.0295707147955541;0.0278108727030852;0.0530233506678902;3.500812217304322;0.5394736658913121;0.291031836190211;4.5861507567713025;1.5606889768416528;0.0211073722851024;0.00020697895680782852;0.047924951565208374;-0.0744366268991536;0.00011553032556471771;0.0367084735393087;0.0;53.70174601;86.85186697
1.6105000422655031;0.7211263829715373;3.4089122570031476;0.0081574385642908;0.028306396709653497;0.0530233506678902;3.0254617799296497;0.5692579524410969;0.32405461641743016;4.5861507567713025;1.5606889768416528;0.025186091567248048;0.00019224920854203533;0.039767513000917964;-0.0744366268991536;0.00013565520515610168;0.0367084735393087;0.0;53.70151154;86.85183986
2.1506372297541843;0.7526020183197139;3.4089122570031476;0.0275313551544814;0.02562533812578866;0.0530233506678902;3.3918300223750197;0.5758048868017468;0.3315512676647725;4.5861507567713025;1.5606889768416528;0.025186091567248048;0.00020037078738976364;0.039767513000917964;-0.0744366268991536;0.00015319227015020106;0.0367084735393087;0.0;53.70130147;86.85182947
3.0630421578586695;0.7609882033024257;3.4089122570031476;0.0244723156928724;0.022253277518697094;0.0530233506678902;4.263230732974347;0.5999775079857169;0.359973010088751;4.5861507567713025;1.5606889768416528;0.025186091567248048;0.0001969165170121378;0.03874783318038155;-0.0744366268991536;0.0001566811987590403;0.0367084735393087;0.0;53.7010791;86.85182726
3.4089122570031476;0.6540627101305367;3.4089122570031476;0.0530233506678902;0.02320478038850542;0.0530233506678902;4.5861507567713025;0.5654008654137116;0.319678138610574;4.5861507567713025;1.5606889768416528;0.025186091567248048;0.00021521606309293692;0.03874783318038155;-0.0815743856429081;0.00011301182742986034;0.029570714795554204;0.0;53.70085861;86.85183205
3.0883598539783996;0.7986881749932613;3.4089122570031476;0.023452635872336;0.022263398602413043;0.0530233506678902;4.276401359799812;0.6740231632415181;0.4543072245861021;4.5861507567713025;2.1614534913649877;0.025186091567248048;0.0002595208353276992;0.04384623228306317;-0.0693382277964719;0.00017042896380711523;0.0418068726419904;0.0;53.70064089;86.85184729
3.0535911220461065;0.808704782323725;3.4089122570031476;0.0142755174875089;0.016049298251940246;0.0530233506678902;4.065644836315297;0.7261172607669167;0.5272462763836505;4.5861507567713025;2.1614534913649877;0.025186091567248048;0.000374496629192998;0.057611909860303956;-0.0693382277964719;0.00017154669176375496;0.0418068726419904;0.0;53.70044456000001;86.85187368000001
1.7702396612942763;1.0419557564000408;3.4089122570031476;0.0356887937187723;0.019625709572416987;0.0530233506678902;3.123696987729128;0.9482099875228804;0.899102180438141;4.5861507567713025;2.9996432806212203;0.025186091567248048;0.00038621111134320616;0.057611909860303956;-0.0550627103089629;0.0003133219629149977;0.05608239012949941;0.0;53.70024718999999;86.85191439
2.5118680651323535;1.4491035403863026;3.4089122570031476;0.0387478331803813;0.02687608136367911;0.0530233506678902;3.4873300441298003;1.0764367090255986;1.1587159885378615;4.5861507567713025;2.9996432806212203;0.025186091567248048;0.000507861502903064;0.05914142959110846;-0.0367084735393086;0.000609060649860944;0.0744366268991537;0.0;53.700045880000005;86.85196651999999
0.8937264129796656;1.3950104003971149;3.4089122570031476;0.0122361578464362;0.0334343391862444;0.0530233506678902;2.424697265406315;1.0809960887664447;1.168552543928351;4.5861507567713025;2.9996432806212203;0.025186091567248048;0.00046460803034844813;0.05914142959110846;-0.0367084735393086;0.0005700701397456048;0.0744366268991537;0.0;53.69983795;86.85203250999999
1.967296406499032;1.2831910778712878;3.0883598539783996;-0.0010196798205363;0.03140584419125037;0.0387478331803813;2.7638213293696188;0.9362577624672499;0.8765785977801814;4.276401359799812;2.68989388364973;0.054756806362802;0.0008154186466928586;0.08871214438666242;-0.0367084735393086;0.0004774633459427721;0.0703579076170083;0.0;53.69962360000001;86.85210744
0.19920444486870403;1.1991698320738429;3.0535911220461065;-0.0142755174875089;0.030959967622528648;0.0387478331803813;1.586507476150082;0.7819691451106534;0.6114757439050861;4.065644836315297;2.4791373601652147;0.054756806362802;0.0009290976450735806;0.08871214438666242;-0.0367084735393086;0.00041942236140367166;0.0703579076170083;0.0;53.69939975;86.85219335000001
-0.9680354837999885;1.0945176950008346;2.5118680651323535;-0.037728153359845;0.047566117611184476;0.0387478331803813;1.7862343222682624;0.5943451910693989;0.3532462061473202;3.4873300441298003;1.9008225679797184;0.054756806362802;0.0009702716237553791;0.08871214438666242;-0.0367084735393086;0.00034437573808241415;0.05812174977057209;0.0;53.69917146;86.85229018
1.4022054957002874;1.1050810837883598;2.5118680651323535;-0.0499643112062812;0.050231120267495204;0.0387478331803813;1.9389995904501385;0.5433082413865415;0.29518384515853646;3.4873300441298003;1.9008225679797184;0.054756806362802;0.0009606135299905128;0.08871214438666242;-0.0367084735393086;0.0003526012916237835;0.05812174977057209;0.0;53.698958360000006;86.8524022
2.234863386087304;1.0786364920385636;2.234863386087304;0.037728153359845;0.04610837357378064;0.037728153359845;2.414827728650749;0.34484993523755947;0.11892147783334897;2.7638213293696188;1.1773138532195369;0.054756806362802;0.0009251003957402755;0.08871214438666242;-0.0367084735393086;0.0003452999575814444;0.05608239012949939;0.0;53.69874257;86.85251409
2.221771740588186;1.082209806367045;2.234863386087304;-0.0061180789232181;0.049064980310225485;0.037728153359845;2.3241365361113306;0.33283479555134476;0.11077900112970548;2.7638213293696188;1.1773138532195369;0.054756806362802;0.0008985290851431558;0.08871214438666242;-0.0367084735393086;0.00034945894532708075;0.05608239012949939;0.0;53.69850969;86.85261913000001
2.0451242198254462;1.0883807958816392;2.234863386087304;-0.113184460079535;0.04817428124051194;0.037728153359845;2.111227641001302;0.2520867891977099;0.06354774928801062;2.414827728650749;0.828320252500667;0.054756806362802;0.0007879086756670372;0.08871214438666242;-0.0367084735393086;0.00034945894532708075;0.05608239012949939;30.0;53.69827961;86.85272185
2.0038662871145707;1.2524891963985623;4.186612446878495;-0.0866727847455898;0.04861365058025442;0.037728153359845;2.045369552873691;0.6852460113470387;0.46956209606702587;4.22289885184037;2.4366645295721074;0.054756806362802;0.000773643925336692;0.08871214438666242;-0.0367084735393086;0.0004558972615700878;0.08820230447639439;30.0;53.69805589;86.85281812999999
2.234148243437839;1.1268443765471106;5.038168886901751;-0.0530233506678902;0.04873896511135901;0.037728153359845;2.265709870194171;1.0807052171826874;1.1679237664458795;5.119648805235512;3.1806492147853733;0.054756806362802;0.0006318224432104988;0.07647598654022636;-0.078515346181299;0.0003742193633432887;0.06118078923218111;0.0;53.697841059999995;86.85290538
2.1331167131363893;1.1910816776282145;5.038168886901751;0.0356887937187723;0.048977930779142316;0.037728153359845;2.170592402183664;1.207960624370711;1.459168870030078;5.119648805235512;3.074279252361821;0.054756806362802;0.0005685365130144022;0.07647598654022636;-0.0866727847455898;0.00042254160221289903;0.05302335066789031;0.0;53.697638010000006;86.85298137
2.093707709180463;1.1706679849335213;5.038168886901751;-0.0224329560517997;0.04635728710063931;0.0356887937187723;2.155058865524742;1.2000088339401678;1.440021201534441;5.119648805235512;3.074279252361821;0.04048128887529323;0.000316224589779141;0.06220046905271759;-0.0876924645661262;0.0003936712956119412;0.05200367084735391;0.0;53.69744345;86.85304792999999
4.186612446878495;1.1610309100338223;5.038168886901751;-0.0050983991026817;0.046076824004951784;0.0356887937187723;4.22289885184037;1.1755633094214943;1.381949094458016;5.119648805235512;3.074279252361821;0.01498929336188437;0.00018715733673956388;0.03670847353930873;-0.0887121443866625;0.0003713051837354089;0.05098399102681761;0.0;53.69725734;86.85310245999999
5.038168886901751;1.1715855844208534;5.038168886901751;-0.0152951973080452;0.0353375007437311;0.0356887937187723;5.119648805235512;1.1354440570655266;1.2892332067254229;5.119648805235512;3.074279252361821;0.01498929336188437;0.00021841906129426214;0.04282655246252676;-0.0887121443866625;0.0003779595641284271;0.05098399102681761;0.0;53.69707043;86.85314851
4.460517709012996;1.1269503559956395;5.038168886901751;0.0035688793718771;0.028113149819642438;0.0356887937187723;4.652126883527215;1.0692503100767836;1.1432962255992978;5.119648805235512;2.96458993971077;0.01498929336188437;0.00021548466438484147;0.04282655246252676;-0.0887121443866625;0.00034957447276446013;0.05098399102681761;0.0;53.69688477;86.85318045
3.026809103808744;1.092108552681811;5.038168886901751;0.0152951973080452;0.023627411434342264;0.0356887937187723;3.407028032696986;1.0186929313134239;1.0377352883079363;5.119648805235512;2.96458993971077;0.01498929336188437;0.00022026750029232282;0.04282655246252676;-0.0887121443866625;0.00032929940750448395;0.05098399102681761;0.0;53.69670056;86.85321895999999
2.3766426332493245;1.1522390138915148;5.038168886901751;-0.0397675130009177;0.019680451588874694;0.0173345569491179;2.8726761516472785;0.9273097383136717;0.8599033507713703;5.119648805235512;2.96458993971077;0.01498929336188437;0.0002208913484541685;0.04282655246252676;-0.0815743856429081;0.00036756209476433667;0.05812174977057201;0.0;53.69652819;86.85327186999999
1.9304750152897379;1.1024707153278939;5.038168886901751;-0.0326297542571632;0.01915992884122364;0.0173345569491179;2.678209139637334;0.7837474772068285;0.6142601080280682;5.119648805235512;2.441439665598178;0.01498929336188437;0.0002521068620339154;0.04282655246252676;-0.0815743856429081;0.0003335854754312368;0.05812174977057201;0.0;53.69635335;86.85333510999999
2.7786362585577447;1.0406994245823096;5.038168886901751;0.0173345569491179;0.02219121769432071;0.0305903946160905;3.550093822784306;0.7633745676572941;0.5827407305459607;5.119648805235512;2.441439665598178;0.01498929336188437;0.00025056745893084297;0.04282655246252676;-0.0815743856429081;0.00029912652904708027;0.05812174977057201;0.0;53.69617992999999;86.85340233000001
3.086980817030401;0.767339853722785;4.460517709012996;-0.003059039461609;0.02193799788896585;0.0305903946160905;3.963146308911801;0.5660639387092286;0.3204283827070053;4.652126883527215;1.973917743889881;0.01498929336188437;0.00022477018216416117;0.04282655246252676;-0.0815743856429081;0.00015968491213088907;0.04741511165494029;0.0;53.696005639999996;86.8534738
1.6290838589589391;0.538468505697711;3.086980817030401;0.0081574385642908;0.022273320582659028;0.0305903946160905;3.045187376340298;0.41849977459592225;0.1751420613368377;3.963146308911801;1.284937169274467;0.01498929336188437;0.00022477018216416117;0.04282655246252676;-0.0815743856429081;8.739650637705003e-05;0.026511675333945092;0.0;53.69582348;86.85355276
2.988121678504423;0.6157841577662754;3.086980817030401;0.003059039461609;0.02789947222205503;0.0540430304884266;3.6650830258424985;0.5359116837554803;0.2872013327856339;3.963146308911801;1.7009089077598567;0.01498929336188437;0.0001767107682145873;0.04282655246252676;-0.078515346181299;0.00012061064462345005;0.02957071479555419;0.0;53.69564078;86.85363374
2.987764158346346;0.6224612722842355;3.086980817030401;0.0305903946160905;0.024238048864224187;0.0540430304884266;3.6649851802535482;0.5226794851684612;0.2731938442159676;3.963146308911801;1.7009089077598567;0.04048128887529323;0.0003801892436698388;0.06831854797593562;-0.078515346181299;0.00012063663829686029;0.02957071479555419;0.0;53.6954608;86.85373024
2.9933953043691437;0.8720922050245863;3.086980817030401;0.011726317936168;0.028403416852369166;0.0540430304884266;3.5256395400780964;0.6475722125644949;0.4193497704856754;3.963146308911801;2.016617920566585;0.04048128887529323;0.0003167877860363631;0.061180789232181176;-0.0622004690527174;0.00023327588974117344;0.04588559192413579;0.0;53.695291770000004;86.85385305
2.08712601292189;1.6869794500928539;3.086980817030401;-0.0112164780258998;0.028579395907785164;0.0540430304884266;2.951555529930254;0.6388256865084415;0.4080982577429816;3.963146308911801;2.016617920566585;0.04048128887529323;0.000386369961569603;0.0672988681553992;-0.0122361578464362;0.0008646102295287455;0.095849903130417;0.0;53.695127660000004;86.8540115
1.4769797064418126;1.9252882655687995;2.9933953043691437;0.0540430304884266;0.03175051663757917;0.0540430304884266;2.2622374011519444;0.6393043294628713;0.40871002566997156;3.6650830258424985;1.718554637497282;0.04048128887529323;0.00043818401723398664;0.0672988681553992;-0.0122361578464362;0.0011097825571339992;0.09483022330988071;0.0;53.694978000000006;86.8542228
2.734243117981361;2.4807212694906475;2.9933953043691437;-0.0122361578464362;0.03425717008988168;0.0540430304884266;3.1723065128942216;0.6885556042685483;0.47410882016962574;3.7246809574912696;1.7781525691460531;0.08330784133781999;0.0011774556417645564;0.11012542061792596;0.0101967982053635;0.0018386451595567388;0.1172631793616804;0.0;53.69485166;86.85445742
0.506951799787037;2.463889157061476;2.9933953043691437;-0.0530233506678902;0.05409326965636063;0.0540430304884266;1.9465283883452165;0.7519207151272064;0.5653847618374095;3.7246809574912696;2.031903464245537;0.08330784133781999;0.0016583385998537419;0.14989293361884382;0.0101967982053635;0.0017748740141236505;0.1152238197206077;0.0;53.69474099;86.85470515
-2.317328317261178;3.3991887294580474;2.9933953043691437;-0.0142755174875089;0.05237801112210511;0.0540430304884266;2.885006025276623;1.782420441235925;3.17702262933567;7.893560278787211;6.200782785541478;0.08330784133781999;0.005796254140912037;0.28653002957071483;0.1029876618741715;0.003974678160228005;0.2080146833894157;90.0;53.694638;86.85496823999999
-1.5792719699823832;3.1389098358820515;2.734243117981361;0.0458855919241358;0.051585005395055776;0.0540430304884266;2.059978991806732;1.9211404023785825;3.690780445651342;7.893560278787211;7.010398307989906;0.08330784133781999;0.005811134074846425;0.28653002957071483;0.1029876618741715;0.003426500469865679;0.1993474049148567;90.0;53.69454442;86.85524074
-3.6368463783136082;2.9348682790573406;2.734243117981361;-0.0346691138982359;0.05790857770702187;0.0632201488732537;3.7246809574912696;1.9440815414414783;3.779453039773474;7.893560278787211;7.010398307989906;0.08330784133781999;0.0059175926083909714;0.28653002957071483;0.1029876618741715;0.0030379354869858803;0.1993474049148567;90.0;53.69446803999999;86.8555202
-1.6409923404674114;2.75565734376691;2.734243117981361;-0.130519017028653;0.057499253933472966;0.0632201488732537;1.692777493245733;2.01995153439822;4.0802042013177235;7.893560278787211;7.010398307989906;0.08330784133781999;0.006210015657884143;0.28653002957071483;0.1029876618741715;0.002707503910595086;0.1993474049148567;90.0;53.69440900000001;86.85582212
-7.890186739283641;2.9659684729644176;3.821077271244209;-0.0346691138982359;0.057401121287112826;0.0632201488732537;7.893560278787211;2.0497923182228543;4.201648547845424;7.893560278787211;7.010398307989906;0.08330784133781999;0.0057470856635636215;0.28653002957071483;0.1029876618741715;0.00314822664326547;0.22229020087692458;90.0;53.69436788;86.85612916
-0.8809921421547178;2.983810295608036;3.821077271244209;-0.0050983991026817;0.061665014786172714;0.0632201488732537;0.8831619707973051;2.1046370756880273;4.42949722036065;7.893560278787211;7.010398307989906;0.08330784133781999;0.005694589996018702;0.28653002957071483;0.1029876618741715;0.003205897940004958;0.22229020087692458;90.0;53.69434133;86.85644053000001
-1.9777445578371944;2.974209564720774;3.821077271244209;0.0632201488732537;0.0645346256402729;0.0632201488732537;2.0050192927567325;2.119372590632869;4.4917401779258785;7.893560278787211;7.010398307989906;0.08330784133781999;0.007149403909442238;0.28653002957071483;0.1029876618741715;0.0031920693057507178;0.22229020087692458;90.0;53.69433210999999;86.85674363
-0.9077703156154917;2.974208529806263;3.821077271244209;-0.0897318242071989;0.05918868322618068;0.0632201488732537;1.0640138544895739;2.1294698182665317;4.534641706908095;7.893560278787211;7.010398307989906;0.08330784133781999;0.007472730548434235;0.28653002957071483;0.1029876618741715;0.0031931321581746028;0.22229020087692458;90.0;53.69432974;86.85701773999999
3.821077271244209;2.8908024773936973;3.821077271244209;-0.0163148771285816;0.08096568838493688;0.0632201488732537;3.8892733856510793;2.0946457928105797;4.387540997339062;7.893560278787211;7.010398307989906;0.08126848169674716;0.0058537290410079715;0.284490669929642;0.1029876618741715;0.003054094887289238;0.22229020087692458;90.0;53.69433007;86.85727919
0.719008296499251;3.1041322317614175;3.821077271244209;-0.1009483022330988;0.07708679033212315;0.0632201488732537;1.1144854477385178;2.2202671756247603;4.92958633115675;7.893560278787211;7.010398307989906;0.08126848169674716;0.005940062694961137;0.284490669929642;0.1029876618741715;0.00343920559979141;0.22229020087692458;90.0;53.694334960000006;86.85754519999999
-1.6655148256921888;3.2448394638927645;3.821077271244209;0.0295707147955541;0.07944898937385536;0.0632201488732537;1.8933294380510877;2.3833662353484297;5.6804346117989475;8.518167380609908;7.635005409812603;0.08126848169674716;0.002865091999737548;0.16620781074742508;0.0968695829509534;0.003274093786289654;0.2161721219537065;90.0;53.69435157;86.85780245000001
-1.5470760460213386;3.320947115324004;3.821077271244209;-0.0336494340776996;0.08062595151317162;0.0632201488732537;1.779483915136192;2.320176354042785;5.38321831385927;8.518167380609908;7.454153526120335;0.08126848169674716;0.0028438349512598525;0.16620781074742508;0.0968695829509534;0.0034270174551479476;0.2161721219537065;90.0;53.694374800000006;86.85804071999999
-1.985511877814839;3.3284674260363367;3.821077271244209;-0.2100540430304884;0.07298934031780893;0.0295707147955541;2.1406669332745647;2.2860524199678203;5.226035666840728;8.518167380609908;7.454153526120335;0.08126848169674716;0.002392758072014398;0.16620781074742508;0.0968695829509534;0.0034425327899879187;0.2161721219537065;90.0;53.694400259999995;86.85824794
-4.954851080914135;3.37392541848378;3.821077271244209;-0.0805547058223717;0.07159607955378244;0.0295707147955541;4.988257848323951;2.2543740012751936;5.082202137625526;8.518167380609908;7.4036819328713905;0.08126848169674716;0.002234485482805466;0.16620781074742508;0.0968695829509534;0.00354826350067698;0.2161721219537065;90.0;53.694423719999996;86.85841732
-8.514035506934988;3.37392541848378;3.821077271244209;0.0132558376669725;0.07159607955378244;0.0295707147955541;8.518167380609908;2.2543740012751936;5.082202137625526;8.518167380609908;7.4036819328713905;0.08126848169674716;0.002234485482805466;0.16620781074742508;0.0968695829509534;0.00354826350067698;0.2161721219537065;90.0;53.694423719999996;86.85841732
-4.342962198501434;3.37392541848378;3.821077271244209;0.0132558376669725;0.07159607955378244;0.0295707147955541;4.345736095113578;2.2543740012751936;5.082202137625526;8.518167380609908;7.4036819328713905;0.08126848169674716;0.002234485482805466;0.16620781074742508;0.0968695829509534;0.00354826350067698;0.2161721219537065;90.0;53.694423719999996;86.85841732
-2.8816281012548255;3.37392541848378;3.821077271244209;-0.0112164780258998;0.07159607955378244;0.0295707147955541;2.9649235391817363;2.2543740012751936;5.082202137625526;8.518167380609908;7.4036819328713905;0.08126848169674716;0.002234485482805466;0.16620781074742508;0.0968695829509534;0.00354826350067698;0.2161721219537065;90.0;53.694423719999996;86.85841732
-0.09381875150999175;3.37392541848378;3.821077271244209;-0.0356887937187723;0.07159607955378244;0.0295707147955541;1.3774896021001464;2.2543740012751936;5.082202137625526;8.518167380609908;7.4036819328713905;0.08126848169674716;0.002234485482805466;0.16620781074742508;0.0968695829509534;0.00354826350067698;0.2161721219537065;90.0;53.694423719999996;86.85841732
-1.9433142957593361;2.076093628629045;3.1198173301258834;-0.0999286224125624;0.04968211968163319;-0.003059039461609;3.997712912127505;0.5544128554960159;0.3073736143392462;4.4769359964894715;1.5443910973283472;0.023146731926175224;0.0003552353171960197;0.06933822779647192;0.0173345569491179;0.0013479856920793757;0.1080860609768532;0.0;53.72235587;86.83659587
-2.949112387369639;2.076093628629045;3.1198173301258834;-0.0183542367696543;0.04968211968163319;-0.003059039461609;4.4769359964894715;0.5544128554960159;0.3073736143392462;4.4769359964894715;1.5443910973283472;0.023146731926175224;0.0003552353171960197;0.06933822779647192;0.0173345569491179;0.0013479856920793757;0.1080860609768532;0.0;53.72235587;86.83659587
-0.9837253228710447;2.076093628629045;3.1198173301258834;-0.07545630671969;0.04968211968163319;-0.003059039461609;3.39016202611758;0.5544128554960159;0.3073736143392462;4.4769359964894715;1.5443910973283472;0.023146731926175224;0.0003552353171960197;0.06933822779647192;0.0173345569491179;0.0013479856920793757;0.1080860609768532;0.0;53.72235587;86.83659587
0.7023869898990327;2.076093628629045;3.1198173301258834;-0.1264402977465075;0.04968211968163319;-0.003059039461609;3.1986545900688275;0.5544128554960159;0.3073736143392462;4.4769359964894715;1.5443910973283472;0.023146731926175224;0.0003552353171960197;0.06933822779647192;0.0173345569491179;0.0013479856920793757;0.1080860609768532;30.0;53.72235587;86.83659587
3.1198173301258834;2.076093628629045;3.1198173301258834;-0.0193739165901906;0.04968211968163319;-0.003059039461609;4.323060445234311;0.5544128554960159;0.3073736143392462;4.4769359964894715;1.5443910973283472;0.023146731926175224;0.0003552353171960197;0.06933822779647192;0.0173345569491179;0.0013479856920793757;0.1080860609768532;30.0;53.72235587;86.83659587
1.151476500235062;2.076093628629045;3.1198173301258834;-0.095849903130417;0.04968211968163319;-0.003059039461609;3.091434611057273;0.5544128554960159;0.3073736143392462;4.4769359964894715;1.5443910973283472;0.023146731926175224;0.0003552353171960197;0.06933822779647192;0.0173345569491179;0.0013479856920793757;0.1080860609768532;30.0;53.72235587;86.83659587
1.5194588026475118;1.995181573068836;3.452865894256721;-0.1519322932599164;0.04844641800780894;-0.003059039461609;3.1394371340029066;0.566438260334908;0.32085230277123694;4.4769359964894715;1.5443910973283472;0.05169776690119299;0.0007433150848388265;0.09788926277148968;0.0173345569491179;0.0012036226063308487;0.1080860609768532;30.0;53.72225664;86.8364736
2.154574412570854;1.3265073242303895;3.452865894256721;-0.0499643112062812;0.04887424174571578;-0.003059039461609;3.3924429204081163;0.5526065470746953;0.3053739958698174;4.323060445234311;1.6971098104018987;0.05169776690119299;0.0007322591090816771;0.0836137452839808;-0.0183542367696543;0.0005147902609598575;0.07239726725808099;30.0;53.72215024;86.8363416
3.111323341231091;0.94588891601278;3.452865894256721;-0.003059039461609;0.055516652799946956;0.0071377587437544;3.990337247689566;0.6366483084904656;0.40532106870377105;4.323060445234311;1.8986729324263045;0.05169776690119299;0.0007532504444534023;0.06831854797593528;-0.0479249515652085;0.0002669145913199411;0.0428265524625268;30.0;53.72203699000001;86.83619763
1.713852772284493;0.8588448752696826;3.452865894256721;-0.0448659121035994;0.05178260357047047;0.0071377587437544;2.9325448991611243;0.6352170513063929;0.4035007022703887;4.323060445234311;1.8986729324263045;0.05169776690119299;0.0007823633586728543;0.06831854797593528;-0.0540430304884266;0.0002303154991583426;0.0367084735393087;30.0;53.72191888;86.83603344
3.452865894256721;0.913692188065016;3.512011998429352;-0.0672988681553992;0.05234577117351479;0.0071377587437544;4.128617037464496;0.5901135313099659;0.3482339798351181;4.128617037464496;1.7042295246564896;0.05169776690119299;0.0007673910027885642;0.06831854797593528;-0.0540430304884266;0.0002573489195049777;0.0418068726419904;30.0;53.72180793;86.83586104999999
1.504200555494256;0.8483637409382491;3.512011998429352;-0.1264402977465075;0.050879196198533;0.0071377587437544;2.625950634832412;0.6459175335029078;0.4172094600864801;4.128617037464496;1.7042295246564896;0.05169776690119299;0.0007762981682104682;0.06831854797593528;-0.0550627103089629;0.00022214770933566254;0.0407871928214541;0.0;53.72169676;86.83568332
1.3123659842446465;0.8712279153379947;3.512011998429352;0.0071377587437544;0.03787957662102652;0.0071377587437544;2.424387512808006;0.6626894941760858;0.4391573656913565;4.128617037464496;1.7042295246564896;0.056796166003874826;0.0008528235427301759;0.07137758743754474;-0.0550627103089629;0.00022695365073061984;0.0407871928214541;30.0;53.72158614999999;86.83550103
2.7683209110925553;0.9571795945440424;3.8198094907346176;-0.0458855919241358;0.03807350881195499;0.0071377587437544;3.376191307577137;0.7058719894308654;0.4982552654630877;4.128617037464496;1.7042295246564896;0.056796166003874826;0.0007674372137635172;0.07137758743754474;-0.0550627103089629;0.0002809165167302495;0.045885591924135896;30.0;53.72147932;86.83531228000001
3.512011998429352;0.9488024380313542;3.8198094907346176;-0.0132558376669725;0.0360320537023148;0.0071377587437544;4.030045631189961;0.6753530114108903;0.45610169002175815;4.128617037464496;1.7042295246564896;0.056796166003874826;0.0009007096655236811;0.08565310492505362;-0.0550627103089629;0.00027634163021004955;0.045885591924135896;0.0;53.7213755;86.83511118
1.8302930414401457;1.0259190831351026;4.325848721795996;-0.0428265524625267;0.042494679913184605;0.0071377587437544;2.4714948847957534;0.7488007793102565;0.5607026070956473;4.431900693424876;2.0075131806168702;0.056796166003874826;0.0009654050304558006;0.08565310492505362;-0.0550627103089629;0.00035398762087232995;0.058121749770572106;0.0;53.72127487;86.83490815
3.432668458054116;1.0150072822090972;4.325848721795996;-0.0244723156928724;0.04206115743823186;0.0071377587437544;3.7482060195733635;0.7312755927045788;0.5347639924854329;4.431900693424876;2.0075131806168702;0.056796166003874826;0.0008366612542408851;0.08565310492505362;-0.0550627103089629;0.00035554724127694336;0.058121749770572106;30.0;53.72117749;86.83470069
3.8198094907346176;0.9917579314406444;4.325848721795996;-0.0244723156928724;0.03268988827992136;0.0071377587437544;4.0770135390533;0.7625883350515541;0.5815409687567014;4.431900693424876;2.0075131806168702;0.056796166003874826;0.0007557833835179338;0.08565310492505362;-0.0550627103089629;0.00032897593067982294;0.058121749770572106;30.0;53.72108422;86.83447942
2.9225422619485713;0.800956192362459;4.325848721795996;-0.0489446313857448;0.028356959906366552;-0.0132558376669725;3.118722817868132;0.6770169075597351;0.45835189312174696;4.431900693424876;1.960405808629123;0.056796166003874826;0.0010018568251347407;0.11012542061792596;-0.0652595085143265;0.0002246893129579954;0.0479249515652085;30.0;53.720987519999994;86.83422912
4.325848721795996;0.8091456655882387;4.325848721795996;-0.1142041399000713;0.028523506534021026;-0.0132558376669725;4.431900693424876;0.6899930011728467;0.47609034166751196;4.431900693424876;1.960405808629123;0.056796166003874826;0.0009756552023372324;0.11012542061792596;-0.0652595085143265;0.00023350694461593094;0.0479249515652085;30.0;53.720894650000005;86.83398009
2.4117138443468944;0.868895165750528;4.424523258157382;-0.0479249515652085;0.0275386975485955;-0.0224329560517997;2.8009567278058394;0.7337686372764431;0.5384164130505285;4.55362545384006;2.0821305690443066;0.056796166003874826;0.0010491306525101383;0.11012542061792596;-0.0652595085143265;0.0002539321955444998;0.0479249515652085;0.0;53.720803090000004;86.83372725000001
4.173352319563072;0.7050628779796014;4.678689168323357;-0.0632201488732537;0.028751837000574734;-0.0193739165901906;4.409422877736981;0.645298334689773;0.4164099407533943;4.8773695184894255;2.076412790683586;0.056796166003874826;0.0010567554633771374;0.11012542061792596;-0.07545630671969;0.00017433379119051863;0.0438462322830631;0.0;53.720714570000005;86.83347489
3.801665316099343;1.2880398220940978;7.279219973472111;-0.0295707147955541;0.0280037818458671;-0.0193739165901906;4.015679665404112;1.2407527878312412;1.539467480510997;7.4185326021399565;4.617575874334117;0.031304170490465966;0.0007251917181000301;0.0846334251045171;-0.07545630671969;0.0004953845396661558;0.08565310492505349;0.0;53.72063003999999;86.83321884
4.0521438370177325;1.6758150943104684;7.644834786340271;-0.0356887937187722;0.029763668163790637;-0.0081574385642908;4.196397491285701;1.635645840681189;2.6753373161376732;7.812891229147445;5.011934501341605;0.031304170490465966;0.000744946909891802;0.0846334251045171;-0.07545630671969;0.000819785583825778;0.0917711838482716;0.0;53.72054353;86.83295568999999
4.424523258157382;1.7562531634629497;7.644834786340271;-0.0224329560517997;0.029899453240994748;-0.0081574385642908;4.55362545384006;1.7201577000109733;2.9589425129070417;7.812891229147445;5.011934501341605;0.031304170490465966;0.0006560369940850903;0.0846334251045171;-0.07545630671969;0.0009149339812509433;0.0917711838482716;0.0;53.720461119999996;86.83270432
4.678689168323357;1.7601025763462896;7.644834786340271;-0.0193739165901906;0.01584755804904134;-0.0081574385642908;4.8773695184894255;1.7214665557749953;2.963447102651825;7.812891229147445;5.011934501341605;0.031304170490465966;0.0006202928049600944;0.0846334251045171;-0.07545630671969;0.0009264867249888218;0.0917711838482716;0.0;53.72038001;86.83246449
7.279219973472111;1.5352890255862142;7.644834786340271;-0.0458855919241358;0.021084070439310754;-0.0081574385642908;7.4185326021399565;1.5171615051515825;2.3017790327138155;7.812891229147445;3.797211563743333;0.031304170490465966;0.0006851961192794945;0.0846334251045171;-0.1060467013357805;0.0006637080159270425;0.06118078923218111;0.0;53.72029768;86.83223368
7.644834786340271;1.9290110537290812;7.644834786340271;-0.0081574385642908;0.021854899613103676;-0.0081574385642908;7.812891229147445;1.8415917042743268;3.3914600052520196;7.812891229147445;5.6870530057997755;0.031304170490465966;0.0006216415877914919;0.0846334251045171;-0.0622004690527174;0.0010760254399319186;0.1050270215152442;0.0;53.72021020999999;86.83201821
7.227996583476591;2.739160344980514;7.644834786340271;-0.032119914346895;0.02846573190752426;-0.0081574385642908;7.431488807848403;2.1263494591744836;4.521362022531618;7.812891229147445;6.021442207362336;0.031304170490465966;0.00038319295704168405;0.062200469052717366;-0.0152951973080452;0.002268615175993095;0.1519322932599164;0.0;53.72011937;86.83183521
5.913653581416998;3.537707435882413;7.644834786340271;-0.0280411950647496;0.033332943599244914;0.0112164780258998;6.153457186460543;2.2207713122253363;4.9318252212030425;7.812891229147445;6.021442207362336;0.031304170490465966;0.0003734886523018664;0.062200469052717366;0.0081574385642908;0.0038015920653611803;0.1753849291322524;30.0;53.72001682;86.83166354
4.080017409990591;3.710510386668043;7.644834786340271;-0.078515346181299;0.03287947000813268;0.0112164780258998;4.4223339295288735;2.4486875399551753;5.996070668331728;7.812891229147445;6.109491471124958;0.02824513102885695;0.0002939480116665748;0.05914142959110835;0.0081574385642908;0.004197527698745745;0.1753849291322524;0.0;53.71990461;86.83151805
1.5463157556532283;4.102075765173959;7.644834786340271;-0.0683185479759355;0.03220208499324156;0.0112164780258998;2.125838223347669;2.508736421846809;6.29375843430073;7.812891229147445;6.109491471124958;0.02824513102885695;0.00025635827172945414;0.05914142959110835;0.0081574385642908;0.005124364616279119;0.1753849291322524;0.0;53.719780809999996;86.83139681
-1.102606224075005;4.098775197474389;7.644834786340271;-0.095849903130417;0.036724048676802665;0.0112164780258998;1.7914490217851085;2.3028278074599;5.3030159108105694;7.812891229147445;6.109491471124958;0.02824513102885695;0.0003076524539256322;0.05914142959110835;0.0112164780258998;0.0051487697874253845;0.1784439685938614;0.0;53.71963745000001;86.83130465
-2.471044831514468;3.835699391578168;7.227996583476591;0.0112164780258998;0.0356565702374365;0.0112164780258998;2.9257977966308477;1.887074677127772;3.5610508370568845;7.431488807848403;5.7280890498259165;0.02824513102885695;0.00035860005380967627;0.05914142959110835;0.0254919955134087;0.0045690588830305185;0.18660140715815218;30.0;53.719475599999996;86.83125032
0.2835076126379663;3.2366845748656434;5.913653581416998;-0.0458855919241358;0.03551880642490282;0.0112164780258998;1.7033997580224864;1.350414939198265;1.8236205080098533;6.153457186460543;4.450057428438057;0.02824513102885695;0.00044873456045260447;0.06729886815539943;0.0254919955134087;0.0033003770003398065;0.1641684511063525;0.0;53.719293730000004;86.83121693000001
-2.3038428631936716;2.411332676896267;4.080017409990591;-0.0316100744366268;0.03567568114077588;0.0112164780258998;2.901563214302161;0.8983503903460455;0.8070334238348922;4.4223339295288735;2.718934171506387;0.02824513102885695;0.0004326531411694778;0.06729886815539943;0.0254919955134087;0.0018730355115249434;0.1356174161313346;0.0;53.719085500000006;86.83120582000001
-2.6254850195258994;1.6019837660168577;1.5463157556532283;-0.0978892627714897;0.036841044302528825;0.0112164780258998;3.2269310511230156;0.7655333491610091;0.5860413086776716;3.887360230248285;2.183960472225799;0.02824513102885695;0.000999430748949786;0.11522381972060769;0.0254919955134087;0.000799479470566997;0.0876924645661261;30.0;53.71885915;86.83121243000001
-3.4130462428842856;1.1723882290635377;0.2835076126379663;-0.0856531049250535;0.04177010378571411;0.0112164780258998;3.887360230248285;0.8070153650766101;0.6512737994697342;3.887360230248285;2.183960472225799;0.02824513102885695;0.0009718890078786841;0.11522381972060769;0.0254919955134087;0.00043114911834409296;0.06525950851432641;30.0;53.71862185;86.83123625
-3.176988869910742;1.138576567213977;0.2835076126379663;-0.0815743856429081;0.038046190077078615;0.0112164780258998;3.7008747973554983;0.7213057083380505;0.5202819248810568;3.887360230248285;2.183960472225799;0.031304170490465966;0.0010041904793697913;0.1182828591822167;0.0254919955134087;0.0004060507825735525;0.06525950851432641;30.0;53.718373310000004;86.83127955
-2.2304864391711314;1.3128969622438287;0.2835076126379663;-0.0265116753339451;0.03493071116681926;0.0112164780258998;2.965365501961744;0.8701431052832218;0.757149023671928;4.512873175666549;2.809473417644062;0.031304170490465966;0.0009254007670774604;0.1182828591822167;0.040787192821454;0.0005415413611313888;0.0805547058223717;30.0;53.718115690000005;86.83133937
-2.806000979382726;0.9543060852978498;-0.7372479873747584;-0.0224329560517997;0.03781914116512986;0.0112164780258998;3.444855208074845;0.7357498636577386;0.541327861872381;4.512873175666549;2.7168851829094827;0.031304170490465966;0.0009879935326492849;0.1182828591822167;0.040787192821454;0.0002952599701272996;0.0632201488732537;30.0;53.71785188;86.8314058
-0.7372479873747584;0.9941613739177778;-0.7372479873747584;0.0112164780258998;0.037372961759181214;0.0112164780258998;1.7959879927570659;0.7793302665868898;0.6073556644183926;4.512873175666549;2.7168851829094827;0.031304170490465966;0.0012354966263036522;0.1182828591822167;0.040787192821454;0.0003210623012193669;0.0632201488732537;30.0;53.71758093;86.83147277
-2.752966249898388;1.1641640282655232;-0.7372479873747584;-0.0469052717446721;0.034404856101762846;0.0112164780258998;3.1315422456397277;0.898915110733417;0.8080483763048714;4.512873175666549;2.7168851829094827;0.031304170490465966;0.0012419661627968625;0.1182828591822167;0.040787192821454;0.000443798650690585;0.0632201488732537;30.0;53.71731021000001;86.83153485
-4.281302742084614;1.2169666182907108;-0.7372479873747584;-0.0132558376669725;0.031908176896768545;0.0112164780258998;4.512873175666549;0.9631717423167115;0.9276998051974097;4.512873175666549;2.7864126010170143;0.031304170490465966;0.0014116182045876046;0.1182828591822167;0.040787192821454;0.00048164543917587416;0.0632201488732537;30.0;53.71704444000001;86.83158652
-3.5915723398282715;1.4290871531802256;0.32437687743030796;-0.0897318242071989;0.030157556234229728;0.0112164780258998;3.8718404911027267;1.0514098420459115;1.1054626559510086;4.512873175666549;3.222443645112652;0.031304170490465966;0.0014117452847687208;0.1182828591822167;0.040787192821454;0.000663578047559982;0.0825940654634444;30.0;53.71675363000001;86.83162594999999
-1.8114074908717466;1.4466821542325772;0.32437687743030796;-0.0540430304884266;0.03054806750304926;0.0112164780258998;2.443408547061803;1.0494842860304976;1.1014172666249433;4.512873175666549;3.222443645112652;0.031304170490465966;0.001606073987183571;0.1182828591822167;0.040787192821454;0.0006783655595444661;0.0825940654634444;30.0;53.716476799999995;86.83164608
-0.8357317610242123;1.4925747137562033;0.32437687743030796;-0.0703579076170082;0.030511172431454812;0.0112164780258998;1.8871459531828272;1.055550858256113;1.1141876143652167;4.512873175666549;3.222443645112652;0.031304170490465966;0.0012285303218297085;0.11420413990007106;0.040787192821454;0.0007171481202725235;0.0825940654634444;30.0;53.716212029999994;86.83165267
-1.003710349933045;1.4211121276249752;0.32437687743030796;-0.0336494340776996;0.024511230856249545;-0.0132558376669725;1.7264605746495347;1.0329611574911215;1.0670087528853975;4.512873175666549;3.222443645112652;0.031304170490465966;0.001262140141549132;0.11420413990007106;0.040787192821454;0.0006517047151833775;0.0825940654634444;30.0;53.71595891;86.83165043
0.32437687743030796;1.610036684035519;0.34545482496311575;-0.0662791883348628;0.029541839069914633;0.0035688793718772;1.2904295305538969;1.1674525522973678;1.362945461865638;4.512873175666549;3.600451814712852;0.013969613541347958;0.0009274802609502745;0.09686958295095305;0.040787192821454;0.0008349630009114069;0.0825940654634444;0.0;53.71572916;86.83163828
-2.7108242797679365;2.165718203698106;3.686858839203677;-0.020393596410727;0.030157221037741315;0.0035688793718772;2.883130576593049;1.041070986203344;1.0838287983144035;3.8718404911027267;2.95941913014903;0.017028653002957195;0.001116483148501964;0.09992862241256228;0.0295707147955541;0.0014351511435816604;0.1274599775670438;0.0;53.715519549999996;86.83161811
-3.3860889316683562;1.9784542037139334;3.686858839203677;-0.0622004690527174;0.031160817679016867;0.0035688793718772;3.518599069973912;0.9974937113572104;0.9949937041971819;3.756947184235773;2.8445258232820763;0.017028653002957195;0.0009356596035166929;0.09992862241256228;0.0244723156928724;0.0011788535237568323;0.1223615784643621;30.0;53.71532257;86.83159265
-1.8545603820461751;1.948744072194145;3.686858839203677;-0.0275313551544814;0.031059997079447097;0.0035688793718772;2.0650418051663793;1.0460557129124122;1.094232554516695;3.756947184235773;2.8445258232820763;0.017028653002957195;0.00044258850078405094;0.0683185479759355;0.0244723156928724;0.0011438400456732578;0.1223615784643621;0.0;53.71513345000001;86.83155457000001
0.34545482496311575;2.1203131172145544;3.686858839203677;0.0035688793718772;0.031027062106065692;0.0035688793718772;0.912421360953697;1.0453213574870728;1.0926967404186165;3.756947184235773;2.8445258232820763;0.023146731926175224;0.00029415884923979176;0.05098399102681761;0.0244723156928724;0.0013424317105273861;0.1223615784643621;0.0;53.71495751;86.83150663
3.686858839203677;2.226883740288605;3.686858839203677;-0.0081574385642908;0.031234878836327848;0.0035688793718772;3.756947184235773;1.0419374467592277;1.0856336429591387;3.756947184235773;2.8445258232820763;0.023146731926175224;0.0003188124043764241;0.05098399102681761;0.0244723156928724;0.0014949943561438726;0.1223615784643621;0.0;53.714789329999995;86.83144084999999
-0.7414257328894518;2.258921299608977;3.686858839203677;-0.0953400632201488;0.0389751038657997;0.0479249515652085;0.9881249558529972;1.0555949876320978;1.1142807779140085;3.756947184235773;2.8445258232820763;0.023146731926175224;0.00024968078584895986;0.04384623228306317;0.0244723156928724;0.0015357524360511072;0.1223615784643621;30.0;53.71465892;86.83136164
-1.0013871890474804;2.090102901023767;3.686858839203677;-0.0509839910268175;0.0389442646695556;0.0479249515652085;1.0650988059214754;1.019596998848351;1.0395780400605643;3.756947184235773;2.8445258232820763;0.023146731926175224;0.00024586838041546;0.04384623228306317;0.0244723156928724;0.001319022963528511;0.1223615784643621;30.0;53.71452359999999;86.83129032000001
1.9408670476594438;1.7161994681952535;3.686858839203677;-0.0101967982053635;0.0367683780571057;0.0479249515652085;1.9674584425785222;0.88506017945151;0.7833315212507392;3.756947184235773;2.8445258232820763;0.023146731926175224;0.0002572824912284834;0.04384623228306317;-0.0025491995513408;0.0008764026926991818;0.0953400632201489;30.0;53.714374150000005;86.83123047
1.864255027826704;1.4151653757730565;3.686858839203677;-0.0254919955134087;0.03669604015191323;0.0479249515652085;1.865712886729521;0.8826202782608932;0.7790185555973365;3.756947184235773;2.8445258232820763;0.023146731926175224;0.00026304442216775023;0.04384623228306317;-0.0173345569491179;0.0005893314517425785;0.0805547058223718;0.0;53.714215079999995;86.83118404
1.104705054693003;1.38332433011258;3.686858839203677;0.0479249515652085;0.0359677512774088;0.0479249515652085;1.1317261755640668;0.8352762762089403;0.6976864575974738;3.756947184235773;2.768822228382776;0.023146731926175224;0.0002501862183874918;0.041806872641990345;-0.0173345569491179;0.0005664570191415796;0.0805547058223718;30.0;53.71403686;86.83115174
1.328440128467669;1.107855279588449;2.4162292823094687;-0.0244723156928724;0.035633761412684664;0.0479249515652085;1.4918232397880247;0.48943675015743343;0.2395483324046699;2.569810163963422;1.5816852081104247;0.023146731926175224;0.00021691431642240257;0.041806872641990345;-0.0173345569491179;0.0003713080719213394;0.05914142959110841;0.0;53.71384052;86.83113203999999
2.4162292823094687;0.9177648813928774;2.4162292823094687;-0.0152951973080452;0.02757223787927049;0.0479249515652085;2.569810163963422;0.43498756743230294;0.18921418382067232;2.569810163963422;1.5047113580419464;0.023146731926175224;0.00023133214060727547;0.04384623228306317;-0.0173345569491179;0.00025464846565624463;0.05914142959110841;0.0;53.713630769999995;86.83111941
1.1728317990077053;0.48535741870414634;2.4162292823094687;-0.0173345569491179;0.031176940952090303;0.0479249515652085;1.512872887248503;0.3750685946609887;0.14067645070096904;2.569810163963422;1.438083988399355;0.023146731926175224;0.00025573153538167425;0.04384623228306317;-0.0499643112062812;6.7424700640189e-05;0.026511675333945106;0.0;53.713412659999996;86.83112401999999
1.495789430913153;1.2516853486789978;2.4162292823094687;-0.0336494340776996;0.03292511596619736;0.0479249515652085;1.881835535899048;0.4583089624650403;0.21004710507578173;2.611546468646505;1.479820293082438;0.01498929336188437;0.0001931734280410634;0.035688793718772316;0.0050983991026817;0.00048082808255642387;0.081574385642908;0.0;53.71317961;86.83114441000001
1.1846897465583162;1.416007077281234;2.4162292823094687;-0.0316100744366268;0.03330624575743728;0.0479249515652085;1.7964666325832144;0.4583266566846889;0.2100633242277647;2.611546468646505;1.479820293082438;0.01498929336188437;0.00016572410891986498;0.035688793718772316;0.0050983991026817;0.0006123531818262336;0.081574385642908;0.0;53.712931749999996;86.83118839
0.7993724001657787;1.813720597107888;2.4162292823094687;-0.0479249515652085;0.02207370652810157;-0.0152951973080452;1.6714801540409212;0.570560420859677;0.32553919385157165;3.23374402920795;1.7419207894199253;0.0211073722851024;0.00021637133746672303;0.041806872641990345;0.0163148771285816;0.001003748586921811;0.0927908636688079;0.0;53.71261847000001;86.83127447000001
1.1904616228568128;1.8751764385319518;2.4162292823094687;-0.0744366268991536;0.021934047967035235;-0.0152951973080452;1.8371285645591235;0.5486410559843043;0.30100700831157257;3.23374402920795;1.720871141959447;0.0211073722851024;0.00018356154525114957;0.041806872641990345;0.0163148771285816;0.0010704887874955337;0.0927908636688079;0.0;53.71228893;86.83136221
-2.2938676888034406;1.674675977350219;1.495789430913153;-0.061180789232181;0.025989058517673417;-0.0173345569491179;2.611546468646505;0.5278610439448128;0.27863728171450763;3.23374402920795;1.720871141959447;0.0343632099520752;0.0002872589730423463;0.05506271030896315;0.0163148771285816;0.000860173975933394;0.078515346181299;0.0;53.71195079;86.83143623000001
-1.3582117736909165;1.6298328725826647;1.495789430913153;-0.0448659121035994;0.022449429676969553;-0.0316100744366268;1.7995447595483027;0.49072940437578244;0.24081534831901022;3.23374402920795;1.5622638751670288;0.0343632099520752;0.0003074878273273713;0.05506271030896315;0.0163148771285816;0.0008192079466388778;0.078515346181299;0.0;53.711597600000005;86.83149008000001
-2.952017596710949;1.611979775653814;1.3448241718818204;-0.07545630671969;0.04159785462981408;0.0509839910268175;3.23374402920795;0.49578629417317593;0.24580404948997092;3.23374402920795;1.5622638751670288;0.0343632099520752;0.00025757997437973697;0.05506271030896315;0.0163148771285816;0.0007916199945928246;0.0744366268991536;0.0;53.71119377;86.83149585
-1.7073681617258476;1.5631810326081903;1.3448241718818204;-0.0632201488732537;0.041655442603030446;0.0509839910268175;2.457285402776285;0.4741664159781967;0.22483379004160828;3.23374402920795;1.5622638751670288;0.0343632099520752;0.00032325732252957236;0.05710206995003553;0.0163148771285816;0.0007458711293908262;0.0744366268991536;0.0;53.710774359999995;86.83147579999999
0.07395231776454914;1.5336906804353982;1.3448241718818204;-0.1060467013357805;0.04193365678782036;0.0509839910268175;2.003167250883393;0.4222036329682988;0.17825590769162997;3.23374402920795;1.4341992696596473;0.0343632099520752;0.00026451162062246156;0.05710206995003553;0.0163148771285816;0.0007138007127744762;0.0744366268991536;30.0;53.71035078;86.83144902000001
0.5938487414648779;1.5010669136643278;1.3448241718818204;-0.0693382277964719;0.04121561587507043;0.0509839910268175;2.283467445634237;0.38179476981628124;0.14576724625906717;3.23374402920795;1.4341992696596473;0.0343632099520752;0.0002728873598324237;0.05710206995003553;0.0163148771285816;0.0006907414362736712;0.0744366268991536;0.0;53.70992111;86.83142126999999
1.3448241718818204;1.363207265654081;1.3448241718818204;0.0509839910268175;0.04573415245742641;0.0509839910268175;2.5673449254193654;0.387198106507708;0.14992237368315436;3.23374402920795;1.4341992696596473;0.0343632099520752;0.0002697450135357206;0.05710206995003553;0.0163148771285816;0.0005696917873881834;0.0744366268991536;0.0;53.70948651;86.83139627
0.6247105016882939;1.57472022065662;1.3448241718818204;-0.0305903946160905;0.04574816996945372;0.0509839910268175;2.408758535412586;0.43515143641948245;0.18935677261793887;3.2901807087185695;1.2870134578351764;0.0343632099520752;0.00027103892083436305;0.05710206995003553;0.0163148771285816;0.0007605893249128833;0.0744366268991536;0.0;53.709049719999996;86.83137676
0.3795262848405869;1.682773637477986;1.3448241718818204;-0.0367084735393086;0.046627237654482304;0.0509839910268175;2.3059517273000614;0.5361840235137589;0.28749330707140325;3.7015918804633494;1.6984246295799563;0.0343632099520752;0.00023063897598300331;0.05710206995003553;0.0265116753339451;0.0008697627532358327;0.0846334251045171;0.0;53.70865894;86.83135206
0.886126710631022;2.1516641681030286;1.3448241718818204;-0.0397675130009177;0.04903144551268554;0.0509839910268175;2.3785983271984907;0.9188467265375886;0.8442793068688421;4.918858194717927;2.915690943834534;0.0343632099520752;0.00033214427064993636;0.06678902824513111;0.0509839910268175;0.001447977577316639;0.1091057407973895;0.0;53.70827517;86.83133948999999
-0.7738784601092401;2.284762452361368;1.3448241718818204;0.0183542367696543;0.04589569319569408;0.0509839910268175;2.0749832870744944;0.9047335491644445;0.8185427949836922;4.918858194717927;2.843874907643433;0.00785153461813004;0.00018068780024635094;0.04027735291118595;0.0509839910268175;0.0016387451464742872;0.1091057407973895;0.0;53.70789463000001;86.83134039000001
-2.9315287034220443;2.513739604153067;1.3448241718818204;-0.0458855919241358;0.052676905818270274;0.0509839910268175;3.2901807087185695;1.1179887497199974;1.2498988445004828;5.233117893017439;3.1581346059429443;0.00785153461813004;0.0001819586020575173;0.04027735291118595;0.0571020699500356;0.0019782918376742664;0.1152238197206076;0.0;53.70751577000001;86.83135321
-3.525127567010556;2.2865413759282296;0.886126710631022;-0.0846334251045171;0.043412268768557735;0.0183542367696543;3.7015918804633494;1.291042296971942;1.666790212570588;5.233117893017439;4.087065495606121;0.009890894259202643;0.00019353445128287124;0.04231671255225855;0.0571020699500356;0.0016473750460464808;0.1080860609768531;0.0;53.707176260000004;86.83139514000001
-4.81591657361846;2.1845778878379036;0.886126710631022;-0.0922810237585398;0.04459890002033585;0.0183542367696543;4.918858194717927;1.5588465974717316;2.4300027144491945;5.233117893017439;4.919197032860646;0.009890894259202643;0.00017606670275120034;0.04231671255225855;0.0571020699500356;0.00149595323387411;0.1080860609768531;30.0;53.70684672;86.83143936
-3.5358258440496675;2.2545708005798506;0.895854806161001;-0.0795350260018354;0.04544669860005029;0.0183542367696543;3.597579129261649;1.6730207003364115;2.7989982637541364;5.233117893017439;4.919197032860646;0.009890894259202643;0.000223086369764365;0.04231671255225855;0.0571020699500356;0.001605473244509196;0.1091057407973895;30.0;53.70652029;86.83147133
-5.225680980595641;2.2767997857764075;1.0372894147987028;-0.1254206179259712;0.050197328861748866;0.0183542367696543;5.233117893017439;1.749613097194068;3.0611459898730193;5.233117893017439;4.919197032860646;0.020087692464565987;0.00030176055461931525;0.052513510757621895;0.0571020699500356;0.0016173379123279974;0.1091057407973895;30.0;53.70619979000001;86.83148363000001
-1.1149731755425596;2.234051597519345;1.0372894147987028;-0.0040787192821454;0.053626956769366;0.040787192821454;1.146052397411317;1.7430211432231517;3.0381227057229427;5.233117893017439;4.919197032860646;0.031304170490465966;0.0004364193356280244;0.06372998878352187;0.0571020699500356;0.0015566629022166609;0.1091057407973895;0.0;53.705883730000004;86.83148245
-0.30345030817946705;2.2545419069315855;1.0372894147987028;-0.0142755174875089;0.05759463688263799;0.040787192821454;0.313920860156792;1.7465424258723021;3.0504104453719063;5.233117893017439;4.919197032860646;0.031304170490465966;0.0004834852136161403;0.06372998878352187;0.0571020699500356;0.0015866076139852414;0.1091057407973895;0.0;53.70557219;86.83147811
0.895854806161001;2.211623585202256;1.0372894147987028;-0.020393596410727;0.06095398575790647;0.0571020699500356;0.9318998331554518;1.7081330539824595;2.917718530107444;5.233117893017439;4.919197032860646;0.031304170490465966;0.0004678890095700042;0.06372998878352187;0.0571020699500356;0.0015303024291927574;0.1091057407973895;0.0;53.70527064;86.83148376
1.0372894147987028;2.076174269493336;1.0372894147987028;0.0183542367696543;0.0554600220475655;0.0571020699500356;1.1276419321246594;1.5521459056057272;2.409156912288623;5.233117893017439;4.919197032860646;0.031304170490465966;0.00040799669784690904;0.05914142959110835;0.0571020699500356;0.0013326118783501843;0.1091057407973895;0.0;53.70498896;86.83152976
-2.3012870042468205;2.192635729484223;1.0372894147987028;0.040787192821454;0.05092075999239221;0.0571020699500356;2.3019572704015134;1.6838994301975696;2.8355172910196993;5.233117893017439;4.919197032860646;0.031304170490465966;0.0003815178091996924;0.05914142959110835;0.0571020699500356;0.0014880193871121229;0.1091057407973895;0.0;53.704735570000004;86.83162453
-3.368900683534963;1.9621572792781292;1.0372894147987028;0.0265116753339451;0.031212170008287746;0.0571020699500356;3.37258920913204;1.447898419604244;2.096409833492467;4.733256901614611;4.41933604145782;0.031304170490465966;0.00043456800844402974;0.05914142959110835;0.0469052717446721;0.001184390176193207;0.098908942592026;0.0;53.70451219;86.83177235
-2.4906423070188897;1.9507875567484514;1.0372894147987028;0.0571020699500356;0.031156600159595295;0.0571020699500356;2.519647021063131;1.3878509897402864;1.9261303697230925;4.733256901614611;4.41933604145782;0.03334353013153879;0.0005310218659115763;0.061180789232181176;0.0469052717446721;0.001170526883707753;0.098908942592026;0.0;53.70431762;86.83198481999999
-3.5977084217014186;1.875146918049929;1.0372894147987028;0.0020393596410727;0.03508190108972976;0.0571020699500356;3.6478681357327587;1.2085144758001074;1.460507238218408;4.733256901614611;3.8013570684591595;0.03334353013153879;0.0005421731518045635;0.061180789232181176;0.0469052717446721;0.0010821483941129847;0.098908942592026;30.0;53.704151079999995;86.83226116
-4.637354188411361;1.572540191648572;1.0372894147987028;-0.0361986336290404;0.04271070392635069;0.0571020699500356;4.733256901614611;1.115856530335978;1.2451357962934475;4.733256901614611;3.605614969489952;0.03334353013153879;0.0005741973574459623;0.0652595085143266;0.0469052717446721;0.000746795348889854;0.098908942592026;0.0;53.70401186;86.83260322
-3.3148502668878406;1.0193020235647423;-1.2887613815479895;-0.0316100744366268;0.04259884580075969;0.0571020699500356;3.502041445534314;0.9724193586757053;0.9455994091272699;4.733256901614611;3.1413346296983824;0.03334353013153879;0.0006334629328212788;0.0652595085143266;0.0469052717446721;0.00032435483318466254;0.0591414295911083;0.0;53.703896099999994;86.83301738
-2.604322766281809;1.0571226184734939;-1.2887613815479895;0.0112164780258998;0.04113301975403316;0.0571020699500356;2.8345549212237;1.0152030525311606;1.0306372378685864;4.733256901614611;3.1413346296983824;0.03334353013153879;0.0005220944831881322;0.0652595085143266;0.0469052717446721;0.00034819969625964303;0.0591414295911083;0.0;53.70380427;86.83349387
-1.2887613815479895;1.2209771288448155;-0.6814151931118848;-0.0479249515652085;0.03935521604753711;0.0571020699500356;1.591922271916229;1.208958851924743;1.4615815056471928;4.733256901614611;4.0325246982709375;0.03334353013153879;0.0004729577758850016;0.0652595085143266;0.0469052717446721;0.0004602064349843077;0.06984806770674;0.0;53.70373567;86.83401919
-1.4354028674627246;1.3322290606543854;-0.6814151931118848;-0.0764759865402263;0.036184508547010774;0.0402773529111858;1.6160721471145045;1.3357625589735596;1.784261613955592;4.733256901614611;4.0325246982709375;0.03334353013153879;0.0004611739772723657;0.0652595085143266;0.0469052717446721;0.0005469646522698391;0.06984806770674;30.0;53.70368538;86.83458842
-3.2810906649061145;1.4168356152751995;-0.6814151931118848;0.0163148771285816;0.0358173977435049;0.0402773529111858;3.2943034325621405;1.4104281130021743;1.9893074619468745;4.733256901614611;4.0325246982709375;0.03334353013153879;0.0005129302692180609;0.0652595085143266;0.0469052717446721;0.0006276143563039673;0.06984806770674;0.0;53.703645210000005;86.83517545
-1.826540498398806;1.189837422296303;-0.6814151931118848;-0.0438462322830631;0.03534436552054921;0.0402773529111858;1.848337680525255;1.181468709750848;1.3958683121203337;4.275788149683685;3.5750559463400116;0.03334353013153879;0.000494082689856196;0.0652595085143266;0.040787192821454;0.00044045990775033977;0.0637299887835219;0.0;53.70360846000001;86.83577358
-0.6814151931118848;1.1996319282368297;-0.6814151931118848;0.0040787192821454;0.03491851325255821;0.0402773529111858;0.7007322033436737;1.171216054457078;1.371747046218005;4.275788149683685;3.5750559463400116;0.03334353013153879;0.000419342214243992;0.0652595085143266;0.040787192821454;0.00044933241494103025;0.0637299887835219;0.0;53.70357675;86.83638955
-0.8329974949394521;1.2443874197164408;-0.6814151931118848;0.0402773529111858;0.03454330004351683;0.0402773529111858;0.8405849455227714;1.2083285034201072;1.4600577721774761;4.275788149683685;3.5750559463400116;0.015499133272152577;0.0002704100183471329;0.04741511165494039;0.040787192821454;0.00048522678973461766;0.0637299887835219;0.0;53.703550099999994;86.83701570000001
-4.272409518654843;1.2633214808599245;-0.6814151931118848;-0.0061180789232181;0.03285912838052826;0.0402773529111858;4.275788149683685;1.2542160677847785;1.5730579446895119;4.275788149683685;3.5750559463400116;0.010910574079738833;0.0002456120539137763;0.042826552462526646;0.040787192821454;0.0004970683520659425;0.0637299887835219;0.0;53.703525449999994;86.83764640999999
-2.5788670083862684;1.2236934019456314;-0.6814151931118848;-0.0040787192821454;0.025023221191104415;0.0402773529111858;2.582594730341075;1.234612602810993;1.5242682790197344;4.275788149683685;3.5750559463400116;0.016008973182420783;0.00025620014354954215;0.04384623228306317;0.040787192821454;0.00046313794370779373;0.0637299887835219;0.0;53.70350065;86.83827697000001
-3.40686270273527;1.3258901252034132;-0.6814151931118848;-0.0214132762312633;0.023617141144742677;0.0402773529111858;3.407728295160617;1.34750308145131;1.8157645545207761;4.506007874315573;3.8052756709718993;0.016008973182420783;0.0002121553080488809;0.04384623228306317;0.0418068726419904;0.0005410409829182415;0.0647496686040583;0.0;53.70347824;86.83889968
-3.3075799269450457;1.3319556796510852;-0.6814151931118848;-0.0367084735393086;0.021531709044731895;0.0402773529111858;3.35192635220276;1.359398606072159;1.8479645701909289;4.506007874315573;3.8052756709718993;0.019068012644029797;0.00025889770921233644;0.04690527174467218;0.0418068726419904;0.000541942096929796;0.0647496686040583;0.0;53.70346171999999;86.83951548
-3.71230283396873;1.1599409506712486;-0.8329974949394521;-0.0132558376669725;0.02147314593281878;0.0402773529111858;3.7923068639616924;1.1901079468348765;1.4163569251195254;5.095562230923177;4.254977285400406;0.025186091567248048;0.00032844522651436447;0.053023350667890434;0.0509839910268175;0.00040416118692592493;0.07137758743754449;0.0;53.70345218;86.84012802
-3.364952901357036;0.6889212472239985;-2.5788670083862684;-0.023452635872336;0.014708486238272202;0.0071377587437544;3.4758802330810616;0.7177146912292307;0.51511437800627;5.095562230923177;2.5129675005821017;0.04252064851636583;0.0004989983823166614;0.07035790761700822;0.0509839910268175;0.00013840186997977335;0.0407871928214541;0.0;53.703450939999996;86.84071814
-4.392684502994433;0.7107940832434683;-2.5788670083862684;-0.0214132762312633;0.015687556702374556;0.0071377587437544;4.506007874315573;0.7486372505450236;0.5604577329036124;5.095562230923177;2.5129675005821017;0.04252064851636583;0.0003659512090593861;0.06933822779647181;0.0509839910268175;0.00014557612384099585;0.0407871928214541;0.0;53.70345767;86.84128551
-4.143068079944665;0.5791728881862721;-3.3075799269450457;0.0071377587437544;0.015351835735137691;0.0071377587437544;4.269869329690104;0.5972944204798808;0.3567606247363966;5.095562230923177;1.7436358787204167;0.04252064851636583;0.0005525561802389822;0.07953502600183548;0.0509839910268175;0.0001006937144193382;0.027531355154481497;0.0;53.70347366;86.84184166
-4.993898590582329;0.5680287751815635;-3.3075799269450457;0.003059039461609;0.01998163436175846;0.0275313551544814;5.095562230923177;0.5843875276550753;0.34150878247881133;5.095562230923177;1.7436358787204167;0.04252064851636583;0.000606565257213563;0.07953502600183548;0.0509839910268175;9.830229646559751e-05;0.027531355154481497;30.0;53.703512980000006;86.84243138000001
-4.073651985632132;0.6599824433220549;-2.7891362539989872;0.0066279188334862;0.018859100108442446;0.0275313551544814;4.2029874561553;0.6773344457716901;0.4587819514288426;5.095562230923177;2.2606528141243074;0.04252064851636583;0.0004677590412029556;0.07953502600183548;0.0509839910268175;0.00013380676615803191;0.037218313449576795;30.0;53.703566609999996;86.84300469
-4.518983649221557;0.6572250647649837;-2.7891362539989872;-0.0295707147955541;0.02196990035376784;0.0336494340776996;4.648509061205325;0.673966582553285;0.4542309543985539;5.095562230923177;2.2606528141243074;0.04252064851636583;0.0005620294301040422;0.07953502600183548;0.0509839910268175;0.00013193522167249562;0.037218313449576795;30.0;53.70363999;86.84357727
-4.5332837161716295;0.6464429237396067;-2.7891362539989872;-0.0152951973080452;0.02162005781260747;0.0336494340776996;4.547644517418994;0.6740031843089156;0.454280292458558;5.095562230923177;2.2606528141243074;0.04252064851636583;0.0005568538009094727;0.07953502600183548;0.0509839910268175;0.00012768381197695607;0.037218313449576795;30.0;53.70373883;86.84415994999999
-3.503665984058463;0.6944632863967809;-2.7891362539989872;0.0275313551544814;0.029108490503792907;0.0336494340776996;3.5091882482705103;0.7389861535810566;0.546100535184525;5.208551655821144;2.3736422390222747;0.04252064851636583;0.0005605853371368077;0.07953502600183548;0.0509839910268175;0.00014556745928319149;0.037218313449576795;0.0;53.70386093;86.84475821
-2.7891362539989872;0.9450742053408338;-2.1764678944657776;0.0152951973080452;0.03166854231048765;0.0336494340776996;2.8349094167988693;0.8712692948935423;0.7591101842242903;5.208551655821144;2.3736422390222747;0.04252064851636583;0.000546225276670625;0.07953502600183548;0.0509839910268175;0.0002690893953285864;0.0479249515652085;0.0;53.7039981;86.84535618
-3.774635118881559;1.0950671840587447;-1.8236250313099933;0.0336494340776996;0.03459109224360315;0.0336494340776996;3.870887185348362;0.9093618656395601;0.8269390026794614;5.208551655821144;2.4745777278409125;0.04252064851636583;0.0005067495513182943;0.07953502600183548;0.0509839910268175;0.000365832071389579;0.0540430304884265;0.0;53.70415096000001;86.84594935999999
-4.689601879605206;1.1076866122545665;-1.8236250313099933;-0.020393596410727;0.04120272005022817;0.0336494340776996;4.854603246927979;0.9056282591429382;0.8201625437582689;5.208551655821144;2.4745777278409125;0.030284490669929554;0.00042079713790847966;0.0672988681553992;0.0509839910268175;0.0003776851864646423;0.0540430304884265;0.0;53.70431384999999;86.84654488999999
-4.963001285195579;1.147100687423779;-1.8236250313099933;-0.0632201488732537;0.041290003476290804;0.0336494340776996;5.208551655821144;0.8826026244212519;0.7789873926352815;5.208551655821144;2.4745777278409125;0.030284490669929554;0.0005825471029825141;0.0672988681553992;0.0509839910268175;0.0004053424549731232;0.0540430304884265;30.0;53.70448565;86.84714933000001
-2.1764678944657776;1.1499028858791844;-1.8236250313099933;-0.0458855919241358;0.04683776790218675;0.0336494340776996;2.8481081926385388;0.8607781280349487;0.7409389857033506;5.208551655821144;2.4745777278409125;0.030284490669929554;0.000464431851006445;0.06627918833486279;0.0509839910268175;0.00039813354288068697;0.0540430304884265;0.0;53.70466469;86.84780709
-1.8236250313099933;1.218360691993371;-1.6399917777701964;-0.0560823901294993;0.06260685093161351;0.0336494340776996;2.7339739279802315;0.8894179992270528;0.7910643773490537;5.208551655821144;2.4745777278409125;0.044560008157438435;0.0005803636344160525;0.08055470582237167;0.0509839910268175;0.00044755618059133046;0.0571020699500356;0.0;53.70481978;86.84841273999999
-2.959589157176661;1.6118321989841307;0.4591678104096504;-0.0917711838482716;0.06808667618096677;0.0336494340776996;3.7308434581011047;0.9507517461802839;0.9039288828648591;5.208551655821144;2.9205077328016498;0.044560008157438435;0.0005879884452830527;0.08055470582237167;0.0509839910268175;0.0007970931069386414;0.0948302233098806;0.0;53.70494791;86.84900679
-2.056362835578643;2.085521558392916;1.9935603664689454;-0.0341592739879677;0.06199044396682332;-0.0061180789232181;3.2276643747521416;0.955015801665004;0.9120551814298502;5.208551655821144;2.9205077328016498;0.044560008157438435;0.0005249104644742375;0.08055470582237167;0.0509839910268175;0.0013174864486113704;0.1203222188232894;0.0;53.705031059999996;86.84956866
-1.828713848533483;2.1360073815335165;1.9935603664689454;-0.0968695829509534;0.06465358415345185;0.0020393596410727;2.989615047433948;0.8219195631326267;0.675551768260128;5.208551655821144;2.9205077328016498;0.044560008157438435;0.0005538962985125746;0.08055470582237167;0.0509839910268175;0.0013886513500367022;0.1203222188232894;0.0;53.70506909000001;86.85007005
-1.6399917777701964;1.9897965395923602;2.276236501981664;-0.1876210869786886;0.06808905161769024;0.0020393596410727;2.8763408333248273;0.38386331803774554;0.14735104693494738;3.7308434581011047;1.4427995350816105;0.044560008157438435;0.0005994025560960751;0.08055470582237167;0.0163148771285816;0.0012312452166081123;0.0927908636688079;30.0;53.7050651;86.85050382
0.4591678104096504;2.089383753146713;2.276236501981664;-0.1774242887733251;0.06979923749851469;0.0020393596410727;2.288043923019494;0.398696578054196;0.1589589613521256;3.7308434581011047;1.4427995350816105;0.044560008157438435;0.0005947468003697102;0.08055470582237167;0.0163148771285816;0.001354166409979138;0.0927908636688079;30.0;53.70502524999999;86.85089149000001
1.9935603664689454;2.0792776235081205;2.276236501981664;-0.0061180789232181;0.0753988896082592;0.0224329560517997;2.881991680421005;0.5029614187577293;0.25297018875878785;3.7308434581011047;1.832334263320963;0.044560008157438435;0.0005872952806587785;0.08055470582237167;0.0163148771285816;0.001335139041042853;0.0927908636688079;0.0;53.70494656999999;86.85123777
1.6913785048882368;1.9707377392103052;3.345014402155467;0.0020393596410727;0.07707909054529409;0.0224329560517997;2.5834116135473155;0.43310982741201387;0.18758412260086443;3.3537751429499045;1.4552659481697627;0.044560008157438435;0.00046956126922606127;0.08055470582237167;0.0010196798205363;0.0012129918815022675;0.095849903130417;0.0;53.704828799999994;86.85153728
2.276236501981664;1.8135161030832236;3.345014402155467;-0.0081574385642908;0.0775508793490339;0.0224329560517997;2.777550269833568;0.43124152477545363;0.18596925269065817;3.3537751429499045;1.4552659481697627;0.044560008157438435;0.0003923773883132967;0.06729886815539876;-0.003059039461609;0.0010124940139313913;0.0917711838482717;0.0;53.70467601;86.85178641
2.233627421117416;1.437690998359174;3.345014402155467;-0.0173345569491179;0.07648165121832308;0.0224329560517997;2.5543679234544774;0.447149821745249;0.19994296308680792;3.3537751429499045;1.4552659481697627;0.044560008157438435;0.00035329445624805494;0.06729886815539876;-0.0061180789232181;0.0006354471165582577;0.0887121443866626;0.0;53.704489939999995;86.85193314
1.7431344301852985;0.8081836615780087;3.345014402155467;0.0224329560517997;0.056812121050284436;0.0224329560517997;1.8985091947801418;0.4802818218455779;0.2306706283953074;3.3537751429499045;1.4552659481697627;0.016008973182420783;0.00011927052634985558;0.03874783318038111;-0.0438462322830631;0.0001964081962876696;0.050983991026817596;0.0;53.70428329;86.85203113
3.345014402155467;0.5649351315621539;3.345014402155467;0.0061180789232181;0.015049635908589369;0.0244723156928724;3.3537751429499045;0.47097218141815206;0.22181479566977272;3.3537751429499045;1.4552659481697627;0.016008973182420783;0.00011974418884310853;0.03874783318038111;-0.0652595085143265;9.792105592225737e-05;0.02957071479555419;0.0;53.70407123;86.85208787
3.2094845385412976;0.5558700814550351;3.345014402155467;-0.0193739165901906;0.019519760275653032;0.0244723156928724;3.2124518134621067;0.46519247043392653;0.2164040345484196;3.3537751429499045;1.4552659481697627;0.016008973182420783;0.00011340173253101296;0.03874783318038111;-0.0652595085143265;9.363498799550457e-05;0.02957071479555419;0.0;53.703866670000004;86.85211883
2.193302846764597;0.5091836000584019;3.345014402155467;-0.0071377587437544;0.01998040571675461;0.0244723156928724;2.2496423666468592;0.4764905940700559;0.22704328623723477;3.3537751429499045;1.4552659481697627;0.016008973182420783;0.00010841094723624962;0.03874783318038111;-0.0652595085143265;7.94944296603417e-05;0.02957071479555419;0.0;53.703663670000005;86.85213855
1.8950964705162159;0.7856060600038147;4.306687026891228;0.0081574385642908;0.019954080107235546;0.0244723156928724;2.043528494137647;0.7742299175173847;0.5994319651789763;4.546549076625718;2.648039881845576;0.04048128887529323;0.000241637188021465;0.054043030488426735;-0.0652595085143265;0.0001622467330547639;0.04078719282145399;0.0;53.703459769999995;86.85215225
2.286447863832308;0.7808934064016512;4.306687026891228;0.0244723156928724;0.02127634157051021;0.0244723156928724;2.476475664453901;0.7740114149832111;0.5990936705243127;4.546549076625718;2.648039881845576;0.04048128887529323;0.0002582731390040097;0.054043030488426735;-0.0652595085143265;0.0001622467330547639;0.04078719282145399;0.0;53.70325252;86.85214979999999
2.3864324135928126;0.7621622734996574;4.306687026891228;-0.0387478331803813;0.01959654955829751;0.0244723156928724;2.7768101650256125;0.7327774397508399;0.5369627762077958;4.546549076625718;2.503020582488071;0.04048128887529323;0.0002607338734201776;0.054043030488426735;-0.0683185479759355;0.00015306230178315083;0.03772815335984499;0.0;53.70304582999999;86.85213511
2.398433824673922;0.7274806716472368;4.306687026891228;0.0112164780258998;0.01928995394119229;0.0244723156928724;2.9200192192676346;0.7258502076577771;0.5268585239568382;4.546549076625718;2.503020582488071;0.04048128887529323;0.00022453912728940476;0.04792495156520893;-0.0683185479759355;0.00013216338836132877;0.03772815335984499;0.0;53.702842090000004;86.85210801
4.306687026891228;0.7625794544042173;4.306687026891228;0.0050983991026817;0.019437616397170975;0.0244723156928724;4.546549076625718;0.7318511265034924;0.5356060713644308;4.546549076625718;2.503020582488071;0.04048128887529323;0.00021321743842628383;0.04792495156520893;-0.061180789232181;0.0001489841832436795;0.04486591210359949;0.0;53.70263437;86.85206925
2.3376620493990137;0.7623714702367861;4.306687026891228;-0.0285510349750178;0.021483029571838747;0.0285510349750178;2.5605547079572544;0.7227497535509295;0.5223672062579293;4.546549076625718;2.503020582488071;0.04048128887529323;0.00023370045307354224;0.05098399102681772;-0.061180789232181;0.00015075175303557494;0.04486591210359949;0.0;53.702425819999995;86.85202198
1.9070979425430297;0.7424467156739342;4.306687026891228;0.0010196798205363;0.021437810024266344;0.0285510349750178;2.2794801139854135;0.6680048358068267;0.44623046066130545;4.546549076625718;2.272302874957884;0.04048128887529323;0.0002470092138595779;0.05098399102681772;-0.061180789232181;0.0001418792458448845;0.04486591210359949;0.0;53.70222027999999;86.85197004
2.8940316519060323;0.7436693303381875;4.306687026891228;-0.0061180789232181;0.019748939935874264;0.0285510349750178;3.256647747749391;0.6703595684485434;0.44938195101051726;4.546549076625718;2.272302874957884;0.04048128887529323;0.0002420184285648145;0.05098399102681772;-0.061180789232181;0.00014260706870037088;0.04486591210359949;0.0;53.702017139999995;86.85192306
1.5067437519486422;0.778230531189898;4.306687026891228;0.0142755174875089;0.01628652805915627;0.0285510349750178;2.2742462016678338;0.7151435187746539;0.5114302524453936;4.546549076625718;2.272302874957884;0.04048128887529323;0.00026595571358969846;0.05098399102681772;-0.061180789232181;0.00016322871627248375;0.04486591210359949;0.0;53.70181606999999;86.85188327
2.6708631111883463;0.7827684424453772;4.306687026891228;0.0285510349750178;0.023188594276838045;0.0560823901294993;3.195844313122956;0.7224077019393288;0.5218728878212622;4.546549076625718;2.272302874957884;0.04048128887529323;0.0002635874011234328;0.05098399102681772;-0.061180789232181;0.00016793068297380026;0.04486591210359949;0.0;53.70161696;86.85185568
2.2171737917959033;0.6490480595918461;3.6526269995866523;-0.0040787192821454;0.02623218687038847;0.0560823901294993;3.0108816731588797;0.6413237609677469;0.41129616638181576;4.109281468930975;1.8350352672631414;0.019068012644029797;0.00010166414489333002;0.029570714795554287;-0.061180789232181;0.00013867913582949243;0.03874783318038139;0.0;53.701423850000005;86.85183665
2.7782988296071336;0.6772700247582647;3.6526269995866523;-0.003059039461609;0.021865733456531766;0.0560823901294993;3.51412536789696;0.6459818893928524;0.4172926014235594;4.109281468930975;1.8350352672631414;0.011930253900275356;5.6608444315604834e-05;0.023452635872336258;-0.061180789232181;0.00014976976981785587;0.03874783318038139;0.0;53.70123804;86.85183004000001
3.3025822503625877;0.6273926515327485;3.6526269995866523;0.0224329560517997;0.021058301649906564;0.0560823901294993;3.8997966374831847;0.5510332898328199;0.30363768650398043;4.109281468930975;1.8350352672631414;0.011930253900275356;6.031687505546378e-05;0.023452635872336258;-0.061180789232181;0.000127184155810304;0.03874783318038139;0.0;53.70105572999999;86.85182949
3.0296056786932803;0.6295023077619024;3.6526269995866523;0.0560823901294993;0.01898084069438796;0.0560823901294993;3.580010388115286;0.5468134958242835;0.2990049992155738;4.109281468930975;1.8350352672631414;0.011930253900275356;6.540008230013e-05;0.023452635872336258;-0.061180789232181;0.00012764626555981917;0.03874783318038139;0.0;53.70087732999999;86.85183797
3.6526269995866523;0.4046108956259133;3.6526269995866523;0.0479249515652085;0.021019589232699504;0.0560823901294993;4.109281468930975;0.34082481587396934;0.11616155511552509;4.109281468930975;1.0983997957720955;0.011930253900275356;6.672864782998608e-05;0.023452635872336258;-0.0744366268991536;5.309641021929048e-05;0.02549199551340879;0.0;53.70068868;86.85185412000001
3.3546323360373034;0.450791168101602;3.6526269995866523;0.0214132762312633;0.02241647032034155;0.0560823901294993;3.953669526957951;0.4050217800705721;0.16404264233153487;4.109281468930975;1.278927745541012;0.011930253900275356;0.00010472562198386751;0.035688793718772316;-0.0744366268991536;6.239636892828239e-05;0.02549199551340879;0.0;53.70050063;86.85188111
3.256604284167267;0.47405158260055547;3.6526269995866523;0.0214132762312633;0.023590711297606235;0.0560823901294993;3.831385698066086;0.47498818322179814;0.22561377420034448;4.109281468930975;1.4720150247215806;0.011930253900275356;0.0001396611190472113;0.035688793718772316;-0.0734169470786173;6.557337345619876e-05;0.026511675333945092;0.0;53.700310990000006;86.85191675000002
3.0289609102278963;0.7121190551289653;3.6526269995866523;0.0244723156928724;0.02699579724065899;0.0560823901294993;3.563145724753217;0.6770227508867215;0.45835980521822367;4.109281468930975;2.0846834404310695;0.003772815335984392;0.00010213780738658234;0.02753135515448135;-0.058121749770572;0.00015429844536310393;0.04180687264199039;0.0;53.70011655;86.85196039
3.076073623658597;0.7209482143126174;3.6526269995866523;0.0540430304884266;0.027740424448194845;0.0560823901294993;3.5508187565189746;0.6885175120562742;0.4740563644081617;4.109281468930975;2.0846834404310695;0.00785153461813004;0.00012459634121301816;0.031610074436627;-0.058121749770572;0.0001603636358254901;0.04180687264199039;0.0;53.69991594;86.85201322
2.328866510962195;1.2257730885561058;3.6526269995866523;0.0020393596410727;0.03101090747486111;0.0540430304884266;2.830353723389963;0.8663014534339377;0.7504782082217529;4.109281468930975;2.5664398083298066;0.00785153461813004;0.00014095502634585357;0.031610074436627;-0.0275313551544814;0.0004611970827598414;0.07239726725808099;0.0;53.69970931;86.85208051000001
2.1015705552469077;1.178645821619033;3.3546323360373034;-0.011726317936168;0.028884979503809617;0.0540430304884266;2.6372664442093945;0.79869285144811;0.6379102709543127;3.953669526957951;2.4108278663567826;0.00785153461813004;0.00014205253700095197;0.031610074436627;-0.0275313551544814;0.00042324631958091144;0.06729886815539929;0.0;53.69949223;86.85215527
1.317636615853743;1.1247591073562373;3.256604284167267;-0.0244723156928724;0.02816200890901209;0.0540430304884266;2.0245980284999057;0.729565002027818;0.5322650921838501;3.831385698066086;2.2885440374649173;0.03844192923422041;0.0003373516698897837;0.062200469052717366;-0.0275313551544814;0.0003807322226255192;0.06423982869379019;0.0;53.69926769;86.85223281
2.1734850594998294;1.0741412973629207;3.167219794954815;0.0010196798205363;0.031375711746158316;0.0540430304884266;2.6583299283422885;0.6981474684834295;0.48740988774982114;3.563145724753217;2.0203040641520484;0.03844192923422041;0.0003505102450072273;0.062200469052717366;-0.0275313551544814;0.00034636281000533127;0.06322014887325389;0.0;53.699038470000005;86.85231335
-0.4533410095534145;1.0226603452720762;3.167219794954815;-0.0448659121035994;0.03145294008432162;0.0540430304884266;1.5428416606011686;0.6375674196001708;0.40649221453562023;3.5508187565189746;2.007977095917806;0.03844192923422041;0.00037708155560434734;0.062200469052717366;-0.0275313551544814;0.00031474295039475835;0.06322014887325389;0.0;53.698806479999995;86.8523988
3.167219794954815;0.9845861115672162;3.167219794954815;-0.0193739165901906;0.027736676065792797;0.0479249515652085;3.410070160340264;0.5391497096398429;0.2906824094047269;3.410070160340264;1.8672284997390953;0.03844192923422041;0.00037408939497623675;0.062200469052717366;-0.0275313551544814;0.0002929775811925957;0.06322014887325389;30.0;53.69859146;86.85248586
2.4264927457884253;1.0480190367340292;3.167219794954815;0.0061180789232181;0.028315425188308315;0.0479249515652085;2.6378242596926644;0.5719158958802258;0.3270877919604813;3.410070160340264;1.8672284997390953;0.03844192923422041;0.000321212486887968;0.062200469052717366;-0.0275313551544814;0.0003301312050536123;0.06322014887325389;0.0;53.69837899;86.85257547
1.733478482950522;1.0793751828003797;3.167219794954815;0.0479249515652085;0.031529383849049214;0.0479249515652085;1.92761537775585;0.5841951601461421;0.34128398513817665;3.410070160340264;1.8672284997390953;0.03844192923422041;0.00032005721251417943;0.05710206995003553;-0.0275313551544814;0.0003443757380824161;0.06322014887325389;0.0;53.69816748000001;86.85266604
2.0800473340709917;1.2471795072284315;4.363927658802443;0.0254919955134087;0.031964608693392293;0.0479249515652085;2.183156001371057;0.7989607723383052;0.6383383157354212;4.379655022551472;2.8368133619503038;0.03844192923422041;0.0003829619021669266;0.05710206995003553;-0.0275313551544814;0.0004457048534073464;0.08055470582237179;0.0;53.697965090000004;86.85275037
2.6985872042175867;1.6196837378465876;5.722404169043735;-0.0326297542571632;0.03205393606208043;0.0479249515652085;2.748334194797326;1.232946985248862;1.5201582684342574;5.734090849573749;4.191249188972581;0.03844192923422041;0.00038821840056766125;0.05710206995003553;-0.0275313551544814;0.0007645605805727873;0.10604670133578059;0.0;53.69777276;86.85282939999999
3.1243077721594963;1.3384050348104979;5.722404169043735;-0.0254919955134087;0.028733347846774334;0.0479249515652085;3.1492036774071313;1.2871328103556332;1.6567108714939904;5.734090849573749;3.8064754718178992;0.03844192923422041;0.00029862687288041603;0.05302335066789032;-0.0662791883348628;0.0005250028864241427;0.06729886815539919;0.0;53.69759073;86.85289313
2.849661150538136;1.5235478808494924;5.722404169043735;0.0367084735393086;0.030283136407190617;0.0479249515652085;2.8857034374837944;1.4757572392472416;2.17785942919064;5.734090849573749;3.8064754718178992;0.03844192923422041;0.0002722866171580533;0.05302335066789032;-0.0662791883348628;0.0006928873584229902;0.06729886815539919;0.0;53.697422540000005;86.85295278
4.363927658802443;1.4697663381730126;5.722404169043735;0.0285510349750178;0.03447194831856995;0.0479249515652085;4.379655022551472;1.4332818782255758;2.0542969424498345;5.734090849573749;3.8064754718178992;0.031304170490465966;0.0002356875249964552;0.04588559192413588;-0.0662791883348628;0.0006366601546507367;0.06729886815539919;0.0;53.69726446;86.85300717999999
5.722404169043735;1.2889560131314062;5.722404169043735;0.0101967982053635;0.030681840288369427;0.0367084735393086;5.734090849573749;1.2732876147155614;1.6212613497880437;5.734090849573749;3.5509348482026923;0.031304170490465966;0.0001839312330507599;0.041806872641990456;-0.0703579076170082;0.0004979694660775081;0.06322014887325379;0.0;53.697113460000004;86.85306354000001
5.254840074717303;1.1298713851122928;5.722404169043735;-0.020393596410727;0.02834799559769282;0.0367084735393086;5.279418512565716;1.1215159007875892;1.2577979157193977;5.734090849573749;2.985756654776423;0.031304170490465966;0.00018172754718275968;0.041806872641990456;-0.0825940654634444;0.0003788209655833843;0.050983991026817596;0.0;53.696966380000006;86.85312126
5.671604567852984;1.101229971206895;5.722404169043735;-0.0326297542571632;0.027946586332779924;0.0367084735393086;5.719127622698287;1.0800865062103029;1.1665868608975787;5.734090849573749;2.848387412089955;0.031304170490465966;0.00018831261111335067;0.041806872641990456;-0.0825940654634444;0.00035943546159122457;0.050983991026817596;0.0;53.69681775;86.85317742999999
3.9842701684073996;1.1774558961193136;5.722404169043735;-0.0479249515652085;0.027699946355452067;0.0367084735393086;4.034343051545569;1.1263865676713292;1.2687466998303976;5.734090849573749;2.9703473261652054;0.031304170490465966;0.00021188020833862235;0.041806872641990456;-0.0795350260018354;0.000407206056947351;0.0540430304884266;0.0;53.69666512;86.85323472
3.8180904945144203;1.1098070308455923;5.722404169043735;-0.0285510349750178;0.025658903189301436;0.0285510349750178;3.8835838985275055;1.0434632762393756;1.0888156088602117;5.734090849573749;2.9703473261652054;0.031304170490465966;0.00040957075918119653;0.07443662689915365;-0.0795350260018354;0.0003454624180402606;0.0540430304884266;0.0;53.696508519999995;86.85329315999999
3.4579853259854136;1.1182699907893872;5.722404169043735;-0.0203935964107269;0.026910930532751384;0.0351789538085041;3.5388793047858034;1.0634315127748142;1.1308865823625296;5.734090849573749;2.9703473261652054;0.01498929336188437;0.00030441768567902866;0.05812174977057205;-0.0795350260018354;0.00035539200128296717;0.0540430304884266;0.0;53.696351130000004;86.85335592999999
2.920443950192996;0.9757217416977397;5.671604567852984;-0.0265116753339451;0.029011090551336407;0.0351789538085041;3.0799664770715536;0.9391779376523959;0.8820551985730076;5.719127622698287;2.955384099289743;0.01498929336188437;0.0002686734965540334;0.05812174977057205;-0.0795350260018354;0.000276977753162118;0.0540430304884266;0.0;53.69619327;86.85341567
2.508614597178336;1.037976706500785;5.671604567852984;-0.0193739165901906;0.029011090551336407;0.0351789538085041;2.763743523408544;0.9612177816534961;0.9239396237668682;5.719127622698287;3.0929976251884224;0.010400734169470849;0.00023498569581438026;0.05353319057815853;-0.0708677475272764;0.00033569457320988357;0.0627103089629856;0.0;53.696026919999994;86.85348484
3.6922684058707445;0.9992351312998683;4.615276035662872;0.0254919955134087;0.03168896463076362;0.0387478331803813;3.933902486984674;0.8600528356123224;0.7396908800447964;4.886888597366009;2.709758878917632;0.0343632099520752;0.0003874819131543752;0.07749566636076288;-0.058121749770572;0.00034638086116742006;0.0591414295911084;0.0;53.6958561;86.85355722
4.615276035662872;1.0388057784015818;4.615276035662872;0.0351789538085041;0.03771839164824887;0.0825940654634444;4.886888597366009;0.9040817579118007;0.8173638249888917;4.886888597366009;2.709758878917632;0.0343632099520752;0.000390624259451078;0.07749566636076288;-0.058121749770572;0.00037237453457764574;0.0591414295911084;0.0;53.695680460000005;86.85363758000001
4.096947225154281;1.0567369555650856;4.615276035662872;0.0275313551544814;0.03527860500455706;0.0825940654634444;4.44489676422947;0.9401189943068798;0.8838237234565791;4.886888597366009;2.709758878917632;0.0343632099520752;0.0003990346568922534;0.07749566636076288;-0.058121749770572;0.0003889584982133697;0.0591414295911084;0.0;53.695503499999994;86.85373197999999
2.0764096759159933;1.5103580048407905;4.615276035662872;-0.020393596410727;0.036632272517589215;0.0825940654634444;2.6261299975098646;1.1280605426276789;1.2725205878334531;4.886888597366009;3.7022900338483993;0.0343632099520752;0.00038296190216693043;0.07749566636076288;-0.023452635872336;0.0007541891048821049;0.0938105434893444;0.0;53.69533431;86.85384183
1.4417185404855437;2.1636162019043716;4.615276035662872;0.0387478331803813;0.03628147757695736;0.0825940654634444;2.177129718448377;1.1338277229622533;1.2855653053577683;4.886888597366009;3.7022900338483993;0.0343632099520752;0.00039497675565432395;0.07749566636076288;0.0091771183848271;0.0015002421899868068;0.1264402977465075;0.0;53.69518457;86.85397369
1.97590045105208;2.298400010109629;4.615276035662872;0.0825940654634444;0.03357558074148676;0.0825940654634444;2.441408099963157;1.3272054104790676;1.7614742016049105;4.886888597366009;4.118534678800303;0.0343632099520752;0.00044996781584662426;0.07749566636076288;0.0091771183848271;0.0016923874238351981;0.1264402977465075;0.0;53.69506221;86.85411501
1.934742478438944;2.208364700906669;4.615276035662872;0.0132558376669725;0.03476233425948266;0.0825940654634444;2.331182491859062;1.4711658699076648;2.164329016781176;4.886888597366009;4.686212665943498;0.0343632099520752;0.0002491233659636107;0.04894463138574512;0.0091771183848271;0.0015316887584413109;0.1264402977465075;0.0;53.694976280000006;86.85425948
-0.6670879504852545;1.8690416554514515;4.096947225154281;-0.0316100744366269;0.044058350103167256;0.0825940654634444;1.1845985635176097;1.2001275838302685;1.4403062174702783;4.44489676422947;4.244220832806959;0.0343632099520752;0.00046354228973863125;0.07749566636076288;0.0091771183848271;0.0010885255086562995;0.11726317936168029;0.0;53.694923489999994;86.85439613
-2.5174203519301934;1.5033789209238484;2.0764096759159933;0.0571020699500356;0.047537722818329256;0.0825940654634444;2.6009929081923175;0.9437289331741444;0.8906242993100086;2.6261299975098646;2.4254540660873536;0.0343632099520752;0.00047116710060563096;0.07749566636076288;0.0091771183848271;0.000691457706385423;0.0800448659121035;60.0;53.69490224;86.85453104
-0.6894357056119418;1.4317211716368343;1.97590045105208;0.0356887937187723;0.04719455127314924;0.0825940654634444;0.7683539185657059;0.9035292451092359;0.8163650967676658;2.6009929081923175;2.4003169767698065;0.0343632099520752;0.0004736740459967504;0.07749566636076288;0.0091771183848271;0.0006275912508164972;0.078515346181299;0.0;53.694926380000005;86.85465502
0.1934819032653161;1.591775579835713;1.97590045105208;-0.0020393596410727;0.049017041181016775;0.0825940654634444;0.20067593142251106;0.9372881385490154;0.8785090546646783;2.6009929081923175;2.4003169767698065;0.020087692464565987;0.0005166849109328717;0.06322014887325367;0.0091771183848271;0.0007875389878674215;0.078515346181299;60.0;53.694987100000006;86.85476694
1.2945644977871118;1.6868698468618457;1.934742478438944;-0.0642398286937901;0.04682749978530709;0.0571020699500356;1.3090437825114272;1.07377886628612;1.1530010536827053;3.3271142064316916;3.1264382750091806;0.020087692464565987;0.0005262159245166207;0.06322014887325367;0.023452635872336;0.0008895150568416717;0.09177118384827151;60.0;53.69507952;86.85486191999999
0.14073388169689904;1.4857600901958496;1.2945644977871118;-0.0463954318344039;0.04573566807125459;0.0571020699500356;0.3842227165182039;1.0830153291788314;1.1729222032363322;3.3271142064316916;3.1264382750091806;0.04761904761904756;0.0008136481887150324;0.09075150402773524;0.023452635872336;0.0006895717209702122;0.0836137452839807;60.0;53.69521118;86.85495261999999
-0.6001167216832639;1.4853652354662874;1.2945644977871118;-0.0142755174875089;0.04570888482835199;0.0571020699500356;0.7461072281481355;1.0866876542899064;1.180890057986099;3.3271142064316916;3.1264382750091806;0.04863872743958397;0.001065902348231605;0.09177118384827165;0.023452635872336;0.0006892944551205033;0.0836137452839807;60.0;53.69535009;86.85502497
-2.448819729813359;1.7486272924976873;2.800876016957594;-0.0514938309370857;0.04470778908719678;0.0520036708473539;2.487079584760158;1.1385872256085208;1.2963808703189084;3.3271142064316916;3.1264382750091806;0.04863872743958397;0.0010270851292723338;0.09177118384827165;0.023452635872336;0.0009510680754770882;0.10706638115631681;60.0;53.69548081000001;86.85506609000001
-3.3120317602657527;1.8507819882908076;2.800876016957594;-0.0938105434893443;0.0458376041134807;0.0520036708473539;3.3271142064316916;1.1624218993117343;1.3512246719995;3.3271142064316916;3.1264382750091806;0.04863872743958397;0.0010194603184053347;0.09177118384827165;0.023452635872336;0.001070431023776847;0.10706638115631681;60.0;53.69560044;86.85507564
0.4499257386943776;1.8507819882908076;2.800876016957594;-0.0418068726419904;0.0458376041134807;0.0520036708473539;0.4534354411302387;1.1624218993117343;1.3512246719995;3.3271142064316916;3.1264382750091806;0.04863872743958397;0.0010194603184053347;0.09177118384827165;0.023452635872336;0.001070431023776847;0.10706638115631681;60.0;53.69560044;86.85507564
-0.9566447348620215;1.8507819882908076;2.800876016957594;-0.0295707147955541;0.0458376041134807;0.0520036708473539;1.029592925689537;1.1624218993117343;1.3512246719995;3.3271142064316916;3.1264382750091806;0.04863872743958397;0.0010194603184053347;0.09177118384827165;0.023452635872336;0.001070431023776847;0.10706638115631681;60.0;53.69560044;86.85507564
2.800876016957594;1.8507819882908076;2.800876016957594;0.0520036708473539;0.0458376041134807;0.0520036708473539;2.9635435404146953;1.1624218993117343;1.3512246719995;3.3271142064316916;3.1264382750091806;0.04863872743958397;0.0010194603184053347;0.09177118384827165;0.023452635872336;0.001070431023776847;0.10706638115631681;60.0;53.69560044;86.85507564
1.6917956714657145;1.8507819882908076;2.800876016957594;0.0428265524625267;0.0458376041134807;0.0520036708473539;2.4287912652728254;1.1624218993117343;1.3512246719995;3.3271142064316916;3.1264382750091806;0.04863872743958397;0.0010194603184053347;0.09177118384827165;0.023452635872336;0.001070431023776847;0.10706638115631681;60.0;53.69560044;86.85507564
-2.0866547957875903;1.570627877568729;2.2993522427879203;-0.0229427959620679;0.04628683146553889;-0.0173345569491179;2.6817402831488253;0.7585979160232199;0.5754707981947722;3.6958340841215023;2.211424493915203;0.00887121443866623;0.000998229263601046;0.07851534618129907;0.0061180789232181;0.000794716129914581;0.0999286224125624;60.0;53.72222247;86.83639591
0.5467174485617323;1.570627877568729;2.2993522427879203;-0.0489446313857448;0.04628683146553889;-0.0173345569491179;1.7155599609693333;0.7585979160232199;0.5754707981947722;3.6958340841215023;2.211424493915203;0.00887121443866623;0.000998229263601046;0.07851534618129907;0.0061180789232181;0.000794716129914581;0.0999286224125624;60.0;53.72222247;86.83639591
-3.340526519849452;1.570627877568729;2.2993522427879203;-0.0565922300397675;0.04628683146553889;-0.0173345569491179;3.6958340841215023;0.7585979160232199;0.5754707981947722;3.6958340841215023;2.211424493915203;0.00887121443866623;0.000998229263601046;0.07851534618129907;0.0061180789232181;0.000794716129914581;0.0999286224125624;60.0;53.72222247;86.83639591
-0.2660820650237854;1.570627877568729;2.2993522427879203;-0.0938105434893443;0.04628683146553889;-0.0173345569491179;1.5719478678439496;0.7585979160232199;0.5754707981947722;3.6958340841215023;2.211424493915203;0.00887121443866623;0.000998229263601046;0.07851534618129907;0.0061180789232181;0.000794716129914581;0.0999286224125624;60.0;53.72222247;86.83639591
0.12513082235898487;1.570627877568729;2.2993522427879203;-0.1040073416947078;0.04628683146553889;-0.0173345569491179;1.5306142740493835;0.7585979160232199;0.5754707981947722;3.6958340841215023;2.211424493915203;0.00887121443866623;0.000998229263601046;0.07851534618129907;0.0061180789232181;0.000794716129914581;0.0999286224125624;60.0;53.72222247;86.83639591
2.2993522427879203;1.570627877568729;2.2993522427879203;-0.1743652493117161;0.04628683146553889;-0.0173345569491179;2.753325038718864;0.7585979160232199;0.5754707981947722;3.6958340841215023;2.211424493915203;0.00887121443866623;0.000998229263601046;0.07851534618129907;0.0061180789232181;0.000794716129914581;0.0999286224125624;60.0;53.72222247;86.83639591
-0.1695195010383106;1.4166347344340775;2.2993522427879203;-0.0774956663607627;0.05475700679608503;0.0295707147955541;1.5032981750380225;0.7378326305836158;0.5443969907539385;3.6958340841215023;2.2177848160525278;0.00785153461813004;0.0013551397286390623;0.11522381972060813;0.0061180789232181;0.0006435340371747713;0.0999286224125624;60.0;53.72208635;86.83621882999999
0.03274617528314083;1.748357227686315;3.3254920806636683;-0.0882023044763943;0.0736593502925432;0.0876924645661262;1.4844095902062995;0.9091386046070401;0.8265330023868359;3.6958340841215023;2.2177848160525278;0.0843275211583564;0.002855610085314698;0.1916998062608345;0.0061180789232181;0.0008521419308496396;0.1080860609768532;60.0;53.72194848;86.83603488
1.011877989717819;1.1688835111889162;3.3254920806636683;-0.0428265524625267;0.0739453615808573;0.0876924645661262;1.7862480424550808;0.7289118612321831;0.5313125014449653;3.6170544082635656;2.166959514850351;0.0843275211583564;0.0028592145413609163;0.1916998062608345;-0.0499643112062812;0.00030799614805183533;0.0520036708473539;60.0;53.721808859999996;86.83583638
0.410814219897671;1.1487266262635303;3.3254920806636683;-0.0173345569491179;0.07524336243056952;0.0876924645661262;1.5161213615741316;0.7283908956069061;0.5305532968030308;3.6170544082635656;2.166959514850351;0.0843275211583564;0.0030811196430780828;0.1916998062608345;-0.0530233506678902;0.000288772382472006;0.0489446313857449;60.0;53.72167165;86.83562493
0.31888687610724586;1.130761713786486;3.3254920806636683;0.0295707147955541;0.077134826379727;0.0876924645661262;1.4780492680689745;0.7147689251183253;0.5108946163148063;3.6170544082635656;2.166959514850351;0.0843275211583564;0.003047639791725711;0.1916998062608345;-0.0530233506678902;0.00028100893868015185;0.0489446313857449;60.0;53.721534989999995;86.83540379
3.3254920806636683;1.1048402380488698;3.3254920806636683;0.0876924645661262;0.06630900943968704;0.0876924645661262;3.6170544082635656;0.6736527736211462;0.45380805940746316;3.6170544082635656;2.166959514850351;0.0843275211583564;0.0031081530634247175;0.1916998062608345;-0.0530233506678902;0.00025647091098089837;0.0489446313857449;60.0;53.721391;86.83514972
0.41741788712797456;1.334152706735429;3.973824702433676;-0.0326297542571632;0.06636282339158359;0.0876924645661262;1.4500948934132147;0.9219656784558531;0.8500207122505615;4.036872480022557;2.586777586609342;0.0843275211583564;0.0028473152153109015;0.1916998062608345;-0.0560823901294992;0.0004387269961896659;0.0662791883348629;60.0;53.721249580000006;86.83488798
1.7630069343676622;1.31521678081048;3.973824702433676;-0.1111451004384623;0.06710495261249462;0.0876924645661262;2.2206181287324487;0.9320788886094624;0.8687710545914507;4.036872480022557;2.586777586609342;0.0843275211583564;0.0026693307570992146;0.1916998062608345;-0.0591414295911083;0.00043526117306830214;0.0632201488732538;60.0;53.72111333;86.83462373
1.70714450477724;1.3729655657860456;3.973824702433676;-0.1254206179259712;0.0670899946035226;0.0876924645661262;2.0442660075115526;0.9655000953084887;0.9321904340407008;4.036872480022557;2.586777586609342;0.0843275211583564;0.0023845440712167787;0.1916998062608345;-0.0591414295911083;0.000483378350736565;0.0632201488732538;60.0;53.72098349;86.83436845
2.0576381055580546;1.2558964296826822;3.973824702433676;-0.0866727847455898;0.06648126928296047;0.0876924645661262;2.296587727675363;0.8988977565229817;0.8080171766820495;4.036872480022557;2.586777586609342;0.0843275211583564;0.0023861499025963438;0.1916998062608345;-0.0622004690527174;0.0003881837423364473;0.0601611094116447;60.0;53.72087775;86.83413215
3.973824702433676;1.0691988703546873;3.973824702433676;-0.078515346181299;0.06062737592343944;0.0876924645661262;4.036872480022557;0.8481158799432014;0.7193005458118308;4.036872480022557;2.586777586609342;0.0843275211583564;0.0009287943855504665;0.12542061792597148;-0.0622004690527174;0.0003058704432040643;0.0601611094116447;0.0;53.72077815;86.83390199
3.1358265402351098;1.1691826826125482;4.131947780840235;-0.0978892627714897;0.03697517067823021;-0.0061180789232181;3.170342876075986;0.9244127930799348;0.8545390120098465;4.142317736390455;2.69222284297724;0.024166411746711636;0.000374551504725753;0.06525950851432671;-0.0622004690527174;0.0004159103273073548;0.06525950851432649;0.0;53.72068501;86.83366549
3.431848211769794;0.9443037282976926;4.131947780840235;-0.0453757520138676;0.05273619668642317;0.0484347914754766;3.4467854658609363;0.8367305038711044;0.7001179361083921;4.142317736390455;2.2636017088469895;0.024166411746711636;0.00012943694083918802;0.04282655246252676;-0.0825940654634444;0.00029066992063095045;0.044865912103599484;0.0;53.72059977;86.83342921
2.743336148539628;0.9462747447486756;4.16720332684502;-0.0693382277964719;0.05619714120923793;0.0484347914754766;2.7868338171302414;0.8722564077248606;0.7608312408170782;4.1830944716755;2.304378444132035;0.024166411746711636;0.0001266642823420972;0.04282655246252676;-0.0825940654634444;0.000291155135867941;0.044865912103599484;0.0;53.72052143999999;86.83318448
1.840352445105709;0.929259362285241;4.645643252691984;-0.0933007035790761;0.051100695768279886;0.0484347914754766;1.878716027543465;0.8903921470619283;0.7927981755495505;4.648137848279312;2.7694218207358468;0.024166411746711636;0.00014829101861940638;0.04282655246252676;-0.0836137452839808;0.0002953603345885282;0.05200367084735391;0.0;53.72044879;86.83294287
4.131947780840235;1.2420255540436356;6.505630947716806;-0.0061180789232181;0.04944077438678432;0.0484347914754766;4.142317736390455;1.2335772921718415;1.521712935762013;6.5210695490707575;4.642353521527292;0.024166411746711636;0.0001675147841992358;0.04282655246252676;-0.0836137452839808;0.000477316048460111;0.08055470582237179;0.0;53.72038761;86.83274345
3.5942804153149064;1.59739059906038;6.9808616364430165;0.0484347914754766;0.050118441669650085;0.0484347914754766;3.621815571771964;1.592589903778257;2.536342601616438;7.014679688433595;5.13596366089013;0.024166411746711636;0.000171396506095163;0.04282655246252676;-0.0836137452839808;0.0007747991997104764;0.08973182420719891;0.0;53.72033323000001;86.83255595
4.16720332684502;1.9224423466320526;7.7808684669620884;0.0173345569491179;0.04579804883962225;0.0484347914754766;4.1830944716755;1.926385401519655;3.710960715188043;7.8423586187038765;5.963642591160411;0.024166411746711636;0.00018601072692357872;0.04282655246252676;-0.0836137452839808;0.0011055080419509799;0.1029876618741715;0.0;53.720286869999995;86.83238415
4.645643252691984;1.9539050738762922;7.7808684669620884;-0.07545630671969;0.048800554780350246;0.0484347914754766;4.648137848279312;1.9585152362281026;3.835781930537621;7.8423586187038765;5.963642591160411;0.03334353013153879;0.00022500123703891815;0.05200367084735391;-0.0836137452839808;0.0011111688863825397;0.1029876618741715;0.0;53.72024759999999;86.83222712
6.505630947716806;1.8387157761052155;7.7808684669620884;-0.0550627103089629;0.04583974637263744;0.0484347914754766;6.5210695490707575;1.8463727282512397;3.409092251629926;7.8423586187038765;5.963642591160411;0.03334353013153879;0.00022482794588284997;0.05200367084735391;-0.0836137452839808;0.0009801607723949988;0.1029876618741715;0.0;53.720212759999995;86.83208732
6.9808616364430165;1.4778741996125586;7.7808684669620884;0.003059039461609;0.038770523357426485;0.0484347914754766;7.014679688433595;1.4895378606508016;2.218723038312167;7.8423586187038765;4.220543046931913;0.03334353013153879;0.0002326838116246069;0.05200367084735391;-0.1147139798103395;0.0006017853094920082;0.0718874273478128;0.0;53.720183250000005;86.83196565
7.7808684669620884;1.4149028679322684;7.7808684669620884;-0.0112164780258998;0.03927848787480516;0.0484347914754766;7.8423586187038765;1.4228145810290673;2.0244013319889205;7.8423586187038765;4.220543046931913;0.03334353013153879;0.00012703397014171103;0.04078719282145449;-0.1147139798103395;0.0005712860660240086;0.0718874273478128;0.0;53.720159675000005;86.83187551500001
6.39918875608431;1.132730847313911;7.7808684669620884;0.0295707147955541;0.033367757348700504;0.0295707147955541;6.444887206290805;1.1414164741965196;1.302831567567214;7.8423586187038765;3.6592641470283764;0.03334353013153879;0.00012407935593074872;0.04078719282145449;-0.1254206179259712;0.00035745344399368365;0.06118078923218109;0.0;53.720140125;86.83180476499999
6.239555274641074;0.9382259617900731;7.7808684669620884;-0.023452635872336;0.03329063320993461;0.0295707147955541;6.279857122496829;0.9498833875827762;0.9022784500057307;7.8423586187038765;3.1942207704245646;0.03334353013153879;0.0001171477096880219;0.04078719282145449;-0.1356174161313347;0.0002385063944684885;0.05098399102681758;0.0;53.72012243499999;86.831761475
7.089973224348951;0.7473125211852812;7.7808684669620884;-0.0438462322830631;0.038212681726739944;0.0295707147955541;7.113666310077953;0.7557732465367485;0.5711932001806967;7.8423586187038765;2.6346341399117037;0.03334353013153879;8.378338577302733e-05;0.03262975425716319;-0.1437748546956255;0.0001536630444575098;0.042826552462526785;0.0;53.720106575;86.83173281500001
7.127277723868543;1.4696300261798265;7.7808684669620884;-0.0331395941674313;0.03873814202864793;0.0295707147955541;7.134910210618163;1.4538394941499766;2.11364927475026;7.8423586187038765;5.145974265982712;0.03334353013153879;0.00013888997340270686;0.04282655246252687;-0.0989089425920261;0.0006135546671749694;0.0876924645661262;0.0;53.72009197499999;86.831692615
6.850572407225586;2.391363259052519;7.7808684669620884;-0.0453757520138676;0.03698751023574777;0.0295707147955541;6.850727562492838;2.228545282278641;4.966414075166387;7.8423586187038765;7.108403691740821;0.03538288977261139;0.00019226364947170458;0.04486591210359947;-0.0520036708473539;0.0017257488595642523;0.1345977363107984;0.0;53.720074085;86.831646565
5.206762253682811;3.409065079761062;7.127277723868543;-0.0734169470786173;0.036054169975778476;0.0295707147955541;5.207724478792173;2.223942618373682;4.945920769818788;7.134910210618163;6.400955283655108;0.03538288977261139;0.00045698321948144723;0.07341694707861723;-0.003059039461609;0.0035141135901878163;0.17334556949117982;0.0;53.720045255;86.83159213500001
5.713003022716217;3.826676187870558;7.127277723868543;-0.1040073416947078;0.027816480089834096;-0.0040787192821454;5.737767026433445;2.38060886886702;5.667298586528313;7.134910210618163;6.400955283655108;0.03538288977261139;0.00042931151004329366;0.07341694707861723;-0.003059039461609;0.0044732801390251625;0.17334556949117982;0.0;53.720003844999994;86.83153280500001
2.5959219573836094;3.8673186173655094;7.127277723868543;-0.0040787192821454;0.028567215783896805;-0.0040787192821454;2.6963843527211644;2.552872718414259;6.517159116423809;7.134910210618163;6.400955283655108;0.03538288977261139;0.0004438679671530201;0.07341694707861723;-0.003059039461609;0.004563518620361732;0.17334556949117982;0.0;53.719948925;86.831475325
0.08286618715398619;4.3133365052732335;7.127277723868543;-0.0428265524625267;0.041804247367613116;-0.0040787192821454;0.7339549269630558;2.362671747715217;5.582217787451679;7.134910210618163;6.400955283655108;0.03538288977261139;0.0006802371040300101;0.08157438564290809;0.0367084735393086;0.005756836179278395;0.21311308249209743;0.0;53.71986600499999;86.831425685
-2.831235773135015;4.043175405386821;6.850572407225586;-0.0326297542571632;0.04211883195910796;-0.0040787192821454;2.9102766708840635;2.1088098584814987;4.4470790192287595;6.850727562492838;6.116772635529783;0.03538288977261139;0.0006819122518720022;0.08157438564290809;0.0367084735393086;0.0050704992265547845;0.2080146833894156;0.0;53.719759690000004;86.83137313
-1.6788246540751632;3.4523779402359267;5.713003022716217;-0.0285510349750178;0.04219457055950074;-0.0040787192821454;1.8951802005086027;1.9159265846891975;3.6707746779188124;5.737767026433445;5.198811881523365;0.03538288977261139;0.0007351039722271293;0.08157438564290809;0.0367084735393086;0.0037363999324483404;0.1906801264402977;0.0;53.71963142;86.83132166
-0.036406200044964976;2.982958021790067;5.713003022716217;-0.0152951973080452;0.04157563073249868;-0.0040787192821454;1.0472292342912297;1.7843547967705855;3.183922040758197;5.737767026433445;5.198811881523365;0.03538288977261139;0.0008586259082725243;0.08157438564290809;0.0367084735393086;0.0027959488284663597;0.1906801264402977;0.0;53.71948122;86.83127386000001
-4.992142815564188;2.1824235162525127;2.5959219573836094;-0.1386764555929438;0.03757027791536428;-0.0040787192821454;5.074581194626949;1.3828581094694565;1.9122965509254395;5.074581194626949;4.535626049716869;0.03538288977261139;0.0012986699172483093;0.10094830223309881;0.0367084735393086;0.0014709068854504097;0.1356174161313347;90.0;53.71930672;86.83123504
-2.3106677947436163;1.7746197984688938;0.6164714450494362;-0.0275313551544814;0.03896502450628902;0.0061180789232181;2.4157854167273602;1.3866844296889922;1.9228937075418853;5.074581194626949;4.535626049716869;0.03538288977261139;0.0013008649385585064;0.10094830223309881;0.0367084735393086;0.0009483531806986998;0.0978892627714896;90.0;53.719105590000005;86.83121823
0.04749358696548667;1.7783614118689945;0.6164714450494362;-0.0622004690527174;0.043493059902014165;0.0061180789232181;0.5389551449100803;1.3922785617133675;1.9384395934066434;5.074581194626949;4.535626049716869;0.03334353013153879;0.0011015801090801067;0.0989089425920262;0.0367084735393086;0.0009587044390878389;0.0978892627714896;90.0;53.718875860000004;86.83122402000001
0.6164714450494362;1.8729684257467831;0.6164714450494362;-0.0509839910268175;0.04310618636344841;0.0061180789232181;1.0996283978416668;1.4887365745420782;2.2163365883792805;5.074581194626949;4.535626049716869;0.03334353013153879;0.001001695086722411;0.0989089425920262;0.0367084735393086;0.001062679132728743;0.0978892627714896;90.0;53.71862222;86.83125454
-2.6716100887149548;2.1004357237486233;0.6164714450494362;-0.0632201488732537;0.04266655771491193;0.0061180789232181;3.0020960219166417;1.699532165312273;2.8884095809310235;5.377328456966848;4.838373312056768;0.03334353013153879;0.0009978797931029758;0.0989089425920262;0.037728153359845;0.0013223732592125097;0.09890894259202601;90.0;53.71834538;86.83130538
-2.4738389226037283;2.0392319489271014;0.6164714450494362;0.0061180789232181;0.04183601593163837;0.0061180789232181;2.777036430192888;1.6769802589231284;2.812262788817883;5.377328456966848;4.838373312056768;0.03334353013153879;0.0010178429342820297;0.0989089425920262;0.037728153359845;0.0012408686521417792;0.09890894259202601;90.0;53.718047049999996;86.83136033
-3.7466385988214483;1.9495619573276455;0.6164714450494362;-0.1070663811563169;0.029700526945652575;0.0061180789232181;3.9282173856722085;1.591484754893637;2.5328237250588597;5.377328456966848;4.838373312056768;0.03334353013153879;0.0009313359891727957;0.0989089425920262;0.037728153359845;0.0011156369100231787;0.09890894259202601;90.0;53.717719;86.8314214
-3.9878655525805544;2.069052709544267;0.6164714450494362;-0.0428265524625267;0.029081241468193544;0.0061180789232181;4.157522218883335;1.7224128680795012;2.9667060881258536;5.377328456966848;4.838373312056768;0.03334353013153879;0.0009350906308876073;0.0989089425920262;0.037728153359845;0.001269415481918076;0.09890894259202601;90.0;53.717391019999994;86.83148510000001
-5.21947205120746;1.9922483026713451;0.6164714450494362;-0.0367084735393086;0.028878729502761984;0.0061180789232181;5.377328456966848;1.6135303858402577;2.603480306029811;5.526719394737946;4.466131681713726;0.03334353013153879;0.0009173340637624874;0.0989089425920262;0.0448659121035994;0.0011980772893366786;0.1060467013357804;90.0;53.71705932;86.83155020000001
-4.944804031688309;1.6431989271268772;-0.6504318414625496;-0.0244723156928724;0.03374868075012239;0.0061180789232181;5.0680916615314935;1.5726853861947723;2.4733393239506003;5.526719394737946;4.466131681713726;0.027225451208320428;0.0008385443514701568;0.09279086366880784;0.0448659121035994;0.000836002747847836;0.0866727847455898;90.0;53.71672218;86.83160985999999
-3.959959466604649;1.6311959440934338;-0.6504318414625496;-0.0418068726419904;0.04721409980806626;0.0061180789232181;4.102078617882262;1.5723670481775882;2.472338134194702;5.526719394737946;4.466131681713726;0.027225451208320428;0.0005970920073485006;0.07035790761700811;0.0448659121035994;0.0008228903837053442;0.0866727847455898;90.0;53.7163459;86.83163806
-0.6504318414625496;1.9150866671607967;-0.21993382944887907;-0.0509839910268175;0.04214347649739466;-0.0244723156928724;1.0605877130242205;1.8667989816706247;3.484938437966482;5.526719394737946;5.1182184812628435;0.03946160905475682;0.0007946439252662197;0.0825940654634445;0.0448659121035994;0.0011114201585588534;0.0917711838482715;90.0;53.71598127;86.83163694999999
-5.492975888446056;1.916048772573756;-0.21993382944887907;-0.058121749770572;0.05306919465343058;0.040787192821454;5.526719394737946;1.871518752423584;3.5025824406731276;5.526719394737946;5.1182184812628435;0.03946160905475682;0.0008092581460946346;0.0825940654634445;0.0448659121035994;0.0011132685975569136;0.0917711838482715;90.0;53.71563883;86.83160683
-1.2754702253170704;1.89237948499385;-0.21993382944887907;-0.1019679820536351;0.07225302797286347;0.0968695829509534;1.3435899272844694;1.8464805955222305;3.4094905896401313;5.526719394737946;5.1182184812628435;0.03946160905475682;0.0008085072177516727;0.0825940654634445;0.0448659121035994;0.0010862351772102784;0.0917711838482715;90.0;53.71532328000001;86.83154216
-2.9446084917088533;2.0383066219108756;0.6370882979437762;-0.1560110125420618;0.07226429954074441;0.0968695829509534;3.0092586604778675;1.8143625222858013;3.291911362275295;5.526719394737946;5.1182184812628435;0.03946160905475682;0.0007142628225239971;0.0825940654634445;0.0448659121035994;0.0012849423695017836;0.1091057407973895;90.0;53.71502594;86.8314701
-0.21993382944887907;2.0731113741062215;0.8695467782103119;-0.1019679820536351;0.07205609135702692;0.0968695829509534;0.40850091347510314;1.6796457344898323;2.8212097933898885;5.526719394737946;5.1182184812628435;0.03946160905475682;0.0006868135034027982;0.0825940654634445;0.0448659121035994;0.0013327822813203373;0.11318446007953491;0.0;53.71474269;86.83139933
-2.598052676704771;2.028659927352256;0.8695467782103119;0.040787192821454;0.07213300864126336;0.0968695829509534;2.615925783614803;1.644860626458657;2.705566480473965;5.526719394737946;5.223487392839815;0.03946160905475682;0.0005838785566983037;0.0825940654634445;0.0448659121035994;0.0012812108332744482;0.11318446007953491;0.0;53.714486050000005;86.83132445
-2.9418077197275907;2.047107619165849;0.8695467782103119;0.0968695829509534;0.07209456025697357;0.0968695829509534;2.9484233325364833;1.7030985974466692;2.9005448326248118;5.526719394737946;5.224782335732775;0.03946160905475682;0.000573018977584698;0.0825940654634445;0.0448659121035994;0.0013047784304997196;0.11318446007953491;30.0;53.7142288;86.83125663999999
0.6370882979437762;1.5050448420642093;0.8695467782103119;-0.0356887937187723;0.07190972185368485;0.0968695829509534;0.6686398268100433;1.1427760557905629;1.3059371136882354;3.0092586604778675;2.7195902154559324;0.03946160905475682;0.0005043956797817005;0.0825940654634445;-0.0010196798205363;0.0006971041098873224;0.0672988681553992;0.0;53.71397098;86.83119337999999
0.8695467782103119;1.5326555857108677;0.8695467782103119;-0.0336494340776995;0.06873285773930747;0.0968695829509534;0.8723761648450498;1.1767763679331007;1.3848026201258203;3.0092586604778675;2.7195902154559324;0.03946160905475682;0.0004282168875741309;0.0825940654634445;-0.0010196798205363;0.0007211222641183708;0.0672988681553992;0.0;53.71371594;86.83114314000001
0.2819909150486697;1.325588448766459;0.8695467782103119;-0.0336494340776996;0.05437825002859484;0.0968695829509534;0.3032320018981312;0.9963662203284857;0.9927456450116724;2.9484233325364833;2.658754887514548;0.03946160905475682;0.00024910314866206533;0.056082390129499116;-0.0010196798205363;0.000540033006027128;0.0672988681553992;0.0;53.71350159;86.83112335000001
-0.2921166292476509;1.4047476109956054;1.1181975862140847;-0.0387478331803813;0.0480201055628415;0.0968695829509534;0.3019370590051711;0.9846538317535886;0.9695431683870243;2.9484233325364833;2.658754887514548;0.024166411746711636;0.00013923655571484344;0.04078719282145393;-0.0010196798205363;0.0005976927500228784;0.0693382277964719;0.0;53.71328091;86.83113819
0.26200409416416415;1.3771521694329227;1.1181975862140847;-0.0336494340776996;0.04371168236288356;0.0968695829509534;0.28966844502193495;0.985264257528119;0.9707456571624355;2.9484233325364833;2.658754887514548;0.04557968797797496;0.00031400646298146694;0.05812174977057205;-0.0010196798205363;0.0005792545710172247;0.0693382277964719;0.0;53.713044690000004;86.83118357
0.2734379300916405;2.035926637167774;1.1181975862140847;-0.0152951973080452;0.015144238405093071;-0.0112164780258998;0.37744465301246016;1.6791073626995194;2.8194015354717354;5.6100619917992915;5.320393546777357;0.04557968797797496;0.00035596602823744086;0.061180789232181065;0.0448659121035994;0.001278484385752306;0.1152238197206076;0.0;53.712784039999995;86.8312634
0.28182609894655997;2.381647145857868;1.1181975862140847;-0.0571020699500356;0.018004801511563553;-0.0112164780258998;0.5151525096321204;1.9753552053499777;3.9020281873032525;5.6100619917992915;5.320393546777357;0.04557968797797496;0.0003677931496390941;0.061180789232181065;0.0448659121035994;0.0017440137474138487;0.1152238197206076;0.0;53.71250507;86.83134795000001
1.1181975862140847;2.568086656555292;1.1181975862140847;-0.0514938309370857;0.018331011770927004;-0.0112164780258998;1.3104201008086114;2.188397538134975;4.789083784915219;5.6100619917992915;5.320393546777357;0.04557968797797496;0.0003546230217779129;0.061180789232181065;0.0448659121035994;0.002015075773735687;0.1152238197206076;0.0;53.71221276;86.8314294
-2.449166744702365;2.4860545629579747;1.1181975862140847;-0.0152951973080452;0.019055936853246722;-0.0112164780258998;2.619313863984997;2.0973686198591563;4.398955127569902;5.6100619917992915;5.320393546777357;0.04557968797797496;0.0003558360598703901;0.061180789232181065;0.0448659121035994;0.0018877645377442694;0.1152238197206076;0.0;53.7119153;86.83150314
-5.529340153222048;2.4818371905572505;1.1181975862140847;-0.0112164780258998;0.020691727117659982;-0.0101967982053635;5.6100619917992915;2.033267841621399;4.134178115771744;5.6100619917992915;5.320393546777357;0.04557968797797496;0.00038078998634420724;0.061180789232181065;0.0448659121035994;0.001870400763906238;0.1152238197206076;0.0;53.71159436000001;86.83155852
-4.667893686736663;2.4272630757781055;1.1181975862140847;-0.0632201488732538;0.020972337680250107;-0.0101967982053635;4.716770516110818;1.9826306032162253;3.9308241088095337;5.6100619917992915;5.232617338786832;0.04557968797797496;0.0004669156909100881;0.06831854797593528;0.0448659121035994;0.0017922464525194923;0.1152238197206076;0.0;53.71126567;86.83159590999999
-4.86206756457622;2.3248240454211544;1.1181975862140847;-0.0244723156928724;0.024141097712965413;0.0081574385642908;4.897018251594309;1.9000075943999712;3.6100288587775657;5.6100619917992915;5.094909482167171;0.04557968797797496;0.000487629760432104;0.06831854797593528;0.0448659121035994;0.0016430341025869915;0.1152238197206076;0.0;53.71092952;86.83160536
-1.950181657822179;2.326758602265055;1.1181975862140847;-0.0509839910268175;0.02476099752342657;0.0081574385642908;2.051761397996846;1.9255408101862055;3.707707411692549;5.6100619917992915;5.308069790696314;0.04557968797797496;0.0005427016898305688;0.06831854797593528;0.0448659121035994;0.0016340460679589225;0.1152238197206076;0.0;53.710577750000006;86.83158639
-0.35667704025679914;2.2029669698192933;0.2994476394946921;-0.0101967982053635;0.022733753404524402;0.0081574385642908;1.0284135431147143;2.029731429586194;4.119809676250016;5.6100619917992915;5.4207807138775985;0.04557968797797496;0.0005151252905282538;0.06831854797593528;0.0448659121035994;0.0014847615133780597;0.1009483022330987;0.0;53.710219959999996;86.83154348000001
-0.4317413307262137;2.2374709280187948;0.2994476394946921;-0.0224329560517997;0.025280611866075674;0.0142755174875089;0.7906837515107369;2.085778496388291;4.3504719359958;5.6100619917992915;5.4207807138775985;0.02824513102885695;0.0002992622737859977;0.05098399102681728;0.0448659121035994;0.0015309955938170479;0.1009483022330987;0.0;53.70985709;86.83149293
-1.2354427160992243;2.0504520914936024;1.2906149763046448;0.0081574385642908;0.025914270986063418;0.0142755174875089;1.2735021098648907;1.7046065946159978;2.9056836424083485;4.897018251594309;4.707736973672616;0.02824513102885695;0.0002777395122023309;0.05098399102681728;0.0326297542571632;0.0012768814425586767;0.10706638115631681;0.0;53.709494480000004;86.83143752
0.2994476394946921;1.6680387758006383;1.2906149763046448;0.0081574385642908;0.02114152554748058;0.0142755174875089;0.3019922011029769;1.3693213185197268;1.875040873352603;4.897018251594309;4.707736973672616;0.030284490669929554;0.0003239389344101055;0.05302335066788988;0.0326297542571632;0.0008385241341686238;0.10706638115631681;0.0;53.70913653;86.83138677
0.18531605729314604;1.2983931865602856;1.2906149763046448;-0.0244723156928724;0.024305577626959313;0.0142755174875089;0.18928127792169333;0.9682513507884846;0.9375106783037249;3.4576578495795722;3.2683765716578788;0.030284490669929554;0.00035513134250237684;0.05302335066788988;0.0071377587437544;0.0005052274773308351;0.081574385642908;0.0;53.70877151999999;86.83135456
-0.7637115211128735;1.7305902505464452;1.2906149763046448;0.0142755174875089;0.024980652628488996;0.0142755174875089;0.7693081091172846;1.41884707433449;2.013127020347542;4.498299608635931;4.309018330714238;0.030284490669929554;0.0003611965329647631;0.05302335066788988;0.0244723156928724;0.0008967961735824813;0.09890894259202601;0.0;53.708408999999996;86.8313402
1.2906149763046448;1.9698265884493622;1.2906149763046448;0.0010196798205363;0.027895279299704635;0.0142755174875089;1.3080837662849096;1.6489096383007227;2.71890299528102;4.498299608635931;4.309018330714238;0.030284490669929554;0.00035739568027500076;0.05302335066788988;0.0244723156928724;0.0011711276263821396;0.09890894259202601;0.0;53.708055009999995;86.83134205
-0.4125648179300323;2.102843548139571;1.2906149763046448;-0.0326297542571632;0.04622910891771942;0.0142755174875089;0.5721788471325003;1.757529105375558;3.0889085562422087;4.498299608635931;4.309018330714238;0.030284490669929554;0.00036880979108802636;0.055062710308962926;0.0244723156928724;0.0013332126210245723;0.09890894259202601;0.0;53.70769057;86.83135648999999
-3.402954713004839;2.0981528372550096;1.2906149763046448;-0.0520036708473539;0.044531986022063215;0.0142755174875089;3.4576578495795722;1.7362095860304263;3.0144237266239444;4.498299608635931;4.309018330714238;0.030284490669929554;0.00038522623993955115;0.055062710308962926;0.0244723156928724;0.001326023926233678;0.09890894259202601;0.0;53.70732034;86.83138306000001
-4.420987283143169;1.9894689878636012;1.2906149763046448;-0.0550627103089629;0.04180673447376471;0.0142755174875089;4.498299608635931;1.61781489954904;2.6173250492028703;4.498299608635931;4.309018330714238;0.030284490669929554;0.0003752446693500259;0.055062710308962926;0.0244723156928724;0.001199590698766339;0.09890894259202601;30.0;53.70695534;86.83141742000001
-4.029599869081948;1.9668528825710123;1.2906149763046448;-0.0571020699500356;0.047571582042951206;0.0265116753339451;4.154179812181175;1.515359000828636;2.296312901392362;4.498299608635931;3.926120761503431;0.030284490669929554;0.0007032848277870787;0.08361374528398069;0.0244723156928724;0.0011909607991941434;0.09890894259202601;0.0;53.70658698999999;86.83144587
-3.903976661624027;1.9459853210258973;1.2906149763046448;-0.1376567757724074;0.058320079999302187;0.07545630671969;4.025312510965718;1.4113213570082361;1.9918279727475694;4.498299608635931;3.926120761503431;0.030284490669929554;0.0008600902185413002;0.08361374528398069;0.0244723156928724;0.0011677513370247463;0.09890894259202601;0.0;53.70621625;86.83146937000001
-1.750510136626562;1.5818244422136762;-0.008536728974272823;-0.0601611094116447;0.0690771723489698;0.084123585194249;2.0463585466919163;1.406076741329388;1.9770518025074704;4.498299608635931;3.926120761503431;0.030284490669929554;0.000842530048059725;0.08361374528398069;0.0244723156928724;0.0007833222364031097;0.07953502600183529;0.0;53.70584566;86.83149558
-2.5814440442184097;1.422050120623467;-0.008536728974272823;-0.0662791883348628;0.07079433086088015;0.084123585194249;2.7414509949703754;1.199785408771378;1.4394850271007025;4.704955762333148;3.7272151076049225;0.025186091567248048;0.0007103666596983987;0.07851534618129918;0.0265116753339451;0.0006501999703115391;0.081574385642908;30.0;53.705480939999994;86.83155325999999
-0.008536728974272823;1.45915837323371;-0.008536728974272823;0.0265116753339451;0.07082125166553657;0.084123585194249;0.9777406547282254;1.2429272565853071;1.5448681651626779;4.704955762333148;3.7272151076049225;0.03232385031100238;0.0008699678144371871;0.08565310492505351;0.0265116753339451;0.0006806905492217346;0.081574385642908;0.0;53.70513636;86.831713
-3.1677475821550094;1.4118076285718624;-0.008536728974272823;0.07545630671969;0.07062005658069766;0.084123585194249;3.3231587371358255;1.207826583631595;1.4588450561271702;4.704955762333148;3.7272151076049225;0.03232385031100238;0.0008283346141918082;0.08565310492505351;0.0265116753339451;0.0006401404187017817;0.081574385642908;0.0;53.70482095;86.83192495
-4.222015466961603;1.3896300175674772;-0.008536728974272823;0.084123585194249;0.0689979159339148;0.084123585194249;4.376276493502442;1.1860723912686888;1.4067677173298256;4.704955762333148;3.7272151076049225;0.03232385031100238;0.0008110286040724666;0.08565310492505351;0.0265116753339451;0.0006187909482741823;0.081574385642908;0.0;53.704541860000006;86.83220138
-4.530272848534819;1.6328766103939238;-0.008536728974272823;0.0224329560517997;0.055456793185872;0.084123585194249;4.704955762333148;1.25706027099792;1.5802005249213638;4.704955762333148;3.7272151076049225;0.03232385031100238;0.000830760690376763;0.08565310492505351;0.0265116753339451;0.0008525491650664107;0.081574385642908;0.0;53.70430627;86.83254435
-4.237338469930759;1.5993481958605746;-0.008536728974272823;0.0152951973080452;0.05337796340343055;0.084123585194249;4.454530924179223;1.1947341602762447;1.4273897137309837;4.704955762333148;3.7272151076049225;0.03232385031100238;0.0007515319738223946;0.08565310492505351;0.0265116753339451;0.0008227892971976367;0.081574385642908;0.0;53.70410897000001;86.83296401
-3.6418163453081127;1.619726891774073;-0.008536728974272823;0.0300805547058223;0.048849800167972655;0.084123585194249;3.9674228791057593;1.2007735897878624;1.4418572139320296;4.704955762333148;3.7272151076049225;0.03232385031100238;0.0006621137372912156;0.08565310492505351;0.0265116753339451;0.0008411668242986663;0.081574385642908;0.0;53.7039492;86.83346728000001
-2.653964028998469;1.4895901742594304;-0.11153564160782459;-0.0305903946160905;0.04925606503108567;0.084123585194249;3.189465348610962;1.040463914622793;1.0825651576321864;4.704955762333148;2.895040246115494;0.03232385031100238;0.00043009709661747205;0.07443662689915365;0.0265116753339451;0.0006873766996600313;0.07851534618129899;0.0;53.703820459999996;86.8340579
-0.11153564160782459;1.531456541888374;-0.11153564160782459;-0.061180789232181;0.04362768825780334;0.084123585194249;1.809915516217654;1.0694599135017633;1.1437445065871992;4.704955762333148;2.895040246115494;0.03232385031100238;0.000389489202378831;0.06933822779647203;0.0265116753339451;0.0007291052100412476;0.07851534618129899;0.0;53.703722330000005;86.83472264999999
-2.7102934146790805;1.4957130617990135;-0.11153564160782459;-0.0418068726419904;0.03053766571408615;0.0300805547058223;3.2582393523368167;1.03382604361928;1.0687962884654938;4.704955762333148;2.895040246115494;0.03232385031100238;0.00042801760274465474;0.06933822779647203;0.0265116753339451;0.0006966766583690235;0.07851534618129899;0.0;53.70365256;86.83544648
-1.9679033458133797;1.3808655625606603;-0.11153564160782459;-0.0280411950647496;0.027649435149933125;0.0300805547058223;2.6308498103711386;0.9747300435989569;0.9500986578944244;4.454530924179223;2.6446154079615694;0.03232385031100238;0.00044609764669443336;0.06933822779647203;0.0209034363209952;0.0005959367329747247;0.0729071071683491;0.0;53.703604559999995;86.83619208
-0.7765027012309194;1.2817349277396073;-0.11153564160782459;-0.020393596410727;0.024993136135888976;0.0300805547058223;1.8239137575793485;0.8640989137555867;0.7466669327535849;4.140201962973588;2.3302864467559345;0.012949933720811546;0.00027641094667247635;0.0499643112062812;0.0173345569491179;0.0005197839344405653;0.0693382277964718;0.0;53.70357603;86.83687778999999
-3.957122743320043;1.348525679547629;-0.11153564160782459;-0.0346691138982359;0.017056496738579903;0.0040787192821454;4.140201962973588;0.9047831586325991;0.8186325641451828;4.268889164972318;2.4589736487546645;0.012949933720811546;0.00027103025627655956;0.0499643112062812;0.0214132762312633;0.0005753526318197596;0.07341694707861719;0.0;53.70355009;86.83755329
-3.7988870166084237;1.6517100970541505;-0.11153564160782459;0.0040787192821454;0.018062457511192065;0.0040787192821454;3.916721933696604;1.2190337641736662;1.4860433181954176;5.631992194963286;3.822076678745632;0.012949933720811546;0.00028958396271959187;0.0499643112062812;0.0458855919241358;0.0008640556978293384;0.0978892627714897;0.0;53.70352844;86.83821259999999
-2.171527534605254;1.6306664437531695;-0.7765027012309194;-0.0173345569491179;0.013429978533925213;0.0040787192821454;2.2693307458392074;1.3911614880631649;1.9353302858701191;6.161014801521663;4.337101043942314;0.012949933720811546;0.00026806986569372787;0.0499643112062812;0.0550627103089629;0.0008325167074249315;0.0938105434893442;0.0;53.70350698;86.83886442
-3.2331017854185413;1.6933399421240136;-0.7765027012309194;-0.0193739165901906;0.011587444753160965;0.0040787192821454;3.2824255341949384;1.46089257819477;2.134207125024562;6.161014801521663;4.337101043942314;0.012949933720811546;0.00032398514538505853;0.0499643112062812;0.0550627103089629;0.0008892868901528663;0.0938105434893442;0.0;53.70349042;86.83950578
-4.2086657018559395;1.7896703496673276;-0.7765027012309194;-0.0265116753339451;0.011336854682137265;0.0040787192821454;4.268889164972318;1.6009696981626167;2.5631039744349002;6.620586018761492;4.7966722611821435;0.012949933720811546;0.0002942599357474974;0.0499643112062812;0.0632201488732537;0.0009999592869758068;0.101967982053635;0.0;53.70347917;86.84013965
-5.5662389987975285;1.6825335814674443;-2.171527534605254;-0.0081574385642908;0.012381169438219826;0.0040787192821454;5.631992194963286;1.6684583908454702;2.783753401982656;7.788388154664292;5.519057408825085;0.012949933720811546;0.00030282340704319946;0.0499643112062812;0.0825940654634444;0.0008721050720287101;0.0968695829509533;0.0;53.70348003;86.84078307
-6.08171019152404;1.67140765788033;-2.171527534605254;-0.0326297542571632;0.010957143839065332;0.0040787192821454;6.161014801521663;1.665527425076642;2.7739816036824294;7.788388154664292;5.519057408825085;0.012949933720811546;0.000229209323945439;0.036708473539308506;0.0825940654634444;0.0008625740584449604;0.0968695829509533;0.0;53.70349444;86.841417
-5.188492404529741;1.6543556617052635;-2.171527534605254;-0.020393596410727;0.008600206601927259;-0.0040787192821454;5.299468800520575;1.6557095195327491;2.741374013071367;7.788388154664292;5.519057408825085;0.01498929336188437;0.00024194044754458131;0.03874783318038133;0.0825940654634444;0.0008472320147610581;0.0968695829509533;0.0;53.70352426000001;86.84204586000001
-6.539803621971714;1.3902988986775116;-3.2331017854185413;-0.023452635872336;0.008676437424539597;-0.0040787192821454;6.620586018761492;1.4047018817896761;1.9731873767034576;7.788388154664292;4.505962620469354;0.01498929336188437;0.0002553416302805203;0.04282655246252676;0.0825940654634444;0.0005997722438957063;0.078515346181299;0.0;53.70359387;86.84273243
-7.74416820396644;1.2270970022535181;-4.067430496478075;-0.0040787192821454;0.008660444592065828;-0.0040787192821454;7.788388154664292;1.2427514045659067;1.5444310535505341;7.788388154664292;3.718490469436153;0.01498929336188437;0.0002882669499334733;0.04282655246252676;0.0825940654634444;0.00046683482170394144;0.06423982869379011;0.0;53.70370733;86.84348589
-4.167802155628824;1.5131902014838972;-2.3719965079925744;-0.0158050372183134;0.009733210510234458;-0.0040787192821454;4.197156739340674;1.5163579334455846;2.299341382323364;7.788388154664292;5.31511214349282;0.01498929336188437;0.00030222266436882937;0.04282655246252676;0.0825940654634444;0.0007130468962456019;0.0938105434893442;0.0;53.70384485000001;86.84424037000001
-4.067430496478075;1.5236336982417142;-2.3719965079925744;-0.0112164780258998;0.017202847780975895;-0.0040787192821454;4.069897685228139;1.5262212692195178;2.329351362618036;7.788388154664292;5.31511214349282;0.01498929336188437;0.00028766620725910247;0.04282655246252676;0.0825940654634444;0.0007211800278370681;0.0938105434893442;0.0;53.70400271999999;86.8450024
-4.136562289508242;1.5055682971274096;-2.3719965079925744;-0.0142755174875089;0.020196068191842026;-0.0040787192821454;4.140247426624919;1.5050921955001506;2.2653025169554635;7.788388154664292;5.31511214349282;0.01498929336188437;0.00027501306468019117;0.04282655246252676;0.0825940654634444;0.0007001078232591779;0.0938105434893442;30.0;53.704182229999994;86.84576303
-5.328906122201115;1.5039089031596549;-2.3719965079925744;-0.0163148771285816;0.026835483395806003;-0.0040787192821454;5.34985755466012;1.5015874692439244;2.2547649277903736;7.788388154664292;5.31511214349282;0.01498929336188437;0.00021026282421531873;0.04282655246252676;0.0825940654634444;0.0007001078232591777;0.0938105434893442;0.0;53.70437272;86.84652696
-2.3719965079925744;1.5061751243824104;-2.3719965079925744;-0.0336494340776996;0.027283766802553566;-0.0040787192821454;2.4732760111714716;1.4883283017700708;2.2151211338497827;7.788388154664292;5.31511214349282;0.01498929336188437;0.00020035057008821884;0.04282655246252676;0.0825940654634444;0.0006961221266696088;0.0938105434893442;0.0;53.70456447;86.84730751000001
-4.318820363889034;1.1496554531686045;-1.8776976376123125;-0.0652595085143265;0.03198091374623369;-0.0112164780258998;4.373894026163146;1.1040219007387295;1.2188643573107572;5.34985755466012;3.2913303075754037;0.01498929336188437;0.0002229939478144613;0.05098399102681761;0.0418068726419904;0.0004219177540510671;0.0622004690527174;0.0;53.704750620000006;86.84806198
-3.918857992300057;1.5642537615455288;-0.3691120490826849;-0.0576119098603038;0.0350162662754894;-0.0112164780258998;3.9799229214271046;1.423314349502412;2.0258237374994748;5.34985755466012;4.399477255109447;0.01498929336188437;0.00025162164679692363;0.05098399102681761;0.0418068726419904;0.0007665938634706649;0.0876924645661262;0.0;53.704916389999994;86.84879351
-5.129949306665168;2.205464322895837;1.6316754016597432;-0.0831039053737126;0.032195985535853205;-0.0142755174875089;5.186380095728922;1.5045229795459423;2.2635893959818;5.34985755466012;4.399477255109447;0.019068012644029797;0.00027994897444220127;0.05506271030896304;0.0418068726419904;0.0014852669459165962;0.1213418986438258;30.0;53.70505327000001;86.84947823
-2.5950135612412586;2.713719826226189;2.505497739821977;-0.0520036708473539;0.029193053159947916;-0.0163148771285816;2.7162908212399177;1.4894001959938412;2.2183129438264926;5.34985755466012;4.399477255109447;0.019068012644029797;0.0003434890650005319;0.05506271030896304;0.0418068726419904;0.002228073710030956;0.1366370959518711;30.0;53.70513678;86.85004814
-1.8776976376123125;2.723042266068415;2.505497739821977;-0.1019679820536351;0.02652605153616377;-0.0336494340776996;2.058527247084716;1.3210645741885547;1.7452116091759875;5.186380095728922;4.23599979617825;0.019068012644029797;0.00030224576985630607;0.05506271030896304;0.0377281533598449;0.0022465465472678216;0.13255837666972559;30.0;53.70516331;86.85049707
-0.3691120490826849;2.877148934146698;2.505497739821977;-0.1040073416947078;0.029519099735141142;-0.0132558376669725;0.9503802995506727;1.3607886005405492;1.8517456153611063;5.186380095728922;4.23599979617825;0.019068012644029797;0.00027461160683530213;0.05506271030896304;0.0377281533598449;0.0025246095362948134;0.13255837666972559;30.0;53.70514491;86.85089338999998
1.6316754016597432;2.6686934742843396;2.505497739821977;-0.0397675130009177;0.03432097469853981;-0.003059039461609;1.8152653157291951;1.3699186276894244;1.8766770464904756;5.186380095728922;4.561210132619314;0.019068012644029797;0.0002615107954365486;0.05506271030896304;0.0377281533598449;0.002169431982817484;0.13255837666972559;0.0;53.705084969999994;86.85123537000001
2.505497739821977;2.4636583659219773;2.505497739821977;-0.0418068726419904;0.040824033360414756;0.0173345569491179;2.5714182380303954;1.250263028340653;1.5631576400355407;5.186380095728922;4.561210132619314;0.019068012644029797;0.0002504894779106129;0.05506271030896304;0.0377281533598449;0.0018456663395634441;0.13255837666972559;0.0;53.7049833;86.85152282
1.7462592783341764;1.694698492231146;2.505497739821977;-0.0356887937187723;0.04062670236540167;0.0173345569491179;1.7816602033334594;0.6384855674037819;0.4076638197829294;2.7162908212399177;2.0911208581303096;0.019068012644029797;0.0002464893403913731;0.05506271030896304;-0.0071377587437544;0.0008614447777445778;0.0876924645661263;0.0;53.7048188;86.85176279999999
1.7344964823095808;1.2708501754893105;2.505497739821977;-0.0132558376669725;0.04040085888946093;0.0173345569491179;1.7352218127920702;0.5431265023142001;0.2949863975160569;2.5714182380303954;1.9462482749207872;0.019068012644029797;0.00026697235503863145;0.05506271030896304;-0.020393596410727;0.0004794417533078933;0.0744366268991537;0.0;53.70462689;86.85192672999999
0.550915991450629;0.7806090124308064;2.505497739821977;-0.003059039461609;0.032958958432100956;0.0173345569491179;0.6251699631096083;0.5325297079241803;0.2835878898218128;2.5714182380303954;1.9462482749207872;0.019068012644029797;0.00015837656390257562;0.03670847353930873;-0.0458855919241358;0.00018080332768373927;0.0489446313857449;0.0;53.70441149;86.85203901
1.6174651924797772;0.522529269943309;2.505497739821977;0.0173345569491179;0.019860429624874096;0.0173345569491179;1.7395608847938775;0.5014634838972546;0.2514656256823721;2.5714182380303954;1.9462482749207872;0.019068012644029797;0.00016475367844588458;0.03670847353930873;-0.0622004690527174;7.786838097924366e-05;0.032629754257163295;0.0;53.70418654;86.85211102000001
1.0773742483868425;0.5406309269734328;2.505497739821977;-0.0020393596410727;0.01851100395579359;0.0173345569491179;1.5152161550985779;0.5741121264192818;0.32960473370166943;2.653132127353131;2.027962164243523;0.017028653002957195;0.00016432622692758237;0.035688793718772316;-0.0622004690527174;8.757268571906139e-05;0.032629754257163295;0.0;53.70396087;86.85215927
1.1819985786869598;0.40800615854225947;1.9198858223779656;-0.0275313551544814;0.019821927618807435;0.0229427959620678;1.7981550721073147;0.5474716595369168;0.29972521799610574;2.653132127353131;2.027962164243523;0.01498929336188437;0.00012162223174699828;0.03364943407769949;-0.0622004690527174;5.591816787727482e-05;0.025491995513408798;0.0;53.703737000000004;86.85219396
1.1420678594183622;0.4864938712082328;1.9198858223779656;-0.0346691138982359;0.019580035774775566;0.0229427959620678;1.90280808823118;0.5527420491439144;0.3055237728918136;2.653132127353131;2.027962164243523;0.01498929336188437;0.00014138319991063915;0.03364943407769949;-0.0601611094116447;7.451808529525891e-05;0.027531355154481497;0.0;53.70350647;86.85221175
1.421120352807204;0.4667062556607029;1.9198858223779656;-0.0086672784745589;0.02016601428931988;0.0229427959620678;2.2418969188362277;0.5574908452342179;0.3107960425199626;2.653132127353131;2.027962164243523;0.01498929336188437;0.00014840149173140033;0.03364943407769949;-0.0601611094116447;6.8626185988941e-05;0.027531355154481497;0.0;53.70328369;86.85221681
1.9198858223779656;0.4887831704703988;1.9966673949740121;-0.0122361578464362;0.021066254957795804;0.0229427959620678;2.653132127353131;0.4215866825509801;0.17773533090434085;2.8844922779082456;1.3692761228096677;0.01498929336188437;0.000162952172469258;0.03364943407769949;-0.0601611094116447;7.223064203515883e-05;0.027531355154481497;0.0;53.70306335;86.85220895
1.2514050716759648;0.4753224154748343;1.9966673949740121;0.0229427959620678;0.0202688707150322;0.0229427959620678;2.3534666846911545;0.41019716118048505;0.16826171104052884;2.8844922779082456;1.3692761228096677;0.01498929336188437;0.00016165248879874663;0.03364943407769949;-0.0601611094116447;6.88572408636984e-05;0.027531355154481497;0.0;53.70284684000001;86.852187
0.3826100267413475;0.5049009910879562;1.9966673949740121;0.020393596410727;0.020465414031312423;0.0229427959620678;2.0884039649001087;0.3729070536031135;0.13905967062695537;2.8844922779082456;1.0863372058009308;0.01498929336188437;0.00015951523120723865;0.03364943407769949;-0.0601611094116447;7.744959401874527e-05;0.027531355154481497;0.0;53.70266193;86.85214289000001
0.8136248763860139;0.5055558126056291;1.9966673949740121;0.0152951973080452;0.019121526784232224;0.0229427959620678;2.15107383760727;0.3236230128424695;0.10473185444123718;2.8844922779082456;0.9816841896770656;0.01498929336188437;0.00015280308709553095;0.03364943407769949;-0.0601611094116447;7.763732610448577e-05;0.027531355154481497;0.0;53.70246443999999;86.85209132
1.9966673949740121;0.559182967747504;1.9966673949740121;-0.020393596410727;0.015696299339461935;0.0229427959620678;2.8844922779082456;0.2697440582247533;0.07276185694755909;2.8844922779082456;0.7960883130081369;0.010910574079739055;0.00012118900385682706;0.029570714795554176;-0.0601611094116447;9.51050746361578e-05;0.027531355154481497;0.0;53.70227138;86.85203906000001
1.3452895619873484;0.557724691442775;1.9966673949740121;0.0081574385642908;0.016920490048991925;0.0229427959620678;2.48666719076188;0.29887944777825753;0.08932892430423617;2.9801799469855617;0.891775982085453;0.00887121443866623;9.768494672211338e-05;0.02753135515448135;-0.0601611094116447;9.51050746361578e-05;0.027531355154481497;0.0;53.702083259999995;86.85198662
1.8455449648666837;0.6551720770536822;2.5002201861959312;-0.0132558376669725;0.016977745564296754;0.0229427959620678;2.831911241617081;0.47866123711497277;0.2291165799164362;3.7233647770157456;1.634960812115637;0.00887121443866623;7.342418487256944e-05;0.02651167533394516;-0.0601611094116447;0.00012962467292493824;0.03670847353930869;0.0;53.701898269999994;86.85194243
1.1629826803910825;0.7793740526420744;2.6676436731762427;-0.0122361578464362;0.01736086205744136;0.0254919955134087;2.533917863501137;0.5970363077443241;0.35645235276497533;3.8641892519338903;1.7757852870337816;0.013969613541347958;0.00010277609647809996;0.03161007443662689;-0.0601611094116447;0.00017745303199975416;0.037728153359844994;0.0;53.701710979999994;86.85190362
0.565386846075278;0.7894572030204965;2.8502535205466906;-0.003059039461609;0.01736086205744136;0.0254919955134087;2.5064809391713716;0.6233518152511099;0.38856748557685383;3.8641892519338903;1.7131154143266203;0.01498929336188437;9.279452588857312e-05;0.030590394616090477;-0.0622004690527174;0.00018068780024636;0.03874783318038139;0.0;53.70153264;86.85187632
1.3620545032528018;0.8055287650793482;2.9289027149693467;-0.0214132762312633;0.01883910402252079;0.0275313551544814;2.9801799469855617;0.5979302787598914;0.3575206182578814;3.8641892519338903;1.3775220611720105;0.01498929336188437;9.133888017760039e-05;0.030590394616090477;-0.0622004690527174;0.00018722376501606426;0.0412970327317222;0.0;53.701352959999994;86.85185536
2.5002201861959312;0.9894817337438707;3.7332548884643293;0.0122361578464361;0.01949014537773323;0.0346691138982359;3.7233647770157456;0.6974669882195351;0.4864601996560292;4.35060411603009;1.8639369252682103;0.016008973182420783;0.00010815967505995147;0.03161007443662689;-0.0622004690527174;0.00027935689632564335;0.054043030488426604;0.0;53.70117724000001;86.85184348
2.6676436731762427;0.953661271865751;3.7332548884643293;0.0254919955134087;0.01949014537773323;0.0346691138982359;3.8641892519338903;0.6449603607597704;0.4159738669513731;4.35060411603009;1.8441231768587185;0.0211073722851024;0.00013124205704823205;0.036708473539308506;-0.0622004690527174;0.00026050281854542585;0.054043030488426604;0.0;53.70100526;86.85184558
2.8502535205466906;1.0058564512846955;3.7332548884643293;0.020393596410727;0.018026844665741667;0.0346691138982359;3.8620585662274727;0.6769045662274897;0.45819979177962605;4.35060411603009;1.8441231768587185;0.0211073722851024;0.00013311360153376821;0.036708473539308506;-0.0622004690527174;0.0002904475303140065;0.054043030488426604;0.0;53.70083571;86.85185267
2.9289027149693467;0.9710244168164451;3.7332548884643293;0.0275313551544814;0.016332216633509134;0.0346691138982359;3.811566074227221;0.6514070709514495;0.42433117208554677;4.35060411603009;1.8441231768587185;0.030284490669929554;0.00013623284234299553;0.03619863362904052;-0.0622004690527174;0.00027983344700483094;0.054043030488426604;0.0;53.700682979999996;86.85186378
3.7332548884643293;0.8163578250023744;3.7332548884643293;0.0346691138982359;0.015534647210044408;0.0346691138982359;4.35060411603009;0.6181598161585838;0.3821215583132142;4.35060411603009;1.8100483547940613;0.030284490669929554;0.00013101100217347456;0.03619863362904052;-0.0723972672580809;0.00019873318596492524;0.0438462322830631;0.0;53.700528829999996;86.85187603
2.1781058895141276;0.9344555460590338;3.7332548884643293;0.0081574385642908;0.010810529850677009;0.0346691138982359;3.0655552351297586;0.7266133368428749;0.5279669412779371;4.35060411603009;2.2186139374185654;0.030284490669929554;0.00011451368411578441;0.03619863362904052;-0.0622004690527174;0.0002661781039066588;0.054043030488426604;0.0;53.70036997;86.85189125
1.1393121900822818;1.1534737729103701;3.7332548884643293;0.0112164780258998;0.012609994639497605;0.0346691138982359;2.5405557612360288;0.8201179472105258;0.6725934473368067;4.35060411603009;2.4080748290269307;0.030284490669929554;0.00015268394942573348;0.04435607219333115;-0.0530233506678902;0.00039037009908885086;0.0632201488732538;0.0;53.70020555;86.85191371
1.5690414942155009;1.3742451712661083;3.7332548884643293;0.0061180789232181;0.019220055508827168;0.0346691138982359;2.754601277914187;0.8493435810572614;0.7213845186831728;4.35060411603009;2.416588341455812;0.030284490669929554;0.00019889492437724722;0.04435607219333115;-0.0418068726419904;0.000550491127295844;0.0744366268991536;0.0;53.700039630000006;86.85194747
1.7481541269245557;1.4486703295582914;3.7332548884643293;0.0193739165901906;0.022017109874853554;0.0346691138982359;2.7699755310751057;0.8390198674251818;0.7039543379341695;4.35060411603009;2.5036324445184412;0.030284490669929554;0.000193696189695202;0.04435607219333115;-0.0418068726419904;0.0006163417666017506;0.0744366268991536;0.0;53.69986714;86.85199002
0.6132588910642607;1.353301539313441;3.7332548884643293;0.0;0.022003725532526126;0.0346691138982359;2.1319901786115247;0.7983561605541435;0.6373725590947533;4.35060411603009;2.6626899816181426;0.030284490669929554;0.0002099162419031836;0.04435607219333115;-0.0418068726419904;0.0005282954183894463;0.0744366268991536;0.0;53.69969337;86.85204153
-0.006892160345493004;0.9968839865101621;2.1781058895141276;-0.0040787192821454;0.022003725532526122;0.0193739165901906;1.9425292870031592;0.46463229022722824;0.21588316512179925;3.0655552351297586;1.377641100717811;0.030284490669929554;0.0002027073298107472;0.04435607219333115;-0.0418068726419904;0.0002844747618015253;0.0469052717446721;0.0;53.69951639;86.85210006999999
-0.6345824627853358;1.0064711987652097;2.2392944849683953;-0.0336494340776996;0.02134275363772922;0.0193739165901906;1.9340157745742779;0.4241193908079197;0.17987725765928095;2.821085723227249;1.1331715888153013;0.030284490669929554;0.000526692475195805;0.0866727847455897;-0.0418068726419904;0.00033253417575109944;0.055062710308962995;0.0;53.699335559999994;86.85216244
-0.5242784264191682;1.1708173490495892;2.6904671101362805;-0.0285510349750178;0.02134275363772922;0.0193739165901906;1.8469716715116489;0.506692395922759;0.25673718408594604;3.165491857046268;1.4775777226343205;0.030284490669929554;0.0005671126373487067;0.0866727847455897;-0.0418068726419904;0.0004575002047637285;0.060161109411644695;0.0;53.69915442;86.85223218
0.2496687179698216;1.3101331028902719;2.8666738332686403;-0.0244723156928724;0.023035700847904777;0.0209034363209952;1.6879141344119475;0.587435719720114;0.34508072480308827;3.3349969346642605;1.647082800252313;0.01498929336188437;0.0004415574184054466;0.07137758743754452;-0.0418068726419904;0.0005600885691560875;0.060161109411644695;0.0;53.69897356;86.85230987999999
1.5994934500740126;1.4291553199673943;2.9609150961037027;-0.0448659121035994;0.02376878546446283;0.0244723156928724;2.2536501188252527;0.6646684022238879;0.441784084914856;3.417194204310913;1.7292800698989654;0.01498929336188437;0.0004718718179736389;0.07137758743754452;-0.0418068726419904;0.000649275750812508;0.06118078923218109;0.0;53.698775420000004;86.8523959
2.2392944849683953;1.4400352583492557;2.9609150961037027;-0.0020393596410727;0.02475166436031365;0.0244723156928724;2.821085723227249;0.6586983843182019;0.4338835615034097;3.417194204310913;1.7292800698989654;0.013969613541347958;0.00041530958463298676;0.07035790761700811;-0.0418068726419904;0.0006550983336563986;0.06118078923218109;0.0;53.69858114;86.85248578000001
2.6904671101362805;1.3586521756670213;2.9609150961037027;0.0112164780258998;0.024970071440010465;0.0244723156928724;3.165491857046268;0.6324939064908834;0.40004854174809834;3.417194204310913;1.7292800698989654;0.013969613541347958;0.0004155088694624652;0.07035790761700811;-0.0418068726419904;0.0005845803858803891;0.06118078923218109;0.0;53.698390849999996;86.85257453
2.8666738332686403;1.200446864715385;3.0674676121968973;0.0209034363209952;0.023734737797842978;0.0244723156928724;3.3349969346642605;0.6562814268404852;0.43070531121578315;3.498506976207896;1.8105928417959487;0.013969613541347958;0.0004505829994506638;0.07035790761700811;-0.0428265524625267;0.0004499216048716794;0.062200469052717505;0.0;53.69820393;86.85265897
2.9609150961037027;0.8640873894734369;3.0674676121968973;0.0244723156928724;0.024596216513188954;0.0254919955134087;3.417194204310913;0.6006565806681317;0.36078832789993176;3.498506976207896;1.8105928417959487;0.013969613541347958;0.0004411559605605553;0.07035790761700811;-0.0571020699500356;0.00022435428338960485;0.04792495156520861;0.0;53.69802248;86.85273864
2.134356433247164;0.8395340816176109;4.518288994081134;-0.0326297542571632;0.023404866700350416;0.0254919955134087;2.7099451941445225;0.7368971519033342;0.5430174124832455;4.843172150510303;2.5895220316850502;0.013969613541347958;0.00044131769897288553;0.07035790761700811;-0.0805547058223717;0.00021238564087716155;0.052003670847353994;0.0;53.69784668999999;86.85281117
1.6526758986131318;0.8918539409148963;4.518288994081134;0.0010196798205363;0.01708356814287393;0.0254919955134087;2.3273113071605853;0.7848991309981612;0.6160666458416687;4.843172150510303;2.5158608433497176;0.01498929336188437;0.00048256099411711083;0.07137758743754452;-0.0815743856429081;0.0002266186211622266;0.050983991026817596;0.0;53.69766412;86.85287948
3.0674676121968973;0.981446019489189;4.518288994081134;-0.0020393596410727;0.017204190848464144;0.0254919955134087;3.498506976207896;0.8763930297425696;0.7680647425813605;4.849832357117309;2.522521049956724;0.01498929336188437;0.00015654256583418598;0.038237993270113235;-0.0815743856429081;0.000282811166703266;0.050983991026817596;0.0;53.69748803;86.85294147
2.68543483146514;0.9875061446520517;4.518288994081134;0.0254919955134087;0.018811258035472993;0.0254919955134087;3.2627715008520846;0.8716359369183627;0.7597492065275521;4.849832357117309;2.522521049956724;0.01498929336188437;0.0002222285785418277;0.047924951565208596;-0.0815743856429081;0.0002840704157706946;0.050983991026817596;0.0;53.697315950000004;86.85300235000001
4.518288994081134;1.007841488710934;4.518288994081134;0.0061180789232181;0.01772014601507371;0.0254919955134087;4.843172150510303;0.87852407849699;0.7718045564989855;4.849832357117309;2.522521049956724;0.017028653002957195;0.00024271159318908615;0.04996431120628142;-0.0815743856429081;0.0002997821472542092;0.050983991026817596;0.0;53.697146780000004;86.85306102
4.256066684274204;1.0611129060093027;4.518288994081134;0.0091771183848271;0.022367198473854967;0.0254919955134087;4.588243663213039;0.9095323337854915;0.8272490662012827;4.849832357117309;2.522521049956724;0.04048128887529323;0.00037847943759663247;0.07341694707861746;-0.0815743856429081;0.00034636281000533506;0.050983991026817596;0.0;53.69699424;86.85311584
4.474357821254464;1.1499334943768582;4.518288994081134;-0.0040787192821454;0.020430102263713848;0.0254919955134087;4.849832357117309;0.9349470300592806;0.8741259490166694;4.849832357117309;2.522521049956724;0.04048128887529323;0.00040416118692593534;0.07341694707861746;-0.0744366268991536;0.00042214880892581724;0.05812174977057209;0.0;53.6968409;86.85316986000001
2.58078791150297;1.1778360446003102;4.518288994081134;-0.0193739165901906;0.021002612922815207;0.0254919955134087;3.26114317771037;0.9018939248718278;0.8134126517207102;4.849832357117309;2.3670810336697223;0.04048128887529323;0.0005134501426862642;0.07341694707861746;-0.0744366268991536;0.00043213037951534404;0.05812174977057209;0.0;53.69668442999999;86.85322331
2.4515394367855885;1.2212362058320323;4.518288994081134;0.0020393596410727;0.021617385882273375;0.0254919955134087;3.177781402175375;0.9120637167343271;0.8318602233832347;4.849832357117309;2.3670810336697223;0.04048128887529323;0.0005518630156147096;0.07341694707861746;-0.0744366268991536;0.00045869013736872657;0.05812174977057209;0.0;53.69652569;86.85327705
2.0333251094494615;1.2232670221850086;4.518288994081134;-0.0520036708473539;0.019678690461502165;0.0101967982053635;2.8432161442057327;0.9195965024807695;0.8456577273748639;4.849832357117309;2.3670810336697223;0.04048128887529323;0.0006145597558801751;0.07341694707861746;-0.0744366268991536;0.00045869013736872657;0.05812174977057209;0.0;53.696360690000006;86.85333477
1.3894038335061136;1.0564705753740338;4.474357821254464;-0.0061180789232181;0.021732513837057044;0.0244723156928724;2.482751323447587;0.8377283890062093;0.7017888537469387;4.849832357117309;2.3670810336697223;0.04048128887529323;0.0006160962707973133;0.07341694707861746;-0.0744366268991536;0.0003346136696239139;0.055062710308962995;0.0;53.69618991;86.85339695
1.4370207834177302;0.8990909684013647;4.474357821254464;-0.0209034363209952;0.02166276387764387;0.0244723156928724;2.5823111567327666;0.7468352571693029;0.5577629013511388;4.849832357117309;2.3670810336697223;0.04048128887529323;0.0006003267755951095;0.07341694707861746;-0.0744366268991536;0.00025212707933546376;0.055062710308962995;0.0;53.696023690000004;86.85346369
1.8301766877637524;0.5132446565314092;2.7894261882683367;0.0101967982053635;0.021755891136122404;0.0244723156928724;3.1116158549134307;0.5444657049794648;0.2964429038987855;4.176324438770945;1.6935731153233582;0.04048128887529323;0.0006009275182694795;0.07341694707861746;-0.0744366268991536;9.520616114386387e-05;0.02753135515448149;0.0;53.69585184;86.85353504
2.5345826982761404;0.4943953190540158;2.7894261882683367;0.0101967982053635;0.032975779055661375;0.0759661466299582;3.982327119879027;0.5485390492212742;0.3008950885205795;4.176324438770945;1.6935731153233582;0.04048128887529323;0.0004845798360853072;0.0652595085143266;-0.0744366268991536;7.995653940986482e-05;0.02753135515448149;0.0;53.69567448;86.85361368
2.7894261882683367;0.5279524024420976;2.7894261882683367;0.0244723156928724;0.039733218379034194;0.0759661466299582;4.176324438770945;0.6006409746499117;0.36076958042839585;4.176324438770945;1.7320148675399523;0.04048128887529323;0.0004719180289485918;0.0652595085143266;-0.0703579076170082;9.616503887410847e-05;0.03161007443662689;0.0;53.69549653;86.85370453
1.7586082550488058;1.2764857415487576;2.7894261882683367;0.0081574385642908;0.03389231933428633;0.0759661466299582;3.4684428316641345;0.6103495876517703;0.372526619146686;4.176324438770945;1.7320148675399523;0.030284490669929554;0.0002974138347879389;0.055062710308962926;-0.0193739165901906;0.0005131728768365648;0.0825940654634445;0.0;53.695329400000006;86.85382412
1.6011317147749384;1.580198927975781;2.7894261882683367;-0.0112164780258998;0.03396705704588149;0.0759661466299582;3.3019947091242474;0.6486370865466333;0.4207300700437047;4.176324438770945;1.9749070570255434;0.012949933720811546;0.00015508403193727874;0.03772815335984492;-0.0193739165901906;0.0007860024729502997;0.0825940654634445;0.0;53.69518545999999;86.8539669
1.5678848718374043;1.6479206154624824;2.7894261882683367;0.0759661466299582;0.03145661289494923;0.0759661466299582;3.023848586461204;0.8056999481250982;0.6491524064087859;4.176324438770945;2.636612946870282;0.018048332823493385;0.00017740393283885978;0.03874783318038133;-0.0193739165901906;0.0008583804124681076;0.0825940654634445;0.0;53.69507272;86.85412552
1.0656980649731;1.801295149768662;2.7894261882683367;0.0744366268991536;0.03171447403778115;0.0759661466299582;2.444309571230993;0.8497500085482376;0.7220750770277298;4.176324438770945;2.636612946870282;0.018048332823493385;0.00016608224397573926;0.03874783318038133;-0.0193739165901906;0.0010200177382906977;0.0825940654634445;0.0;53.694993649999994;86.85429733
-1.9093571653044583;1.745808520551826;2.7894261882683367;-0.0071377587437544;0.03206371084917845;0.0759661466299582;2.697835851354689;0.8718906538393151;0.7601933122523483;4.176324438770945;2.7580011082145197;0.06699296420923839;0.0005734319881733297;0.08463342510451732;-0.0193739165901906;0.0009561310654202319;0.0825940654634445;0.0;53.694953410000004;86.85447981
-1.5372352764390254;2.3421199788844547;1.7586082550488058;-0.0071377587437544;0.03208532191934919;0.0759661466299582;2.2014173817454017;1.2614916144312427;1.591361093280343;5.81923165790053;4.400908327344105;0.06699296420923839;0.0006063919660574962;0.08463342510451732;0.0499643112062812;0.0016997580743399823;0.13255837666972559;0.0;53.69494885;86.85466981
-0.443672097879932;2.2419605981268442;1.6011317147749384;0.0163148771285816;0.04517899569262547;0.0759661466299582;1.5397114919006627;1.3775253069671443;1.897575971334925;5.81923165790053;4.989375112984871;0.06699296420923839;0.0007863375025186889;0.10400734169470804;0.0499643112062812;0.0015798405943408065;0.13153869684918928;0.0;53.694979350000004;86.85485647
-1.6847776907524803;2.080485185193557;1.5678848718374043;0.0040787192821454;0.0743330542367486;0.0759661466299582;2.118042964257928;1.395199273280258;1.9465810121617604;5.81923165790053;4.989375112984871;0.06699296420923839;0.0008014022803528823;0.10400734169470804;0.0499643112062812;0.0013550473066891713;0.1305190170286529;150.0;53.69503922;86.85504178
-1.3097993609576188;2.2848155100461742;2.829886974523262;0.0020393596410727;0.07603352511312318;0.0744366268991536;1.4183233305564253;1.407691016183511;1.981593997043766;5.81923165790053;4.989375112984871;0.06699296420923839;0.0009016223322789756;0.10400734169470804;0.0499643112062812;0.0016825675916580202;0.15601101254206168;150.0;53.69512784;86.85521487999999
-5.819208401361006;2.178552163609074;2.829886974523262;0.0091771183848271;0.06747724738544339;0.0163148771285816;5.81923165790053;1.415946939552644;2.004905735628499;5.81923165790053;4.989375112984871;0.06699296420923839;0.0009426143552469027;0.10400734169470804;0.0499643112062812;0.0015454134180019298;0.15601101254206168;150.0;53.69524355;86.85537667000001
0.701125700189813;2.1867135935313238;2.829886974523262;-0.0836137452839808;0.06925228483712054;0.0163148771285816;0.8298565449156591;1.4242922402675642;2.028608385686397;5.81923165790053;4.989375112984871;0.06699296420923839;0.0009572718988643351;0.10400734169470804;0.0499643112062812;0.0015559495202908747;0.15601101254206168;150.0;53.69538201;86.85551001000002
-1.0780952615098132;2.3208809999169207;2.829886974523262;-0.1784439685938615;0.06769945382670979;0.0163148771285816;1.355682820164521;1.4246456313923344;2.029615175045263;5.81923165790053;4.989375112984871;0.06699296420923839;0.0017963823347776507;0.16008973182420738;0.0499643112062812;0.0018045414600425381;0.15601101254206168;150.0;53.695546119999996;86.85562292
2.829886974523262;2.3345095676903402;2.829886974523262;-0.1264402977465075;0.06459769803069901;0.0091771183848271;3.2282086165638644;1.4091762290660357;1.9857776445647726;5.81923165790053;4.989375112984871;0.06699296420923839;0.0017132025798649276;0.16008973182420738;0.0499643112062812;0.001822633056736055;0.15601101254206168;150.0;53.69571605;86.85571349
-0.7957441975821982;2.3264876754484836;2.829886974523262;-0.0744366268991536;0.06152312367966609;0.0091771183848271;1.8657329975842007;1.4253550814283729;2.0316371081536833;5.81923165790053;4.989375112984871;0.06699296420923839;0.0018694765444072067;0.16008973182420738;0.0499643112062812;0.0017989470438874698;0.15601101254206168;150.0;53.695888909999994;86.85578139
-2.0902879383884967;2.482714438901119;2.829886974523262;-0.113184460079535;0.058538266429358034;0.0091771183848271;2.9161120504028046;1.4511955605166802;2.105968554863322;5.81923165790053;4.989375112984871;0.05781584582441124;0.0017215205553561997;0.15091261343938023;0.0499643112062812;0.0020280726104408096;0.15601101254206168;150.0;53.6960635;86.8558203
1.425226508253031;2.4871875060973716;2.829886974523262;-0.0336494340776996;0.05561811050366626;-0.0142755174875089;2.5173200717226503;1.540999535065733;2.3746795670728056;6.1752132145298;5.345356669614142;0.05781584582441124;0.0017267886065006717;0.15091261343938023;0.0509839910268175;0.0020484863086256393;0.15703069236259798;150.0;53.69623669;86.85582709
0.03393708694691577;2.4453535611083694;2.829886974523262;-0.0142755174875089;0.05642074771973228;-0.0142755174875089;1.8243636845566868;1.4073564835944192;1.9806522719152488;6.1752132145298;4.819530394365279;0.05781584582441124;0.002025993116567979;0.15091261343938023;0.0509839910268175;0.001982785854988326;0.15703069236259798;150.0;53.69640767;86.85581887
0.1215725315782028;2.7819143115972294;2.829886974523262;-0.0316100744366268;0.04950134500979683;-0.0142755174875089;1.6781928466228047;1.5496053222646433;2.4012766547909092;6.1752132145298;4.4970203679069956;0.05781584582441124;0.0020185993605757366;0.15091261343938023;0.0509839910268175;0.00252345426192103;0.15703069236259798;150.0;53.6965768;86.85580112
-3.371874589861695;2.3887382473135084;1.425226508253031;-0.0285510349750178;0.04623560591146977;-0.0142755174875089;3.7914928704515254;1.616275768914263;2.6123473611793924;6.1752132145298;4.4970203679069956;0.05781584582441124;0.0021190158091453745;0.15091261343938023;0.0509839910268175;0.0018236699154865303;0.1356174161313346;150.0;53.69674776000001;86.85578008
-5.83912115991823;2.4607979475442416;1.425226508253031;-0.1386764555929438;0.04619998616921268;-0.0142755174875089;6.1752132145298;1.6373504132470917;2.6809163757604217;6.1752132145298;4.542486458792126;0.05781584582441124;0.0021894788813886282;0.15091261343938023;0.0509839910268175;0.0019173511144569843;0.1356174161313346;150.0;53.69692081000001;86.85575601
-1.8352340956212323;2.457442932828405;1.425226508253031;-0.1121647802589986;0.04344575333527441;-0.0142755174875089;2.7265610833905365;1.6522382203883725;2.7298911369121366;6.1752132145298;4.542486458792126;0.05781584582441124;0.003225075494609844;0.15091261343938023;0.0509839910268175;0.0019120830633125119;0.1356174161313346;150.0;53.69710046;86.8557155
-5.2524011275310745;2.207092385919676;0.2679183217678478;-0.0163148771285816;0.058291052291151946;0.0662791883348628;5.578808112512;1.647148172422567;2.7130971019150025;6.1752132145298;4.542486458792126;0.05781584582441124;0.0022007514710908607;0.15091261343938023;0.0509839910268175;0.0014535662170998623;0.1060467013357804;150.0;53.69726015;86.85565758999999
-0.35135228645233196;2.1058684636801464;0.2679183217678478;-0.0316100744366268;0.058129103721196264;0.0662791883348628;1.7775929297705786;1.5957941769764825;2.5465590552720494;6.1752132145298;4.542486458792126;0.05781584582441124;0.0022239609332602595;0.15091261343938023;0.0509839910268175;0.0013138242288464877;0.1060467013357804;150.0;53.69741285;86.85558245
0.2679183217678478;2.1108280395481436;0.2679183217678478;-0.0734169470786173;0.058645528574148925;0.0662791883348628;1.632726755737674;1.6621745692319234;2.7628242986013305;6.1752132145298;4.542486458792126;0.05781584582441124;0.002203755184462711;0.15091261343938023;0.0509839910268175;0.001329027639605537;0.1060467013357804;150.0;53.697560540000005;86.85549205999999
-1.827996244601457;2.129845517975658;0.2679183217678478;-0.0866727847455898;0.0639444179332385;0.0662791883348628;2.3597230740357347;1.6701568754982488;2.7894239887740726;6.1752132145298;4.542486458792126;0.05373712654226559;0.0019896712902560862;0.14683389415723458;0.0509839910268175;0.001355598950202657;0.1060467013357804;150.0;53.697703479999994;86.85539692
-2.3159745596496912;3.268076950943775;0.2679183217678478;0.0662791883348628;0.06717569432959826;0.0662791883348628;2.703973247178318;2.860714660371597;8.183688368064983;11.208199906697995;9.575473150960322;0.05373712654226559;0.002239487820843966;0.14683389415723458;0.1519322932599164;0.0035183765526271165;0.2069950035688793;150.0;53.69784399;86.85532239
-3.2311706367906745;3.316699923185041;0.2679183217678478;-0.0836137452839808;0.06625992491666549;0.0662791883348628;3.4957183895789545;2.9019444720284273;8.421281718736347;11.208199906697995;9.575473150960322;0.0527174467217294;0.001974135738114576;0.1458142143366984;0.1519322932599164;0.003589278629132411;0.2069950035688793;150.0;53.69797196;86.85526092
-5.43856415866094;3.2975964387224077;0.2679183217678478;-0.0214132762312633;0.06483868443265678;0.0662791883348628;5.594435645389396;2.885222886289607;8.324511103569332;11.208199906697995;9.575473150960322;0.0527174467217294;0.001910503225606342;0.1458142143366984;0.1519322932599164;0.0035575779003156733;0.2069950035688793;150.0;53.698086620000005;86.85520662
-3.898412882475981;3.088990971992851;0.2679183217678478;-0.1402059753237483;0.06628999431702884;0.0662791883348628;4.125631270811264;2.754103449828906;7.58508581235948;11.208199906697995;9.575473150960322;0.03844192923422041;0.0014809722134320271;0.1315386968491894;0.1519322932599164;0.0031744889179676295;0.2069950035688793;150.0;53.6981838;86.85515276
-11.114647142354146;2.930952830944976;-0.8265710438330789;-0.1611094116447435;0.06734528706123388;0.0662791883348628;11.208199906697995;2.640526384461217;6.972379587035827;11.208199906697995;8.84847683266226;0.03334353013153879;0.0014229774398678797;0.12644029774650778;0.1519322932599164;0.00289854008104467;0.18864076679922498;150.0;53.698263110000006;86.85509895
-6.258128438330221;2.930952830944976;-0.8265710438330789;-0.0983991026817579;0.06734528706123388;0.0662791883348628;6.460199712413899;2.640526384461217;6.972379587035827;11.208199906697995;8.84847683266226;0.03334353013153879;0.0014229774398678797;0.12644029774650778;0.1519322932599164;0.00289854008104467;0.18864076679922498;150.0;53.698263110000006;86.85509895
-4.721760662919414;2.930952830944976;-0.8265710438330789;-0.1019679820536351;0.06734528706123388;0.0662791883348628;5.070231185997565;2.640526384461217;6.972379587035827;11.208199906697995;8.84847683266226;0.03334353013153879;0.0014229774398678797;0.12644029774650778;0.1519322932599164;0.00289854008104467;0.18864076679922498;150.0;53.698263110000006;86.85509895
-2.8233617636210044;2.930952830944976;-0.8265710438330789;-0.0142755174875089;0.06734528706123388;0.0662791883348628;3.5661338490071692;2.640526384461217;6.972379587035827;11.208199906697995;8.84847683266226;0.03334353013153879;0.0014229774398678797;0.12644029774650778;0.1519322932599164;0.00289854008104467;0.18864076679922498;150.0;53.698263110000006;86.85509895
-0.8265710438330789;2.930952830944976;-0.8265710438330789;-0.0336494340776996;0.06734528706123388;0.0662791883348628;2.7396462960209393;2.640526384461217;6.972379587035827;11.208199906697995;8.84847683266226;0.03334353013153879;0.0014229774398678797;0.12644029774650778;0.1519322932599164;0.00289854008104467;0.18864076679922498;150.0;53.698263110000006;86.85509895
-2.7115507058966486;1.8670619745024482;1.7391862975262873;-0.0489446313857448;0.04945651528548678;0.0489446313857448;2.7338946520395435;0.7795480409785039;0.6076951481934233;3.6517835567484926;2.6728653045191106;0.010910574079738833;0.0003556396632268444;0.06016110941164454;0.0112164780258998;0.0010883868757314466;0.0938105434893442;0.0;53.7224543;86.83670198
-3.612093544789891;1.8670619745024482;1.7391862975262873;-0.0367084735393086;0.04945651528548678;0.0489446313857448;3.6517835567484926;0.7795480409785039;0.6076951481934233;3.6517835567484926;2.6728653045191106;0.010910574079738833;0.0003556396632268444;0.06016110941164454;0.0112164780258998;0.0010883868757314466;0.0938105434893442;0.0;53.7224543;86.83670198
-1.1992277286776094;1.8670619745024482;1.7391862975262873;0.0050983991026817;0.04945651528548678;0.0489446313857448;1.4031583424194278;0.7795480409785039;0.6076951481934233;3.6517835567484926;2.6728653045191106;0.010910574079738833;0.0003556396632268444;0.06016110941164454;0.0112164780258998;0.0010883868757314466;0.0938105434893442;0.0;53.7224543;86.83670198
0.31693156481361884;1.8670619745024482;1.7391862975262873;-0.095849903130417;0.04945651528548678;0.0489446313857448;0.978918252229382;0.7795480409785039;0.6076951481934233;3.6517835567484926;2.6728653045191106;0.010910574079738833;0.0003556396632268444;0.06016110941164454;0.0112164780258998;0.0010883868757314466;0.0938105434893442;0.0;53.7224543;86.83670198
0.747418142822244;1.8670619745024482;1.7391862975262873;-0.0836137452839808;0.04945651528548678;0.0489446313857448;1.3419363763665542;0.7795480409785039;0.6076951481934233;3.6517835567484926;2.6728653045191106;0.010910574079738833;0.0003556396632268444;0.06016110941164454;0.0112164780258998;0.0010883868757314466;0.0938105434893442;30.0;53.7224543;86.83670198
1.3308477315250489;1.8670619745024482;1.7391862975262873;-0.0387478331803813;0.04945651528548678;0.0489446313857448;1.858327970769084;0.7795480409785039;0.6076951481934233;3.6517835567484926;2.6728653045191106;0.010910574079738833;0.0003556396632268444;0.06016110941164454;0.0112164780258998;0.0010883868757314466;0.0938105434893442;30.0;53.7224543;86.83670198
0.9133640864120269;1.611184476154507;1.7391862975262873;-0.1142041399000713;0.050740499193923976;0.0489446313857448;1.7376579778309444;0.7452116298943319;0.5553403733297667;3.6517835567484926;2.6728653045191106;0.010910574079738833;0.0003782483827218725;0.06016110941164454;0.0112164780258998;0.0008129925705079037;0.0938105434893442;30.0;53.72236303;86.83659279
1.7391862975262873;0.8515685416858869;1.7391862975262873;-0.078515346181299;0.05114744427362764;0.0489446313857448;2.3924909354540165;0.537537646330047;0.2889467212220467;2.6488047727102364;1.6698865204808544;0.04506984806770675;0.0003638218939791976;0.07596614662995815;-0.0316100744366268;0.00022083069654954367;0.0509839910268176;30.0;53.722266749999996;86.83647347
1.5678451546287153;0.4620742890057441;1.7391862975262873;-0.0774956663607627;0.05200489267156545;0.0489446313857448;2.3850092861742445;0.5503490295405375;0.30288405431621146;2.6488047727102364;1.6698865204808544;0.04506984806770675;0.0004711237778166116;0.07596614662995815;-0.058121749770572;7.042552582610571e-05;0.0244723156928724;30.0;53.722169029999996;86.83635015
0.8877337758852399;0.6685168364067626;2.965755831289976;0.0489446313857448;0.05466515257652307;0.0489446313857448;2.129367547407369;0.6514646921584121;0.4244062451290546;3.7485061763245247;2.4065697999579703;0.04506984806770675;0.0005705929013997438;0.07596614662995815;-0.0642398286937901;0.00012656030764845614;0.037728153359845;30.0;53.72206919;86.83622215
0.70412806349665;0.6540966246594321;2.965755831289976;-0.0163148771285816;0.057866667604764326;0.0489446313857448;2.1736692082805957;0.5997130538131933;0.3596557469139461;3.7485061763245247;2.01084819849358;0.04506984806770675;0.0006090635380468782;0.07596614662995815;-0.0642398286937901;0.0001284202993902545;0.037728153359845;30.0;53.72196819999999;86.83608532000001
1.5346895579500117;0.662710670890554;2.965755831289976;-0.0744366268991536;0.056577785283934985;0.0489446313857448;2.6488047727102364;0.5762126833011234;0.33202105639708074;3.7485061763245247;2.01084819849358;0.04506984806770675;0.0006061984575998843;0.07596614662995815;-0.0642398286937901;0.00013165795582279483;0.037728153359845;30.0;53.72186789999999;86.8359415
1.381689133221343;0.6376792241984817;2.965755831289976;-0.1294993372081166;0.05813109111572178;0.0489446313857448;2.6316649067122735;0.49595899934743076;0.24597532903370484;3.7485061763245247;1.6191386289171557;0.04506984806770675;0.0006053666600507569;0.07596614662995815;-0.0642398286937901;0.00012126048645870425;0.037728153359845;30.0;53.721772910000006;86.83579275000001
2.965755831289976;0.7514596970831245;2.965755831289976;-0.1254206179259712;0.0581288056061569;0.0489446313857448;3.7485061763245247;0.5437639242857016;0.29567920535458625;3.7485061763245247;1.6191386289171557;0.04506984806770675;0.0006042344911644447;0.07596614662995815;-0.0642398286937901;0.0001707524406317747;0.0397675130009177;30.0;53.72168113;86.83564209
1.9940937567330232;0.7642833099234353;2.965755831289976;-0.1294993372081166;0.05888850825298049;0.0489446313857448;3.1166593068978052;0.5220635747079286;0.272550376036821;3.7485061763245247;1.6191386289171557;0.04506984806770675;0.0005029631395582037;0.07494646680942196;-0.0642398286937901;0.00018198170754499244;0.0397675130009177;30.0;53.721588270000005;86.83548011
1.90768119073845;1.11849736269958;4.78222906911358;-0.0815743856429081;0.04497084730998542;-0.0152951973080452;3.0034121150737465;0.7911056328548796;0.6258481223347195;5.035720078177609;2.862050869897013;0.04506984806770675;0.0005366509402978571;0.07494646680942196;-0.0642398286937901;0.00035769893979812104;0.0693382277964719;0.0;53.72149304;86.83531064
2.067428863488405;1.1037457167813456;4.78222906911358;-0.0152951973080452;0.04215279584868165;-0.0152951973080452;2.9172258786115504;0.7753317759372538;0.6011393627780159;5.035720078177609;2.4040551714653353;0.04506984806770675;0.0005961222989210038;0.07494646680942196;-0.0759661466299582;0.0003284704981412884;0.0576119098603038;0.0;53.72139759;86.83514095000001
2.9271204481804913;1.044419127198115;4.78222906911358;-0.0550627103089629;0.042458642746012035;-0.0152951973080452;3.5411725628029074;0.7321018269158031;0.5359730849734565;5.035720078177609;2.4040551714653353;0.03232385031100238;0.0004607530241724151;0.06220046905271759;-0.0795350260018354;0.00027334946958193675;0.0540430304884266;60.0;53.72130158;86.83496302
2.326284207638964;0.9502600455413218;4.78222906911358;-0.0968695829509534;0.03915653122936525;-0.0152951973080452;2.9915556570854833;0.6744404037383704;0.4548698581947761;5.035720078177609;2.1184941995660584;0.05985520546548384;0.0005659754141370088;0.07851534618129896;-0.0856531049250535;0.00022353403858420563;0.0479249515652085;0.0;53.721195009999995;86.83474380999999
4.78222906911358;1.6564441475153404;7.2530197433315635;-0.0326297542571632;0.03475049280480324;-0.0152951973080452;5.035720078177609;1.3561751307790308;1.8392109853435212;7.273316406359072;4.356090527747522;0.05985520546548384;0.0005450765007151868;0.07851534618129896;-0.0856531049250535;0.0007590614745535542;0.09075150402773531;0.0;53.72109345;86.83451425
4.062017469474571;1.6092369285362924;7.2530197433315635;-0.0387478331803813;0.026499471227992386;-0.0152951973080452;4.295366957719907;1.3348225557273432;1.7817512552784764;7.273316406359072;4.356090527747522;0.05985520546548384;0.0004253785228470302;0.07239726725808093;-0.0856531049250535;0.0007368802065768281;0.09075150402773531;0.0;53.72099596;86.83428364
3.049264482502106;1.4983148914690618;7.2530197433315635;-0.0948302233098807;0.026424598090815012;-0.0152951973080452;3.2965615512300337;1.309319102606611;1.7143165124505815;7.273316406359072;4.356090527747522;0.05985520546548384;0.0004509331919952172;0.07239726725808093;-0.0887121443866625;0.0006378154290245218;0.08769246456612631;0.0;53.72090267;86.83405210999999
3.546819747467418;1.387528363674654;7.2530197433315635;-0.0560823901294993;0.026675072267743467;-0.0137656775772407;3.7271361384305055;1.2508020996927935;1.5645058925959008;7.273316406359072;4.281760749273589;0.05985520546548384;0.0004204686067584323;0.07239726725808093;-0.0948302233098807;0.0005504766863661615;0.08157438564290811;30.0;53.72081253;86.83381605
7.2530197433315635;1.3642569561688922;7.2530197433315635;-0.0530233506678902;0.03191962505915285;0.0020393596410727;7.273316406359072;1.2510961685827862;1.5652416230425275;7.273316406359072;4.281760749273589;0.05985520546548384;0.0003841641095621501;0.07239726725808093;-0.0948302233098807;0.000541248932305531;0.08157438564290811;0.0;53.720723129999996;86.83356537
4.479337853157077;1.1870052202373131;7.2530197433315635;-0.0632201488732537;0.028315425188308395;0.0020393596410727;4.479973670516931;1.1498471769610483;1.3221485303652922;7.273316406359072;3.9767548551290384;0.05985520546548384;0.00048432639776955534;0.08463342510451721;-0.1040073416947078;0.00042851725891131486;0.07239726725808102;0.0;53.720636690000006;86.83331765
3.3242782419628396;1.2050823509170123;7.2530197433315635;-0.0316100744366268;0.03137718453793972;0.003059039461609;3.340134235306;1.158703849803253;1.3425946115488792;7.273316406359072;3.9767548551290384;0.05985520546548384;0.00048299205586783034;0.08463342510451721;-0.1040073416947078;0.0004443214123447324;0.07239726725808102;0.0;53.72055329;86.83307041
4.628974484745797;1.4263959056392856;7.2530197433315635;-0.0137656775772407;0.03212378062498625;0.003059039461609;4.666630247332845;1.385732964162807;1.920255847967439;7.273316406359072;3.9767548551290384;0.05985520546548384;0.00046853307503339175;0.08463342510451721;-0.1040073416947078;0.0006325242723925727;0.07239726725808102;0.0;53.72047402;86.83282474
5.101020041777325;1.3914744008728737;7.2530197433315635;0.0020393596410727;0.02421700813704399;0.003059039461609;5.153700016100348;1.3745400536889039;1.889360359195095;7.273316406359072;3.933182171053072;0.05985520546548384;0.0004767701813184987;0.08463342510451721;-0.1080860609768532;0.0006118217556142948;0.06831854797593562;0.0;53.720400319999996;86.83258975999999
4.201495688308176;1.2786470341892913;7.2530197433315635;-0.0142755174875089;0.021757152264475336;0.003059039461609;4.2546556498107435;1.2797731827322498;1.6378193992406327;7.273316406359072;3.933182171053072;0.031304170490465966;0.00025357117230269014;0.05608239012949934;-0.1111451004384623;0.00048243102575005776;0.0652595085143265;0.0;53.720341770000005;86.83239809
5.163173134095775;1.6027220222983827;6.985225844199295;0.003059039461609;0.023180372386837497;0.003059039461609;5.200712195751129;1.581510797637798;2.501176403044944;7.021789330933516;5.590979624680335;0.031304170490465966;0.0002729797817823247;0.05608239012949934;-0.0764759865402263;0.0007654732473280754;0.09839910268175789;0.0;53.72027791000001;86.83221391
6.985225844199295;2.073913225729905;6.985225844199295;-0.0137656775772407;0.01854833438651614;0.003059039461609;7.021789330933516;2.022540396010035;4.09066965349243;7.021789330933516;6.265786900696049;0.031304170490465966;0.00028333104017146376;0.05608239012949934;-0.0622004690527174;0.0012879460828736208;0.1126746201692668;0.0;53.72020867;86.83203203000001
6.603503132463816;2.616287846178837;6.985225844199295;-0.0132558376669725;0.01802748551768261;0.003059039461609;6.637187173334302;2.3019639588614136;5.2990380678969125;7.021789330933516;6.265786900696049;0.031304170490465966;0.0003257873734081667;0.05608239012949934;-0.0397675130009177;0.0020545861573192234;0.1351075762210665;0.0;53.7201333;86.83185682000001
5.027630172952495;3.2220178082569078;6.985225844199295;-0.0163148771285816;0.018086745972332834;0.003059039461609;5.063510382163087;2.364615696975755;5.591407394384135;7.021789330933516;6.265786900696049;0.031304170490465966;0.00042191775405105267;0.0672988681553992;-0.0142755174875089;0.0031347099330921533;0.16059957173447528;0.0;53.720045430000006;86.83169471
1.2942710209675603;3.3381491674922095;6.985225844199295;-0.061180789232181;0.016658325028938922;0.003059039461609;1.4308097062531815;2.5305424580670786;6.403645132080173;7.021789330933516;6.506504676173997;0.043540328336902245;0.0006218264316912987;0.07953502600183548;-0.0142755174875089;0.0034095179365709973;0.16059957173447528;30.0;53.71994211;86.83155554999999
0.535056567071575;3.5839809259089184;6.985225844199295;-0.0295707147955541;0.017089906800135064;0.003059039461609;0.7560024302374676;2.5438239131053657;6.471040100886695;7.021789330933516;6.506504676173997;0.043540328336902245;0.0005805946892908107;0.07953502600183548;-0.0142755174875089;0.003906745138863345;0.16059957173447528;30.0;53.71982725;86.83143813
-0.7623451984725298;3.839316973758499;6.985225844199295;-0.0142755174875089;0.021931414290529166;-0.0132558376669725;0.8113704697468653;2.4624631888979036;6.063724956677233;7.021789330933516;6.506504676173997;0.043540328336902245;0.0005821312042079492;0.07953502600183548;0.0163148771285816;0.004495877305776446;0.1911899663505658;0.0;53.71969553;86.83134736999999
-2.210743374506488;3.4204120056050664;6.603503132463816;-0.023452635872336;0.02696967990026492;-0.0132558376669725;2.2143904788896336;2.034348198593599;4.1385725931210215;6.637187173334302;6.1219025185747835;0.043540328336902245;0.000581749963664599;0.07953502600183548;0.0163148771285816;0.0035522636381962198;0.18558172733761588;0.0;53.71954221;86.83127852999999
-0.4978806056067113;2.628736271460153;5.027630172952495;-0.0224329560517997;0.02628108112880305;-0.0142755174875089;0.5152846547595187;1.4885294279327188;2.215719857821707;5.063510382163087;4.548225727403568;0.043540328336902245;0.000581749963664599;0.07953502600183548;0.0163148771285816;0.0020419503438559154;0.1529519730804527;30.0;53.719372150000005;86.83123135000001
-2.018003646380604;1.6714998489127935;1.2942710209675603;-0.035178953808504;0.024649235015481337;-0.0142755174875089;2.031339895042655;1.1429613503297058;1.3063606483475043;3.955710982432286;3.4404263276727676;0.043540328336902245;0.0004646975641124163;0.07953502600183548;0.0163148771285816;0.0008681915800874804;0.0927908636688079;30.0;53.719182710000005;86.83120319000001
-3.925053443592256;1.4800536357655294;0.535056567071575;-0.0774956663607627;0.024473495849393935;-0.0142755174875089;3.955710982432286;1.2771794600904933;1.631187373277044;4.024188773219396;3.508904118459877;0.043540328336902245;0.000451816254844683;0.07953502600183548;0.0173345569491179;0.0006673124719732518;0.0795350260018353;30.0;53.7189798;86.83119228000001
-3.057957915394699;1.2946510527421584;-0.4978806056067113;-0.0856531049250535;0.025388457694613578;-0.0142755174875089;3.1359299787229333;1.2973500396986302;1.6831171255060373;4.318504210261377;3.803219555501858;0.043540328336902245;0.0004510191155267695;0.07953502600183548;0.0229427959620679;0.0005038036016651255;0.0647496686040583;30.0;53.71876417;86.83120705
-2.708501820894901;1.13932002279122;-0.4978806056067113;-0.0601611094116447;0.024741335446883644;-0.0183542367696543;2.802206279749044;1.1441090911541723;1.3089856124616261;4.318504210261377;3.803219555501858;0.043540328336902245;0.000466546003110478;0.07953502600183548;0.0229427959620679;0.00038163333663706223;0.0647496686040583;30.0;53.71853453;86.83124109
-2.5929193406776165;1.115758159282888;-0.4978806056067113;-0.0499643112062812;0.023324208509972858;-0.0183542367696543;2.68890393243614;1.1169920875105146;1.2476713235610972;4.318504210261377;3.803219555501858;0.043540328336902245;0.0004129412721667226;0.07137758743754463;0.0229427959620679;0.0003634608707373796;0.0647496686040583;0.0;53.718298530000006;86.83128925000001
-3.981353469652589;0.7143482785413753;-2.018003646380604;-0.0300805547058223;0.022947453286067114;-0.0183542367696543;4.024188773219396;0.6996727311815376;0.48954193075903213;4.318504210261377;2.287164315218722;0.019068012644029797;0.00019691651701213484;0.04690527174467218;0.0229427959620679;0.00015606601515498835;0.039767513000917604;0.0;53.71805831;86.83134599
-4.307014900600393;0.6054016029000039;-2.5929193406776165;-0.0183542367696543;0.023225494586659498;-0.0183542367696543;4.318504210261377;0.58226651273196;0.33903429184903766;4.318504210261377;1.629600277825237;0.043540328336902245;0.00040930215788928986;0.07137758743754463;0.0229427959620679;0.00011201540328245858;0.0300805547058223;30.0;53.717808000000005;86.831408
-3.4563918956430784;0.8208560589859837;-2.5929193406776165;-0.0693382277964719;0.021024054404352167;-0.0183542367696543;3.5107310815561092;0.8179515404540006;0.6690447225310726;5.343290496825649;2.6543865643895086;0.043540328336902245;0.000417620133380562;0.07137758743754463;0.0387478331803813;0.000209612982380054;0.0458855919241357;30.0;53.71755612;86.83147100000001
-2.829647020109609;0.8494439068641431;-2.5929193406776165;-0.0458855919241358;0.02754860667646618;-0.0183542367696543;3.030342112328097;0.8332894906590633;0.6943713752428411;5.343290496825649;2.6543865643895086;0.043540328336902245;0.00042538357717241613;0.07137758743754463;0.0387478331803813;0.00022430807241463494;0.0458855919241357;30.0;53.71730633;86.83152841
-3.170639408498573;0.8755304558812188;-2.4777859156068756;-0.0254919955134087;0.02786756946225471;-0.0183542367696543;3.4983540359747582;0.850910582353213;0.7240488191606841;5.343290496825649;2.690372944911963;0.043540328336902245;0.00042039279187765254;0.07137758743754463;0.0387478331803813;0.00023826378684999183;0.0479249515652084;30.0;53.71705335;86.83158519
-3.8851486206060937;0.8993908505486639;-2.3935851748445214;-0.0316100744366268;0.02810426189415056;-0.0183542367696543;4.133918588522146;0.8765987172823376;0.7684253111410396;5.343290496825649;2.851255734606077;0.043540328336902245;0.00041948301330829463;0.07137758743754463;0.0387478331803813;0.0002515869885656998;0.0494544712960129;30.0;53.71680245;86.83163381
-5.182699349144638;0.9996595999851655;-1.8735288332085462;-0.0458855919241358;0.028550276274594572;-0.0183542367696543;5.343290496825649;1.0009945821650013;1.0019901535236855;5.343290496825649;3.396968940723725;0.043540328336902245;0.0004696450266181622;0.07137758743754463;0.0387478331803813;0.0003077333231317883;0.0581217497705719;30.0;53.71654586;86.83167674
-2.7092414296436744;1.0441564249860824;-1.577305594447603;-0.113184460079535;0.02719618811106404;-0.023452635872336;2.9454758074926572;1.0755273081062202;1.1567589904822124;5.343290496825649;3.6777553296344667;0.043540328336902245;0.0005157404741322968;0.07137758743754463;0.0387478331803813;0.00033325044586282723;0.0632201488732537;30.0;53.71628833999999;86.83170082000001
-2.4777859156068756;1.0292402797704001;-1.577305594447603;-0.0295707147955541;0.028690344708799942;-0.023452635872336;2.652917551913686;1.0676961814034611;1.1399751357835324;5.343290496825649;3.6777553296344667;0.043540328336902245;0.001021274099172179;0.11879269909248502;0.0387478331803813;0.00032353747656520623;0.0632201488732537;0.0;53.716033749999994;86.83170991
-2.3935851748445214;1.0473249558757054;-1.577305594447603;-0.0331395941674313;0.033784818624469665;-0.023452635872336;2.4920347622195718;1.093038594946449;1.1947333700425071;5.343290496825649;3.6777553296344667;0.043540328336902245;0.0010130023346558584;0.11879269909248502;0.0387478331803813;0.00033588447143506357;0.0632201488732537;30.0;53.715780970000004;86.83171057
-1.8735288332085462;1.1883552546796627;-1.000724514788683;-0.023452635872336;0.05005212650572246;-0.023452635872336;1.9463215561019236;1.2359200672276958;1.5274984125761117;5.343290496825649;4.3126213222727525;0.0527174467217294;0.0013211833266075002;0.12796981747731218;0.0387478331803813;0.0004240550116425513;0.0723972672580809;30.0;53.71553382;86.83169638000001
-1.577305594447603;1.5974298362923973;1.1603544693027326;-0.0520036708473539;0.05189806897404644;-0.0132558376669725;1.665535167191182;1.2228471903112792;1.4953552508521897;5.343290496825649;4.3126213222727525;0.06087488528602003;0.0015209187130916756;0.1361272560416028;0.0387478331803813;0.0007248797940190998;0.10706638115631681;30.0;53.71529869;86.83166093
-2.9187376197226778;1.2108401302387393;1.1603544693027326;-0.0825940654634444;0.0695902114931916;0.078515346181299;2.9414913513884136;0.7721190288343438;0.5961677946880902;2.9454758074926572;1.9725328945275993;0.06087488528602003;0.001544209044467238;0.1361272560416028;-0.0015295197308044;0.00039299257191733423;0.06678902824513111;30.0;53.71508034;86.83159617999999
-2.2918127907313557;1.2695593678192212;1.1603544693027326;-0.1050270215152442;0.0747831825565112;0.078515346181299;2.3278279342343784;0.8766482884171657;0.7685122215847462;2.9414913513884136;2.7031729998551275;0.06087488528602003;0.0015425338966252458;0.1361272560416028;-0.0015295197308044;0.00044294663583992016;0.06678902824513111;30.0;53.71487332;86.83150692000001
-1.000724514788683;1.4209239703394636;1.1603544693027326;-0.1784439685938615;0.0747511976985854;0.078515346181299;1.0306691745528966;0.8387948867139203;0.7035768619774184;2.9414913513884136;2.7031729998551275;0.06087488528602003;0.0015271023191773749;0.1361272560416028;-0.0015295197308044;0.0005697264456193965;0.0678087080656674;30.0;53.71464945;86.83141873
1.1603544693027326;1.644307099359358;2.063514036852662;-0.0132558376669725;0.07501014084718895;0.078515346181299;1.1621460603170084;0.7970107420748276;0.6352261229826673;2.9414913513884136;2.7031729998551275;0.06087488528602003;0.0015338000223594098;0.1361272560416028;-0.0015295197308044;0.0008065432513162298;0.0882023044763945;30.0;53.71441907;86.83134451000001
-0.9654865771540417;1.5889336075568574;2.063514036852662;0.078515346181299;0.07507687699109403;0.078515346181299;0.9729429129650581;0.8886951219994478;0.7897790198656133;2.9414913513884136;2.7721609459884218;0.06087488528602003;0.0015548722269372996;0.1361272560416028;-0.0015295197308044;0.0007552490691200503;0.0882023044763945;30.0;53.71418701;86.83128141
0.05061723728640821;1.5570691497679214;2.063514036852662;0.0591414295911083;0.07498087214279872;0.078515346181299;0.23831835153328604;0.9272265457367858;0.8597490671189716;2.9414913513884136;2.7721609459884218;0.06087488528602003;0.001541609677126215;0.1361272560416028;-0.0015295197308044;0.0007269679524497245;0.0882023044763945;30.0;53.71394693;86.83123845
1.0181887835816825;1.2750771259067062;2.063514036852662;-0.0326297542571632;0.07312209554412967;0.078515346181299;1.031379391984692;0.7114904129893682;0.5062186077757818;2.3278279342343784;2.1584975288343866;0.06087488528602003;0.0008257005886195704;0.08667278474558981;-0.0127459977567043;0.00048766730684924757;0.0769858264504946;0.0;53.71370203;86.83121114999999
2.063514036852662;1.0040874973568705;2.063514036852662;-0.0183542367696543;0.06936954422223682;0.078515346181299;2.063975477288106;0.5698616744369833;0.3247423279921223;2.063975477288106;1.8946450718881143;0.06087488528602003;0.0007129458097378784;0.07341694707861712;-0.0336494340776996;0.0003077650931770722;0.056082390129499296;0.0;53.713452659999994;86.8311973
-0.1670376938702116;1.5289993978808551;2.063514036852662;-0.020393596410727;0.044563754344590575;0.078515346181299;0.16933040539999175;1.0548697466730514;1.1127501824460677;3.6184216715514776;3.449091266151486;0.06087488528602003;0.0006969799178921314;0.07341694707861712;0.0091771183848271;0.0006949668522957995;0.098908942592026;0.0;53.71319734;86.8312031
0.38962166609108984;1.5930748349648618;2.063514036852662;-0.0224329560517997;0.05125304306929007;0.078515346181299;0.4238589226509872;1.1205537004208992;1.2556405955269705;3.6184216715514776;3.449091266151486;0.0506780870806568;0.0006676590542853972;0.08565310492505362;0.0091771183848271;0.0007694589439176385;0.098908942592026;0.0;53.71288582;86.83124230000001
-0.8082362314503695;1.8007804887578673;2.063514036852662;-0.0428265524625267;0.03835662084015044;0.0591414295911083;0.8124792653872938;1.2795563037728672;1.6372643345248818;3.6184216715514776;3.449091266151486;0.0506780870806568;0.0006231809908945664;0.08565310492505362;0.0091771183848271;0.0009825493021628023;0.098908942592026;0.0;53.71254305;86.83130913
0.20339818842866064;1.8813585063745335;2.063514036852662;-0.0622004690527174;0.027553586109223822;-0.0183542367696543;0.34333079409520534;1.2595446107112445;1.5864526263717402;3.6184216715514776;3.449091266151486;0.0506780870806568;0.0006847571150174572;0.08565310492505362;0.0091771183848271;0.0010730303911178649;0.098908942592026;0.0;53.71217359;86.83139279
-3.5534935119263658;1.7803113539467355;2.063514036852662;-0.0346691138982359;0.02741234509644437;-0.0183542367696543;3.6184216715514776;1.2412275061359668;1.5406457219885112;3.6184216715514776;3.449091266151486;0.0506780870806568;0.0006733054577872857;0.08565310492505362;0.0091771183848271;0.0009683047691339987;0.098908942592026;0.0;53.71180654;86.83146094
-2.156561731997771;1.7277642822549009;0.38962166609108984;-0.0907515040277353;0.025994392250729113;-0.0193739165901906;2.2734409860941627;1.5817080084594128;2.5018002240246418;4.827334838104585;4.658004432704594;0.0506780870806568;0.0007413280129159141;0.08565310492505362;0.0305903946160905;0.0008837848959476797;0.0897318242071988;0.0;53.711430330000006;86.83150201
-3.0591784353094087;1.681381565224915;0.38962166609108984;-0.0193739165901906;0.032530467663248436;0.0193739165901906;3.18839634730119;1.5020513193048357;2.2561581658253975;4.827334838104585;4.48400404400938;0.0506780870806568;0.0008003856389039483;0.08565310492505362;0.0305903946160905;0.0008368345453969424;0.0897318242071988;0.0;53.71104668;86.83151516000001
-2.5432903660658672;1.6657201759804288;0.2838468088940367;-0.0866727847455898;0.03433914676548473;0.0193739165901906;2.64490406810752;1.4910690421170276;2.2232868883597905;4.827334838104585;4.48400404400938;0.0506780870806568;0.0007987567020369075;0.08565310492505362;0.0305903946160905;0.000819320585890319;0.0876924645661261;0.0;53.71065981;86.83149949
-1.8832246286235437;1.879786154486079;0.9897622676441782;-0.0367084735393086;0.034350415345552054;0.0193739165901906;1.8847875615062666;1.4744656203197652;2.1740488655049504;4.827334838104585;4.48400404400938;0.0506780870806568;0.0007617417111007448;0.08565310492505362;0.0305903946160905;0.0010445990887789462;0.09992862241256241;0.0;53.71026704;86.83147024
-4.8127683831922665;1.7553931399487686;0.9897622676441782;-0.0418068726419904;0.03868759692576543;0.0239624757826042;4.827334838104585;1.348360749010676;1.818076709472631;4.827334838104585;4.312528456081696;0.0506780870806568;0.0006921133245925523;0.08565310492505362;0.0305903946160905;0.0009224750347258348;0.09992862241256241;0.0;53.70986802;86.83143473999999
-0.6572896967796522;1.6918455864006836;0.9897622676441782;0.0193739165901906;0.040908277097428974;0.0239624757826042;0.8953162365143968;1.3301415795841325;1.769276621738571;4.827334838104585;4.312528456081696;0.0343632099520752;0.0004079158286407453;0.06933822779647203;0.0305903946160905;0.0008562431548765792;0.09992862241256241;0.0;53.70946253000001;86.83139788999999
0.2838468088940367;1.7597155479947655;0.9897622676441782;-0.003059039461609;0.03545662789580885;0.0239624757826042;0.5148063820228891;1.3814918247687744;1.9085196619029579;4.827334838104585;4.312528456081696;0.0343632099520752;0.0002816096813545224;0.05608239012949956;0.0305903946160905;0.0009291178623751155;0.09992862241256241;0.0;53.70909511;86.83135303
0.9897622676441782;1.8406356057751867;0.9897622676441782;-0.0438462322830631;0.038798820893410545;0.0239624757826042;0.9963396186424262;1.4641625221026078;2.1437718911298695;4.827334838104585;4.312528456081696;0.03946160905475682;0.0004251871805288742;0.061180789232181176;0.0305903946160905;0.0010143886639043952;0.09992862241256241;0.0;53.70873473;86.83132545
-1.7324452381251445;2.0107071481955208;0.9897622676441782;0.0239624757826042;0.042272701469872345;0.0239624757826042;1.7401320249669179;1.6368684645514202;2.679338370242924;4.827334838104585;4.312528456081696;0.03946160905475682;0.0005797282335104734;0.0805547058223719;0.0305903946160905;0.0012257923215638286;0.09992862241256241;0.0;53.70837659;86.83132059
-0.6652206889991419;2.0729533546535595;0.9897622676441782;0.0112164780258998;0.04200209725028473;0.0239624757826042;0.7672846580640217;1.6849263367805152;2.838976760376606;4.827334838104585;4.312528456081696;0.03946160905475682;0.0009094319870457812;0.09686958295095338;0.0305903946160905;0.0013052405402492174;0.09992862241256241;0.0;53.70801996;86.83133260000001
0.07667444349092101;1.8734591875817308;0.9897622676441782;0.0101967982053635;0.05130049724088533;0.0239624757826042;0.7136822106237234;1.4861341603844296;2.2085947426615333;4.261193716395397;3.746387334372508;0.03946160905475682;0.0007660508845149718;0.09686958295095338;0.0214132762312633;0.0010772500307681242;0.0907515040277352;0.0;53.70766089999999;86.83135242
-3.728111932338485;1.8496285953959568;0.9897622676441782;-0.0662791883348628;0.049950696278860666;0.0239624757826042;3.826758594450574;1.4317988223592721;2.0500478677093987;4.261193716395397;3.746387334372508;0.03946160905475682;0.000864607341342812;0.09686958295095338;0.0214132762312633;0.0010454337745140073;0.0907515040277352;0.0;53.707304310000005;86.83138495
-4.1724628255034135;1.7100333226639806;0.9897622676441782;-0.1040073416947078;0.04964679113648478;0.0239624757826042;4.261193716395397;1.3224218173495406;1.7487994630020616;4.261193716395397;3.5475115057716735;0.03946160905475682;0.0008425300480597262;0.09686958295095338;0.0214132762312633;0.0008967499626075141;0.0907515040277352;30.0;53.706946779999996;86.83142677999999
-3.2209550862515406;1.4431464168938826;0.07667444349092101;-0.0224329560517997;0.05083788248220183;0.0239624757826042;3.3359317392360985;1.3155388839105937;1.7306425550807307;4.261193716395397;3.5475115057716735;0.03946160905475682;0.0008106444753431816;0.09686958295095338;0.0214132762312633;0.0006494981411294429;0.07545630671968989;30.0;53.7065827;86.83145438
-3.3233450591263134;1.4416629156526348;0.07667444349092101;-0.1152238197206077;0.07024698541715034;0.1254206179259712;3.4102184299962404;1.309939731690917;1.7159421006624713;4.261193716395397;3.5475115057716735;0.03946160905475682;0.0008286667555742718;0.09686958295095338;0.0214132762312633;0.0006480193899309944;0.07545630671968989;30.0;53.70621463;86.83147543
-2.2163526678450167;1.3970307669274202;0.07667444349092101;-0.0734169470786173;0.07381948646465746;0.1254206179259712;2.396888605191846;1.231212629603112;1.51588453929421;4.261193716395397;3.5475115057716735;0.03946160905475682;0.0008087036143952177;0.09686958295095338;0.0214132762312633;0.0006119264523544115;0.07545630671968989;0.0;53.70585071000001;86.83150319
-1.506202593821957;1.1363105896893917;-0.7754954613388119;-0.0071377587437544;0.07405246021390578;0.1254206179259712;1.6915976568933184;1.078601098468064;1.1633803296165144;4.261193716395397;3.201473892364696;0.03946160905475682;0.0008951181375545477;0.09686958295095338;0.0214132762312633;0.0004088003355831667;0.061180789232180996;0.0;53.70548014;86.8316523
-0.7754954613388119;1.1162839955170125;-0.7754954613388119;-0.003059039461609;0.07295334255408817;0.1254206179259712;1.0597198240307009;1.0617593104534424;1.1273328333345694;4.261193716395397;3.201473892364696;0.01498929336188437;0.000587387702608684;0.07239726725808093;0.0214132762312633;0.0003960865410996315;0.061180789232180996;0.0;53.705135889999994;86.83185589
-1.7844160452890754;0.9994076010729775;-0.7754954613388119;0.1254206179259712;0.06747992248038034;0.1254206179259712;1.8665390880540216;0.9412814856347824;0.8860108351988232;3.7706916412489635;2.7109718172182626;0.01498929336188437;0.0005546356741117979;0.07239726725808093;0.0122361578464362;0.00031405050781695826;0.0520036708473539;30.0;53.704823569999995;86.83209652999999
-3.472500598692542;0.971766318516204;-0.7754954613388119;0.0535331905781584;0.06921567877906482;0.1254206179259712;3.5197913361598365;0.9139775317921324;0.8353549286208384;3.7706916412489635;2.7109718172182626;0.01498929336188437;0.00035656388272587526;0.05608239012949945;0.0122361578464362;0.00029621884785754324;0.0520036708473539;30.0;53.70454717;86.83239101
-3.7102975891577588;0.9691274068326777;-0.7754954613388119;-0.0622004690527174;0.06135353686452229;0.1254206179259712;3.7706916412489635;0.923557418271315;0.8529583048439766;3.7706916412489635;2.7109718172182626;0.01498929336188437;0.00036733103988957844;0.05608239012949945;0.0122361578464362;0.0002945090417843372;0.0520036708473539;0.0;53.704309820000006;86.83274758
-1.891265830648077;0.9657729645163515;-0.7754954613388119;-0.0387478331803813;0.05778288116622553;0.1254206179259712;1.9950550714596447;0.9229148836634108;0.8517718824874472;3.7706916412489635;2.7109718172182626;0.01498929336188437;0.00039746059555796534;0.060161109411644875;0.0122361578464362;0.00029211762383059644;0.0520036708473539;0.0;53.70410472;86.83317480000001
-3.1760603003756174;0.9185238246687286;-0.7754954613388119;-0.0244723156928724;0.057880142018527383;0.1254206179259712;3.2523856181242334;0.8757658771840501;0.7669658716399488;3.7706916412489635;2.7109718172182626;0.01498929336188437;0.0005167571155812313;0.060161109411644875;0.0122361578464362;0.00026513619083078164;0.0520036708473539;0.0;53.70393411;86.83366723
-2.7169275749455886;0.8432022349240383;-1.1489324830312135;-0.0652595085143265;0.057947168040179096;0.1254206179259712;2.881402981601834;0.786708892412562;0.6189108814010001;3.7706916412489635;2.2411376231936417;0.01498929336188437;0.0005026858737084957;0.060161109411644875;0.0122361578464362;0.00022021334680604165;0.0448659121035994;0.0;53.70380103;86.83424839
-3.2963536393033483;1.112043029887039;-1.1489324830312135;-0.0367084735393086;0.03451465153425893;0.0535331905781584;3.501595038280526;1.0361015422475104;1.0735064058476698;5.173662162292445;3.644108144237123;0.01498929336188437;0.0005501445449836999;0.060161109411644875;0.0367084735393086;0.0003785841343367458;0.06933822779647181;0.0;53.703702580000005;86.83490514
-2.552916326214505;1.1005508416361887;-1.1489324830312135;-0.0214132762312633;0.02051510035453992;0.0025491995513408;2.804870755666036;1.0346732536742842;1.0705487418689295;5.173662162292445;3.644108144237123;0.01498929336188437;0.0005882685993186982;0.060161109411644875;0.0367084735393086;0.0003699650654618052;0.06933822779647181;0.0;53.70363140999999;86.83561989
-2.0493548364663186;1.0571502828749824;-1.1489324830312135;0.0025491995513408;0.018112277586397853;0.0025491995513408;2.239881118643292;0.9963766647818476;0.9927664581217984;5.173662162292445;3.644108144237123;0.01498929336188437;0.0005157173686448226;0.060161109411644875;0.0367084735393086;0.00034127960276065356;0.06933822779647181;0.0;53.70359797;86.83626997
-1.1489324830312135;1.066478758166397;-1.1489324830312135;-0.0173345569491179;0.02016579945747884;0.0025491995513408;1.5295540180553218;0.9922416582864957;0.984543508439135;5.173662162292445;3.644108144237123;0.01498929336188437;0.0005123901784483135;0.060161109411644875;0.0367084735393086;0.0003491354685024106;0.06933822779647181;0.0;53.7035674;86.8369306
-5.125469169603177;1.196748164402378;-1.1489324830312135;-0.0448659121035994;0.0220633020721101;0.0025491995513408;5.173662162292445;1.135527434862742;1.2894225553259588;5.173662162292445;3.644108144237123;0.01498929336188437;0.0005271545849453228;0.060161109411644875;0.0367084735393086;0.00043895805106441396;0.06933822779647181;0.0;53.70354053999999;86.83760262
-2.490285050557718;1.3132645762183763;-1.1489324830312135;-0.0367084735393086;0.017210485080190654;0.0025491995513408;2.5436409070495283;1.27469124855863;1.6248377791519586;5.173662162292445;3.644108144237123;0.01498929336188437;0.0005090398827643287;0.060161109411644875;0.0367084735393086;0.0005346609801889976;0.06933822779647181;0.0;53.70351530000001;86.83827626000001
-2.94308040176631;1.6140600360655655;-1.1489324830312135;-0.0356887937187723;0.01653896011445951;0.0025491995513408;3.003123879856714;1.5890708131336138;2.525146049153124;6.470458992672203;4.940904974616881;0.011930253900275356;0.0004357723819787053;0.05710206995003586;0.0571020699500356;0.0008050991583489893;0.0897318242071988;0.0;53.703493630000004;86.83895859
-3.875120241941729;1.9716172937460115;-1.1489324830312135;-0.0020393596410727;0.02125114570189894;0.0214132762312633;3.94729466040894;1.9620560895728494;3.8496640986299013;7.6711093530074566;6.141555334952135;0.011930253900275356;0.00041095708842974247;0.056592230039767544;0.0815743856429081;0.0012422549813903032;0.1142041399000713;0.0;53.703481520000004;86.83963768
-4.648344504896132;1.8368754317466929;-1.1489324830312135;0.0;0.020509397833582334;0.0214132762312633;4.825083035238559;1.8326477562923047;3.3585977986432187;7.6711093530074566;6.141555334952135;0.011930253900275356;0.0003066560297782424;0.053023350667890434;0.0815743856429081;0.001077281800813402;0.1142041399000713;0.0;53.703475389999994;86.84032275
-4.883817362675152;1.5344813342219046;-2.490285050557718;-0.0260018354236769;0.02096593299814092;0.0214132762312633;5.160878421206189;1.5823994087819637;2.5039878889135085;7.6711093530074566;5.127468445957929;0.011930253900275356;0.0003159559884872343;0.053023350667890434;0.0815743856429081;0.0007566585038560664;0.0907515040277352;0.0;53.70348089;86.84099897
-6.269295471427153;1.5408230650838113;-2.490285050557718;-0.0270215152442133;0.019158044486648346;0.0214132762312633;6.470458992672203;1.5923301342119114;2.5355152563193237;7.6711093530074566;5.127468445957929;0.00785153461813004;0.00025457626100788713;0.04894463138574512;0.0815743856429081;0.0007634515171739389;0.0907515040277352;30.0;53.70350138;86.84167994
-7.479288020022773;1.386641440569817;-2.94308040176631;0.0214132762312633;0.02169873174227397;0.0280411950647496;7.6711093530074566;1.4338052734334206;2.055797562125486;7.6711093530074566;4.667985473150742;0.00785153461813004;0.0002226242600148503;0.04894463138574512;0.0815743856429081;0.0006205238598348439;0.0825940654634444;30.0;53.703537159999996;86.84234804
-4.444435189385411;1.302837156398058;-3.663596203750134;-0.0305903946160905;0.0196131230666121;0.0280411950647496;4.81198838440831;1.3124440269037514;1.722509323755335;7.6711093530074566;3.9645723239062196;0.011930253900275356;0.0002568203814789698;0.053023350667890434;0.0815743856429081;0.0005410178774307663;0.0698480677067401;30.0;53.70359882;86.84301642
-6.202367381552201;1.237603759219453;-3.663596203750134;-0.0061180789232181;0.019903718840998598;0.0280411950647496;6.409772189479378;1.2462789223256934;1.5532111522332916;7.6711093530074566;3.9645723239062196;0.011930253900275356;0.00026825759777946925;0.053023350667890434;0.0815743856429081;0.0004875517794118653;0.0698480677067401;30.0;53.70368254;86.8436531
-4.257773424550038;1.2875747488536309;-3.663596203750134;-0.0050983991026817;0.0199489411178797;0.0280411950647496;4.389483512451849;1.3081035842237387;1.7111349870589918;7.6711093530074566;3.9645723239062196;0.011930253900275356;0.0002227397874522283;0.053023350667890434;0.0815743856429081;0.0005255603063094848;0.0698480677067401;0.0;53.703785100000005;86.84428814
-3.663596203750134;1.2817485415053405;-3.663596203750134;0.0280411950647496;0.02372621824694221;0.0280411950647496;3.706537029101237;1.305711533375845;1.7048826083907;7.6711093530074566;3.9645723239062196;0.011930253900275356;0.00022204662282795622;0.053023350667890434;0.0815743856429081;0.0005212164746640427;0.0698480677067401;0.0;53.703910029999996;86.84491483
-6.6017785622566905;1.235705580531112;-3.663596203750134;-0.0132558376669725;0.034721391389495815;0.0280411950647496;6.602641523842846;1.25323760895657;1.570604504503181;7.6711093530074566;3.9645723239062196;0.011930253900275356;0.00020485614014599277;0.053023350667890434;0.0815743856429081;0.000487713517824196;0.0698480677067401;0.0;53.70406924;86.8455886
-4.597456398220058;1.3811457783523928;-1.6965843562109737;0.0050983991026817;0.03691966986116358;0.0280411950647496;4.606584088936097;1.2822231426206416;1.6440961874719542;6.602641523842846;4.341486322250898;0.017028653002957195;0.00017983289720974844;0.040787192821454155;0.0622004690527174;0.000573735247696437;0.0846334251045171;0.0;53.70423916;86.84625004
-4.038391495599872;1.477574497214957;-1.6965843562109737;-0.0132558376669725;0.040623858632731796;0.0280411950647496;4.092478803442439;1.3567304105819462;1.8407174069978562;6.602641523842846;4.341486322250898;0.017028653002957195;0.00020067404691288107;0.040787192821454155;0.0622004690527174;0.0006593410787941147;0.0846334251045171;0.0;53.704421849999996;86.84689865
-5.385349536504926;1.4829131024493452;-1.6965843562109737;-0.0504741511165494;0.04098695741208214;0.0280411950647496;5.477339563598006;1.304947986888533;1.702889248484435;6.602641523842846;4.341486322250898;0.017028653002957195;0.00020774432608046257;0.040787192821454155;0.0622004690527174;0.0006679825311100472;0.0846334251045171;30.0;53.70460601999999;86.84754106
-5.0620049326242285;1.6308247836231755;-1.6965843562109737;-0.0897318242071989;0.04858702715892163;0.0280411950647496;5.209669237962199;1.4087830679544446;1.9846697325551372;6.602641523842846;4.341486322250898;0.017028653002957195;0.00021661683327115302;0.04180687264199057;0.0622004690527174;0.0008140323174443045;0.0846334251045171;0.0;53.704784800000006;86.84816271999999
-1.6965843562109737;2.144987144275069;0.5813886159088573;-0.0764759865402263;0.051509280863035384;0.0050983991026817;2.261155201591948;1.610335417652666;2.5931801573465862;6.602641523842846;4.997288271477697;0.05169776690119299;0.0005989404463465618;0.07647598654022636;0.0622004690527174;0.0013707214917555105;0.1223615784643621;0.0;53.70494375;86.84877479000001
-2.942986696292622;2.161070149188616;0.6381360723506999;-0.078515346181299;0.05182856983500936;0.0050983991026817;3.3470702657992475;1.4306115645335333;2.046649448577084;5.477339563598006;3.8936234304484763;0.05169776690119299;0.0005696542409710403;0.07647598654022636;0.0418068726419904;0.0014194278593544058;0.1060467013357805;0.0;53.705058040000004;86.84934988
-2.25667033275597;2.319344169444477;0.9743414145269989;-0.0642398286937901;0.04687204033129185;-0.0132558376669725;2.791844243042038;1.4571350806154404;2.123242643160166;5.477339563598006;3.910247528772638;0.05169776690119299;0.0005687300214720105;0.07647598654022636;0.0418068726419904;0.001622467330547617;0.1101254206179259;0.0;53.70513045;86.84988565
-1.868789397306548;2.5809558121416414;2.2841312688952327;-0.1284796573875803;0.04670685810132135;-0.0142755174875089;2.5468861690674256;1.4174692387185914;2.009219042713463;5.477339563598006;3.910247528772638;0.05169776690119299;0.0005590257167321929;0.07647598654022636;0.0418068726419904;0.0020117485835391643;0.133578056490262;30.0;53.70515775;86.85036863
0.5813886159088573;2.329989691757241;2.2841312688952327;-0.1570306923625981;0.05601756694846929;0.0183542367696543;1.6053532523651486;1.1310590355156909;1.2792945418216848;5.209669237962199;3.642577203136831;0.05169776690119299;0.0005622604849787988;0.07647598654022636;0.0367084735393086;0.0016382252730060842;0.12847965738758022;30.0;53.70514104;86.85080248
0.6381360723506999;1.815503535580458;2.2841312688952327;-0.1345977363107984;0.0617473923584489;0.0183542367696543;1.58371613314953;0.7475325023480669;0.5588048420667626;3.3470702657992475;2.5127148071263488;0.05169776690119299;0.0005897098040999983;0.07647598654022636;-0.0010196798205363;0.0009897120032802886;0.0907515040277353;0.0;53.70506202;86.85113306000001
0.9743414145269989;1.8029982907884483;2.2841312688952327;-0.0265116753339451;0.06391656633114354;0.0183542367696543;1.567092034825368;0.7601000902571082;0.577752147208864;3.3470702657992475;2.5127148071263488;0.05169776690119299;0.0005599499362312235;0.07647598654022636;-0.0010196798205363;0.0009750977824518726;0.0907515040277353;0.0;53.70494482;86.8514229
2.2841312688952327;1.479126004143239;2.2841312688952327;-0.0142755174875089;0.06564156670260643;0.0183542367696543;2.478444633010138;0.5932133156353302;0.35190203784706187;2.791844243042038;1.9574887843691393;0.05169776690119299;0.0005060101757190694;0.07647598654022636;-0.0132558376669725;0.0006519097763847278;0.0785153461812991;0.0;53.70478978999999;86.85166467
1.523997627015306;1.1171922539123564;2.2841312688952327;0.0183542367696543;0.06575472348328582;0.0183542367696543;1.6063294727519588;0.49917041331080403;0.2491711015248789;2.5468861690674256;1.712530710394527;0.05169776690119299;0.00044593590828210215;0.07647598654022636;-0.020393596410727;0.00037181350445986854;0.0713775874375446;0.0;53.704605279999996;86.85185648000001
0.8252704332180554;0.5470407231407489;2.2841312688952327;0.0101967982053635;0.0633524044471286;0.0316100744366268;0.8343554586728985;0.4188405971123706;0.17542744578944713;2.478444633010138;1.6440891743372397;0.05169776690119299;0.0004267699064209623;0.07341694707861735;-0.0601611094116447;8.952221122481276e-05;0.031610074436626896;0.0;53.70439351;86.85199287
1.5014966963310554;0.5511149179985685;2.2841312688952327;-0.0101967982053635;0.04659439681117293;0.0316100744366268;1.5519317436233706;0.5712053471926717;0.3262755486615006;2.9282035310824854;2.093848072409587;0.017028653002957195;0.00015919680870796432;0.03874783318038155;-0.0642398286937901;8.484335001097214e-05;0.027531355154481504;0.0;53.70416901000001;86.85208069000001
1.4662069657452834;0.49223461488089604;2.2841312688952327;-0.0040787192821454;0.02001044971895597;0.0316100744366268;1.7369002129480644;0.6612763742299076;0.4372864431146528;2.9317757902097803;2.097420331536882;0.017028653002957195;0.00026627919041435905;0.04996431120628142;-0.0662791883348628;6.769907830396073e-05;0.02549199551340879;0.0;53.70394617000001;86.85213433000001
1.5485613899727033;0.46690528123905917;2.2841312688952327;-0.0305903946160905;0.01865051101722903;0.0316100744366268;2.061330945315332;0.7777634175916435;0.6049159337438331;3.3620614003716742;2.527705941698776;0.009890894259202643;0.00023886452952437347;0.04282655246252687;-0.0662791883348628;5.7405583633511145e-05;0.02549199551340879;0.0;53.7037287;86.85216774
0.7098215264474352;0.4034380385669624;1.9994865896329328;0.0316100744366268;0.018859942389772528;0.0316100744366268;1.8494363203191528;0.9207626979284605;0.8478039458964974;3.700583770836189;2.8662283121632903;0.009890894259202643;0.00022459689100809367;0.04282655246252687;-0.0662791883348628;4.487085667791313e-05;0.021413276231263392;0.0;53.703519760000006;86.85218408
1.9994865896329328;0.41949199735692616;1.9994865896329328;0.0132558376669725;0.01843086750179104;0.0316100744366268;2.9282035310824854;0.9715654338291201;0.9439393922115664;3.700583770836189;2.8662283121632903;0.009890894259202643;0.0002135986789696329;0.04282655246252687;-0.0662791883348628;4.8163388643208456e-05;0.021413276231263392;0.0;53.703309620000006;86.85218642
1.3466641575648293;0.37825970892038313;1.9994865896329328;-0.0081574385642908;0.01817841252360267;0.0316100744366268;2.9317757902097803;0.8019836950168431;0.6431778470728688;3.700583770836189;2.1486520272128184;0.009890894259202643;0.00018512116565576269;0.04282655246252687;-0.0662791883348628;4.067721070106332e-05;0.021413276231263392;0.0;53.70308202;86.85216362
1.4748747442733752;0.4300542951734505;1.9994865896329328;0.0152951973080452;0.017929168818059227;0.0316100744366268;3.3620614003716742;0.7114503824886813;0.5061616467432909;3.700583770836189;1.9636835578881247;0.011930253900275356;0.0002089313704995299;0.04486591210359958;-0.0662791883348628;5.648136413448083e-05;0.021413276231263392;0.0;53.70285808;86.852124
1.8968204569707092;0.6092397805171239;2.7804679113389117;-0.0163148771285816;0.01800119188008817;0.0316100744366268;3.700583770836189;0.7367745763368296;0.5428367763363148;4.3400380571897905;2.4906017368706377;0.012949933720811546;0.0002248163931391118;0.04588559192413577;-0.0662791883348628;0.00010629679513221194;0.03364943407769959;0.0;53.702635459999996;86.85207546000001
1.7971907626739503;0.6351328850253046;2.7804679113389117;0.0132558376669725;0.014089795896027225;0.0316100744366268;3.5462515611687726;0.7154945949880845;0.5119325154571631;4.3400380571897905;2.4906017368706377;0.012949933720811546;0.00022338385291561475;0.04588559192413577;-0.0662791883348628;0.00011600109987202973;0.03364943407769959;0.0;53.70241073;86.85201968999999
1.1228106728703864;0.5534467925113042;2.7804679113389117;0.0020393596410727;0.013915298695701196;0.0305903946160905;3.0947128102299803;0.5148922934054683;0.2651140738083428;4.3400380571897905;1.411834526107305;0.012949933720811546;0.00019479081216436568;0.04588559192413577;-0.0662791883348628;9.012295389918234e-05;0.03364943407769959;0.0;53.70218784;86.85196576
0.8374560217123226;0.6027681732966067;2.7804679113389117;0.0091771183848271;0.01604497869910974;0.0346691138982359;3.23786937502661;0.524168748231854;0.2747528766229487;4.340132141209302;1.4083563509995214;0.012949933720811546;0.00019773676181752473;0.04588559192413577;-0.0662791883348628;0.00010657406098192098;0.03364943407769959;0.0;53.70196491;86.85191435
2.7804679113389117;0.8781844423229809;3.851273679456062;0.0122361578464362;0.019258785987299118;0.0540430304884266;4.3400380571897905;0.6261612818678399;0.39207795091037645;5.117933533225353;2.0232207229953723;0.017028653002957195;0.00010546499758309083;0.029570714795554287;-0.0662791883348628;0.00022416943948978373;0.0520036708473539;0.0;53.70174652000001;86.85186492
2.1193739486883816;0.8664921744402834;3.851273679456062;0.023452635872336;0.022019470973096075;0.0540430304884266;4.239196953644298;0.5979739448883391;0.3575728387653224;5.117933533225353;2.0232207229953723;0.017028653002957195;0.00010050887051954097;0.029570714795554287;-0.0662791883348628;0.0002172955569657462;0.0520036708473539;0.0;53.70153233;86.85182737
1.5466282107184268;0.8835757553306745;3.851273679456062;0.0305903946160905;0.017690457176551225;0.0540430304884266;3.9478196326202926;0.5953591274721862;0.35445249066444284;5.117933533225353;2.0232207229953723;0.017028653002957195;8.097318085878826e-05;0.029570714795554287;-0.0662791883348628;0.00022644533000614581;0.0520036708473539;0.0;53.701321529999994;86.85180089
2.486797529094626;0.9488455087162687;3.851273679456062;0.0346691138982359;0.01777742550802579;0.0540430304884266;4.340132141209302;0.6000589181529882;0.36007070525493456;5.117933533225353;2.0232207229953723;0.017028653002957195;0.00015065933108566855;0.03976751300091752;-0.0662791883348628;0.00027635318295377975;0.0520036708473539;0.0;53.70111974;86.85178598
3.851273679456062;0.857817619896825;3.851273679456062;0.0540430304884266;0.015599583138490473;0.0540430304884266;5.117933533225353;0.5106994356918468;0.2608139136159708;5.117933533225353;1.8800641581987425;0.017028653002957195;0.000148810892087608;0.03976751300091752;-0.0662791883348628;0.00022792408120459384;0.0520036708473539;0.0;53.70094671;86.85179215
2.402804817201477;0.6758642807391161;3.851273679456062;0.0520036708473539;0.014042570379451638;0.0540430304884266;4.001841770423915;0.43828103170774496;0.19209026275480534;5.117933533225353;1.4683946658885034;0.031304170490465966;0.0002289291699097935;0.05404303048842629;-0.0805547058223717;0.00014297675649997465;0.037728153359845;0.0;53.70077562;86.85180538
2.6900456089333833;0.6750172785698858;3.851273679456062;0.0326297542571632;0.012474129444794571;0.0540430304884266;4.208111783261863;0.4785215972051868;0.22898291899180304;5.117933533225353;1.5392101009639876;0.031304170490465966;0.0002777741704335422;0.05404303048842629;-0.0805547058223717;0.00014598046987182307;0.037728153359845;0.0;53.70060649;86.85182825
3.371086384380824;0.7722850319037111;3.851273679456062;0.0122361578464362;0.012162291347431282;0.0540430304884266;4.623174483329567;0.6115590884028712;0.3740045186081508;5.117933533225353;2.198988380743672;0.031304170490465966;0.0002863347535433099;0.05404303048842629;-0.0734169470786173;0.00019403988382139667;0.0448659121035994;0.0;53.70043991;86.85185623
2.0969517436704823;0.7503849233932056;3.851273679456062;0.0285510349750178;0.024683834887142382;0.0540430304884266;3.687339088307348;0.681714474001016;0.4647346240624819;5.117933533225353;2.198988380743672;0.031304170490465966;0.00026640627059547106;0.05404303048842629;-0.0734169470786173;0.00018582588302376506;0.0448659121035994;0.0;53.70027145;86.85189001
2.051130273074926;0.7799678746663011;3.851273679456062;0.0265116753339451;0.03206925007370251;0.0540430304884266;3.649538867336849;0.7379234916436268;0.5445310795195217;5.117933533225353;2.254980289765292;0.031304170490465966;0.00030665602977823905;0.05404303048842629;-0.0734169470786173;0.00020402145441092355;0.0448659121035994;0.0;53.70007372;86.8519406
2.2676420123414758;0.5928091928949677;3.371086384380824;0.0305903946160905;0.042355257186522104;0.0520036708473539;3.578723432261365;0.626312892655729;0.3922678395067867;4.623174483329567;1.8493879700152767;0.031304170490465966;0.000307869067870716;0.05404303048842629;-0.0734169470786173;0.00012921743870816205;0.040787192821454;0.0;53.69986249;86.85201353
1.274041549251539;0.6011768336984024;3.371086384380824;0.0285510349750178;0.03937322858799049;0.0326297542571632;2.9189451524816805;0.6687148373084532;0.44717953363647095;4.623174483329567;2.0422077574001087;0.031304170490465966;0.00030180387740833003;0.05404303048842629;-0.0734169470786173;0.00013026873838830895;0.040787192821454;0.0;53.69963598;86.85209422
1.7416498967883047;0.7545203756949097;3.371086384380824;-0.0346691138982359;0.03789467042498553;0.0305903946160905;3.05915331544711;0.7628852426326969;0.5819938934267488;4.623174483329567;2.7910138173512133;0.031304170490465966;0.00036424645731156165;0.05404303048842629;-0.0601611094116447;0.0001855832754052701;0.054043030488426604;0.0;53.69940498;86.85217809999999
1.739760485582737;0.5447163285949328;2.2676420123414758;-0.0397675130009177;0.040020322098210256;0.040787192821454;2.8629532434600606;0.5725797057480084;0.3278475194344759;3.687339088307348;1.855178422328994;0.04252064851636583;0.00035981020371621904;0.05812174977057194;-0.0601611094116447;7.560115502066897e-05;0.029570714795554197;0.0;53.69916835;86.85226147
1.7144808736043986;0.5283294863396576;2.2676420123414758;-0.0805547058223717;0.03895375625342986;0.040787192821454;2.7737865133142905;0.5518281006619185;0.30451425268014043;3.649538867336849;1.8173782013584954;0.04252064851636583;0.00037395076205138175;0.05812174977057194;-0.0601611094116447;6.863485054672846e-05;0.029570714795554197;0.0;53.69892294;86.8523463
1.6710584264172432;0.7454409710957954;3.327356632646433;0.0152951973080452;0.03779637654129135;0.040787192821454;2.5809667259294584;0.553635548513903;0.30651232057829014;3.6602436232796047;1.828082957301251;0.04252064851636583;0.00038171420584323624;0.05812174977057194;-0.0601611094116447;0.00017076110518957237;0.052003670847353904;0.0;53.698677700000005;86.8524441
0.3900501964893812;0.8354523054418271;3.327356632646433;0.003059039461609;0.03619967084717481;0.040787192821454;1.8321606659783538;0.5234409157321693;0.27399039226253197;3.6602436232796047;1.828082957301251;0.04252064851636583;0.00034099078416721564;0.05812174977057194;-0.0601611094116447;0.0002197360740803727;0.052003670847353904;0.0;53.69843399;86.85254599
2.107286694634367;0.9510807483071313;3.4945477772074254;0.040787192821454;0.034274322666427964;0.040787192821454;2.6566441157257823;0.6016251913569512;0.3619528708752882;3.727700346609281;1.895539680630927;0.086366880799429;0.0009904051679045691;0.10196798205363511;-0.0601611094116447;0.00023810493662359926;0.052003670847353904;0.0;53.69818855999999;86.85265384
1.5460050273933845;1.3629714987038763;5.22356384363208;0.0050983991026817;0.0334555828569852;0.040787192821454;2.231332102923495;1.0014791479449088;1.0029604837684607;5.39391960880382;3.5617589428254663;0.086366880799429;0.0009396539646640683;0.10196798205363511;-0.0601611094116447;0.0005307214945743842;0.0820842255531763;0.0;53.69794799;86.85275631
3.327356632646433;1.5052544352417945;5.22356384363208;-0.0071377587437544;0.031754837181396024;0.040787192821454;3.6602436232796047;1.1381701776624755;1.2954313533202313;5.39391960880382;3.5617589428254663;0.086366880799429;0.0009198294564098693;0.10196798205363511;-0.0601611094116447;0.0006604819122382332;0.0820842255531763;0.0;53.697741730000004;86.85284189000001
3.0346468300772678;1.5781633795922068;5.22356384363208;0.0091771183848271;0.016296810294965363;0.040787192821454;3.358338485204496;1.2195700714041753;1.4873511590647852;5.39391960880382;3.5617589428254663;0.086366880799429;0.0009066708812924258;0.10196798205363511;-0.0601611094116447;0.0007312424676327379;0.0820842255531763;0.0;53.69755216;86.85291088
3.4945477772074254;1.5058781526448244;5.22356384363208;0.0010196798205363;0.020078459738660355;0.040787192821454;3.727700346609281;1.1752673344740512;1.3812533074817415;5.39391960880382;3.5617589428254663;0.086366880799429;0.0009280203517200245;0.10196798205363511;-0.0601611094116447;0.000671168200195771;0.0820842255531763;0.0;53.697380120000005;86.85296924
5.22356384363208;1.2240138842831592;5.22356384363208;-0.0224329560517997;0.020078459738660355;0.040787192821454;5.39391960880382;1.0628499448224926;1.1296500052091756;5.39391960880382;3.162587505880325;0.086366880799429;0.0008970012347838221;0.0978892627714899;-0.0795350260018354;0.0004507418496770531;0.0627103089629856;0.0;53.69721546000001;86.85302730000001
4.659814323674243;1.1453568001405288;5.22356384363208;0.0091771183848271;0.020206076225738633;0.0091771183848271;4.8666925772803395;0.9993001609601245;0.9986008116949309;5.39391960880382;3.162587505880325;0.086366880799429;0.0008080451080021592;0.0978892627714899;-0.0795350260018354;0.0003811365686563365;0.0627103089629856;0.0;53.69705745;86.85308945
4.696035289274158;0.9287359852018086;5.22356384363208;-0.0020393596410727;0.01962129417405481;0.0091771183848271;4.8747910768733735;0.8359208279682466;0.6987636306311189;5.39391960880382;2.7614668542763874;0.086366880799429;0.0008805039167261307;0.1029876618741713;-0.0907515040277353;0.00025913959478434214;0.051493830937085705;0.0;53.69690799;86.85314991
3.1385744793663752;1.0579817206766295;5.22356384363208;-0.0346691138982359;0.019650417468716715;0.0091771183848271;3.4686187975455027;0.93765948347027;0.8792053069417335;5.39391960880382;2.7614668542763874;0.086366880799429;0.0008249236666031975;0.1029876618741713;-0.0887121443866625;0.0003364621086219618;0.0535331905781585;0.0;53.69675835;86.85320251
2.131844182848611;1.2841221799913316;5.22356384363208;0.003059039461609;0.018331878315959463;0.0091771183848271;2.6324527545274328;1.0717666165763278;1.1486836804074692;5.39391960880382;3.18257553038496;0.086366880799429;0.0008690089367069414;0.1029876618741713;-0.07545630671969;0.00048420148372788345;0.066789028245131;0.0;53.69660644;86.8532554
3.46270931116958;1.3081087489826226;5.22356384363208;-0.0499643112062812;0.018302550571532974;0.0091771183848271;3.8203540123334494;1.0822756393791078;1.1713205595934566;5.39391960880382;3.18257553038496;0.025186091567248048;0.00022159317763624243;0.041806872641990345;-0.07545630671969;0.000503702515157422;0.066789028245131;0.0;53.69645525;86.85330644999999
3.9758482384161002;1.126597885558143;4.696035289274158;-0.0132558376669725;0.019354527007930382;0.0091771183848271;4.208141496465095;0.9210959643010692;0.8484177754517165;4.8747910768733735;2.6634469984545133;0.025186091567248048;0.00020726777540127327;0.041806872641990345;-0.07545630671969;0.00037810974979701257;0.058121749770571995;0.0;53.696304010000006;86.85336257
2.0983591950420246;0.9909382169097732;4.696035289274158;-0.0163148771285816;0.019094924590350698;0.0071377587437544;2.643338476911315;0.8175279859853745;0.6683520078693027;4.8747910768733735;2.6634469984545133;0.025186091567248048;0.00020633200315850508;0.041806872641990345;-0.07545630671969;0.0002910829312195754;0.057102069950035694;0.0;53.696152829999996;86.85342131
1.2703291089910422;0.8092286266869425;3.9758482384161002;-0.0081574385642908;0.0216157157580949;0.0193739165901906;2.2113440784188603;0.6594582951821506;0.4348852430845485;4.208141496465095;1.996797418046235;0.025186091567248048;0.00018467060864998334;0.041806872641990345;-0.07545630671969;0.00020250804498126205;0.0489446313857449;0.0;53.69599701;86.85348565000001
2.612889087263893;0.8303506600994947;3.9758482384161002;-0.0305903946160905;0.02007565456530769;0.0193739165901906;3.311088347571476;0.6710226092761259;0.4502713421597403;4.208141496465095;1.996797418046235;0.025186091567248048;0.00022284087395993283;0.04384623228306317;-0.07545630671969;0.00020759125222592854;0.0489446313857449;0.0;53.69583828;86.8535522
3.2627008035844938;0.8201125940396818;3.9758482384161002;0.0050983991026817;0.019705677118625045;0.0193739165901906;3.9277891088104147;0.6397713251774783;0.4093073485193467;4.208141496465095;1.996797418046235;0.025186091567248048;0.00021258203752069665;0.04384623228306317;-0.07545630671969;0.0002036055556363606;0.0489446313857449;0.0;53.69567646;86.85362333999998
3.0760029798382655;0.9120119558606469;3.9758482384161002;0.0071377587437544;0.030035922604056187;0.078515346181299;3.892706121123689;0.7958097894345916;0.633313220959929;4.208141496465095;2.5205949859467696;0.025186091567248048;0.00018530889774150092;0.04384623228306317;-0.0703579076170082;0.0002535134085839948;0.054043030488426694;0.0;53.695513389999995;86.85370091
2.151604392680576;1.2763528155129102;3.2627008035844938;0.0193739165901906;0.030395325379144487;0.078515346181299;3.389927331625013;0.8506693483362762;0.7236383401988647;3.9277891088104147;2.4666850945263277;0.025186091567248048;0.00035189946244170784;0.07035790761700855;-0.0336494340776996;0.00046840599485226776;0.07545630671969;0.0;53.69535215;86.85379567
1.919968593572671;1.6861526967794993;3.2627008035844938;-0.0107066381156316;0.029383031382161015;0.078515346181299;2.923861871662045;0.9143420141314137;0.8360213188058904;3.9277891088104147;2.4666850945263277;0.025186091567248048;0.0005550198028410841;0.0795350260018356;-0.0244723156928724;0.0008301339540289749;0.08463342510451721;0.0;53.695206629999994;86.85391127
2.335959511974724;1.906391003593984;3.2627008035844938;-0.0040787192821454;0.030294435969712152;0.078515346181299;3.003644344364208;1.0068714651021744;1.013790147236999;3.9277891088104147;2.573332251984998;0.025186091567248048;0.0005550198028410841;0.0795350260018356;-0.0244723156928724;0.0010739546106168967;0.08463342510451721;0.0;53.6950891;86.85404462
0.9492371576067282;1.8739434698039203;3.2627008035844938;0.078515346181299;0.027190665244440013;0.078515346181299;1.6875465105183258;1.2103493985986125;1.464945666688023;3.9277891088104147;3.564024538446615;0.005812174977057216;0.0004057352482602195;0.060161109411644764;-0.0244723156928724;0.001054580659368475;0.08463342510451721;30.0;53.69500448;86.85419296
-1.156631315152023;2.0431382788650514;3.0760029798382655;0.0275313551544814;0.0341473925671854;0.078515346181299;1.461104014284087;1.116771608944613;1.2471788265447394;3.892706121123689;3.52894155075989;0.00887121443866623;0.00042063828768208235;0.06322014887325378;-0.0010196798205363;0.0012774561915596227;0.10502702151524419;30.0;53.694954280000005;86.85434244
-1.6703585341165446;1.8399633005037925;2.335959511974724;0.0020393596410727;0.04377401135420313;0.078515346181299;1.784084328627827;0.9688477775189658;0.9386660160034394;3.389927331625013;3.0261627612612134;0.00887121443866623;0.0004622281651384455;0.06322014887325378;-0.0010196798205363;0.0010436864220236554;0.092790863668808;30.0;53.69493679;86.85447855
-1.3241185536764313;2.050633954210917;2.335959511974724;-0.0193739165901906;0.046241758472508665;0.078515346181299;1.354456856825417;1.1810705532431993;1.3949276517381968;4.525250004719655;4.161485434355855;0.00887121443866623;0.00044330477089580097;0.06322014887325378;0.020393596410727;0.0013144249715208317;0.1142041399000713;30.0;53.69495627;86.85460555
-0.027326161560399687;1.8865767410755878;2.335959511974724;0.0142755174875089;0.05116144638247971;0.078515346181299;0.3637645703637993;1.2043887033516056;1.450552148760962;4.525250004719655;4.161485434355855;0.043540328336902245;0.0008647257569661258;0.0978892627714898;0.020393596410727;0.001111630996132051;0.1142041399000713;30.0;53.69500860000001;86.85472444
-2.941137917853368;1.4475036601879883;0.9492371576067282;-0.0530233506678902;0.06591134430381076;0.078515346181299;3.092324945505044;1.2074678096753753;1.457978511402248;4.525250004719655;4.161485434355855;0.043540328336902245;0.0009894953893352107;0.0978892627714898;0.020393596410727;0.000663777332389461;0.09075150402773521;30.0;53.695092439999996;86.85482619999999
-1.1614412622606445;1.2355079625180847;-0.027326161560399687;-0.0805547058223717;0.06893794774075634;0.0275313551544814;1.8629835073023127;1.2997643904692204;1.6893874707318242;4.525250004719655;4.161485434355855;0.043540328336902245;0.001158797960627882;0.0978892627714898;0.020393596410727;0.00048408595629050185;0.0723972672580809;0.0;53.69520567000001;86.85491383
-4.138235275727187;1.7514560764690075;-0.027326161560399687;-0.058121749770572;0.06491169577836269;0.0142755174875089;4.525250004719655;1.732421347404051;3.001283724941268;6.3663334766279105;6.002568906264111;0.043540328336902245;0.0011566144920614227;0.0978892627714898;0.0550627103089629;0.0009403962284492167;0.1070663811563168;60.0;53.69534562;86.85499234
-2.4825950984713776;1.744050214863323;-0.027326161560399687;-0.0795350260018354;0.061010984611947844;0.0142755174875089;3.218201607172752;1.689930282568061;2.8558643599405666;6.3663334766279105;6.002568906264111;0.043540328336902245;0.0009117540885370926;0.09686958295095338;0.0550627103089629;0.0009304839743221169;0.1070663811563168;60.0;53.69548870999999;86.85505607
-2.2313793098297907;1.679166274897422;-0.027326161560399687;-0.15091261343938;0.06877822485809248;0.040787192821454;3.0460857201252156;1.5963414328243242;2.548305970151616;6.3663334766279105;6.002568906264111;0.043540328336902245;0.0009254209843790026;0.09686958295095338;0.0550627103089629;0.0008624845246809656;0.1070663811563168;60.0;53.695618360000005;86.85509612
-3.4693647249137474;1.359581396822474;-1.1614412622606445;-0.1825226878760069;0.07759168635476854;0.0713775874375446;3.941134738644188;1.245956651113798;1.5524079764547105;6.3663334766279105;4.503349969325598;0.043540328336902245;0.0009357722427681415;0.09686958295095338;0.0550627103089629;0.0005693220995885663;0.0887121443866625;60.0;53.69572877;86.85510669
-6.2127307228285495;1.5121850345442196;-1.125151019977166;-0.0071377587437544;0.07860879800162368;0.0713775874375446;6.3663334766279105;1.2365542858345449;1.5290665018157814;6.3663334766279105;4.503349969325598;0.043540328336902245;0.0009374358378663959;0.09686958295095338;0.0550627103089629;0.0007079550244431058;0.0887121443866625;60.0;53.69581878;86.85509686
-3.520457749241485;1.4244010466353958;-1.125151019977166;-0.0601611094116447;0.08556410646008036;0.0713775874375446;3.575297150578957;1.3219530046394152;1.7475597464751775;6.426092430965131;4.0083629653548165;0.043540328336902245;0.0009067055395236388;0.09686958295095338;0.0550627103089629;0.0006164572940391096;0.0887121443866625;60.0;53.69589336;86.85508696
-2.369015532050952;1.4244010466353958;-1.125151019977166;0.040787192821454;0.08556410646008036;0.0713775874375446;2.4177294656103148;1.3219530046394152;1.7475597464751775;6.426092430965131;4.0083629653548165;0.043540328336902245;0.0009067055395236388;0.09686958295095338;0.0550627103089629;0.0006164572940391096;0.0887121443866625;60.0;53.69589336;86.85508696
-3.572679922080143;1.4244010466353958;-1.125151019977166;0.0713775874375446;0.08556410646008036;0.0713775874375446;4.071215219394805;1.3219530046394152;1.7475597464751775;6.426092430965131;4.0083629653548165;0.043540328336902245;0.0009067055395236388;0.09686958295095338;0.0550627103089629;0.0006164572940391096;0.0887121443866625;60.0;53.69589336;86.85508696
-1.125151019977166;1.4244010466353958;-1.125151019977166;-0.0163148771285816;0.08556410646008036;0.0713775874375446;3.984880048227388;1.3219530046394152;1.7475597464751775;6.426092430965131;4.0083629653548165;0.043540328336902245;0.0009067055395236388;0.09686958295095338;0.0550627103089629;0.0006164572940391096;0.0887121443866625;60.0;53.69589336;86.85508696
-1.9224029074102968;1.4244010466353958;-1.125151019977166;0.0622004690527174;0.08556410646008036;0.0713775874375446;6.426092430965131;1.3219530046394152;1.7475597464751775;6.426092430965131;4.0083629653548165;0.043540328336902245;0.0009067055395236388;0.09686958295095338;0.0550627103089629;0.0006164572940391096;0.0887121443866625;0.0;53.69589336;86.85508696
-0.6914334157892017;1.3179831635800296;1.7626130050046207;-0.0713775874375446;0.026638234064102227;-0.0173345569491179;2.463093386910637;0.7264527133546148;0.5277335447402822;3.1906811839700837;2.4049890244888736;0.1679412664423371;0.0037395798251621845;0.2171918017742428;-0.0061180789232181;0.0004649863827058631;0.07545630671969;30.0;53.722372299999996;86.8365227
-2.6595602769049975;1.3179831635800296;1.7626130050046207;-0.061180789232181;0.026638234064102227;-0.0173345569491179;3.1906811839700837;0.7264527133546148;0.5277335447402822;3.1906811839700837;2.4049890244888736;0.1679412664423371;0.0037395798251621845;0.2171918017742428;-0.0061180789232181;0.0004649863827058631;0.07545630671969;30.0;53.722372299999996;86.8365227
-0.8254166710282078;1.3179831635800296;1.7626130050046207;-0.0601611094116447;0.026638234064102227;-0.0173345569491179;1.554884762168302;0.7264527133546148;0.5277335447402822;3.1906811839700837;2.4049890244888736;0.1679412664423371;0.0037395798251621845;0.2171918017742428;-0.0061180789232181;0.0004649863827058631;0.07545630671969;30.0;53.722372299999996;86.8365227
-1.160798464363887;1.3179831635800296;1.7626130050046207;-0.0968695829509534;0.026638234064102227;-0.0173345569491179;1.5427288972222528;0.7264527133546148;0.5277335447402822;3.1906811839700837;2.4049890244888736;0.1679412664423371;0.0037395798251621845;0.2171918017742428;-0.0061180789232181;0.0004649863827058631;0.07545630671969;30.0;53.722372299999996;86.8365227
1.7626130050046207;1.3179831635800296;1.7626130050046207;-0.0173345569491179;0.026638234064102227;-0.0173345569491179;1.9490773393856482;0.7264527133546148;0.5277335447402822;3.1906811839700837;2.4049890244888736;0.1679412664423371;0.0037395798251621845;0.2171918017742428;-0.0061180789232181;0.0004649863827058631;0.07545630671969;30.0;53.722372299999996;86.8365227
1.589391371527194;1.3179831635800296;1.7626130050046207;-0.0356887937187723;0.026638234064102227;-0.0173345569491179;1.7627687918497548;0.7264527133546148;0.5277335447402822;3.1906811839700837;2.4049890244888736;0.1679412664423371;0.0037395798251621845;0.2171918017742428;-0.0061180789232181;0.0004649863827058631;0.07545630671969;0.0;53.722372299999996;86.8365227
0.006037271258922949;1.4956929160946846;2.3003488220169857;-0.0214132762312633;0.031845342500660394;-0.0173345569491179;0.7856921594812101;0.766674347499437;0.5877895551136874;3.1906811839700837;2.4049890244888736;0.1679412664423371;0.003655776222087614;0.2171918017742428;-0.0061180789232181;0.0006069811559881257;0.0846334251045172;0.0;53.722263780000006;86.83638858
0.1675571137518297;1.1535491581222652;2.3003488220169857;-0.0458855919241358;0.03226162855497016;-0.0173345569491179;0.9046687999982154;0.616369355975368;0.37991118298549;2.7550570228770774;1.9693648633958674;0.1679412664423371;0.003522434453865023;0.2171918017742428;-0.0326297542571632;0.0003474603206604283;0.0581217497705721;0.0;53.72215019;86.83624939
0.679253880539771;1.0442139837309994;2.3003488220169857;-0.0606709493219129;0.032978450292119516;-0.0173345569491179;1.2548831187160805;0.6321568915458093;0.3996223355288601;2.7550570228770774;1.9693648633958674;0.1679412664423371;0.003460534852917472;0.2171918017742428;-0.0326297542571632;0.0002846596057013219;0.0581217497705721;60.0;53.722031900000005;86.8361055
0.1601753367630936;0.8614425303884521;2.3003488220169857;-0.0907515040277353;0.033519793155045365;-0.0173345569491179;1.2799319783007408;0.6592859554034979;0.43465797099230297;2.7550570228770774;1.9693648633958674;0.1679412664423371;0.003383339419260968;0.2171918017742428;-0.0509839910268175;0.00018941878632625333;0.0397675130009178;60.0;53.72191256999999;86.83595033
2.3003488220169857;0.8841021499379046;2.3003488220169857;-0.1121647802589986;0.0327764020046624;-0.0193739165901906;2.7550570228770774;0.783108212024731;0.6132584717405711;3.0732440944141257;2.2875519349329156;0.03334353013153879;0.0006551820910484869;0.0825940654634445;-0.0509839910268175;0.00022014908466900957;0.0397675130009178;60.0;53.72179339;86.83578251
1.5420589106063023;0.9142801894781252;2.3003488220169857;-0.0764759865402263;0.0319149195922489;-0.0193739165901906;2.3518316773475503;0.8410962649555539;0.7074429269221834;3.0732440944141257;2.2875519349329156;0.03334353013153879;0.0007481585726509318;0.0825940654634445;-0.0509839910268175;0.0002452676377410915;0.0397675130009178;60.0;53.72167397999999;86.83559654000001
0.35407000186610516;0.9784140274870676;2.4811224881002563;-0.0836137452839808;0.029424286047243526;-0.0193739165901906;2.0695675010900656;0.8236970993783728;0.6784769115243449;3.279000043391924;2.374331243393709;0.03334353013153879;0.0007348238181914858;0.0825940654634445;-0.0509839910268175;0.00028457007193735315;0.0448659121035995;60.0;53.721546620000005;86.83538725999999
-0.037596011994049494;0.9159546494160188;2.4811224881002563;-0.0193739165901906;0.03284893086222508;-0.0193739165901906;2.2867301449625628;0.6900219563929707;0.47613030030438275;3.279000043391924;2.0241169246758437;0.03334353013153879;0.00041822087605493207;0.0652595085143266;-0.0509839910268175;0.00025943130156372995;0.0448659121035995;60.0;53.72142200999999;86.83516537
1.9422121216533839;1.1120015311810496;3.4159258166345605;-0.023452635872336;0.033962295086367576;-0.0193739165901906;3.0732440944141257;0.7674703614170844;0.5890107556536701;4.14982859073754;2.8698966124367993;0.03334353013153879;0.0003970937959442865;0.0652595085143266;-0.0509839910268175;0.0003717701816708579;0.05914142959110841;60.0;53.72130135;86.83493462999999
1.8772011961503843;1.1058344501594932;3.4159258166345605;-0.0601611094116447;0.033799989282469405;-0.0193739165901906;2.8379882747739584;0.6513244737922084;0.42422357016069717;4.14982859073754;2.0802610896474745;0.07820944223513804;0.0008410657377909474;0.11012542061792585;-0.0509839910268175;0.0003377126931315921;0.05914142959110841;60.0;53.72118988999999;86.83470541
2.4811224881002563;1.252551841464791;3.7104575748575526;-0.0795350260018354;0.03138836629565162;-0.0193739165901906;3.279000043391924;0.7266005159457731;0.5279483097726637;4.14982859073754;2.0802610896474745;0.07820944223513804;0.000832170125112781;0.11012542061792585;-0.0509839910268175;0.00043891472827540585;0.0642398286937902;60.0;53.721082880000004;86.8344704
1.2712672696800196;1.3592878331469294;3.7559854294256505;-0.1182828591822167;0.03142662103070385;-0.0193739165901906;2.633200429193751;0.7293469867741244;0.5319470271164947;4.14982859073754;2.0802610896474745;0.07820944223513804;0.0008058298693904186;0.11012542061792585;-0.0509839910268175;0.0005211442700156892;0.0647496686040584;60.0;53.72097998;86.83423438
3.4159258166345605;1.197410340935637;3.7559854294256505;-0.1040073416947078;0.03225388381035999;-0.0193739165901906;4.14982859073754;0.6482760073295534;0.4202617816791472;4.14982859073754;1.8630984457749773;0.07820944223513804;0.00081273841014567;0.11012542061792585;-0.0509839910268175;0.00039588075785180885;0.0647496686040584;0.0;53.72088219999999;86.8339958
3.1601457698669497;0.8410629499993656;3.7559854294256505;-0.0866727847455898;0.02876549525876088;-0.023452635872336;3.6884178631708164;0.5580796319030416;0.31145287554503437;4.14982859073754;1.5166281615437889;0.07820944223513804;0.0008453171474864863;0.11012542061792585;-0.07545630671969;0.0001836568553869841;0.04027735291118589;0.0;53.72078928;86.83375695999999
3.7104575748575526;0.8202555489657668;3.7559854294256505;-0.0693382277964719;0.027516874410519098;-0.0305903946160905;3.963344595955263;0.5518188621516144;0.3045040566263023;4.14982859073754;1.5166281615437889;0.07820944223513804;0.0010412747867683768;0.11216478025899845;-0.07545630671969;0.00018289437430028403;0.0418068726419904;0.0;53.720701399999996;86.83351803999999
3.7559854294256505;0.7705535683624568;3.7559854294256505;-0.078515346181299;0.033310234456706875;-0.0122361578464362;3.892199275967104;0.5248425336591778;0.2754596851377851;4.14982859073754;1.5166281615437889;0.07820944223513804;0.0008570085241492179;0.11216478025899845;-0.07545630671969;0.00017680319016448768;0.0418068726419904;0.0;53.720619060000004;86.83328978
2.5885517756129444;1.0180719735344732;5.328314361194359;-0.0448659121035994;0.04254358716269293;0.0193739165901906;2.6591172393204126;0.7871837406441089;0.6196582415344517;5.339215807155044;2.706015377961293;0.07820944223513804;0.0008511599476319173;0.11216478025899845;-0.07545630671969;0.00030766111848343463;0.0683185479759355;0.0;53.720549749999996;86.83308223
3.1032272595168804;1.1996065511896623;6.63533096445099;-0.0448659121035994;0.039664576587903635;0.0193739165901906;3.1322775379265897;1.148482022570893;1.3190109561685288;6.654696539459595;3.995579300139182;0.07820944223513804;0.0008149767542448821;0.11216478025899845;-0.0973794228612215;0.0004469872079622465;0.0698480677067401;0.0;53.720483089999995;86.83287733
3.4675891212061005;1.5180237055685593;6.9229917199812565;-0.0305903946160905;0.03869595727643668;0.0193739165901906;3.471048655510809;1.4693096832355375;2.1588709452497157;6.952408412486193;4.29329117316578;0.07820944223513804;0.0008011134617594281;0.11216478025899845;-0.0973794228612215;0.0007206023906501558;0.07596614662995821;0.0;53.7204212;86.83268231999999
3.6721413049933247;1.8285769363780435;7.79155911359317;-0.0122361578464362;0.036789619915688195;0.0193739165901906;3.6744240807058484;1.8072703724805137;3.2662261992458546;7.82159684396774;5.162479604647327;0.026205771387784238;0.00031719213206718406;0.06016110941164465;-0.0973794228612215;0.000980827943345864;0.08922198429693079;0.0;53.720361530000005;86.83249465
5.328314361194359;1.8650286587154408;7.79155911359317;0.0193739165901906;0.03737377319134159;0.0193739165901906;5.339215807155044;1.8559248494313774;3.4444570467368805;7.82159684396774;5.162479604647327;0.026205771387784238;0.00031104607239863243;0.06016110941164465;-0.0973794228612215;0.0010042106966713297;0.08922198429693079;0.0;53.720303709999996;86.83231907
6.63533096445099;2.0446803526944852;7.79155911359317;-0.0025491995513408;0.04696806686392136;0.0805547058223717;6.654696539459595;2.0405841832283267;4.163983808841617;7.82159684396774;5.647219805989589;0.0211073722851024;0.0002794031073005837;0.055062710308962814;-0.0887121443866625;0.0012156056897729616;0.0978892627714898;0.0;53.72024493;86.83214765
6.9229917199812565;1.9245488070164403;7.79155911359317;-0.0978892627714897;0.0480116844758105;0.0805547058223717;6.952408412486193;1.9273368887232578;3.714627482633447;7.82159684396774;5.647219805989589;0.05985520546548384;0.0005530991591946585;0.09381054348934426;-0.0887121443866625;0.0010992320139153792;0.0978892627714898;0.0;53.7201813;86.83198418
7.79155911359317;2.9554299331209375;7.79155911359317;-0.0132558376669725;0.04919140555571636;0.0805547058223717;7.82159684396774;2.038701017638327;4.156301839319549;7.82159684396774;5.647219805989589;0.05985520546548384;0.0005429327447053261;0.09381054348934426;-0.0132558376669725;0.0026191109800706483;0.1733455694911798;0.0;53.72010575;86.83182927
6.403996841666862;3.741392434098691;7.79155911359317;0.0071377587437544;0.04919140555571636;0.0805547058223717;6.44350147219214;2.096189261026878;4.394009418044409;7.82159684396774;5.647219805989589;0.05985520546548384;0.00027190537661470304;0.06220046905271748;-0.003059039461609;0.004205441328206192;0.1835423676965433;0.0;53.72001819;86.83168539
2.1292626710823113;4.063838713479792;7.79155911359317;0.0805547058223717;0.05069337541264194;0.0805547058223717;2.174377037978151;2.342662173921798;5.488066061124005;7.82159684396774;6.428892533293141;0.05985520546548384;0.00023197909425659566;0.05608239012949945;-0.003059039461609;0.004950766590455411;0.1835423676965433;30.0;53.719919270000005;86.83156087
3.913456813054875;4.2303989266180295;7.79155911359317;-0.0571020699500356;0.04867673384533739;0.0805547058223717;3.917535847307664;2.5021539014487715;6.260774146535309;7.82159684396774;6.428892533293141;0.05985520546548384;0.0004826274223936021;0.09075150402773524;-0.003059039461609;0.005339320020591471;0.1835423676965433;30.0;53.71980963;86.83145379
-2.2390047496586574;4.332863543656758;7.79155911359317;-0.0591414295911083;0.052495192925243454;0.0805547058223717;2.239956158772705;2.3553930341726024;5.547876345428818;7.82159684396774;6.428892533293141;0.05985520546548384;0.0005370177399115329;0.09075150402773524;0.003059039461609;0.00558048354611968;0.18966044661976128;30.0;53.71967945;86.83136969
-2.822516218390794;4.155155866620316;7.79155911359317;-0.0305903946160905;0.05263288770495205;0.0805547058223717;2.8357376901220133;2.092511088364736;4.378602654929371;7.82159684396774;6.428892533293141;0.05985520546548384;0.0005402322908565974;0.09075150402773524;0.0061180789232181;0.005076229387448769;0.1927194860813704;0.0;53.719531110000005;86.83131351
-1.233183723238567;3.4725337165183907;6.403996841666862;-0.0560823901294993;0.058537180973919356;0.0805547058223717;1.3927043106745989;1.4758779410930931;2.1782156970051876;6.44350147219214;5.050797161517541;0.05985520546548384;0.0005383607463710612;0.09075150402773524;0.0101967982053635;0.0034998459516715386;0.1723258896706434;30.0;53.719365530000005;86.83127849
-1.300766655845207;2.541228769849493;3.913456813054875;-0.023452635872336;0.05562517238240437;0.0805547058223717;1.5866444329503817;0.9307208766983573;0.8662413503221589;3.917535847307664;2.524831536633065;0.05985520546548384;0.0005820301177002414;0.09075150402773524;0.0101967982053635;0.0018239933923111752;0.1244009381054348;30.0;53.71917996;86.8312542
-3.181206204852174;2.4346886631858426;3.913456813054875;-0.0948302233098807;0.0317215310524719;-0.023452635872336;3.383173496120132;1.1737481283943143;1.3776846689091558;5.28326014983755;3.8905558391629507;0.05985520546548384;0.0007654876882577486;0.09075150402773524;0.0356887937187723;0.001635129137684342;0.1498929336188436;30.0;53.718977300000006;86.83124866
-3.352463697282272;1.3269806776942599;-1.233183723238567;-0.0989089425920261;0.03259787368847924;-0.023452635872336;3.5638522137159465;1.3280126813699475;1.7636176818793976;5.28326014983755;3.8905558391629507;0.11083919649230145;0.0015089067477902175;0.14173549505455285;0.0356887937187723;0.0004968719554224086;0.0662791883348628;30.0;53.718760350000004;86.83126211
-3.591064078962848;1.304279789801166;-1.233183723238567;-0.1213418986438258;0.03259149383252451;-0.023452635872336;3.8792315421054475;1.2950159649236805;1.677066349407211;5.28326014983755;3.8905558391629507;0.11083919649230145;0.0014753575799754187;0.14173549505455285;0.0356887937187723;0.0004824541312375367;0.0662791883348628;30.0;53.718534940000005;86.83130037999999
-3.1158938348110716;1.3379248434151956;-1.233183723238567;-0.0601611094116447;0.03331300892235029;-0.023452635872336;3.3575677887842224;1.297119918203447;1.6825200822001167;5.28326014983755;3.8905558391629507;0.11083919649230145;0.001557890381238821;0.14173549505455285;0.0356887937187723;0.0005083322772103838;0.0662791883348628;30.0;53.71829418;86.83135913999999
-5.162852612307237;1.1607794355855976;-1.300766655845207;-0.037728153359845;0.03425830824175822;-0.023452635872336;5.28326014983755;1.092043346215657;1.192558670013889;5.28326014983755;3.696615716887168;0.11083919649230145;0.0020451851121025284;0.15907005200367097;0.0356887937187723;0.0003852262399395533;0.0662791883348628;30.0;53.71804555999999;86.83142283999999
-5.034002210269745;1.1590651552531512;-2.2456109440328738;-0.0397675130009177;0.03243016464530345;-0.0244723156928724;5.202334042528841;1.0696353668690226;1.1441198180570287;6.260072412040402;3.462927217895851;0.11083919649230145;0.0017823832975532737;0.15907005200367097;0.0540430304884266;0.0003823496067488223;0.0672988681553991;30.0;53.717787769999994;86.83148761
-3.76932827743184;1.1277329835508236;-2.2456109440328738;-0.0652595085143264;0.0321663688020286;-0.0244723156928724;4.058419908511699;1.0346923842985318;1.0705883301253807;6.260072412040402;3.462927217895851;0.11083919649230145;0.0017798185884434646;0.15907005200367097;0.0540430304884266;0.0003618319338703504;0.0672988681553991;30.0;53.71753165;86.83155405
-2.2456109440328738;1.431312640932625;-1.2160750232639976;-0.0244723156928724;0.03029515099008426;-0.0244723156928724;2.797145194144551;1.3651079922996114;1.863519830640276;6.260072412040402;4.839761498260903;0.11083919649230145;0.002188101216697887;0.15907005200367097;0.0540430304884266;0.0006085523291364783;0.08667278474558979;30.0;53.71727727;86.83160430999999
-4.002516574618703;1.6710457344538163;-1.1002117106067495;-0.0367084735393086;0.019167087699087974;-0.0244723156928724;4.251654632337461;1.609086570470588;2.589159591268798;6.260072412040402;4.892028957161045;0.11083919649230145;0.0024743926474521828;0.15907005200367097;0.0540430304884266;0.000842379862391134;0.0887121443866625;30.0;53.71702567999999;86.83164456
-6.1254213123332555;1.746686858622116;-1.1002117106067495;-0.0856531049250535;0.018429613829204928;-0.0244723156928724;6.260072412040402;1.6712845766853226;2.7931921362662377;6.260072412040402;4.892028957161045;0.11083919649230145;0.002504545308608045;0.15907005200367097;0.0540430304884266;0.0009328147403712452;0.0887121443866625;30.0;53.71677418;86.8316849
-3.8754884050430025;1.6818897875442251;-1.1002117106067495;-0.0346691138982359;0.023079979657916302;-0.0244723156928724;3.985295212039751;1.6112188055581778;2.596026039384321;6.260072412040402;4.892028957161045;0.11083919649230145;0.00216524122502656;0.15907005200367097;0.0540430304884266;0.0008733412156086475;0.0887121443866625;30.0;53.716524330000006;86.83171409
-1.2160750232639976;1.9312121077833455;-0.1489813379901177;-0.0305903946160905;0.027426038577044218;-0.0010196798205363;1.4203109137794991;1.7615017254893213;3.102888328901856;6.260072412040402;5.212942346853151;0.01498929336188437;0.0005930052242512263;0.06322014887325389;0.0540430304884266;0.0011774671945082925;0.1050270215152441;30.0;53.71627574;86.83173685999999
-1.1002117106067495;1.997060631596251;-0.1489813379901177;-0.0336494340776996;0.03256968656213508;-0.0010196798205363;1.368043454879357;1.812160412831365;3.2839253618331434;6.260072412040402;5.212942346853151;0.013969613541347958;0.000511904963211321;0.06220046905271748;0.0540430304884266;0.0012546741809085328;0.1050270215152441;30.0;53.71602918;86.83174118000001
-5.298040261535547;1.9949530766678927;-0.1489813379901177;-0.0397675130009177;0.03482139818779187;-0.0010196798205363;5.357443895695493;1.8152977822570995;3.2953060382675434;6.260072412040402;5.212942346853151;0.013969613541347958;0.0005304124586794025;0.06220046905271748;0.0540430304884266;0.0012520979190549862;0.1050270215152441;30.0;53.71579328;86.83173312
-3.9890015130389926;2.0517357748277405;-0.1489813379901177;-0.0876924645661262;0.038512510249491365;-0.0010196798205363;4.113416664675681;1.8400748956354946;3.3858756215479766;6.260072412040402;5.212942346853151;0.013969613541347958;0.00043119460727256836;0.061180789232181065;0.0540430304884266;0.0013144827352395286;0.1050270215152441;30.0;53.7155619;86.8317091
-0.1489813379901177;1.907514039359568;0.8111135393352247;-0.0010196798205363;0.038200737924729083;-0.0010196798205363;1.047130065187251;1.4733086325797833;2.1706383268341107;5.357443895695493;4.310313830508242;0.005812174977057216;0.00039145316881426746;0.05302335066789032;0.040787192821454;0.0011345371987783364;0.10706638115631681;30.0;53.71534011;86.83166139
-1.3735144210204078;2.1497537169274863;2.076973557383953;-0.1019679820536351;0.042375709113796685;0.003059039461609;1.90212098178491;1.3811381584770837;1.9075426128014696;5.357443895695493;4.310313830508242;0.012949933720811546;0.0004447690811645748;0.06016110941164465;0.040787192821454;0.0014134088798669806;0.12847965738758022;30.0;53.715125490000005;86.83159269
-2.3024320803800262;2.248972375794492;2.076973557383953;-0.0968695829509534;0.04663293597340316;0.0101967982053635;2.694570714664578;1.3642475128961458;1.8611712764433197;5.357443895695493;4.310313830508242;0.016008973182420783;0.00033732856440230643;0.06067094932191297;0.040787192821454;0.001537681744255337;0.12847965738758022;30.0;53.71491146999999;86.83151947
-0.9062770067415329;2.3399830534421056;2.076973557383953;-0.1126746201692668;0.04669247891510407;0.0101967982053635;1.654782238252947;1.3341054414626754;1.7798373289403198;5.357443895695493;4.310313830508242;0.016008973182420783;0.00014147778799999012;0.03976751300091774;0.040787192821454;0.001668447250624381;0.12847965738758022;30.0;53.71469286;86.83145701999999
0.8111135393352247;1.7733898110954036;2.076973557383953;-0.0392576730906494;0.0576147672992637;0.0101967982053635;1.554012608112987;0.8605756668582554;0.7405904783885309;4.113416664675681;3.0662865994884294;0.016008973182420783;0.00011555343105219151;0.03976751300091774;0.0173345569491179;0.0009477986489992724;0.1050270215152441;0.0;53.71447558;86.83140358
2.076973557383953;1.2651780855256631;2.076973557383953;0.003059039461609;0.058737255459418776;0.0101967982053635;2.5847604291224595;0.48402066934118804;0.2342760083494917;2.694570714664578;1.6474406494773268;0.016008973182420783;0.00018602516785324956;0.04180687264199057;-0.0122361578464362;0.0004748639786017502;0.07545630671969;0.0;53.7142563;86.83136094
0.7350528188191472;1.3014624563767976;2.076973557383953;0.0101967982053635;0.0548562893191618;0.0101967982053635;1.669564302974061;0.39936500306492945;0.15949240567305112;2.694570714664578;1.1405581065515908;0.016008973182420783;0.0001508817214026243;0.04180687264199057;-0.0122361578464362;0.0005000027489753735;0.07545630671969;0.0;53.71402832;86.83131472
0.889356625588817;1.2156272838285915;2.076973557383953;-0.0713775874375446;0.05597372500323379;0.0101967982053635;1.8103384018242736;0.4149431073511083;0.17217778233819336;2.694570714664578;1.1421859111572603;0.016008973182420783;0.00017886246673576582;0.04180687264199057;-0.0122361578464362;0.0004371673757850533;0.07545630671969;0.0;53.71380037;86.83127877
-0.30078607679458624;0.8221116893920049;2.076973557383953;-0.1631487712858162;0.05709842812025743;0.0101967982053635;1.762278917637815;0.3669235594995285;0.13463289851580404;2.5847604291224595;1.479732437652472;0.029264810849393252;0.00025993962228819574;0.05506271030896304;-0.0367084735393086;0.0001933467191971321;0.050983991026817596;30.0;53.713569029999995;86.83124710999999
-0.1699865993719274;0.6972313009493496;2.076973557383953;-0.1070663811563169;0.053837662189861975;0.0101967982053635;1.6410259016221254;0.47196457395257446;0.22275055906623514;2.5847604291224595;1.8051602877876674;0.0343632099520752;0.0003532829035043191;0.060161109411644986;-0.0479249515652085;0.00014122073945182522;0.0397675130009177;0.0;53.713333469999995;86.83123939
0.909066341481588;1.2947878718569301;2.076973557383953;-0.0418068726419904;0.053782243966898714;0.0101967982053635;1.8061498386827683;0.6163622887255811;0.3799024709630366;2.8907582138690637;2.1111580725342716;0.0343632099520752;0.0003762035470802697;0.060161109411644986;-0.0020393596410727;0.0005014930529175594;0.0856531049250535;0.0;53.713088649999996;86.83126593
0.7368768534896177;2.0052550875080466;0.909066341481588;-0.020393596410727;0.05033003433026728;0.0101967982053635;1.5523848035073176;1.2516981732114423;1.566748316820862;5.233378898907037;4.453778757572245;0.0343632099520752;0.0004473482312040588;0.060161109411644986;0.0397675130009176;0.0012336481873055937;0.10808606097685311;0.0;53.71283366;86.83131814000001
0.4262813156646925;2.2859964471333827;0.909066341481588;-0.0091771183848271;0.044540805624095;-0.0091771183848271;1.1050279914699874;1.4429822453793526;2.082197760480038;5.233378898907037;4.453778757572245;0.0343632099520752;0.000458762342017082;0.060161109411644986;0.0397675130009176;0.0015972823491990497;0.10808606097685311;0.0;53.71255541000001;86.83138805000002
-0.10602616516935282;2.266993376981462;0.909066341481588;-0.0703579076170082;0.04485355064528424;-0.0091771183848271;0.7796001413347923;1.453398383516363;2.112366861207977;5.233378898907037;4.453778757572245;0.0343632099520752;0.0005093633595889889;0.060161109411644986;0.0397675130009176;0.0015661939158004197;0.10706638115631681;0.0;53.712257969999996;86.83144901
-2.880618549501526;2.2332701868556626;0.909066341481588;-0.0418068726419904;0.03100843931190142;-0.0091771183848271;2.8907582138690637;1.4691377119282887;2.1583656166098875;5.233378898907037;4.453778757572245;0.0343632099520752;0.000556637186964387;0.060161109411644986;0.0397675130009176;0.0015153618433537555;0.10706638115631681;0.0;53.711912319999996;86.83148992
-5.231731767965064;2.2090874699401026;0.909066341481588;-0.0509839910268175;0.023641770127938604;-0.0091771183848271;5.233378898907037;1.562452907029643;2.4412590866853816;5.233378898907037;4.6309838505286125;0.0343632099520752;0.00042147008523121056;0.05353319057815864;0.0397675130009176;0.001471588497330935;0.10706638115631681;30.0;53.71155537;86.83150929
-4.368445614887856;2.0315473850833765;0.7368768534896177;-0.0601611094116447;0.0286020240149639;0.0076475986540226;4.3690030812362775;1.5690660535673724;2.461968280457488;5.233378898907037;4.6309838505286125;0.0343632099520752;0.00042417342726587385;0.05353319057815864;0.0397675130009176;0.0012474190578411447;0.1060467013357804;30.0;53.71119397;86.83151909
-3.114453915580183;1.9045584552846846;0.4262813156646925;-0.0815743856429081;0.03027650727563576;0.0076475986540226;3.1180531472772945;1.656780036232137;2.7449200884573615;5.233378898907037;4.739528105551775;0.0343632099520752;0.00041878984868402223;0.05353319057815864;0.0397675130009176;0.0010865239958037138;0.0978892627714896;30.0;53.71082146;86.83150754
-1.4974934190916382;1.8691556531368305;0.1573022009064977;-0.0152951973080452;0.029314489424145496;0.0076475986540226;1.4977568125496457;1.744780805958417;3.0442600608409025;5.233378898907037;5.039659972389177;0.0343632099520752;0.0005527092540935072;0.06933822779647203;0.0397675130009176;0.0010775937248943335;0.09686958295095319;0.0;53.71043896;86.83148344000001
-0.581611920793224;1.8931872841063557;0.1573022009064977;-0.0397675130009177;0.031639481627088815;0.0183542367696543;0.6023950483784242;1.8029045593534716;3.2504648501375355;5.233378898907037;5.045359638806431;0.02824513102885695;0.0004832541587413816;0.06322014887325378;0.0397675130009176;0.0011071687488633018;0.09686958295095319;0.0;53.71004042;86.83144842
-1.5942920559972122;2.010185480948428;0.5500463965038658;0.0076475986540226;0.03284079695125202;0.0183542367696543;1.6408277678989276;1.8294181708675816;3.3467708439004884;5.233378898907037;5.045359638806431;0.030284490669929554;0.0005262303654462884;0.06525950851432638;0.0397675130009176;0.0012316264571514645;0.0999286224125623;0.0;53.709635420000005;86.8314095
-0.350387522486578;1.5636240645805175;0.5500463965038658;-0.003059039461609;0.0318405807023246;0.0183542367696543;0.49385079335526155;1.378585932150156;1.9004991723223144;4.3690030812362775;4.180983821135672;0.030284490669929554;0.0006050056368089459;0.06525950851432638;0.023452635872336;0.0007339342569236697;0.0836137452839807;0.0;53.70922967;86.83136983
0.1573022009064977;1.3910176120175735;0.5500463965038658;-0.0209034363209952;0.031975088241605984;0.0183542367696543;0.19371892651786;1.2045375169810841;1.4509106298149557;3.580223984413958;3.3922047243133524;0.030284490669929554;0.0005782032713370689;0.06525950851432638;0.0091771183848271;0.0005831940566318343;0.06933822779647181;0.0;53.70883596;86.83133196
0.10317267733314406;1.6546510426197731;0.5500463965038658;0.0183542367696543;0.029809240804533153;0.0183542367696543;0.1880192601006058;1.4897930106526973;2.2194832145896277;4.560890253823313;4.3728709937227075;0.030284490669929554;0.0005366133938807067;0.06525950851432638;0.0265116753339451;0.0008277425360752413;0.0866727847455898;0.0;53.70845279;86.83131487
0.5500463965038658;2.064299191478148;0.5500463965038658;0.0040787192821454;0.030927533137377203;0.0183542367696543;0.5504069745847383;1.9083272277508252;3.64171280817515;5.287704614393551;5.099685354292945;0.030284490669929554;0.00046485424819935967;0.06525950851432638;0.0387478331803813;0.0012971882778639247;0.09890894259202601;0.0;53.70810487;86.83132279
-1.811977805498694;2.0281734250770405;0.5500463965038658;-0.0367084735393086;0.03628036309025993;0.0183542367696543;1.8373797777405676;1.8536202332811562;3.435907969229288;5.287704614393551;5.099685354292945;0.030284490669929554;0.0004800749880740139;0.06525950851432638;0.0387478331803813;0.0012539463580530463;0.09890894259202601;0.0;53.707746480000004;86.83134072
-3.5311264976589767;2.06824922163638;0.5500463965038658;-0.061180789232181;0.033880216425693735;0.0183542367696543;3.580223984413958;1.8898364213222465;3.5714816993560756;5.287704614393551;5.099685354292945;0.030284490669929554;0.00047584668386595034;0.06525950851432638;0.0387478331803813;0.0013044087427000986;0.09890894259202601;0.0;53.707385959999996;86.83136676000001
-4.515984410575593;2.092681660059623;0.5500463965038658;-0.0703579076170082;0.032376506961937467;0.0183542367696543;4.560890253823313;1.8455842815190877;3.4061813401903276;5.287704614393551;5.099685354292945;0.030284490669929554;0.0004905071156693177;0.06525950851432638;0.0387478331803813;0.0013392402650698018;0.09890894259202601;30.0;53.70702444;86.83139948
-5.194969942801668;2.111871961337449;0.5500463965038658;-0.049454471296013;0.03282395115126243;0.0183542367696543;5.287704614393551;1.7508044895528863;3.0653163606385423;5.287704614393551;5.099685354292945;0.030284490669929554;0.00042982055281424314;0.062200469052717366;0.0387478331803813;0.0013392402650698018;0.09890894259202601;30.0;53.70666695;86.83142855
-1.7453631455453793;2.11807790505964;0.5500463965038658;-0.0856531049250535;0.030686970129810285;0.0061180789232181;2.044080892445504;1.654919864060965;2.7387597564635633;5.287704614393551;4.737297639808813;0.030284490669929554;0.0006031290379980251;0.0825940654634445;0.0387478331803813;0.0013804257964953382;0.09890894259202601;0.0;53.706321100000004;86.83144878
-3.115705869063516;1.9417121451324382;0.3260202252678921;-0.0275313551544814;0.03703686634485496;0.037728153359845;3.3268791502834416;1.5189751332675787;2.3072854554852587;5.287704614393551;4.29375933478383;0.01753849291322518;0.0004897273054670121;0.06984806770674012;0.0387478331803813;0.0011838789672828152;0.0968695829509533;30.0;53.7059716;86.83145768
-0.08365850155408694;1.9892838703137055;0.3260202252678921;-0.0479249515652085;0.053339451520551064;0.0866727847455898;0.9939452796097212;1.5354597838847481;2.3576367479273976;5.287704614393551;4.29375933478383;0.01753849291322518;0.0004388316929297895;0.06984806770674012;0.0387478331803813;0.0012422087704153629;0.0968695829509533;0.0;53.70562073;86.83149081
0.3260202252678921;2.207637161567783;0.3260202252678921;-0.0142755174875089;0.05211465641759272;0.0866727847455898;1.1277014292623002;1.7760204172174792;3.1542485223733485;5.72340858503412;4.729463305424399;0.01753849291322518;0.0003974901994637916;0.06984806770674012;0.0448659121035994;0.0015272727221475092;0.10298766187417141;0.0;53.70528384000001;86.83156095999999
0.16132702360613616;2.115634508224372;0.3260202252678921;0.0061180789232181;0.04848458707640404;0.0866727847455898;1.0076593382090013;1.7080210186733873;2.917335800230076;5.72340858503412;4.729463305424399;0.01753849291322518;0.00041034262687218096;0.06984806770674012;0.0448659121035994;0.0014041666848766787;0.10298766187417141;0.0;53.70496971;86.83167179
-2.644758115155464;2.114748409355588;0.3260202252678921;0.037728153359845;0.04676664659220461;0.0866727847455898;2.874509740816983;1.7347482029374242;3.009351327594622;5.72340858503412;4.729463305424399;0.01753849291322518;0.00041342937558964526;0.06984806770674012;0.0448659121035994;0.0014041666848766787;0.10298766187417141;0.0;53.70468404;86.83183156
-3.699630642027431;2.144003776144034;0.3260202252678921;0.0866727847455898;0.03787042593322586;0.0866727847455898;3.916684605469763;1.7463087444276657;3.0495942308645305;5.72340858503412;4.729463305424399;0.01753849291322518;0.00040187663185176683;0.06984806770674012;0.0448659121035994;0.0014436770684602225;0.10298766187417141;0.0;53.70443994;86.83205849999999
-5.555081667247926;2.1442919598090717;0.3260202252678921;0.0050983991026817;0.03658568630235482;0.0866727847455898;5.72340858503412;1.7507447944265182;3.0651073352115517;5.72340858503412;4.729463305424399;0.01753849291322518;0.00042470485347781325;0.06984806770674012;0.0448659121035994;0.001443873465103766;0.10298766187417141;0.0;53.70422936999999;86.83235737
-3.1175221601577823;1.960137067821519;0.3260202252678921;-0.0112164780258998;0.04185589354117947;0.0866727847455898;3.4839069640006533;1.5800698202287293;2.4966206367976493;5.72340858503412;4.715749246825118;0.01753849291322518;0.0005994747607444345;0.06984806770674012;0.0448659121035994;0.0012046739060109966;0.10298766187417141;0.0;53.70405341000001;86.83273181
-5.188780265920988;1.685452526529512;0.16132702360613616;-0.0224329560517997;0.04172115515145826;0.0866727847455898;5.4611650833213545;1.4280219302207953;2.0392466331915258;5.72340858503412;4.715749246825118;0.026205771387784238;0.0006642365539530461;0.07851534618129918;0.0448659121035994;0.0009100789406951014;0.10298766187417141;0.0;53.70390877;86.83318109
-3.920323372287088;1.415759969704672;-1.338164850851107;-0.0050983991026817;0.04440653912212001;0.0866727847455898;4.335098720370771;1.2739382076108787;1.6229185568108184;5.72340858503412;3.815565245224037;0.026205771387784238;0.0005134039317113066;0.07749566636076255;0.0448659121035994;0.0006142478317992524;0.0734169470786172;0.0;53.70379314;86.83371826
-2.1432322641074775;1.4690685012119162;-1.338164850851107;0.0091771183848271;0.04209520216712018;0.0866727847455898;2.8040050384509088;1.341497530571746;1.7996156245300925;5.72340858503412;3.815565245224037;0.026205771387784238;0.0005055018549945983;0.07749566636076255;0.0448659121035994;0.0006640632627969833;0.0734169470786172;30.0;53.70371086;86.83432718
-2.4457517307360703;1.4643570421195038;-1.338164850851107;-0.0764759865402263;0.026383907480239815;0.0091771183848271;2.995171108271524;1.3357418443533884;1.7842062747565914;5.72340858503412;3.815565245224037;0.026205771387784238;0.0005162228011833495;0.07749566636076255;0.0448659121035994;0.0006597194311515411;0.0734169470786172;0.0;53.703656409999994;86.83496393
-1.680410365312463;1.2083286019071944;-1.338164850851107;-0.0107066381156316;0.02600994272478148;0.0091771183848271;2.3379610591506688;1.0904903435925892;1.1891691894686836;5.4611650833213545;3.5533217435112716;0.026205771387784238;0.0005273134351717129;0.07749566636076255;0.0387478331803813;0.00044889341067900064;0.0672988681553991;0.0;53.70361708;86.83561068
-1.338164850851107;1.2057968197929512;-1.338164850851107;-0.0469052717446721;0.02591025841924089;0.0091771183848271;1.9078433398100827;1.0935106765368092;1.19576559969999;5.4611650833213545;3.5533217435112716;0.026205771387784238;0.0005884505550325657;0.07749566636076255;0.0387478331803813;0.00044710273539962943;0.0672988681553991;0.0;53.70358427;86.83625882999999
-1.8599372357182178;0.9346044838879443;-1.338164850851107;0.0015295197308045;0.02603147588380242;0.0091771183848271;2.1173664938415095;0.8368173336924468;0.7002632499681359;4.335098720370771;2.4471358975143946;0.031304170490465966;0.0007673794500448239;0.08259406546344428;0.0163148771285816;0.00026272094534309236;0.0448659121035994;0.0;53.70355678999999;86.83690463
-3.587419607693216;1.026088239525361;-1.338164850851107;-0.0265116753339451;0.025598273863924;0.0091771183848271;3.6905745344559695;0.8818673975799001;0.7776901069143456;4.557945586128196;2.669982763271819;0.031304170490465966;0.0007826868354975126;0.08259406546344428;0.0244723156928724;0.0003142923933889809;0.0530233506678902;0.0;53.7035321;86.83754554
-3.6444035485666704;1.3120089038566443;-1.338164850851107;0.0010196798205363;0.023780629905721145;0.0015295197308045;3.718472384271273;1.1753223329124587;1.3813825862427842;5.363240129713479;3.4752773068571026;0.031304170490465966;0.0007676220576633202;0.08259406546344428;0.0397675130009177;0.0005239053757690446;0.0683185479759355;0.0;53.70351093000001;86.83818228999999
-2.8310047719392366;1.8664493259531687;-1.338164850851107;-0.0152951973080452;0.01639822134387914;0.0040787192821454;2.9243523965153266;1.7427561294011558;3.037198926565298;7.240113455435947;5.35215063257957;0.031304170490465966;0.0005124335012373285;0.06831854797593562;0.0734169470786173;0.0010733538679425364;0.10196798205363511;0.0;53.70349263000001;86.83881423
-1.6739227582497227;1.9070443454019126;-1.338164850851107;-0.0275313551544814;0.017120721430575896;0.0040787192821454;1.8879628228563767;1.8181441394771012;3.305648111914929;7.240113455435947;5.35215063257957;0.031304170490465966;0.0004292537463246048;0.06831854797593562;0.0734169470786173;0.001120385087699439;0.10196798205363511;0.0;53.70347762;86.83944434
-4.415332449634921;2.0534430733266578;-1.6739227582497227;-0.0275313551544814;0.013748777444743862;0.0040787192821454;4.557945586128196;2.014866797873876;4.059688213174526;7.695152088793242;5.807189265936866;0.031304170490465966;0.0004207971379084774;0.06831854797593562;0.0795350260018354;0.001284480259752263;0.10196798205363511;0.0;53.70346775;86.84005142999999
-5.235565288647261;1.874097941410625;-1.6739227582497227;-0.0081574385642908;0.013172782961201886;0.0040787192821454;5.363240129713479;1.8551302372406315;3.441508197124482;7.695152088793242;5.807189265936866;0.031304170490465966;0.00038128675432493373;0.06831854797593562;0.0795350260018354;0.0010656250823818973;0.10196798205363511;0.0;53.70346593000001;86.84064608999999
-7.142928265322071;1.8613950329097604;-1.6739227582497227;0.0040787192821454;0.012836990951040461;0.0040787192821454;7.240113455435947;1.8408327625861205;3.3886652598104483;7.695152088793242;5.807189265936866;0.031304170490465966;0.0005735244101232285;0.07851534618129907;0.0795350260018354;0.0010591670986324234;0.10196798205363511;30.0;53.703472510000005;86.84123890999999
-5.747090444874898;1.8013593408470996;-1.6739227582497227;-0.0326297542571632;0.011490705295159661;0.0040787192821454;5.85031108324677;1.7756832507763;3.153051007087489;7.695152088793242;5.807189265936866;0.031304170490465966;0.0007480286042838781;0.08259406546344428;0.0795350260018354;0.0009896080285866579;0.10196798205363511;30.0;53.70349007;86.84182735
-7.615997487630595;1.6115414764731;-1.6739227582497227;-0.0122361578464362;0.024584412569570134;0.0489446313857448;7.695152088793242;1.5764904108048874;2.485322015359763;7.695152088793242;5.807189265936866;0.031304170490465966;0.0007079983472321293;0.08259406546344428;0.0795350260018354;0.0007844775107768919;0.10196798205363511;30.0;53.70352938;86.84242986
-5.531032443944237;1.0911836292039423;-4.066759335550064;-0.0285510349750178;0.02534450837104102;0.0489446313857448;5.693674086025174;1.0976102428018397;1.2047482451035134;7.695152088793242;3.6267208997332876;0.01498929336188437;0.0005926557537531527;0.06627918833486268;0.0795350260018354;0.00036303341921909294;0.0611807892321811;30.0;53.703588579999995;86.84302665999999
-5.953661813466178;1.0203612220311165;-4.066759335550064;-0.020393596410727;0.02537531503568609;0.0489446313857448;6.072270910383739;1.037380100299937;1.0761574724983074;7.695152088793242;3.6267208997332876;0.01498929336188437;0.0006330903568357271;0.06627918833486268;0.0795350260018354;0.0003115659458668452;0.0611807892321811;30.0;53.70366968;86.84362488
-5.110148855856265;1.2243904923362454;-3.5603428430500648;-0.0265116753339451;0.028480592190294123;0.0489446313857448;5.21689122415933;1.2356461031709791;1.5268212922816258;7.695152088793242;4.027529701971046;0.01498929336188437;0.0007037469375365912;0.06627918833486268;0.0795350260018354;0.00045328345329939803;0.0693382277964719;0.0;53.7037734;86.84422012
-5.529959304629206;1.1638036455766616;-3.5603428430500648;0.0489446313857448;0.0324077586604882;0.0489446313857448;5.542358706811908;1.1631788260587597;1.3529849813914343;7.695152088793242;4.027529701971046;0.01498929336188437;0.0007751428938366792;0.06627918833486268;0.0795350260018354;0.0004049121152689015;0.0693382277964719;0.0;53.70389745;86.84481265
-4.066759335550064;1.2887775264573236;-3.3389463726508577;-0.0367084735393086;0.03327835487068051;0.0489446313857448;4.068431189059955;1.2588633338110762;1.5847368932139372;7.695152088793242;4.05752163916951;0.01498929336188437;0.0007287932859603115;0.06627918833486268;0.0795350260018354;0.0005029602513722743;0.0734169470786173;0.0;53.704040129999996;86.84540077
-5.18671954259529;1.1776010039620493;-2.3090734336062746;-0.0280411950647496;0.03317787541447541;0.0489446313857448;5.21984588546089;1.0752163123564276;1.1560901183573546;6.072270910383739;3.25501964142301;0.01498929336188437;0.0005670548736300149;0.06627918833486268;0.0540430304884266;0.0004468139168061849;0.06627918833486279;0.0;53.70419649;86.84598977
-3.5603428430500648;1.3441442280075808;-1.9789951775022496;-0.0560823901294993;0.034365588450283785;0.0489446313857448;3.667622386822196;1.182793632862001;1.3990007779388902;6.072270910383739;3.539889533655201;0.029264810849393252;0.0008725671817782065;0.08055470582237156;0.0540430304884266;0.0005771866298881405;0.07137758743754449;0.0;53.70436432;86.84657744
-4.060144233987941;1.4058015723460087;-1.476739383569431;-0.0764759865402263;0.034097962079367786;0.0489446313857448;4.232703829304036;1.1754085720606557;1.3815853112736696;5.542358706811908;3.3620790596600885;0.04252064851636583;0.001171459767764594;0.09381054348934414;0.0438462322830631;0.0006096267343041017;0.06933822779647181;30.0;53.7045398;86.84716252000001
-3.3389463726508577;1.3104563375377734;-1.476739383569431;-0.0509839910268175;0.0350703734227044;0.0489446313857448;3.637630449623732;1.0828513131110984;1.17256696630643;5.542358706811908;3.3620790596600885;0.04252064851636583;0.0010545806593684826;0.08667278474558993;0.0438462322830631;0.0005222100106255115;0.06933822779647181;0.0;53.70471593999999;86.84775338
-2.3090734336062746;1.2263294678864436;-1.476739383569431;-0.0469052717446721;0.03602231342965671;-0.0280411950647496;2.8172512689607285;0.9847314656437605;0.9696960594289086;5.21984588546089;3.0395662383090705;0.04252064851636583;0.0011458473348977202;0.08667278474558993;0.0397675130009177;0.00047438165155069486;0.06627918833486279;0.0;53.70487512999999;86.84833753000001
-1.9789951775022496;1.6349901468505552;0.5858140384647021;-0.061180789232181;0.042867839035753676;-0.0280411950647496;2.5323813767285377;1.1154417305628601;1.244210254281068;5.21984588546089;3.636270686368362;0.04252064851636583;0.0011645281215218691;0.08667278474558993;0.0397675130009177;0.000832147019625309;0.10196798205363511;0.0;53.70500968;86.84891496
-1.476739383569431;1.5690823022817884;0.5858140384647021;-0.0469052717446721;0.04263730472945648;-0.0469052717446721;2.1802796471518193;1.0302774978338454;1.0614717225427692;4.232703829304036;3.0513641625837167;0.04252064851636583;0.0010597216303318369;0.08667278474558993;0.0193739165901906;0.0007588102023772572;0.081574385642908;0.0;53.70510352;86.84946192
-3.5039725832594457;1.843437894212332;1.5049045748812402;-0.0683185479759355;0.049578301389276554;-0.0010196798205363;3.882473479217872;1.0256535180095598;1.0519651390053866;4.232703829304036;3.0513641625837167;0.04252064851636583;0.0009168257430380196;0.08667278474558993;0.0193739165901906;0.001054652864016844;0.098908942592026;0.0;53.70514656;86.8499632
-1.5589531326399837;1.7911969499870615;1.5049045748812402;-0.1570306923625981;0.05630391323338454;0.0061180789232181;2.235210522215941;0.9564315171690395;0.9147612470342708;3.882473479217872;2.8332989680782483;0.04252064851636583;0.0007120649130278644;0.0846334251045171;0.0086672784745589;0.0009885711698361809;0.0882023044763943;30.0;53.70514753;86.85041217
0.5858140384647021;1.7833116662307058;1.5830278069080412;-0.1447945345161619;0.060735038194847525;0.0061180789232181;1.583575199092528;0.848626857759075;0.7201675437100412;3.882473479217872;2.8332989680782483;0.04252064851636583;0.0006203938914677999;0.0846334251045171;0.0086672784745589;0.0009895647057976383;0.09024166411746701;30.0;53.70510634;86.8508113
0.07388318653897841;1.829955134005608;1.8778588402471836;-0.1274599775670439;0.0636543970079233;0.0061180789232181;1.1813396667203195;0.80844826293299;0.6535885938393688;3.882473479217872;2.8332989680782483;0.04252064851636583;0.0006280649133097506;0.0846334251045171;0.0086672784745589;0.0010502859268839261;0.09534006322014871;0.0;53.70502801;86.85116305
1.5049045748812402;1.777921351150116;1.8778588402471836;-0.0010196798205363;0.06806705444914189;0.0163148771285816;1.7788988667804189;0.7876848390288097;0.6204474056358419;3.882473479217872;2.8332989680782483;0.04252064851636583;0.000542389765749646;0.0846334251045171;0.0086672784745589;0.00098720794607511;0.09534006322014871;0.0;53.70491274;86.85146762
1.019193878175785;1.7086203688174058;1.8778588402471836;0.0061180789232181;0.07046996673895489;0.0163148771285816;1.0491745111396238;0.7827701028580987;0.6127290339284783;3.882473479217872;2.8332989680782483;0.018048332823493385;0.00031410754948917074;0.06016110941164465;0.0086672784745589;0.0008990374058676221;0.09534006322014871;0.0;53.70476248;86.85171672
1.5830278069080412;1.0163160229316672;1.8778588402471836;0.003059039461609;0.07136471888930833;0.0163148771285816;1.587001386897881;0.38274517640954975;0.14649387006477738;2.235210522215941;1.1860360110763173;0.018048332823493385;0.0002564969046543051;0.06016110941164465;-0.0265116753339451;0.00031673002231767184;0.0601611094116447;0.0;53.70458155;86.85190443
1.8778588402471836;0.5246222194597789;1.8778588402471836;-0.003059039461609;0.058477845013192156;0.0163148771285816;1.9858327726050842;0.3959051995494678;0.1567409270303039;2.3185913805533604;1.2694168694137367;0.018048332823493385;0.00011659317798859989;0.035688793718772316;-0.0540430304884266;9.246816087797817e-05;0.032629754257163204;0.0;53.70437902;86.85202446000001
1.4557695404038453;0.4871379714469269;1.8778588402471836;0.0163148771285816;0.04320042169229148;0.020393596410727;1.8025598969853012;0.510596407093169;0.2607086909364532;2.7763002419879452;1.7271257308483214;0.003772815335984392;6.042373793503497e-05;0.021413276231263323;-0.0540430304884266;7.87435013173786e-05;0.032629754257163204;0.0;53.704159950000005;86.85209211
1.273060184454776;0.2654827280775166;1.8778588402471836;0.0050983991026817;0.016386945274920538;0.0254919955134087;1.8510892523469986;0.6103143485293672;0.3724836040208258;3.211783781257865;2.1626092701182413;0.004792495156520804;6.818718172688907e-05;0.022432956051799735;-0.0703579076170082;2.4133681668427767e-05;0.016314877128581595;0.0;53.70394224;86.85212784000001
1.3700585779537615;0.2665815632586972;1.8778588402471836;-0.0020393596410727;0.017766049410675694;0.0265116753339451;2.142380154265272;0.7019315371946979;0.49270788290851164;3.2177221672183607;2.168547656078737;0.010910574079738833;0.0001030764678152812;0.028551034975017764;-0.0703579076170082;2.4965479217555018e-05;0.016314877128581595;0.0;53.703738220000005;86.85214398
1.1699191537370028;0.25199025841957207;1.8778588402471836;-0.0336494340776996;0.018159655007673827;0.0265116753339451;2.3185913805533604;0.6794231649344525;0.4616158370495482;3.465074832785602;1.8780734458877208;0.010910574079738833;0.00012096011512151724;0.028551034975017764;-0.0734169470786173;2.0436803672306553e-05;0.013255837666972498;0.0;53.70353145;86.85214969
1.5296130684788896;0.2550720195394824;1.8778588402471836;0.020393596410727;0.01880933875043942;0.0265116753339451;2.7763002419879452;0.6290194112906023;0.395665419780376;3.465074832785602;1.6625149358003006;0.010910574079738833;0.00010608018118713001;0.02753135515448113;-0.0734169470786173;2.034438172240353e-05;0.013255837666972498;0.0;53.7033248;86.85214528
1.80093867956296;0.22758356844607971;1.8748790741513943;0.0254919955134087;0.019173114137752485;0.0265116753339451;3.211783781257865;0.5981309054138242;0.3577605800111611;3.465074832785602;1.6625149358003006;0.010910574079738833;0.00010998500857053297;0.02753135515448113;-0.0734169470786173;1.3967267179094819e-05;0.011216478025899798;0.0;53.703116460000004;86.85212894
1.3610077227227544;0.27058995585816575;1.9552726495869743;0.0265116753339451;0.02166269721508873;0.0265116753339451;3.2177221672183607;0.5293688726178953;0.2802314032967415;3.465074832785602;1.6139855804386032;0.024166411746711636;0.00016943542784565496;0.04078719282145393;-0.0734169470786173;1.757172322531275e-05;0.011216478025899798;0.0;53.70290756000001;86.85209668
1.8748790741513943;0.3694431094434148;2.414809210939989;0.0183542367696543;0.02195115916217552;0.0265116753339451;3.465074832785602;0.47065043827362735;0.22151183504715752;3.6341098500809266;1.4917296958156547;0.024166411746711636;0.00016901952907109137;0.04078719282145393;-0.0734169470786173;3.744244245446336e-05;0.021413276231263392;0.0;53.70269932;86.85205484
1.3852990895697772;0.35705660371735354;2.414809210939989;-0.0081574385642908;0.023203784646126466;0.0265116753339451;3.009754239754053;0.37342400955087707;0.13944549090905353;3.6341098500809266;1.3155184695275661;0.024166411746711636;0.00014331178606837795;0.04078719282145393;-0.0734169470786173;3.5813505587422525e-05;0.021413276231263392;0.0;53.70249303000001;86.85200983
1.6547782479433817;0.35671428209145506;2.414809210939989;0.023452635872336;0.019666872154569005;0.0265116753339451;2.8763541654383427;0.25749433476579064;0.06630333243647706;3.6341098500809266;0.8578096080929813;0.024166411746711636;0.00014331178606837795;0.04078719282145393;-0.0734169470786173;3.5813505587422525e-05;0.021413276231263392;0.0;53.702286560000005;86.85196463999999
1.9552726495869743;0.3618685748313253;2.414809210939989;-0.0244723156928724;0.01918787091322119;0.0265116753339451;3.1474036157444685;0.23669151564428212;0.05602287357798744;3.6341098500809266;0.7577556846425839;0.024166411746711636;0.00012749607989122352;0.034669113898236126;-0.0734169470786173;3.6552881186646666e-05;0.021413276231263392;0.0;53.702079219999995;86.85192113999999
2.414809210939989;0.4002922166225846;2.414809210939989;0.0163148771285816;0.01981434942631356;0.0305903946160905;3.6341098500809266;0.2767460319619567;0.07658836620668837;3.701572995685301;0.8252188302469583;0.024166411746711636;0.00012846651036520524;0.034669113898236126;-0.0734169470786173;4.616476397656131e-05;0.021413276231263392;0.0;53.70187322;86.85188666
1.594003577839338;0.7969403839986766;4.029289248685456;-0.0183542367696543;0.019703551794318618;0.0305903946160905;3.2861051779944135;0.5785361028669445;0.33470402232047175;4.909226093724378;2.0328719282860352;0.024166411746711636;0.0001283394301840886;0.034669113898236126;-0.0734169470786173;0.00019765589261135885;0.0499643112062812;0.0;53.701668489999996;86.85185857
1.1721044414388277;0.844093190041426;4.029289248685456;-0.0081574385642908;0.020013047560241765;0.0305903946160905;3.073341194173711;0.5957387148330006;0.3549046163508752;4.909226093724378;2.0328719282860352;0.024166411746711636;0.0001284202993902535;0.034669113898236126;-0.0734169470786173;0.0002224596334165832;0.0499643112062812;0.0;53.70147216;86.85183888
1.941086884352683;0.827566896632457;4.029289248685456;0.0112164780258998;0.02018405200083809;0.0305903946160905;3.510759756074853;0.5753130592634974;0.33098511615912446;4.909226093724378;2.0328719282860352;0.024166411746711636;0.00013539815660793165;0.03670847353930873;-0.0734169470786173;0.00022185889074221324;0.0499643112062812;0.0;53.701282850000005;86.85182877
2.255351099740105;0.8174986439516109;4.029289248685456;0.0305903946160905;0.020805522226432043;0.0305903946160905;3.701572995685301;0.5218870111344193;0.2723660523908174;4.909226093724378;1.835884899550667;0.024166411746711636;0.00013059221521297454;0.03670847353930873;-0.0734169470786173;0.0002142340798752133;0.0499643112062812;0.0;53.701100780000004;86.8518259
4.029289248685456;0.9584100940633463;4.029289248685456;0.0254919955134087;0.01709666544423371;0.0305903946160905;4.909226093724378;0.6007290669559447;0.36087541188575994;4.909226093724378;2.279184153800735;0.0211073722851024;7.721853914397644e-05;0.03364943407769949;-0.0662791883348628;0.00028784816297297393;0.057102069950035694;0.0;53.70092436;86.8518338
2.940557223890111;1.1614016406425067;4.029289248685456;0.0224329560517997;0.01831800867634556;0.0346691138982359;3.9104281238443956;0.7027050008957766;0.49379431828393333;4.909226093724378;2.429580557178831;0.0211073722851024;0.00012527795309355024;0.041806872641990345;-0.0571020699500356;0.00041138165176210733;0.0662791883348629;0.0;53.7007513;86.85185018000001
2.862646245604016;1.2589492818368713;4.029289248685456;0.0275313551544814;0.01474369106336383;0.0356887937187723;3.8154224275583624;0.7866511902700635;0.6188200951533076;4.909226093724378;2.513549677818077;0.03334353013153879;0.00024132526394053826;0.054043030488426735;-0.0571020699500356;0.0004965369258540088;0.0662791883348629;0.0;53.700580869999996;86.85186919
2.9174033068818215;1.2652605757168762;4.029289248685456;0.0305903946160905;0.012224379832774187;0.0356887937187723;3.856063186700826;0.8203338656430158;0.6729476511208135;4.909226093724378;2.513549677818077;0.03334353013153879;0.00026526254896542173;0.054043030488426735;-0.0571020699500356;0.0005083236126525794;0.0662791883348629;0.0;53.70041215;86.85188991
0.7985290928985953;1.3628363485843533;4.029289248685456;0.0020393596410727;0.024306543086205737;0.0356887937187723;2.6300419399236428;0.8861895991425582;0.7853320056284481;4.909226093724378;2.60851836415571;0.03334353013153879;0.00023781322984422324;0.054043030488426735;-0.0571020699500356;0.0005885227596809308;0.0662791883348629;0.0;53.700248020000004;86.85191778000001
0.20017894493730415;1.418064455309766;4.029289248685456;0.0346691138982359;0.029363722485054373;0.0356887937187723;2.4796455365455468;0.9218448085041199;0.8497978509659974;4.909226093724378;2.633881018965055;0.03334353013153879;0.00023770925515058234;0.054043030488426735;-0.0571020699500356;0.0006362124858308929;0.0662791883348629;0.0;53.70008058999999;86.85194747
0.4986962179798291;1.2291890393739342;2.940557223890111;0.0356887937187723;0.02892840466667733;0.0356887937187723;2.395676415906301;0.725658816324223;0.5265807177090724;3.9104281238443956;1.8357719364948517;0.03334353013153879;0.00033042002364705637;0.059141429591108574;-0.0509839910268175;0.0004688825455314647;0.053023350667890295;0.0;53.69990168;86.85199896
1.0855668344608151;1.077537967212997;2.9174033068818215;0.0048434791475476;0.029580101880586986;0.0356887937187723;2.632930695316609;0.6267774837255724;0.3928500141053602;3.856063186700826;1.7814069993512822;0.11185887631283775;0.001533002883041497;0.13765677577240754;-0.0509839910268175;0.00035146045817967026;0.053023350667890295;0.0;53.69970701;86.85206797
0.3528223957603247;0.8729430701168585;2.9174033068818215;-0.0438462322830631;0.02887043991481693;0.0356887937187723;2.3007077295686678;0.5134324646141604;0.2636128957197711;3.856063186700826;1.8169509173124365;0.11185887631283775;0.0016811668214797857;0.13765677577240754;-0.0509839910268175;0.0002071435834060953;0.052003670847353994;0.0;53.69949417;86.85214441000001
0.4017758162599838;0.5424394936733405;1.5283986677930201;-0.0387478331803813;0.027387270934290418;0.0356887937187723;2.275345074759323;0.21063455669758707;0.044366916475189026;2.632930695316609;0.5938184259282195;0.11185887631283775;0.0016861489422167466;0.13765677577240754;-0.0509839910268175;5.7420024563192676e-05;0.024472315692872407;0.0;53.6992751;86.85222230000001
-0.15464424820731004;0.7490404200580769;2.3429182934318638;0.0020393596410727;0.02752559787245108;0.0356887937187723;2.074656187349544;0.2560325581503114;0.0655526708329926;2.8703079888906524;0.8311957195022628;0.11185887631283775;0.001664175623627302;0.13765677577240754;-0.0509839910268175;0.00014482808368397973;0.0418068726419905;0.0;53.69904728;86.85230424
1.5283986677930201;0.7411413399493226;2.3429182934318638;-0.0193739165901906;0.024448479099947424;0.0356887937187723;2.426321991747914;0.25960241498775527;0.06739341386747469;2.8703079888906524;0.8311957195022628;0.11185887631283775;0.0015947667392501288;0.13765677577240754;-0.0509839910268175;0.00015619598352205154;0.0418068726419905;60.0;53.69881922999999;86.85239107
1.1116065289077648;0.8690073108432675;2.6116805608187894;-0.0163148771285816;0.019781835969084463;0.0152951973080452;2.0391122693883896;0.3356968597576559;0.1126923816511513;3.003792359049046;0.9646800896606562;0.11185887631283775;0.0016081679219860667;0.13765677577240754;-0.0509839910268175;0.0002259976611863113;0.0469052717446722;0.0;53.69859044;86.85248228
1.3375546101451228;0.9263068546154103;2.6116805608187894;0.0152951973080452;0.01957295417385378;0.0152951973080452;2.1592484360310533;0.3403971383423877;0.11587021179168665;3.003792359049046;0.9646800896606562;0.11185887631283775;0.0016295867088760932;0.13765677577240754;-0.0509839910268175;0.0002618891477939643;0.0469052717446722;0.0;53.69836252;86.85257692
2.3429182934318638;0.8605068319773226;2.6116805608187894;0.0071377587437544;0.015991608280022104;0.0152951973080452;2.8703079888906524;0.34969807259547386;0.1222887419769893;3.003792359049046;0.9646800896606562;0.11185887631283775;0.0016218925815466663;0.13765677577240754;-0.0509839910268175;0.00022962233453406984;0.0469052717446722;0.0;53.69813868;86.85267308
1.6060238304622674;0.8618874763659117;2.7777773779951582;0.0010196798205363;0.01137957400599317;0.0152951973080452;2.166898687394852;0.42225126786683376;0.17829613321514862;3.153877290075568;1.1147650206871784;0.11185887631283775;0.0018254750316955574;0.13969613541348014;-0.0509839910268175;0.00025605501220633413;0.053023350667890295;0.0;53.697923530000004;86.85277025
2.6116805608187894;0.9775913597575774;4.439147917776392;-0.0081574385642908;0.012461156791438737;0.0152951973080452;3.003792359049046;0.8055607309069296;0.6489280911793066;4.729566855362705;2.6904545859743156;0.11185887631283775;0.001674757936891197;0.13969613541348014;-0.0672988681553992;0.0003598939611083165;0.0637299887835219;0.0;53.69772269;86.85285101
2.263149581355213;1.0447690384510935;4.439147917776392;0.0020393596410727;0.012153264116638444;0.0152951973080452;2.68740526994202;0.8859587476949475;0.7849229026171997;4.729566855362705;2.6904545859743156;0.06393392474762916;0.0005591556850992414;0.09177118384827154;-0.0672988681553992;0.000373618620668915;0.0637299887835219;0.0;53.697539389999996;86.85291603
1.6162634344093378;1.0120600062727576;4.439147917776392;0.0061180789232181;0.01189189371359187;0.0152951973080452;2.134958150380772;0.8985058798009851;0.8073128160369423;4.729566855362705;2.5946087049819333;0.02824513102885695;0.00022678324776048394;0.05608239012949934;-0.0754563067196899;0.0003153927922300078;0.0555725502192312;0.0;53.6973738;86.85297571999999
2.7777773779951582;0.9070876878721478;4.439147917776392;0.0112164780258998;0.010938016920331844;0.0112164780258998;3.153877290075568;0.8395561409462892;0.7048545138006254;4.729566855362705;2.5946087049819333;0.02824513102885695;0.0002268958870119284;0.05608239012949934;-0.0795350260018354;0.0002523148114211912;0.051493830937085705;0.0;53.69721095;86.85303302999999
4.439147917776392;0.8938400011876634;4.439147917776392;-0.0163148771285816;0.010331861020067671;0.0112164780258998;4.729566855362705;0.8330347418921382;0.6939468811993013;4.729566855362705;2.5946087049819333;0.02824513102885695;0.00026526254896542156;0.05608239012949934;-0.0795350260018354;0.00024418167982972474;0.051493830937085705;0.0;53.697056280000005;86.85309084000001
3.5965359232062797;0.8544942968116808;4.439147917776392;-0.0173345569491179;0.010507046167175781;0.0112164780258998;3.98791874491016;0.7591049941153507;0.5762403920908666;4.729566855362705;2.5946087049819333;0.02824513102885695;0.000494006874975411;0.07749566636076266;-0.0795350260018354;0.0002134051705120169;0.051493830937085705;0.0;53.696902509999994;86.85314699
3.642840195034034;0.9250520892374949;4.439147917776392;-0.0142755174875089;0.01221016617156857;0.0112164780258998;4.048739609277552;0.7896292995692916;0.6235144307382902;4.729566855362705;2.5946087049819333;0.02824513102885695;0.000527683122971326;0.07749566636076266;-0.0795350260018354;0.00025869192596450003;0.051493830937085705;0.0;53.6967446;86.85320412
2.9294293665348405;0.9076836064095406;4.439147917776392;-0.0142755174875089;0.012739878208736944;0.0112164780258998;3.432171270091174;0.7619153267688529;0.5805149651652878;4.729566855362705;2.5946087049819333;0.02824513102885695;0.0009469090877314537;0.0978892627714898;-0.0795350260018354;0.00025162164679691816;0.051493830937085705;0.0;53.696585430000006;86.85326511000001
2.8236776161128594;0.8081610455496911;4.439147917776392;-0.0112164780258998;0.01969299506263163;0.0387478331803813;3.4685470786901034;0.6418464298220166;0.41196683947526885;4.729566855362705;2.131512136899853;0.02824513102885695;0.0009177759562104591;0.0978892627714898;-0.0815743856429081;0.0001839456739804266;0.049454471296013006;0.0;53.696425520000005;86.85332536
1.8880166124301967;0.8072083770394037;4.439147917776392;0.003059039461609;0.01869227598791514;0.0387478331803813;2.808249061384811;0.6330029982953411;0.4006927958508917;4.729566855362705;2.131512136899853;0.02824513102885695;0.0008847206681904551;0.0978892627714898;-0.0815743856429081;0.00018484678799198095;0.049454471296013006;0.0;53.6962649;86.85338234000001
1.732611342437699;0.661561396880453;3.642840195034034;-0.0254919955134087;0.021167738799257856;0.0387478331803813;2.598054718462852;0.5410057092538514;0.2926871774452628;4.108001238018802;1.5099465195559496;0.02824513102885695;0.0009296030776121125;0.0978892627714898;-0.0815743856429081;0.00011692531937106063;0.0336494340776996;0.0;53.69610154000001;86.8534417
2.8226223897767735;0.649194885052487;3.642840195034034;-0.0244723156928724;0.0217627269035398;0.0387478331803813;3.5756048004738314;0.5259157136543268;0.2765873378685398;4.108001238018802;1.5099465195559496;0.02824513102885695;0.0010185014406750865;0.0978892627714898;-0.0815743856429081;0.00012241287264655332;0.0316100744366269;0.0;53.695936059999994;86.85350406
3.280400885744255;0.600167478761241;3.4162647631815686;0.0387478331803813;0.021954316693716894;0.0387478331803813;4.054040443933554;0.5060961955847492;0.2561333591853567;4.108001238018802;1.5099465195559496;0.023146731926175224;0.000885737309639389;0.09279086366880807;-0.0815743856429081;0.0001178379861263538;0.029570714795554204;0.0;53.695768550000004;86.85356695
3.2220943434761384;0.7045780077465433;3.4162647631815686;-0.0142755174875089;0.022982415967338833;0.0387478331803813;3.9763586224745406;0.5676585858638334;0.3222362701049271;4.108001238018802;1.5099465195559496;0.023146731926175224;0.0008841314782598237;0.09279086366880807;-0.0774956663607627;0.00016409517205281897;0.0336494340776996;0.0;53.6956011;86.8536427
3.4162647631815686;1.1449535848199488;3.4162647631815686;0.023452635872336;0.023924478855205503;0.0387478331803813;4.108001238018802;0.6626496532364693;0.439104562934413;4.108001238018802;1.8188607593900592;0.023146731926175224;0.000895499378097896;0.09279086366880807;-0.0463954318344039;0.0004098480250309023;0.0647496686040584;0.0;53.69543288999999;86.85373561
2.2476215114672984;1.8049825765495695;3.4162647631815686;0.0163148771285816;0.02403792900384132;0.0387478331803813;3.4243960323834695;0.6541337300879312;0.42789093683875035;4.108001238018802;1.8188607593900592;0.023146731926175224;0.0007030682138419923;0.09279086366880807;-0.0137656775772407;0.0010170573477078523;0.0973794228612216;0.0;53.69527727;86.85385391000001
2.1938226370255123;2.2943073359874826;3.4162647631815686;0.0152951973080452;0.021314316661538123;0.0387478331803813;3.1725835440217365;0.611669044998782;0.37413902060972204;4.108001238018802;1.8188607593900592;0.023146731926175224;0.0007122410923698682;0.09279086366880807;-0.0050983991026817;0.0016417719653336227;0.1060467013357806;0.0;53.69515003;86.85399547
1.4190757496902169;2.3104587667753287;3.4162647631815686;0.0295707147955541;0.024502745546444233;0.0387478331803813;2.651389612491211;0.8264643071332602;0.6830432509652599;4.108001238018802;2.576808747481201;0.03232385031100238;0.0002674604584615536;0.05608239012949934;-0.0050983991026817;0.0016234377610216109;0.1060467013357806;0.0;53.69505959000001;86.85414567000001
-0.4066882901352975;2.8300247899765445;6.486870346805892;0.0346691138982359;0.025291577017311103;0.0346691138982359;2.2891404786287426;1.3464329095860328;1.81288158001631;6.5428202642981335;5.011627773760533;0.03232385031100238;0.00030020959877250446;0.05608239012949934;-0.0050983991026817;0.002394317692419014;0.1580503721831345;0.0;53.69500011;86.85430379
-2.2103685024757387;2.794865744148226;6.486870346805892;0.0;0.025729718753911265;0.0346691138982359;2.9341223446964984;1.3429014371614352;1.8033842699302483;6.5428202642981335;5.011627773760533;0.07005200367084741;0.0006289573627635042;0.09381054348934437;-0.0050983991026817;0.00228767431497466;0.1580503721831345;30.0;53.694957040000006;86.85446040000001
-2.7028268242157223;2.7509247421676353;6.486870346805892;-0.003059039461609;0.03501544145312581;0.0346691138982359;3.16991308747378;1.500066828591255;2.2502004902398256;6.5428202642981335;5.69905064699717;0.07005200367084741;0.001093308344563786;0.12236157846436235;-0.0050983991026817;0.0021906312675764833;0.1580503721831345;0.0;53.69493827;86.85461315
-0.7089106222900217;3.1849963684818534;6.486870346805892;-0.0397675130009177;0.04154060398433247;0.0346691138982359;1.5311924905376004;1.5974686306425172;2.551906025886879;6.5428202642981335;5.69905064699717;0.07005200367084741;0.0014275754318755576;0.12236157846436235;0.0305903946160905;0.00299765973412971;0.1937391659019067;90.0;53.6949498;86.85477572
6.486870346805892;3.1538496312042117;6.486870346805892;-0.0305903946160905;0.04047956226054948;0.0346691138982359;6.5428202642981335;1.6221306421087207;2.631307820068051;6.5428202642981335;5.69905064699717;0.07005200367084741;0.0014882966529618461;0.12236157846436235;0.0305903946160905;0.0029262984360608367;0.1937391659019067;90.0;53.694989410000005;86.85495101000001
2.695292738071924;3.1259024041045267;6.486870346805892;0.0295707147955541;0.037694799986139456;0.0346691138982359;2.7271239836193595;1.6428038379516194;2.6988044499885704;6.5428202642981335;5.69905064699717;0.07005200367084741;0.001732359917168264;0.12236157846436235;0.0305903946160905;0.0028544981337299247;0.1937391659019067;90.0;53.695055530000005;86.85511697
-0.8407391815288374;3.1265270837968138;6.486870346805892;-0.0713775874375446;0.058538685804478005;0.0295707147955541;0.8437696173009631;1.716685543034699;2.9470092536643393;6.5428202642981335;5.69905064699717;0.07005200367084741;0.0027376796772384305;0.17130620985010703;0.0305903946160905;0.0028645056979928617;0.1937391659019067;90.0;53.69514938;86.85526202
-4.660611634481785;3.0843426433705763;6.486870346805892;-0.0774956663607627;0.059201368892408984;0.0295707147955541;4.695778441491864;1.7670749520482585;3.1225538861563553;6.5428202642981335;5.69905064699717;0.07005200367084741;0.0027398746985486276;0.17130620985010703;0.0305903946160905;0.002788370228574308;0.1937391659019067;90.0;53.69526303;86.85538334999998
-1.9203588809269416;3.0032414374882275;6.486870346805892;-0.0163148771285816;0.05779684984328739;0.0295707147955541;2.1423277964097776;1.7630200693030296;3.108239764765259;6.5428202642981335;5.69905064699717;0.07005200367084741;0.002692600871173229;0.17130620985010703;0.0305903946160905;0.0026353656905098474;0.1937391659019067;90.0;53.69538814;86.85547262
-1.8269256321620786;3.0962005108757418;6.486870346805892;-0.0341592739879677;0.06280442285942206;0.0295707147955541;2.0990604338533467;1.7306006517103671;2.9949786157003473;6.5428202642981335;5.69905064699717;0.07005200367084741;0.002672753257431553;0.17130620985010703;0.0305903946160905;0.002805494282979779;0.1937391659019067;90.0;53.69551127999999;86.855542
-0.3323110490009018;1.961501485460609;2.695292738071924;-0.1815030080554706;0.06219538437583944;0.0295707147955541;1.2507717906097817;1.0904741446071253;1.1891338600566417;4.695778441491864;3.852008824190901;0.07005200367084741;0.002506024059806492;0.17130620985010703;0.0305903946160905;0.001122005360008682;0.1233812582848985;90.0;53.69563149;86.85559821
0.3337529564394619;1.9437804521111208;2.6166504639411423;0.0076475986540226;0.05407885170481284;0.0076475986540226;1.4439949254182969;1.1122689377931247;1.237142189979446;4.695778441491864;3.852008824190901;0.030284490669929554;0.00177307178610054;0.13153869684918917;0.0305903946160905;0.001180831931121958;0.1274599775670439;90.0;53.69575975;86.85565223
-1.468278816585369;2.17148405157904;2.6166504639411423;-0.0601611094116447;0.05418044309296113;0.0076475986540226;2.1419678044258705;0.9784704231861756;0.9574043690501336;4.695778441491864;3.4450066508820827;0.10676047721015602;0.003231074256795733;0.20801468338941564;0.0305903946160905;0.0013752646082304488;0.1274599775670439;90.0;53.69589324;86.85570636
-2.611681513125192;1.7626781656058164;2.6166504639411423;-0.1264402977465075;0.05563711322581416;0.0076475986540226;3.0126319892833315;0.6149399268378686;0.3781511136193631;3.099064609933952;1.8482928193241703;0.10676047721015602;0.0030989339739218805;0.20801468338941564;-0.0066279188334862;0.0008667128288890463;0.0902416641174672;90.0;53.696029120000006;86.85574496
-2.369348016197146;1.7058742404633305;2.6166504639411423;-0.0525135107576221;0.05465426766145123;0.0076475986540226;2.7791595500772472;0.6285184455790643;0.3950354364331232;3.099064609933952;1.8482928193241703;0.10676047721015602;0.003044220179579289;0.20801468338941564;-0.0066279188334862;0.0008074472535137302;0.0902416641174672;90.0;53.69617242;86.85576282
2.6166504639411423;2.3919083564403922;2.6166504639411423;-0.0774956663607627;0.0536199549048719;0.0076475986540226;3.099064609933952;1.3589578676092222;1.8467664859370043;6.072814032466382;4.8220422418566;0.10676047721015602;0.0032841013505525937;0.20801468338941564;0.0458855919241358;0.001596615178248196;0.1427551748750892;90.0;53.69632892999999;86.85576317000002
1.7449552933463188;2.525005209270169;2.6166504639411423;-0.0795350260018354;0.038306326292827236;0.0076475986540226;2.6001301522186235;1.2780791799427862;1.633486390203225;6.072814032466382;4.628819107048085;0.10676047721015602;0.0020156794045959885;0.1345977363107984;0.0458855919241358;0.0017330386408628661;0.1427551748750892;90.0;53.69648803;86.85574819
-0.5193787749702703;2.528482888510376;2.6166504639411423;-0.0280411950647496;0.039299071157656164;0.0132558376669725;2.154616920806411;1.2045969254882707;1.4510537528957945;6.072814032466382;4.2215626829743105;0.10676047721015602;0.002097851182617582;0.1345977363107984;0.0458855919241358;0.0017271813997877625;0.1427551748750892;90.0;53.696644920000004;86.85571820000001
-0.23080813197467887;2.875116286039733;2.6166504639411423;-0.0275313551544814;0.04551474262369705;0.0132558376669725;1.8512513494920717;1.4041087454903391;1.9715213691624542;6.072814032466382;4.2215626829743105;0.10676047721015602;0.0017260376781577079;0.12440093810543496;0.0458855919241358;0.002269883089618334;0.1427551748750892;90.0;53.69680206;86.8556859
-5.828564455296353;2.9168769406983133;2.6166504639411423;-0.058121749770572;0.03936251743917412;0.0132558376669725;6.072814032466382;1.5155237332308642;2.2968121859860156;6.072814032466382;4.711329051020924;0.10676047721015602;0.0018369440180413385;0.12440093810543496;0.0458855919241358;0.002362316592265096;0.1427551748750892;90.0;53.69695616;86.855648
1.7002731245392377;2.9308832679718795;2.6166504639411423;-0.0142755174875089;0.03936442511732998;0.0132558376669725;2.2930178999302733;1.5175238882603306;2.3028787514407525;6.072814032466382;4.711329051020924;0.10676047721015602;0.0016389762013490554;0.11828285918221693;0.0458855919241358;0.0023875658357507125;0.1427551748750892;90.0;53.697115499999995;86.8556179
-1.9584630971619623;2.8378774990422952;1.8624896472415609;0.0132558376669725;0.03843785691077897;0.0132558376669725;2.374734390831351;1.5546733374250328;2.4170091861002896;6.072814032466382;4.711329051020924;0.10676047721015602;0.0016150764627413197;0.11828285918221693;0.0458855919241358;0.002211837050753845;0.12847965738758022;90.0;53.697263039999996;86.85559136
-5.203415356483581;2.695326099734765;1.8624896472415609;-0.1233812582848985;0.04118196611945905;0.0132558376669725;5.324142352320605;1.5569824438256885;2.4241943303814133;6.072814032466382;4.711329051020924;0.07617008259406544;0.0012688407329171053;0.10706638115631684;0.0458855919241358;0.0020458472287280117;0.12847965738758022;90.0;53.697395719999996;86.8555602
1.0409678626756644;2.8388137881441367;1.8624896472415609;-0.07545630671969;0.0407903437936314;0.0132558376669725;1.3614849814454582;1.6187370228095321;2.6203095490142676;6.072814032466382;4.711329051020924;0.07617008259406544;0.0012684479396300166;0.10706638115631684;0.0458855919241358;0.002289280868400715;0.12847965738758022;90.0;53.69751036;86.85552636
-2.60351155166988;2.8127507406144487;1.8624896472415609;-0.0535331905781584;0.04358357625362288;0.0132558376669725;2.673863718777384;1.5599521671114802;2.433450763675803;6.072814032466382;4.711329051020924;0.07617008259406544;0.001317616416978425;0.10706638115631684;0.0458855919241358;0.0022369296101525204;0.12847965738758022;0.0;53.697600369999996;86.85549349
1.8624896472415609;2.608189381931345;1.8624896472415609;-0.0571020699500356;0.05715629056725256;0.0622004690527174;1.8909307620664517;1.3213920587892272;1.7460769730312324;5.324142352320605;4.154802556086974;0.07617008259406544;0.0009091113984070486;0.10706638115631684;0.037728153359845;0.001963060267102376;0.1203222188232894;0.0;53.69766367999999;86.85546464
-2.4925380339008565;2.364780144102271;1.8624896472415609;-0.1040073416947078;0.06248882601774712;0.0622004690527174;2.4947992640038663;1.3511367704024075;1.8255705723334483;5.324142352320605;4.154802556086974;0.03079433058019776;0.00035490317581355203;0.06169062914244916;0.037728153359845;0.0016638557570350663;0.1203222188232894;0.0;53.697710400000005;86.85543968
-4.515306636925868;3.1160743671677293;4.671505625911533;-0.0764759865402263;0.06020067860286816;0.0622004690527174;4.525307636652763;1.5170597319653063;2.3014702303506467;5.324142352320605;4.154802556086974;0.03079433058019776;0.00033840585775586174;0.06169062914244916;0.037728153359845;0.002938065627604351;0.1723258896706434;0.0;53.69774156;86.85541452
-3.28676269410017;3.1160743671677293;4.671505625911533;-0.0020393596410727;0.06020067860286816;0.0622004690527174;3.343267427760533;1.5170597319653063;2.3014702303506467;5.324142352320605;4.154802556086974;0.03079433058019776;0.00033840585775586174;0.06169062914244916;0.037728153359845;0.002938065627604351;0.1723258896706434;30.0;53.69774156;86.85541452
0.6936179250383354;3.1160743671677293;4.671505625911533;0.0622004690527174;0.06020067860286816;0.0622004690527174;1.1693397962336305;1.5170597319653063;2.3014702303506467;5.324142352320605;4.154802556086974;0.03079433058019776;0.00033840585775586174;0.06169062914244916;0.037728153359845;0.002938065627604351;0.1723258896706434;0.0;53.69774156;86.85541452
-1.23540469577079;3.1160743671677293;4.671505625911533;0.0397675130009177;0.06020067860286816;0.0622004690527174;1.7719703469393993;1.5170597319653063;2.3014702303506467;5.324142352320605;4.154802556086974;0.03079433058019776;0.00033840585775586174;0.06169062914244916;0.037728153359845;0.002938065627604351;0.1723258896706434;0.0;53.69774156;86.85541452
4.671505625911533;3.1160743671677293;4.671505625911533;-0.0632201488732537;0.06020067860286816;0.0622004690527174;4.938330922086732;1.5170597319653063;2.3014702303506467;5.324142352320605;4.154802556086974;0.03079433058019776;0.00033840585775586174;0.06169062914244916;0.037728153359845;0.002938065627604351;0.1723258896706434;0.0;53.69774156;86.85541452
