lat;lon;vel;class;acc_X;acc_Y;acc_Z;fb_tilt;tilt;acc
53.7250776;86.8446936;11.0;60.0;-0.0071377587437544;-0.9584990313041704;-0.0183542367696543;1.0969887433135102;2.427923163152554;0.9587013187736384
53.7251056;86.8445168;10.0;60.0;0.003059039461609;-0.9697155093300704;-0.0662791883348628;3.9100147853564784;-0.0974257398291267;0.9719827455073644
53.7250992;86.8443568;10.0;60.0;-0.0410421127765881;-1.0344651779341285;-0.0622004690527174;3.438247479611754;-2.17289503899586;1.0371458709987869
53.7250621;86.8441149;11.0;60.0;0.0479249515652085;-1.0135617416131335;-0.023452635872336;1.3240421848115118;-3.83110541036327;1.0149651379105276
53.7249454;86.8438702;11.0;60.0;-0.0774956663607627;-0.9839910268175792;-0.0836137452839808;4.842067384636279;-5.1046775299469775;0.9905731560882451
53.7248217;86.8437465;10.0;60.0;-0.1356174161313347;-0.951361272560416;-0.0560823901294993;3.339973300853696;-6.026232073762607;0.9626139355777845
53.7247175;86.8437191;13.0;60.0;-0.0591414295911083;-0.8942592026103804;0.0356887937187723;-2.2804155489441458;-6.628389717825781;0.8969230291081474
53.7246074;86.8436602;11.0;60.0;-0.1651881309268889;-1.0380340573060058;-0.0397675130009177;2.166714948872309;-6.9437711381521225;1.0518475544567119
53.7244997;86.8435525;10.0;60.0;-0.1498929336188436;-1.0247782196390334;-0.0193739165901906;1.0716741618822156;-7.004997010757254;1.0358637167308515
53.7244117;86.8434389;11.0;60.0;-0.1621290914652799;-1.01458142143367;-0.037728153359845;2.102958966540306;-6.844688011656796;1.028146252521336
53.7243759;86.8432495;11.0;60.0;-0.1723258896706434;-0.9972468644845518;-0.0428265524625267;2.4231753708780315;-6.495464816866376;1.0129321964331444
53.7244356;86.8430788;10.0;60.0;-0.1284796573875803;-0.9850107066381156;-0.095849903130417;5.511472264405756;-5.989948102401611;0.9979680949230092
53.724538;86.843002;13.0;0.0;-0.1519322932599164;-0.9982665443050882;-0.0678087080656673;3.841824142834765;-5.360758544278127;1.0120363314148237
53.7247261;86.8430621;16.0;0.0;-0.058121749770572;-0.9941878250229428;-0.0713775874375446;4.099521493691061;-4.6405168185116725;0.9984399477227696
53.7248705;86.8432321;18.0;0.0;0.0112164780258998;-0.99214846538187;-0.0571020699500356;3.2937549731072324;-4.242059897687249;0.9938536276190191
53.7250552;86.8433656;18.0;30.0;0.0254919955134087;-1.0370143774854697;-0.049454471296013;2.72950270166509;-3.614570704155645;1.038505852500601
53.7252264;86.8434856;18.0;0.0;-0.0224329560517997;-0.9952075048434792;-0.0683185479759355;3.926059217944956;-3.0379426399618863;0.9978019037923037
53.7254093;86.8436173;20.0;0.0;-0.0132558376669725;-0.9870500662791885;-0.0448659121035994;2.602327860081072;-2.1169038716067434;0.9881581354433567
53.7256204;86.8437004;18.0;0.0;0.0040787192821454;-0.9809319873559702;-0.0387478331803813;2.2620472798893325;-1.4529232810759525;0.9817054519280671
53.7257926;86.8438726;19.0;0.0;-0.0050983991026817;-0.9972468644845518;-0.0825940654634444;4.734488565628915;-0.9794302488261956;1.0006743136742644
53.7259824;86.8439344;19.0;0.0;-0.0499643112062812;-1.0288569389211788;-0.0703579076170082;3.907464295735791;-0.359294530861093;1.0324694999489428
53.7261489;86.8440497;19.0;0.0;-0.0295707147955541;-1.0054043030488429;-0.0856531049250535;4.867329639164231;-0.0540379407312985;1.0094794173958932
53.7263161;86.8441401;19.0;0.0;-0.0101967982053635;-1.0043846232283062;-0.078515346181299;4.469639748472197;0.198681730026063;1.007500424643621
53.7264899;86.8442883;19.0;30.0;0.0209034363209951;-0.9997960640358926;-0.0759661466299581;4.344132818400109;0.0944975376013339;1.0028957965539056
53.7267295;86.8444511;20.0;0.0;-0.0112164780258998;-0.9737942286122158;-0.0632201488732537;3.714267521603129;-0.1655240470135997;0.9759087028412659
53.7270407;86.8446343;23.0;0.0;0.0010196798205363;-1.0054043030488429;-0.0448659121035994;2.555113163083219;-0.3308291130742031;1.0064053867130054
53.7273442;86.8448098;27.0;0.0;-0.020393596410727;-0.99214846538187;-0.0479249515652085;2.7648948985518715;-0.6358879803688104;0.9935146084062835
53.7276674;86.845005;28.0;0.0;0.0152951973080452;-1.0105027021515245;-0.0418068726419904;2.3688389816746955;-0.6884543562946503;1.0114828069306607
53.727947;86.8451566;27.0;0.0;-0.0086672784745589;-0.9941878250229428;-0.0489446313857448;2.818332855209885;-0.4866356463674486;0.9954296208579949
53.7282397;86.8454237;25.0;0.0;-0.0091771183848271;-0.9992862241256244;-0.0632201488732537;3.619858238424071;-0.1497787336186472;1.0013261029518072
53.7285053;86.8456381;22.0;0.0;0.0076475986540226;-0.9870500662791885;-0.0764759865402263;4.430255541411404;0.0072458039452453;0.9900378253502359
53.7287405;86.8457709;19.0;0.0;-0.0071377587437544;-1.015601101254206;-0.0734169470786173;4.134569616905668;0.2182668029665129;1.0182762849968492
53.7289027;86.8458819;20.0;0.0;-0.0224329560517997;-1.0227388599979603;-0.0672988681553992;3.763880555607583;0.4397436495701354;1.0251961524128674
53.729166;86.8460684;21.0;0.0;-0.003059039461609;-0.9901091057407974;-0.0601611094116447;3.477120352911184;0.7653784711652143;0.9919398964044692
53.7293754;86.8462266;19.0;0.0;-0.0112164780258998;-1.009483022330988;-0.0805547058223717;4.562139362709727;1.0030981864716904;1.0127540878139867
53.7297204;86.846418;17.0;0.0;-0.0173345569491179;-0.9962271846640156;-0.0938105434893443;5.378631531490085;1.2775078340152262;1.0007844465208175
53.729867;86.8465902;14.0;30.0;0.0530233506678902;-0.9880697460997246;-0.095849903130417;5.532856163839533;1.5711789287193316;0.9941229817299942
53.7299789;86.8467277;12.0;30.0;0.0672988681553992;-0.9901091057407974;-0.1254206179259712;7.202963193159082;1.955661079771462;1.000287713773778
53.7300759;86.8468503;10.0;30.0;0.058121749770572;-0.9941878250229428;-0.1396961354134801;7.984968599488755;2.217730550220669;1.005635410807368
53.7301904;86.8469648;10.0;30.0;0.0540430304884266;-0.9992862241256244;-0.1182828591822167;6.74077970761481;2.3211531536729098;1.0077124796527732
53.730357;86.8472338;12.0;0.0;0.0479249515652085;-0.99775670439482;-0.1386764555929438;7.903750786597208;2.2554433627947224;1.0084871845904446
53.730425;86.8474298;12.0;0.0;0.0428265524625267;-0.99214846538187;-0.1254206179259712;7.198092176097767;2.200249605461454;1.0009610493702328
53.7304794;86.8476122;11.0;0.0;0.0295707147955541;-0.9788926277148976;-0.1437748546956255;8.351820436511229;2.112647109752298;0.9898365585342084
53.7305173;86.8477781;11.0;0.0;0.0489446313857448;-0.9895992658305292;-0.1244009381054349;7.156319944896401;1.9468849471775929;0.9985879416833155
53.7305873;86.8482065;18.0;0.0;0.0458855919241358;-0.9982665443050882;-0.0622004690527174;3.561652682758901;1.797980322895686;1.0012544528617233
53.7306572;86.8485324;22.0;30.0;0.0703579076170082;-0.9707351891506067;-0.0672988681553992;3.9554979543092017;1.8651054583082665;0.9756055454303781
53.7307819;86.8488875;21.0;30.0;0.0418068726419904;-1.0043846232283062;-0.0509839910268175;2.903411188070362;1.625762299281465;1.0065463989894319
53.7309317;86.8491141;18.0;30.0;0.014785357397777;-0.9870500662791885;-0.0815743856429081;4.723924147200173;1.3706315968900324;0.9905255274490145
53.7310838;86.8492406;14.0;0.0;-0.0020393596410727;-0.9880697460997246;-0.1142041399000713;6.593152000271623;1.1338568805544311;0.9946499724604807
53.7312343;86.8492887;11.0;0.0;-0.0122361578464362;-0.9906189456510656;-0.1147139798103395;6.604948693445872;0.7641430648836683;0.9973138504029705
53.7313377;86.8493153;9.0;0.0;-0.0285510349750178;-0.9972468644845518;-0.1091057407973896;6.241186333996477;0.5945386891187898;1.0036037729090908
53.7314392;86.8492888;10.0;0.0;-0.0479249515652085;-1.0074436626899157;-0.1223615784643621;6.917335164405167;0.4561750847310982;1.0159782922685359
53.7315528;86.8493256;10.0;0.0;-0.0091771183848271;-1.017640460895279;-0.1356174161313347;7.59057776943323;0.314631325452693;1.0266783384834535
53.7316784;86.8493232;10.0;0.0;0.0071377587437544;-0.9992862241256244;-0.1172631793616804;6.69270617655775;0.1959181967355103;1.0061682555920461
53.7318308;86.8492964;13.0;0.0;0.0346691138982359;-1.0003059039461608;-0.1040073416947078;5.932492767368887;0.1868306896013699;1.0062958690437094
53.7320123;86.8492731;15.0;0.0;0.0193739165901906;-0.986030386458652;-0.0774956663607627;4.492979709903728;0.1544279587504457;0.9892607593392861
53.7321752;86.8492568;17.0;0.0;0.037728153359845;-1.0003059039461608;-0.0693382277964719;3.9624218578666426;0.0858320730192135;1.0034157188620503
53.7323454;86.8492222;16.0;0.0;0.0509839910268175;-0.9941878250229428;-0.0825940654634444;4.74284757098753;0.1434954357798337;0.9989147002695735
53.7325046;86.8491254;15.0;0.0;-0.0448659121035994;-0.9962271846640156;-0.1091057407973896;6.24378499391484;0.2009501608446212;1.00318772730104
53.7326434;86.8489826;14.0;0.0;0.0091771183848271;-1.0013255837666972;-0.0968695829509534;5.525444861137872;0.3454747322631853;1.0060421762076666
53.7327649;86.8488481;12.0;0.0;0.0183542367696543;-1.0135617416131335;-0.1233812582848985;6.939362916440364;0.5028006677536835;1.021208703921588
53.7328571;86.8487611;10.0;0.0;-0.0132558376669725;-0.9931681452024064;-0.1254206179259712;7.196770889452452;0.5663896169184165;1.0011438524397849
53.7329284;86.8486276;10.0;0.0;-0.0020393596410727;-0.979912307535434;-0.1284796573875803;7.469621440793904;0.5553291840358409;0.9883012252393472
53.7330034;86.8484722;10.0;0.0;-0.0040787192821454;-0.9992862241256244;-0.1152238197206077;6.5774520814389135;0.3861143852787322;1.0059155642046889
53.7330525;86.8483165;11.0;0.0;0.0086672784745589;-0.9972468644845518;-0.1019679820536351;5.837955658004416;0.1549115362924414;1.0024838651093173
53.733094;86.8481788;12.0;0.0;0.0142755174875089;-0.9911287855613338;-0.0938105434893443;5.406391931661744;-0.0891313868484803;0.9956608247980768
53.7331212;86.8479244;13.0;0.0;0.0178443968593861;-1.0074436626899157;-0.1029876618741715;5.8359745186183885;-0.3335847577420616;1.0128512301871666
53.7331168;86.8477152;13.0;0.0;-0.0142755174875089;-1.00897318242072;-0.1091057407973896;6.171109103733199;-0.5782834884522378;1.0149555339613054
53.7331181;86.8474861;12.0;0.0;-0.0081574385642908;-0.9850107066381156;-0.0887121443866625;5.146119166857742;-0.7592473419136933;0.9890310816942661
53.7331285;86.8472405;11.0;0.0;-0.0071377587437544;-0.9819516671765066;-0.1203222188232894;6.985659795617867;-0.9815103580730108;0.989321717447446
53.7331467;86.8470283;11.0;0.0;-0.0249821556031406;-0.9727745487916796;-0.1284796573875803;7.521368963817731;-0.9978619794673934;0.9815403472287144
53.7331618;86.846813;11.0;0.0;-0.0254919955134087;-1.0054043030488429;-0.113184460079535;6.421044035369262;-0.9201967932069948;1.012076270064604
53.733178;86.8465988;13.0;0.0;-0.0142755174875089;-1.0003059039461608;-0.1029876618741715;5.877648186579761;-1.0892493023662198;1.0056948594714954
53.7331949;86.8463085;15.0;0.0;-0.0387478331803813;-1.017640460895279;-0.0825940654634444;4.636742632340276;-1.1238119608593962;1.0217217242855856
53.7332196;86.8460004;16.0;0.0;-0.037728153359845;-1.0084633425104517;-0.095849903130417;5.42562324601213;-1.1486303661999768;1.0137104767503426
53.7332306;86.8457298;18.0;0.0;-0.040787192821454;-1.0232486999082289;-0.0836137452839808;4.667798015747743;-1.31480256121386;1.0274691019016335
53.7332721;86.8450545;17.0;0.0;-0.0081574385642908;-0.9931681452024064;-0.07545630671969;4.344574669870891;-1.3638048994020535;0.9960638346373661
53.7332918;86.844767;17.0;0.0;-0.0122361578464362;-0.9839910268175792;-0.0948302233098807;5.504346141907472;-1.5188124161324414;0.9886257308351623
53.7333031;86.8444711;15.0;0.0;-0.0479249515652085;-0.979912307535434;-0.0978892627714897;5.697924445762862;-1.6036705632434038;0.9859549884289305
53.7332923;86.8442043;15.0;0.0;-0.0316100744366268;-0.9931681452024064;-0.0989089425920261;5.6844355222151135;-1.6085666829988046;0.9985815642076264
53.7332857;86.8439417;14.0;0.0;-0.0214132762312633;-0.9972468644845518;-0.0978892627714897;5.604882225926206;-1.5883157114396438;1.0022684993998225
53.7332863;86.8436863;13.0;0.0;-0.0061180789232181;-0.99214846538187;-0.1040073416947078;5.984369639845026;-1.656714789863201;0.9976038970331411
53.7332861;86.8434557;13.0;0.0;0.0081574385642908;-0.9824615070867748;-0.1121647802589986;6.512870566434237;-1.6854073350652907;0.9888771888569867
53.7332806;86.8432454;12.0;0.0;-0.023452635872336;-0.9982665443050882;-0.1070663811563169;6.120026958692048;-1.6461217735555016;1.0042655672590257
53.7332743;86.8430343;13.0;0.0;-0.023452635872336;-1.0074436626899157;-0.0866727847455898;4.915859679458755;-1.5302341816049914;1.0114370624210822
53.7332628;86.8427924;15.0;0.0;-0.0438462322830631;-1.0043846232283062;-0.0795350260018354;4.523389315051898;-1.3907296364223094;1.0084824162195392
53.7332561;86.8424273;18.0;0.0;-0.0438462322830631;-0.9982665443050882;-0.0713775874375446;4.085849981916694;-1.1767970899296103;1.0017750972911272
53.7332657;86.8417457;20.0;0.0;-0.0367084735393086;-1.0135617416131335;-0.0713775874375446;4.025633020231747;-1.2325662236704422;1.01673481108883
53.7332732;86.8413692;21.0;0.0;-0.020393596410727;-1.020699500356888;-0.0601611094116447;3.3724998108978497;-1.0597900254111374;1.0226743019598197
53.733291;86.8409774;21.0;0.0;-0.0469052717446721;-0.9952075048434792;-0.0672988681553992;3.8643433428971568;-1.0060000524870265;0.9985826054309294
53.7333367;86.8406391;20.0;0.0;-0.0142755174875089;-1.012542061792597;-0.0795350260018354;4.490908154723262;-0.8410041859549939;1.0157613093930349
53.7334025;86.8402953;19.0;0.0;-0.0122361578464362;-0.9819516671765066;-0.0703579076170082;4.097984189080928;-0.6362494003405067;0.9845450905843811
53.7334912;86.84;19.0;0.0;-0.0178443968593861;-1.01458142143367;-0.0734169470786173;4.138174620066025;-0.6326485681296203;1.017390746633753
53.7335872;86.839712;19.0;0.0;-0.0040787192821454;-1.012542061792597;-0.0764759865402263;4.319240117580312;-0.5808072329005164;1.0154342122301607
53.7336918;86.8394326;19.0;0.0;0.0101967982053635;-0.9880697460997246;-0.0764759865402263;4.425599314303062;-0.5751980691281874;0.9910773806159214
53.7338171;86.8391739;19.0;0.0;0.0219231161415315;-1.011522381972061;-0.0723972672580809;4.09286802969275;-0.5475305714344096;1.0143468423365969
53.7339337;86.8389577;18.0;0.0;0.0224329560517997;-1.0166207810747423;-0.0825940654634444;4.643596164708173;-0.5734538610986963;1.0202170502790182
53.7340608;86.8386752;16.0;0.0;-0.0091771183848271;-0.9931681452024064;-0.0999286224125624;5.745293059825651;-0.5816424527259503;0.9982248813388243
53.7341315;86.8384131;18.0;0.0;-0.0163148771285816;-1.00336494340777;-0.0734169470786173;4.184364968521628;-0.5633547812696318;1.0061796226289532
53.734167;86.8380902;21.0;0.0;-0.0305903946160905;-1.0074436626899157;-0.0576119098603038;3.27146067500612;-0.5745876928349452;1.0095531872539418
53.7341984;86.8376608;24.0;0.0;0.0367084735393086;-1.047211175690833;-0.0346691138982359;1.8949862141872744;-0.5792658463836224;1.0484277304515806
53.7342279;86.8372039;26.0;0.0;-0.0367084735393086;-0.9880697460997248;-0.0601611094116447;3.4818997984014604;-0.5240194384289023;0.990579978736094
53.7342387;86.8368051;25.0;0.0;-0.0142755174875089;-1.0186601407158151;-0.0764759865402263;4.293010768399797;-0.4481054106289847;1.0216265703279264
53.7342793;86.8363337;25.0;0.0;-0.0214132762312633;-1.0400734169470789;-0.061180789232181;3.365749050082669;-0.5270048849198049;1.0420913251774055
53.7345026;86.8355842;26.0;0.0;-0.0387478331803813;-0.9635974304068522;-0.0479249515652085;2.8449897837649103;-0.4739413491560285;0.9655662605152433
53.7347057;86.8352753;29.0;0.0;-0.023452635872336;-0.954420312022025;-0.0428265524625267;2.568466736420395;-0.4033632132970038;0.9556684946807682
53.734953;86.8348826;33.0;0.0;-0.0367084735393086;-1.00336494340777;-0.0316100744366268;1.8032475326891104;-0.4467561506345059;1.0045336821108353
53.7352795;86.8343899;32.0;0.0;-0.020393596410727;-1.020699500356888;-0.0040787192821454;0.2289072602687018;-0.5900683627773826;1.0209113598909294
53.7354999;86.8340471;30.0;0.0;-0.0101967982053635;-1.0074436626899157;-0.0122361578464362;0.6958303021406285;-0.5522732940981564;1.0075695667032407
53.7356996;86.833658;28.0;60.0;0.037728153359845;-0.9758335882532884;0.0061180789232181;-0.3589483129574071;-0.2928243744477193;0.9765818124504179
53.7358416;86.8332624;26.0;60.0;0.0214132762312633;-1.0166207810747423;-0.0295707147955541;1.6657383034900322;-0.1098172464757947;1.0172761513401833
53.7358607;86.8328463;21.0;60.0;0.023452635872336;-1.0339553380238604;-0.0917711838482716;5.070835387434512;-0.088834277253704;1.0382849403426349
53.7358263;86.8325047;18.0;60.0;0.0152951973080452;-1.0196798205363515;-0.0836137452839808;4.687240912505624;-0.0826725185491317;1.0232165645014513
53.7357816;86.8322296;17.0;0.0;0.0081574385642908;-1.00336494340777;-0.0774956663607627;4.416370290982188;-0.0358285240955046;1.0063862736386593
53.7357497;86.8318905;20.0;0.0;-0.0122361578464362;-0.986030386458652;-0.0509839910268175;2.959689812683932;0.1492110531816671;0.9874234218002246
53.7356912;86.8314992;26.0;0.0;-0.0122361578464362;-0.9992862241256244;-0.0520036708473539;2.9788088528693977;0.0405910795003242;1.0007132771516978
53.7356192;86.8310432;30.0;0.0;-0.0010196798205363;-1.0003059039461608;-0.037728153359845;2.1599779430015986;-0.0368256528348417;1.001017659570712
53.735575;86.8305382;33.0;0.0;-0.020393596410727;-1.0013255837666972;-0.0214132762312633;1.224825510236137;-0.1895720252866505;1.00176212340018
53.7355282;86.8299282;35.0;0.0;-0.0367084735393086;-1.0370143774854697;-0.0601611094116447;3.3181488587264267;-0.5320204608776011;1.0394064124426028
53.7354619;86.8291451;36.0;0.0;-0.0152951973080452;-0.9931681452024064;-0.0428265524625267;2.468837869657038;-0.8498160399223619;0.9942087413120575
53.7353967;86.8285167;37.0;0.0;0.0326297542571632;-0.9931681452024064;0.0061180789232181;-0.3527566229578782;-1.1940142276863877;0.993722846873001
53.7353299;86.8278611;36.0;30.0;0.0020393596410727;-0.979912307535434;0.0101967982053635;-0.596187175449874;-1.4675511378211097;0.9799674811649648
53.7352398;86.827259;36.0;0.0;-0.0540430304884266;-0.9722647088814113;0.0122361578464362;-0.7199302929351804;-1.6918575123929245;0.9738424086265043
53.7351396;86.8264932;36.0;0.0;-0.0356887937187723;-1.0461914958702967;0.003059039461609;-0.1674336491392516;-1.5201283762662643;1.046804515538053
53.7350826;86.8256938;34.0;0.0;-0.0142755174875089;-1.0003059039461608;0.0040787192821454;-0.2335968537436967;-1.4399188235780096;1.0004160773498518
53.7350163;86.8250899;35.0;0.0;-0.0203935964107269;-1.0079535026001831;-0.0214132762312633;1.2167772584739276;-1.3923429080049;1.0083871729536713
53.7349134;86.8243726;35.0;0.0;-0.0642398286937901;-1.01458142143367;0.0295707147955541;-1.6661201274954676;-1.3197230344394428;1.0170430883116475
53.7347801;86.8236505;34.0;0.0;-0.0520036708473539;-0.9870500662791885;0.0101967982053635;-0.5910577889504338;-1.358820846640128;0.9884716434056119
53.7346673;86.8230769;34.0;0.0;-0.040787192821454;-1.011522381972061;-0.0091771183848271;0.5193842769846039;-1.3191024128899644;1.0123859658403684
53.7345743;86.8225743;33.0;0.0;-0.0397675130009177;-0.99214846538187;0.0152951973080452;-0.8825069202454852;-1.3569700699017615;0.9930629262592425
53.7344977;86.8220113;31.0;0.0;-0.0316100744366268;-1.0186601407158151;-0.0040787192821454;0.2293009325664529;-1.2111316107439247;1.0191586309500773
53.734434;86.8213076;31.0;0.0;0.0040787192821454;-1.015601101254206;0.0132558376669725;-0.7477879870071664;-1.3469084040756194;1.0156957960196507
53.7343635;86.8206483;30.0;0.0;0.0142755174875089;-1.006423982869379;0.0112164780258998;-0.638464130855911;-1.2669937341557846;1.0065877175256541
53.734259;86.8201598;30.0;30.0;0.0142755174875088;-1.018150300805547;0.0458855919241357;-2.580184002950325;-1.1228384539241738;1.019283725454395
53.7340338;86.8196786;29.0;30.0;0.0112164780258998;-0.9962271846640156;0.0091771183848271;-0.5277530730882692;-0.9122127748596388;0.9963325912288252
53.7337524;86.8194228;26.0;30.0;0.0122361578464362;-1.011522381972061;0.040787192821454;-2.308894045567732;-0.6002810392889233;1.0124183166495602
53.7334836;86.8193332;23.0;30.0;-0.0601611094116447;-1.0298766187417152;0.0591414295911083;-3.281061905545658;-0.7468876718162504;1.0333261429048373
53.7332471;86.8193015;23.0;30.0;-0.0458855919241358;-0.99214846538187;-0.0193739165901906;1.117491811786513;-1.0723896502944978;0.9933979129985484
53.7329834;86.8192682;28.0;30.0;-0.0305903946160905;-1.0533292546140511;0.0193739165901906;-1.0532801935268583;-1.2661813414099703;1.0539514407754298
53.7326762;86.819089;35.0;30.0;-0.037728153359845;-1.021209340267156;0.0295707147955541;-1.6574953573698292;-1.198768353753653;1.0223337798284589
53.7323586;86.8188482;33.0;30.0;0.003059039461609;-1.012542061792597;0.0316100744366268;-1.7881010957160235;-1.497842175434247;1.0130399703010342
53.7319693;86.8185613;34.0;0.0;-0.0346691138982359;-1.015601101254206;0.0193739165901906;-1.0922231785597334;-1.78574176650875;1.0163773378875036
53.7315808;86.8182752;33.0;0.0;-0.0071377587437544;-1.0003059039461608;0.0275313551544814;-1.576509940809265;-1.9382441015259908;1.0007101601293313
53.7312535;86.8180247;33.0;0.0;-0.0530233506678902;-1.0329356582033242;0.0224329560517997;-1.2424998413170685;-1.857630077741589;1.0345389249425112
53.730948;86.8178216;31.0;0.0;0.023452635872336;-0.986030386458652;0.0061180789232181;-0.355401313471258;-1.8652711473563413;0.9863282313909857
53.7306576;86.817608;31.0;0.0;-0.0601611094116447;-1.0003059039461608;-0.0479249515652085;2.738020399583258;-1.8821888186646576;1.0032587211371318
53.7303598;86.8173358;32.0;30.0;-0.0795350260018354;-1.0003059039461608;0.0356887937187723;-2.036902219035228;-2.202111772742547;1.0040973119313483
53.7300965;86.8170469;31.0;30.0;-0.0571020699500356;-1.0186601407158151;0.0122361578464362;-0.6871258720292542;-2.5149069432848834;1.0203327164384106
53.7298716;86.8166428;31.0;30.0;-0.116243499541144;-0.9228102375853982;0.0091771183848271;-0.5653064037592592;-2.6269896739705985;0.9301481093244451
53.7295149;86.8155693;31.0;30.0;-0.058121749770572;-0.9381054348934434;0.0489446313857448;-2.980931491353422;-2.8216867229672866;0.9411777312040994
53.7293934;86.8150894;30.0;30.0;0.0122361578464362;-0.9401447945345162;0.0081574385642908;-0.4970888492851102;-3.1732378609352883;0.9402598056139169
53.7292646;86.8146278;31.0;30.0;0.0091771183848271;-0.9829713469970428;0.0112164780258998;-0.653733154095198;-3.5407877602234783;0.9830781748662389
53.7291313;86.8140849;34.0;30.0;-0.0764759865402263;-1.0257978994595698;-0.0142755174875089;0.7950990293523423;-3.7778373909927647;1.0287437472240124
53.7290127;86.8135823;35.0;30.0;-0.0122361578464361;-1.0089731824207198;0.0392576730906495;-2.22800750503925;-3.993344886014681;1.0098107601424784
53.7288498;86.8128818;30.0;30.0;-0.0081574385642908;-0.9534006322014889;0.011726317936168;-0.7046461267874657;-3.65551802230716;0.9535076380493598
53.7287233;86.8123969;29.0;30.0;-0.046395431834404;-1.0370143774854697;0.0214132762312633;-1.181748808164513;-3.7852361007773463;1.0382725478435966
53.7286361;86.8119001;26.0;30.0;-0.1468338941572346;-0.9982665443050882;0.0020393596410727;-0.1158034331512022;-4.151327104382215;1.0090096357022296
53.7286928;86.8114704;25.0;30.0;-0.1590700520036708;-1.020699500356888;0.003059039461609;-0.1696670953118693;-4.204069582602642;1.0330247379398418
53.72888;86.8112224;23.0;0.0;-0.1549913327215254;-1.017640460895279;-0.023452635872336;1.305164447599314;-3.715000233225079;1.0296428735242675
53.7291103;86.8111199;25.0;0.0;-0.0499643112062812;-1.0043846232283062;-0.0448659121035994;2.5545503506275726;-3.340360188980956;1.0066269685641611
53.7293851;86.8109851;30.0;0.0;-0.0295707147955541;-1.0339553380238604;-0.0285510349750178;1.5810838837077488;-2.892160377405815;1.0347720665923004
53.7296761;86.8108665;31.0;0.0;-0.0744366268991536;-1.0054043030488429;-0.0112164780258998;0.63743141401527;-2.308031100380041;1.008218445274911
53.7299848;86.8107144;32.0;60.0;-0.0254919955134087;-1.0084633425104517;0.0254919955134087;-1.4475554999515836;-2.223230646060674;1.009107524923813
53.7302992;86.810568;33.0;60.0;-0.0275313551544814;-0.9778729478943612;-0.0183542367696543;1.0748640095757802;-2.0481623146633567;0.9784326015355614
53.730633;86.8104154;30.0;60.0;0.0010196798205363;-0.9982665443050882;0.0489446313857448;-2.8069411866501435;-1.698951387945258;0.9994662126191388
53.7309362;86.8102578;29.0;60.0;-0.0010196798205363;-1.0003059039461608;0.0101967982053635;-0.5840343049496243;-1.1996032862322583;1.000358393732028
53.7311928;86.8100792;28.0;60.0;0.0081574385642908;-1.0400734169470789;-0.0214132762312633;1.1794160968785916;-0.960684470041157;1.0403258070637578
53.7314511;86.8097999;29.0;60.0;-0.1070663811563169;-0.9115937595594984;0.0183542367696543;-1.1455783368342238;-0.3985666902629409;0.9180431746106099
53.7316465;86.8094577;26.0;60.0;0.0;-1.0084633425104517;-0.0734169470786173;4.163833415590438;0.1953668219185974;1.0111322175193989
53.7317883;86.8090875;21.0;60.0;0.1611094116447435;-1.01458142143367;-0.0907515040277353;5.048426354197313;0.4874090872858551;1.031294108740168
53.7318314;86.808721;18.0;60.0;0.078515346181299;-0.9850107066381156;-0.0948302233098807;5.481824559293838;0.6725046182909733;0.9926749332136331
53.7318207;86.8084031;16.0;60.0;0.0285510349750178;-1.0013255837666972;-0.0723972672580809;4.133696493882956;0.5006450450144326;1.0043452845562126
53.7318156;86.8080908;15.0;0.0;0.0071377587437544;-0.9778729478943612;-0.0866727847455898;5.064983381030407;0.3774629957426647;0.9817324591960109
53.7318079;86.8078015;18.0;0.0;-0.0418068726419904;-1.012032221882329;-0.0622004690527174;3.5140398771092216;0.6293227097685263;1.0148033952833253
53.7317812;86.8074932;22.0;0.0;-0.0846334251045171;-1.012032221882329;-0.0387478331803813;2.185001668474292;0.6871628821637595;1.0163038076034054
53.7317715;86.8070739;25.0;0.0;-0.0254919955134087;-0.9702253492403384;0.0428265524625267;-2.526571815354885;0.8778831221554675;0.9715045978993707
53.7317695;86.8066623;21.0;30.0;-0.0091771183848271;-1.0003059039461608;0.0978892627714897;-5.588896722340252;0.8232535824051944;1.005126076040882
53.7317845;86.8062165;21.0;30.0;0.0275313551544814;-1.015601101254206;0.0622004690527174;-3.503417427269198;0.4245498415017754;1.017876451606862
53.7317689;86.8056889;22.0;30.0;0.0081574385642908;-1.0135617416131335;0.0887121443866625;-5.001913511124768;-0.0127326236211144;1.0174693078552584
53.7317344;86.805296;21.0;30.0;0.0183542367696543;-0.987050066279188;0.0504741511165493;-2.92684290008405;-0.2328832344117432;0.9885101675147718
53.7317263;86.8048015;22.0;30.0;-0.0173345569491179;-1.0349750178443968;0.061180789232181;-3.382532490235054;-0.4390601888427023;1.0369266432094915
53.7317298;86.804421;22.0;30.0;-0.0142755174875089;-1.0003059039461608;0.061180789232181;-3.499613667236697;-1.197141451884571;1.00227679851434
53.7317;86.803956;20.0;30.0;0.061180789232181;-1.0105027021515245;0.0887121443866625;-5.008016275132152;-1.6234074983876792;1.0162325740637748
53.7316474;86.8036218;21.0;30.0;-0.020393596410727;-1.012542061792597;0.0897318242071989;-5.063319990337769;-1.439449059422918;1.016714869542744
53.7315048;86.8029928;23.0;30.0;0.0438462322830631;-1.0135617416131335;0.0652595085143265;-3.680546341877121;-1.2975183752869142;1.0166064625010016
53.7314094;86.8026158;23.0;30.0;-0.0122361578464362;-1.00336494340777;0.078515346181299;-4.474061932529335;-1.2882177540772637;1.0065066282963513
53.7312992;86.8022752;22.0;30.0;-0.0774956663607627;-1.0003059039461608;0.037728153359845;-2.153532186752169;-1.02128402416576;1.0040123970002504
53.7312081;86.8019025;23.0;30.0;-0.0254919955134087;-0.9941878250229428;0.040787192821454;-2.3485076115697696;-1.251469741753671;0.9953506258386335
53.7311024;86.8014896;27.0;30.0;-0.1651881309268889;-1.012542061792597;0.0152951973080452;-0.8541390962789728;-1.7775536975073432;1.0260421475548724
53.7310999;86.8010263;27.0;0.0;-0.092790863668808;-0.9564596716630978;-0.023452635872336;1.3980645245632268;-1.7226000511475257;0.9612363257948819
53.731201;86.8005898;27.0;0.0;-0.0152951973080452;-0.9952075048434792;-0.0356887937187723;2.0535418434212342;-1.6460621789936545;0.9959646634065773
53.731449;86.7996602;28.0;30.0;0.0316100744366268;-1.0084633425104517;0.0132558376669725;-0.7527165508399565;-1.4664300966247947;1.0090457012571308
53.7314404;86.7991396;33.0;0.0;-0.0305903946160905;-0.9809319873559702;-0.020393596410727;1.190430329339425;-1.5168823256601671;0.9816207184220721
53.7314222;86.7985582;35.0;0.0;-0.0295707147955541;-1.026817579280106;0.0275313551544814;-1.5352282631581389;-1.4621842913190073;1.0276121563161944
53.7314311;86.7979271;35.0;0.0;0.0010196798205363;-1.0247782196390334;-0.0489446313857448;2.734435550571891;-1.470642088516798;1.0259468875799418
53.7314264;86.7972824;37.0;0.0;-0.0010196798205363;-1.011522381972061;-0.0010196798205363;0.0577577933401716;-1.5088962622552708;1.0115234098745836
53.73143;86.796646;35.0;30.0;0.0010196798205363;-1.0227388599979603;-0.0071377587437544;0.3998641533056768;-1.4379176978357204;1.0227642754304376
53.7314147;86.7960419;31.0;30.0;-0.0127459977567044;-0.9952075048434792;-0.0005098399102682;0.0293499364743511;-1.5525951882401083;0.995289253479777
53.731402;86.7953892;29.0;30.0;0.0086672784745589;-0.9911287855613338;0.0265116753339451;-1.5321792271337953;-1.3381320951697226;0.9915211849544378
53.7313481;86.7947977;25.0;30.0;-0.0876924645661262;-1.0003059039461608;-0.003059039461609;0.1745464747850902;-1.2630866053730692;1.0041470149005347
53.7313064;86.794372;20.0;30.0;0.0142755174875089;-1.047211175690833;0.0275313551544814;-1.5058287870639837;-1.3229612364003098;1.047670278478852
53.7312217;86.7941337;15.0;0.0;0.0683185479759355;-0.9839910268175792;-0.020393596410727;1.184456707409157;-1.1779180162130805;0.9865706582042757
53.7310901;86.7940533;18.0;0.0;-0.0622004690527174;-0.9839910268175792;-0.07545630671969;4.376383193863196;-1.5079861656266942;0.9888381533050128
53.7308907;86.7939051;21.0;0.0;-0.07545630671969;-1.023758539818497;-0.0652595085143265;3.6375452368555776;-1.7152567350489825;1.0286077996625382
53.730711;86.7937254;22.0;0.0;-0.0825940654634444;-1.0013255837666972;-0.07545630671969;4.294928521528365;-1.6596679980477052;1.0075556354759139
53.7305489;86.7934353;23.0;0.0;-0.0285510349750178;-1.0084633425104517;-0.0530233506678902;3.0085435393608884;-1.339334040121706;1.010259843060956
53.7303848;86.7931432;25.0;0.0;-0.0428265524625267;-1.0135617416131335;-0.113184460079535;6.3661886675592445;-1.3044449061832557;1.0207606181966318
53.7302295;86.7927575;27.0;0.0;-0.058121749770572;-1.0054043030488429;-0.0591414295911083;3.36086237760967;-1.2501047488997328;1.0088179514062994
53.7300775;86.7924007;23.0;0.0;-0.0509839910268175;-0.962577750586316;-0.0632201488732537;3.75242863729763;-0.9715493592892608;0.9659979712651527
53.729974;86.7920156;18.0;0.0;0.0081574385642908;-0.9850107066381156;-0.0805547058223717;4.675115773193442;-0.7292103102342946;0.9883327863760156
53.7298988;86.7917868;16.0;30.0;0.0193739165901906;-0.986030386458652;-0.1009483022330988;5.844369070213224;-0.4758779596215486;0.9913737092477223
53.7298148;86.7915748;15.0;30.0;0.0112164780258998;-1.0043846232283062;-0.095849903130417;5.45097406827643;-0.2130719408582731;1.009010150933519
53.7297409;86.7913217;15.0;30.0;0.0346691138982359;-1.00336494340777;-0.0744366268991536;4.240307896284941;0.1485838357961;1.0067194090422067
53.7296293;86.7910309;17.0;0.0;0.0265116753339451;-1.0196798205363515;-0.0836137452839808;4.686189239999629;0.2605409622914462;1.0234456818700606
53.7294998;86.790799;19.0;0.0;0.0214132762312633;-1.0135617416131335;-0.0652595085143264;3.6831595087265128;0.5608463416008511;1.0158861825580345
53.7293473;86.7904929;22.0;0.0;0.0214132762312633;-0.9850107066381156;-0.0591414295911083;3.435184665847117;0.9178147611781688;0.9870168839917361
53.7291479;86.7902423;28.0;0.0;0.0198837565004588;-1.0003059039461608;-0.0331395941674314;1.8971097378483124;0.954722280305222;1.0010521954142537
53.7289046;86.7899222;31.0;0.0;0.0132558376669725;-1.01458142143367;-0.0275313551544814;1.5542458150691647;0.9770390923350044;1.0150414540634591
53.7285456;86.7895632;34.0;0.0;-0.0122361578464362;-1.011522381972061;-0.0112164780258998;0.6352637522960164;0.7048523882302218;1.0116585699575624
53.7282026;86.7893226;35.0;30.0;0.0254919955134087;-1.0431324564086877;0.0346691138982359;-1.902990128688047;0.6888752656458892;1.044019688946031
53.7277774;86.7891278;31.0;30.0;0.0254919955134087;-0.9901091057407974;0.0214132762312633;-1.2385431653727883;0.5998170736022179;0.9906686688823129
53.7274575;86.7891151;29.0;30.0;-0.0112164780258998;-1.008463342510452;0.0122361578464362;-0.6951194131182296;0.4009342047472438;1.0085999435482345
53.7270797;86.7890957;28.0;30.0;0.0020393596410727;-1.0054043030488429;0.0387478331803813;-2.2070569568559986;0.262352184387497;1.0061527548802167
53.7266127;86.7890639;33.0;30.0;0.0081574385642908;-1.0186601407158151;0.0876924645661262;-4.920082027550732;0.0277362504843937;1.0224602654522943
53.7261698;86.7890562;33.0;30.0;-0.0050983991026817;-1.0054043030488429;0.0326297542571632;-1.8588215838896935;-0.0866860123301946;1.0059465726992773
53.7258391;86.7890327;33.0;30.0;-0.0132558376669725;-1.009483022330988;0.0336494340776996;-1.908987977157494;-0.2799478979186535;1.010130671755149
53.7255217;86.7890481;30.0;30.0;-0.0571020699500356;-1.0808606097685327;-0.0152951973080452;0.8096063397761647;-0.4916137276102297;1.082475979965595
53.7252218;86.7891578;29.0;30.0;-0.0356887937187723;-1.0196798205363515;-0.0142755174875089;0.8015977485592163;-0.5975461832756302;1.020404045859131
53.7249337;86.7893049;28.0;30.0;0.023452635872336;-1.060976853268074;-0.0305903946160905;1.6511080121120518;-0.8126119163339538;1.061676825377079
53.7246827;86.7895403;23.0;30.0;0.0020393596410727;-1.0217191801774244;-0.0469052717446721;2.6284944005332034;-0.8544387062150844;1.022797314548496
53.724487;86.789831;25.0;30.0;-0.0275313551544814;-0.974813908432752;-0.0326297542571632;1.91637099686139;-0.992415882744294;0.9757483448376753
53.7242952;86.7901512;27.0;30.0;0.0316100744366268;-1.0298766187417152;-0.0316100744366268;1.7572044245962983;-1.3738856186042456;1.0308463723769155
53.7241025;86.7905729;29.0;0.0;-0.0101967982053635;-1.009483022330988;-0.0061180789232181;0.3472251842082067;-1.4917996418900608;1.009553058515429
53.7239257;86.7909593;30.0;0.0;-0.0183542367696543;-0.99214846538187;-0.0254919955134087;1.4715668297588165;-1.5719097596459222;0.9926456050385011
53.7237444;86.7913668;32.0;0.0;-0.0265116753339451;-0.9992862241256244;0.0132558376669725;-0.7597341781727952;-1.5069030144780842;0.9997257343334287
53.7235467;86.7917835;28.0;0.0;-0.0795350260018354;-0.9778729478943612;0.040787192821454;-2.380577009270279;-1.8211685692545856;0.9819495494591232
53.7233629;86.7921629;22.0;0.0;-0.0163148771285816;-1.0054043030488429;0.0122361578464362;-0.6971855162417481;-1.90532805935016;1.005611113385136
53.723241;86.7924506;20.0;60.0;-0.0469052717446721;-0.9737942286122158;0.0091771183848271;-0.539319000670051;-1.6892232445763908;0.9749664218309013
53.7231484;86.792742;19.0;60.0;-0.040787192821454;-1.0166207810747423;0.0244723156928724;-1.3778620411768852;-1.3114827809985048;1.017732922650459
53.723022;86.7930252;21.0;60.0;-0.0071377587437544;-0.963087590496584;0.0152951973080452;-0.9098367935612356;-1.0675723558249888;0.9632354839960434
53.7227568;86.7936816;25.0;60.0;-0.040787192821454;-0.9824615070867748;0.0356887937187723;-2.0786167955967767;-0.9239457286663848;0.98395523170649
53.7226201;86.7940825;25.0;60.0;-0.0050983991026817;-0.92790863668808;0.0173345569491179;-1.0702200757141274;-0.6714741489657093;0.92808454279681
53.7224799;86.7944031;23.0;60.0;-0.0530233506678902;-0.9809319873559702;0.0540430304884266;-3.148852621287516;-0.1145544425774919;0.9838494237832109
53.722324;86.7946824;19.0;60.0;-0.023452635872336;-1.0329356582033242;0.0825940654634444;-4.5705002963808505;0.3136538920606377;1.036497891829537
53.7222046;86.7948958;14.0;60.0;0.0734169470786173;-1.0135617416131335;0.0846334251045171;-4.760766806223601;0.9412952301804204;1.0197353915723013
53.7220819;86.7949779;14.0;60.0;-0.0152951973080452;-1.0354848577546651;0.0326297542571632;-1.804686023088661;1.4869834288209545;1.0361117384542915
53.7219154;86.7950674;18.0;60.0;0.023452635872336;-1.0074436626899157;0.0591414295911083;-3.3587536971654397;1.5928634313216;1.0094505774516713
53.7217087;86.7951167;19.0;60.0;0.003059039461609;-1.009483022330988;0.0489446313857448;-2.7757907240676434;1.8222697200392128;1.0106734918055484
53.7215388;86.7951516;18.0;60.0;0.1213418986438258;-1.012542061792597;0.0917711838482716;-5.14222754735914;2.022444556398513;1.0239078246847249
53.7213705;86.7951113;17.0;60.0;0.1029876618741715;-0.9595187111247068;0.0173345569491179;-1.0290771316925589;1.3929077257652291;0.9651855274305294
53.7211908;86.7950596;16.0;60.0;0.0530233506678902;-0.9615580707657796;0.0438462322830631;-2.6068754218824965;1.4428266474638418;0.9640165409661176
53.7210197;86.7950165;18.0;60.0;0.0061180789232181;-1.012542061792597;0.1233812582848985;-6.9472850778078135;1.520860624452045;1.020049897154487
53.7208537;86.7949785;18.0;60.0;0.0489446313857448;-1.0135617416131335;0.0907515040277353;-5.110537801908962;1.205145581875113;1.0187928231424832
53.7206682;86.7948954;18.0;60.0;0.043846232283063;-0.974813908432752;0.0693382277964718;-4.064484082970079;0.9968161255005392;0.9782599030898248
53.720435;86.7947902;18.0;60.0;0.0244723156928724;-1.0625063729988784;0.0744366268991536;-4.006396923166251;0.9572285612656848;1.0653917112136395
53.720068;86.7947048;20.0;60.0;-0.020393596410727;-1.017640460895279;0.0953400632201488;-5.351199934468705;0.6862039428985389;1.0223002171967595
53.7198842;86.7946746;15.0;60.0;-0.0025491995513408;-0.9911287855613338;0.0244723156928724;-1.414418534931056;0.1631153129845154;0.9914341441679364
53.7197225;86.7945897;13.0;60.0;-0.1152238197206077;-0.9126134393800348;0.0356887937187723;-2.2218547447729424;-0.3661806003347574;0.9205506549697114
53.7195966;86.7945406;14.0;60.0;-0.078515346181299;-1.00336494340777;0.0183542367696543;-1.0447834358488073;-0.5682664481925568;1.00659959629092
53.7194807;86.7944247;12.0;60.0;0.0122361578464362;-1.0074436626899157;-0.0244723156928724;1.3914240657869748;-1.0184517700361804;1.0078151374574045
53.7193551;86.7943759;12.0;60.0;-0.0448659121035994;-1.0421127765881513;0.0132558376669725;-0.7280975850286446;-1.3574641893182204;1.0431623586141359
53.7192389;86.7943365;10.0;60.0;-0.0713775874375446;-1.052309574793515;0.0938105434893443;-5.082679090937883;-1.7768633852118163;1.0588912216371797
53.719136;86.7942848;11.0;60.0;0.1294993372081166;-0.9809319873559702;0.0050983991026817;-0.295230889405826;-1.6342489033490588;0.9894562323968075
53.719018;86.794218;15.0;0.0;-0.011726317936168;-0.9788926277148976;-0.0438462322830631;2.56447547165367;-1.5548535923780096;0.9799442714829949
53.7188252;86.7942044;15.0;0.0;-0.0836137452839808;-0.9972468644845518;-0.0050983991026817;0.2918964672942153;-1.4114767454751649;1.0007589923643427
53.7186877;86.7940925;15.0;30.0;0.0173345569491179;-0.9992862241256244;-0.0683185479759355;3.910487941277749;-1.5823187169425426;1.0017688698444418
53.7184768;86.7939584;20.0;30.0;0.0112164780258998;-1.0308962985622514;-0.0163148771285816;0.9066287886395316;-1.57134002535687;1.0310863993790127
53.7182034;86.7939922;22.0;30.0;-0.1040073416947078;-0.9911287855613338;-0.0550627103089629;3.162500541151764;-1.4502222841835166;0.9980910272922269
53.7180115;86.7939795;18.0;0.0;-0.0316100744366268;-1.0084633425104517;0.0275313551544814;-1.5630364644390138;-1.6463080729053636;1.0093341793033088
53.7178599;86.7938279;12.0;0.0;-0.0224329560517997;-0.9809319873559702;-0.003059039461609;0.1786297832930627;-1.461299035863731;0.9811932322727175
53.7177845;86.7936501;5.0;30.0;-0.0112164780258998;-1.0043846232283062;0.0040787192821454;-0.23265743017243;-1.1156176683763204;1.0044555324690858
53.71777475;86.79358915;0.0;30.0;-0.0152951973080452;-1.008463342510452;-0.0458855919241358;2.604890912291492;-1.204402880893717;1.009622574923062
53.7177733;86.7936133;0.0;30.0;-0.0203935964107269;-1.0082084225553176;-0.0463954318344039;2.634223088694238;-1.236157141057649;1.0094813807996394
53.71776835;86.79358275;0.0;0.0;-0.0219231161415315;-1.003874783318038;-0.0433363923727949;2.4712852154672333;-1.1258448016268194;1.005048877670674
53.71776315;86.79357755000001;0.0;0.0;-0.0173345569491179;-1.0048944631385746;-0.0443560721933312;2.5270214288871906;-1.2020203665122011;1.0060222810910333
53.7177636;86.7935012;9.0;0.0;-0.0662791883348628;-1.006423982869379;-0.0397675130009177;2.257903884885041;-1.380354819937814;1.0093877447201698
53.7177741;86.7932813;14.0;0.0;-0.0254919955134087;-0.9992862241256244;-0.020393596410727;1.1687591982693533;-0.8301126750434594;0.9998193328482236
53.7178251;86.7930507;16.0;30.0;-0.0759661466299581;-1.0189150606709494;-0.0193739165901906;1.0862914123539382;-1.1034755502455371;1.0219266631906285
53.7179437;86.7927853;14.0;0.0;-0.0163148771285816;-0.9758335882532884;-0.0836137452839808;4.896713354392942;-1.6137960442403017;0.9795451115591478
53.7181108;86.7926452;14.0;90.0;-0.0112164780258998;-1.0706638115631693;-0.0836137452839808;4.46522013818968;-1.944765846898461;1.0739823393197365
53.7182711;86.7926007;11.0;90.0;-0.0183542367696543;-0.9635974304068522;-0.0560823901294993;3.330314656576558;-2.225045581008138;0.9654025690750581
53.7185259;86.7928043;11.0;90.0;0.1080860609768532;-1.026817579280106;-0.0948302233098807;5.247670126961109;-2.7537047744016183;1.036836394494884
53.718714;86.7927108;8.0;0.0;-0.0254919955134087;-1.026817579280106;-0.0866727847455898;4.823370900032751;-3.18984617725582;1.0307843395053438
53.7187278;86.792571;6.0;0.0;-0.0601611094116447;-0.9982665443050882;-0.0632201488732538;3.617153075360804;-3.561456710202453;1.002073969219847
53.718708;86.7925;1.0;0.0;-0.0805547058223717;-1.015601101254206;-0.0367084735393086;2.0635553101248507;-4.051562804052308;1.0194518966231174
53.7187063;86.7925239;1.0;0.0;-0.1040073416947078;-1.0043846232283062;-0.0326297542571632;1.8508411447314932;-4.495835446377727;1.0102824849351537
53.7187077;86.7924997;2.0;0.0;-0.0836137452839808;-0.968695829509534;-0.0428265524625267;2.522062545839105;-4.873836452484763;0.9732404544126823
53.718706;86.7925236;2.0;60.0;-0.1080860609768532;-1.041093096767615;-0.0244723156928724;1.3393713535726022;-5.1651276376795465;1.0469748454237315
53.7186922;86.7925354;5.0;60.0;-0.1412256551442847;-1.009483022330988;-0.0336494340776996;1.890752999346474;-5.349270817268198;1.0198690810389281
53.7186796;86.7926252;6.0;60.0;-0.1957785255429795;-1.0135617416131335;0.0122361578464362;-0.6791141718070801;-5.405827806556843;1.0323692937531967
53.7186853;86.7926821;2.0;60.0;-0.0734169470786173;-1.009483022330988;0.0662791883348628;-3.746585584256636;-5.31436042085161;1.0143169875828655
53.7186985;86.7927209;2.0;60.0;-0.0825940654634444;-1.0013255837666972;0.040787192821454;-2.324664741018581;-5.0544304754586165;1.0055537277807443
53.7187103;86.7926559;1.0;60.0;-0.0367084735393086;-1.0003059039461608;0.1152238197206077;-6.56647878472943;-4.605599785683987;1.0075891732894606
53.7187135;86.7926591;3.0;60.0;-0.0305903946160905;-1.015601101254206;0.1733455694911797;-9.681752183261706;-3.9474301668338505;1.030742477815747
53.7187429;86.7927141;1.0;60.0;-0.0662791883348628;-0.9992862241256244;0.1244009381054349;-7.08083223914031;-3.05948343421433;1.009178617458321
53.7187413;86.7927381;4.0;60.0;-0.0275313551544814;-0.9952075048434792;0.1223615784643621;-7.006730328314285;-1.9213214031315493;1.003079413156165
53.7187587;86.7927555;3.0;60.0;-0.0224329560517997;-1.0013255837666972;0.1091057407973896;-6.216942696171523;-0.5125058888916332;1.0075019726521066
53.7260002;86.8454114;1.0;60.0;-0.0275313551544814;-1.0043846232283062;-0.0550627103089629;3.136771381763165;-0.9768895009408112;1.006269521033345
53.7259999;86.8453855;1.0;60.0;-0.0224329560517997;-1.00336494340777;-0.0560823901294993;3.19838155100442;-1.069075738441684;1.0051814172872162
53.7259614;86.8453214;5.0;60.0;-0.040787192821454;-1.009483022330988;-0.0458855919241358;2.6004433898125696;-1.1114904820573266;1.011348137398289
53.7259215;86.8452815;1.0;60.0;-0.0132558376669725;-0.9870500662791885;-0.0805547058223717;4.665239578514131;-1.1084145969085704;0.9904204214393665
53.7259161;86.8452761;1.0;60.0;0.0071377587437544;-1.01458142143367;-0.0474151116549403;2.6756290360364785;-1.0641289481162468;1.0157138382101036
53.7259309;86.8452909;1.0;60.0;0.0122361578464362;-1.0013255837666972;-0.0530233506678902;3.030935480101749;-0.9829144008011876;1.0028031332124017
53.7259371;86.8452971;1.0;60.0;0.0163148771285816;-1.00336494340777;-0.0601611094116447;3.4308571811306026;-0.8690518200842248;1.0052993305284939
53.72594725;86.84530725;1.0;60.0;0.0015295197308044;-1.00336494340777;-0.0565922300397674;3.228197644129547;-0.7268220710861891;1.0049608099777616
53.7259224;86.8452568;5.0;60.0;-0.0693382277964719;-0.9992862241256244;-0.0458855919241358;2.622784396758215;-0.560506018927913;1.0027393654920662
53.7258972;86.845206;4.0;60.0;-0.0101967982053635;-0.9870500662791885;-0.0723972672580809;4.194744735860335;-0.3743845287302276;0.9897540969058067
53.7258703;86.8451535;4.0;60.0;-0.023452635872336;-1.0196798205363515;0.003059039461609;-0.1718413771178467;-0.1727384656139645;1.0199540775254707
53.7258345;86.8450665;4.0;60.0;-0.0010196798205363;-0.9850107066381156;-0.07545630671969;4.3805599588203;0.040151305300044;0.9878971536361628
53.7257804;86.8450124;5.0;60.0;0.0295707147955541;-1.001835423676965;0.0122361578464362;-0.6994563902631754;0.2600039188909674;1.0023464305649854
53.7257196;86.8450028;6.0;60.0;-0.0489446313857448;-1.015601101254206;-0.0050983991026817;0.2872935722849717;0.4825385100379802;1.0167925882320605
53.7256417;86.8449761;8.0;60.0;0.0367084735393086;-0.9788926277148976;0.0795350260018354;-4.641830058129625;0.6681015928241719;0.9828042068414623
53.7255369;86.8449993;9.0;60.0;0.07545630671969;-1.0247782196390334;0.061180789232181;-3.407385676615591;0.8469229628527707;1.0293722080187495
53.7254536;86.8449928;9.0;60.0;0.0061180789232181;-1.0247782196390334;0.0662791883348628;-3.700477291539004;0.9727899481937328;1.0269375643838266
53.725372;86.844988;8.0;60.0;0.0122361578464362;-1.0135617416131335;0.0295707147955541;-1.671011513710258;1.1237645922471675;1.01406683941159
53.7251934;86.844963;10.0;60.0;-0.0091771183848271;-0.9972468644845518;0.0693382277964719;-3.977186674426776;1.2851988039932425;0.9996966130082039
53.7251076;86.844954;7.0;60.0;-0.040787192821454;-0.9442235138166616;-0.0091771183848271;0.5563341247296438;1.696136518593058;0.9451485907752214
53.7250408;86.8450152;7.0;60.0;0.0224329560517997;-1.015601101254206;0.0244723156928724;-1.3800175926270408;1.9650867308265831;1.0161435570928696
53.7249692;86.845046;7.0;60.0;0.1498929336188436;-1.0054043030488429;0.07545630671969;-4.245296111227425;2.097255403181458;1.0193131797253328
53.7249273;86.8450041;3.0;60.0;0.0989089425920261;-0.962577750586316;-0.0693382277964719;4.098615374282924;2.311887258372454;0.9701271538733673
53.724895;86.8449462;5.0;60.0;-0.0249821556031406;-1.0135617416131335;-0.0025491995513408;0.1440600166479539;2.196915927446646;1.0138727783005028
53.7248831;86.84490869999999;5.0;60.0;0.0254919955134087;-1.0031100234526358;-0.0382379932701131;2.182322215349732;2.075800060910725;1.0041621906423923
53.7248816;86.8449072;5.0;60.0;0.0173345569491179;-1.0003059039461608;-0.0367084735393086;2.1013391149193468;2.0594709810199374;1.0011293125085061
53.72487805;86.84492925;5.0;60.0;0.0270215152442132;-1.0043846232283062;-0.0356887937187723;2.0342989948149737;1.6943247472389165;1.0053816805873583
53.7248734;86.8449502;4.0;60.0;0.0244723156928724;-1.0043846232283062;-0.0356887937187723;2.034431156862296;1.0349983152662618;1.0053163957729623
53.7248727;86.8449239;2.0;60.0;0.0244723156928724;-1.0054043030488429;-0.037728153359845;2.148400375690364;0.3917380513678823;1.0064095192218947
53.724839;86.8448902;4.0;60.0;0.0091771183848271;-1.0043846232283062;-0.0978892627714897;5.566345408267846;0.0437382906276622;1.0091853143230245
53.7247873;86.8448129;6.0;60.0;0.0132558376669725;-1.0319159783827878;-0.0142755174875089;0.7925134247612631;-0.940214861483026;1.0320998469496523
53.7247148;86.844766;9.0;60.0;0.0254919955134087;-0.9952075048434792;0.0015295197308045;-0.0880280953317461;-1.744457288282927;0.9955351118683088
53.7246366;86.8446622;10.0;0.0;-0.061180789232181;-1.015601101254206;-0.023452635872336;1.3204672509080595;-2.6651862717196644;1.0177124898364907
53.7245765;86.8444997;10.0;0.0;-0.0326297542571632;-0.9931681452024064;-0.0397675130009177;2.2917241000133064;-3.704332497934312;0.9944994321757802
53.724541;86.8443618;9.0;30.0;-0.0183542367696543;-0.971754868971143;-0.0346691138982359;2.0428999682822826;-4.426061645225394;0.9725463232335049
53.7245086;86.8441502;10.0;30.0;-0.171306209850107;-0.9992862241256244;-0.0938105434893443;5.28640059775984;-4.609890078010821;1.018194084313115
53.7244662;86.8439798;12.0;30.0;-0.0734169470786173;-1.0319159783827878;-0.0571020699500356;3.159317694009858;-4.686949540983462;1.0360990690820204
53.7244328;86.8437672;13.0;30.0;-0.1254206179259712;-0.9809319873559702;-0.0846334251045171;4.891561588917502;-5.055012891253346;0.9925324739594104
53.7243898;86.8435962;13.0;30.0;-0.205975323748343;-1.0043846232283062;-0.0764759865402263;4.265781489317286;-5.194687251069771;1.0281356339938823
53.7243513;86.8433529;12.0;30.0;-0.1091057407973896;-0.99214846538187;-0.0703579076170082;4.03209597908564;-5.327309514591414;1.0006062538275435
53.7243796;86.8431764;12.0;30.0;-0.130519017028653;-0.9615580707657796;-0.078515346181299;4.625856638453583;-5.294311061904362;0.9735470183031238
53.7244605;86.8430781;5.0;30.0;-0.0856531049250535;-1.009483022330988;-0.095849903130417;5.404640418730882;-5.278284746370734;1.0176343305372115
53.7245158;86.8430822;9.0;30.0;-0.15091261343938;-1.0196798205363515;-0.0571020699500356;3.1707496115165896;-5.153630979134926;1.0323672794585892
53.7246071;86.8430967;7.0;0.0;-0.0101967982053635;-1.0028551034975015;-0.020393596410727;1.1649196398193629;-4.7775235270144405;1.0031142667110209
53.7246549;86.8431445;5.0;0.0;-0.0453757520138676;-1.0054043030488429;-0.0652595085143265;3.710020153692324;-4.245674631860836;1.0085413104635252
53.7247085;86.8431981;8.0;0.0;-0.0183542367696543;-1.009483022330988;-0.0938105434893443;5.3083358087742605;-3.642045789539608;1.0139986530817822
53.7248226;86.843261;13.0;0.0;-0.0061180789232181;-1.0003059039461608;-0.0836137452839808;4.778053102311826;-3.1571937681504907;1.0038130257969713
53.7249949;86.8433309;18.0;0.0;-0.0265116753339451;-0.9870500662791885;-0.0764759865402263;4.428797091160511;-2.547536575310032;0.990363205489816
53.7251934;86.843427;20.0;0.0;-0.0224329560517997;-1.0135617416131335;-0.0662791883348628;3.740465619657245;-1.8492857442963104;1.01597419868095
53.7254184;86.8435496;24.0;0.0;-0.037728153359845;-1.0074436626899157;-0.0509839910268175;2.895086458098822;-1.648061889940428;1.009438217223342
53.7256412;86.8436956;26.0;0.0;-0.0418068726419904;-0.9865402263689202;-0.0530233506678902;3.073749548962652;-1.2085452669651704;0.9888482737812683
53.7258946;86.843821;26.0;0.0;-0.0469052717446721;-1.0023452635872334;-0.0652595085143265;3.721027775151388;-0.9559431726014082;1.0055619997815815
53.726147;86.843971;25.0;0.0;-0.0285510349750178;-1.0054043030488429;-0.0723972672580809;4.116998207158286;-1.067291231507868;1.0084117901401748
53.7263591;86.8441575;22.0;0.0;-0.0397675130009177;-1.0319159783827878;-0.0632201488732537;3.5032399250672164;-0.9837184714789724;1.03461530471743
53.726571;86.844267;22.0;0.0;0.0050983991026817;-0.9931681452024064;-0.0795350260018354;4.578537250131243;-1.1363206896909823;0.9963607673324513
53.7267948;86.8444396;24.0;0.0;0.023452635872336;-0.9850107066381156;-0.0713775874375446;4.143453550792005;-1.1692851241111115;0.9878718936732053
53.7270352;86.8446032;26.0;0.0;-0.0254919955134087;-0.9982665443050882;-0.0499643112062812;2.8643919334728105;-1.33789453679978;0.9998411712409109
53.727364;86.844804;29.0;0.0;-0.037728153359845;-0.971754868971143;-0.0520036708473539;3.0609721764328244;-1.3007560376264884;0.9738764401640834
53.7276447;86.8450079;30.0;0.0;-0.0096869582950953;-1.005914142959111;-0.0606709493219129;3.4514105499355554;-1.536789102666253;1.0077887002034682
53.7279933;86.8452541;29.0;0.0;-0.0316100744366268;-1.0186601407158151;-0.058121749770572;3.264020190852741;-1.3607446560475314;1.020806454175054
53.7282538;86.8454634;27.0;0.0;-0.0305903946160905;-1.0186601407158151;-0.0530233506678902;2.978333567354817;-0.9945721916637622;1.020497785515472
53.7285071;86.8456143;24.0;0.0;-0.0224329560517997;-1.015601101254206;-0.0825940654634444;4.64823572778024;-0.6758336795145552;1.0192009684236756
53.7287319;86.8457879;21.0;0.0;-0.0193739165901906;-0.9788926277148976;-0.0662791883348628;3.8727336127788745;-0.4078643364322135;0.9813251530685173
53.7289404;86.8459452;22.0;0.0;-0.0081574385642908;-1.0043846232283062;-0.0723972672580809;4.122683638812255;-0.1091859837825028;1.0070235247936539
53.7291322;86.8460346;22.0;0.0;-0.0112164780258998;-1.023758539818497;-0.0856531049250535;4.782246799225022;0.133510274252976;1.0273966184555547
53.7293617;86.8462129;21.0;0.0;-0.0045885591924135;-0.9901091057407974;-0.0672988681553991;3.888438181030846;0.2828025230677784;0.9924042693385098
53.7295602;86.8463858;20.0;0.0;-0.0050983991026817;-0.9829713469970428;-0.0764759865402263;4.448638095539857;0.4590637298500367;0.9859549884289301
53.7297377;86.8464865;18.0;0.0;0.0254919955134087;-1.006423982869379;-0.0968695829509534;5.496103151984396;0.5922336023733579;1.0113964560107038
53.7298784;86.846576;15.0;0.0;0.0265116753339451;-0.9809319873559702;-0.1040073416947078;6.050214224437171;0.8610112649807903;0.9867866840779447
53.7300042;86.8467018;12.0;0.0;-0.0183542367696543;-0.9952075048434792;-0.1427551748750892;8.161605100120392;1.2647352557989535;1.005561482783523
53.730099;86.8468478;11.0;0.0;0.0428265524625267;-0.9901091057407974;-0.1294993372081166;7.444705014694111;1.566728404379528;0.9994599707862284
53.7301763;86.8469507;11.0;30.0;0.1254206179259712;-0.9972468644845518;-0.1029876618741715;5.850383388141484;1.8030667665294915;1.0103653292861505
53.7302692;86.8471204;12.0;0.0;0.0509839910268175;-0.9941878250229428;-0.1244009381054349;7.122985132350126;2.081503350953269;1.0032369571374373
53.7303917;86.8472941;13.0;0.0;0.0163148771285816;-0.9758335882532884;-0.133578056490262;7.793476816019594;2.267193432501485;0.9850687612317857
53.7304704;86.8474496;12.0;0.0;0.0142755174875089;-0.9931681452024064;-0.1040073416947078;5.977769871076953;2.2573679719882707;0.9987012977716231
53.7305318;86.8476646;12.0;0.0;0.0387478331803813;-1.0008157438564291;-0.1284796573875803;7.309914048333556;2.15396505010682;1.0097725338359635
53.7305791;86.8478399;12.0;0.0;0.0132558376669725;-0.9768532680738248;-0.1091057407973896;6.372429088038055;1.954546791961553;0.9830168295882385
53.7306286;86.848043;14.0;0.0;0.0163148771285816;-0.971754868971143;-0.0173345569491179;1.0218129622332794;1.741603326636217;0.9720463916138296
53.730676;86.8482696;12.0;0.0;0.0326297542571632;-1.006423982869379;0.0479249515652085;-2.724881396959533;1.4611011455409697;1.0080926223021744
53.7307058;86.8484274;9.0;0.0;0.037728153359845;-1.0023452635872336;-0.0061180789232181;0.349468110166524;1.2361617739984427;1.0030737120877087
53.7307291;86.8485531;9.0;0.0;0.0367084735393086;-1.0013255837666972;-0.0520036708473539;2.9709832089028687;1.0170014397595752;1.0033468086942336
53.7307703;86.8486967;11.0;0.0;0.0387478331803813;-1.012542061792597;-0.0999286224125624;5.632220686356946;0.6884357284510136;1.0181986795575069
53.7308471;86.8489015;14.0;0.0;0.023452635872336;-1.0227388599979603;-0.1111451004384623;6.200603217873053;0.4019890919121501;1.0290277135387385
53.7309558;86.849087;13.0;0.0;0.0005098399102681;-1.0135617416131335;-0.1142041399000713;6.428746942314971;0.0211175491417087;1.019975612242223
53.7311468;86.8492524;12.0;0.0;-0.0163148771285816;-0.986030386458652;-0.1488732537983073;8.584650027121581;-0.1493574431861357;0.9973391318563684
53.7312674;86.8493218;11.0;0.0;-0.0270215152442133;-0.9931681452024064;-0.1345977363107984;7.715089028069384;-0.0696724689332979;1.002611428994739
53.7313756;86.8493532;10.0;0.0;-0.0509839910268175;-0.9992862241256244;-0.1121647802589986;6.396102425392637;-0.1263639691763154;1.006853148676022
53.7314721;86.8493473;9.0;0.0;-0.0224329560517997;-0.9850107066381156;-0.1325583766697257;7.6626003006148675;-0.193088578527693;0.9941433764474089
53.7315628;86.8493356;10.0;0.0;-0.0101967982053635;-0.9875599061894564;-0.1458142143366982;8.398653352531644;-0.3038672085185358;0.9983187507550869
53.7316687;86.8493135;11.0;0.0;0.0035688793718772;-0.9972468644845518;-0.1264402977465075;7.225894079241493;-0.3309887646207936;1.0052368847781434
53.7317794;86.8492962;13.0;0.0;0.0061180789232181;-1.0084633425104517;-0.1070663811563169;6.060157198745708;-0.4354355922380147;1.0141493746243564
53.7321023;86.8492095;17.0;0.0;0.0142755174875089;-1.020699500356888;-0.0774956663607627;4.341376221740494;-0.5171174321226967;1.0237367038125749
53.7322765;86.8491789;18.0;0.0;-0.0101967982053635;-0.9952075048434792;-0.0876924645661262;5.03533498176412;-0.5117588945895188;0.9991155692571835
53.7324599;86.8491063;17.0;0.0;-0.0336494340776996;-1.0079535026001836;-0.0938105434893443;5.314274899751966;-0.4410822682602274;1.0128686814624557
53.7326431;86.8489567;14.0;0.0;0.0229427959620679;-1.008463342510452;-0.0948302233098807;5.370594793900348;-0.29948182089339;1.013171977665644
53.7327822;86.8488398;13.0;0.0;0.0183542367696542;-0.9972468644845518;-0.1241460181503008;7.094983537670696;-0.2478432238200913;1.0051121432727004
53.7328805;86.8486821;11.0;0.0;-0.003059039461609;-0.9880697460997246;-0.1356174161313347;7.81525655484879;-0.0724507066618275;0.9973380893348762
53.7329626;86.8485338;11.0;0.0;-0.0163148771285816;-0.9829713469970428;-0.1213418986438258;7.036258624855366;0.0084588274102002;0.990566858217753
53.7330355;86.8483507;12.0;0.0;0.0081574385642908;-0.99214846538187;-0.113184460079535;6.507958102293861;0.0142394919156058;0.9986169651908713
53.7330835;86.8481171;13.0;0.0;0.0061180789232181;-0.986030386458652;-0.0989089425920261;5.728082394064477;-0.0626912749004036;0.9909976452213104
53.7331124;86.8478644;14.0;0.0;-0.0193739165901906;-0.9982665443050882;-0.113184460079535;6.467421054877836;-0.3209800538028898;1.0048493240911107
53.7331263;86.8475199;14.0;0.0;-0.0112164780258998;-1.0043846232283062;-0.116243499541144;6.601406496247921;-0.5180240025176817;1.0111512408845396
53.7331385;86.8473017;13.0;0.0;-0.0096869582950953;-0.9957173447537474;-0.1203222188232894;6.889875987138953;-0.6769852628199315;1.003007629156939
53.7331533;86.8470093;12.0;0.0;-0.0050983991026817;-1.0013255837666972;-0.1223615784643621;6.96688982368512;-0.7221587735757062;1.0087870311732885
53.733158;86.8467324;12.0;0.0;-0.0061180789232181;-1.0013255837666972;-0.1091057407973896;6.21837527957119;-0.7045607776253299;1.007270777035835
53.7331743;86.8464159;15.0;0.0;-0.0122361578464362;-1.0257978994595698;-0.0856531049250535;4.77273047045572;-0.7201751495946287;1.0294403860728463
53.7332033;86.8460609;17.0;0.0;-0.0183542367696543;-0.9850107066381156;-0.078515346181299;4.55663136886985;-0.7310911068128303;0.9883054334491366
53.7332321;86.8457569;18.0;0.0;-0.0356887937187723;-1.0084633425104517;-0.0815743856429081;4.621693881124084;-0.8675862359625902;1.0123864793533504
53.7332978;86.8451058;19.0;0.0;0.0071377587437544;-0.991638625471602;-0.0836137452839808;4.819584587327439;-0.8542560423754452;0.9951830834210891
53.7333147;86.8447899;18.0;0.0;-0.0346691138982359;-0.986030386458652;-0.0856531049250535;4.96157648927572;-0.9226209703020896;0.9903506070385325
53.733307;86.8445006;17.0;0.0;-0.029060874885286;-1.015601101254206;-0.1009483022330988;5.674110006505168;-0.9189423924881056;1.0210194371517123
53.733317;86.844229;16.0;0.0;-0.0275313551544814;-0.9972468644845518;-0.0825940654634444;4.732755123429612;-1.102444866997227;1.0010399911545451
53.7333232;86.843928;15.0;0.0;-0.0214132762312633;-0.9962271846640156;-0.1070663811563169;6.132733308843083;-1.0769504285742073;1.0021927668050976
53.7333405;86.8436637;13.0;0.0;0.0010196798205363;-0.9982665443050882;-0.0897318242071989;5.136375827214327;-1.0191635821600946;1.0022918404842527
53.7333558;86.8431414;13.0;0.0;0.0040787192821454;-0.9901091057407974;-0.1050270215152442;6.055024997784534;-0.9286597091675016;0.9956723117924831
53.7333418;86.842897;14.0;0.0;0.0061180789232181;-0.968695829509534;-0.095849903130417;5.650760758582118;-0.8858657876122785;0.9734455531404853
53.7333182;86.842643;16.0;0.0;-0.0122361578464362;-0.9972468644845518;-0.0856531049250535;4.908694452720979;-0.7447433216589956;1.0009932500603664
53.7332987;86.8423419;19.0;0.0;-0.0295707147955541;-1.0054043030488429;-0.0683185479759355;3.885672845762283;-0.5866842315455689;1.0081565670867743
53.7332839;86.8419943;21.0;0.0;-0.0076475986540225;-1.012032221882329;-0.0637299887835219;3.603186032067931;-0.4816562248306688;1.01406568592158
53.7332762;86.8415002;22.0;0.0;-0.0326297542571632;-0.9992862241256244;-0.0764759865402263;4.37402822145863;-0.3157795658588221;1.0027393654920662
53.7332883;86.8411283;22.0;0.0;-0.0275313551544814;-0.986030386458652;-0.0744366268991536;4.315463637684709;-0.12843740464501;0.9892192426153894
53.7333859;86.8403811;20.0;0.0;-0.0214132762312633;-0.9839910268175792;-0.078515346181299;4.561046506824357;-0.1023992831446497;0.9873507628206095
53.7334652;86.8400508;20.0;0.0;0.0142755174875089;-0.9911287855613338;-0.0805547058223717;4.646062626047821;-0.2738517693582967;0.9944994321757803
53.7335795;86.8396787;21.0;0.0;-0.0183542367696543;-1.0079535026001836;-0.0774956663607627;4.395763279102782;-0.4572241300489224;1.0110948124266455
53.733736;86.8393232;21.0;0.0;0.0356887937187723;-1.0013255837666972;-0.0815743856429081;4.654453037658303;-0.557791623917394;1.0052765764185676
53.7338743;86.8390519;20.0;0.0;0.0101967982053635;-0.9839910268175792;-0.0825940654634444;4.797779463725913;-0.7300210650212334;0.9875039722456485
53.7340078;86.838827;19.0;0.0;0.0132558376669725;-0.9952075048434792;-0.0713775874375446;4.101941448636981;-1.0752379212733754;0.9978519203355983
53.734115;86.8385502;18.0;0.0;-0.0173345569491179;-0.974813908432752;-0.0672988681553992;3.9486776505949504;-1.3904958144165294;0.9772879721932312
53.7341801;86.8382313;20.0;0.0;0.0050983991026817;-0.9992862241256244;-0.078515346181299;4.4925232476295225;-1.217312407177589;1.0023789757305503
53.734193;86.8378602;23.0;0.0;-0.0244723156928724;-1.0227388599979603;-0.0428265524625267;2.397138866713272;-0.9855237909107656;1.0239276261441161
53.7342014;86.8373822;27.0;0.0;-0.0305903946160905;-1.041093096767615;-0.061180789232181;3.361723473511752;-0.7026819029227359;1.0433377676241877
53.7342194;86.8369138;27.0;0.0;-0.0163148771285816;-1.0257978994595698;-0.0254919955134087;1.4233784400533882;-0.5568040251599164;1.0262442923527721
53.7342503;86.8364071;26.0;0.0;-0.0479249515652085;-1.0227388599979603;-0.061180789232181;3.4196412880264;-0.4307723598277851;1.025687411302063
53.7343338;86.8359786;27.0;0.0;-0.0764759865402263;-0.9620679106760476;-0.0458855919241358;2.7220651415199435;-0.2938457420407823;0.966192904556903
53.7345431;86.8355479;27.0;0.0;-0.0713775874375446;-0.9819516671765066;-0.0530233506678902;3.0827336144090323;-0.184341587613015;0.9859692248621025
53.7347916;86.8352332;28.0;30.0;0.0275313551544814;-0.896298562251453;-0.0876924645661262;5.585328120945464;-0.2953002426527908;0.9009989215045405
53.735076;86.8348264;29.0;30.0;0.0050983991026817;-0.9972468644845518;0.0224329560517997;-1.2886279502622646;-0.146878899837095;0.9975121753216359
53.7353051;86.8344155;28.0;30.0;-0.0173345569491179;-0.9952075048434792;-0.0326297542571632;1.877592853336008;-0.0642823778336325;0.9958931496020488
53.7355668;86.833986;29.0;30.0;0.003059039461609;-1.0013255837666972;-0.0010196798205363;0.0583457152142459;0.1843784364063081;1.0013307756056842
53.7358058;86.8335594;25.0;30.0;0.0815743856429081;-1.0421127765881513;0.0152951973080452;-0.8383116652517666;0.3329237893874129;1.045412532248383
53.7358956;86.8331116;25.0;30.0;0.133578056490262;-0.9982665443050882;-0.0418068726419904;2.37695466592347;0.4182024266698098;1.0080312521219974
53.7358638;86.8326446;23.0;0.0;0.0163148771285816;-1.017640460895279;-0.0672988681553992;3.78310551405354;0.4478493206239128;1.0199938335705145
53.7358005;86.8322997;20.0;0.0;0.0091771183848271;-0.9788926277148976;-0.0780055062710309;4.555930385768818;0.6388236689233937;0.9820386220027326
53.7357467;86.8319387;20.0;0.0;-0.0265116753339451;-0.9962271846640156;-0.058121749770572;3.3377785617102003;0.7532302461565923;0.9982733143728706
53.7356966;86.8315558;27.0;0.0;-0.0132558376669725;-1.011522381972061;-0.0672988681553992;3.806081948290665;0.8239797221556212;1.0138453452660732
53.7356181;86.8309397;32.0;0.0;0.0101967982053635;-1.0003059039461608;-0.023452635872336;1.3430103193053329;0.9169832279628692;1.000632750959385
53.735551;86.8303862;34.0;0.0;-0.0265116753339451;-1.0043846232283062;-0.0173345569491179;0.988418793164932;0.6986055863979689;1.0048839869214263
53.7355036;86.8297756;36.0;0.0;-0.0336494340776996;-1.0105027021515245;-0.0509839910268175;2.886759643560008;0.3227028503657431;1.0123474516243445
53.7354427;86.8291515;36.0;0.0;0.0336494340776996;-0.9758335882532884;0.0020393596410727;-0.1196690961715091;-0.2637299381947295;0.97641570827429
53.7353802;86.8285002;35.0;0.0;-0.0050983991026817;-0.9707351891506067;0.0132558376669725;-0.7823409352557273;-0.6305573956587182;0.9708390795394094
53.7353067;86.8278891;35.0;0.0;-0.0224329560517997;-1.0217191801774244;-0.0520036708473539;2.9130370011186795;-1.0235488089219758;1.0232876929003154
53.7352461;86.8272653;35.0;0.0;-0.023452635872336;-0.9901091057407974;-0.0101967982053635;0.5898835116927112;-1.1358577909167265;0.9904393177241313
53.7351872;86.82672;35.0;0.0;-0.0137656775772407;-1.0278372591006424;-0.0193739165901906;1.0797552854436523;-1.2355416348787174;1.028111994735362
53.7351221;86.8260917;37.0;0.0;0.0183542367696543;-1.0298766187417152;-0.0367084735393086;2.0410377720636035;-0.814034800301488;1.0306940573554553
53.7350292;86.825282;38.0;0.0;0.0122361578464362;-1.0135617416131335;-0.0540430304884266;3.051894170515375;-0.2682390760282592;1.015075256700243
53.7349218;86.8243042;38.0;0.0;-0.0152951973080452;-0.9850107066381156;-0.023452635872336;1.3637631902022411;-0.2730508529704557;0.9854085758616942
53.7348176;86.8236368;39.0;0.0;-0.0305903946160905;-1.041093096767615;-0.0081574385642908;0.4487356798430955;-0.1299595910633824;1.0415743622919493
53.7346774;86.8230102;36.0;0.0;-0.040787192821454;-1.0023452635872336;0.037728153359845;-2.153807806607205;-0.1628598800773824;1.003883975412477
53.7345415;86.8224391;34.0;0.0;-0.0571020699500356;-1.0054043030488429;0.0076475986540226;-0.4351102461496902;-0.1886575288479896;1.0070535957668199
53.7344752;86.821912;31.0;0.0;-0.0101967982053635;-0.9992862241256244;0.0163148771285816;-0.9353095119272103;-0.2605611872287672;0.9994714141167866
53.7344045;86.8213293;31.0;0.0;-0.0188640766799224;-1.012542061792597;0.0015295197308045;-0.0865344336589558;-0.3595644916475153;1.0127189243411998
53.7343443;86.8206547;31.0;0.0;0.0295707147955541;-0.9992862241256244;0.0214132762312633;-1.2270418679732629;-0.3485090725537219;0.9999529555432716
53.7342224;86.8199952;31.0;0.0;0.0734169470786173;-0.971754868971143;0.0229427959620679;-1.348640178860378;-0.121417074856433;0.9747943092642801
53.7340317;86.8195741;32.0;30.0;0.095849903130417;-1.0196798205363515;0.0265116753339451;-1.4828209690029228;0.0721329039391863;1.024517939944523
53.7337202;86.8193394;31.0;30.0;-0.0061180789232181;-0.9534006322014889;0.0734169470786173;-4.403301054697142;0.0371106151046133;0.9562427748695693
53.7334501;86.8192485;22.0;30.0;0.0020393596410727;-0.9890894259202612;0.1172631793616804;-6.761224271279942;-0.2046823450355027;0.9960184258782702
53.7332147;86.8192435;22.0;30.0;-0.0938105434893443;-1.0344651779341287;0.0428265524625267;-2.360997299006319;-0.4286979728425528;1.0395925817472345
53.732964;86.819172;29.0;30.0;-0.0703579076170082;-1.1032935658203324;0.0214132762312633;-1.109632273329626;-0.431040664413688;1.105742038607443
53.732644;86.8189544;34.0;30.0;0.0137656775772407;-1.0217191801774244;0.0397675130009177;-2.228748062399904;-0.5156722465178663;1.02258546445364
53.732307;86.8187198;33.0;30.0;-0.0336494340776996;-1.0339553380238604;0.0438462322830631;-2.4269644443642697;-0.6686634875524128;1.0354315127168987
53.7320117;86.8185013;32.0;0.0;-0.020393596410727;-1.0084633425104517;-0.0112164780258998;0.6371069493552248;-0.9214092324756662;1.0087318877388687
53.7317098;86.8182506;33.0;0.0;-0.0163148771285816;-0.9788926277148976;-0.0224329560517997;1.3126162656097966;-1.0848518579590816;0.979285550453758
53.7313951;86.8180383;35.0;0.0;0.0285510349750178;-0.9819516671765066;-0.0112164780258998;0.6541640293168074;-1.1069400264944838;0.9824306833808536
53.731049;86.817769;35.0;30.0;0.0112164780258998;-0.9992862241256244;-0.0101967982053635;0.5845936981831964;-1.3345139539050006;0.9994011916143557
53.7307402;86.8175114;34.0;0.0;-0.0402773529111858;-0.9737942286122158;-0.0020393596410727;0.1198884801639176;-1.8985862075724425;0.9746289672607408
53.7304096;86.8172832;33.0;30.0;-0.0509839910268175;-0.9707351891506067;0.014785357397777;-0.8714089818428469;-2.3203152707786074;0.9721855695234666
53.7301252;86.8169732;32.0;0.0;-0.0948302233098807;-0.9819516671765066;0.0061180789232181;-0.355325368312776;-2.493559810657845;0.9865390406939978
53.7298371;86.8164547;31.0;0.0;-0.0672988681553992;-1.0003059039461608;0.0010196798205363;-0.0582737282984993;-2.450437506645039;1.002567742784237
53.729676;86.8159608;33.0;0.0;-0.0173345569491179;-0.9829713469970428;-0.0152951973080452;0.8913213351223052;-2.7669551314951497;0.983243153519258
53.7295226;86.815449;33.0;0.0;-0.0142755174875089;-0.9809319873559702;-0.0091771183848271;0.535958814172436;-2.8590980558344565;0.9810787805877358
53.7293694;86.8149118;31.0;30.0;-0.0530233506678902;-1.00897318242072;0.0076475986540226;-0.433671554363435;-3.228374963118813;1.0103944003830476
53.729192;86.8142992;33.0;30.0;-0.0285510349750178;-0.9727745487916796;-0.0040787192821454;0.2401290650425879;-3.623145895598112;0.9732019935891947
53.7289686;86.8134614;34.0;30.0;-0.0336494340776996;-0.99214846538187;0.0142755174875089;-0.823869183749544;-3.709795738370556;0.9928215610938782
53.7287839;86.8127647;33.0;30.0;-0.020393596410727;-0.9952075048434792;0.0193739165901906;-1.115014260459464;-3.5084637209316654;0.9956049543445387
53.7286353;86.8121553;29.0;30.0;-0.0795350260018354;-1.0482308555113695;0.0652595085143265;-3.55227014811171;-3.4410347258928784;1.0532675587232059
53.7285931;86.8117035;25.0;30.0;-0.1876210869786886;-0.9962271846640156;0.0112164780258998;-0.6339201012344049;-3.311701671791255;1.0138027841360275
53.7286841;86.8113593;23.0;0.0;-0.1254206179259712;-0.9829713469970428;-0.0040787192821454;0.2358285788212185;-3.0010553079939406;0.9909488565859975
53.7289048;86.811196;23.0;0.0;-0.0448659121035994;-0.9697155093300704;-0.061180789232181;3.606243141872168;-2.4533226526854226;0.9726788823014708
53.7291566;86.8110894;27.0;0.0;-0.0316100744366268;-1.0003059039461608;-0.037728153359845;2.158902429005795;-1.9117787166750944;1.0015161066260387
53.7294507;86.8109739;30.0;30.0;-0.0305903946160905;-1.0013255837666972;-0.0693382277964719;3.95936385893538;-1.470563975734308;1.004189467571952
53.7297245;86.8108125;31.0;30.0;-0.0305903946160905;-0.9432038339961252;0.0132558376669725;-0.8047618901546879;-1.387768045225019;0.9437928596572509
53.7300494;86.8106766;33.0;0.0;0.0244723156928724;-1.012032221882329;0.003059039461609;-0.1731350962214707;-1.3537227077141476;1.0123326874530343
53.7303852;86.8105516;34.0;0.0;-0.0040787192821454;-0.9850107066381156;0.0061180789232181;-0.3558667798470689;-1.1762631646788355;0.9850381510542692
53.7307281;86.8104081;33.0;90.0;0.003059039461609;-1.0359946976649332;0.0734169470786173;-4.053536619854172;-0.8164972447968009;1.038597332670669
53.7310576;86.8102768;28.0;90.0;0.0469052717446721;-1.0257978994595698;0.0112164780258998;-0.6258157957051564;-0.5896394329471955;1.0269309832858353
53.7313078;86.810015;27.0;90.0;0.0632201488732537;-1.009483022330988;0.0112164780258998;-0.6353489627534362;-0.3661886326736961;1.0115228959234526
53.7315293;86.8096989;26.0;90.0;-0.0520036708473539;-1.0217191801774244;-0.0458855919241358;2.568115977825861;-0.1310516955294848;1.024070286879888
53.7316862;86.8093438;25.0;90.0;0.0091771183848271;-0.974813908432752;-0.0713775874375446;4.187639191467151;0.1446532345376443;0.977466692815766
53.7317902;86.8085518;19.0;0.0;0.0142755174875089;-0.9992862241256244;-0.092790863668808;5.304571439097611;0.3647958698113229;1.0036866505574273
53.7318034;86.8082834;17.0;0.0;0.037728153359845;-1.0003059039461608;-0.0642398286937901;3.671895884148925;0.1597330904766836;1.003076303486478
53.7317952;86.807968;18.0;0.0;-0.0214132762312633;-0.99214846538187;-0.0815743856429081;4.69919354881994;0.1458172865868547;0.9957266121539456
53.7317626;86.8076538;22.0;0.0;-0.0729071071683491;-1.0069338227796472;-0.0545528703986948;3.0930128990706285;0.3231711470894701;1.0110426229403129
53.7317514;86.8071818;26.0;0.0;-0.0734169470786173;-1.011522381972061;-0.0071377587437544;0.4032374981587382;0.2528947780701632;1.014208324235539
53.7317537;86.8067489;28.0;0.0;-0.0265116753339451;-0.9962271846640156;-0.0020393596410727;0.117247536995195;-0.2279737438772912;0.9965819742401268
53.7317365;86.8061173;28.0;0.0;0.0061180789232181;-1.020699500356888;0.0326297542571632;-1.830976875352691;-0.7626858704062442;1.0212392480615862
53.7317224;86.8054888;28.0;30.0;0.020393596410727;-0.9850107066381156;0.0897318242071989;-5.20401529179125;-1.0513850020825062;0.9892996468420653
53.7317093;86.8048869;27.0;30.0;-0.0193739165901906;-1.0008157438564291;0.0774956663607627;-4.426894309021665;-1.1628899590616657;1.0039985458653016
53.7317035;86.8044203;24.0;30.0;-0.0152951973080452;-0.9880697460997246;0.0428265524625267;-2.4815580463464717;-1.4348262488934953;0.9891157059788768
53.7316606;86.8040446;23.0;30.0;0.0112164780258998;-0.9972468644845518;0.0479249515652085;-2.7511876229567407;-1.7627248792319092;0.9984607749361529
53.7315977;86.8036233;23.0;30.0;0.0132558376669725;-1.0105027021515245;0.0591414295911083;-3.3492267586152686;-1.891858585518736;1.0123186933875448
53.7315366;86.8032294;24.0;30.0;0.0275313551544814;-1.006423982869379;0.0759661466299581;-4.314963956535085;-2.364399521958517;1.0096623516033025
53.7314605;86.8028461;26.0;30.0;-0.0101967982053635;-0.9635974304068522;0.0050983991026817;-0.3031324722782915;-2.504655163727028;0.963664867188661
53.7313412;86.802394;27.0;0.0;-0.0326297542571632;-1.0023452635872336;0.0367084735393086;-2.0962726997663017;-2.5483978967146435;1.0035478266272264
53.7312107;86.8019563;28.0;0.0;-0.1070663811563169;-0.9941878250229428;0.0744366268991536;-4.257323751025386;-2.37182253863505;1.0027030731088256
53.7310952;86.801508;29.0;30.0;-0.1560110125420618;-0.979912307535434;0.0346691138982359;-2.001087033794592;-2.06015976013281;0.9928592619058892
53.7310833;86.8009841;28.0;0.0;-0.1147139798103395;-0.945243193637198;-0.0152951973080452;0.9202842137339914;-2.0063626190389368;0.9523013889216315
53.7311946;86.8005834;26.0;0.0;-0.0152951973080452;-1.0043846232283062;-0.061180789232181;3.4853880635233856;-1.974740476510958;1.006362510931936
53.731335;86.8001862;27.0;0.0;-0.0020393596410727;-1.015601101254206;0.0112164780258998;-0.6327577120580373;-1.8270928893545435;1.0156650851711932
53.7315128;86.7992376;32.0;0.0;-0.0142755174875089;-1.041093096767615;0.0112164780258998;-0.6172085759720659;-1.659190683759304;1.0412513797906942
53.7314366;86.7986494;35.0;0.0;-0.1040073416947078;-1.026817579280106;0.003059039461609;-0.1698230341930827;-1.4038132561313552;1.032076172560671
53.7313954;86.7980194;36.0;0.0;-0.058121749770572;-1.0105027021515245;-0.0050983991026817;0.2886011855982412;-1.338100085279162;1.0121856759139283
53.7314068;86.7973652;37.0;0.0;0.0229427959620679;-1.00336494340777;-0.0020393596410727;0.1164242440578063;-1.3895136229829663;1.0036292844143102
53.7314126;86.7966798;37.0;0.0;0.0254919955134087;-1.0166207810747423;0.0050983991026817;-0.2872482210348109;-1.217292908814214;1.0169531198741095
53.7314133;86.7960149;37.0;0.0;0.0540430304884266;-0.9972468644845518;0.0122361578464362;-0.7019505383266506;-0.8969530372203831;0.9987851027260498
53.7313923;86.7953539;37.0;0.0;0.0367084735393086;-0.9941878250229428;0.0061180789232181;-0.3523448712405848;-0.5247727886120778;0.9948841009600798
53.7313236;86.7947732;35.0;0.0;0.0469052717446721;-0.9901091057407974;-0.023452635872336;1.3553873358707738;-0.2003268784284519;0.991496934900781
53.7311909;86.7942565;32.0;0.0;0.0438462322830631;-1.00897318242072;-0.0142755174875089;0.809834478058851;0.1892044570250833;1.0100263191269583
53.7309862;86.7937958;28.0;0.0;-0.0397675130009177;-1.0135617416131335;-0.0244723156928724;1.3820674005974571;0.4633725149784899;1.0146367593318795
53.7307831;86.7934903;23.0;0.0;-0.023452635872336;-0.9931681452024064;-0.0346691138982359;1.998689497260256;0.1733006410853226;0.9940497664768285
53.7306082;86.7932386;21.0;0.0;-0.0418068726419904;-0.9982665443050882;-0.0560823901294993;3.21267379457;-0.0660481916511125;1.0007143161569958
53.730443;86.7929966;22.0;0.0;-0.0550627103089629;-1.0003059039461608;-0.0576119098603038;3.2912967178036707;-0.1909449657212549;1.003475428545147
53.7302804;86.7926804;25.0;0.0;-0.0351789538085041;-0.9972468644845518;-0.0627103089629856;3.5959867534954224;-0.0846097374918493;0.9998357116874572
53.7301116;86.7923324;24.0;0.0;-0.0418068726419904;-0.986030386458652;-0.1014581421433669;5.8695693905824085;-0.1041784979484635;0.9921176806342511
53.7299837;86.7919997;21.0;0.0;-0.0173345569491179;-0.9901091057407974;-0.0825940654634444;4.767797703905053;-0.4848554833650628;0.9936993045107979
53.729893;86.7917042;18.0;0.0;0.0361986336290404;-0.9941878250229428;-0.0876924645661262;5.037415267273773;-0.8022329024597356;0.9987040306527958
53.7297783;86.7913591;16.0;30.0;0.0183542367696543;-1.0186601407158151;-0.1080860609768532;6.055794225028824;-0.7822942804769777;1.0245428038242486
53.7296511;86.7910783;17.0;0.0;-0.0040787192821454;-0.9584990313041704;-0.1029876618741715;6.1326653913422575;-1.0341017135440298;0.9640246301108308
53.7295062;86.7907798;18.0;0.0;0.0193739165901906;-0.9911287855613338;-0.0825940654634444;4.762736048446679;-1.0324131470180562;0.9947529330753982
53.7293182;86.7904382;23.0;0.0;0.0224329560517997;-0.980422147445702;-0.0469052717446721;2.73833562959644;-0.7031692140233987;0.9817998417379712
53.7288747;86.7899179;31.0;0.0;-0.0101967982053635;-1.00336494340777;-0.0295707147955541;1.6880193784163284;-0.6777189637938603;1.003852385327065
53.7285873;86.7896561;33.0;0.0;-0.0764759865402263;-1.0003059039461608;0.0142755174875089;-0.8152425153292118;-0.514996684617871;1.003326601055899
53.7283151;86.7893327;30.0;30.0;-0.0020393596410727;-1.0043846232283062;0.0428265524625267;-2.441584747670695;-0.510075179391334;1.0052993305284936
53.7277736;86.7890216;24.0;30.0;-0.0285510349750178;-1.0023452635872336;0.0152951973080452;-0.8738775544322551;-0.38278271310266;1.0028684520387494
53.7275229;86.7889757;23.0;30.0;0.0214132762312633;-0.9758335882532884;0.0244723156928724;-1.436238033069892;-0.3760154037239758;0.9763752427205518
53.7272786;86.7889874;23.0;30.0;-0.0356887937187723;-0.9646171102273886;0.020393596410727;-1.2103189966175203;-0.5058669011394991;0.9654924951107091
53.7270397;86.7889789;25.0;30.0;-0.0163148771285816;-1.0298766187417152;0.0652595085143265;-3.625322331107349;-0.6785169871720679;1.0320711353865684
53.7267839;86.7890047;26.0;30.0;-0.0101967982053635;-0.9656367900479248;0.0295707147955541;-1.7539239302459155;-0.8500096308942778;0.9661432668922456
53.7264979;86.7889747;30.0;30.0;-0.0178443968593861;-1.0635260528194148;0.0509839910268175;-2.744194845324287;-0.9998128388644508;1.0648969221788287
53.7261676;86.7889516;33.0;30.0;-0.0622004690527174;-1.06760477210156;-0.0356887937187723;1.911379858314809;-0.8778734784960467;1.0700105316124244
53.7258403;86.7888803;33.0;30.0;0.0392576730906495;-1.0166207810747423;-0.0183542367696543;1.033544795441682;-0.7920701320000335;1.0175440311932
53.7254251;86.7889003;31.0;30.0;0.020393596410727;-1.0737228510247785;0.0305903946160905;-1.6316228376009003;-0.9419702997823766;1.0743520986297326
53.7251267;86.7890883;30.0;30.0;-0.1009483022330988;-1.1124706842051597;-0.0397675130009177;2.0389116263840648;-0.8166555248256157;1.1177490943990602
53.7248081;86.7893841;27.0;30.0;0.0254919955134087;-0.9299479963291526;-0.1274599775670439;7.801517116680983;-0.8586867582225834;0.9389883724483774
53.7245373;86.7898045;27.0;30.0;0.0152951973080452;-1.0314061384725195;0.0346691138982359;-1.924972216089064;-0.9269332468476558;1.0321019876920958
53.724241;86.7902762;27.0;0.0;-0.0061180789232181;-1.0186601407158151;0.003059039461609;-0.1720557775672116;-1.1206151749671187;1.0186831062186623
53.7238631;86.7910247;27.0;0.0;-0.0397675130009177;-1.0349750178443968;0.0010196798205363;-0.0564074016936584;-1.0617335720260337;1.0357392444043163
53.7236995;86.7913731;26.0;0.0;-0.0356887937187723;-1.0288569389211788;0.003059039461609;-0.1702512536792722;-1.161864137411616;1.029480280765876
53.7235327;86.7917439;24.0;0.0;-0.0244723156928724;-1.0105027021515245;-0.0214132762312633;1.213601195616934;-1.1843669113736544;1.0110257829006444
53.7233759;86.7920223;22.0;30.0;-0.0040787192821454;-1.023758539818497;0.0101967982053635;-0.5706516960512799;-1.264860776287822;1.0238174439302763
53.7231685;86.7926853;18.0;30.0;-0.0224329560517997;-1.009483022330988;0.0560823901294993;-3.179046877319593;-1.455952922201621;1.0112885069921271
53.7230762;86.792977;19.0;30.0;-0.0142755174875089;-1.0013255837666972;0.0244723156928724;-1.399883278316736;-1.216818888196515;1.0017263145892819
53.7229314;86.7933186;21.0;30.0;-0.0418068726419904;-0.9350463954318344;0.0489446313857448;-2.9934050296071257;-0.9828419041238796;0.9372593841363535
53.7228054;86.7936534;25.0;30.0;-0.0520036708473539;-1.0523095747935147;0.0127459977567043;-0.6931098847724676;-0.98078250987952;1.053670861057912
53.7226366;86.7939966;25.0;30.0;0.0081574385642908;-1.0247782196390334;0.0265116753339451;-1.4819013855644063;-0.5037287907307564;1.0251535554147435
53.7224883;86.7943603;24.0;30.0;-0.0458855919241358;-0.9809319873559702;-0.0040787192821454;0.2379745011500351;-0.0412631692777304;0.9820130789940347
53.7223163;86.7946747;20.0;30.0;0.0254919955134087;-1.0013255837666972;0.0978892627714897;-5.581677749551034;0.0920518151633574;1.0064219166467503
53.7221733;86.7948645;14.0;30.0;0.0254919955134087;-1.0186601407158151;0.0774956663607627;-4.349101758828836;0.6919575315036364;1.021921671373652
53.7220584;86.79498;12.0;30.0;-0.0020393596410727;-1.012542061792597;0.0846334251045171;-4.777957182828348;1.3278708751707464;1.0160749984779032
53.7219333;86.7950085;14.0;30.0;-0.0132558376669725;-0.9982665443050882;0.0825940654634444;-4.729320954441293;1.44177688317022;1.001765237149331
53.7217891;86.7950435;15.0;30.0;0.0142755174875089;-0.9850107066381156;0.020393596410727;-1.185954063690884;1.5641825582198046;0.985325216040785
53.7216344;86.795068;15.0;30.0;0.0601611094116447;-0.9523809523809524;0.061180789232181;-3.668328848739121;2.044677156004953;0.9562384255585855
53.7214744;86.7950616;15.0;30.0;0.0499643112062812;-1.047211175690833;0.0825940654634444;-4.504508257229836;2.218877624750012;1.0516508253863899
53.7213221;86.7950629;15.0;30.0;0.1356174161313347;-1.0186601407158151;0.0846334251045171;-4.708050701777641;2.182651808975433;1.0311272387471033
53.721001;86.7949978;15.0;30.0;0.0305903946160905;-1.0023452635872336;0.0428265524625267;-2.4454141945799037;1.97614475697594;1.0037260150431264
53.7208167;86.7949415;17.0;30.0;0.0326297542571632;-0.9850107066381156;0.0479249515652085;-2.783961603785412;1.9790203909422637;0.9867155588299651
53.7206607;86.7948623;16.0;30.0;0.0683185479759355;-1.009483022330988;0.0683185479759355;-3.8628800694997296;1.7843115507010725;1.01409606072087
53.7204922;86.7948218;17.0;30.0;0.0254919955134087;-0.9635974304068522;0.0683185479759355;-4.054040638222126;1.3162266284462814;0.9663525618114147
53.7203138;86.7947458;18.0;30.0;0.0280411950647496;-0.9952075048434792;0.1244009381054349;-7.122218790420313;1.0722116535968966;1.0033443475292794
53.720126;86.794686;19.0;30.0;0.0101967982053635;-0.9850107066381156;0.1121647802589986;-6.496036496851164;0.6702199586605074;0.9914287694110506
53.7197311;86.7945471;17.0;30.0;-0.0387478331803813;-0.948302233098807;0.0112164780258998;-0.6770954788144101;0.0585648804582181;0.9491598017487173
53.7195748;86.794442;14.0;30.0;-0.0907515040277353;-1.06760477210156;0.0499643112062812;-2.669894516668322;-0.5319151428301242;1.072619325432671
53.7194343;86.7943015;13.0;30.0;0.0469052717446721;-0.9554399918425616;-0.061180789232181;3.659489098508564;-1.104176849065896;0.9585451327405654
53.719284;86.7941512;15.0;30.0;0.0142755174875089;-1.0655654124604874;-0.0214132762312633;1.1511402124695789;-1.797165690205346;1.0658761499492244
53.7190722;86.7940418;18.0;30.0;-0.1172631793616804;-0.8626491281737534;0.0591414295911083;-3.8863122531645993;-2.412985617467357;0.8725891818416193
53.7188908;86.7939884;15.0;30.0;-0.0846334251045171;-1.020699500356888;-0.0361986336290404;2.024176331130933;-2.8127935995405413;1.0248417574193256
53.718738;86.793938;15.0;30.0;-0.023452635872336;-1.0329356582033242;-0.0305903946160905;1.6958821808444469;-3.1900363943038696;1.0336546194740597
53.7183617;86.7938177;20.0;30.0;0.003059039461609;-1.0003059039461608;0.0285510349750178;-1.6349020326059769;-3.277174111852433;1.0007179526670429
53.7181817;86.7937657;17.0;30.0;-0.0795350260018354;-1.0594473335372694;-0.0428265524625267;2.308346192699893;-3.4181564291383166;1.0632913930321115
53.7179401;86.7936009;15.0;30.0;-0.0866727847455898;-1.0370143774854697;-0.0397675130009177;2.188484153316679;-3.446999673362;1.0413896704967884
53.7178569;86.7933897;8.0;0.0;-0.0428265524625267;-1.017640460895279;-0.0254919955134087;1.433696416113159;-3.3361293505427687;1.018860178376914
53.7178369;86.7932673;6.0;0.0;-0.0836137452839808;-1.0003059039461608;-0.0142755174875089;0.8147801798111817;-3.2386666703672717;1.0038958861702225
53.7178267;86.7931547;6.0;0.0;-0.1366370959518711;-1.026307739369838;-0.0856531049250535;4.729172235786641;-3.041688399822382;1.038900248466565
53.7178078;86.7930334;9.0;60.0;-0.0214132762312633;-1.0400734169470789;0.0107066381156316;-0.5896637125850497;-2.823918364962049;1.0403489189395392
53.7177506;86.7928994;7.0;0.0;-0.0173345569491179;-0.9676761496889976;0.0316100744366268;-1.8706566859825255;-2.7140459015227947;0.968347465710235
53.7176615;86.7929127;4.0;0.0;-0.0499643112062812;-0.9952075048434792;-0.003059039461609;0.1758919917757619;-2.800861441504042;0.9964656380495663
53.7176255;86.7929791;1.0;0.0;-0.0316100744366268;-0.9901091057407974;-0.0122361578464362;0.707687208639016;-2.364726690326316;0.9906891347115772
53.7176198;86.792999;1.0;0.0;-0.0285510349750178;-1.0003059039461608;-0.020393596410727;1.1674725550637175;-1.887525470283533;1.0009210567483602
53.717622;86.7930268;1.0;0.0;-0.0326297542571632;-1.0084633425104517;-0.020393596410727;1.1578971740347723;-1.9750771919294403;1.0091971625132519
53.71762815;86.79303295;1.0;0.0;-0.0323748343020291;-1.0084633425104517;-0.0152951973080452;0.8684816718012646;-2.130055070707765;1.009098799000439
53.7176325;86.7930117;2.0;60.0;0.0071377587437544;-0.9992862241256244;0.0173345569491179;-0.9937813569418732;-1.966018829785902;0.9994620514015297
53.7176675;86.7930211;4.0;60.0;-0.0326297542571632;-0.9972468644845518;-0.0316100744366268;1.8145456184276096;-1.7082564718184972;0.9982811259324911
53.7177107;86.7930131;2.0;60.0;-0.0458855919241358;-0.99214846538187;-0.0448659121035994;2.5864456503318163;-1.7125024064620398;0.9942218137692996
53.7177404;86.7929916;3.0;60.0;-0.0254919955134087;-0.9676761496889976;-0.023452635872336;1.3878695902957592;-1.7439611625689044;0.968295925139386
53.7177601;86.7929601;1.0;60.0;-0.0305903946160905;-1.012542061792597;-0.0530233506678902;2.9962805152096794;-1.60327194247697;1.0143907900104485
53.717753900000005;86.7929539;1.0;60.0;-0.0336494340776996;-1.0074436626899157;-0.0112164780258998;0.6375266322030453;-1.6649086962280728;1.0080678683933575
53.7177484;86.7929484;1.0;60.0;-0.0336494340776996;-1.009483022330988;-0.0112164780258998;0.6362402363688714;-2.056193343798012;1.0101059677912814
53.7177511;86.7929511;1.0;60.0;-0.0397675130009176;-1.009483022330988;0.0010196798205363;-0.0578296500938244;-2.0935904613052982;1.0102665327584204
53.7177648;86.7929136;3.0;60.0;-0.0275313551544814;-1.0196798205363515;0.003059039461609;-0.1718242047431684;-2.1754436679730285;1.0200560129954217
53.7177854;86.7929342;2.0;60.0;-0.0469052717446721;-1.0079535026001831;0.0410421127765881;-2.329178585336803;-2.253897597625468;1.0098786179252361
53.7178225;86.7928689;3.0;60.0;-0.0713775874375446;-0.9635974304068522;0.0571020699500356;-3.3820949862936494;-2.326497841491467;0.9679232481285236
53.7178692;86.7928388;4.0;60.0;-0.061180789232181;-1.017640460895279;0.0734169470786173;-4.119002540713562;-2.390789990799916;1.022118018988303
53.7179119;86.7928303;4.0;60.0;-0.0071377587437544;-0.9850107066381156;0.0316100744366268;-1.838005419676298;-2.44431963677971;0.9855436249083512
53.7179521;86.7928193;5.0;60.0;-0.0458855919241358;-1.009483022330988;0.0887121443866625;-5.017028207479157;-2.484632370659739;1.0144118022195987
53.7180088;86.7928248;5.0;60.0;-0.0361986336290404;-0.9819516671765066;0.0764759865402263;-4.450288062424748;-2.509273783668895;0.9855901756128818
53.7180626;86.7927762;7.0;60.0;-0.0265116753339451;-0.9865402263689202;0.0846334251045171;-4.901530662272933;-2.5157894670360714;0.9905187044261077
53.7181338;86.792745;7.0;60.0;-0.0367084735393086;-0.9758335882532884;0.1060467013357805;-6.197812071112833;-2.5017250119901604;0.9822650390078407
53.7181988;86.792682;7.0;60.0;-0.0622004690527173;-1.00336494340777;0.0892219842969307;-5.071848288595487;-2.464626009760053;1.00924262221328
53.7182792;86.7926344;6.0;60.0;-0.0571020699500356;-1.026817579280106;0.0978892627714897;-5.437351391611181;-2.4020380515746425;1.033052416519695
53.718339;86.7926174;6.0;60.0;-0.0275313551544814;-0.9931681452024064;0.0448659121035994;-2.585559948705841;-2.31150672866282;0.994562160063572
53.7183754;86.792577;3.0;60.0;-0.0397675130009177;-0.9768532680738248;-0.0356887937187723;2.0906088943270795;-2.190577632253479;0.9783135757178733
53.7261174;86.844991;5.0;0.0;-0.0173345569491179;-1.0625063729988784;0.0285510349750178;-1.5390427513920275;-3.208405168345868;1.0630312512461704
53.7260609;86.8449345;6.0;0.0;-0.0555725502192311;-0.9758335882532884;-0.0662791883348628;3.879328865387911;-2.423571529694792;0.9796593444190106
53.7260004;86.8448996;8.0;0.0;-0.0132558376669725;-0.9855205465483838;-0.0285510349750178;1.659273928536723;-1.8853407880287247;0.9860231368986344
53.7259407;86.8447887;9.0;0.0;-0.0224329560517997;-0.9819516671765066;-0.0433363923727949;2.5263318555302154;-1.5693335504157715;0.9831634437324404
53.7258749;86.8446717;10.0;60.0;-0.104517181604976;-0.9727745487916796;-0.0336494340776996;1.9698115738761288;-1.4511704239240353;0.9789517089424037
53.7258047;86.8445247;10.0;60.0;-0.0836137452839808;-1.015601101254206;-0.003059039461609;0.1719952133678582;-1.506472015621621;1.0190418112087443
53.7257161;86.8444361;10.0;60.0;0.0020393596410727;-0.9737942286122158;0.0285510349750178;-1.679391470576232;-1.710858932576633;0.9742148224413086
53.7256475;86.8443931;8.0;0.0;-0.037728153359845;-1.023758539818497;0.0316100744366268;-1.7673319724692007;-2.039951781857173;1.0249410510917856
53.7255733;86.8443445;9.0;0.0;-0.023452635872336;-0.9941878250229428;-0.0642398286937901;3.6960239235914143;-2.4693711705313506;0.9965371107710026
53.7254821;86.8443813;11.0;0.0;-0.0346691138982359;-1.0257978994595698;-0.0479249515652085;2.6733713550392237;-2.974737705667264;1.0275018632473043
53.7253466;86.8443226;14.0;60.0;-0.040787192821454;-0.9564596716630978;-0.0356887937187723;2.134972305481224;-3.5316719943330237;0.9579939397580949
53.7251994;86.8443034;12.0;60.0;-0.1019679820536351;-0.8973182420719894;-0.0672988681553992;4.261826667052162;-4.115794643596725;0.9055973909935108
53.7250825;86.8442633;10.0;60.0;-0.0968695829509534;-1.020699500356888;-0.0601611094116447;3.3581167683784336;-4.702726260526479;1.0270494365976413
53.7249774;86.844235;13.0;60.0;-0.0316100744366268;-1.0492505353319057;-0.0622004690527174;3.3910375398476877;-5.268087452190492;1.051567772923152
53.7248376;86.8441208;15.0;60.0;-0.0275313551544814;-0.9850107066381156;-0.0305903946160905;1.7781063513030984;-5.386156194782206;0.9858700928373525
53.7246797;86.8440141;14.0;60.0;-0.040787192821454;-0.9518711124706842;-0.0101967982053635;0.6131876439685626;-5.643123398689986;0.9527991312695836
53.7245482;86.8438826;14.0;60.0;-0.1519322932599164;-1.0655654124604874;0.0346691138982359;-1.8448658020397404;-5.669881984146283;1.0769006534614949
53.7244517;86.8437093;11.0;60.0;-0.1998572448251249;-1.0257978994595698;-0.0101967982053635;0.5590115043110895;-5.518178223119604;1.0451355048692952
53.7243726;86.8434254;9.0;60.0;-0.1570306923625981;-0.9829713469970428;-0.1142041399000713;6.544806153220763;-5.648366590357275;1.0019650158220959
53.724371;86.8432446;11.0;60.0;-0.133578056490262;-0.99214846538187;-0.07545630671969;4.310426085981766;-5.72534661715041;1.0039399029618712
53.724429;86.8430722;11.0;60.0;-0.1723258896706434;-0.9972468644845518;-0.0805547058223717;4.551001752410482;-5.406063606294463;1.0152273546379538
53.7245353;86.8430249;13.0;0.0;-0.1417354950545528;-1.0186601407158151;-0.0387478331803813;2.157603589892493;-5.257408721058181;1.029203005931142
53.7247106;86.8431234;15.0;0.0;-0.0688283878862037;-1.0196798205363515;-0.0897318242071989;5.017714081433479;-4.835267101673036;1.0259318123850198
53.7249565;86.8433181;18.0;30.0;-0.0295707147955541;-0.968695829509534;-0.0695931477516059;4.10728285650663;-4.461981598912741;0.9716425492415722
53.7252283;86.8435131;20.0;0.0;-0.0081574385642908;-0.9972468644845518;-0.0601611094116447;3.4521946194006667;-4.060273353628825;0.9990931946589569
53.7254434;86.8436514;23.0;0.0;-0.0254919955134087;-0.9880697460997246;-0.0571020699500356;3.3064344356210533;-3.766337853046779;0.9900466208140951
53.7257139;86.8437683;25.0;0.0;-0.0193739165901906;-0.9880697460997246;-0.0662791883348628;3.836885739197415;-3.4374370656755016;0.9904797335675002
53.7259976;86.843924;24.0;0.0;-0.0479249515652085;-1.015601101254206;-0.0560823901294993;3.157207345931756;-2.8715961904448157;1.0182767955393666
53.7262357;86.8440597;22.0;0.0;-0.0193739165901906;-0.9829713469970428;-0.07545630671969;4.388766086014073;-2.317067014995704;0.986053584692536
53.726436;86.8442344;21.0;0.0;-0.0178443968593861;-0.9906189456510656;-0.0657693484245946;3.797802735857859;-1.7760117938494626;0.9929601830759881
53.7266888;86.8443592;21.0;0.0;-0.0530233506678902;-1.0043846232283062;-0.0591414295911083;3.3651952024089025;-1.533335842348987;1.0075205485684133
53.7269068;86.8445004;23.0;0.0;-0.040787192821454;-1.0217191801774244;-0.0601611094116447;3.367136945026003;-1.533195275353041;1.024301243446635
53.7271394;86.8446818;26.0;0.0;-0.0316100744366268;-1.0339553380238604;-0.040787192821454;2.257963396941189;-1.5458626194037617;1.0352422097906262
53.7273846;86.8449014;27.0;0.0;-0.0520036708473539;-1.0043846232283062;-0.037728153359845;2.148340803618661;-1.532445759969295;1.0064374132130673
53.7276532;86.845042;28.0;0.0;-0.0061180789232181;-1.011522381972061;-0.058121749770572;3.288520960970453;-1.815057609187972;1.0132093060747793
53.7279295;86.8452159;27.0;0.0;-0.0520036708473539;-1.0105027021515245;-0.0734169470786173;4.149986912861985;-1.8140935729850092;1.0144999462570103
53.7281888;86.8453984;26.0;0.0;-0.0214132762312633;-0.9850107066381156;-0.0662791883348628;3.848596780630274;-1.6155085266997602;0.9874702787410893
53.7284149;86.8455477;23.0;0.0;-0.0112164780258998;-1.006423982869379;-0.0693382277964719;3.9409577118100936;-1.3196304578229008;1.008872059533777
53.7286175;86.8456735;20.0;0.0;-0.037728153359845;-0.986030386458652;-0.0652595085143265;3.783785079326144;-0.8921235516473939;0.988907548776565
53.7288083;86.8458131;20.0;0.0;-0.0367084735393086;-0.9850107066381156;-0.0723972672580809;4.200716306266773;-0.6381122923095892;0.9883496185701414
53.7289974;86.8459766;21.0;0.0;-0.0397675130009177;-1.0084633425104517;-0.0856531049250535;4.850972054601416;-0.3887343216673861;1.0128752256131714
53.7292011;86.8461291;21.0;0.0;-0.0091771183848271;-1.0054043030488429;-0.0744366268991536;4.234078601850553;-0.0274532872214395;1.0081978196341739
53.7294009;86.8462521;19.0;0.0;0.0112164780258998;-1.0074436626899157;-0.0662791883348628;3.763802267647068;0.5544513720296405;1.0096838483801285
53.7295874;86.8463618;18.0;0.0;0.0183542367696543;-0.9880697460997246;-0.0897318242071989;5.188207415816727;1.088032507039028;0.9923056492031689
53.7299475;86.8466451;12.0;0.0;0.0275313551544814;-0.9870500662791885;-0.1233812582848985;7.122274804026135;1.4585664383063754;0.9951124276956635
53.7300437;86.8467669;10.0;0.0;0.0479249515652085;-0.9870500662791885;-0.1315386968491893;7.581938545252341;1.7652864984732868;0.9969288154592889
53.7301346;86.8468578;11.0;0.0;0.0550627103089629;-0.9788926277148976;-0.1254206179259712;7.289843318977974;2.00260827232862;0.9884295675778211
53.7302225;86.8469969;11.0;0.0;0.1040073416947078;-0.9809319873559702;-0.1040073416947078;6.018918579609122;2.0166480130252022;0.9918984918180552
53.7303297;86.8471553;13.0;0.0;0.0316100744366269;-0.9972468644845518;-0.1193025390027531;6.818589163381611;2.191761516612084;1.0048550150855906
53.7304204;86.8473228;12.0;0.0;0.0224329560517997;-0.9972468644845518;-0.133578056490262;7.627270578399576;2.137942497414898;1.006403320452197
53.7305005;86.8475309;11.0;0.0;0.0265116753339451;-1.0003059039461608;-0.1223615784643621;6.971587232281156;2.1440525528804466;1.0081106716441646
53.7306071;86.8479447;14.0;0.0;0.0127459977567043;-0.99214846538187;-0.0968695829509533;5.576008639352128;2.1464789575074907;0.996947718749336
53.7306685;86.8482365;21.0;0.0;0.061180789232181;-1.0079535026001831;-0.0520036708473538;2.948044873821096;2.037923696557461;1.011146742148067
53.7308041;86.8487049;23.0;30.0;0.0917711838482716;-1.0217191801774244;-0.0693382277964719;3.866863956864415;1.811470088265728;1.0281730511744105
53.7309908;86.8490452;19.0;0.0;0.0367084735393086;-0.9819516671765066;-0.0876924645661262;5.099675940851507;1.4776590021803226;0.9865427294557435
53.7311499;86.8492043;14.0;0.0;-0.0152951973080452;-1.0013255837666972;-0.1029876618741715;5.871618196856803;1.1627630061929872;1.0067240566633529
53.7312987;86.8493275;12.0;0.0;-0.0142755174875089;-0.9952075048434792;-0.1172631793616804;6.7193698916581335;0.8281041561100986;1.0021938042765628
53.7314068;86.8493588;10.0;0.0;-0.0214132762312633;-0.99214846538187;-0.1264402977465075;7.261003766418824;0.5411845801458706;1.0004020465056944
53.7315267;86.8494019;10.0;0.0;-0.0173345569491179;-0.9972468644845518;-0.1320485367594575;7.541705786251232;0.2665669471124458;1.0061006965752515
53.7316796;86.8493756;11.0;0.0;-0.0091771183848271;-0.9941878250229428;-0.1254206179259712;7.189797409393397;0.1016365858327325;1.0021097656078555
53.7319251;86.8493139;14.0;0.0;0.020393596410727;-1.0013255837666972;-0.0892219842969307;5.090778393587216;-0.0045037056134474;1.0054995703440963
53.7321217;86.8492545;16.0;0.0;0.0020393596410727;-1.00336494340777;-0.0846334251045171;4.82145274582097;0.0239287368928049;1.0069300796442346
53.7323358;86.8492126;16.0;0.0;0.0122361578464362;-1.009483022330988;-0.0907515040277353;5.136648240144223;-0.1092166827019376;1.0136279058000746
53.7325045;86.8491253;15.0;0.0;0.003059039461609;-1.00336494340777;-0.1050270215152442;5.975635168727432;-0.2296669318040038;1.0088514472559718
53.7327947;86.8488779;12.0;0.0;-0.0010196798205363;-0.9880697460997246;-0.130519017028653;7.52491298450169;-0.258320300803427;0.9966534386187791
53.7328944;86.8487472;11.0;0.0;-0.0163148771285816;-0.99214846538187;-0.1366370959518711;7.840310397761792;-0.3970957020020416;1.0016458698389772
53.7329674;86.8486154;10.0;0.0;-0.0081574385642908;-1.0074436626899157;-0.1407158152340165;7.951151662812355;-0.3888191036317584;1.0172562204061357
53.7330271;86.8484703;10.0;0.0;-0.0050983991026817;-0.9952075048434792;-0.1152238197206077;6.604139831701704;-0.2036869128250444;1.0018685043463542
53.7330772;86.84829;12.0;0.0;-0.0040787192821453;-1.0031100234526358;-0.1009483022330987;5.746584654859567;-0.1000983135865855;1.0081849606227398
53.7331254;86.8480054;13.0;0.0;0.0112164780258998;-1.0043846232283062;-0.0938105434893443;5.3356724715262285;-0.1215959086443724;1.0088184667354867
53.7331473;86.8477713;14.0;0.0;-0.0020393596410727;-1.0054043030488429;-0.1101254206179259;6.250873681863676;-0.1739320213262074;1.0114195864442956
53.7331669;86.8474581;13.0;0.0;-0.0010196798205363;-1.0008157438564291;-0.0948302233098807;5.4127798813756245;-0.3053774942701998;1.005298942678662
53.7331724;86.8472076;11.0;0.0;-0.0152951973080452;-1.0013255837666972;-0.1356174161313347;7.712197223521256;-0.5238817126125384;1.0105834707358659
53.7331713;86.8470017;11.0;0.0;-0.023452635872336;-0.9890894259202612;-0.1254206179259712;7.224762805392815;-0.6223519560673187;0.9972854405823665
53.7331701;86.8468469;12.0;0.0;0.0020393596410727;-0.9850107066381156;-0.0989089425920261;5.734070025323174;-0.6925850394891584;0.9899662772560176
53.7331906;86.846381;15.0;0.0;-0.0010196798205363;-1.0013255837666972;-0.1121647802589986;6.39141399739377;-0.7795101940915705;1.0075886573315536
53.7332075;86.8460907;16.0;0.0;-0.0101967982053635;-0.9901091057407974;-0.0968695829509534;5.587584830702615;-0.8252855670267998;0.9948888038698466
53.7332257;86.8457761;17.0;0.0;-0.0387478331803813;-1.0278372591006424;-0.0662791883348628;3.686948271676464;-0.8749354544519448;1.0307006144259465
53.7332455;86.8454887;18.0;0.0;-0.0224329560517997;-1.012542061792597;-0.0744366268991536;4.203485228542276;-0.9422559023838166;1.015522267525705
53.7332648;86.8451752;18.0;0.0;-0.0132558376669725;-0.99214846538187;-0.0948302233098807;5.459299227014835;-1.1069060141212412;0.9967582785434264
53.7332695;86.8448215;17.0;0.0;-0.0152951973080452;-0.99214846538187;-0.0887121443866625;5.108863827650215;-1.3047616489142988;0.9962240536053985
53.7332733;86.8445181;16.0;0.0;-0.0214132762312633;-1.0043846232283062;-0.0999286224125624;5.680513101804513;-1.444200478926963;1.0095705668023882
53.7332932;86.844154;15.0;0.0;-0.0356887937187723;-1.011522381972061;-0.1080860609768532;6.095423969014049;-1.5667497215630928;1.0179065850091673
53.7332998;86.8438022;14.0;0.0;-0.0367084735393086;-1.0013255837666972;-0.092790863668808;5.290832449047083;-1.5584402724659745;1.006285536572849
53.7332947;86.8435155;13.0;0.0;-0.0305903946160905;-0.9855205465483838;-0.1172631793616804;6.782259166607444;-1.6774699805020508;0.9929436908233029
53.7332882;86.8433042;13.0;0.0;-0.0061180789232181;-1.0084633425104517;-0.1009483022330988;5.716224528954032;-1.7395500404200022;1.0135217332651572
53.7332811;86.8430411;13.0;0.0;-0.0418068726419904;-0.9982665443050882;-0.1172631793616804;6.693835445572074;-1.7907105170689646;1.0059992849465331
53.733268;86.8428488;15.0;0.0;-0.0224329560517997;-0.9931681452024064;-0.0560823901294993;3.2311332941617823;-1.8865025245407645;0.9950032344895404
53.7332575;86.8425823;17.0;0.0;-0.0326297542571632;-1.00336494340777;-0.0831039053737126;4.732237244342905;-1.9091780676377796;1.0073292260283742
53.7332602;86.8422778;18.0;0.0;-0.0351789538085041;-1.011522381972061;-0.0764759865402263;4.321010141148932;-1.870408474367084;1.0150190463921323
53.7332594;86.8419186;20.0;0.0;-0.0428265524625267;-1.0054043030488429;-0.0734169470786173;4.172687053790156;-1.7562474499089331;1.0089905719595695
53.7332699;86.8415451;20.0;0.0;-0.0443560721933312;-1.009483022330988;-0.0560823901294993;3.1767712366980216;-1.6748161854026005;1.0120121876724426
53.7332795;86.8411707;21.0;0.0;-0.0326297542571632;-1.0074436626899157;-0.0836137452839808;4.741968686704975;-1.5158235298064722;1.0114339784471202
53.7333307;86.8408123;20.0;0.0;-0.0122361578464362;-1.01458142143367;-0.0683185479759355;3.852013111955488;-1.2355164540757937;1.0169526086670653
53.7333798;86.840503;19.0;0.0;-0.0214132762312633;-1.0003059039461608;-0.0632201488732537;3.6155040471259454;-1.03504396730408;1.0025304070660694
53.7334344;86.840148;19.0;0.0;-0.020393596410727;-1.0166207810747423;-0.078515346181299;4.4153986440249655;-0.8162205293025769;1.0198521318669447
53.733537;86.8397898;19.0;0.0;-0.040787192821454;-1.020699500356888;-0.0825940654634444;4.622568812509655;-0.7926375748651008;1.0248477178473077
53.7336779;86.8394443;19.0;0.0;-0.003059039461609;-1.006423982869379;-0.0672988681553992;3.825615774414825;-0.688908717120684;1.0086762258882132
53.7338454;86.8391254;19.0;0.0;-0.0050983991026817;-1.0084633425104517;-0.0703579076170082;3.99086226191548;-0.970459294659166;1.0109275651722067
53.7340174;86.8387854;17.0;0.0;-0.011726317936168;-0.986030386458652;-0.1019679820536351;5.903705081479739;-0.8411813780936155;0.9913581083121423
53.7341268;86.838562;16.0;0.0;0.0012745997756704;-0.997246864484552;-0.0632201488732537;3.6273906626540686;-0.802203034733383;0.9992495787101514
53.7342079;86.8382335;19.0;0.0;0.020393596410727;-1.0054043030488429;-0.07545630671969;4.29116314308668;-0.5738987184780289;1.0084380821783105
53.7342139;86.8377787;22.0;0.0;0.0224329560517997;-1.0421127765881513;-0.0560823901294993;3.079748710927909;-0.4336240336217462;1.0438618256877321
53.7342207;86.8372479;26.0;0.0;0.0071377587437544;-1.023758539818497;-0.0499643112062812;2.7940231495845222;-0.2046871911640389;1.0250019160204058
53.7342688;86.8368352;26.0;0.0;-0.0040787192821454;-1.0023452635872336;-0.0774956663607627;4.420954303887124;-0.021755917532731;1.0053448372033558
53.7343034;86.8363578;25.0;0.0;-0.0132558376669725;-1.00336494340777;-0.0693382277964719;3.952835645317051;0.0382271912109585;1.0058452747445235
53.7343735;86.8359671;25.0;0.0;-0.0448659121035994;-0.971754868971143;-0.0509839910268175;3.000130687495554;0.1689225229321078;0.9741251679219842
53.7345272;86.8356344;26.0;0.0;-0.0285510349750178;-1.015601101254206;-0.0305903946160905;1.7245739478771087;0.2057751476531006;1.0164627542166358
53.7347133;86.8352829;29.0;0.0;-0.0448659121035994;-0.9880697460997246;-0.0550627103089629;3.186378043958119;0.28406233805046;0.9906193392484476
53.7352235;86.8344619;36.0;0.0;-0.0025491995513408;-0.9737942286122158;-0.0397675130009177;2.338520217348335;0.2466381530157151;0.9746092310188176
53.7354872;86.83406;35.0;0.0;-0.0346691138982359;-1.00336494340777;-0.0122361578464362;0.698277712044838;0.1501948672710282;1.004038286459739
53.7357439;86.8336767;28.0;30.0;0.1121647802589986;-1.0594473335372694;0.0285510349750178;-1.535114540751984;0.1677860093732626;1.0657507926658671
53.7358773;86.8332469;26.0;30.0;0.0326297542571632;-1.020699500356888;-0.058121749770572;3.2574168882110244;0.2363415550509535;1.0228735545941523
53.7358942;86.8327774;23.0;30.0;0.037728153359845;-0.9911287855613338;-0.0713775874375446;4.11615714310387;-0.0622462770814623;0.9944116064852787
53.7358177;86.8323937;20.0;0.0;0.0010196798205363;-0.9890894259202612;-0.0652595085143265;3.774866750505274;-0.2318880400664201;0.9912405034429029
53.7357746;86.8320946;19.0;0.0;0.0183542367696543;-0.979912307535434;-0.0632201488732537;3.6907404194710502;-0.3842595443299924;0.9821210697721396
53.7357286;86.8317158;22.0;0.0;-0.0183542367696543;-1.0227388599979603;-0.0571020699500356;3.195135530611688;-0.5146217435871732;1.0244961201243774
53.7356673;86.8312961;27.0;0.0;-0.0295707147955541;-1.0023452635872336;-0.0448659121035994;2.56178891607105;-0.4353253907227428;1.0037845409639305
53.7355834;86.830649;30.0;0.0;-0.0112164780258998;-0.962577750586316;-0.0214132762312633;1.2742916430185185;-0.3800119448852219;0.9628812303197493
53.7355334;86.8301126;33.0;0.0;-0.0418068726419904;-0.9890894259202612;-0.020393596410727;1.180135474636871;-0.6082395615344607;0.9901826123710409
53.7354742;86.8295158;35.0;0.0;-0.0061180789232181;-1.015601101254206;-0.0326297542571632;1.840161890156336;-0.8507656546682126;1.0161435570928694
53.7354106;86.8289146;36.0;0.0;-0.0397675130009177;-1.023758539818497;-0.0010196798205363;0.0570244845951321;-1.1024212501164978;1.0245311330987046
53.7353409;86.8283073;35.0;0.0;-0.0152951973080452;-1.0298766187417152;-0.0020393596410727;0.1134443305466483;-1.3730719991050009;1.0299922096206873
53.7352727;86.8276503;35.0;0.0;-0.0326297542571632;-1.0227388599979603;-0.040787192821454;2.28260584303593;-1.693294401242313;1.0240718098410213
53.7351993;86.8270649;36.0;0.0;-0.0479249515652085;-0.968695829509534;-0.0509839910268175;3.009113909133065;-1.928772811873379;0.9712197374604341
53.7351397;86.8264421;38.0;0.0;-0.0897318242071989;-1.0054043030488429;-0.040787192821454;2.313911171688657;-1.6762379074268314;1.0102243354636313
53.7350788;86.8257412;38.0;0.0;0.0071377587437544;-0.9697155093300704;-0.0112164780258998;0.662679704743289;-1.4811692303359525;0.9698066436225664
53.7350289;86.8251025;36.0;0.0;-0.0163148771285816;-1.0084633425104517;-0.003059039461609;0.1737758566709032;-1.427112747957796;1.008599943548234
53.7349695;86.8244543;35.0;0.0;0.0071377587437544;-1.0135617416131333;0.0096869582950953;-0.5475652293869478;-1.3012971057545053;1.013633162846768
53.7348547;86.8237507;33.0;0.0;0.0224329560517997;-1.0084633425104517;0.0163148771285816;-0.9266186439599708;-1.1421703164164836;1.008844748175008
53.7347407;86.8231759;33.0;0.0;-0.0489446313857448;-0.9911287855613338;-0.0305903946160905;1.765676795097625;-1.0638441791758064;0.992807946559927
53.7346168;86.8226168;34.0;0.0;-0.0632201488732537;-0.9870500662791885;-0.0071377587437544;0.4134745510725585;-1.12133591970939;0.9890983612185346
53.7345126;86.8220262;35.0;0.0;0.0132558376669725;-1.009483022330988;-0.0010196798205363;0.0578695160355587;-0.8349527320759347;1.0095705668023882
53.7344513;86.8214017;35.0;0.0;-0.0173345569491179;-1.0349750178443968;0.0091771183848271;-0.5079568430303218;-0.6977610754290368;1.0351608541325743
53.7343947;86.8208331;35.0;0.0;-0.0040787192821454;-1.009483022330988;0.0142755174875089;-0.8101827302642428;-0.4167265044266416;1.0095921942670836
53.734279;86.820231;35.0;0.0;-0.0265116753339451;-1.0339553380238604;0.0423167125522585;-2.342868459045016;-0.652498677748069;1.0351604774711398
53.7338101;86.8194037;31.0;0.0;0.0326297542571632;-0.9829713469970428;0.0275313551544814;-1.6034551557257684;-0.8156330970137637;0.9838980360772684
53.7335089;86.8192561;26.0;30.0;-0.0224329560517997;-0.9850107066381156;0.0418068726419904;-2.429720517982632;-0.8297276374166406;0.9861526982719488
53.7332638;86.8192414;21.0;30.0;-0.0214132762312633;-0.9534006322014889;0.0509839910268175;-3.0602594952097117;-1.053235113044601;0.9550029639860693
53.7330301;86.8191869;26.0;30.0;-0.0601611094116447;-1.0492505353319057;0.0448659121035994;-2.444463779216871;-1.542510605590547;1.0519310790393155
53.7327267;86.8190115;36.0;0.0;0.0096869582950953;-1.041093096767615;0.0081574385642908;-0.4489099088276594;-1.554873412713746;1.0411701191938443
53.7323695;86.8187823;39.0;0.0;-0.0336494340776996;-1.0003059039461608;-0.0010196798205363;0.058372445938197;-1.725850254502862;1.0008722324204182
53.7319298;86.8184194;39.0;0.0;-0.0183542367696543;-1.041093096767615;0.0622004690527174;-3.4185620182456637;-1.6171812302893387;1.0431110259674936
53.731452;86.8181208;37.0;0.0;-0.0214132762312633;-1.041093096767615;-0.0040787192821454;0.2244206505291985;-1.2055274442733934;1.041321276305791
53.7309909;86.8177877;37.0;0.0;0.0163148771285816;-1.0217191801774244;0.0050983991026817;-0.2858682680928722;-1.4426736113047849;1.0218621492312743
53.7306439;86.8175431;38.0;0.0;-0.0764759865402263;-0.9870500662791885;-0.0275313551544814;1.5929402067309535;-1.8886104635020016;0.9903910265020041
53.7302876;86.8172124;37.0;30.0;-0.0866727847455898;-1.012542061792597;0.0397675130009177;-2.2409448795231284;-2.161294154629549;1.0170226416383448
53.7299867;86.8168347;35.0;30.0;-0.1284796573875803;-1.0329356582033242;-0.0346691138982359;1.907646032646186;-2.603806207194307;1.04147253627201
53.7297874;86.8163538;36.0;30.0;-0.0081574385642908;-0.9758335882532884;-0.0101967982053635;0.5986592758707909;-2.637505259998606;0.9759209550270245
53.7296104;86.8157672;36.0;30.0;0.0015295197308045;-0.92790863668808;-0.0101967982053635;0.6295977531512691;-3.0566029985005585;0.9279659218767567
53.7292881;86.8146513;35.0;30.0;-0.0622004690527174;-0.9992862241256244;0.0622004690527174;-3.5549124731031903;-3.0966078782395168;1.003150414657744
53.7291714;86.8140994;36.0;0.0;-0.0275313551544814;-1.0716834913837054;0.0285510349750178;-1.5255696362269826;-3.24095494857567;1.0724171962530047
53.7290056;86.8134984;36.0;0.0;0.0081574385642908;-1.047211175690833;0.0601611094116447;-3.287864850607486;-3.374236735796992;1.0489695655172018
53.7288416;86.8129504;32.0;0.0;-0.0509839910268175;-1.0257978994595698;0.0101967982053635;-0.5688197050802642;-3.718841552016346;1.0271147319410472
53.7286609;86.8123601;29.0;60.0;-0.0214132762312633;-1.0563882940756602;0.07545630671969;-4.084780522198322;-3.359266670992922;1.0592961863817012
53.728611;86.811875;27.0;60.0;-0.0866727847455898;-0.9982665443050882;0.0346691138982359;-1.9815948769627345;-3.397711429604844;1.0026216697004244
53.7286661;86.8114437;22.0;60.0;-0.1967982053635158;-1.0247782196390334;0.0265116753339451;-1.4553665940919294;-3.309205703191078;1.0438404102207675
53.7288304;86.8112496;17.0;0.0;-0.0887121443866625;-0.9850107066381156;-0.0336494340776996;1.948667451077879;-3.065730228753952;0.9895697151626809
53.7290165;86.8112309;19.0;0.0;-0.0591414295911083;-0.9788926277148976;-0.0489446313857448;2.857203987263364;-2.575560264247484;0.9818981934142376
53.729235;86.8111422;25.0;0.0;-0.0356887937187723;-0.9839910268175792;-0.0418068726419904;2.431268578545249;-2.266791254407329;0.985525162263612
53.7295077;86.8110053;29.0;60.0;0.0101967982053635;-1.0074436626899157;0.0295707147955541;-1.681189922841484;-1.8813548415747787;1.0079291321125872
53.7297625;86.8108505;28.0;60.0;-0.0978892627714897;-1.0278372591006424;0.0122361578464362;-0.678988321728818;-1.7863939715961734;1.0325606338226874
53.7300512;86.8106784;30.0;60.0;0.0132558376669725;-1.0003059039461608;-0.0254919955134087;1.4596930159617478;-1.6265211769232213;1.0007184721673996
53.7303934;86.8105854;32.0;60.0;-0.0152951973080453;-1.049760375242174;-0.0127459977567043;0.6955668331307276;-1.2225453127453323;1.0499491649351869
53.7307787;86.8104075;31.0;60.0;-0.0101967982053635;-1.055368614255124;0.0224329560517997;-1.2176411170446004;-0.9959401534441132;1.055656252842583
53.731095;86.810263;30.0;60.0;0.0101967982053635;-1.061486693178342;0.0183542367696543;-0.990560711619684;-0.6752150455524943;1.0616943310085671
53.7313674;86.8099978;27.0;60.0;0.0723972672580809;-1.0308962985622514;0.0132558376669725;-0.7348906061697881;-0.1587621943099746;1.0335203239066184
53.7315685;86.8096613;25.0;60.0;-0.0606709493219129;-0.9666564698684612;-0.003059039461609;0.1809590808217173;0.0142759012208922;0.968563396248591
53.7317142;86.809295;22.0;60.0;0.0346691138982359;-0.93912511471398;-0.0672988681553991;4.096099025422562;0.4476881528485498;0.9421714632698407
53.7317875;86.8088563;18.0;0.0;0.0458855919241358;-1.0003059039461608;-0.1019679820536351;5.8143715092490735;0.6827832637965701;1.0065360690903553
53.7317968;86.8085328;15.0;0.0;0.0254919955134087;-1.00336494340777;-0.0968695829509534;5.512745769982825;0.5497305289259636;1.0083525016560553
53.7318196;86.8082996;14.0;0.0;0.0152951973080452;-0.9870500662791885;-0.1029876618741715;5.955912074829681;0.7008392812328603;0.9925261885213664
53.7318072;86.8080312;15.0;0.0;-0.0081574385642908;-0.9992862241256244;-0.0795350260018354;4.550532211670308;0.9503033084011068;1.002479586770868
53.7317762;86.8073602;23.0;0.0;-0.0601611094116447;-0.986030386458652;-0.0081574385642908;0.4731179376694797;0.8464845616827175;0.9878976798785231
53.7317637;86.8069381;25.0;0.0;-0.0458855919241358;-0.9845008667278474;0.0489446313857448;-2.8430451035361624;0.5714856303202843;0.9867841816099392
53.7317411;86.8060451;25.0;0.0;0.0428265524625267;-1.0074436626899157;0.0193739165901906;-1.1007122547282366;-0.0733366819024565;1.0085396351824463
53.731744;86.8056128;22.0;0.0;0.0010196798205363;-1.0288569389211788;0.023452635872336;-1.305821711989187;-0.0294519863115037;1.0291247089845599
53.731726;86.8052364;21.0;0.0;-0.0015295197308045;-1.012542061792597;0.0509839910268175;-2.882546113686331;-0.368293117417808;1.0138259878651923
53.7317112;86.8048632;21.0;0.0;0.0061180789232181;-0.9829713469970428;0.0418068726419904;-2.435338833149133;-0.5705617381169538;0.9838790141612916
53.7317044;86.8044724;21.0;30.0;-0.0101967982053635;-1.0105027021515245;0.0530233506678902;-3.0035311514215337;-0.7133547975730905;1.0119442482000793
53.7316699;86.8040283;21.0;30.0;0.0550627103089629;-1.0023452635872336;0.0458855919241358;-2.617129022631485;-0.7346891389784835;1.0049046805784905
53.7316371;86.8036371;22.0;30.0;0.0168247170388497;-1.026307739369838;0.0601611094116447;-3.3543312573219537;-1.357225501524905;1.0282071805232178
53.7315691;86.8031339;24.0;30.0;0.0081574385642908;-1.0339553380238604;0.0693382277964719;-3.836457079479917;-1.4839394555662624;1.0363097870163733
53.7313088;86.8022336;28.0;0.0;-0.0265116753339451;-1.006423982869379;0.0550627103089629;-3.1305175383044013;-1.1859733655633486;1.0082777416417787
53.7311728;86.8017904;30.0;60.0;-0.0836137452839808;-1.0298766187417152;0.0428265524625267;-2.373424428946352;-0.9182443239298652;1.0341524171161174
53.7310704;86.801304;31.0;60.0;-0.1549913327215254;-1.0461914958702967;-0.0163148771285816;0.8837846136515772;-0.7435245669688669;1.0577358528790846
53.7311237;86.8007429;28.0;60.0;-0.0632201488732537;-0.9982665443050882;-0.0244723156928724;1.4015073699857823;-0.397815683518666;1.0005657274451043
53.7313573;86.7999269;29.0;60.0;0.0326297542571632;-0.9809319873559702;0.0152951973080452;-0.8928192102687114;-0.477712942219069;0.9815937080797269
53.731438;86.799342;33.0;60.0;0.0458855919241358;-0.9330070357907616;0.040787192821454;-2.500121918498704;-1.011697175851199;0.9350247116945873
53.7313937;86.7987857;34.0;60.0;-0.0683185479759355;-0.93912511471398;0.0040787192821454;-0.2481842037552388;-1.2553397366001413;0.941615654625107
53.7313678;86.798171;37.0;0.0;0.0122361578464362;-1.0227388599979603;-0.0050983991026817;0.2855992262913593;-1.3771712881299425;1.0228247616195947
53.7313772;86.7975404;38.0;0.0;-0.0285510349750178;-1.0023452635872336;0.0091771183848271;-0.5243525543223243;-1.6039820386505697;1.0027938016041755
53.7313911;86.7968375;39.0;0.0;-0.0336494340776996;-0.9829713469970428;-0.037728153359845;2.196747446967417;-1.8127318637797745;0.9842704745073247
53.7313971;86.7962035;39.0;0.0;0.0040787192821454;-1.0431324564086877;0.020393596410727;-1.1200008521283042;-1.9778348916303028;1.0433397607389305
53.7313397;86.7948917;31.0;0.0;0.0856531049250535;-1.0339553380238604;0.0071377587437544;-0.3941765477185897;-1.729001072399024;1.037521586768787
53.7312196;86.7944132;28.0;0.0;0.0530233506678902;-1.0074436626899157;-0.0081574385642908;0.4632821054184843;-1.5443047272116603;1.008871028929889
53.7308356;86.7936964;27.0;0.0;-0.0509839910268175;-0.99214846538187;-0.0540430304884266;3.1137601554440906;-1.0565684236075563;0.9949264263476949
53.7306527;86.7933855;26.0;0.0;-0.0637299887835219;-0.9906189456510656;-0.0418068726419904;2.41162752970772;-0.7297932459225233;0.9935467888093042
53.7304674;86.7930722;27.0;0.0;-0.0509839910268175;-1.0166207810747423;-0.003059039461609;0.17218763736151;-0.8965312402487243;1.0179030099063806
53.7302545;86.7927313;26.0;0.0;-0.1468338941572346;-0.9574793514836342;-0.0458855919241358;2.712047980100957;-1.177027182801102;0.9697589332082107
53.7300831;86.7924063;25.0;0.0;-0.1233812582848985;-1.009483022330988;-0.0489446313857448;2.755331739896288;-1.4271118318298956;1.0181721289703218
53.7299641;86.7920057;19.0;0.0;0.0091771183848271;-0.9829713469970428;-0.0713775874375446;4.153012130679329;-1.1076289375971948;0.9856021755796982
53.7298483;86.7916595;14.0;0.0;0.0295707147955541;-1.009483022330988;-0.1060467013357805;5.994402564729216;-0.7772609874645318;1.0154685137473374
53.7297827;86.7914403;14.0;0.0;-0.0270215152442133;-0.9982665443050882;-0.1182828591822167;6.754919735929912;-0.8115188220669269;1.005612793544929
53.7296836;86.7911876;14.0;0.0;0.0168247170388498;-0.9972468644845518;-0.0836137452839808;4.792051991438538;-0.6747090051751755;1.0008874253521831
53.7295945;86.7909705;15.0;0.0;0.0479249515652085;-1.0257978994595698;-0.0815743856429081;4.541822814748256;-0.4878415664708748;1.0301516936408983
53.7294454;86.7906422;18.0;0.0;0.0479249515652085;-1.012542061792597;-0.0520036708473539;2.9368182203011397;-0.753575265697159;1.0150086746739315
53.7292571;86.7903259;21.0;0.0;0.0163148771285816;-1.0084633425104517;-0.0418068726419904;2.373585219296594;-0.5955235335500588;1.0094613925273104
53.7290656;86.7901088;25.0;0.0;0.0336494340776996;-1.012542061792597;-0.0122361578464362;0.6919804531520836;-0.2062010977040926;1.0131749280710591
53.7288226;86.7898402;29.0;0.0;-0.0571020699500356;-1.020699500356888;-0.0346691138982359;1.942327725434721;0.19525992335054;1.0228832112611235
53.7285592;86.7895768;30.0;0.0;-0.0469052717446721;-0.979912307535434;-0.0367084735393086;2.142901531891298;0.4776431751033068;0.9817208090931182
53.7282805;86.7892981;30.0;0.0;0.0469052717446721;-1.023758539818497;-0.0183542367696543;1.026029023542114;0.5004033434941453;1.024996844081063
53.7279814;86.7891014;29.0;0.0;-0.0081574385642908;-1.0003059039461608;0.0224329560517997;-1.2846625961677125;0.5560425926437688;1.0005906669516251
53.7276952;86.78902;27.0;0.0;0.0438462322830631;-1.0421127765881513;0.0642398286937901;-3.524357798596506;0.4179885958441925;1.0450111419522252
53.7274325;86.7890133;25.0;0.0;-0.037728153359845;-1.0054043030488429;0.0428265524625267;-2.437403066943548;0.1504397765084401;1.0070230085459313
53.7271591;86.7889959;26.0;0.0;-0.011726317936168;-0.9992862241256246;0.0367084735393086;-2.103652242322325;0.2279762818921903;1.000028987724443
53.7268782;86.7889966;27.0;0.0;-0.0214132762312633;-0.9656367900479248;0.0458855919241358;-2.719894210461643;0.1952466668478469;0.9669635082252301
53.7265822;86.7889822;30.0;30.0;0.0020393596410727;-0.9870500662791885;0.0530233506678902;-3.074910380076576;0.1709191992761083;0.9884753249553303
53.7262688;86.7889504;33.0;30.0;-0.0591414295911083;-0.9880697460997246;-0.0020393596410727;0.1180461036798072;0.037570615464782;0.989840235007347
53.7255128;86.7888856;30.0;30.0;0.0723972672580809;-0.968695829509534;0.037728153359845;-2.2241957076254617;0.2246657988626915;0.9721298205340407
53.7252141;86.7889965;28.0;30.0;-0.0061180789232181;-1.01458142143367;-0.0356887937187723;2.0145621909059117;0.2473420008277325;1.015227354637954
53.7249465;86.7892409;28.0;30.0;0.0285510349750178;-1.0716834913837054;-0.0173345569491179;0.9263538828612716;0.2217832165465003;1.0722038771461029
53.7246963;86.7895027;27.0;30.0;0.0387478331803813;-1.055368614255124;0.0050983991026817;-0.2766026891064262;0.2590461802344511;1.0560919941957543
53.7244801;86.7898241;28.0;30.0;-0.0183542367696543;-0.971754868971143;-0.0305903946160905;1.802727941715293;0.0437172588316364;0.9724094691123119
53.724273;86.7901802;29.0;30.0;0.037728153359845;-0.9941878250229428;-0.0163148771285816;0.9394779368691268;-0.3786472360197993;0.9950371953829235
53.7240617;86.7905321;29.0;0.0;0.0387478331803813;-0.9880697460997246;-0.023452635872336;1.358662503506562;-0.4472541680927005;0.9891072964360891
53.7238792;86.7909384;29.0;0.0;-0.0387478331803813;-1.0247782196390334;0.0305903946160905;-1.7085938442148354;-0.8164000842945305;1.0259666496848179
53.7237018;86.7913498;29.0;0.0;-0.0326297542571632;-1.0380340573060058;0.0367084735393086;-2.0243338329674656;-0.9702118517507368;1.0391953218811356
53.7235225;86.7917337;27.0;0.0;-0.0469052717446721;-1.01458142143367;-0.0040787192821454;0.2300877994843657;-1.1214279728030252;1.0156732748215787
53.7233453;86.7920941;21.0;30.0;0.0050983991026817;-1.0196798205363515;0.0346691138982359;-1.947282050427194;-1.226165214485134;1.0202817637990718
53.723217;86.7923754;19.0;0.0;-0.0672988681553992;-1.017640460895279;0.0193739165901906;-1.0882930138709956;-1.431240776244702;1.0200473488766084
53.7231371;86.7926795;19.0;90.0;-0.0040787192821454;-1.072703171204242;0.1050270215152442;-5.5918948388376855;-1.3831343524181985;1.0778401573104353
53.7230444;86.7929452;19.0;90.0;-0.0764759865402263;-0.9972468644845518;0.0458855919241358;-2.626749094181548;-1.4689276922242598;1.0012269337107342
53.7227845;86.7935813;26.0;90.0;-0.0214132762312633;-0.9559498317528295;0.0112164780258998;-0.6720710588541025;-1.13597374997142;0.9562554149423286
53.7226032;86.7939632;27.0;90.0;-0.0336494340776996;-1.0665850922810238;0.011726317936168;-0.6295863214701024;-1.0246685347352045;1.0671801862957397
53.722448;86.7943456;26.0;90.0;-0.0316100744366268;-1.0686244519220964;0.0316100744366268;-1.693583514372835;-0.7843458281323039;1.0695590740382594
53.7221307;86.7948987;19.0;90.0;-0.0560823901294993;-1.0920770877944326;0.1050270215152442;-5.486158779194921;-0.3590125584817047;1.0985482581191277
53.7219573;86.7950325;18.0;90.0;0.0010196798205363;-0.986030386458652;0.078515346181299;-4.552723472522774;-0.2701443615785301;0.9891519713131569
53.7217629;86.7950685;20.0;90.0;-0.0101967982053635;-0.9880697460997246;0.058121749770572;-3.366281824773537;-0.0752905984010503;0.989830255977058
53.72151;86.7950972;19.0;90.0;0.0520036708473539;-1.0023452635872336;0.061180789232181;-3.4881859065430105;0.3271806308814723;1.0055563127883158
53.7213126;86.7951046;19.0;90.0;0.0708677475272764;-1.0023452635872336;0.0545528703986947;-3.10752049089958;0.4726484591874826;1.0063271241222147
53.7210482;86.795045;19.0;90.0;0.0122361578464362;-1.00336494340777;0.0897318242071989;-5.11003960202113;0.8142360113539984;1.0074436626899153
53.7208046;86.7949294;20.0;90.0;0.0265116753339451;-1.017640460895279;0.0397675130009177;-2.237116458179829;1.1415786000335235;1.0187622056547085
53.7205641;86.7948169;19.0;90.0;0.0591414295911083;-0.9850107066381156;0.0805547058223717;-4.666908138007259;1.303432911292553;0.9900670995018109
53.7202985;86.7947049;20.0;90.0;0.0163148771285816;-0.93912511471398;0.0887121443866625;-5.3954829257040124;0.6026285233867273;0.9434468723059857
53.7200887;86.7946999;22.0;90.0;-0.0122361578464362;-1.0390537371265425;0.0637299887835219;-3.5095765413461883;-0.0890420347689376;1.0410782408953827
53.7198614;86.794575;20.0;90.0;-0.0081574385642908;-0.942693994085857;0.0448659121035994;-2.724736879523494;-0.7303101845142039;0.9437963023652741
53.7196579;86.7944995;18.0;90.0;-0.0081574385642908;-0.8667278474558988;0.0142755174875089;-0.943568087800196;-0.9323950235020192;0.8668837844596022
53.7194894;86.7944078;15.0;90.0;-0.0152951973080453;-0.979912307535434;-0.0224329560517997;1.3112732297830731;-1.1281691384943235;0.9802883815680633
53.719333;86.7942514;14.0;90.0;-0.0662791883348628;-1.058427653716733;-0.040787192821454;2.2025279776278355;-1.3672480203505004;1.0612848929749688
53.7192196;86.7940868;13.0;90.0;-0.020393596410727;-1.026307739369838;0.0081574385642908;-0.4553066302741992;-1.588977900028857;1.0265427504341558
53.7190442;86.7939882;15.0;90.0;0.0122361578464362;-1.023758539818497;-0.0183542367696543;1.0270317948360888;-1.868468240173072;1.0239961667006086
53.7188658;86.7939634;17.0;90.0;-0.0331395941674313;-0.956969511573366;-0.023452635872336;1.4030369905242916;-2.0148568023935973;0.9578303111260935
53.7186526;86.7939806;18.0;90.0;-0.0367084735393086;-1.015601101254206;-0.0020393596410727;0.114976531743042;-2.1501256113862857;1.016266337082011
53.7182159;86.7938767;21.0;90.0;-0.1152238197206077;-0.9146527990211074;-0.1233812582848985;7.622955589761067;-2.1968141662336853;0.9301017182459766
53.7180081;86.7937457;21.0;90.0;-0.1937391659019068;-0.971754868971143;0.0091771183848271;-0.5306347168849013;-2.302717967045325;0.9909221005080768
53.7178772;86.7934868;19.0;0.0;-0.1437748546956255;-0.9462628734577344;-0.0520036708473539;3.110011664902518;-2.417083369302755;0.9585348279060268
53.7178537;86.7932073;14.0;60.0;0.0326297542571632;-1.015601101254206;0.0071377587437544;-0.4024668903700613;-2.218485368375453;1.0161502080556413
53.7178271;86.7930015;8.0;60.0;0.116243499541144;-0.9319873559702252;-0.0193739165901906;1.1817248368583442;-2.1208942938494006;0.9394085008759431
53.7177517;86.7929517;6.0;60.0;0.0693382277964719;-0.9911287855613338;0.0183542367696543;-1.0583255919306842;-2.0820938771590574;0.9937207542411682
53.7176764;86.7929788;3.0;60.0;-0.0101967982053635;-1.0003059039461608;-0.0045885591924135;0.2628091793859288;-2.016644569263083;1.0003683976609061
53.717642;86.7929956;1.0;60.0;-0.0295707147955541;-0.9972468644845518;0.0265116753339451;-1.5221732586146233;-1.931810038545708;0.9980373764678367
53.7176386;86.7930178;3.0;60.0;-0.0275313551544814;-1.0166207810747423;0.0509839910268175;-2.8699534423117288;-1.8725267057764152;1.018270669012264
53.7177022;86.792979;7.0;60.0;-0.0805547058223717;-1.009483022330988;-0.040787192821454;2.3063988576885266;-1.832777448284415;1.013513013287392
53.7177427;86.7929683;4.0;60.0;-0.0295707147955541;-1.012542061792597;0.003059039461609;-0.173024735001639;-1.60941323095854;1.0129783866377164
53.717823;86.7929206;6.0;60.0;-0.0989089425920261;-1.0247782196390334;0.040787192821454;-2.268694472638115;-1.483873953370987;1.0303479865897123
53.7178848;86.7929056;6.0;60.0;-0.0428265524625267;-0.9992862241256244;0.058121749770572;-3.325713348916405;-1.420982671580085;1.0018908169653349
53.7179342;86.7929038;3.0;60.0;-0.0265116753339451;-0.9982665443050882;0.0774956663607627;-4.43742364739077;-1.4356171821119543;1.0016209566061074
53.7179779;86.7928963;6.0;60.0;-0.0469052717446721;-0.9962271846640156;0.092790863668808;-5.315451632325615;-1.8771430580774684;1.00163808452027
53.7180286;86.7928958;3.0;60.0;-0.0152951973080452;-1.0023452635872336;0.0642398286937901;-3.6666181524229513;-2.352925439835377;1.0045181561759153
53.7180426;86.7928586;3.0;60.0;-0.0550627103089629;-0.9992862241256244;0.0520036708473539;-2.974527621734406;-2.8444833351811862;1.0021523045802052
53.7180405;86.7928821;2.0;60.0;-0.0479249515652085;-1.012542061792597;0.1203222188232894;-6.76927506573537;-3.333335751910407;1.0207916850289733
53.7180389;86.7928805;1.0;60.0;-0.0489446313857448;-0.9982665443050882;0.0662791883348628;-3.7939928709586255;-3.8010016978185575;1.0016609212835634
53.718054;86.7928444;1.0;60.0;-0.0499643112062812;-1.0084633425104517;0.0917711838482716;-5.193317104068995;-4.229000180701151;1.0138622666647497
53.7180615;86.7928263;1.0;60.0;-0.0504741511165494;-1.0043846232283062;0.0887121443866625;-5.041215077706583;-4.598850208353707;1.0095573068776647
53.7180641;86.7928289;4.0;60.0;-0.0418068726419904;-1.01458142143367;0.1284796573875803;-7.211076787603128;-4.892070788571727;1.0235381271261466
53.7181857;86.7927713;9.0;60.0;-0.0917711838482716;-1.0043846232283062;0.0825940654634444;-4.681640271012213;-5.090180929150741;1.0119447619372115
53.718259;86.7927678;6.0;60.0;-0.1325583766697257;-1.00336494340777;0.0989089425920261;-5.581680023604476;-5.174699637886242;1.0169050652886251
53.7183231;86.7927551;6.0;60.0;-0.0764759865402263;-1.017640460895279;0.1121647802589986;-6.272232585072771;-5.127145922573762;1.0266555518278788
53.7183858;86.792741;5.0;60.0;-0.1040073416947078;-1.00336494340777;0.0866727847455898;-4.910891171947778;-4.929038791008816;1.012457855123675
53.7184538;86.7927322;3.0;60.0;-0.0836137452839808;-0.8861017640460895;-0.2018966044661976;12.780712076685242;-4.561897250986903;0.9126498964778259
53.7261122;86.8448066;9.0;0.0;-0.0499643112062812;-1.0084633425104517;0.0101967982053635;-0.5786010238511275;-3.887160018427074;1.0097518112265567
53.7260226;86.8447682;10.0;0.0;-0.0152951973080452;-1.0074436626899157;0.0183542367696543;-1.0436145236578531;-3.109360936671202;1.0077269245991998
53.7259354;86.8447066;10.0;30.0;-0.0744366268991536;-0.9972468644845518;-0.0397675130009177;2.277262766026331;-2.5506178534366626;1.0008114583869792
53.725821;86.8446178;11.0;30.0;-0.0866727847455898;-1.0003059039461608;0.0713775874375446;-4.066282085258104;-2.190615043835597;1.006587717525654
53.7257254;86.8444454;9.0;0.0;-0.0418068726419904;-1.009483022330988;0.0489446313857448;-2.7734297865074438;-2.0090367829801483;1.011533174896452
53.7256566;86.8444022;9.0;0.0;-0.0652595085143265;-0.9656367900479248;-0.0723972672580809;4.277927405606659;-1.9855673459824577;0.9705434447009723
53.7255682;86.844365;9.0;0.0;-0.0499643112062812;-0.9794024676251656;-0.0560823901294993;3.2730359997898804;-2.0998910079546667;0.9822784027286862
53.7254591;86.8443583;11.0;30.0;0.0214132762312633;-0.9972468644845518;-0.0336494340776996;1.9321149358815812;-2.3316920440089177;0.9980441480901413
53.7253447;86.8443463;11.0;0.0;-0.0050983991026817;-0.9737942286122158;-0.0469052717446721;2.7576275933008576;-2.660654729257351;0.9749365609460505
53.7252327;86.8444903;13.0;0.0;-0.0336494340776996;-1.0023452635872336;-0.0356887937187723;2.038024295381688;-3.066463338812109;1.003544718409006
53.7250848;86.8446496;12.0;30.0;-0.1182828591822167;-0.9819516671765066;0.0244723156928724;-1.4173948285611857;-3.5288021477853366;0.9893527205614854
53.7249697;86.8447393;12.0;0.0;-0.0703579076170082;-0.9880697460997246;-0.0224329560517997;1.2973257716010145;-4.02735543128917;0.9908255627702788
53.7248553;86.8447273;10.0;0.0;-0.0897318242071989;-1.0186601407158151;-0.0173345569491179;0.9711493410490376;-4.541807464435756;1.022751567793146
53.7247393;86.8447137;14.0;0.0;-0.1529519730804527;-1.0308962985622514;-0.0438462322830631;2.409104681561146;-5.051842522337315;1.0431030517374467
53.7246324;86.8445556;13.0;0.0;-0.0305903946160905;-1.00336494340777;-0.0632201488732537;3.6036638717478144;-5.433478596557056;1.005819948661788
53.7245754;86.844345;11.0;30.0;-0.0999286224125624;-1.012542061792597;-0.0173345569491179;0.9760577992273264;-5.554700956897689;1.0176087869810766
53.7245448;86.8441608;12.0;30.0;-0.0168247170388498;-0.9697155093300704;-0.040787192821454;2.4081354723472157;-5.871946546374904;0.9707187209675981
53.7244865;86.8440001;13.0;30.0;-0.130519017028653;-1.0711736514734371;-0.0260018354236769;1.3803287005887588;-6.085590010902237;1.0794092369729205
53.7244203;86.8437547;13.0;0.0;-0.1549913327215254;-1.0048944631385746;-0.0367084735393086;2.0676390217437928;-6.042328472909041;1.0174392892428248
53.7243547;86.8435611;12.0;0.0;-0.1376567757724074;-1.020699500356888;-0.0774956663607627;4.302991123070968;-6.019410552041963;1.032851604176299
53.7243166;86.8433438;12.0;0.0;-0.147853573977771;-0.971754868971143;-0.0520036708473539;3.0284858224707225;-5.99128481075607;0.9843132562800948
53.7243215;86.8431183;12.0;30.0;-0.185581727337616;-1.0257978994595698;0.0224329560517997;-1.232783740902495;-5.5200031300777095;1.0426912992705468
53.7243916;86.8429836;10.0;30.0;-0.0713775874375446;-1.0003059039461608;-0.0489446313857448;2.7941361169742507;-5.049680679963265;1.0040429464915517
53.7244937;86.8429065;11.0;0.0;-0.1182828591822167;-0.9676761496889976;-0.0734169470786173;4.306748173514601;-4.544146412440567;0.9776389996167235
53.7246186;86.8429802;12.0;0.0;-0.0418068726419904;-1.006423982869379;-0.0703579076170082;3.995539206832192;-4.300980532114271;1.0097461478307364
53.7248842;86.8432458;15.0;0.0;-0.0183542367696543;-1.0003059039461608;-0.0683185479759355;3.90644446267814;-3.829253567944445;1.0028041700523997
53.7250415;86.8433775;17.0;0.0;-0.0642398286937901;-1.0105027021515245;-0.0968695829509534;5.464834432062136;-3.5167770389533413;1.0171657597202295
53.7252143;86.8434735;19.0;0.0;-0.0193739165901906;-1.023758539818497;-0.0535331905781584;2.992783113402541;-3.4166708896663827;1.0253402844855077
53.7254335;86.8436159;21.0;0.0;-0.0326297542571632;-1.0105027021515245;-0.0652595085143265;3.6931810050982574;-2.974812689943405;1.0131333650462544
53.725661;86.8436898;22.0;0.0;0.0020393596410727;-0.9911287855613338;-0.0520036708473539;3.003499482889172;-2.6910361823443307;0.9924942369291773
53.725895;86.8438214;21.0;0.0;-0.0224329560517997;-1.0003059039461608;-0.0836137452839808;4.776946533368376;-2.047297683327657;1.004045017609859
53.7261699;86.8439683;20.0;0.0;-0.0418068726419904;-1.0105027021515245;-0.0805547058223717;4.553955967359473;-1.658417187279808;1.0145701485288068
53.7263558;86.844103;19.0;0.0;-0.0458855919241358;-0.99775670439482;-0.0713775874375446;4.087553036004698;-1.441708924181344;1.0013584216949718
53.7265238;86.8441942;19.0;0.0;-0.0132558376669725;-1.0003059039461608;-0.0672988681553992;3.848624747609709;-1.3118707225474404;1.002654854053376
53.7266981;86.8443429;20.0;0.0;-0.0448659121035994;-0.9952075048434792;-0.0723972672580809;4.156497198137777;-1.316696368160265;0.9988454795773516
53.72696;86.8445536;23.0;0.0;-0.0316100744366268;-1.012542061792597;-0.061180789232181;3.4560970300955534;-1.4981778206316938;1.0148811322889815
53.7272693;86.8447605;26.0;0.0;-0.037728153359845;-0.9809319873559702;-0.0489446313857448;2.8543572089081435;-1.3822957842339312;0.9828766729939029
53.7275366;86.8449254;28.0;0.0;-0.0326297542571632;-0.9987763842153564;-0.0558274701743652;3.197565665437534;-1.492949358767886;1.0008674602339982
53.7278693;86.8451301;27.0;0.0;-0.0571020699500356;-1.0074436626899157;-0.0764759865402263;4.334120526456984;-1.3534336276021326;1.0119545228931743
53.7282027;86.8453867;26.0;0.0;-0.0173345569491179;-0.99214846538187;-0.0795350260018354;4.582586521948168;-0.9897132364974937;0.9954822372023192
53.7284824;86.8456152;22.0;0.0;-0.0122361578464362;-0.9992862241256244;-0.07545630671969;4.317898776481097;-0.7993643971290777;1.0022057351212208
53.7286721;86.8457537;20.0;0.0;0.0091771183848271;-1.0074436626899157;-0.078515346181299;4.45616728904868;-0.4791294146046657;1.0105402577739746
53.7288609;86.8459169;20.0;0.0;0.0132558376669725;-1.0084633425104517;-0.0591414295911083;3.355983083590096;-0.1501158557243454;1.0102829995173064
53.7290539;86.8460075;21.0;0.0;0.0040787192821454;-1.009483022330988;-0.0530233506678902;3.0066877471917404;0.1369288801107047;1.010882824090675
53.729246;86.8461228;20.0;0.0;-0.0081574385642908;-1.00336494340777;-0.0642398286937901;3.663206596693983;0.4338677233154368;1.0054523902474026
53.7296864;86.8464352;18.0;0.0;-0.003059039461609;-1.0166207810747423;-0.0999286224125624;5.613823017931988;0.911355277184462;1.0215247915800767
53.7298418;86.8465394;15.0;0.0;0.0270215152442133;-1.0084633425104517;-0.0897318242071989;5.0829022875233525;1.3668200471844754;1.012808113982603
53.7299609;86.8466585;12.0;0.0;0.0367084735393086;-0.9493219129193432;-0.0948302233098807;5.7002678814713;1.7862273452050077;0.9547525216680127
53.7300706;86.8467938;11.0;0.0;0.040787192821454;-0.974813908432752;-0.1315386968491893;7.678278258574021;2.124325377760126;0.9844938699357021
53.7301649;86.8468881;10.0;0.0;0.0428265524625267;-0.986030386458652;-0.147853573977771;8.519953822869509;2.4203018810939523;0.9979733042289379
53.7302755;86.8470243;11.0;0.0;0.0601611094116447;-0.9992862241256244;-0.1244009381054349;7.083536735997054;2.6742257799969487;1.0087952766614243
53.7303549;86.8471805;13.0;0.0;0.0632201488732537;-0.9936779851126748;-0.1412256551442846;8.072835270914767;2.7122321338684934;1.0056527288244554
53.7304563;86.8474099;12.0;0.0;0.0275313551544814;-0.9911287855613338;-0.1050270215152442;6.046577652784465;2.4846338052040395;0.9970581328755561
53.7305377;86.8475937;11.0;0.0;0.037728153359845;-0.9931681452024064;-0.133578056490262;7.654681866220068;2.4828105783196;1.0028207593465783
53.7305744;86.8478096;11.0;0.0;0.0428265524625267;-0.9941878250229428;-0.1070663811563169;6.140974213732365;2.4480720441610657;1.0008530136806226
53.7306105;86.8479993;13.0;0.0;0.0305903946160905;-0.9957173447537472;-0.0815743856429081;4.681312322977888;2.3813816226157534;0.9995214771475591
53.730732;86.848556;22.0;30.0;0.0897318242071989;-0.9584990313041704;-0.0693382277964719;4.119642813292354;2.2799890027993603;0.9651839115528916
53.7308441;86.8488729;20.0;30.0;0.092790863668808;-1.0105027021515245;-0.0703579076170082;3.9662515223151935;2.2780445072548834;1.0171902922266707
53.7311781;86.8492325;13.0;0.0;0.0173345569491179;-0.9972468644845518;-0.1142041399000713;6.532041314923312;2.139336659755406;1.0039145288116949
53.7313157;86.8493445;11.0;0.0;-0.003059039461609;-1.0003059039461608;-0.1376567757724074;7.835488922935479;1.878637043596864;1.0097379101073845
53.7314356;86.8493876;10.0;0.0;0.023452635872336;-0.9972468644845518;-0.1152238197206077;6.589033287598572;1.5859440818192363;1.00415529848955
53.7315471;86.8494223;10.0;0.0;-0.0010196798205363;-0.9880697460997246;-0.1356174161313347;7.815289436527813;1.3134516017094853;0.9973339192380104
53.7316387;86.8494115;10.0;0.0;-0.0010196798205363;-0.9931681452024064;-0.124910778015703;7.168448659251248;1.1366635253270745;1.0009928605420784
53.7317388;86.849358;11.0;0.0;-0.0265116753339451;-0.9992862241256244;-0.1223615784643621;6.978626031271286;0.8952900346953847;1.0070988941214016
53.7318616;86.8493528;12.0;0.0;0.0183542367696543;-1.0023452635872336;-0.1060467013357805;6.038340487997989;0.7270832825314324;1.008106546108772
53.7320175;86.8493295;15.0;0.0;0.0601611094116447;-1.00336494340777;-0.1019679820536351;5.792487581053232;0.57150407868258;1.0103257089223296
53.7321891;86.8492963;16.0;0.0;0.0096869582950953;-1.0013255837666972;-0.0882023044763943;5.033702614360307;0.2981883754376336;1.0052494259544118
53.7325554;86.8491762;16.0;0.0;0.003059039461609;-1.0074436626899157;-0.1080860609768532;6.12366592743506;0.057586603541239;1.01322982970005
53.7327198;86.849059;15.0;0.0;0.0183542367696543;-1.00336494340777;-0.0897318242071989;5.109567271166073;-0.1991566170405217;1.0075365442219084
53.7328533;86.8489621;12.0;0.0;0.0254919955134087;-0.9901091057407974;-0.1172631793616804;6.752122787078916;-0.4301361414154742;0.9973547695479812
53.7329453;86.8487981;10.0;0.0;-0.0326297542571632;-1.0003059039461608;-0.1284796573875803;7.3151707348055055;-0.4055372198411426;1.00905085337403
53.7330053;86.8486533;10.0;0.0;-0.0336494340776996;-0.9829713469970428;-0.1233812582848985;7.1501301657450655;-0.406684907088794;0.9912557128848716
53.7330553;86.8484985;11.0;0.0;-0.0214132762312633;-0.9901091057407974;-0.1213418986438258;6.985372189110121;-0.5253013419871262;0.9977466742797424
53.7331041;86.8483169;12.0;0.0;0.0010196798205363;-1.0023452635872336;-0.1060467013357805;6.03934215880672;-0.6024584712306421;1.0079399635131536
53.7331718;86.847847;13.0;0.0;0.0020393596410727;-0.9931681452024064;-0.1203222188232894;6.907699127327646;-0.5261003519774903;1.0004321865949202
53.7331784;86.847572;13.0;0.0;-0.0316100744366268;-1.0013255837666972;-0.1101254206179259;6.27304551600557;-0.5983579783341552;1.0078589830814038
53.73318;86.8473432;12.0;0.0;-0.0173345569491179;-0.9901091057407974;-0.1264402977465075;7.2763724760799375;-0.7927372012639751;0.9983003941848813
53.7331766;86.8471094;11.0;0.0;-0.0244723156928724;-0.9880697460997246;-0.1315386968491893;7.580726093617194;-1.0850893195907956;0.9970873312612737
53.7331748;86.8469284;11.0;0.0;-0.0214132762312633;-1.0023452635872336;-0.1126746201692668;6.412299457502325;-1.1844864592880429;1.0088855861122241
53.7331871;86.8466847;12.0;0.0;-0.0183542367696543;-0.9845008667278474;-0.1101254206179259;6.381424765964653;-1.0980088932505714;0.9908110025941146
53.7332029;86.8464445;14.0;0.0;-0.020393596410727;-0.9972468644845518;-0.0856531049250535;4.908040992784068;-1.1516495316795958;1.0011261967814726
53.7332193;86.8461793;15.0;0.0;-0.0050983991026817;-0.9982665443050882;-0.092790863668808;5.310428684974057;-1.1115784831372275;1.0025827803890492
53.7332297;86.8458825;16.0;0.0;-0.020393596410727;-1.011522381972061;-0.0876924645661262;4.953784512943783;-1.0362801728748927;1.0155212436707943
53.7332359;86.8455815;18.0;0.0;-0.0244723156928724;-0.99214846538187;-0.0846334251045171;4.87423375297816;-0.8973468705862993;0.9960523521582052
53.7332527;86.8452399;18.0;0.0;0.0142755174875089;-0.9727745487916796;-0.0978892627714897;5.745654698998364;-1.0413767803108902;0.9777916040457382
53.7332594;86.8449394;17.0;0.0;0.003059039461609;-0.979912307535434;-0.0805547058223717;4.699468965725072;-1.0746387732801792;0.9832225327015119
53.7332497;86.8446225;17.0;0.0;-0.0285510349750178;-0.9901091057407974;-0.0703579076170082;4.062966057676051;-1.168551610106206;0.993016333215738
53.7332521;86.8443433;16.0;0.0;-0.058121749770572;-0.9952075048434792;-0.092790863668808;5.31771813469064;-1.2216055456852208;1.001212394985989
53.7332688;86.8440784;15.0;0.0;-0.0458855919241358;-1.0166207810747423;-0.0866727847455898;4.868079611738243;-1.269417748743113;1.0213400372426427
53.7332793;86.8438073;14.0;0.0;-0.0101967982053635;-1.0054043030488429;-0.0978892627714897;5.56068190465655;-1.3792462497915428;1.0102099262275719
53.7332839;86.8435815;13.0;0.0;-0.0050983991026817;-0.9890894259202612;-0.0953400632201488;5.505757717786193;-1.384109374090549;0.9936868791503207
53.7332748;86.843342;12.0;0.0;-0.0193739165901906;-1.0043846232283062;-0.0989089425920261;5.623152280922264;-1.404560076723091;1.0094289469527724
53.733268;86.8431304;13.0;0.0;-0.0198837565004588;-0.9778729478943612;-0.1136942999898031;6.630470805279873;-1.373261214092524;0.9846609872673685
53.733258;86.8428388;14.0;0.0;-0.0091771183848271;-1.0105027021515245;-0.1070663811563169;6.047880469053545;-1.3363044569165443;1.0162003446817423
53.733251;86.842499;17.0;0.0;-0.0418068726419904;-1.0247782196390334;-0.0846334251045171;4.717269764520824;-1.2503916507902435;1.0291166263799125
53.7332533;86.8421941;18.0;0.0;-0.0346691138982359;-1.009483022330988;-0.1040073416947078;5.879003851114334;-1.196890495350831;1.015418852966299
53.7332574;86.8418398;20.0;0.0;-0.0387478331803813;-1.0074436626899157;-0.0764759865402263;4.337855328215982;-1.1092446828969804;1.0110849146276233
53.7332685;86.8415181;21.0;0.0;-0.0020393596410727;-1.015601101254206;-0.0713775874375446;4.020193254488004;-1.0450464783790805;1.018108302610732
53.7332764;86.841142;21.0;0.0;-0.0448659121035994;-1.0105027021515245;-0.0805547058223717;4.553368350413972;-0.7829695536133523;1.0147008040573091
53.7333084;86.84079;20.0;0.0;-0.020393596410727;-1.0003059039461608;-0.0764759865402263;4.371001806826179;-0.5874391967690339;1.0034322980457677
53.7333689;86.8405177;19.0;0.0;-0.0040787192821454;-0.9839910268175792;-0.0662791883348628;3.853447449151771;-0.5132503444324233;0.9862291354522156
53.7334499;86.8401635;19.0;0.0;0.0122361578464362;-1.0135617416131335;-0.0672988681553992;3.798495491891266;-0.590882913322574;1.015867247860511
53.7335558;86.8397574;19.0;0.0;0.0112164780258998;-0.9931681452024064;-0.0978892627714897;5.62868501407492;-0.4837057794906679;0.998043627197749
53.733664;86.8395072;19.0;0.0;-0.0010196798205363;-0.9880697460997246;-0.1050270215152442;6.0674772327187885;-0.4634144865977168;0.9936365221512715
53.7337798;86.839239;19.0;0.0;0.0020393596410727;-1.020699500356888;-0.0836137452839808;4.683094298982679;-0.4326016891651688;1.0241205434014886
53.7338994;86.8390002;18.0;0.0;-0.0081574385642908;-1.006423982869379;-0.0723972672580809;4.114358935192501;-0.5395217624364975;1.0090575510866724
53.7340195;86.8387363;17.0;0.0;-0.0050983991026817;-1.0084633425104517;-0.0815743856429081;4.6245156950506265;-0.7337147355386364;1.0117700762790827
53.7341223;86.8384039;17.0;0.0;-0.023452635872336;-1.0217191801774244;-0.07545630671969;4.222648688592677;-0.6019580256342443;1.024770102752595
53.734204;86.8381528;19.0;0.0;0.0061180789232181;-0.9819516671765066;-0.0672988681553992;3.920606669324445;-0.5575406174281831;0.9842741717709702
53.7342153;86.8378057;22.0;0.0;-0.0142755174875089;-0.9992862241256244;-0.0591414295911083;3.386679051268382;-0.5995706817132544;1.0011365825005416
53.7342343;86.8373639;26.0;0.0;-0.0137656775772407;-0.9967370245742836;-0.0514938309370857;2.957126970227905;-0.6947251823123521;0.99816121175937
53.7342402;86.8367554;25.0;0.0;-0.0356887937187723;-0.9829713469970428;-0.0693382277964719;4.032279484081798;-0.6738440623001656;0.9860599113888756
53.7342619;86.8362907;25.0;0.0;-0.0224329560517997;-0.9962271846640156;-0.0723972672580809;4.155410625600738;-0.8177272926004188;0.999106203207272
53.734398;86.835838;25.0;0.0;-0.0152951973080452;-0.979912307535434;-0.0489446313857448;2.8590839183713173;-1.050856173265431;0.9812531021411334
53.7345551;86.8355087;27.0;0.0;-0.0050983991026817;-0.9880697460997246;-0.023452635872336;1.3596883393879202;-1.2035353010904355;0.9883611905373182
53.7347653;86.8351557;30.0;0.0;-0.0723972672580809;-1.01458142143367;-0.0305903946160905;1.7226103822941314;-1.144542315713264;1.01762104796804
53.7350007;86.8348023;34.0;0.0;-0.0254919955134087;-0.9962271846640156;-0.0336494340776996;1.9339039641547449;-1.1853613752599796;0.9971212211725291
53.7352764;86.8343868;36.0;0.0;-0.023452635872336;-0.9972468644845518;-0.0173345569491179;0.9955634055055996;-1.254388627160376;0.9976732038690087
53.7355505;86.8339953;32.0;60.0;0.0112164780258998;-1.017640460895279;0.0418068726419904;-2.3523690206067247;-1.1967361842897235;1.0185606175533024
53.7357689;86.8335737;25.0;60.0;0.0520036708473539;-0.9707351891506067;-0.0061180789232181;0.3605860347318403;-1.1255047927483726;0.9721463985051711
53.7358628;86.8332068;20.0;60.0;-0.0265116753339451;-0.9819516671765066;-0.0326297542571632;1.902516520588985;-1.0686777313464175;0.9828512840011027
53.735868;86.8328792;16.0;0.0;-0.0428265524625267;-0.98654022636892;-0.0907515040277353;5.250910042731434;-1.0744518601364503;0.9916307615857637
53.7357952;86.8323712;13.0;0.0;-0.0254919955134087;-0.974813908432752;-0.113184460079535;6.620644786541269;-0.8777174167420458;0.9816938015046693
53.7357552;86.832152;13.0;0.0;-0.0265116753339451;-0.9982665443050882;-0.0836137452839808;4.786178261771016;-0.9287933811817896;1.0021128782768185
53.7357005;86.8318669;19.0;0.0;-0.0346691138982359;-0.9911287855613338;-0.0520036708473539;3.00167338708197;-0.8291221557966376;0.9930974769922504
53.7356485;86.8315589;25.0;0.0;-0.0367084735393086;-0.9890894259202612;-0.0499643112062812;2.889878517412207;-0.8148074959707778;0.9910306942225231
53.7356012;86.8311276;28.0;0.0;0.0076475986540226;-0.9737942286122158;-0.0520036708473539;3.056776776121224;-0.7520563914175564;0.9752118063401577
53.7354905;86.8300185;33.0;0.0;0.0071377587437544;-0.9982665443050882;-0.0275313551544814;1.5797287997345213;-0.5718142596009939;0.9986716260089443
53.7354351;86.8294511;34.0;0.0;-0.0367084735393086;-0.9967370245742836;-0.0438462322830631;2.517100019782729;-0.5619397142279652;0.9983760314992556
53.7353784;86.8288312;35.0;0.0;0.0020393596410727;-0.9931681452024064;-0.0183542367696543;1.0587314916940462;-0.9244195483736528;0.9933398218333594
53.7353194;86.828209;35.0;0.0;0.0152951973080452;-1.0543489344345875;-0.020393596410727;1.1079808545566987;-0.7084249018906099;1.0546570615032196
53.7352629;86.8275893;34.0;0.0;-0.0101967982053635;-1.0074436626899153;-0.0224329560517997;1.2755408408699065;-0.6461380475617045;1.0077449804910639
53.7351996;86.8269884;34.0;0.0;-0.020393596410727;-1.0135617416131335;-0.0295707147955541;1.6707952305370042;-0.608151654962469;1.0141980723753778
53.7351111;86.8262855;35.0;0.0;-0.0091771183848271;-1.0105027021515245;-0.0010196798205363;0.0578137208841257;-0.2484278789253498;1.0105448878225638
53.7350615;86.8256727;33.0;0.0;-0.0035688793718772;-0.9952075048434792;-0.0081574385642908;0.469624000183672;-0.0951997828183565;0.9952473352894169
53.7349953;86.8249409;34.0;0.0;-0.0367084735393086;-0.9952075048434792;-0.0316100744366269;1.8179983843395788;-0.1812741761415462;0.9963858120890015
53.7349314;86.8243394;35.0;0.0;0.0285510349750178;-1.0013255837666972;-0.0081574385642908;0.4665681213741182;-0.2029432378146459;1.001765756106582
53.7348194;86.8235618;36.0;0.0;-0.0081574385642908;-0.9829713469970428;0.0091771183848271;-0.534885145270743;-0.2126397172348244;0.9830480315442172
53.7346951;86.8230023;35.0;0.0;-0.0050983991026817;-0.9839910268175792;0.0152951973080452;-0.8905243016986045;-0.2573950849917951;0.9841231008322161
53.7345727;86.8224191;34.0;0.0;-0.0101967982053635;-1.0054043030488429;0.0071377587437544;-0.4067374180766113;-0.5787309132171665;1.0054813448705324
53.7344873;86.8218473;33.0;0.0;-0.0484347914754767;-1.0135617416131335;-0.0101967982053635;0.5757398953354148;-0.711611985257102;1.0147695835906603
53.7344405;86.8212373;34.0;0.0;0.0163148771285816;-0.9992862241256244;0.0101967982053635;-0.5845526234148208;-0.4763222389906827;0.9994714141167866
53.7343895;86.8206231;32.0;0.0;0.0805547058223717;-1.017640460895279;-0.0010196798205363;0.0572315540534945;-0.5887838162103384;1.0208242787219655
53.7342729;86.8200969;33.0;0.0;-0.0642398286937901;-1.0043846232283062;0.0101967982053635;-0.5804770418898635;-0.631039126642409;1.0064885501890795
53.7338345;86.8193513;30.0;30.0;-0.0336494340776996;-0.974813908432752;0.0550627103089629;-3.231016767747763;-0.6671867779336973;0.9769474615117519
53.7335489;86.8192449;22.0;30.0;0.0071377587437544;-0.9584990313041706;0.0183542367696543;-1.0969887433135097;-0.8739206752066833;0.9587013187736386
53.7333184;86.8192192;21.0;30.0;-0.0382379932701131;-1.0635260528194148;0.0183542367696543;-0.9880689497248366;-1.1270251189168925;1.0643714986612365
53.7327964;86.8190556;30.0;0.0;-0.0560823901294993;-1.026817579280106;0.0178443968593861;-0.9941245998056378;-1.3033160997452682;1.0285027944058145
53.7325063;86.8188167;33.0;0.0;-0.0112164780258998;-1.0003059039461608;-0.0081574385642908;0.4672041431832343;-1.575394698075384;1.0004020465056944
53.7321982;86.8186366;33.0;0.0;-0.023452635872336;-0.9972468644845518;-0.0081574385642908;0.4685371375266914;-2.00443472025654;0.9975559526450437
53.7318822;86.8183974;35.0;0.0;-0.040787192821454;-1.0329356582033242;-0.0081574385642908;0.4521222163965125;-2.065113158617431;1.0337728052575765
53.7314617;86.8180537;34.0;0.0;-0.0540430304884266;-0.962577750586316;0.0005098399102681;-0.0302996210167153;-2.172567404588872;0.964093789527201
53.7311379;86.8178323;34.0;30.0;0.0183542367696542;-1.044407056184358;-0.0056082390129499;0.3076154350720454;-2.2928656670414584;1.0445833759733587
53.7307114;86.8175082;35.0;30.0;0.0132558376669725;-1.0003059039461608;0.0265116753339451;-1.5180539405122473;-2.057630506024206;1.0007449663279908
53.7303979;86.8172715;31.0;30.0;-0.113184460079535;-1.050270215152442;0.023452635872336;-1.2718460537256258;-2.276608576295672;1.0566116945071224
53.7301409;86.8169889;28.0;30.0;-0.0652595085143265;-0.9360660752523708;-0.0316100744366268;1.9294101980043048;-2.658189010993153;0.9388704370123695
53.7299524;86.8166724;26.0;0.0;-0.0744366268991536;-1.0298766187417152;-0.003059039461609;0.1697421969194598;-2.627922483070226;1.0325676825164631
53.7297772;86.816318;28.0;0.0;-0.0713775874375446;-1.0196798205363515;-0.0193739165901906;1.0858324417578649;-3.133708780004268;1.0223585697012052
53.7296008;86.815732;30.0;0.0;-0.0458855919241358;-1.0227388599979603;0.0061180789232181;-0.3423979237630934;-3.265212171615848;1.0237859611197384
53.7294756;86.815274;31.0;0.0;-0.043846232283063;-0.9870500662791885;0.0112164780258998;-0.6504190259685267;-3.382090433766264;0.9880871089162514
53.7292987;86.8146619;30.0;0.0;-0.0652595085143265;-1.0227388599979603;0.0152951973080452;-0.8550635389007696;-3.448180496539941;1.0249329354948795
53.7291331;86.8140099;31.0;0.0;-0.0295707147955541;-1.0767818904863873;0.0071377587437544;-0.3796528760860984;-3.707877423494633;1.0772114994061481
53.7289693;86.8133597;33.0;0.0;-0.0045885591924135;-0.9992862241256244;0.0428265524625267;-2.45400583497885;-3.7473227935846616;1.0002140401926658
53.7288021;86.8127061;29.0;30.0;-0.0428265524625267;-0.9727745487916796;0.0662791883348628;-3.8940161638690287;-3.5373512543859573;0.9759699622319374
53.7286959;86.8122415;26.0;30.0;-0.0601611094116447;-1.0074436626899157;0.0367084735393086;-2.0830696703767866;-3.596315668885297;1.0099057404576421
53.7286097;86.8118481;24.0;30.0;-0.0571020699500356;-1.0920770877944326;0.0152951973080452;-0.8013149313575914;-3.6258175755880666;1.0936758912670792
53.7286274;86.8114562;22.0;30.0;-0.2054654838380748;-1.06760477210156;0.0050983991026817;-0.2686861447078146;-3.254492265506244;1.0872083554389418
53.7287825;86.8112273;21.0;30.0;-0.1284796573875802;-1.011777301927195;-0.0295707147955541;1.6607501920378294;-2.648492682132341;1.020330710226358
53.7290641;86.8111249;22.0;0.0;-0.0112164780258998;-0.9997960640358928;-0.0412970327317222;2.365135099972944;-2.313439498722271;1.0007114588898307
53.7293138;86.8110418;26.0;0.0;-0.0356887937187723;-1.026817579280106;0.0061180789232181;-0.3411749349910229;-1.9547711674634436;1.027455819977418
53.7295955;86.8109139;25.0;30.0;0.0244723156928724;-0.9809319873559702;0.0214132762312633;-1.2501519898580324;-1.5113603401793148;0.9814708281209693
53.7298287;86.8107887;27.0;0.0;-0.0520036708473538;-1.0074436626899153;-0.0361986336290404;2.0550855676671005;-1.0257529467859132;1.009434225867283
53.7301922;86.8106146;30.0;0.0;0.0061180789232181;-1.02018966044662;0.0168247170388498;-0.9448052710133068;-0.4506380089471286;1.0203467279681637
53.7305678;86.8104526;30.0;0.0;-0.0295707147955541;-1.017640460895279;-0.0040787192821454;0.2295442840563147;-0.1361753024936108;1.0180781751789292
53.7309694;86.8103422;29.0;30.0;0.0285510349750178;-0.9809319873559702;0.0530233506678902;-3.092750851683382;-0.0273447170892331;0.9827788159765797
53.7313064;86.8100904;25.0;30.0;0.0356887937187723;-1.0222290200876925;0.0275313551544814;-1.5418163579692212;0.2021434763289419;1.0232222803590563
53.731487;86.8098102;23.0;30.0;-0.0295707147955541;-0.9707351891506067;-0.020393596410727;1.2029579635732757;0.4950350092877767;0.971399574533234
53.7316281;86.8094905;21.0;30.0;0.061180789232181;-1.0003059039461608;-0.0550627103089629;3.1448516024875555;0.7703588636892473;1.0036866505574273
53.7317252;86.809178;20.0;30.0;0.0683185479759355;-0.9880697460997246;-0.0795350260018354;4.591206728301851;0.9433068890028092;0.9936171634569458
53.7317677;86.8088621;16.0;30.0;0.058121749770572;-0.9880697460997246;-0.1040073416947078;5.998712329804838;1.0680344507202766;0.9952273549698918
53.7317822;86.808595;14.0;0.0;0.0249821556031406;-0.9870500662791885;-0.1029876618741715;5.9547287023423285;0.5654820797397206;0.9927227205713781
53.7317949;86.8083261;13.0;0.0;-0.0020393596410727;-0.9992862241256244;-0.0968695829509534;5.536870903803642;0.4701343868838608;1.0039725259269225
53.7318156;86.8080652;14.0;0.0;0.0183542367696543;-0.9850107066381156;-0.1040073416947078;6.026491861455982;0.4600682321931332;0.9906565990924989
53.731821;86.8078146;17.0;0.0;-0.0193739165901906;-1.0013255837666972;-0.058121749770572;3.32137472361752;0.6012197941454858;1.0031980916778869
53.731802;86.807514;22.0;0.0;-0.0540430304884266;-1.0013255837666972;-0.023452635872336;1.339763688379792;0.835365614399877;1.0030571269770483
53.7317815;86.8071351;25.0;0.0;-0.0887121443866625;-0.9992862241256244;-0.020393596410727;1.1645605986374217;0.509288662091365;1.0034234903885255
53.7317614;86.8066798;26.0;0.0;-0.0285510349750178;-0.9931681452024064;0.0091771183848271;-0.5291934445739294;0.1176089256697419;0.993620825941557
53.7317598;86.8062174;26.0;0.0;0.0081574385642908;-1.009483022330988;0.0285510349750178;-1.6200019512901538;-0.4443650733716622;1.0099196392666998
53.7317483;86.8052587;24.0;30.0;0.0071377587437544;-1.00336494340777;0.040787192821454;-2.327756254836381;-0.8802987286430268;1.0042189762984046
53.7317436;86.8048188;23.0;30.0;0.023452635872336;-1.0105027021515245;0.0458855919241358;-2.5992406213011794;-1.121940827782309;1.0118158057330007
53.7317146;86.8044058;23.0;30.0;-0.0035688793718771;-1.0003059039461608;0.0428265524625267;-2.45151758305394;-1.4365944587221604;1.0012286212276107
53.7316731;86.8039291;22.0;30.0;0.0050983991026817;-1.011522381972061;0.0627103089629856;-3.547521976156231;-1.6696377312025972;1.0134772349461407
53.7316157;86.8034365;22.0;30.0;0.0214132762312633;-1.009483022330988;0.0520036708473539;-2.948331853876753;-1.8459037390858484;1.0110484076220398
53.7315305;86.8030953;24.0;30.0;0.0530233506678902;-0.9676761496889976;0.0550627103089629;-3.2518650594031158;-2.068355893522908;0.9706907378045503
53.731445;86.802677;24.0;30.0;-0.0662791883348628;-0.9839910268175792;0.0509839910268175;-2.959347117635009;-2.220487240400636;0.9875376646006292
53.7313421;86.8022669;27.0;30.0;-0.020393596410727;-0.9880697460997246;0.0367084735393086;-2.1272045995292737;-2.3270946303891664;0.9889616948910226
53.7312134;86.8018566;29.0;30.0;-0.130519017028653;-1.0217191801774244;0.0244723156928724;-1.361035660666992;-2.424295439062047;1.0303126667104145
53.731094;86.8014044;29.0;30.0;-0.1611094116447435;-1.0951361272560418;0.0158050372183134;-0.818033486605135;-2.256435195404373;1.107036213925881
53.7310885;86.8009381;26.0;0.0;-0.0938105434893443;-1.0329356582033242;-0.0224329560517997;1.2390374781235158;-2.3646075938592066;1.037429385343852
53.7311919;86.8004783;23.0;0.0;-0.0367084735393086;-1.0003059039461608;-0.0530233506678902;3.032208228896386;-2.5697905723249965;1.0023826062014354
53.7313445;86.8000421;25.0;0.0;-0.0254919955134087;-0.9941878250229428;-0.0010196798205363;0.058745573148881;-2.632470078145204;0.994515114518649
53.7314491;86.7996859;27.0;30.0;-0.003059039461609;-1.017640460895279;0.0591414295911083;-3.3260586139506927;-2.548243333690829;1.0193621407859248
53.7314819;86.7991811;28.0;0.0;-0.0469052717446721;-1.0492505353319057;0.0091771183848271;-0.5006165451012502;-2.4121323739617506;1.0503385215793912
53.7314348;86.7986476;33.0;0.0;-0.1060467013357805;-1.0405832568573468;0.023452635872336;-1.284461453555646;-2.445417421576485;1.046235845039446
53.7314055;86.7980551;32.0;0.0;-0.040787192821454;-0.9615580707657796;-0.0061180789232181;0.3642218403095565;-2.5188954867958837;0.9624421797919983
53.7314253;86.7974861;33.0;0.0;-0.023452635872336;-0.9819516671765066;-0.0336494340776996;1.962079681218982;-2.601327498050673;0.9828079096211175
53.7314317;86.7968781;34.0;0.0;0.0224329560517997;-1.0054043030488429;-0.0112164780258998;0.6390168601276783;-2.3152755053037755;1.0057170871998034
53.7314435;86.7962755;33.0;0.0;0.0081574385642908;-0.9727745487916796;-0.0438462322830631;2.580676799951476;-1.7397348162447803;0.973796364064996
53.7314196;86.795714;33.0;0.0;-0.0081574385642908;-1.0166207810747423;0.0214132762312633;-1.2066146070708412;-1.446053150580693;1.0168789921696217
53.7312506;86.7944954;31.0;30.0;0.0397675130009177;-1.015601101254206;-0.0295707147955541;1.6665030523871354;-1.111158221661538;1.0168094605837192
53.7310556;86.7939932;30.0;0.0;-0.0662791883348628;-1.0069338227796472;-0.0346691138982359;1.967681818982698;-0.9268152281042052;1.0097081765155964
53.7308416;86.7936256;29.0;0.0;-0.023452635872336;-1.017640460895279;-0.0356887937187723;2.0080151039472045;-0.936483126250593;1.018536118052579
53.7306338;86.7933154;28.0;0.0;-0.0448659121035994;-0.9778729478943612;-0.0591414295911083;3.4573855643433657;-1.037803869059938;0.9806865763262879
53.7304121;86.7929657;28.0;0.0;-0.0489446313857448;-0.9809319873559702;-0.0571020699500356;3.327415406566172;-1.00722354555489;0.983810849275509
53.7302052;86.7926308;27.0;30.0;-0.0622004690527174;-0.986030386458652;-0.037728153359845;2.186877901281338;-0.8103764280580061;0.9887103898139843
53.7300713;86.7923433;22.0;0.0;-0.0825940654634444;-1.0054043030488429;-0.0540430304884266;3.066522157011611;-0.6465670724602268;1.0102377152845177
53.7299884;86.7920044;17.0;0.0;0.0020393596410727;-1.0196798205363515;-0.0866727847455898;4.858453248649377;-0.3970336159835221;1.0233588163554106
53.7299114;86.7917738;15.0;0.0;0.020393596410727;-0.9972468644845518;-0.0876924645661262;5.024307865659304;-0.4271670783377032;1.0013027393553435
53.7298349;86.7915437;14.0;30.0;0.0713775874375446;-0.962577750586316;-0.1070663811563169;6.329616735619839;-0.3682941962230286;0.9711405129465694
53.7297535;86.7913087;14.0;0.0;0.0193739165901906;-0.9666564698684612;-0.0866727847455898;5.122555770659547;-0.2526221689828576;0.9707276914759124
53.7296674;86.7910946;15.0;0.0;0.0045885591924135;-0.9850107066381156;-0.0836137452839808;4.851932899882521;-0.2156380714715367;0.9885638095073057
53.7295721;86.7908713;16.0;0.0;-0.0091771183848271;-1.00336494340777;-0.0764759865402263;4.358447443166591;0.0138615043813569;1.0063170502773107
53.7294419;86.7906131;19.0;0.0;0.0356887937187723;-0.9972468644845518;-0.0805547058223717;4.615217994220793;0.1006741824197438;1.001131389654475
53.7290869;86.7901045;29.0;0.0;-0.0295707147955541;-1.006423982869379;-0.061180789232181;3.4772481943576303;0.691204711330757;1.0087153956588828
53.7288166;86.7898598;32.0;0.0;-0.0316100744366268;-1.00336494340777;-0.0158050372183134;0.9020029097839;0.6392208048722733;1.0039871541344734
53.7284765;86.7894685;31.0;0.0;0.0224329560517997;-1.0105027021515245;0.0050983991026817;-0.2890069644307636;0.648624159196899;1.0107645335320017
53.7281751;86.7892439;31.0;30.0;0.0326297542571632;-0.9564596716630978;0.0020393596410727;-0.122094627453712;0.395201632291281;0.9570182669983417
53.7278688;86.7891168;29.0;30.0;-0.0020393596410727;-1.0105027021515245;0.0387478331803813;-2.195932426990999;0.3615763421858456;1.011247380525385
53.7275628;86.7890412;28.0;30.0;0.0418068726419904;-0.986030386458652;0.0550627103089629;-3.193374731571411;0.3095169256941651;0.9884511316633064
53.7272783;86.7890127;27.0;30.0;-0.0214132762312633;-0.9268889568675436;0.0438462322830631;-2.707621045307864;-0.1043419237145077;0.9281724833496088
53.7268968;86.7890152;30.0;30.0;-0.020393596410727;-0.9850107066381156;0.0560823901294993;-3.2579672230537886;-0.2662484525893658;0.986816713199022
53.7265807;86.7890063;33.0;30.0;-0.0173345569491179;-1.0054043030488429;0.061180789232181;-3.481748412222629;-0.5630245373084208;1.0074132163242768
53.7262461;86.7889789;34.0;30.0;-0.0326297542571632;-0.9850107066381156;0.0418068726419904;-2.429019011437103;-0.291896691692888;0.9864373308298436
53.7258111;86.7888767;32.0;30.0;0.0448659121035994;-1.0171306209850108;0.0336494340776996;-1.8929690523564835;-0.1930148406826309;1.0186755786942137
53.7254134;86.7889142;28.0;0.0;-0.0142755174875089;-1.009483022330988;-0.0305903946160905;1.735531168334512;-0.3740729385518569;1.0100472934555145
53.7251337;86.7890697;27.0;0.0;0.020393596410727;-1.0380340573060058;-0.0295707147955541;1.6314420831339675;-0.6723018252357982;1.0386553952467834
53.7248863;86.7893599;29.0;0.0;-0.0846334251045171;-0.9044560008157438;-0.0795350260018354;5.003736958233659;-0.71891055936098;0.9118822810087075
53.7246597;86.7896709;27.0;0.0;-0.0152951973080452;-0.968695829509534;-0.0275313551544814;1.6277653404708323;-0.849120669077172;0.9692076808850095
53.7244337;86.7899825;28.0;0.0;-0.0061180789232181;-1.0023452635872336;-0.0458855919241358;2.621020688812128;-1.0648966898961452;1.0034136464448247
53.7242068;86.79037;31.0;0.0;0.0560823901294993;-1.0217191801774244;-0.020393596410727;1.1417582215114672;-1.1706196478212925;1.0234604127173796
53.7240046;86.790731;30.0;0.0;-0.0265116753339451;-1.0013255837666972;0.0020393596410727;-0.1166509745290595;-1.383493894673863;1.0016785675167834
53.7238026;86.7911178;30.0;30.0;-0.0672988681553992;-0.962577750586316;0.0101967982053635;-0.6054462757003638;-1.7387907738141908;0.96498136680065
53.7236146;86.7915442;27.0;30.0;-0.0152951973080452;-0.9401447945345162;0.003059039461609;-0.1864034589483736;-1.8352144809727016;0.9402741810097028
53.7234523;86.7918939;23.0;30.0;-0.0336494340776996;-1.0084633425104517;0.0040787192821454;-0.2316020175602068;-1.8758032888393008;1.00903282084979
53.7232968;86.7921992;19.0;30.0;0.0336494340776996;-1.0288569389211788;0.0101967982053635;-0.5675251512728416;-1.996548686554309;1.029457556130241
53.7232078;86.7925198;17.0;0.0;-0.0825940654634444;-1.0298766187417152;-0.0387478331803813;2.147777106026441;-2.003381343649434;1.0339095821476956
53.7228763;86.7933659;21.0;0.0;-0.0887121443866625;-1.00336494340777;0.0183542367696543;-1.043905314324006;-1.9508336950965093;1.0074462428481006
53.7227314;86.7936818;23.0;0.0;-0.0265116753339451;-1.096155807076578;0.0101967982053635;-0.5328128160410044;-1.5445305333339512;1.0965237785886621
53.7225703;86.7940327;25.0;0.0;0.003059039461609;-0.9727745487916796;0.0418068726419904;-2.4608707279092976;-1.197483984296675;0.9736773054248451
53.7224301;86.7943533;23.0;0.0;-0.0193739165901906;-1.020699500356888;0.0448659121035994;-2.516422973301948;-1.0026411970880431;1.0218687629738625
53.7222802;86.7947154;21.0;0.0;-0.058121749770572;-0.9523809523809524;0.0285510349750178;-1.713945380804952;-0.8095996576458013;0.9545798960027325
53.7221325;86.7949261;18.0;60.0;-0.0632201488732538;-1.082899969409605;0.0825940654634444;-4.354187411403666;-0.2050911976532268;1.0878836843250568
53.7219573;86.7950325;19.0;60.0;-0.0479249515652085;-1.0054043030488429;0.0825940654634444;-4.691005920116634;0.0298197570512049;1.00992890503314
53.7217646;86.7950702;20.0;60.0;0.0173345569491179;-1.0574079738961966;0.0672988681553992;-3.641197590506335;0.2346764209275027;1.0596892222623007
53.7215082;86.7950954;18.0;60.0;0.0586315896808402;-0.9962271846640156;0.0759661466299582;-4.353080968505479;0.3677826582943936;1.00083820980511
53.7213089;86.7951009;17.0;60.0;0.0591414295911083;-0.8922198429693077;0.0805547058223717;-5.147767002631231;0.3203910741374798;0.8977989850252588
53.7211444;86.7950388;18.0;60.0;0.0142755174875089;-1.0431324564086877;0.0356887937187723;-1.9593185192153728;0.5142741662813253;1.0438404102207675
53.7209194;86.7949674;20.0;60.0;0.0601611094116447;-1.0492505353319057;0.058121749770572;-3.1653900874296914;0.3548591843404585;1.0525797750177057
53.7207245;86.7948749;19.0;60.0;0.0530233506678902;-1.1349036402569592;0.0591414295911083;-2.9798210201602267;0.7108243553175418;1.1376798570242102
53.7205223;86.7947751;19.0;60.0;0.023452635872336;-1.0013255837666972;0.0397675130009177;-2.2736761764562456;0.7477793276895704;1.0023893484696231
53.7203311;86.7947119;19.0;60.0;0.0040787192821454;-1.064035892729683;0.0678087080656673;-3.646378523922348;0.3289897537935047;1.0662021561868886
53.7201396;86.794674;19.0;60.0;-0.0275313551544814;-0.9809319873559702;0.0861629448353217;-5.017887755038453;-0.1192349269056077;0.9850936972681685
53.7199403;86.7946027;20.0;60.0;0.0672988681553992;-0.9737942286122158;0.0591414295911083;-3.467224838635686;-0.2749347350533266;0.9779069720722612
53.7197527;86.7945175;18.0;60.0;-0.0448659121035994;-0.9646171102273886;-0.003059039461609;0.1815022628592153;-0.2332458966384632;0.9656647850754182
53.7195795;86.7944211;15.0;60.0;-0.1498929336188436;-1.006423982869379;-0.0458855919241358;2.5820208806608678;-0.5089740565401544;1.0185590863517715
53.7194754;86.7942914;14.0;0.0;-0.061180789232181;-1.0778015703069237;-0.0214132762312633;1.1363481900090673;-0.8768944602264367;1.079748971903238
53.71933;86.7940948;13.0;0.0;0.0265116753339451;-0.99214846538187;-0.0183542367696543;1.0594435004612217;-1.238608091757473;0.9926723146617965
53.7191917;86.7940333;12.0;60.0;-0.0137656775772407;-0.9554399918425612;0.0479249515652085;-2.8712570006711533;-1.543542022289602;0.9567402327036328
53.7190595;86.7940291;12.0;60.0;-0.014785357397777;-1.0099928622412562;0.0244723156928724;-1.3878672003920889;-1.6006884950975964;1.0103974875300497
53.7189304;86.7939768;14.0;60.0;-0.0571020699500356;-1.0186601407158151;-0.0163148771285816;0.9161336711695404;-1.5233324331419729;1.0203897803738844
53.7185597;86.7938877;20.0;60.0;0.0305903946160905;-0.9330070357907616;-0.0224329560517997;1.3765986452835313;-1.636237583338172;0.9337778850428262
53.718118;86.7938044;20.0;0.0;-0.0576119098603038;-0.9982665443050882;0.0091771183848271;-0.525833453974437;-1.6637807700253706;0.9999697221108365
53.71793;86.793642;19.0;0.0;-0.0978892627714897;-0.9906189456510656;-0.0448659121035994;2.5806469977168467;-1.60111623586624;0.9964542906313678
53.7178541;86.7933869;15.0;0.0;-0.0040787192821454;-0.971754868971143;-0.0458855919241358;2.7034351763339184;-1.4547556386695488;0.9728461588896439
53.7178321;86.7931601;11.0;60.0;0.0632201488732537;-0.91669215866218;-0.0489446313857448;3.049043266126682;-1.4029540912882117;0.9201722001439568
53.7177784;86.7930296;7.0;60.0;0.0260018354236769;-1.0461914958702967;0.0071377587437544;-0.3907801403200014;-1.4033404328912402;1.046538909490045
53.7177013;86.7930037;4.0;60.0;-0.0642398286937901;-1.020699500356888;0.0418068726419904;-2.340842769912144;-0.9216619969833616;1.0235731728701722
53.7176613;86.7930149;1.0;60.0;-0.032119914346895;-1.0110125420617926;-0.0188640766799224;1.0683959617318388;-0.7236260186336267;1.011698523520167
53.7176629;86.7930421;2.0;60.0;-0.0275313551544814;-1.011522381972061;-0.0091771183848271;0.5196138983002389;-1.1037092241794717;1.011938597074409
53.7176967;86.7930247;5.0;60.0;-0.0458855919241358;-0.9901091057407974;-0.0122361578464362;0.707288678714024;-1.4344139912016762;0.9912473214974721
53.7177424;86.7930192;3.0;60.0;-0.0112164780258998;-0.986030386458652;-0.058121749770572;3.3731895570070334;-1.3102905673708722;0.9878055831971679
53.7177664;86.7930176;3.0;60.0;-0.0346691138982359;-0.9952075048434792;0.0173345569491179;-0.9972740435646388;-1.367910323994526;0.9959620535039951
53.7177881;86.7929881;2.0;60.0;-0.0550627103089629;-1.011522381972061;0.0020393596410727;-0.1153447588054341;-1.5255964818441687;1.0130220087859623
53.7178067;86.7929811;2.0;60.0;-0.0387478331803813;-1.0054043030488429;0.0101967982053635;-0.5806421524737478;-1.6904749004639026;1.0062023563175277
53.7178335;86.7929567;5.0;60.0;-0.003059039461609;-0.9962271846640156;0.0071377587437544;-0.4105032786495452;-1.8217139393926065;0.9962574510566545
53.7178752;86.7929216;5.0;60.0;-0.0101967982053635;-0.986030386458652;0.0458855919241358;-2.664233472043781;-1.976361776757824;0.987150133090032
53.7179269;86.7928965;7.0;60.0;-0.040787192821454;-1.026817579280106;0.0744366268991536;-4.143008516339662;-2.1573634987095733;1.0303197307831364
53.7179924;86.792834;7.0;60.0;-0.0173345569491179;-0.99214846538187;0.0713775874375446;-4.114283336598387;-2.367664191397909;0.9948637214275261
53.7180573;86.7928221;6.0;60.0;-0.0275313551544814;-1.012542061792597;0.0469052717446721;-2.6513105265824537;-2.6102089409728872;1.0140017292555705
53.7181067;86.7927947;6.0;60.0;-0.0734169470786173;-1.011522381972061;0.1233812582848985;-6.936278007522915;-2.8879428335845616;1.0216606639411843
53.7181755;86.7927355;7.0;60.0;-0.1050270215152442;-0.9901091057407974;0.0479249515652085;-2.755728747446636;-3.203810955382986;0.9968166920260377
53.7182384;86.7927472;7.0;60.0;-0.0723972672580809;-1.0003059039461608;0.0846334251045171;-4.823580289221473;-3.5607583925182147;1.0064870006219184
53.718304;86.7927104;6.0;60.0;-0.0316100744366268;-1.0166207810747423;0.1193025390027531;-6.689960787243304;-3.961730231140304;1.0240850087426394
53.7183711;86.7927007;7.0;60.0;-0.0968695829509534;-0.9992862241256244;0.1070663811563169;-6.087185146087955;-4.409671557399308;1.009663252674994
53.7184218;86.792649;6.0;60.0;-0.0897318242071989;-1.011522381972061;0.1152238197206077;-6.4734205004977925;-4.907527457445281;1.0220106937488427
53.7184632;86.7925624;4.0;60.0;-0.0652595085143265;-1.011522381972061;0.1345977363107984;-7.563966893767221;-5.458243017428277;1.0225228033163634
53.7185184;86.7925152;3.0;60.0;-0.1244009381054349;-1.011522381972061;0.0244723156928724;-1.375558236745794;-6.064763323498352;1.0194371078528168
53.7213897;86.7951049;19.0;30.0;0.0622004690527174;-0.8942592026103804;0.0887121443866625;-5.651744086290677;3.11307529809978;0.9007986813741522
53.7211946;86.7950378;20.0;30.0;0.0428265524625267;-0.9584990313041704;0.0550627103089629;-3.284576263676028;3.367928440478209;0.9610340309653073
53.7209892;86.7949604;20.0;30.0;0.0555725502192311;-1.0359946976649332;0.07545630671969;-4.1598024504195;3.138026210981452;1.040224483537809
53.7207543;86.7949047;21.0;30.0;0.0193739165901906;-1.0186601407158151;0.1070663811563169;-5.9989723217388224;2.536774944243612;1.0244545089466481
53.720548;86.7948008;19.0;30.0;0.0387478331803813;-1.0186601407158151;0.1325583766697257;-7.40894555997215;1.6775809748987918;1.0279793772662231
53.7203879;86.7947431;17.0;30.0;0.023452635872336;-0.9646171102273886;0.1152238197206077;-6.809730500446922;0.6738506375810958;0.9717575438882918
53.7199581;86.7946461;18.0;30.0;0.0244723156928724;-0.945243193637198;0.0550627103089629;-3.3327364165399915;-0.3610097330753747;0.9471618084674813
53.7197931;86.7945579;14.0;30.0;-0.0265116753339451;-1.0105027021515245;0.0836137452839808;-4.728526842070288;-0.8457131099287198;1.0143026364872367
53.7196199;86.7944615;13.0;30.0;-0.0723972672580809;-0.968695829509534;-0.0224329560517997;1.32292431731347;-1.5085730196092426;0.9716564268983271
53.7194947;86.7943619;13.0;0.0;-0.0244723156928724;-1.0594473335372694;-0.0346691138982359;1.8737657799470973;-1.931368789375872;1.0602968896649139
53.7193541;86.7942469;15.0;0.0;-0.0438462322830631;-1.0084633425104517;-0.0642398286937901;3.641426114685152;-2.5892683821932585;1.0114581359914905
53.7191964;86.7940892;16.0;30.0;-0.058121749770572;-1.0227388599979603;0.0316100744366268;-1.7674430945743105;-2.3991208310636103;1.0248766317719464
53.7190643;86.7940339;12.0;30.0;-0.0010196798205363;-0.9676761496889976;0.040787192821454;-2.413566005717588;-2.0248870534388552;0.9685358875757336
53.7189592;86.7940056;13.0;0.0;-0.0550627103089629;-0.9890894259202612;-0.0020393596410727;0.117952825005872;-1.7110789401889273;0.9906230128164731
53.7188171;86.7939403;14.0;0.0;-0.037728153359845;-0.9676761496889976;0.0305903946160905;-1.809270301407396;-2.034336380125299;0.9688943783899437
53.7186641;86.7938897;15.0;0.0;-0.0387478331803813;-1.0074436626899157;-0.0387478331803813;2.2009724274056337;-2.6252997580536763;1.008932863299844
53.7184876;86.7938156;18.0;0.0;0.003059039461609;-1.0043846232283062;-0.0326297542571632;1.8607226694297156;-3.1810128642933666;1.004919165884887
53.7182784;86.79376;19.0;0.0;-0.0744366268991536;-1.00336494340777;-0.07545630671969;4.288991173412652;-3.985192967339652;1.0089478060373476
53.7180919;86.7937015;20.0;0.0;-0.1238910981951667;-1.0354848577546651;-0.020393596410727;1.120291179776439;-5.362377386238759;1.0430694097833408
53.7179157;86.7935253;19.0;0.0;-0.1213418986438258;-1.015601101254206;-0.0112164780258998;0.6282908234487364;-5.5478280442303305;1.0228857524741217
53.7178541;86.7932845;15.0;0.0;-0.0795350260018354;-1.0370143774854697;0.0061180789232181;-0.3370344830701142;-5.80133266483297;1.0400779155247935
53.717851;86.793051;15.0;0.0;-0.1121647802589986;-0.9931681452024064;0.0010196798205363;-0.0584536195720448;-5.13579655657276;0.9994823371737361
53.7179237;86.7928421;16.0;0.0;-0.0856531049250535;-0.9289283165086164;-0.0356887937187723;2.1908980621655085;-3.6154776233622576;0.9335512635050822
53.7180308;86.7926932;14.0;0.0;-0.0672988681553992;-1.018150300805547;-0.0723972672580809;4.058439313411348;-1.3124558990399902;1.022937210679063
53.7181468;86.7925532;12.0;30.0;0.0591414295911083;-0.9809319873559702;-0.1172631793616804;6.804697871050755;1.05211280724696;0.9896847607931644
53.7184065;86.7925057;12.0;0.0;0.0443560721933312;-0.9381054348934434;-0.0489446313857448;2.9833100718703034;2.6773545391500564;0.9404280116300892
53.718471;86.7926726;9.0;30.0;0.1213418986438258;-0.9890894259202612;0.0316100744366268;-1.8168671353405432;3.954420338226038;0.9970059907742027
53.7184614;86.7928166;4.0;30.0;0.1172631793616804;-0.971754868971143;0.0520036708473539;-3.041253014877773;5.767791072738249;0.9801849623335042
53.71843335;86.79286535;0.0;30.0;0.0861629448353216;-1.0043846232283062;0.0178443968593861;-1.0141142362380813;6.564794225279749;1.0082315939006457
53.7184332;86.7928908;0.0;30.0;0.0948302233098807;-1.0013255837666972;0.0433363923727949;-2.467133436307181;6.383528016011156;1.0067391612838987
53.7184328;86.7928648;3.0;30.0;0.0530233506678902;-1.0308962985622514;0.0652595085143265;-3.6174301775593367;5.083591451015755;1.034319804295041
53.7184224;86.7928288;2.0;30.0;0.0948302233098807;-0.9992862241256244;0.0326297542571632;-1.8618592124397608;3.748332189828957;1.0043059443432227
53.7184217;86.7928025;2.0;30.0;0.1034975017844396;-0.9584990313041704;0.1040073416947078;-6.157456176258203;1.803830992559154;0.9696647116467901
53.7184155;86.7927195;3.0;0.0;-0.0152951973080452;-0.974813908432752;0.1396961354134801;-8.154282378177873;-0.120564686704979;0.984891420098729
53.7184223;86.7926751;3.0;0.0;-0.0632201488732537;-1.006423982869379;0.1244009381054349;-7.032689195421953;-2.18083683098822;1.0160519740248197
53.718472;86.7925712;3.0;0.0;-0.1019679820536351;-1.0003059039461608;0.0907515040277353;-5.157315962354284;-4.299049749609642;1.009576746125292
53.7185191;86.7925415;3.0;0.0;-0.1182828591822167;-1.011522381972061;0.0458855919241358;-2.5797684125723546;-6.397267751888332;1.0194478169837728
53.7185567;86.7925535;2.0;0.0;-0.1407158152340165;-1.0135617416131335;0.0418068726419904;-2.339553814205087;-8.397555147143368;1.024136787406314
53.7185827;86.7925795;4.0;30.0;-0.1784439685938615;-1.026817579280106;0.0530233506678902;-2.912468910209554;-10.221976244693836;1.043555492900226
53.7254283;86.8447371;4.0;30.0;-0.147853573977771;-0.9635974304068522;-0.0336494340776996;1.976875011675318;-2.267069259588466;0.9754552637811936
53.7253712;86.844552;5.0;0.0;-0.0469052717446721;-1.0227388599979603;-0.0050983991026817;0.2853197629090291;-3.093810844261695;1.0238265839197473
53.7253161;86.8444713;7.0;0.0;-0.0774956663607627;-1.0217191801774244;-0.0326297542571632;1.823948154554619;-3.814258108050135;1.025173332812559
53.7252494;86.844379;9.0;90.0;0.0081574385642908;-1.0166207810747423;-0.020393596410727;1.149172561739629;-4.432755274558828;1.0168580309421336
53.7251758;86.8443054;9.0;90.0;0.0101967982053635;-1.0186601407158151;-0.0265116753339451;1.4907702473972666;-4.953646567392818;1.0190560955638397
53.725091;86.8442206;9.0;90.0;-0.0693382277964719;-1.0421127765881513;-0.0305903946160905;1.6776819972104726;-5.381276210157147;1.0448648722227145
53.7249916;86.8441212;10.0;90.0;-0.0978892627714897;-1.0329356582033242;-0.0418068726419904;2.307388303705285;-5.719988426456858;1.0384056030058697
53.7248681;86.8440489;11.0;90.0;-0.0295707147955541;-1.012542061792597;-0.0448659121035994;2.536046358151689;-5.974127439896994;1.0139668654061686
53.7247591;86.8439655;12.0;90.0;-0.0897318242071989;-0.9941878250229428;-0.023452635872336;1.345873374906018;-6.148037474082596;0.9985045106702131
53.7246466;86.843853;12.0;90.0;-0.15091261343938;-0.9432038339961252;-0.0163148771285816;0.9785198714453708;-6.246062752618709;0.9553398686204897
53.7245369;86.8437689;11.0;90.0;-0.1549913327215254;-0.9850107066381156;-0.029060874885286;1.6693852775510878;-6.272547499110374;0.9975534771928835
53.7244414;86.8436734;11.0;90.0;-0.1876210869786886;-0.9615580707657796;-0.0560823901294993;3.276318020603618;-6.231835937162634;0.9812954856802868
53.7243772;86.8435068;11.0;90.0;-0.1621290914652799;-1.006423982869379;-0.0387478331803813;2.17679067458634;-6.128272290380533;1.0201355155910394
53.7243637;86.8433141;11.0;90.0;-0.1488732537983073;-0.9962271846640156;-0.0469052717446721;2.666099990184422;-5.966200782369243;1.0083808574529405
53.7244076;86.8431532;10.0;90.0;-0.1529519730804527;-1.009483022330988;-0.0305903946160905;1.716129816944453;-6.118954073932562;1.0214627015640256
53.7245234;86.843013;10.0;0.0;-0.1458142143366982;-1.009483022330988;-0.040787192821454;2.289982198171636;-5.915596366892331;1.0207748784993629
53.7246665;86.8430537;12.0;0.0;-0.0683185479759355;-1.0013255837666972;-0.0642398286937901;3.662276967106016;-5.677477365516015;1.0057072657060129
53.7248383;86.8431487;15.0;0.0;-0.0356887937187723;-1.015601101254206;-0.0591414295911083;3.3306862333606;-5.130595094830351;1.01794744243499
53.7249933;86.8432525;17.0;30.0;-0.0540430304884266;-1.0079535026001836;-0.0678087080656673;3.84319341480959;-4.459094995008138;1.0116762987427776
53.7251939;86.8434019;19.0;0.0;-0.023452635872336;-0.9992862241256246;-0.058121749770572;3.327844990317528;-3.904138009634343;1.001249779851662
53.7254432;86.8435488;22.0;0.0;-0.0061180789232181;-1.006423982869379;-0.0489446313857448;2.784175923005668;-3.3916834257911184;1.0076319968747822
53.7257138;86.843717;23.0;0.0;-0.0040787192821454;-0.9870500662791885;-0.0795350260018354;4.6068161110706285;-2.7040496257778743;0.990257688510342
53.7260152;86.8438392;23.0;0.0;-0.0520036708473539;-0.9992862241256244;-0.0713775874375446;4.080114222524124;-2.084707407704663;1.0031809903986677
53.7262312;86.8439784;21.0;0.0;-0.0326297542571632;-1.0008157438564291;-0.0749464668094218;4.280356864396886;-1.7817834912278463;1.004148309215823
53.7264865;86.8441569;21.0;0.0;-0.0326297542571632;-1.020699500356888;-0.0744366268991536;4.168907446169489;-1.5045575026939373;1.023930164765062
53.7267353;86.8443289;22.0;0.0;-0.0550627103089629;-1.009483022330988;-0.061180789232181;3.46309393159025;-1.4308394289645934;1.0128331370033996
53.7269576;86.8444744;25.0;0.0;-0.0326297542571632;-1.0023452635872336;-0.0520036708473539;2.968386803242534;-1.3836410076042784;1.0042236354917382
53.7273273;86.8447929;28.0;0.0;-0.023452635872336;-1.020699500356888;-0.040787192821454;2.287720982453175;-1.340230223413806;1.0217832897715715
53.7276;86.8449888;29.0;0.0;-0.0193739165901906;-1.0105027021515245;-0.0367084735393086;2.0800837141435378;-1.4181615569713677;1.011354819897133
53.7281539;86.8453379;27.0;0.0;-0.0428265524625267;-1.0135617416131335;-0.0637299887835219;3.5946663372646706;-1.5087551141717657;1.0164659507961995
53.7283921;86.8455249;24.0;0.0;-0.0295707147955541;-1.0023452635872336;-0.0672988681553992;3.839488593730014;-1.4345312133440449;1.0050371098940967
53.7285963;86.8456779;22.0;0.0;-0.020393596410727;-0.9850107066381156;-0.0734169470786173;4.261701191313843;-1.2015480270079493;0.9879534599790761
53.7287925;86.8457973;21.0;0.0;-0.0285510349750178;-1.011522381972061;-0.0815743856429081;4.60882168128694;-1.0368279650116536;1.0152078955670087
53.7289814;86.8459094;22.0;0.0;-0.0326297542571632;-1.0003059039461608;-0.0632201488732537;3.6144128071272776;-0.6753817628653724;1.0028326827322618
53.7291917;86.8460941;21.0;0.0;-0.0010196798205363;-0.974813908432752;-0.0652595085143265;3.8299838193605207;-0.4502226151514105;0.9769964172259822
53.7293876;86.8462132;20.0;0.0;-0.0173345569491179;-0.9982665443050882;-0.07545630671969;4.321966301398493;-0.1041081610581322;1.0012643180335654
53.7295925;86.8463669;19.0;0.0;0.0122361578464362;-1.0043846232283062;-0.0734169470786173;4.180373438683327;0.1049307722826256;1.007138641426618
53.7297598;86.846483;16.0;0.0;0.0112164780258998;-0.9901091057407974;-0.0968695829509534;5.587523005630558;0.5692844343366659;0.9948997772395161
53.7299023;86.8465999;14.0;0.0;0.0168247170388498;-1.009483022330988;-0.1193025390027531;6.739128782762755;0.9376016363807684;1.0166475000168185
53.730009;86.8467322;11.0;0.0;0.0336494340776996;-0.9829713469970428;-0.1233812582848985;7.1501301657450655;1.242379252709264;0.9912557128848716
53.7301152;86.846864;11.0;0.0;0.0275313551544814;-0.9758335882532884;-0.1447945345161619;8.436678623431211;1.5123007833460067;0.9869015273600921
53.7302078;86.8469822;12.0;0.0;0.0428265524625267;-0.9809319873559702;-0.1080860609768532;6.281954435393968;1.7369655340794663;0.9877976887963703
53.7303029;86.8471541;13.0;0.0;0.0305903946160905;-1.0003059039461608;-0.130519017028653;7.430470013966309;1.890042681327432;1.0092486747667493
53.7303932;86.8473212;12.0;0.0;0.040787192821454;-0.9992862241256244;-0.116243499541144;6.62972665861736;1.845785486085602;1.0068510833341116
53.7304671;86.8474975;12.0;0.0;0.0265116753339451;-0.9972468644845518;-0.1233812582848985;7.050434926185914;1.690215823935183;1.0052000360869708
53.7305217;86.8476801;11.0;0.0;0.0305903946160905;-0.9972468644845518;-0.1223615784643621;6.991936128780891;1.583735343961519;1.0051912439189512
53.7305677;86.8478797;12.0;0.0;-0.0050983991026817;-0.9819516671765066;-0.1111451004384623;6.457621686677817;1.4777701446865574;0.9882349435714196
53.7306121;86.8481289;19.0;0.0;0.0642398286937901;-0.9982665443050882;-0.0520036708473539;2.9759248672893133;1.2435052866824847;1.0016822005262098
53.7307122;86.8484594;23.0;0.0;0.0499643112062812;-0.99214846538187;-0.0688283878862037;3.9634196670864097;1.084072451767717;0.9957873049667442
53.7308327;86.8488103;22.0;0.0;0.0560823901294993;-1.0196798205363515;-0.0469052717446721;2.629780286604146;0.7621082075429801;1.022297547394654
53.7310135;86.8490423;19.0;0.0;-0.0152951973080452;-1.015601101254206;-0.0831039053737126;4.677409283868155;0.613786122059916;1.0191102977685051
53.7311826;86.8491858;15.0;0.0;-0.0020393596410727;-1.006423982869379;-0.1060467013357805;6.015037238803224;0.4748958503117592;1.011997675465023
53.7313075;86.8492595;12.0;0.0;-0.0295707147955541;-0.9850107066381156;-0.1213418986438258;7.019662910840903;0.3654881598059595;0.9928969612863806
53.7314237;86.8493245;10.0;0.0;-0.0275313551544814;-0.9911287855613338;-0.1396961354134801;8.019738384900695;0.2512418091357116;1.0013037777489846
53.7315336;86.849332;10.0;0.0;-0.0285510349750178;-0.9952075048434792;-0.1254206179259712;7.179887402484789;0.0654745237545519;1.003485660433601
53.7316334;86.849355;11.0;0.0;-0.023452635872336;-0.9819516671765066;-0.1203222188232894;6.983870575368945;-0.0597986711077575;0.9895739179781572
53.7317402;86.8493338;11.0;0.0;-0.0061180789232181;-1.0054043030488429;-0.1050270215152442;5.963519545118488;-0.205420227679668;1.0108936238433812
53.7318994;86.8492882;14.0;0.0;0.0275313551544814;-1.011522381972061;-0.0866727847455898;4.8956500513632495;-0.3705237778216583;1.0156021250286105
53.7320545;86.8492385;16.0;0.0;0.0122361578464362;-0.9788926277148976;-0.0943203833996125;5.503269429394575;-0.4962896026840194;0.9835023308961042
53.7322296;86.8491832;17.0;0.0;-0.0112164780258998;-1.003874783318038;-0.0907515040277353;5.165246520634927;-0.6227005727750375;1.0080308653232992
53.732407;86.8491302;17.0;0.0;0.0040787192821454;-0.9880697460997246;-0.092790863668808;5.364937839862775;-0.8129914104183557;0.9924256160987383
53.7325739;86.8490411;16.0;0.0;-0.0020393596410727;-0.9972468644845518;-0.0836137452839808;4.792720787427334;-0.7172843962119871;1.0007480832419466
53.7327262;86.848963;14.0;0.0;0.023452635872336;-0.968695829509534;-0.092790863668808;5.470044915531937;-0.6662991655826205;0.973412441167118
53.732853;86.8488338;11.0;0.0;-0.0081574385642908;-1.011522381972061;-0.113184460079535;6.384356956073719;-0.5173273150844238;1.0178677689355617
53.7330113;86.8485569;11.0;0.0;-0.0224329560517997;-0.9982665443050882;-0.1233812582848985;7.044008655631207;-0.596308571133282;1.0061124519118176
53.733071;86.8483862;12.0;0.0;-0.0418068726419904;-1.012542061792597;-0.1203222188232894;6.771067318475396;-0.5711390491800118;1.0205227473417076
53.7331138;86.8482242;13.0;0.0;-0.0336494340776996;-1.0084633425104517;-0.1101254206179259;6.228635508836136;-0.6278461870869991;1.0150163574383306
53.7331496;86.8479784;14.0;0.0;-0.020393596410727;-0.9911287855613338;-0.1101254206179259;6.3388609483375005;-0.6817476307420209;0.9974366028019641
53.7331676;86.8476124;14.0;0.0;-0.0224329560517997;-1.0105027021515245;-0.1213418986438258;6.845662342608893;-0.8767931142190134;1.0180092361758035
53.7331788;86.8473676;13.0;0.0;-0.0265116753339451;-1.0166207810747423;-0.1264402977465075;7.087263580396426;-1.0839501048285918;1.0247964823984599
53.7331872;86.8471456;11.0;0.0;-0.0020393596410727;-0.9936779851126748;-0.1228714183746303;7.049007800436225;-1.3157867324211672;1.0012479625640816
53.7332012;86.8469292;12.0;0.0;-0.0193739165901906;-1.006423982869379;-0.1264402977465075;7.159424253716967;-1.3530064096831025;1.0145204437727873
53.7332104;86.8467336;13.0;0.0;-0.0071377587437544;-1.0003059039461608;-0.0795350260018354;4.545948581861226;-1.36362839167115;1.0034882507685592
53.7332314;86.8464986;15.0;0.0;-0.020393596410727;-1.0074436626899157;-0.0938105434893443;5.3188105212077925;-1.399463226050079;1.0120074359106273
53.7332492;86.8461836;16.0;0.0;-0.0356887937187723;-1.009483022330988;-0.0734169470786173;4.157054324254096;-1.5124660766929816;1.0127782138701205
53.7332611;86.8458883;17.0;0.0;-0.0183542367696543;-1.0227388599979603;-0.0887121443866625;4.9566212092571496;-1.60292359176568;1.0267431510942764
53.7332651;86.8455595;18.0;0.0;-0.0244723156928724;-1.0217191801774244;-0.1070663811563169;5.98051270301377;-1.5395072095531654;1.0276050736307745
53.7332742;86.8452102;18.0;0.0;-0.0122361578464362;-1.006423982869379;-0.0836137452839808;4.74887949975836;-1.6131440474296372;1.0099654525051445
53.7332725;86.8448245;18.0;0.0;-0.0326297542571632;-0.9982665443050882;-0.0769858264504945;4.407549146328526;-1.665046421172618;1.001762253139921
53.7332858;86.8444794;16.0;0.0;-0.0438462322830631;-0.9952075048434792;-0.0836137452839808;4.797873596132368;-1.7630509271166543;0.9996758115422311
53.733294;86.8441292;15.0;0.0;-0.061180789232181;-1.0003059039461608;-0.0897318242071989;5.116452624849278;-1.8832778707520872;1.0061842727434027
53.7332993;86.8438273;15.0;0.0;-0.0336494340776996;-1.0013255837666972;-0.1172631793616804;6.675633280013569;-1.9012160345739628;1.0087298262436162
53.7333019;86.8435995;13.0;0.0;-0.0346691138982359;-1.0003059039461608;-0.0948302233098807;5.412294717258493;-1.9798514697059728;1.0053887905586756
53.7333024;86.8433696;13.0;0.0;-0.0101967982053635;-0.9972468644845518;-0.1182828591822167;6.763866166777362;-2.0814461941254576;1.0042888619287933
53.7332971;86.8431595;13.0;0.0;-0.0265116753339451;-0.9584990313041704;-0.0876924645661262;5.225414324123153;-1.899689156312981;0.962867192442305
53.7332851;86.8426611;17.0;0.0;-0.0418068726419904;-1.0023452635872336;-0.0723972672580809;4.1276020659167525;-1.7558928600035275;1.0058256341644423
53.7332803;86.8423235;19.0;0.0;-0.0601611094116447;-0.9992862241256244;-0.0734169470786173;4.19436909908573;-1.6206251357682595;1.003784023050393
53.7332893;86.8419997;21.0;0.0;-0.0193739165901906;-0.9850107066381156;-0.0622004690527174;3.6125620330200734;-1.5760049953044786;0.9871627723866726
53.7332939;86.8416203;21.0;0.0;-0.0224329560517997;-1.0023452635872336;-0.0560823901294993;3.201626855305685;-1.396928528712299;1.0041635820102321
53.7333113;86.8412537;21.0;0.0;-0.0326297542571632;-1.0370143774854697;-0.0530233506678902;2.9255833595472187;-1.199742073265118;1.0388816081202463
53.733343;86.8409014;21.0;0.0;-0.0050983991026817;-1.0232486999082289;-0.0672988681553992;3.762866252480934;-0.8995155278862518;1.0254721025909426
53.733417;86.840489;20.0;0.0;-0.0158050372183134;-1.0105027021515245;-0.0601611094116447;3.406713920336369;-0.6187369663635527;1.0124153640392093
53.7334765;86.8401901;19.0;0.0;-0.0183542367696543;-0.9997960640358928;-0.0693382277964719;3.9665796109610807;-0.4020524123580083;1.0023656206709282
53.7335632;86.8398416;19.0;0.0;-0.0020393596410727;-1.0013255837666972;-0.0836137452839808;4.773288971214256;-0.4842474818688388;1.0048125905331187
53.7336681;86.8395369;19.0;0.0;-0.0163148771285816;-1.0105027021515245;-0.0622004690527174;3.521881658477858;-0.5579477164678954;1.0125466826875842
53.7337908;86.8392756;19.0;0.0;0.0101967982053635;-0.9992862241256244;-0.0749464668094218;4.288930879080153;-0.6616637977381957;1.0021446528860514
53.7339139;86.8390147;19.0;0.0;0.029060874885286;-1.0023452635872336;-0.0652595085143265;3.7235280394260224;-0.6962356439921972;1.004887737678389
53.7340258;86.8387682;17.0;0.0;-0.023452635872336;-0.9901091057407974;-0.0836137452839808;4.825771964038003;-0.942654912321467;0.9939101195785343
53.7341148;86.8385244;15.0;0.0;-0.0254919955134087;-0.9911287855613338;-0.0764759865402263;4.410775155403922;-1.245027155657655;0.9944016733296666
53.7341847;86.8382615;18.0;0.0;-0.0050983991026817;-0.9941878250229428;-0.0795350260018354;4.573861372668447;-1.155738027269556;0.997377183145059
53.7342319;86.8379247;22.0;0.0;0.0244723156928724;-0.9829713469970428;-0.0448659121035994;2.612537865976037;-1.18166499822234;0.9842989958957797
53.7342339;86.8375171;25.0;0.0;-0.0275313551544814;-1.0003059039461608;-0.061180789232181;3.4986475489687816;-1.1457931798065406;1.0025532235035008
53.7342466;86.836813;26.0;0.0;-0.0193739165901906;-1.009483022330988;-0.0571020699500356;3.236928516262119;-1.0756527421388191;1.0112823381287386
53.734269;86.8364258;25.0;0.0;-0.0642398286937901;-0.9814418272662384;-0.0443560721933312;2.582192665778277;-1.0430743103204372;0.9845416583561716
53.7343791;86.8358959;25.0;0.0;-0.0622004690527174;-1.0105027021515245;-0.0489446313857448;2.767776531612685;-0.9765706900185376;1.013597645196257
53.734543;86.835599;26.0;0.0;-0.0795350260018354;-1.009483022330988;-0.0458855919241358;2.594532878799767;-0.9298511170946628;1.013650472441979
53.7347536;86.8352464;29.0;0.0;-0.0086672784745589;-1.0008157438564291;-0.0295707147955541;1.692340385019949;-0.978851790819068;1.0012900189458462
53.7349857;86.8348641;33.0;0.0;-0.037728153359845;-0.979912307535434;-0.0091771183848271;0.5361760638972309;-0.9669071092608698;0.9806812751945517
53.7352047;86.8344431;33.0;0.0;-0.0112164780258998;-1.015601101254206;-0.0163148771285816;0.9202788532410008;-1.0209443721045908;1.015794064495251
53.7354678;86.8340918;31.0;0.0;-0.0387478331803813;-0.9992862241256244;-0.0132558376669725;0.7594308420788837;-0.9005407995982158;1.0001250269519684
53.7356809;86.8336905;29.0;30.0;0.0652595085143265;-1.0135617416131335;0.0152951973080452;-0.8627725826299582;-0.8307592700436484;1.0157756398802207
53.7358429;86.8332893;25.0;0.0;0.1019679820536351;-0.9911287855613338;-0.020393596410727;1.1725717439824863;-0.6884869674135292;0.9965689327422055
53.7358444;86.83283;23.0;30.0;-0.0214132762312633;-1.1032935658203324;-0.1009483022330988;5.226869748793782;-0.6103885046403115;1.108109101353854
53.7358008;86.8324536;20.0;0.0;-0.0173345569491179;-1.0217191801774244;-0.0672988681553992;3.7679890075931457;-0.4844624208321625;1.0240799322621492
53.7357617;86.8321329;18.0;0.0;-0.0050983991026817;-0.979912307535434;-0.0652595085143265;3.810066252568594;-0.1055601145507165;0.9820961905966038
53.7357136;86.831752;22.0;0.0;-0.0224329560517997;-0.9962271846640156;-0.0520036708473539;2.987406770952646;-0.1660389207539742;0.9978357694342354
53.7356605;86.8312381;29.0;0.0;-0.0305903946160905;-0.9952075048434792;-0.0152951973080452;0.8800854693080835;-0.0059526506385206;0.9957950055107948
53.7355771;86.8302075;33.0;0.0;-0.0224329560517997;-1.0003059039461608;-0.0101967982053635;0.5838878097089386;-0.0084262143566328;1.0006093711735908
53.7355126;86.829631;34.0;0.0;-0.0316100744366268;-1.0099928622412562;-0.0193739165901906;1.0983884316205104;-0.0870742370133373;1.0106731060180725
53.7354544;86.8290096;34.0;0.0;-0.0081574385642908;-1.012542061792597;0.0152951973080452;-0.8654012573583594;-0.4305035473699585;1.0126904333328255
53.7353964;86.8284396;34.0;0.0;-0.0081574385642908;-1.0349750178443968;-0.0020393596410727;0.1128944350259974;-0.5360476821163893;1.0350091740432474
53.7353231;86.8278031;34.0;0.0;0.0040787192821454;-1.0084633425104517;-0.0112164780258998;0.6372319854656986;-0.8530227420505254;1.0085339649796832
53.7352664;86.82726;34.0;0.0;-0.0183542367696543;-0.9972468644845518;-0.0183542367696543;1.054226004349571;-1.2321723048158124;0.9975846153279746
53.7352087;86.8266647;34.0;0.0;0.0367084735393086;-1.009483022330988;0.0183542367696543;-1.0409388308824687;-1.4280696284845458;1.0103169613598935
53.7351487;86.8260671;35.0;0.0;-0.0265116753339451;-1.012542061792597;-0.0224329560517997;1.2687505794817855;-1.0795112666383295;1.013137470112244
53.7350884;86.8254948;35.0;0.0;-0.0152951973080452;-1.0003059039461608;-0.0244723156928724;1.4012883150262063;-0.6880611164832207;1.0007221086623446
53.7350471;86.8248647;35.0;0.0;-0.0101967982053635;-0.9656367900479248;-0.0112164780258998;0.6654594516854313;-0.5822707099981829;0.9657557633102721
53.7349713;86.8242513;35.0;0.0;-0.0591414295911083;-1.0105027021515245;-0.0010196798205363;0.0577173376957456;-0.3773240975957087;1.0122324137748944
53.7348876;86.82363;34.0;0.0;0.0326297542571632;-1.0247782196390334;0.0010196798205363;-0.0569818292820285;-0.2329240211213002;1.0252980737601949
53.7347629;86.8230957;33.0;0.0;-0.0254919955134087;-1.0043846232283062;0.0091771183848271;-0.5233316452185017;-0.196190755121975;1.0047499851776915
53.7346379;86.8225611;34.0;0.0;-0.037728153359845;-0.9952075048434792;0.0265116753339451;-1.524866271045603;-0.0803775701382173;0.9962751929972663
53.7345364;86.8219988;34.0;0.0;-0.0387478331803813;-1.020699500356888;0.0163148771285816;-0.9150796553564892;-0.0819849844773489;1.0215649953971093
53.7344767;86.8214015;33.0;0.0;0.0040787192821454;-1.0084633425104517;0.0081574385642908;-0.463450445527324;-0.2081150757315841;1.008504582509304
53.7344479;86.8208351;33.0;0.0;-0.0101967982053635;-1.0023452635872336;0.0163148771285816;-0.9324558582010242;-0.3705372939900762;1.0025298885046383
53.7343657;86.8201385;31.0;0.0;0.0275313551544814;-1.0308962985622514;0.0152951973080452;-0.8497204595449449;-0.360506700973096;1.0313772815835556
53.7341861;86.8197029;30.0;0.0;0.0907515040277353;-0.9952075048434792;0.0071377587437544;-0.4092279433336594;-0.1463765304817596;0.99936217698088
53.7339221;86.8194133;29.0;0.0;0.020393596410727;-1.0247782196390334;0.0163148771285816;-0.9119140356056258;-0.0410856713892291;1.0251109566465628
53.7336252;86.81927;27.0;30.0;-0.0458855919241358;-1.015601101254206;0.0642398286937901;-3.6156302789925543;-0.0578845734046105;1.0186647338578045
53.733351;86.819175;23.0;30.0;0.0071377587437544;-0.9952075048434792;0.0652595085143264;-3.7516328563414594;-0.2587474956129605;0.997370406994412
53.7330262;86.8191062;27.0;30.0;-0.0040787192821454;-0.9982665443050882;0.0397675130009177;-2.281241950990731;-0.3281536441645343;0.9990666566951794
53.7327184;86.818952;32.0;30.0;-0.0418068726419904;-1.0023452635872336;0.0295707147955541;-1.6883557181218705;-0.3957028807981564;1.0036524643567535
53.7324179;86.8187539;31.0;30.0;-0.020393596410727;-1.01458142143367;0.0183542367696543;-1.036184257584542;-0.684133567626836;1.0149523326247032
53.7321057;86.8185185;33.0;30.0;-0.0071377587437544;-0.9850107066381156;0.0387478331803813;-2.252650665902404;-0.6735813690627462;0.9857983740947124
53.7317644;86.8183052;33.0;30.0;-0.0560823901294993;-1.023758539818497;0.0509839910268175;-2.8467588279888667;-0.6152357211166509;1.0265603487739825
53.7314423;86.8180855;33.0;0.0;-0.0285510349750178;-1.0288569389211788;0.0050983991026817;-0.2838120056981172;-0.4920141540075864;1.029265639200014
53.7311078;86.8178534;34.0;0.0;-0.0071377587437544;-1.020699500356888;-0.0163148771285816;0.915716287725035;-0.9237366045198268;1.0208548343640271
53.7307834;86.8176314;34.0;0.0;0.0305903946160905;-0.9758335882532884;0.0188640766799225;-1.1069171138172698;-1.559866255549756;0.9764951702876171
53.7304626;86.8173618;34.0;30.0;-0.0173345569491179;-1.0421127765881513;-0.0265116753339451;1.4571067466592111;-2.284011847314974;1.0425940700588607
53.7301703;86.8170695;33.0;30.0;-0.0749464668094218;-0.9258692770470072;-0.0020393596410727;0.1257905103242992;-2.655910706440792;0.9288999139059649
53.7299399;86.8167111;30.0;30.0;-0.1029876618741715;-1.0625063729988784;-0.0010196798205363;0.0547298373910856;-2.896679109668743;1.0674864359365306
53.7297673;86.8162569;31.0;0.0;-0.0101967982053635;-1.00336494340777;0.003059039461609;-0.1746726937129159;-3.1171878213577933;1.0034214179873508
53.7296186;86.8157754;33.0;0.0;-0.0050983991026817;-1.0003059039461608;-0.0112164780258998;0.6424250530996917;-3.611343497567792;1.000381779383382
53.7294792;86.8152264;34.0;0.0;-0.040787192821454;-1.020699500356888;0.020393596410727;-1.143705993991354;-3.60762250556346;1.0217176537094868
53.7293442;86.8146818;34.0;0.0;-0.0448659121035994;-1.0084633425104517;0.0152951973080452;-0.8680704895010447;-3.8948482959732895;1.0095767461252922
53.7288938;86.8129002;35.0;0.0;-0.0397675130009177;-1.0054043030488429;0.0305903946160905;-1.741380830589895;-4.282596030322476;1.0066553729664267
53.7287477;86.8123701;30.0;60.0;-0.0520036708473539;-1.0084633425104517;0.0244723156928724;-1.3882763115861594;-4.363627270313476;1.0100997917059107
53.7286523;86.8117883;26.0;60.0;-0.1447945345161619;-0.9982665443050882;0.0244723156928724;-1.389776529649798;-4.026490012096221;1.0090096357022296
53.7287086;86.8113838;25.0;60.0;-0.2569593147751606;-1.0426226164984196;0.0254919955134087;-1.3599197982749287;-3.7729360251946735;1.074122828972081
53.7289314;86.811197;22.0;60.0;-0.1274599775670439;-0.9850107066381156;-0.0448659121035994;2.5864088980688806;-3.264924313633012;0.9942359318300658
53.7291807;86.8111391;25.0;60.0;-0.0341592739879677;-1.0099928622412562;-0.0351789538085041;1.9937176994565464;-2.686418878650344;1.0111824744173186
53.7295235;86.8110211;29.0;60.0;-0.0020393596410727;-1.074742530845315;0.0244723156928724;-1.3044199706911763;-2.0053796507759385;1.075023051302115
53.729868;86.8107768;29.0;60.0;-0.0560823901294993;-1.011522381972061;-0.0096869582950953;0.547841397108421;-1.7035702300099682;1.0131222043140107
53.7301582;86.8105806;31.0;60.0;0.0101967982053635;-1.0186601407158151;-0.0061180789232181;0.3440974197810617;-1.6597117247989577;1.0187295459868217
53.7305699;86.8104291;34.0;60.0;-0.0173345569491179;-0.9829713469970428;0.020393596410727;-1.1883538946074477;-1.6109683937542727;0.9833356775060929
53.7311852;86.8101228;28.0;60.0;0.0275313551544814;-0.8585704088916081;0.0632201488732537;-4.209173110733426;-1.2689759354208137;0.8613349579370975
53.7314055;86.8098311;28.0;60.0;-0.0499643112062812;-0.9809319873559702;-0.0101967982053635;0.5947977472528255;-0.8854695783275413;0.9822565708133961
53.7315999;86.8095135;25.0;60.0;0.0632201488732537;-1.020699500356888;-0.0295707147955541;1.656281319624713;-0.4969041550563604;1.0230829313530145
53.7317547;86.8091563;23.0;60.0;0.1080860609768532;-0.9992862241256244;-0.0622004690527174;3.5411733877125067;-0.2294405323199037;1.0070374633821313
53.7318211;86.8087619;19.0;0.0;0.0825940654634444;-0.9890894259202612;-0.0693382277964719;3.996187450977865;0.0991631916872036;0.9949509846977422
53.7318285;86.8084621;17.0;0.0;-0.0010196798205363;-1.020699500356888;-0.0825940654634444;4.626239704761283;0.5159059463702746;1.024036273491089
53.7318178;86.808093;16.0;0.0;-0.0142755174875089;-0.9941878250229428;-0.092790863668808;5.331612441405739;0.666581050152744;0.9986107180497258
53.7317975;86.8078167;19.0;30.0;-0.0764759865402263;-0.9911287855613338;-0.0723972672580809;4.165428007170134;0.5361293103075683;0.9967076855287227
53.7317799;86.8074663;22.0;0.0;-0.092790863668808;-0.9941878250229428;-0.07545630671969;4.321571153685418;0.4927525575794571;1.0013556960581134
53.7317514;86.8070026;27.0;0.0;-0.0907515040277353;-1.0003059039461608;-0.0071377587437544;0.4071593144773167;0.0498913339841156;1.004439487750619
53.7317462;86.8065366;27.0;0.0;-0.0081574385642908;-1.01458142143367;0.061180789232181;-3.450731929085895;-0.3476686473984693;1.0164571282121881
53.7317391;86.8060431;25.0;0.0;0.020393596410727;-1.011522381972061;0.0295707147955541;-1.67416048769578;-0.8628769378759711;1.0121599948518591
53.7317488;86.8056176;23.0;30.0;-0.0010196798205363;-1.0370143774854697;0.0428265524625267;-2.36485241842705;-1.252352259121686;1.0378988257312647
53.731725;86.8048258;25.0;30.0;-0.003059039461609;-1.0003059039461608;0.0815743856429081;-4.662100402803094;-1.441028147495144;1.003631226888139
53.7317073;86.8044241;21.0;30.0;0.0101967982053635;-0.9982665443050882;0.1019679820536351;-5.831950208546;-1.472438797406882;1.003512599590336
53.7316706;86.8040802;20.0;30.0;-0.0132558376669725;-1.0232486999082289;0.061180789232181;-3.421396673936023;-1.839075843748327;1.025161796043535
53.7316232;86.8035976;23.0;30.0;0.0305903946160905;-1.058427653716733;0.0571020699500356;-3.086821569073234;-1.9810502391026552;1.0604081840440762
53.7315642;86.8032058;24.0;30.0;0.02931579484042;-0.9929132252472724;0.0336494340776995;-1.9401435086882168;-1.8681436589961404;0.9939156770631077
53.7314488;86.8027064;26.0;30.0;-0.0045885591924135;-1.0298766187417152;0.0897318242071989;-4.979483192574046;-1.4690395666736218;1.033788520434369
53.7313168;86.802216;24.0;30.0;-0.0428265524625267;-0.9952075048434792;0.0764759865402263;-4.390169028842344;-1.391974335565521;0.9990598920034324
53.7311125;86.8014997;23.0;30.0;-0.1407158152340165;-0.9615580707657796;0.0254919955134087;-1.5026231446644305;-1.2849003297582615;0.9721340987472035
53.731101;86.8010786;24.0;30.0;-0.1815030080554706;-1.0247782196390334;-0.0244723156928724;1.3470404560944782;-1.490855785334431;1.0410151947090411
53.7312223;86.8006367;22.0;0.0;-0.0081574385642908;-1.0084633425104517;-0.0489446313857448;2.778514972015034;-1.4546593992124937;1.00968333349262
53.7313266;86.8002802;25.0;30.0;0.0163148771285816;-1.0135617416131335;0.0254919955134087;-1.4405504629022154;-1.5740792917566366;1.0140135211686403
53.731438;86.7998284;28.0;30.0;0.003059039461609;-1.0370143774854697;0.0540430304884266;-2.983204061899532;-1.4656930101058734;1.0384261292833386
53.731503;86.7993302;30.0;30.0;0.0397675130009177;-1.0492505353319057;0.0356887937187723;-1.94668839894258;-1.306590333002266;1.0506102183881851
53.7314592;86.7987488;32.0;30.0;-0.0479249515652085;-1.0319159783827878;0.0112164780258998;-0.62208520634366;-1.0155673112178474;1.0330891523985426
53.73141;86.7981876;34.0;30.0;-0.0520036708473539;-1.0074436626899157;0.0285510349750178;-1.6211752519554912;-1.0138432748497537;1.0091889203086888
53.7314333;86.7976221;33.0;0.0;-0.0397675130009177;-1.0186601407158151;-0.003059039461609;0.1719279183174102;-1.1993030258534212;1.019440677575635
53.7314542;86.7970542;34.0;0.0;0.0122361578464362;-0.9768532680738248;-0.0050983991026817;0.2990123433337877;-1.4078077388691286;0.9769432043771864
53.7314577;86.7961617;33.0;0.0;0.0316100744366269;-1.0186601407158151;-0.0479249515652085;2.692317008245257;-1.2710894163916793;1.0202766683951863
53.7314333;86.7955997;34.0;0.0;-0.0326297542571632;-0.9972468644845518;-0.0081574385642908;0.468416018158178;-1.0593314969697167;0.997813887150847
53.7314178;86.795021;33.0;30.0;0.0122361578464362;-1.0054043030488429;0.0224329560517997;-1.278098112256132;-0.7786435952458608;1.0057289762481711
53.7313803;86.7945483;27.0;0.0;0.0081574385642908;-1.0227388599979608;0.0224329560517997;-1.256495499899128;-0.6039626118619486;1.023017378675006
53.731275;86.794187;20.0;0.0;0.0550627103089629;-1.017640460895279;-0.0275313551544814;1.5474457339459553;-0.8592847250573785;1.0195008510218944
53.7311158;86.793951;19.0;0.0;-0.0560823901294993;-1.018150300805547;-0.0458855919241358;2.576536772502967;-1.29244429881904;1.0207256032153262
53.7308982;86.7937078;21.0;0.0;-0.0448659121035994;-1.0186601407158151;-0.0632201488732537;3.547908545087751;-1.135730569067565;1.021605706510887
53.7307176;86.793476;22.0;0.0;-0.0571020699500356;-0.986030386458652;-0.0397675130009177;2.305680988842806;-1.2518279391471283;0.9884826880136321
53.7305258;86.793233;24.0;0.0;-0.0520036708473539;-1.0247782196390334;-0.0591414295911083;3.298723109919215;-1.156849375308537;1.0277998296955624
53.7303459;86.7929507;24.0;30.0;-0.1264402977465075;-0.9850107066381156;-0.0520036708473539;2.9975768193897;-0.9404135203212912;0.9944534292100085
53.7300462;86.7921902;20.0;0.0;-0.0560823901294993;-0.9850107066381156;-0.0769858264504945;4.46180453746089;-0.944918074817559;0.9896050445246442
53.7299577;86.7918969;17.0;0.0;0.0305903946160905;-1.009483022330988;-0.0856531049250535;4.847629298715349;-0.9353060762137664;1.0135719999095163
53.729881;86.7916666;15.0;0.0;0.0458855919241358;-0.9788926277148976;-0.1182828591822167;6.882353027131727;-1.0445371049904095;0.9870800873876069
53.7297976;86.7914296;14.0;0.0;0.0112164780258998;-0.9248495972264708;-0.0968695829509534;5.978972824638689;-0.8724284299352651;0.9299765066765732
53.7296303;86.7910063;16.0;0.0;0.0244723156928724;-1.0003059039461608;-0.0693382277964719;3.9640478938858736;-0.5300411403252899;1.0030047784227514
53.7295135;86.7907615;18.0;0.0;-0.0050983991026817;-1.0023452635872336;-0.0693382277964719;3.957137250511748;-0.666887969794649;1.004753607081421
53.7293787;86.7905243;22.0;0.0;-0.003059039461609;-0.9584990313041704;-0.0499643112062812;2.9839788806200582;-0.4919681099093735;0.9598052839653357
53.7291968;86.7902144;26.0;0.0;0.0112164780258998;-0.9992862241256244;-0.0520036708473539;2.978844452716115;-0.2196811337847772;1.0007013285132347
53.7289498;86.7899418;31.0;0.0;-0.0101967982053635;-1.023758539818497;-0.0056082390129499;0.3138525953284451;0.0678006007205606;1.0238246797620032
53.7286608;86.7896528;32.0;0.0;-0.0662791883348628;-1.01458142143367;-0.0265116753339451;1.493653230663346;0.1607749935275934;1.0170896029621515
53.7283279;86.7892943;30.0;0.0;0.0509839910268175;-0.979912307535434;0.040787192821454;-2.3802483078674097;0.2738498829357776;0.9820850741655206
53.7280336;86.7891024;29.0;0.0;-0.0061180789232181;-0.9697155093300704;0.0193739165901906;-1.1445355878651873;0.1456900190849857;0.9699283213562909
53.7277502;86.7890238;27.0;0.0;0.0071377587437544;-0.9727745487916796;0.0173345569491179;-1.0208584507062557;0.226232248693191;0.9729551671281478
53.7274495;86.7890047;27.0;0.0;0.0010196798205363;-1.0054043030488429;0.0662791883348628;-3.7716458749268345;-0.0335732041991584;1.0075871094562465
53.7270957;86.7890093;27.0;0.0;-0.0224329560517997;-1.011522381972061;0.0311002345263587;-1.7606267644104656;-0.1456856418516914;1.0122489769494698
53.726733;86.789005;31.0;30.0;0.0163148771285816;-0.954420312022025;0.0703579076170082;-4.215487506753702;-0.0981452721300446;0.9571491745700791
53.726385;86.7890154;34.0;30.0;-0.0183542367696543;-1.0370143774854697;0.0499643112062812;-2.7579991769117678;-0.0016479144000273;1.038379569094698
53.7260175;86.7889551;34.0;0.0;-0.0499643112062812;-1.0054043030488429;0.0295707147955541;-1.68260905331183;0.0179379233686004;1.0070792779900537
53.7256665;86.7889113;32.0;30.0;0.0438462322830631;-1.0319159783827878;0.0152951973080452;-0.848418146136106;0.1467621765718259;1.0329603194643144
53.7253474;86.7889762;30.0;30.0;0.0020393596410727;-1.0298766187417152;-0.0254919955134087;1.417920052625889;0.2704154852742392;1.0301940839734371
53.7250561;86.7891457;29.0;30.0;-0.0280411950647496;-1.0798409299479963;-0.0418068726419904;2.21639645275636;0.2635519278301876;1.0810136711493137
53.7247929;86.7894201;27.0;0.0;0.0397675130009177;-1.0778015703069237;-0.0152951973080452;0.8124831701321431;0.3017143255361692;1.0786434179593556
53.7245347;86.7897763;27.0;0.0;0.0040787192821454;-1.01458142143367;-0.0254919955134087;1.4392780025858205;0.2241077197883053;1.014909817917141
53.7243329;86.7900865;26.0;0.0;-0.0020393596410727;-0.9982665443050882;0.0061180789232181;-0.3511436727979668;-0.2253181395746925;0.9982873751361775
53.7241469;86.7904381;26.0;0.0;0.0571020699500356;-1.0217191801774244;-0.0101967982053635;0.5709043297364512;-0.2727395448246499;1.0233644044174333
53.7239645;86.7908189;28.0;30.0;-0.0101967982053635;-0.9646171102273886;-0.0214132762312633;1.2716137432697123;-0.642558613379248;0.9649086342426599
53.72379;86.7912332;30.0;0.0;-0.0193739165901906;-1.052819414703783;-0.0193739165901906;1.0540559266549374;-0.8961040387139219;1.053175871953637
53.7236028;86.7916348;30.0;0.0;-0.0397675130009177;-1.015601101254206;-0.0112164780258998;0.6322744979701672;-1.2810612894363254;1.0164412729412062
53.7234294;86.7921014;28.0;0.0;-0.0193739165901906;-1.012542061792597;0.003059039461609;-0.1730668276744002;-1.6295133488229396;1.0127320145357679
53.7232847;86.7924687;23.0;60.0;-0.0101967982053635;-1.052309574793515;0.0091771183848271;-0.4996363740253017;-1.6005942842698726;1.0523989905913054
53.7231527;86.7928231;23.0;60.0;-0.0132558376669725;-1.0512898949729783;0.0336494340776996;-1.8331380152366297;-1.7263799558125164;1.051911804724283
53.7230226;86.7931538;22.0;60.0;-0.0336494340776995;-0.9783827878046294;0.0509839910268175;-2.9812525512419867;-1.898138617776227;0.9802879838226778
53.7228499;86.7935955;23.0;60.0;-0.078515346181299;-1.0370143774854697;0.0316100744366268;-1.7409586542029527;-1.714484824931011;1.0404627218230524
53.7226904;86.7939224;27.0;60.0;-0.0458855919241358;-0.8626491281737534;0.0163148771285816;-1.08194980104681;-1.7204798965408403;0.8640226739506816
53.7225163;86.7943115;27.0;60.0;-0.0662791883348628;-0.9931681452024064;-0.0061180789232181;0.3521636466968114;-1.6259041818511544;0.9953960650619567
53.7223412;86.794674;25.0;60.0;-0.0708677475272764;-1.0431324564086877;0.0723972672580809;-3.9610720178111447;-1.2913282090703215;1.0480405161821038
53.7221716;86.794914;17.0;60.0;-0.0295707147955541;-1.0166207810747423;0.0764759865402263;-4.3001992061986565;-0.9535431246364372;1.0199219657423992
53.7220208;86.7950448;17.0;60.0;-0.0438462322830631;-1.023758539818497;0.0458855919241358;-2.563973030464111;-0.7297088176230606;1.0257239041198902
53.721838;86.7950668;18.0;60.0;0.0132558376669725;-0.9534006322014889;0.1004384623228306;-6.013213774502012;-0.471997787060547;0.9587681510293438
53.7216534;86.795087;17.0;60.0;0.0071377587437544;-1.0635260528194148;0.0183542367696543;-0.9886849875064933;-0.3328233560417773;1.0637083672853782
53.7214855;86.7950983;17.0;60.0;0.0662791883348628;-0.9768532680738248;0.0591414295911083;-3.4566897003113404;-0.018965242022767;0.9808837580707104
53.7212488;86.7950664;19.0;60.0;0.0642398286937901;-1.0196798205363518;0.0846334251045171;-4.735329152567835;0.1397608281658864;1.0252007162719776
53.7210458;86.795017;19.0;60.0;0.0035688793718772;-1.0538390945243197;0.1004384623228306;-5.4442252783679415;0.3398626401538297;1.0586205452198552
53.7208346;86.7948826;17.0;60.0;0.0295707147955541;-0.9768532680738248;0.0509839910268175;-2.986308827516017;0.5841325255760319;0.9786297062020213
53.7206857;86.7948105;17.0;60.0;0.0142755174875089;-0.9727745487916796;0.0305903946160905;-1.800966728342664;0.7630443453815775;0.9733601005892732
53.7205159;86.7947431;18.0;60.0;0.003059039461609;-0.9870500662791885;0.0662791883348628;-3.841555270074093;0.9838418215997408;0.9892775757442934
53.7203209;86.7946505;19.0;60.0;0.0412970327317222;-0.9421841541755888;0.0499643112062812;-3.032662833449109;1.0614643926750738;0.9444113815950825
53.7201036;86.794638;20.0;60.0;-0.0091771183848271;-1.0283470990109107;0.095849903130417;-5.324813836300114;0.9886463411172518;1.0328451865967694
53.719896;86.7945584;19.0;60.0;-0.020393596410727;-1.0339553380238604;0.0652595085143265;-3.6108106209043416;0.8234636497722814;1.036213464134746
53.7197159;86.7944551;17.0;60.0;-0.0560823901294993;-1.0370143774854697;0.0071377587437544;-0.3937845879334349;0.2571476369498445;1.0385542841826312
53.7195397;86.7943557;17.0;60.0;-0.0316100744366268;-0.9472825532782706;0.0214132762312633;-1.2942276663424035;0.0410111883161074;0.9480516657599654
53.7193914;86.794233;15.0;60.0;0.0326297542571632;-1.0339553380238604;0.0285510349750178;-1.5809433868445577;-0.305601712906865;1.0348640024124247
53.719242;86.7941092;15.0;60.0;0.0305903946160905;-1.01458142143367;0.003059039461609;-0.1726721035038397;-0.686570589626461;1.0150470879144287
53.71908;86.7939984;15.0;60.0;-0.0305903946160905;-1.0339553380238604;0.0734169470786173;-4.059752219456078;-1.2169042020555707;1.0370098656180413
53.7189283;86.7939491;13.0;0.0;-0.0122361578464362;-0.9666564698684612;-0.0122361578464362;0.7251662106344126;-1.4124332769758232;0.9668113455355398
53.7187835;86.7939323;14.0;0.0;-0.0132558376669725;-0.948302233098807;-0.037728153359845;2.2780856256850583;-1.9394589624272425;0.949145013203136
53.7186022;86.7939046;18.0;0.0;-0.0244723156928724;-1.0451718160497605;-0.0081574385642908;0.4470549657724255;-2.580907489674541;1.0454901066504916
53.7184223;86.7938271;17.0;0.0;-0.0091771183848271;-1.050270215152442;0.0326297542571632;-1.779422783123767;-3.07118113228564;1.0508170369769843
53.7182397;86.7937469;17.0;0.0;-0.0560823901294993;-0.9829713469970428;-0.0591414295911083;3.437528972716443;-3.573400180226187;0.9863445707225736
53.718077;86.7936866;18.0;60.0;-0.092790863668808;-0.986030386458652;-0.0469052717446721;2.7115338969698333;-3.9611381017809753;0.9914969349007811
53.7179201;86.7935297;18.0;60.0;-0.0713775874375446;-1.0166207810747423;-0.0173345569491179;0.9744660504505652;-4.025339699986323;1.0192708469126572
53.7178366;86.7933438;13.0;60.0;-0.1029876618741715;-1.0339553380238604;0.0112164780258998;-0.6184672927886837;-3.867233973392163;1.039132286528356
53.7178291;86.7931059;11.0;60.0;-0.0112164780258998;-0.9931681452024064;0.0086672784745589;-0.4999699280286113;-3.43401835097991;0.9932692966865779
53.717882;86.792954;11.0;60.0;-0.113184460079535;-0.9911287855613338;-0.0137656775772407;0.7905858642295011;-3.2704636535722664;0.9976655178219506
53.7179446;86.7927862;12.0;60.0;-0.1396961354134801;-1.017640460895279;-0.1182828591822167;6.568822306105127;-3.192182589550402;1.0339719303138444
53.7180378;86.7926746;13.0;60.0;-0.1101254206179259;-1.0431324564086877;-0.0948302233098807;5.1658773707127486;-2.8162867656342216;1.0532073400487199
53.7182694;86.792471;11.0;60.0;-0.0836137452839808;-1.0431324564086877;-0.1233812582848985;6.724210971338469;-2.55614933517694;1.0537264896117977
53.7184002;86.792397;13.0;60.0;-0.1254206179259712;-0.9666564698684612;-0.1101254206179259;6.445778207292074;-2.0172116027520817;0.9809600758470055
53.718537;86.7925338;12.0;60.0;-0.0071377587437544;-0.9503415927398796;-0.0050983991026817;0.3073691732838788;-1.5239977405047411;0.9503820727289974
53.7185606;86.7927366;7.0;60.0;0.0061180789232181;-0.9615580707657796;0.1029876618741715;-6.113235414771724;-1.1100669043710656;0.9670769425660128
53.7185044;86.7928596;2.0;60.0;0.023452635872336;-0.9870500662791885;0.0453757520138676;-2.631353794214658;-0.8089782502872731;0.988370789907277
53.7184716;86.7929292;0.0;60.0;0.0632201488732537;-1.0222290200876925;0.0469052717446722;-2.6221875533203507;-0.6542909341895891;1.0252556077634698
53.7184685;86.79292609999999;0.0;60.0;0.0647496686040582;-0.9788926277148976;0.0479249515652084;-2.796765994349124;-0.6795641120142386;0.9822016580934081
53.7184502;86.7929078;4.0;60.0;0.0601611094116447;-0.9768532680738248;0.0948302233098807;-5.534321686506064;-0.9183569396974468;0.9832875661194712
53.7184387;86.7928195;4.0;60.0;-0.0244723156928724;-0.9839910268175792;0.0825940654634444;-4.796559580487952;-1.4042285731754436;0.9877545316234521
53.7184639;86.7927167;3.0;60.0;-0.1325583766697257;-0.9941878250229428;0.0897318242071989;-5.112337522271177;-2.1707381683844504;1.0069920331982345
53.7185139;86.7926643;5.0;60.0;-0.1172631793616804;-1.00336494340777;0.0795350260018354;-4.501749453470892;-3.2514448812606966;1.0133201287129354
53.7185564;86.7926556;4.0;60.0;-0.0989089425920261;-1.020699500356888;0.0774956663607627;-4.321633298804621;-4.679907867740398;1.0284046028962395
53.7185962;86.7926698;1.0;60.0;-0.1356174161313347;-0.9778729478943612;0.0438462322830631;-2.54302279038414;-6.489686283759801;0.9882054836253277
53.7185985;86.7926465;2.0;60.0;-0.1050270215152442;-1.015601101254206;0.1488732537983073;-8.29576585616666;-8.714339285255097;1.031813703055748
53.7257501;86.8448541;4.0;0.0;-0.0020393596410727;-1.0054043030488429;0.0214132762312633;-1.22010853417208;-1.0999455538692031;1.0056343768864664
53.7257392;86.8447664;7.0;60.0;-0.0305903946160905;-0.9992862241256244;0.0560823901294993;-3.210708868320563;-1.3420839058254128;1.0013261029518072
53.7257359;86.8446351;7.0;60.0;-0.078515346181299;-0.9941878250229428;0.0458855919241358;-2.634354504738556;-1.6183575854290724;0.9983384088354245
53.7256931;86.8444131;7.0;60.0;-0.0509839910268175;-1.0105027021515245;0.0285510349750178;-1.6163659947410116;-1.9214805859810529;1.0121908120481533
53.7256197;86.8443141;6.0;60.0;-0.0530233506678902;-0.9906189456510656;-0.0479249515652085;2.7657883250817643;-2.244166900782224;0.9931939247606212
53.7255497;86.8443209;7.0;0.0;-0.0265116753339451;-0.968695829509534;-0.1193025390027531;7.018469999716773;-2.5791305231334576;0.9763747102678767
53.7254643;86.8442867;9.0;0.0;-0.0188640766799225;-0.9941878250229428;-0.0275313551544814;1.5859616376960923;-2.9190854463356244;0.9947478375595886
53.7253679;86.8442159;10.0;0.0;0.0020393596410727;-1.0370143774854697;-0.0101967982053635;0.563361084517575;-3.2567456636895944;1.0370665131962187
53.7252528;86.8441776;9.0;0.0;-0.037728153359845;-1.0186601407158151;0.0244723156928724;-1.375267891885538;-3.584825168496238;1.0196522888095136
53.7251423;86.8441183;9.0;0.0;-0.0622004690527174;-1.0247782196390334;-0.0387478331803813;2.161402121908289;-3.8960379540564274;1.0273951004229578
53.7250357;86.8440373;11.0;0.0;-0.0367084735393086;-1.0451718160497605;-0.0805547058223717;4.4045493266398825;-4.183098013671031;1.0489140564052277
53.7249067;86.8439339;13.0;90.0;-0.1040073416947078;-1.0217191801774244;-0.0530233506678902;2.955522051341592;-4.4387193406409216;1.02836719414073
53.7247382;86.8438678;14.0;90.0;-0.0530233506678902;-1.015601101254206;0.0101967982053635;-0.57445717042054;-4.655615928266969;1.0170354208573302
53.7245779;86.8437331;13.0;90.0;-0.058121749770572;-1.0329356582033242;0.0397675130009177;-2.2012917319373457;-4.826501769850139;1.035333601731638
53.7244307;86.8436115;12.0;90.0;-0.2187213215050474;-1.0818802895890691;0.0071377587437544;-0.3705105787159204;-4.81177682602426;1.1037911600851524
53.7243533;86.8434317;13.0;90.0;-0.1784439685938615;-0.9941878250229428;-0.0591414295911083;3.350929049424254;-4.752138927302996;1.0118050158234324
53.7243496;86.843172;14.0;90.0;-0.1386764555929438;-0.9564596716630978;-0.0642398286937901;3.8028083743294863;-4.752970708886991;0.9685933194299401
53.7244588;86.8429996;14.0;90.0;-0.130519017028653;-0.986030386458652;-0.0479249515652085;2.758585813215112;-4.592142472237584;0.995785086154865
53.7246276;86.8430148;17.0;90.0;-0.0887121443866625;-0.9809319873559702;-0.0530233506678902;3.081506627644268;-4.416619069089789;0.9863614368454716
53.7248216;86.8432088;18.0;90.0;-0.0050983991026817;-1.0135617416131335;-0.0591414295911083;3.3393858268146204;-4.161291596853374;1.0152985306939721
53.7250135;86.8432983;21.0;90.0;-0.0152951973080452;-0.9442235138166616;-0.0876924645661262;5.305293938449946;-3.873293031060388;0.9484102252963412
53.7252243;86.8434323;22.0;90.0;-0.0050983991026817;-0.9794024676251658;-0.0560823901294993;3.2772387571113586;-3.3963799823494725;0.981020092427424
53.7254604;86.8435916;25.0;0.0;-0.0336494340776996;-1.01458142143367;-0.0499643112062812;2.8177767281269808;-2.9151381859880057;1.016368130908498
53.7257228;86.8437004;27.0;0.0;-0.0122361578464362;-0.9941878250229428;-0.0530233506678902;3.052651754112887;-2.4847265479010026;0.995675966717457
53.7259845;86.8438341;26.0;0.0;-0.0285510349750178;-1.0186601407158151;-0.0530233506678902;2.9785062044106514;-1.9690953747670128;1.0204386897787436
53.7262363;86.8439835;24.0;0.0;-0.0346691138982359;-1.0217191801774244;-0.078515346181299;4.391814912104154;-1.5402609607932218;1.02531784837039
53.7264568;86.8441784;22.0;0.0;-0.0356887937187723;-1.0003059039461608;-0.0560823901294993;3.2069060415669624;-0.9958066041105088;1.002512257256381
53.7266868;86.8443572;23.0;0.0;0.0040787192821454;-0.9676761496889976;-0.0622004690527174;3.677776667651841;-0.6054258169621781;0.9696817338582201
53.7269238;86.8445174;25.0;0.0;-0.003059039461609;-1.0135617416131335;-0.0499643112062812;2.822142467200974;-0.4515406209595533;1.014797119713391
53.727176;86.8446672;28.0;0.0;-0.0163148771285816;-1.0370143774854697;-0.0356887937187723;1.9708095416429587;-0.4191925472950323;1.037756563132413
53.7274378;86.8448266;29.0;0.0;-0.0316100744366268;-1.0074436626899157;-0.0601611094116447;3.4157736705262924;-0.4123267584180541;1.0097332763584657
53.7277273;86.8450137;30.0;0.0;-0.0326297542571632;-1.0349750178443968;-0.0520036708473539;2.875056032610924;-0.3560393380454666;1.0367942757396436
53.7280687;86.8452783;28.0;0.0;-0.0163148771285816;-1.0135617416131335;-0.0520036708473539;2.9367677909342595;-0.3103237955730091;1.015026088856424
53.7283287;86.8455127;25.0;0.0;0.0091771183848271;-0.9737942286122158;-0.061180789232181;3.594850447820175;0.0280857567155621;0.9757574023041701
53.7285692;86.8456764;22.0;0.0;0.0081574385642908;-0.986030386458652;-0.0703579076170082;4.081266830259327;0.4126211051465198;0.988571040435624
53.728794;86.8457988;22.0;0.0;-0.0010196798205363;-1.011522381972061;-0.0637299887835219;3.605098194804689;0.7635762104166285;1.0135285296663907
53.7289866;86.8459914;22.0;0.0;0.0101967982053635;-1.006423982869379;-0.0672988681553992;3.8254376380641975;0.9952892772021243;1.0087231263549492
53.7292107;86.8461387;22.0;0.0;0.0326297542571632;-0.9901091057407974;-0.0632201488732537;3.6514961507512753;1.1497774289056264;0.9926618403853755
53.729498;86.8463492;20.0;0.0;0.0071377587437544;-0.9870500662791885;-0.0836137452839808;4.841882245348176;1.462444325961212;0.9906109424703771
53.7297358;86.8465102;19.0;0.0;0.0275313551544814;-1.011522381972061;-0.0897318242071989;5.067553221678321;1.8620702796901936;1.0158677596137333
53.7299211;86.8466443;15.0;30.0;0.0999286224125624;-0.9839910268175792;-0.0963597430406852;5.564557312218753;2.1848776201211777;0.9937350102082815
53.7300607;86.8468351;12.0;30.0;0.0295707147955541;-0.9850107066381156;-0.1294993372081166;7.48638591241091;2.4965232973131397;0.9939268573202866
53.7301793;86.8469025;11.0;0.0;0.0509839910268175;-0.9901091057407974;-0.1254206179259712;7.20995622418353;2.7001803575703613;0.9993226405985189
53.7302872;86.8470616;12.0;0.0;0.0642398286937901;-0.9870500662791885;-0.1345977363107984;7.7489718085652175;2.768970042227296;0.9982540455977872
53.7303925;86.8472181;13.0;0.0;0.0326297542571632;-0.9962271846640156;-0.1254206179259712;7.1717296119725775;2.6692223197965865;1.0046211403944305
53.7304702;86.8474238;12.0;0.0;0.0509839910268175;-0.9829713469970428;-0.1376567757724074;7.961377898802431;2.526017351053482;0.9938719355501785
53.7305255;86.8476071;12.0;0.0;0.040787192821454;-0.99214846538187;-0.1345977363107984;7.719304479531584;2.433561718468628;1.0020672248296745
53.7305701;86.8477797;12.0;0.0;0.0163148771285816;-0.9972468644845518;-0.1060467013357805;6.069185248140256;2.362022747434333;1.0030021868391867
53.7306124;86.8480012;15.0;0.0;0.0367084735393086;-0.9901091057407974;-0.07545630671969;4.35511181065676;2.1747892059022607;0.993658496428327
53.7306529;86.8482721;20.0;0.0;0.0469052717446721;-1.0023452635872336;-0.0703579076170082;4.010818517887267;1.8514001784603809;1.0059057446487945
53.7307559;86.8486567;23.0;30.0;0.1009483022330988;-1.0013255837666972;-0.0734169470786173;4.172334896269119;1.6346959004895107;1.0090755831689748
53.730925;86.8489538;21.0;0.0;0.0428265524625267;-1.0359946976649332;-0.0836137452839808;4.610343499671312;1.5914586282493084;1.0402453487452354
53.7310949;86.8491237;17.0;0.0;-0.0122361578464362;-0.9788926277148976;-0.0897318242071989;5.23706921199668;1.4296887705336057;0.983072886630982
53.731249;86.849201;13.0;0.0;-0.0254919955134087;-0.99214846538187;-0.1193025390027531;6.854464310253343;1.1937728058214854;0.9996206855639587
53.7313739;86.8492747;11.0;0.0;-0.0101967982053635;-0.9931681452024064;-0.1284796573875803;7.370659506780341;1.248879084497852;1.001495862048795
53.7315948;86.849342;11.0;0.0;-0.0010196798205363;-0.9992862241256244;-0.1366370959518711;7.786032892299484;1.0741875076401568;1.0085849956569575
53.73174;86.849308;12.0;0.0;0.0112164780258998;-0.9911287855613338;-0.1315386968491893;7.559412115838189;0.9427870212961402;0.9998822469252931
53.7319021;86.8492909;14.0;0.0;0.0305903946160905;-0.9829713469970428;-0.1040073416947078;6.037042144721082;0.8144897173258484;0.98893173090277
53.7320627;86.8492723;17.0;0.0;0.0254919955134087;-1.0013255837666972;-0.1019679820536351;5.812686680572132;0.612177248265656;1.0068268152493074
53.7322331;86.8492123;17.0;0.0;0.0020393596410727;-1.00336494340777;-0.0887121443866625;5.052636572194218;0.465966768095725;1.007281099400313
53.7323954;86.8491442;18.0;0.0;0.0005098399102681;-1.0013255837666972;-0.0887121443866625;5.0628833957432215;0.2716539083287993;1.0052477451872903
53.7325663;86.8490335;16.0;0.0;0.023452635872336;-1.0003059039461608;-0.1060467013357805;6.049916392968159;0.0893313774764051;1.0061847894214593
53.7327301;86.8489669;14.0;30.0;0.0509839910268175;-0.9850107066381156;-0.1142041399000713;6.604697412177393;-0.140926394317592;0.9929189519306485
53.7328561;86.8488369;12.0;0.0;0.023452635872336;-0.9901091057407974;-0.1233812582848985;7.101256592783598;-0.334814716294627;0.998042585412149
53.7329325;86.8487085;11.0;0.0;-0.0209034363209952;-0.9972468644845518;-0.1198123789130213;6.849368456263764;-0.1962709105621306;1.0046358885263325
53.7329897;86.8485097;11.0;0.0;-0.0326297542571632;-0.99775670439482;-0.1310288569389212;7.477515376983653;-0.2095518974303395;1.0068523741733022
53.7330451;86.8482835;13.0;0.0;-0.0101967982053635;-0.9901091057407974;-0.1019679820536351;5.879658934225399;-0.4412330520255239;0.995398154171773
53.7330909;86.8480733;14.0;0.0;-0.0285510349750178;-0.9931681452024064;-0.0912613439380034;5.24795913880754;-0.6649014957125525;0.9977608727246741
53.7331499;86.8475435;14.0;0.0;-0.0295707147955541;-0.986030386458652;-0.1152238197206077;6.662173343845701;-0.8901247917687318;0.9931801844702329
53.7331636;86.8473012;13.0;0.0;-0.0316100744366269;-1.0013255837666972;-0.1274599775670439;7.250665067477295;-0.965813639742891;1.0099000779250378
53.7331806;86.8470878;12.0;0.0;-0.0173345569491179;-0.986030386458652;-0.1254206179259712;7.247846076582009;-1.120060064039987;0.9941261194060608
53.733193;86.8468954;12.0;0.0;-0.0254919955134087;-1.012542061792597;-0.133578056490262;7.512906789139853;-1.2586905857936408;1.021633185595581
53.7332069;86.8466789;14.0;0.0;-0.0244723156928724;-1.0110125420617928;-0.0876924645661262;4.9558279747942855;-1.2944295152554437;1.0151035527389811
53.7332568;86.8460632;17.0;0.0;-0.0152951973080452;-1.012542061792597;-0.1009483022330988;5.692808908852602;-1.446877146515599;1.0176767314248867
53.7332558;86.8457294;18.0;0.0;-0.0479249515652085;-1.0013255837666972;-0.0836137452839808;4.767866220560883;-1.733466268677427;1.0059527742834944
53.7332628;86.8454292;19.0;0.0;-0.0158050372183134;-1.006423982869379;-0.0805547058223717;4.575666707962389;-1.8465977633120287;1.009766355711194
53.7332649;86.8449961;18.0;0.0;-0.0061180789232181;-0.9972468644845518;-0.0734169470786173;4.210419453435869;-1.8571376922764888;0.9999643932322417
53.7332504;86.8445976;18.0;0.0;-0.0346691138982359;-0.9880697460997246;-0.0815743856429081;4.71670865591676;-1.8075489962828823;0.9920373737965124
53.733272;86.8442608;17.0;0.0;-0.0275313551544814;-0.9941878250229428;-0.0856531049250535;4.92221509541048;-1.986924181595887;0.9982504001120129
53.7332837;86.8437093;15.0;0.0;-0.0081574385642908;-1.0084633425104517;-0.078515346181299;4.451718578515607;-2.1256498591450264;1.01154807922177
53.7332882;86.8434834;13.0;0.0;-0.0305903946160905;-0.9758335882532884;-0.1040073416947078;6.080827709771138;-2.1802862843942843;0.9818373039014439
53.7332775;86.8432423;14.0;30.0;-0.0254919955134087;-0.9901091057407974;-0.1193025390027531;6.86843868375313;-2.229830272190303;0.9975966012966366
53.7332631;86.8429975;14.0;0.0;-0.0744366268991536;-0.968695829509534;-0.0989089425920261;5.812977642195392;-2.101968009322109;0.9765732949748118
53.7332577;86.8426593;17.0;0.0;-0.0520036708473539;-0.99214846538187;-0.0764759865402263;4.401692730783325;-2.1198358355894342;0.9964494646787164
53.7332488;86.8423432;19.0;0.0;-0.0346691138982359;-1.0003059039461608;-0.0693382277964719;3.9628584149915;-1.9095646651061269;1.0033053566895724
53.7332587;86.8420203;21.0;0.0;-0.0683185479759355;-1.00336494340777;-0.078515346181299;4.464098990898085;-1.8123297080257024;1.0087483795492247
53.733258;86.8416356;21.0;0.0;-0.0571020699500356;-0.9870500662791885;-0.0703579076170082;4.070421169538427;-1.4771905908233005;0.9912006431084336
53.7332711;86.8412647;22.0;0.0;-0.0132558376669725;-0.9982665443050882;-0.0769858264504945;4.409506542296211;-1.2951690912752;1.0013184449441355
53.7333035;86.8408619;21.0;0.0;-0.0305903946160905;-0.9972468644845518;-0.0734169470786173;4.208525987970409;-1.1508265701464926;1.0004134790602246
53.7333657;86.8405145;20.0;0.0;-0.0091771183848271;-1.0003059039461608;-0.0723972672580809;4.139397907062135;-0.9668547109184517;1.0029643489565483
53.7334309;86.8401701;20.0;0.0;-0.0285510349750178;-1.0023452635872336;-0.0703579076170082;4.013570701142991;-0.7662181661156598;1.0052171030171289
53.7335309;86.8398861;20.0;0.0;0.0183542367696543;-0.9758335882532884;-0.0652595085143265;3.8253211529024496;-0.7537525043369343;0.978185500517267
53.733642;86.8395876;20.0;0.0;0.0112164780258998;-1.0196798205363515;-0.0632201488732537;3.547582995551757;-0.5283791076893807;1.0216993359163489
53.7339004;86.8390524;20.0;0.0;0.0254919955134087;-0.9972468644845518;-0.0652595085143265;3.742859487067125;-0.5243957600162761;0.999704933473401
53.7340364;86.8387788;18.0;0.0;0.0265116753339451;-0.9962271846640156;-0.0672988681553992;3.863308659453795;-0.7996268522317131;0.998849643363605
53.7341335;86.8384919;18.0;0.0;-0.0224329560517997;-0.9952075048434792;-0.058121749770572;3.341524026809617;-0.6022526698032227;0.9971556312885158
53.7342123;86.8380843;21.0;0.0;0.0275313551544814;-0.9901091057407974;-0.0560823901294993;3.2406699366867766;-0.559374148676824;0.9920782485621389
53.734234;86.8376964;25.0;0.0;-0.0219231161415315;-1.0120322218823288;-0.0474151116549403;2.681796866166371;-0.3584168584269428;1.0133795113197663
53.7342612;86.8371092;27.0;0.0;0.011726317936168;-1.0054043030488429;-0.0693382277964719;3.944918767334148;-0.1767456243680472;1.0078606594938733
53.7342936;86.8365528;26.0;0.0;-0.0683185479759355;-1.0349750178443968;-0.0550627103089629;3.038776471144069;-0.2143979874453399;1.0386879288920798
53.7343394;86.8361122;25.0;0.0;-0.0163148771285816;-1.0196798205363515;-0.0418068726419904;2.3475118658350302;-0.2111075363022158;1.0206669026792583
53.7344498;86.8357106;26.0;0.0;-0.0448659121035994;-1.0196798205363515;-0.0560823901294993;3.1450592718752564;-0.206253047168478;1.0222060071045227
53.7346451;86.8353683;28.0;0.0;-0.0356887937187723;-1.023758539818497;-0.037728153359845;2.1092626420967933;-0.4570114740787926;1.025074949164375
53.734867;86.835027;31.0;0.0;-0.0316100744366268;-1.0365045375752016;-0.0254919955134087;1.4082051647545943;-0.4879268235231815;1.0372997132242576
53.7351481;86.8346169;36.0;0.0;0.003059039461609;-1.0043846232283062;-0.0316100744366268;1.8026140672841744;-0.5931125479640172;1.0048865736518642
53.7354239;86.8342271;36.0;0.0;-0.0632201488732537;-1.012542061792597;-0.020393596410727;1.151595646954668;-0.5982190461203978;1.0147187358560616
53.7356902;86.833751;34.0;0.0;0.0305903946160905;-1.0257978994595698;0.0326297542571632;-1.8211064207238707;-0.4798103601453939;1.0267725179616547
53.7358558;86.8333278;30.0;30.0;0.1289894972978484;-0.9783827878046294;-0.0066279188334862;0.3848066150201817;-0.3530727733714622;0.9868713691224269
53.7358815;86.8328159;26.0;30.0;0.0188640766799225;-1.023758539818497;-0.0856531049250535;4.781724552572656;-0.2319505530110565;1.0275085671777093
53.7358063;86.8323823;22.0;0.0;0.0122361578464362;-0.9890894259202612;-0.0836137452839808;4.831704068790009;-0.1985246367074663;0.9926927391829403
53.7357576;86.8320008;22.0;0.0;-0.0326297542571632;-1.0069338227796472;-0.037728153359845;2.144650126428481;-0.0636969331447222;1.0081685562823612
53.7356943;86.8316047;27.0;0.0;-0.0295707147955541;-1.017640460895279;-0.0571020699500356;3.2102735627220205;0.0568848290859117;1.019670133532043
53.7356275;86.8311283;31.0;0.0;-0.0142755174875089;-1.0054043030488429;-0.040787192821454;2.322864650248264;0.2317662093728739;1.0063325484584706
53.7355632;86.830552;34.0;0.0;-0.0458855919241358;-1.0105027021515245;-0.0173345569491179;0.9817662687011092;0.2085287217060422;1.0116924856231675
53.7355094;86.829935;36.0;0.0;-0.0224329560517997;-1.0278372591006424;-0.0428265524625267;2.3853766198220323;0.0599422837474887;1.0289736548175412
53.7354484;86.8293108;38.0;0.0;0.0418068726419904;-1.0257978994595698;-0.0071377587437544;0.3983412760432991;-0.0155870073887002;1.026674287559425
53.7353924;86.8286148;39.0;0.0;-0.003059039461609;-1.0074436626899157;0.011726317936168;-0.6668711268110522;-0.3403352802636374;1.0075165496153602
53.7353345;86.8279425;38.0;30.0;-0.0040787192821454;-0.9248495972264708;0.0020393596410727;-0.1263398665426134;-0.7468967052530643;0.9248608394935388
53.7352514;86.8272962;37.0;0.0;0.0142755174875089;-1.0003059039461608;-0.0168247170388498;0.9635015285097271;-0.7773393203935783;1.0005492306591013
53.7351736;86.8266552;37.0;0.0;-0.0260018354236769;-1.0054043030488429;-0.0020393596410727;0.1161796137431479;-0.8536107375178311;1.0057425450990303
53.7351218;86.8260146;37.0;0.0;-0.0101967982053635;-0.9952075048434792;-0.0397675130009177;2.28814562998381;-0.4871972192264562;0.9960539179586126
53.7350469;86.8253509;37.0;0.0;0.0061180789232181;-1.0390537371265425;-0.0418068726419904;2.304043051465852;0.0899065616912559;1.0399124550299645
53.7349785;86.8247449;38.0;0.0;-0.0112164780258998;-1.0135617416131335;-0.0520036708473539;2.9369680405074674;0.2900634804668318;1.0149569425462115
53.7349009;86.8240785;37.0;0.0;0.0142755174875089;-1.009483022330988;0.0061180789232181;-0.3472081823956369;0.3372024442579684;1.0096024928969585
53.7348077;86.8234989;35.0;0.0;-0.0275313551544814;-1.0247782196390334;0.0316100744366268;-1.7661354578279338;0.3205918933285367;1.0256352040414167
53.7346938;86.8229498;35.0;0.0;-0.0142755174875089;-0.9850107066381156;-0.0040787192821454;0.2372233370622241;0.1642295926581969;0.9851225906161317
53.734589;86.8223586;35.0;0.0;-0.0458855919241358;-1.0084633425104517;-0.0061180789232181;0.3472347488254208;-0.0576310797183745;1.0095252506120347
53.7345188;86.8216996;38.0;0.0;0.0305903946160905;-0.9850107066381156;-0.0295707147955541;1.718715055715442;-0.1344352166648112;0.9859291514140395
53.7344535;86.8210199;38.0;0.0;-0.0254919955134087;-1.009483022330988;0.0020393596410727;-0.1157120038406775;0.2738767015495411;1.009806898965098
53.7343725;86.8204013;35.0;0.0;0.0550627103089629;-0.9829713469970428;0.0101967982053635;-0.5934030297721401;0.3581516827885367;0.9845651556790899
53.7341315;86.8196995;34.0;30.0;0.1060467013357805;-1.012542061792597;0.0152951973080452;-0.8607222822486508;0.0584796497668989;1.0181951054803278
53.7338382;86.8194062;31.0;30.0;0.0402773529111858;-0.9952075048434792;0.0275313551544814;-1.583327040182943;-0.3560578344878795;0.9964026386812501
53.7335112;86.819284;27.0;30.0;-0.0214132762312633;-0.9890894259202612;0.0285510349750178;-1.6530525194525632;-0.6678020146133432;0.9897330864755269
53.733235;86.8192382;28.0;30.0;-0.1040073416947078;-1.0400734169470789;0.0693382277964719;-3.7952017619823306;-1.19128085896531;1.0475581270747354
53.7329359;86.8191439;35.0;30.0;-0.0662791883348628;-1.01458142143367;0.040787192821454;-2.2972170075556564;-1.5268138369993671;1.0175617851624288
53.7325807;86.8189167;38.0;0.0;-0.0540430304884266;-1.0665850922810238;0.0295707147955541;-1.58606583536999;-1.8519222690718495;1.0683626890686575
53.7322181;86.8186565;38.0;0.0;-0.0081574385642908;-0.9936779851126748;-0.0193739165901906;1.1169268676894395;-2.344600126606436;0.9939003121770106
53.7318578;86.8183986;36.0;0.0;-0.0387478331803813;-1.0003059039461608;-0.0188640766799225;1.0795639527972567;-2.457405776335828;1.0012338135693912
53.7315094;86.8181014;35.0;60.0;-0.0040787192821454;-0.9493219129193432;-0.0101967982053635;0.6153925613681525;-2.264664026037675;0.9493854354230765
53.7311728;86.8178672;35.0;60.0;0.0346691138982359;-0.9982665443050882;-0.0132558376669725;0.7603193625863176;-2.746022526145842;0.9989563344659088
53.7308435;86.8175891;34.0;60.0;-0.0479249515652085;-0.951361272560416;-0.0214132762312633;1.287765538496249;-2.8714430944446425;0.9528082704874357
53.7304286;86.8172766;35.0;60.0;-0.2273885999796064;-0.9401447945345162;0.0311002345263587;-1.8416061027844732;-2.96424716456607;0.9677525689341401
53.7301134;86.8169358;35.0;60.0;-0.1233812582848985;-0.968695829509534;0.0020393596410727;-0.1196558516975002;-3.355184155582105;0.9765237856769668
53.7298231;86.8163639;35.0;60.0;-0.0662791883348628;-1.0319159783827878;-0.003059039461609;0.1694993870276598;-3.8852402149885537;1.0340468437021904
53.7296514;86.8158082;36.0;60.0;-0.0326297542571632;-1.0257978994595698;-0.0316100744366268;1.7641254819986067;-3.531346822793473;1.0268034028987425
53.729498;86.8152196;38.0;60.0;-0.037728153359845;-0.9880697460997246;0.0479249515652085;-2.774857032568413;-3.5124037850123573;0.9899505228525545
53.7293453;86.8146317;35.0;0.0;-0.003059039461609;-1.011522381972061;-0.0163148771285816;0.9240411279920212;-3.454284623479238;1.0116585699575624
53.7291714;86.8140738;38.0;0.0;-0.0418068726419904;-0.9982665443050882;-0.0214132762312633;1.2277564854810568;-3.712453863419505;0.9993710204312924
53.7290144;86.813456;39.0;60.0;-0.0214132762312633;-0.9737942286122158;0.0642398286937901;-3.773343386356737;-3.713438331120115;0.9761457287044922
53.7288388;86.8128452;37.0;60.0;0.0346691138982359;-0.9972468644845518;0.0158050372183134;-0.907437823366628;-3.580878803053856;0.9979744763190245
53.7286814;86.8122782;33.0;60.0;-0.040787192821454;-1.044152136229224;0.0764759865402263;-4.185807475363532;-3.3679610395428146;1.0477432200723646
53.7286135;86.8118007;27.0;60.0;-0.2080146833894157;-1.0227388599979603;0.0499643112062812;-2.7408441116126623;-3.3770910314146736;1.044873828100716
53.728726;86.8114012;23.0;60.0;0.0020393596410727;-1.0186601407158151;0.0254919955134087;-1.4335262444080237;-2.8673626876530385;1.0189811004656395
53.7288955;86.8111867;23.0;0.0;-0.1529519730804527;-0.9890894259202612;-0.0367084735393086;2.100521749919916;-2.110675863189678;1.0015187020550647
53.7291199;86.8110527;26.0;0.0;-0.1009483022330988;-0.9095543999184256;-0.0591414295911083;3.697632749637103;-1.431336008606996;0.9170482401863014
53.7294041;86.8109529;29.0;0.0;-0.0744366268991536;-0.979912307535434;-0.0356887937187723;2.079826330857515;-1.532074414272846;0.9833832578809972
53.7297277;86.8108669;27.0;90.0;0.0907515040277353;-1.0084633425104517;0.046395431834404;-2.623509592547279;-1.5590886112991806;1.0136008508114767
53.7299847;86.8107143;26.0;90.0;-0.0713775874375446;-1.00336494340777;-0.0020393596410727;0.1161611226683505;-1.4708661134023109;1.0059026437164917
53.7302575;86.8105775;29.0;90.0;0.023452635872336;-0.9972468644845518;-0.023452635872336;1.3468261762563207;-1.5846096520503288;0.997798256654616
53.7305821;86.8104669;34.0;90.0;-0.0071377587437544;-1.0217191801774244;-0.0112164780258998;0.6289549704663695;-1.4890086513953795;1.0218056763013297
53.7309471;86.8102943;34.0;90.0;0.0346691138982359;-1.0665850922810238;0.0010196798205363;-0.054747148961508;-1.268363621619884;1.0671488866515044
53.7313779;86.8099827;30.0;90.0;-0.0050983991026817;-1.0492505353319057;0.040787192821454;-2.2260940977837187;-1.082975677823688;1.0500553674287634
53.7315955;86.8095859;29.0;90.0;-0.0295707147955541;-1.0859590088712143;-0.0142755174875089;0.7528615455108794;-0.8072488555065531;1.0864553311211678
53.7317371;86.8091643;27.0;90.0;0.0071377587437544;-1.0686244519220964;-0.07545630671969;4.038900833282382;-0.2922180474174664;1.0713089288666742
53.7317892;86.8087044;22.0;90.0;0.0825940654634444;-0.9850107066381156;-0.0662791883348628;3.836081665662517;0.1242333593215491;0.9906870356716231
53.7318034;86.8083602;18.0;0.0;-0.0101967982053635;-1.0048944631385743;-0.1055368614255123;5.995080420236095;0.0630879443730052;1.0104726052000381
53.7318092;86.8080332;17.0;0.0;-0.020393596410727;-1.0074436626899157;-0.0683185479759355;3.878710721489751;1.0622993256932811;1.0099633935277934
53.7317957;86.8077381;20.0;0.0;-0.0734169470786173;-1.0135617416131335;-0.0535331905781584;3.0154904556157525;0.6749365259337965;1.0176262843862034
53.7317759;86.8073087;27.0;0.0;-0.0642398286937901;-0.9707351891506067;-0.0265116753339451;1.5609991876862517;-0.0606373016978169;0.9732196216552995
53.7317624;86.80686;29.0;0.0;-0.040787192821454;-1.0217191801774244;0.0418068726419904;-2.3412682441981985;-0.8076990633426328;1.0233872643534245
53.7317709;86.8063565;29.0;0.0;-0.0418068726419904;-1.0349750178443968;0.0346691138982359;-1.9169879611159863;-0.6264574046071578;1.0363990783576575
53.7317734;86.8058726;29.0;30.0;0.0642398286937901;-1.017640460895279;0.0576119098603038;-3.233817026539752;-0.970777460581354;1.0212923163323588
53.7317623;86.8053495;27.0;30.0;0.0122361578464362;-1.0278372591006424;0.0734169470786173;-4.085328277282082;-1.212683480500396;1.0305286036169536
53.7317549;86.8048813;27.0;30.0;0.0260018354236769;-1.022229020087693;0.0601611094116447;-3.367049255900358;-1.453145880186173;1.0243278889303389
53.7317375;86.8044543;25.0;30.0;0.0132558376669725;-0.979912307535434;0.0642398286937901;-3.7504137018470103;-1.590081870826178;0.9821051895200837
53.7317116;86.8039932;25.0;30.0;0.0132558376669725;-0.9187315183032528;0.0224329560517997;-1.3985855992206415;-1.809454412723161;0.9191009506432225
53.7316513;86.8035489;28.0;30.0;0.0214132762312633;-1.050270215152442;0.1019679820536351;-5.54417229550193;-1.8231683796301257;1.05542575418615
53.731428;86.8026088;29.0;0.0;-0.0061180789232181;-1.0217191801774244;0.0316100744366268;-1.7720269269119864;-1.7345425182625247;1.022226350099638
53.7312467;86.8019923;31.0;0.0;-0.0601611094116447;-0.968695829509534;0.0887121443866625;-5.222485723767534;-0.8692121683585683;0.974608030829053
53.7311031;86.8014647;34.0;60.0;-0.2661364331599877;-0.9370857550729071;0.0642398286937901;-3.772898140332021;-0.6217218516237552;0.9762607587147445
53.7311192;86.8009176;31.0;0.0;-0.078515346181299;-1.0257978994595698;-0.0193739165901906;1.0788435770731906;-0.3410000957296419;1.0289807280827366
53.7314184;86.7999624;30.0;30.0;0.0346691138982359;-1.0135617416131335;0.0254919955134087;-1.439895259265665;-0.3724555513784885;1.0144748362357703
53.7315107;86.7994147;33.0;30.0;0.0672988681553992;-0.9737942286122158;0.0489446313857448;-2.87053108662019;-0.7023959358823341;0.9773432939734863
53.7314745;86.7988153;36.0;30.0;-0.0346691138982359;-0.9370857550729071;0.0122361578464362;-0.7475955384954611;-0.7439321550992224;0.9378066876376454
53.7314274;86.7981794;39.0;30.0;-0.0316100744366268;-0.9635974304068522;0.0071377587437544;-0.4241772567486575;-0.8902730333977514;0.9641421846867096
53.7314317;86.7974669;40.0;30.0;0.0316100744366268;-1.0074436626899157;-0.0316100744366268;1.7962690636831573;-0.595750197062757;1.0084349890329325
53.7314471;86.7967655;41.0;30.0;0.0244723156928724;-1.0329356582033242;-0.0091771183848271;0.5088882501090599;-0.6145333490101215;1.0332662714543408
53.7314401;86.7960161;39.0;30.0;0.0596512695013765;-0.9839910268175792;-0.0193739165901906;1.125891297299069;-0.3033168788759461;0.985987811007156
53.7314086;86.7953446;37.0;0.0;0.0917711838482716;-1.0166207810747423;0.0285510349750178;-1.602175048926972;-0.0211881307668768;1.0211537221672733
53.7313095;86.7947079;35.0;0.0;0.0254919955134087;-1.015091261343938;0.0316100744366268;-1.7830598711528052;0.2645344403076194;1.0159031978973054
53.7308945;86.7937809;31.0;0.0;0.0397675130009177;-0.9931681452024064;-0.049454471296013;2.8483906820579823;0.6287120950786895;0.9951935311617708
53.7306275;86.7934627;31.0;0.0;-0.1213418986438258;-1.0227388599979603;-0.0122361578464362;0.6806865537437049;0.8119133066767369;1.0299846385627598
53.7303816;86.7930632;30.0;0.0;-0.023452635872336;-0.9901091057407974;-0.0683185479759355;3.94610794759136;0.7676725809063348;0.9927403947647855
53.7301858;86.7926882;30.0;0.0;-0.0550627103089629;-1.0084633425104517;-0.0586315896808402;3.3224665263903006;0.026689465988516;1.011665892754334
53.730029;86.7922754;26.0;0.0;-0.0316100744366268;-0.979912307535434;-0.0458855919241358;2.679594771671084;-0.3005643249263137;0.9814951934734761
53.7298947;86.7918083;21.0;30.0;0.0550627103089629;-1.0074436626899157;-0.0764759865402263;4.334605593423642;-0.2241885277050825;1.0118414955307684
53.729767;86.7914246;18.0;0.0;-0.0152951973080452;-1.023758539818497;-0.0876924645661262;4.895311563864346;-0.088734562945661;1.0276212625542906
53.7296657;86.7911697;18.0;0.0;0.0061180789232181;-0.9931681452024064;-0.1009483022330988;5.803657028570819;-0.5004926036774143;0.998304039488093
53.7295547;86.7909051;18.0;0.0;-0.0224329560517997;-1.0247782196390334;-0.0703579076170082;3.926638867741105;-0.7962525581047224;1.027435580524644
53.729395;86.7905662;22.0;0.0;0.0499643112062812;-1.0084633425104517;-0.0683185479759355;3.870858684130628;-0.9504051472955783;1.0120089770250118
53.7292127;86.7903071;25.0;0.0;-0.0224329560517997;-1.012542061792597;-0.0520036708473539;2.939380183503294;-0.7992437702985868;1.0141247685556376
53.7289736;86.7899912;30.0;0.0;-0.0183542367696543;-0.9819516671765066;-0.040787192821454;2.378104820346344;-0.3204664638380447;0.9829697603570375
53.7286788;86.7896708;34.0;0.0;-0.0122361578464362;-1.0390537371265425;-0.0101967982053635;0.562217548784738;0.1291915743427747;1.039175811347203
53.7283731;86.7894163;34.0;0.0;-0.0214132762312633;-0.9850107066381156;-0.0020393596410727;0.1185966124247632;0.5656059160157737;0.9852455427853617
53.7280726;86.7891414;33.0;30.0;0.020393596410727;-1.0329356582033242;0.0142755174875089;-0.7916422383804238;0.8989404516359795;1.0332355797019548
53.727742;86.7890412;31.0;30.0;0.040787192821454;-0.968695829509534;0.037728153359845;-2.2284200676398744;0.6441177633507432;0.9702879050897021
53.7273308;86.7889628;30.0;30.0;-0.0061180789232181;-1.0339553380238604;0.0275313551544814;-1.5252401687998092;0.7831015727666562;1.0343399090407313
53.7269932;86.788958;31.0;30.0;-0.0020393596410727;-0.9778729478943612;0.0805547058223717;-4.709238349546762;0.5731073252127593;0.9811874040373136
53.7262954;86.7889514;36.0;30.0;-0.0346691138982359;-1.0013255837666972;0.0469052717446721;-2.680352107904459;0.5004104612734134;1.0030229193202154
53.725914;86.7889284;37.0;30.0;-0.0091771183848271;-1.0431324564086877;-0.0081574385642908;0.448034365940727;0.6098168068115891;1.0432047186046476
53.7254545;86.7889553;34.0;30.0;0.0672988681553992;-0.9187315183032528;-0.0418068726419904;2.5984940979069604;0.5699318361576695;0.9221412879699628
53.725126;86.7891644;33.0;30.0;0.0479249515652085;-0.9906189456510656;-0.061180789232181;3.529989824200653;0.4411930722228661;0.9936628127470751
53.7245795;86.7897955;31.0;30.0;0.0846334251045171;-0.951361272560416;-0.0265116753339451;1.589977978728903;0.1445311225177878;0.9554862408751413
53.7243473;86.7902033;33.0;0.0;0.0081574385642908;-1.0166207810747423;0.0040787192821454;-0.2298641031098425;0.0741630739548482;1.016661690174235
53.7240579;86.7907075;32.0;0.0;-0.0560823901294993;-1.003874783318038;-0.0224329560517997;1.2781472265828666;-0.1573665378250159;1.0056903363270908
53.7237881;86.7912569;31.0;0.0;-0.003059039461609;-0.9646171102273886;-0.0101967982053635;0.6056380281481603;-0.2630998092579188;0.9646758532064056
53.7235388;86.7918012;30.0;0.0;-0.0540430304884266;-1.011522381972061;0.0356887937187723;-2.0178108081950747;-0.3729832618628453;1.0135935419939819
53.7233068;86.7923116;27.0;90.0;-0.003059039461609;-1.050270215152442;-0.0173345569491179;0.9455686317734068;-0.3855492029252025;1.0504177118762832
53.7231563;86.7927243;25.0;90.0;0.0122361578464362;-1.0426226164984196;0.0326297542571632;-1.792411330461692;-0.2055033890320484;1.043204843190318
53.7228514;86.7934178;26.0;90.0;-0.0509839910268175;-1.0370143774854697;0.023452635872336;-1.293991522532174;0.0339327919391161;1.038531758099847
53.7226783;86.7938079;27.0;90.0;0.0071377587437544;-1.1277658815132048;0.0336494340776996;-1.7090073218705608;0.2225884927889613;1.1282903507160242
53.722508;86.7942008;25.0;90.0;-0.0367084735393086;-0.9962271846640156;0.0122361578464362;-0.7032226939511784;0.2911907913527955;0.9969783543548073
53.7223464;86.7945256;22.0;90.0;-0.0122361578464362;-0.9523809523809524;0.0020393596410727;-0.1226787229857208;-0.1199857794566743;0.9524617372916555
53.7221931;86.7947819;20.0;90.0;-0.0356887937187723;-0.9584990313041704;0.003059039461609;-0.1827316274968486;-0.1991800766472814;0.9591680982656594
53.7220217;86.7949689;20.0;90.0;0.0050983991026817;-1.0084633425104517;0.0540430304884266;-3.0674779322486825;-0.0905848922958608;1.0099232426304168
53.7218069;86.7950613;21.0;90.0;0.0356887937187723;-1.023758539818497;0.037728153359845;-2.1092626420967933;0.248047078924226;1.025074949164375
53.7215902;86.7951006;23.0;90.0;0.0591414295911083;-1.0196798205363515;0.0917711838482716;-5.1341823440578604;0.6163734073287167;1.025507969392749
53.7213715;86.7950611;21.0;90.0;0.0642398286937901;-1.015601101254206;0.116243499541144;-6.516625043239618;0.5113120383299159;1.0242484579656128
53.7211475;86.7950419;22.0;90.0;0.0346691138982359;-0.9931681452024064;0.0509839910268175;-2.936896520304279;0.6756235170292024;0.9950800367027266
53.720913;86.794961;22.0;90.0;0.0448659121035994;-0.9238299174059346;0.0438462322830631;-2.714103001152268;0.9659682973554504;0.9259574279893024
53.7206973;86.7948733;23.0;90.0;0.0061180789232181;-0.9605383909452432;0.0479249515652085;-2.8562801649305136;0.9178415253636626;0.9617526877279393
53.7202305;86.7946881;23.0;90.0;-0.0214132762312633;-0.9850107066381156;0.0458855919241358;-2.6665007975258592;0.9950665336038432;0.9863113647002678
53.7199942;86.794631;23.0;90.0;-0.020393596410727;-1.0390537371265425;0.061180789232181;-3.369109373886249;0.7683609268206811;1.0410531477221854
53.7197732;86.794538;20.0;90.0;-0.07545630671969;-1.1675333945141226;0.0433363923727949;-2.121301823409516;0.0248516566282981;1.170771508208726
53.7195895;86.7944055;18.0;90.0;-0.0479249515652085;-1.0003059039461608;0.0428265524625267;-2.4487278020858776;-0.3911401628285157;1.002368602884138
53.7193885;86.7942557;17.0;90.0;0.0652595085143265;-1.026817579280106;0.0152951973080452;-0.8516812505452308;-1.0541036172108305;1.029002958028246
53.7192295;86.7941223;17.0;90.0;-0.0163148771285816;-0.9758335882532884;-0.0081574385642908;0.4788835065415101;-1.554081651412593;0.976004052749239
53.7190724;86.794042;14.0;90.0;0.0142755174875089;-0.9564596716630978;-0.0163148771285816;0.9771231499818076;-2.5068844982053005;0.9567053199042732
53.7189164;86.7939884;17.0;90.0;-0.0652595085143265;-0.9146527990211074;-0.0550627103089629;3.4363718600510764;-3.1743797586298474;0.9186296578465374
53.7186752;86.7939264;19.0;90.0;-0.0326297542571632;-1.0074436626899153;-0.0305903946160905;1.7383050406816924;-3.586202662268441;1.0084360200824456
53.7184142;86.7937934;21.0;90.0;0.0530233506678902;-0.8616294483532171;0.0372183134495768;-2.468704661807864;-3.848842192030592;0.8640613316435067
53.7182171;86.7937755;19.0;90.0;-0.1019679820536351;-1.0334454981135923;-0.0489446313857448;2.6984542537456595;-3.930683776830816;1.0396165850335535
53.7180263;86.7936871;20.0;90.0;-0.1356174161313347;-1.0074436626899157;-0.023452635872336;1.3216508017341946;-3.856799971082794;1.0168012800845465
53.7178711;86.7934807;18.0;90.0;-0.1356174161313347;-1.0370143774854697;-0.0285510349750178;1.563757774889294;-3.6036222656905545;1.0462342301166887
53.7178362;86.7931898;18.0;90.0;-0.1611094116447435;-0.9126134393800348;0.0122361578464362;-0.7564696537674489;-3.131524611092898;0.9268059429116835
53.7179507;86.7929459;15.0;90.0;-0.1040073416947078;-1.0349750178443968;-0.0367084735393086;2.02114270260954;-2.479796678637181;1.0408353984747036
53.7180685;86.7927565;14.0;90.0;-0.0101967982053635;-0.9982665443050882;-0.0224329560517997;1.2872618119321813;-2.0137563298559416;0.9985706312973988
53.7181916;86.792598;15.0;90.0;-0.061180789232181;-1.0043846232283062;-0.1121647802589986;6.360419102143036;-1.7709771434560193;1.0124783939813673
53.7183005;86.7924765;12.0;90.0;-0.0305903946160905;-0.9809319873559702;-0.0938105434893443;5.460178063574071;-1.493023103131402;0.9858822212265862
53.7184439;86.7924151;11.0;90.0;-0.0672988681553992;-1.0084633425104517;-0.1091057407973896;6.161219751868939;-1.0845910625330937;1.016578336143997
53.7186205;86.7926685;11.0;90.0;0.0601611094116447;-1.017640460895279;0.0683185479759355;-3.834072956097875;-0.359663286526116;1.0217039153954222
53.7185746;86.792853;5.0;90.0;0.0438462322830631;-1.0247782196390334;0.0713775874375446;-3.980685775967093;0.2810710435328865;1.0281963098165505
53.7185183;86.7928991;2.0;90.0;0.0295707147955541;-0.9850107066381156;0.0428265524625267;-2.488433243644215;0.7950812950992141;0.9863846272935651
53.71847875;86.79288515;0.0;90.0;0.0560823901294992;-1.0054043030488429;0.0688283878862037;-3.910208400845886;1.1398368356280884;1.009316795684477
53.7184745;86.7929065;0.0;90.0;0.0652595085143265;-0.9962271846640156;0.0703579076170082;-4.031158900620408;1.2728070325747431;1.0008384695241113
53.7184705;86.7929025;1.0;90.0;0.043846232283063;-1.00897318242072;0.1131844600795349;-6.394574920271493;1.1514612533944375;1.0162480489197072
53.7184674;86.7928738;3.0;90.0;0.0499643112062812;-1.0054043030488429;0.0591414295911083;-3.3623208552086474;0.7332688655423834;1.0083808574529405
53.7184815;86.7927855;4.0;90.0;-0.0305903946160905;-0.9850107066381156;0.095849903130417;-5.555205909835498;-0.0243007635261673;0.990135883787977
53.7185104;86.7926864;3.0;90.0;-0.1294993372081166;-0.9850107066381156;0.1029876618741715;-5.918303780349572;-1.1637782663559977;0.9988106071860521
53.7185527;86.7926775;4.0;90.0;-0.1009483022330987;-0.9992862241256246;0.0866727847455898;-4.932148129851119;-2.7276942754918423;1.008104999028647
53.7186229;86.7926709;3.0;90.0;-0.1070663811563169;-0.99214846538187;-0.003059039461609;0.1756368095595057;-4.758579423478517;0.9979133955689427
53.7186613;86.7926837;4.0;90.0;-0.1468338941572346;-0.9992862241256244;-0.0713775874375446;4.042356768521518;-7.298964342860724;1.0125353871292746
53.7186677;86.7926901;2.0;90.0;-0.0907515040277353;-1.0166207810747423;0.058121749770572;-3.259192567305627;-10.391379666183282;1.0223168715191528
53.72564;86.8450512;7.0;30.0;-0.0948302233098807;-0.9360660752523708;-0.0326297542571632;1.9862716642558;-2.562148578705479;0.9414229492392152
53.7257237;86.8449557;10.0;30.0;0.003059039461609;-0.9442235138166616;-0.0652595085143265;3.953659472433136;-2.469245699821783;0.9464809587193196
53.7258037;86.8448565;6.0;30.0;0.0040787192821454;-1.00336494340777;0.0469052717446721;-2.6764905649963;-2.484122243486063;1.0044689891321192
53.7258312;86.8447304;7.0;30.0;-0.0836137452839808;-0.9952075048434792;0.0632201488732537;-3.622079839479382;-2.592724451546312;1.0007127576486443
53.725804;86.8445752;7.0;0.0;-0.0071377587437544;-0.9370857550729071;0.0509839910268175;-3.114128862931968;-2.7809985658505223;0.9384988158231565
53.7256438;86.8443638;10.0;90.0;-0.1172631793616804;-1.012542061792597;-0.0652595085143265;3.663261961439576;-3.0348908282466867;1.021396535917733
53.7255427;86.8443139;10.0;90.0;-0.0652595085143265;-1.041093096767615;-0.0479249515652085;2.6304976031866123;-3.340347480582797;1.0442367741902416
53.7254168;86.8442392;14.0;90.0;-0.023452635872336;-1.020699500356888;-0.0091771183848271;0.514997068795634;-3.683314764706848;1.0210101447390276
53.7252342;86.844159;12.0;90.0;-0.1498929336188436;-0.92790863668808;0.0091771183848271;-0.5593919770671485;-4.04973892246683;0.9399822067949176
53.7251119;86.8440367;12.0;90.0;-0.0010196798205363;-1.0079535026001836;-0.0061180789232181;0.3477696301753353;-4.425566195710736;1.0079725859568927
53.7249692;86.8439708;15.0;90.0;-0.0367084735393086;-1.0818802895890691;-0.058121749770572;3.07337420860784;-4.796742826286561;1.0840620880868896
53.7248348;86.8438364;13.0;90.0;-0.1213418986438258;-1.099214846538187;-0.0560823901294993;2.903117027557464;-5.149215056042294;1.107313130825737
53.7246952;86.8437736;11.0;90.0;-0.0132558376669725;-1.01458142143367;0.0744366268991536;-4.195735155620491;-5.46892912682593;1.0173947067754692
53.7245793;86.8437089;11.0;90.0;-0.1142041399000713;-0.9962271846640156;0.0632201488732537;-3.60753255188889;-5.741831280485576;1.0047427413310643
53.7244833;86.8436385;7.0;90.0;-0.133578056490262;-0.9615580707657796;-0.0275313551544814;1.624454915976818;-6.033908389370924;0.9711822672120645
53.7243296;86.8434848;12.0;90.0;-0.1733455694911797;-1.006423982869379;-0.0412970327317222;2.315664804197794;-5.793370528898;1.022077964085583
53.7242891;86.8432395;12.0;90.0;-0.1646782910166208;-0.9911287855613338;-0.0418068726419904;2.3827381746084875;-5.463630368621583;1.0055859106513687
53.7243492;86.8430436;12.0;90.0;-0.1784439685938615;-0.99214846538187;-0.0520036708473539;2.953126473168115;-5.363082772106281;1.009408346046696
53.7244725;86.8429877;11.0;0.0;-0.0866727847455898;-0.9941878250229428;-0.0560823901294993;3.216473744385458;-4.856408950688003;0.9995333098611783
53.7246046;86.8430174;14.0;0.0;-0.0713775874375446;-1.0074436626899157;-0.0520036708473539;2.947577257154866;-4.6282372641749205;1.0113070133565163
53.7247487;86.8431359;16.0;0.0;-0.0591414295911083;-1.0003059039461608;-0.0622004690527174;3.551966583278373;-4.240626743445134;1.003981328767624
53.7251193;86.8433273;20.0;0.0;-0.037728153359845;-0.9972468644845518;-0.0540430304884266;3.099738598655341;-3.723967402741352;0.9994225189701236
53.7253254;86.8434566;24.0;0.0;-0.0295707147955541;-1.0003059039461608;-0.0438462322830631;2.508734688300659;-3.775855109990274;1.0017029603273049
53.7255755;86.8436043;25.0;0.0;-0.003059039461609;-1.0166207810747423;-0.0448659121035994;2.526948964755322;-3.206711793379943;1.0176149174930242
53.7259047;86.8438055;25.0;0.0;-0.0560823901294993;-1.0166207810747423;-0.0642398286937901;3.6102136875595674;-2.6638045894964786;1.0201910618047307
53.7261505;86.8439745;23.0;0.0;-0.0295707147955541;-1.006423982869379;-0.0652595085143265;3.708437987600257;-2.2805600275872884;1.008970992605692
53.7263581;86.8440797;22.0;0.0;0.003059039461609;-0.9890894259202612;-0.0601611094116447;3.4806961704157344;-1.4872182219219734;0.990922100508077
53.7265649;86.8442609;21.0;0.0;0.0050983991026817;-0.9850107066381156;-0.0560823901294993;3.2586203560796614;-0.9593515108743128;0.9866191364187943
53.726739;86.8443582;22.0;0.0;-0.0316100744366268;-1.0013255837666972;-0.0836137452839808;4.770933152087774;-0.6635759325671389;1.0053076046225953
53.7269828;86.8445252;25.0;0.0;-0.0183542367696543;-1.0186601407158151;-0.0499643112062812;2.8075980869167703;-0.5315231487481761;1.0200498971544867
53.7272406;86.8446806;28.0;0.0;-0.0050983991026817;-1.041093096767615;-0.0101967982053635;0.5611484873174536;-0.5292237640933025;1.0411555140824227
53.7275067;86.8448699;29.0;0.0;-0.0316100744366268;-0.9941878250229428;-0.061180789232181;3.5196792545493945;-0.5792940440948415;0.9965699760683197
53.7278052;86.845066;28.0;0.0;-0.0418068726419904;-0.9982665443050882;-0.058121749770572;3.329240109126744;-0.589205702247423;1.0008306779247524
53.7280681;86.8452777;27.0;0.0;-0.0418068726419904;-1.006423982869379;-0.0591414295911083;3.3601664863147263;-0.577548508987356;1.0090266381958644
53.728323;86.8454558;23.0;0.0;-0.0254919955134087;-1.0074436626899157;-0.0418068726419904;2.375535929554809;-0.5514464572225194;1.0086329312140427
53.728543;86.845599;22.0;0.0;0.0244723156928724;-0.9911287855613338;-0.0876924645661262;5.054680734229916;-0.6027614726507252;0.9953015282542961
53.7287225;86.8457785;21.0;0.0;0.0071377587437544;-1.0043846232283062;-0.07545630671969;4.296275546116661;-0.4937487227815874;1.0072403254442936
53.7289154;86.8459458;21.0;0.0;0.020393596410727;-0.9982665443050882;-0.0764759865402263;4.379892912241829;-0.2024710644084679;1.0013993053576016
53.7291359;86.8460895;21.0;0.0;0.0112164780258998;-0.9972468644845518;-0.0734169470786173;4.210233061650063;-0.1940860808236307;1.0000085830741254
53.729333;86.8461842;20.0;0.0;-0.0061180789232181;-0.99775670439482;-0.0734169470786173;4.208275799028063;-0.2024120193386111;1.0004728482936793
53.7295487;86.8463231;19.0;0.0;-0.0183542367696543;-1.0105027021515245;-0.0989089425920261;5.5894402476656175;0.1548857614172177;1.0154976947229382
53.7297347;86.8464579;17.0;0.0;0.014785357397777;-1.0013255837666972;-0.0948302233098807;5.409456853882902;0.5282550252316535;1.005914659775917
53.7298801;86.8465777;13.0;0.0;0.0081574385642908;-0.9890894259202612;-0.1060467013357805;6.119468238787876;0.8879089535017806;0.9947916058830625
53.7300971;86.8467435;10.0;0.0;0.0214132762312633;-1.0105027021515245;-0.1498929336188436;8.43557897131333;1.2604860988108193;1.021783798561786
53.7301862;86.8467814;10.0;0.0;-0.0214132762312633;-0.9992862241256244;-0.1539716529009891;8.757362572160106;1.6007723790760042;1.0113054711724183
53.7302712;86.846892;12.0;0.0;0.0224329560517997;-0.9972468644845518;-0.0938105434893443;5.372621499475945;1.7219487350125795;1.0019006758712452
53.7303506;86.8470482;13.0;0.0;0.0214132762312633;-0.9880697460997248;-0.1009483022330988;5.83214760177423;1.6553923896278522;0.9934439648416392
53.7304124;86.8472636;14.0;0.0;0.0209034363209952;-1.0013255837666972;-0.1080860609768532;6.159491037889113;1.4865781845879502;1.0073591588570756
53.7304541;86.8475101;13.0;0.0;0.0708677475272764;-0.9921484653818702;-0.1170082594065463;6.709128067728846;1.377659849075182;1.0015346962379983
53.7305105;86.8477201;12.0;0.0;0.0397675130009177;-0.979912307535434;-0.1111451004384623;6.465756575107004;1.377191374331988;0.9869968687392949
53.7305721;86.8479353;14.0;0.0;0.0152951973080452;-0.9758335882532884;-0.0825940654634444;4.837363891160548;1.369639369262694;0.9794421446281347
53.7306549;86.8482485;21.0;0.0;0.0530233506678902;-0.9819516671765066;-0.0520036708473539;3.027122088100996;1.3593099789660927;0.9847562816089932
53.730773;86.848597;23.0;30.0;0.0938105434893443;-0.9911287855613338;-0.0989089425920261;5.673729077514053;1.438337676577857;1.0004597276066254
53.730914;86.8489428;19.0;0.0;0.0239624757826042;-0.9957173447537472;-0.06984806770674;4.011481526279447;1.4507734275565964;0.9984517932536602
53.7311525;86.8491557;14.0;0.0;0.0254919955134087;-1.0043846232283062;-0.0978892627714897;5.564795475737557;1.27198767846061;1.0094655125256475
53.7313084;86.8492604;11.0;0.0;-0.0173345569491179;-0.9850107066381156;-0.1223615784643621;7.080127094413398;1.1123990086881697;0.9927330632857114
53.7315183;86.8493167;10.0;0.0;-0.0336494340776996;-0.986030386458652;-0.1213418986438258;7.011562825765999;0.9767972952930148;0.9940382607324714
53.7316494;86.849243;11.0;0.0;-0.0346691138982359;-1.0003059039461608;-0.1193025390027531;6.7972717855558775;0.8258979809773958;1.0079915400143684
53.7317615;86.8492527;12.0;0.0;-0.0152951973080452;-0.9962271846640156;-0.0938105434893443;5.378810744031876;0.4907516740114923;1.0007512001461945
53.7318921;86.8492553;14.0;0.0;0.0122361578464362;-0.99775670439482;-0.0876924645661262;5.022422475126137;0.2475098200892909;1.001677659262368
53.7320473;86.8492569;16.0;0.0;0.0285510349750178;-1.0013255837666972;-0.0876924645661262;5.00296429255811;0.072092889868496;1.0055635507741632
53.7322201;86.8492249;17.0;0.0;0.0112164780258998;-1.0099928622412562;-0.0672988681553992;3.8119208188355818;-0.2369039834413574;1.0122946847695034
53.7323972;86.8491716;17.0;0.0;0.0224329560517997;-0.9941878250229428;-0.0907515040277353;5.214302179473056;-0.2293221399399816;0.9985732343821195
53.7325795;86.8490979;15.0;0.0;0.0076475986540226;-0.9931681452024064;-0.1040073416947078;5.978206934898627;-0.2839549192241208;0.9986285483283366
53.7327367;86.8489479;13.0;0.0;0.0214132762312633;-0.9992862241256244;-0.1121647802589986;6.402895053981649;-0.3742070940721988;1.0057894531445204
53.7328485;86.8488293;11.0;0.0;-0.020393596410727;-0.9880697460997246;-0.1172631793616804;6.76672355671559;-0.3448746575924322;0.995212728599342
53.7329293;86.8486797;11.0;0.0;-0.0367084735393086;-0.9901091057407974;-0.116243499541144;6.691586260186069;-0.1744415671892329;0.9975851364600414
53.7329948;86.8485148;11.0;0.0;-0.0122361578464362;-1.0003059039461608;-0.1264402977465075;7.203541441775152;-0.1813877686300088;1.008339612393867
53.7330515;86.8483411;11.0;0.0;0.003059039461609;-0.9992862241256244;-0.1055368614255123;6.028759218462064;-0.1877000877882653;1.0048484187026534
53.7330835;86.8481171;13.0;0.0;-0.0183542367696543;-0.9829713469970428;-0.1009483022330988;5.862539309580875;-0.185531682418975;0.9883117457302237
53.7331065;86.8478841;14.0;0.0;-0.0091771183848271;-1.001835423676965;-0.1014581421433669;5.782516706494183;-0.3337771669326154;1.0070015840320397
53.7331293;86.8476253;14.0;0.0;-0.0040787192821454;-0.9880697460997246;-0.0846334251045171;4.89569678401377;-0.5446437740318169;0.9916961610057179
53.733144;86.847384;13.0;0.0;0.003059039461609;-0.9962271846640156;-0.1254206179259712;7.175501875101449;-0.6939173075640742;1.0040957586739179
53.7331594;86.847169;12.0;0.0;-0.0214132762312633;-0.986030386458652;-0.1152238197206077;6.663584642507328;-0.7214782264659019;0.9929707850937822
53.73318;86.8469848;11.0;0.0;0.020393596410727;-0.9972468644845518;-0.1172631793616804;6.705048569622003;-0.7652206213880688;1.0043245793730446
53.7331916;86.8467916;12.0;0.0;-0.0163148771285816;-0.9850107066381156;-0.1172631793616804;6.788052217988324;-0.8202050133662664;0.9921002573537869
53.733208;86.8464752;14.0;0.0;-0.0173345569491179;-0.9952075048434792;-0.0876924645661262;5.034838146750541;-0.7341060384235445;0.9992139074808193
53.7332229;86.8462085;16.0;0.0;-0.0323748343020291;-1.0041297032731722;-0.0866727847455898;4.930783833710193;-0.6783802475614252;1.0083832418813334
53.7332547;86.8454723;18.0;0.0;-0.0311002345263587;-1.009483022330988;-0.0851432650147853;4.818836703630711;-0.6448999503312808;1.0135445587340886
53.7332665;86.8451513;18.0;0.0;-0.0142755174875089;-1.0023452635872336;-0.0938105434893443;5.3462579250583175;-0.6848179551086324;1.0068268152493074
53.7332858;86.8448378;17.0;0.0;-0.0071377587437544;-0.9982665443050882;-0.0672988681553992;3.856702698012511;-0.9181178258666264;1.0005579337218333
53.7332917;86.8445365;17.0;0.0;0.0081574385642908;-0.9839910268175792;-0.07545630671969;4.384933952377526;-1.1297819933500926;0.9869136430738102
53.7332947;86.8442579;15.0;0.0;-0.0356887937187723;-1.01458142143367;-0.0938105434893443;5.279433259877375;-1.2133377288541736;1.0195339958948075
53.7332948;86.8439764;15.0;0.0;-0.0183542367696543;-1.02018966044662;-0.0912613439380033;5.110980532265106;-1.348099353119428;1.0244278667563456
53.7332942;86.843643;14.0;0.0;-0.0112164780258998;-0.9778729478943612;-0.1223615784643621;7.131905187266122;-1.468212104983152;0.9855626146963996
53.733294;86.8433868;13.0;0.0;-0.0214132762312633;-0.9880697460997246;-0.0989089425920261;5.715114352256699;-1.621965057801784;0.9932388083845715
53.7332947;86.8431827;13.0;0.0;-0.0397675130009177;-1.0359946976649332;-0.1040073416947078;5.728735400697345;-1.6529173137607007;1.0419616095646396
53.7332774;86.842935;14.0;0.0;-0.0122361578464362;-0.99214846538187;-0.092790863668808;5.342651809601954;-1.7703485263423704;0.9965532827194168
53.7332542;86.842707;15.0;0.0;-0.0163148771285816;-0.9809319873559702;-0.1040073416947078;6.051576409796661;-1.6367011441380814;0.986565388689596
53.7332396;86.842462;18.0;0.0;-0.0469052717446721;-1.020699500356888;-0.0774956663607627;4.337239456045226;-1.5246868823104478;1.0247112534030944
53.7332305;86.8421713;20.0;0.0;-0.0545528703986948;-1.012032221882329;-0.0754563067196899;4.257878722069914;-1.311218201481671;1.0163064931508587
53.7332329;86.8417129;21.0;0.0;-0.0316100744366268;-0.9972468644845518;-0.0540430304884266;3.100397692299559;-1.113838565934269;0.9992102654969734
53.7332448;86.8413408;21.0;0.0;-0.0520036708473539;-0.9829713469970428;-0.078515346181299;4.560483557211059;-1.1268498423336406;0.9874723846188054
53.7332886;86.8410262;21.0;0.0;-0.0183542367696543;-0.99214846538187;-0.0672988681553992;3.879849672822479;-0.9988050688968484;0.9945977041105585
53.7333486;86.8407022;20.0;0.0;0.0010196798205363;-0.9850107066381156;-0.0662791883348628;3.849501286964035;-0.7918016709941917;0.9872386047683632
53.7334069;86.8403253;19.0;0.0;-0.0142755174875089;-0.9982665443050882;-0.1009483022330988;5.773739560480157;-0.4837380735190675;1.0034592386350847
53.7334785;86.8400129;19.0;0.0;-0.0142755174875089;-1.0003059039461608;-0.0734169470786173;4.197242489238422;-0.3397429878816692;1.00309807097184
53.7335643;86.8397403;20.0;0.0;-0.0040787192821454;-1.00336494340777;-0.0836137452839808;4.763602513804464;-0.236023703233013;1.0068510833341118
53.7336726;86.8394902;19.0;0.0;0.0265116753339451;-0.9911287855613338;-0.07545630671969;4.352075363973776;-0.1679794525302551;0.9943504375827833
53.7338124;86.8392204;19.0;0.0;0.0163148771285816;-1.0054043030488429;-0.0815743856429081;4.637976007507743;-0.1299489484214682;1.0088401103236668
53.7339507;86.8389747;18.0;0.0;0.0367084735393086;-0.9850107066381156;-0.0836137452839808;4.848635545938145;-0.2732031907237683;0.989234483134166
53.7340505;86.8387161;17.0;0.0;0.0224329560517997;-0.9850107066381156;-0.0662791883348628;3.848508419888725;-0.1697586198812625;0.9874929166911882
53.734145;86.8384522;17.0;0.0;0.0101967982053635;-1.0043846232283062;-0.078515346181299;4.469639748472197;-0.13527990291852;1.007500424643621
53.7341744;86.8381232;21.0;0.0;-0.020393596410727;-1.0023452635872336;-0.0535331905781584;3.056513364736173;-0.0291981676778498;1.0039809404086324
53.7341803;86.8377451;24.0;0.0;-0.040787192821454;-1.011522381972061;-0.061180789232181;3.458450284355413;0.0615137699605362;1.0141914086107016
53.7342055;86.8373095;26.0;0.0;0.0214132762312633;-0.9829713469970428;-0.0509839910268175;2.9684092034892773;0.3575706584294634;0.9845255531255447
53.7342125;86.8368045;26.0;0.0;-0.0010196798205363;-0.9962271846640156;-0.0632201488732537;3.631094580192408;0.295413189631837;0.9982316516891675
53.7342637;86.8362925;25.0;0.0;-0.0173345569491179;-1.006423982869379;-0.0479249515652085;2.7259072957843133;0.2536673081641593;1.0077135114415277
53.7344191;86.8358079;26.0;0.0;-0.0326297542571632;-0.9737942286122158;-0.058121749770572;3.4137845293003632;0.4020000918483318;0.9760727628295629
53.7346675;86.8353651;28.0;0.0;-0.0336494340776996;-1.015601101254206;-0.0428265524625267;2.413333815063002;0.3956541608106101;1.0170604676607635
53.7348869;86.8349701;34.0;0.0;-0.011726317936168;-1.0112674620169266;-0.046650351789538;2.6410376184811466;0.3496297606749839;1.0124108067324173
53.7351972;86.8344868;34.0;0.0;0.0101967982053635;-1.0166207810747423;0.003059039461609;-0.1723953604178311;0.3361867705196941;1.0166765193162906
53.7355042;86.8339746;28.0;0.0;0.0173345569491179;-1.006423982869379;0.040787192821454;-2.3204036239699044;0.3250441103689104;1.0073992829347957
53.7357535;86.8335839;24.0;30.0;0.0723972672580809;-1.0349750178443968;0.0020393596410727;-0.1126227410463295;0.3695069634926072;1.0375060534070117
53.7358739;86.8332179;22.0;0.0;0.0346691138982359;-1.011522381972061;-0.0295707147955541;1.6735184035847954;0.520191431774968;1.012548222981227
53.7359041;86.8328385;20.0;30.0;0.0703579076170082;-1.0186601407158151;-0.0586315896808402;3.2863583159437133;0.5030107835290027;1.0227689772162187
53.7358435;86.8324963;17.0;0.0;0.0244723156928724;-0.9890894259202612;-0.0825940654634444;4.771964613818554;0.5933695342167266;0.9928336045644421
53.7357932;86.8322156;15.0;0.0;0.0091771183848271;-1.01458142143367;-0.0825940654634444;4.653827218763685;0.5631220425341533;1.0179791058120962
53.7357314;86.831949;20.0;0.0;-0.0596512695013765;-0.99775670439482;-0.0535331905781584;3.0657137825908025;0.3566008054444614;1.0009707875914338
53.7356781;86.8314861;26.0;0.0;0.003059039461609;-0.9788926277148976;-0.0499643112062812;2.9219221373897155;0.2964231653140712;0.9801717026681207
53.735636;86.8310088;29.0;0.0;0.0193739165901906;-1.0074436626899157;-0.0520036708473539;2.9544076851124683;0.4330989274107722;1.0089709926056925
53.7355766;86.830463;32.0;0.0;-0.0295707147955541;-1.01458142143367;-0.0387478331803813;2.1861901411615983;0.3221453754195732;1.015751585018729
53.735521;86.8298698;35.0;0.0;-0.0091771183848271;-1.0288569389211788;-0.0316100744366268;1.7597027089578694;0.0430172114747063;1.0293833188244292
53.7354536;86.8292392;36.0;0.0;-0.0081574385642908;-0.9931681452024064;-0.0479249515652085;2.76255008743746;-0.351098035072114;0.9943572343133257
53.7354007;86.8286231;37.0;0.0;-0.020393596410727;-1.017640460895279;-0.0112164780258998;0.6313642798868281;-0.6475773299992584;1.0179065850091673
53.7353285;86.8280133;37.0;0.0;0.0091771183848271;-0.9982665443050882;-0.0061180789232181;0.3511295688291305;-0.6956795515240093;0.9983274732623472
53.7352608;86.8273568;37.0;0.0;-0.0142755174875089;-1.0186601407158151;-0.023452635872336;1.3187596086372546;-0.7409378932690476;1.0190300774815535
53.7351862;86.826719;36.0;0.0;-0.0244723156928724;-0.9778729478943612;-0.040787192821454;2.38768237564281;-0.6669431172276872;0.9790291065934833
53.7351382;86.8261846;36.0;0.0;0.0244723156928724;-1.047211175690833;-0.0163148771285816;0.8923156361220083;-0.4198896099650052;1.0476241291335693
53.7350783;86.8255615;36.0;0.0;-0.0152951973080452;-1.0227388599979603;-0.0183542367696543;1.0280140184114963;-0.3216888342522612;1.0230178868514548
53.735038;86.8249324;36.0;0.0;-0.0142755174875089;-0.9758335882532884;-0.0632201488732537;3.706376577895558;0.0342201801265286;0.977983522144612
53.7349384;86.8243208;36.0;0.0;0.0081574385642908;-0.968695829509534;-0.0224329560517997;1.3265654974289554;0.3641724864777171;0.9689898820061623
53.7348391;86.8237095;35.0;0.0;0.0275313551544814;-1.0013255837666972;-0.0163148771285816;0.9331009575204372;0.0856684239876975;1.0018368507087767
53.7346957;86.8231309;36.0;0.0;-0.0591414295911083;-0.9972468644845518;-0.0020393596410727;0.1169636177091915;0.073111327323944;0.9990010892917464
53.7345022;86.8218622;36.0;0.0;-0.0152951973080452;-1.0196798205363515;0.0101967982053635;-0.5728742572500579;0.0490722729793467;1.019845505046416
53.7344437;86.8210869;35.0;0.0;0.0112164780258998;-0.9707351891506067;0.0091771183848271;-0.5416094935645597;-0.1838072842495734;0.9708433634404774
53.734385;86.8204906;32.0;0.0;0.0458855919241358;-1.0166207810747423;0.0193739165901906;-1.0906532344959774;-0.1021732403916548;1.0178401881942425
53.7342703;86.8199663;29.0;30.0;0.0418068726419904;-1.009483022330988;0.0815743856429081;-4.615983789845982;-0.1490189244622568;1.0136361119098054
53.7340807;86.8195719;25.0;30.0;-0.0132558376669725;-0.9839910268175792;0.0244723156928724;-1.42454985728622;-0.1405497543843877;0.9843845551029022
53.7338591;86.8193247;24.0;30.0;-0.0101967982053635;-1.0166207810747423;-0.0163148771285816;0.9193657848620594;-0.1704697111207049;1.0168028139331542
53.7336087;86.8191767;26.0;30.0;0.020393596410727;-0.979912307535434;-0.0081574385642908;0.4768537174451072;-0.3354189110865857;0.9801584428233595
53.7333534;86.8191262;23.0;30.0;-0.0571020699500356;-0.9870500662791885;0.0978892627714897;-5.654313743451525;-0.6396231619000565;0.9935344923555873
53.7331117;86.8191149;26.0;30.0;0.0356887937187723;-0.8922198429693077;-0.0275313551544814;1.7660118879386166;-0.9938526921225102;0.893357662810321
53.7328041;86.8190121;33.0;30.0;-0.0734169470786173;-1.0349750178443968;0.0382379932701131;-2.1105781331995965;-1.0891944800430997;1.0382800584667313
53.73246;86.8187704;37.0;30.0;-0.0968695829509534;-0.9758335882532884;0.0071377587437544;-0.4170342438286718;-1.4271923498790549;0.9806558293633215
53.7321128;86.8185512;36.0;0.0;0.0010196798205363;-0.9880697460997246;0.0326297542571632;-1.891432300728897;-1.753400760265878;0.9886089033421627
53.7317723;86.8182875;35.0;0.0;-0.0275313551544814;-0.9707351891506067;0.0397675130009177;-2.344947457677687;-1.8476973052621943;0.9719394209837281
53.7314508;86.8180428;34.0;30.0;-0.0040787192821454;-1.026817579280106;-0.0081574385642908;0.4551668099391807;-2.1862791824176715;1.0268580821484385
53.7311118;86.8178574;35.0;30.0;0.020393596410727;-0.9758335882532884;0.0122361578464362;-0.7182479110622371;-2.2329811201299155;0.9761233601838933
53.7307718;86.8176454;35.0;30.0;-0.0703579076170082;-1.06760477210156;0.0326297542571632;-1.7468285372939425;-2.1017896814929142;1.0704180890853583
53.7304508;86.8174012;34.0;30.0;-0.0397675130009177;-0.979912307535434;-0.0081574385642908;0.4765647087330663;-2.054728893470117;0.980752838055352
53.7301489;86.8170993;33.0;30.0;-0.0938105434893443;-1.0329356582033242;0.020393596410727;-1.1264281799194156;-2.173048387122844;1.0373872906645156
53.7299173;86.8166885;29.0;30.0;-0.0713775874375446;-1.0043846232283062;0.0326297542571632;-1.8560535994975251;-2.46523937219732;1.0074462428481004
53.7297349;86.8162757;29.0;30.0;-0.0642398286937901;-0.9727745487916796;-0.0010196798205363;0.0599279170448469;-2.57942228484467;0.9748939009525086
53.729604;86.8158376;32.0;30.0;-0.0499643112062812;-1.0370143774854697;-0.0173345569491179;0.9565479551693672;-2.6108079280522287;1.0383620459023513
53.7294732;86.8152972;33.0;30.0;0.0265116753339451;-1.0308962985622514;0.0397675130009177;-2.208398155352053;-2.947176933521145;1.0320036348815063
53.7293078;86.8147478;34.0;30.0;-0.078515346181299;-0.884572244315285;0.0158050372183134;-1.0196119406446125;-2.833578863270545;0.8881905843907724
53.729153;86.814081;35.0;30.0;-0.0224329560517997;-0.9992862241256244;0.0020393596410727;-0.1169005473225253;-3.1346627505072533;0.9995400713489255
53.7290127;86.8135311;36.0;30.0;0.0101967982053635;-1.01458142143367;0.0265116753339451;-1.4967599690852396;-3.4608580665719986;1.014978967437759
53.7288426;86.812977;31.0;0.0;-0.0214132762312633;-0.9809319873559702;-0.0010196798205363;0.0595448152239073;-3.657375245994104;0.9811662101621855
53.728704;86.8125056;29.0;0.0;-0.0316100744366268;-1.0370143774854697;0.049454471296013;-2.72906039274292;-3.2457124122119474;1.038674039652784
53.7285999;86.8120431;25.0;0.0;-0.0978892627714897;-1.0105027021515245;0.0183542367696543;-1.0357285139717956;-3.0319999335527017;1.0153988855759468
53.7285856;86.8115936;25.0;30.0;-0.1514224533496481;-0.9870500662791885;-0.0254919955134087;1.4623177807628782;-2.7814190495733904;0.9989226369221154
53.7288015;86.8111951;26.0;0.0;-0.1080860609768532;-1.017640460895279;-0.0122361578464362;0.6850412149714794;-2.606131300389781;1.0234375544152612
53.7290502;86.8110342;27.0;0.0;-0.0428265524625267;-1.0227388599979603;-0.0397675130009177;2.224782367533605;-2.0309697224853487;1.0244073137361092
53.7293509;86.8109509;31.0;30.0;-0.0188640766799225;-1.0166207810747423;-0.0244723156928724;1.3787328550942566;-1.8840630292393217;1.017090241884847
53.7296818;86.8107954;32.0;30.0;-0.0560823901294993;-0.9574793514836342;-0.003059039461609;0.1827397854192617;-1.790665839621158;0.9591252789508707
53.7299973;86.8106245;32.0;0.0;-0.0356887937187723;-0.9534006322014889;0.0152951973080452;-0.9184616261983392;-1.7311963964479693;0.9541909654466404
53.73041;86.810474;33.0;0.0;-0.0020393596410727;-0.986030386458652;0.0071377587437544;-0.4147493210769583;-1.6352537870407629;0.9860583297185965
53.7308181;86.8102677;32.0;0.0;-0.020393596410727;-1.0390537371265425;0.0275313551544814;-1.5174941095174717;-1.243952584715578;1.0396184602669578
53.7311373;86.8101005;31.0;90.0;0.026511675333945;-0.9758335882532884;0.0484347914754766;-2.8404561542576623;-1.183014074555154;0.9773944904272653
53.7314491;86.8097211;29.0;90.0;0.0152951973080452;-1.1206281227694503;-0.0367084735393086;1.875995348732295;-1.0123791752276712;1.121333511776073
53.7316455;86.8093543;26.0;90.0;0.1136942999898032;-1.0818802895890691;-0.0020393596410727;0.1074117389975537;-0.6240532481410809;1.087839838321453
53.7317229;86.8088173;21.0;0.0;-0.0917711838482716;-1.0023452635872336;-0.0948302233098807;5.382193778882176;-0.3361367768330848;1.0109949301918757
53.7317352;86.8084968;18.0;0.0;-0.0017844396859385;-1.020699500356888;-0.0825940654634444;4.626234964157932;-0.0309285707144941;1.0240373205618891
53.7317904;86.8080912;16.0;30.0;0.0509839910268175;-1.015601101254206;-0.0764759865402263;4.300918529758148;0.4573640017941485;1.019751705429846
53.7318045;86.8078237;17.0;0.0;0.0163148771285816;-1.0084633425104517;-0.0703579076170082;3.990392624410843;0.3815725693985501;1.0110463508501064
53.7317724;86.8074588;22.0;0.0;-0.0938105434893443;-1.0054043030488429;-0.0622004690527174;3.5248841231931736;0.4960904342549659;1.0116852914860794
53.7317444;86.80697;29.0;0.0;-0.0316100744366268;-0.971754868971143;0.023452635872336;-1.3817952960852422;0.8206629962629586;0.9725516687067958
53.7317495;86.8064887;28.0;0.0;-0.0112164780258998;-1.0461914958702967;0.0458855919241358;-2.511219129853252;0.7681649479314587;1.0472573432336785
53.7317382;86.805991;27.0;0.0;-0.0010196798205363;-1.0339553380238604;0.040787192821454;-2.259016159426262;0.2006912895364973;1.0347600088296929
53.7317397;86.8055573;26.0;0.0;0.0050983991026817;-1.0023452635872336;0.0652595085143265;-3.725040229431624;-0.2863808031840728;1.0044803753984954
53.7317345;86.8050913;25.0;0.0;0.003059039461609;-0.9982665443050882;0.0316100744366268;-1.8136542938750844;-0.4904543262326141;0.998771569482802
53.731688;86.804584;27.0;30.0;-0.0010196798205363;-1.0166207810747423;0.0530233506678902;-2.985638757017281;-0.8545517197526175;1.0180031080384802
53.7316527;86.8041647;23.0;30.0;0.0326297542571632;-0.9788926277148976;0.1009483022330988;-5.884568940954948;-0.9174194325802586;0.9846248205185593
53.7316071;86.8037863;23.0;30.0;0.020393596410727;-0.9737942286122158;0.0887121443866625;-5.204112768324348;-1.2530452381479138;0.9780393361285138
53.7315317;86.8032757;24.0;30.0;0.0469052717446721;-1.047211175690833;0.0469052717446721;-2.562035957425433;-1.2233420560663308;1.0493099901967293
53.7314578;86.8028434;25.0;30.0;0.0520036708473539;-1.0013255837666972;0.0571020699500356;-3.2594581690920394;-1.834255372140132;1.004299732589776
53.7313262;86.8024558;26.0;30.0;-0.0938105434893443;-1.0288569389211788;0.0418068726419904;-2.317291156168116;-2.033033007588441;1.0339704219348482
53.7312153;86.8020377;25.0;0.0;-0.0275313551544814;-0.954420312022025;0.0530233506678902;-3.178510687179785;-1.998890232731771;0.9562884414406104
53.7311032;86.8015928;28.0;30.0;-0.1080860609768532;-1.0105027021515245;0.0458855919241358;-2.5852131205108173;-1.772856027574368;1.0173022142801287
53.7310585;86.8011129;31.0;0.0;-0.1825226878760069;-1.0023452635872336;-0.0152951973080452;0.8600906115989443;-1.7235652968623918;1.0189428355339347
53.731139;86.8005534;29.0;0.0;-0.0876924645661262;-0.974813908432752;-0.0351789538085041;2.0584803973922527;-1.6474501169627769;0.9793822967598914
53.731304;86.800104;29.0;0.0;0.0152951973080452;-1.017640460895279;0.0683185479759355;-3.840314625157036;-1.4732101686278591;1.0200458199068256
53.731443;86.7996542;29.0;30.0;0.0091771183848271;-1.0370143774854697;0.0723972672580809;-3.993364910363015;-1.6769939804138891;1.0395789546349345
53.7314626;86.7991618;30.0;0.0;-0.0448659121035994;-0.9258692770470072;0.0173345569491179;-1.0713362043563373;-1.8573763728018065;0.9271177676611844
53.731407;86.7984918;33.0;0.0;-0.023452635872336;-1.0431324564086877;-0.0071377587437544;0.3919480681428569;-2.001762041447108;1.043420478686549
53.7313952;86.7978912;36.0;0.0;-0.078515346181299;-1.0512898949729783;-0.0061180789232181;0.3325083073889449;-2.068047046718548;1.0542355210046641
53.7314214;86.7972774;37.0;0.0;0.0050983991026817;-1.0329356582033242;0.0071377587437544;-0.3959123275468269;-1.8922382921521124;1.0329729015135047
53.731429;86.796645;37.0;0.0;0.023452635872336;-0.986030386458652;0.003059039461609;-0.1777023660660053;-1.602654540241117;0.9863140001397054
53.7314359;86.7959863;36.0;0.0;0.058121749770572;-0.951361272560416;-0.0336494340776996;2.021927723907291;-1.2819330435196192;0.9537288362726151
53.731392;86.795328;35.0;30.0;0.0341592739879677;-0.9727745487916796;0.0061180789232181;-0.3601241059024431;-0.622197997648029;0.9733933478640336
53.731131;86.7941198;30.0;30.0;0.0509839910268175;-1.012542061792597;-0.037728153359845;2.131203385541805;-0.3478349667981726;1.0145265929467646
53.7308389;86.7936741;29.0;0.0;-0.0132558376669725;-1.0135617416131335;-0.0764759865402263;4.314578512865529;0.0568703689572979;1.0165292410016558
53.7306085;86.7933669;29.0;0.0;-0.0887121443866625;-1.00336494340777;-0.0428265524625267;2.434582331546536;0.1645971190835417;1.0081890536090854
53.730372;86.7929768;30.0;0.0;-0.0805547058223717;-1.0308962985622514;-0.0540430304884266;2.9917860300062915;-0.1460915201302527;1.0354500896536984
53.7301685;86.7925941;30.0;0.0;-0.1172631793616804;-0.9911287855613338;-0.0846334251045171;4.84705739629188;-0.1679483329857803;1.0016235517634435
53.7300118;86.7921558;27.0;30.0;0.0020393596410727;-0.9982665443050882;-0.0550627103089629;3.157133432238149;-0.112639420394934;0.9997860543802044
53.729901;86.791789;21.0;30.0;0.0224329560517997;-1.0303864586519833;-0.0672988681553992;3.736037436618874;-0.0135913412285249;1.0328255561059647
53.7298067;86.7914899;18.0;0.0;0.0367084735393086;-1.0186601407158151;-0.0662791883348628;3.720298216722526;0.0409093163232062;1.0214738984032232
53.7297257;86.7912041;17.0;0.0;0.0356887937187723;-0.9982665443050882;-0.0846334251045171;4.842890940443393;0.048640680362866;1.0024832168773927
53.7296284;86.7909788;17.0;0.0;0.0254919955134087;-1.006423982869379;-0.0897318242071989;5.093341241641433;-0.1545052397795276;1.0107377876608115
53.7295056;86.7907792;18.0;30.0;0.0071377587437544;-0.99214846538187;-0.0795350260018354;4.583164833926982;-0.1484477884479154;0.9953568934410392
53.729366;86.7905116;21.0;0.0;0.0591414295911083;-0.9880697460997246;-0.0479249515652085;2.771922731848498;-0.0172997062168882;0.9909976452213103
53.7291983;86.7902415;25.0;0.0;0.0050983991026817;-1.0308962985622514;-0.0244723156928724;1.3598651668430928;0.3157092209492585;1.0311993339302215
53.7289872;86.7899536;29.0;0.0;-0.0122361578464362;-1.0308962985622514;-0.0056082390129499;0.3116730796585452;0.421688121597388;1.030984167818798
53.728732;86.7896472;30.0;0.0;-0.0020393596410727;-1.0166207810747423;-0.003059039461609;0.1724036849845802;0.7699786878664837;1.0166274289154273
53.7284769;86.7894177;29.0;0.0;-0.0010196798205363;-0.9778729478943612;-0.0285510349750178;1.6723934523811046;1.261409494808304;0.9782901939448688
53.7281985;86.7891649;29.0;0.0;0.0132558376669725;-0.9605383909452432;0.0132558376669725;-0.7905806247428885;1.0662933150408826;0.9607213097169143
53.7278324;86.7889524;27.0;0.0;-0.0356887937187723;-1.024268379728765;-0.0050983991026817;0.2850202034806232;1.1575226052107035;1.0249026282446059
53.7275468;86.7888716;25.0;30.0;0.0346691138982359;-1.00336494340777;0.0535331905781584;-3.052225724653298;0.8761790106909167;1.0053899540037405
53.7272949;86.7888757;23.0;30.0;0.0326297542571632;-0.971754868971143;0.0825940654634444;-4.855441092466853;0.8075642852057809;0.9758042866690975
53.7270456;86.788908;23.0;30.0;-0.0122361578464362;-1.0013255837666972;0.0458855919241358;-2.6235392279823744;0.7484793292759151;1.0024510640479105
53.7267797;86.7889237;26.0;30.0;0.0163148771285816;-1.012542061792597;0.0652595085143265;-3.687201553796844;0.7074491107738113;1.0147740662662086
53.7264948;86.788946;29.0;30.0;0.0173345569491179;-1.0380340573060058;0.0571020699500356;-3.14821917005732;0.6332604801580322;1.0397479682040112
53.7261776;86.7889616;31.0;30.0;0.0224329560517997;-1.003874783318038;0.0101967982053635;-0.5818132085236186;0.5968388828892779;1.0041771720133357
53.7257604;86.7889284;32.0;30.0;0.0101967982053635;-1.0451718160497605;-0.0132558376669725;0.7266046441743444;0.5407706050370814;1.0453056093749082
53.7254465;86.7889473;31.0;30.0;-0.0020393596410726;-0.9819516671765066;0.0163148771285816;-0.9518651662233087;0.655263465553215;0.9820893090112462
53.7250798;86.7891438;28.0;30.0;0.0734169470786173;-1.0329356582033242;-0.0020393596410727;0.1128361861215871;0.5452853665465491;1.035543471368549
53.7247842;86.789437;26.0;30.0;0.0469052717446721;-1.0329356582033242;-0.0112164780258998;0.6215005730361066;0.2460599972819367;1.0340609207801452
53.7245932;86.7898092;26.0;30.0;-0.0622004690527174;-1.0196798205363515;-0.0346691138982359;1.9436962624036167;-0.0041279027424274;1.022163285496947
53.724402;86.7901044;29.0;30.0;0.0560823901294993;-0.9992862241256244;-0.0224329560517997;1.2839959299315788;-0.3486066667867736;1.0011100987039872
53.7241912;86.790508;33.0;0.0;-0.0560823901294993;-0.9554399918425616;0.0224329560517997;-1.342701042169176;-0.7266000659134461;0.9573474029901441
53.7239591;86.7909671;32.0;0.0;-0.0418068726419904;-0.974813908432752;0.0265116753339451;-1.5564393815745754;-1.5534661448539648;0.9760700997382585
53.7237534;86.791427;31.0;0.0;-0.0326297542571632;-1.0166207810747423;0.0224329560517997;-1.2634445024013203;-1.7358554794878804;1.0173916408606491
53.7235604;86.7918228;27.0;0.0;-0.0285510349750178;-0.9829713469970428;0.0142755174875089;-0.8316871876406708;-1.8423693174756413;0.9834895124071541
53.7233885;86.7922141;25.0;60.0;-0.0244723156928724;-0.9697155093300704;0.0214132762312633;-1.2645983956632705;-2.033956284104662;0.9702605792618837
53.7232557;86.7925421;22.0;60.0;-0.0127459977567043;-0.9855205465483838;-0.003059039461609;0.1778297079317225;-2.014675926577329;0.9856077139766444
53.7231435;86.7928395;21.0;60.0;-0.0356887937187723;-1.01458142143367;0.0397675130009177;-2.243229232914722;-1.841980458965292;1.0159875027802976
53.7230303;86.7931615;23.0;60.0;-0.0601611094116447;-1.009483022330988;0.0856531049250535;-4.841295095421959;-1.7412363370644302;1.0148949629609205
53.7229033;86.7934697;23.0;60.0;-0.0713775874375446;-1.015601101254206;0.0367084735393086;-2.0649415371186817;-1.7059681565436575;1.0187678189296845
53.7227603;86.7937875;26.0;60.0;-0.0622004690527174;-0.9768532680738248;0.061180789232181;-3.5765569495000173;-1.4331200525910115;0.9807417063977458
53.7224134;86.7944902;24.0;60.0;-0.0351789538085041;-1.0186601407158151;0.0211583562761292;-1.1891976798910868;-1.2544092706589298;1.0194869872217756
53.7221944;86.7948344;21.0;60.0;-0.0555725502192311;-1.084939329050678;0.0509839910268175;-2.686974152380603;-0.6041009171998526;1.0875573655673647
53.721936;86.7950368;22.0;60.0;-0.0265116753339451;-0.9584990313041704;0.0458855919241358;-2.7397443684470635;-0.5139319386844398;0.9599628896401536
53.7216624;86.7950704;22.0;60.0;0.0050983991026817;-1.0512898949729783;0.1091057407973896;-5.925031489573748;0.0336029605655899;1.0569486740710985
53.7214081;86.7950721;19.0;60.0;0.1233812582848985;-0.9839910268175792;0.0622004690527174;-3.588964226022194;0.1754537536103333;0.9936448933617366
53.7211988;86.795042;21.0;60.0;0.0270215152442133;-1.0069338227796472;0.0520036708473539;-2.955384426797726;0.2015756423727398;1.008637827728728
53.7209213;86.7949437;22.0;60.0;0.0305903946160905;-1.00336494340777;0.0723972672580809;-4.125084449923724;0.258186964700381;1.0064384463090048
53.720697;86.7948474;21.0;60.0;0.0326297542571632;-1.0278372591006424;0.0622004690527174;-3.461341267261996;0.1577322497621349;1.0302344540971156
53.7205005;86.7947789;20.0;60.0;0.0061180789232181;-0.951361272560416;0.1070663811563169;-6.420929161559587;0.2799961572411946;0.957386500735933
53.7202961;86.7947025;20.0;60.0;-0.0367084735393086;-1.0298766187417152;0.061180789232181;-3.397561663857753;0.1526574471002528;1.032345121958508
53.720119;86.7946534;20.0;60.0;-0.0015295197308045;-1.026817579280106;0.0825940654634444;-4.5987910085362165;0.2131936754710932;1.0301351659850486
53.7199098;86.7945978;20.0;60.0;0.0254919955134087;-1.1389823595391046;0.0571020699500356;-2.869362760403748;0.1240887709277123;1.1406977266432596
53.7197179;86.7945083;18.0;60.0;-0.0601611094116447;-0.9503415927398796;0.0530233506678902;-3.187082752211075;-0.7227256105119799;0.9537190244999106
53.7193784;86.7941944;17.0;60.0;0.0591414295911083;-1.0074436626899153;-0.0152951973080452;0.8683136886344539;-1.6617869752040246;1.0092940033750541
53.7192083;86.7941267;16.0;60.0;-0.0825940654634444;-0.921790557764862;0.0346691138982359;-2.145327967141848;-2.14883445906977;0.9261325820273919
53.7190388;86.7941108;15.0;60.0;-0.0367084735393086;-1.01458142143367;-0.020393596410727;1.1507661332560593;-2.695471737236251;1.0154500832254216
53.7188198;86.7940454;18.0;60.0;-0.0703579076170082;-0.9982665443050882;-0.0173345569491179;0.9923604245264956;-2.3917091847797907;1.0008930090212882
53.7184613;86.7938917;13.0;60.0;-0.0734169470786173;-1.0278372591006424;0.0112164780258998;-0.6236379809650874;-2.262107250450243;1.0305170006812945
53.7183568;86.7939408;11.0;0.0;-0.0448659121035994;-0.9992862241256244;-0.0560823901294993;3.208983777121729;-2.111979398196417;1.001863834200423
53.7182276;86.7939396;12.0;0.0;-0.0642398286937901;-1.0349750178443968;-0.0311002345263587;1.717873976111071;-2.151434450080456;1.0374330184355092
53.7181017;86.7939417;14.0;0.0;-0.0209034363209952;-0.9931681452024064;-0.0560823901294993;3.2312415786621806;-2.3119133138192267;0.9949699255643114
53.7179092;86.7937748;19.0;30.0;-0.1060467013357805;-1.0196798205363515;-0.0280411950647496;1.56679075596192;-2.657687309451593;1.0255628444390454
53.7178211;86.7934819;15.0;30.0;-0.0285510349750178;-1.041093096767615;-0.0346691138982359;1.9065676473683475;-3.19752753811889;1.0420613922383921
53.7178005;86.7932309;18.0;30.0;-0.1182828591822167;-0.9248495972264708;-0.0520036708473539;3.192365891622953;-3.8737600492023576;0.9338318874657714
53.7178744;86.792972;19.0;30.0;-0.1498929336188436;-0.9707351891506067;-0.0356887937187723;2.080875240192311;-4.311560328712706;0.9828877804720275
53.7181886;86.7927742;13.0;30.0;0.0514938309370857;-0.9941878250229428;-0.092790863668808;5.325061986159578;-4.519854108995591;0.9998355816977259
53.7183326;86.7927646;12.0;30.0;0.1080860609768532;-0.9564596716630978;-0.0917711838482716;5.446230560715819;-5.001777669571952;0.9669124315470797
53.7184587;86.7927627;10.0;30.0;0.0224329560517997;-0.9850107066381156;-0.1203222188232894;6.962573071205553;-5.45563568941094;0.9925858985757864
53.7185528;86.7927032;8.0;30.0;0.0326297542571632;-1.0105027021515245;-0.0601611094116447;3.4053588979946783;-5.864346237895333;1.012817738294534
53.7185498;86.7925466;7.0;30.0;-0.2600183542367696;-1.012542061792597;0.003059039461609;-0.1676586639246621;-6.210827384407986;1.04539960262171
53.7185097;86.7924809;2.0;30.0;-0.2549199551340879;-1.0298766187417152;0.0122361578464362;-0.6607704495403848;-6.47799719833176;1.0610276890426924
53.7185121;86.7924321;5.0;30.0;-0.159579891913939;-1.024268379728765;-0.0096869582950953;0.5353967492544331;-6.648773749049507;1.0366702912577677
53.7185175;86.7925143;4.0;30.0;-0.2018966044661976;-1.0003059039461608;0.0244723156928724;-1.3737606453760047;-6.706075105944091;1.0207708041474823
53.7185297;86.7925777;6.0;30.0;-0.1825226878760069;-1.0043846232283062;0.07545630671969;-4.227404249023414;-6.632819338398361;1.023619390784839
53.7185505;86.7927265;8.0;30.0;-0.1182828591822167;-0.971754868971143;0.0622004690527174;-3.6356535078721466;-6.411924515795176;0.9809012480855662
53.71859715;86.79279875;2.0;30.0;-0.066789028245131;-1.00897318242072;0.1050270215152441;-5.929801609246234;-6.026308707517403;1.0166210367617265
53.7186163;86.7927923;1.0;30.0;-0.0418068726419904;-1.0227388599979603;0.0305903946160905;-1.7117926948658726;-5.4588899829478805;1.0240499805150134
53.7186067;86.7928083;0.0;30.0;-0.0563373100846334;-1.0138166615682676;0.0453757520138676;-2.558754850898473;-4.692586411469486;1.0163941531963983
53.71860745;86.79280904999999;3.0;0.0;-0.0713775874375445;-1.0028551034975015;0.0425716325073926;-2.4246449182065715;-3.710316062465055;1.0062929307581037
53.7253021;86.8446109;7.0;60.0;-0.0836137452839808;-1.0003059039461608;-0.0764759865402263;4.356771537099342;2.6183749425558696;1.0067034004051347
53.7252902;86.8444454;12.0;60.0;0.0091771183848271;-0.9788926277148976;-0.061180789232181;3.576177630069428;0.5751403317908177;0.9808455969557588
53.7252613;86.8442629;11.0;60.0;-0.0305903946160905;-0.9442235138166616;-0.0050983991026817;0.3092072279912572;-1.1754940173215762;0.9447326658692721
53.7252116;86.8440852;10.0;60.0;0.1498929336188436;-0.91669215866218;-0.0112164780258998;0.6918387411463433;-2.650878105298918;0.9289339129781494
53.7251326;86.8439806;10.0;60.0;-0.0112164780258998;-1.0319159783827878;-0.0270215152442133;1.499902802925164;-3.868361932658816;1.0323306437896267
53.72504;86.843888;10.0;60.0;-0.0152951973080452;-1.0196798205363515;-0.058121749770572;3.261963227717989;-4.845295499918874;1.021449468777644
53.7249372;86.843862;10.0;60.0;-0.1764046089527888;-1.006423982869379;-0.0479249515652085;2.685432633404117;-5.599028807596701;1.0228903266416092
53.7248305;86.8438065;8.0;60.0;-0.0571020699500356;-1.006423982869379;-0.058121749770572;3.2999081849630945;-6.1469118562099005;1.0097168006345325
53.7247345;86.8437617;11.0;60.0;-0.147853573977771;-1.055368614255124;0.0040787192821454;-0.2192903276482402;-6.50629464627608;1.0656829862786417
53.7246262;86.843679;9.0;60.0;-0.2069950035688793;-1.020699500356888;-0.0061180789232181;0.3365759005417518;-6.694527178312848;1.04149499874987
53.7245433;86.8436217;9.0;60.0;-0.2212705210563882;-0.9972468644845518;-0.0591414295911083;3.313535211575909;-6.728959452837808;1.0232104675514786
53.724479;86.8435062;8.0;60.0;-0.1254206179259712;-1.0257978994595698;-0.0520036708473539;2.8807563541631334;-6.626941470368564;1.0347444340117022
53.7244277;86.8433525;11.0;60.0;-0.1498929336188436;-0.9890894259202612;-0.0499643112062812;2.8592727387764096;-6.405823231422726;1.0016297801136171
53.7244085;86.8431797;10.0;60.0;-0.0999286224125624;-0.9839910268175792;-0.0632201488732537;3.657367021984821;-6.082954736518039;0.9910705613922466
53.7244408;86.8430072;12.0;60.0;-0.2054654838380748;-0.9992862241256244;-0.0142755174875089;0.8016869205190315;-6.0949726538700535;1.0202905533109665
53.7246945;86.8429537;12.0;0.0;-0.0713775874375446;-1.009483022330988;-0.0571020699500356;3.2294776466909894;-5.869228854659809;1.0136130320568542
53.7248171;86.8431019;14.0;0.0;-0.0316100744366268;-0.9829713469970428;-0.0723972672580809;4.210143249992538;-5.541846047842428;0.9861405732092701
53.7249502;86.8432606;15.0;30.0;0.0254919955134087;-0.910574079738962;-0.0142755174875089;0.8978288111035297;-4.439314464803609;0.9110426921540227
53.7250644;86.8433748;10.0;0.0;-0.0418068726419904;-1.0227388599979603;-0.0571020699500356;3.19298790474708;-3.664961274515525;1.0251844891250599
53.7251581;86.8434429;14.0;0.0;-0.0112164780258998;-1.0028551034975015;-0.0876924645661262;4.9970815624410525;-2.878490248724153;1.0067443252047519
53.725394;86.8435764;20.0;0.0;-0.0173345569491179;-0.9707351891506067;-0.061180789232181;3.60573529132397;-2.5162523922977926;0.9728156985220577
53.7256274;86.8436818;23.0;0.0;-0.0193739165901906;-0.99214846538187;-0.0560823901294993;3.2346549278723007;-1.7251904068031236;0.9939211037533515
53.7258717;86.8438237;23.0;0.0;-0.0780055062710309;-1.017640460895279;-0.0774956663607627;4.342111627429865;-1.2242822666004818;1.0235636496888967
53.7261046;86.8439286;22.0;0.0;-0.0576119098603038;-1.0171306209850108;-0.0759661466299581;4.264493438159756;-1.00876546086901;1.0215892950383287
53.7263697;86.8440657;21.0;0.0;-0.0010196798205363;-1.0105027021515245;-0.0693382277964719;3.9253415433937096;-1.0844309198395694;1.0128793317253661
53.7265656;86.844236;20.0;0.0;-0.0214132762312633;-0.9850107066381156;-0.0866727847455898;5.027421004485528;-0.8813438198858053;0.9890484276344772
53.7268207;86.8444143;22.0;0.0;-0.0081574385642908;-0.9778729478943612;-0.0499643112062812;2.924876357530048;-0.8935428191565944;0.9791825562283349
53.7270426;86.844585;25.0;0.0;-0.0387478331803813;-1.0166207810747423;-0.0469052717446721;2.6397490709412;-0.8539839508465095;1.0184396455395064
53.7272888;86.8447544;27.0;0.0;0.0050983991026817;-0.9962271846640156;-0.0275313551544814;1.5829807158044535;-1.266115874677052;0.996620576073785
53.7278218;86.8451082;29.0;0.0;-0.0326297542571632;-0.9727745487916796;-0.0367084735393086;2.159865914866737;-1.2214640727982713;0.9740136219115854
53.7280811;86.8452907;28.0;0.0;-0.0214132762312633;-0.9972468644845518;-0.0509839910268175;2.926010704695692;-1.059346986911314;0.9987788566365675
53.7283971;86.8455299;23.0;0.0;-0.0244723156928724;-1.009483022330988;-0.0525135107576221;2.9769807599251994;-0.7592743618983013;1.0111441714325256
53.7286117;86.8457189;21.0;0.0;0.0101967982053635;-1.0135617416131335;-0.0805547058223717;4.5439080105391625;-0.5634139174681484;1.0168089493044492
53.7288068;86.8458628;20.0;0.0;-0.0010196798205363;-0.9972468644845518;-0.0601611094116447;3.452308033973934;-0.1860370107282031;0.9990604123659622
53.7290121;86.8460169;21.0;0.0;-0.0193739165901906;-1.017640460895279;-0.0703579076170082;3.954323355113124;0.0662228457536939;1.020253738762786
53.7292203;86.8461739;21.0;0.0;-0.0101967982053635;-1.0288569389211788;-0.0662791883348628;3.68573292566102;0.2713093601416938;1.0310400119618188
53.7294711;86.8463223;19.0;0.0;-0.0086672784745589;-1.017640460895279;-0.0703579076170082;3.954894649367684;0.1920453279051425;1.0201065946907484
53.7297436;86.8464924;17.0;0.0;0.0244723156928724;-1.00336494340777;-0.092790863668808;5.282104424996592;0.3923143560104244;1.0079435739541438
53.729934;86.8466572;13.0;0.0;0.0050983991026817;-0.9839910268175792;-0.1080860609768532;6.26841526482466;0.7967202957434985;0.9899226894603519
53.730039;86.8467622;11.0;0.0;0.0224329560517996;-0.982971346997043;-0.1228714183746303;7.123180686988557;1.2619438245245092;0.9908750133027862
53.7301448;86.8468936;10.0;0.0;0.040787192821454;-0.986030386458652;-0.1396961354134801;8.056930765633169;1.6817088479524729;0.9967118582456589
53.7302434;86.8470178;11.0;0.0;0.0571020699500356;-0.99214846538187;-0.1213418986438258;6.961362523381288;1.8356549025838849;1.0011708546090756
53.7303571;86.8471827;13.0;0.0;0.020393596410727;-0.9880697460997246;-0.1070663811563169;6.183084571816073;2.0251662055517268;0.9940628410246747
53.7304421;86.8473701;12.0;0.0;0.0163148771285816;-0.968695829509534;-0.1203222188232894;7.079480610517453;1.964412046818717;0.9762762015267219
53.7305078;86.8475382;12.0;0.0;0.0509839910268175;-1.00336494340777;-0.1152238197206077;6.542633801165213;1.9232870927191104;1.0112453241581427
53.7305499;86.8477083;11.0;0.0;0.0305903946160905;-0.9880697460997246;-0.1121647802589986;6.473364795892156;1.90069000036164;0.9948861911449429
53.7305909;86.8479029;13.0;0.0;0.003059039461609;-0.974813908432752;-0.0866727847455898;5.080904371008692;1.935317769690707;0.9786642352778203
53.7306319;86.8481743;17.0;0.0;0.0397675130009177;-0.9992862241256244;-0.0764759865402263;4.372902485229729;1.9223728322473328;1.0029970036519684
53.7307129;86.8485369;23.0;0.0;0.0683185479759355;-1.0421127765881513;-0.0530233506678902;2.9065049599638053;1.9030420696260268;1.0456949549662446
53.7308353;86.8488897;22.0;0.0;0.1080860609768532;-0.9829713469970428;-0.0744366268991536;4.304676130405985;1.835609837668516;0.9916935398694481
53.7310132;86.8491188;18.0;0.0;0.037728153359845;-0.9850107066381156;-0.0948302233098807;5.495100857924067;1.6043355564437434;0.9902839375657194
53.7311776;86.849232;14.0;0.0;0.020393596410727;-0.9666564698684612;-0.1019679820536351;6.020260364636664;1.487392498088827;0.9722335618961163
53.7314472;86.8493224;11.0;0.0;-0.0356887937187723;-0.9962271846640156;-0.1223615784643621;6.997836755815253;1.170785630054615;1.004347872674096
53.731557;86.8493554;11.0;0.0;-0.0367084735393086;-0.9911287855613338;-0.1254206179259712;7.207169382658122;1.074046899921098;0.99970701357888
53.7316673;86.8493377;11.0;0.0;-0.0101967982053635;-0.986030386458652;-0.1152238197206077;6.66478848310734;0.91896394329869;0.9927922372502953
53.7317804;86.8493484;12.0;0.0;0.0050983991026817;-0.9972468644845518;-0.1142041399000713;6.53293489486667;0.8768431376136246;1.0037778080671018
53.7319129;86.8493273;14.0;0.0;0.0367084735393086;-0.9962271846640156;-0.0938105434893443;5.375814090393777;0.597382972688896;1.001307412118248
53.7322323;86.8492627;17.0;0.0;0.0336494340776996;-0.99214846538187;-0.078515346181299;4.522179136509756;0.3665841979677491;0.9958190203843861
53.7324119;86.8492119;17.0;0.0;0.0122361578464362;-1.0043846232283062;-0.0866727847455898;4.931723265807182;0.200937071591315;1.0081916318596702
53.7326202;86.849113;15.0;0.0;0.0173345569491179;-1.0003059039461608;-0.1060467013357805;6.050664909897222;0.0200189322972659;1.0060607790776699
53.7327679;86.8489791;13.0;0.0;0.0140205975323748;-1.001835423676965;-0.1136942999898031;6.473939896287583;-0.2233475515952347;1.0083636185123601
53.732925;86.8488034;11.0;0.0;-0.0219231161415315;-0.9855205465483838;-0.1274599775670439;7.36750503393875;-0.3375582917020958;0.9939705310379033
53.7330282;86.848625;11.0;0.0;-0.0265116753339451;-0.9707351891506067;-0.1193025390027531;7.003882804682859;-0.4378302861310943;0.9783980642850743
53.7330926;86.848459;11.0;0.0;0.003059039461609;-1.0084633425104517;-0.1019679820536351;5.773655174817876;-0.287278519639377;1.0136099547034207
53.7331399;86.8482503;12.0;0.0;-0.0132558376669725;-1.0003059039461608;-0.1203222188232894;6.858297825908738;-0.3495964134020892;1.0076036200035996
53.7331663;86.8480207;14.0;0.0;0.023452635872336;-1.0003059039461608;-0.1040073416947078;5.934410188198424;-0.2034732757816676;1.0059718955941592
53.7331793;86.8477521;14.0;0.0;-0.0397675130009177;-1.009483022330988;-0.1029876618741715;5.820689358819257;-0.3565310989169762;1.015501790231358
53.7331813;86.8474469;13.0;0.0;-0.0132558376669725;-1.006423982869379;-0.1244009381054349;7.045806574602879;-0.5996622723311974;1.014169879225581
53.7331825;86.8471921;12.0;0.0;-0.0336494340776996;-1.0003059039461608;-0.1279698174773121;7.286211705688751;-0.8515208872942057;1.0090195538583342
53.7331863;86.8469911;11.0;0.0;0.0040787192821454;-0.9901091057407974;-0.1070663811563169;6.171699487672539;-0.937708776417557;0.9958894954741383
53.7331952;86.8467952;12.0;0.0;-0.0183542367696543;-0.9809319873559702;-0.1111451004384623;6.463242271343298;-0.9776972748101472;0.9873791952320069
53.7332067;86.8465507;14.0;0.0;-0.0038237993270113;-0.9865402263689202;-0.0922810237585398;5.343860553300655;-0.910837406124506;0.9908541906008461
53.7332177;86.8462289;16.0;0.0;-0.0122361578464362;-0.9819516671765066;-0.0672988681553992;3.920379115954562;-0.8707292414389393;0.9843312135072023
53.7332326;86.8459366;17.0;0.0;-0.0260018354236769;-1.0003059039461608;-0.0892219842969307;5.095279639122817;-0.8446231775840815;1.0046136368758027
53.7332427;86.8455627;18.0;0.0;-0.0367084735393086;-1.0008157438564291;-0.0744366268991536;4.250748688911181;-0.8137687386401566;1.0042512019433223
53.733261;86.8452482;18.0;0.0;-0.0050983991026817;-1.0166207810747423;-0.0744366268991536;4.18765203881372;-0.9800734458182008;1.0193550007777237
53.7332822;86.8449366;18.0;0.0;-0.0091771183848271;-1.0166207810747423;-0.095849903130417;5.385869374774054;-1.232171485961378;1.0211705224618357
53.7332878;86.8445582;17.0;0.0;0.0183542367696543;-1.0003059039461608;-0.0907515040277353;5.183028931352411;-1.286516754841198;1.0045818109841718
53.7332884;86.8442772;16.0;0.0;-0.0550627103089629;-0.9911287855613338;-0.1009483022330988;5.806733751500209;-1.408237801617443;0.9977768945804458
53.7332944;86.8440528;15.0;0.0;-0.0316100744366268;-1.001835423676965;-0.11038034057306;6.28427933609614;-1.4116856247646443;1.0083933917499253
53.7332976;86.8437488;14.0;0.0;-0.0214132762312633;-0.9911287855613338;-0.1091057407973896;6.2805038731652365;-1.5437840383519348;0.9973459082195043
53.7333059;86.8434755;13.0;0.0;0.0010196798205363;-0.9992862241256244;-0.1142041399000713;6.519798386569158;-1.6102512353367444;1.0057915206664347
53.7333045;86.8431925;13.0;0.0;-0.037728153359845;-1.009483022330988;-0.1040073416947078;5.878370348733736;-1.7035635909694695;1.0155278987092622
53.7332971;86.8429803;14.0;0.0;-0.0152951973080452;-0.9941878250229428;-0.1060467013357805;6.087813156350225;-1.633926544212486;0.9999446371418479
53.7332833;86.8426849;15.0;0.0;-0.0397675130009177;-0.9737942286122158;-0.0907515040277353;5.319819791892924;-1.554466985603217;0.9788219910954364
53.7332796;86.8423996;18.0;0.0;-0.0520036708473539;-0.9819516671765066;-0.0825940654634444;4.801257132910132;-1.2542570070617385;0.9867903719139645
53.7332626;86.8420754;20.0;0.0;-0.0448659121035994;-1.0196798205363515;-0.0662791883348628;3.715409279509495;-1.0994150048173918;1.0228161209544275
53.7332695;86.8417495;21.0;0.0;-0.0469052717446721;-1.015091261343938;-0.0744366268991536;4.189537598441835;-0.8897304857100022;1.0188970432768918
53.7332698;86.8413658;21.0;0.0;-0.0193739165901906;-0.9972468644845518;-0.0703579076170082;4.034894328449092;-0.8324109944774906;0.9999134425201799
53.7333001;86.8408585;21.0;0.0;0.0056082390129499;-1.0003059039461608;-0.0815743856429081;4.6620491588437405;-0.7608100373408861;1.0036422341688247
53.7333631;86.8405375;20.0;0.0;-0.0183542367696542;-1.003619863362904;-0.0818293055980421;4.660476766828901;-0.6519096113838944;1.0071175419972727
53.733432;86.84012;19.0;0.0;-0.0050983991026817;-1.0217191801774244;-0.0856531049250535;4.7919746643320105;-0.5520018551909075;1.0253158202227939
53.7335176;86.8398472;19.0;0.0;0.0122361578464362;-0.9707351891506067;-0.0856531049250535;5.042052591494856;-0.3925827723525936;0.974583493292088
53.7336355;86.8395299;20.0;0.0;0.0050983991026817;-1.0186601407158151;-0.0836137452839808;4.692378852386263;-0.3865850422358547;1.0220986911042342
53.7337572;86.8392932;19.0;0.0;0.0193739165901906;-1.0105027021515245;-0.0713775874375446;4.039677941904495;-0.5322188067149971;1.0132057143976148
53.7339233;86.8389217;18.0;0.0;0.0183542367696543;-1.0074436626899157;-0.0938105434893443;5.319016315628145;-0.5685657255653143;1.0119683935633736
53.7340443;86.8386843;16.0;0.0;0.0173345569491179;-0.9850107066381156;-0.0836137452839808;4.851237718693373;-0.9899836118727022;0.9887051317034602
53.7341054;86.8384126;17.0;0.0;0.0040787192821454;-1.0196798205363515;-0.061180789232181;3.43360295945636;-0.9895772194595795;1.0215217380609682
53.734151;86.8380486;20.0;0.0;-0.0540430304884266;-1.0278372591006424;-0.0672988681553992;3.7410091458827854;-1.061663283356617;1.0314549035197282
53.7341595;86.8376731;23.0;0.0;-0.020393596410727;-0.979912307535434;-0.0550627103089629;3.2154569720383392;-1.1766416458724187;0.9816699706625193
53.7341728;86.8372256;26.0;0.0;-0.0622004690527174;-1.0074436626899157;-0.0601611094116447;3.410971022817638;-1.2403937804113094;1.0111532974431179
53.7342154;86.8368074;26.0;0.0;-0.0418068726419904;-0.971754868971143;-0.0774956663607627;4.555387510642979;-1.2682338531643742;0.9757360904844741
53.7342477;86.8363277;25.0;0.0;-0.0224329560517997;-1.0003059039461608;-0.0703579076170082;4.0223442887499;-1.2730667611408633;1.0030281023735135
53.7343333;86.8359013;25.0;0.0;-0.0387478331803813;-1.0135617416131335;-0.0571020699500356;3.2221738514383547;-1.1941415177035966;1.0159081873036568
53.7344812;86.8355372;26.0;0.0;0.0010196798205363;-0.9992862241256244;-0.0479249515652085;2.7457535207086456;-1.1190331446699906;1.0004353044833592
53.7346913;86.8352097;29.0;0.0;-0.1019679820536351;-1.0013255837666972;-0.0336494340776996;1.9147988017183408;-1.0664789323275186;1.0070663724321038
53.7349253;86.8348549;33.0;0.0;-0.0601611094116447;-1.009483022330988;-0.0173345569491179;0.9820281981301812;-1.0310896920052648;1.0114226704621407
53.7351987;86.8344883;33.0;0.0;-0.0081574385642908;-1.0166207810747423;0.0071377587437544;-0.4022577293263267;-0.8455723632579726;1.0166785646982204
53.7354786;86.8340258;29.0;0.0;-0.0101967982053635;-1.006423982869379;-0.0173345569491179;0.9867091948790596;-0.7562241791403903;1.006624902758186
53.7357068;86.8337164;28.0;60.0;0.0933007035790761;-0.9584990313041704;-0.020393596410727;1.213143149220904;-0.7038980827693337;0.963245198832544
53.7358601;86.8332809;25.0;60.0;0.0122361578464362;-1.0665850922810238;0.0275313551544814;-1.478528565029076;-0.6248626055487542;1.067010523917925
53.735905;86.8328906;20.0;0.0;0.0152951973080452;-0.979912307535434;-0.0652595085143265;3.809654986750992;-0.3369946398038143;0.9822020550638461
53.7358464;86.8324736;17.0;0.0;0.0163148771285816;-1.0003059039461608;-0.095849903130417;5.47268134265447;-0.4658803285755736;1.0050200399073528
53.735813;86.8321586;16.0;0.0;0.0040787192821454;-0.9972468644845518;-0.0815743856429081;4.676320826116578;-0.1836601506414558;1.000585990841502
53.7357565;86.8317949;20.0;0.0;-0.0214132762312633;-1.0003059039461608;-0.0815743856429081;4.661058975135806;-0.1273166340725339;1.0038549747157306
53.7356944;86.831272;28.0;0.0;-0.0132558376669725;-0.9992862241256244;-0.0469052717446721;2.687185132026534;-0.2429190142090232;1.0004742772690072
53.7356353;86.8307777;31.0;0.0;-0.0152951973080452;-1.0003059039461608;-0.0479249515652085;2.7426401837771595;-0.4151051668451358;1.00157009016482
53.735561;86.830089;34.0;0.0;-0.0428265524625267;-0.9778729478943612;-0.020393596410727;1.19358977157198;-0.6140904862743546;0.9790227344622785
53.735497;86.829385;34.0;0.0;-0.0316100744366268;-0.9268889568675436;-0.0326297542571632;2.015010074969789;-0.7183447151554321;0.9280016357915405
53.7354011;86.8284443;37.0;0.0;-0.0091771183848271;-1.026817579280106;-0.0311002345263587;1.7347740549061703;-1.1309255942841343;1.0273294433666837
53.7353008;86.8276272;37.0;0.0;-0.0652595085143265;-1.0217191801774244;-0.0173345569491179;0.9700145545970952;-1.3872606204969706;1.0239479349354546
53.7352333;86.8269965;37.0;0.0;-0.0198837565004588;-1.022229020087693;-0.0086672784745589;0.4856961160088669;-1.364396480114684;1.022459121431351
53.7351465;86.8261929;37.0;0.0;0.0081574385642908;-1.006423982869379;-0.0397675130009177;2.262715558784617;-1.2141977921828784;1.0072423899880667
53.7350874;86.8253914;37.0;0.0;0.0244723156928724;-1.006423982869379;-0.040787192821454;2.320062367006253;-0.8613409944610073;1.0075473798428987
53.73503;86.8247452;36.0;0.0;-0.0412970327317222;-1.0161109411644742;-0.0035688793718772;0.2010727439530248;-0.773942864228206;1.016956059309629
53.7349434;86.8239418;36.0;30.0;0.0367084735393086;-1.0196798205363515;0.0305903946160905;-1.7172462531026005;-0.51535018148473;1.0207988149882425
53.7348226;86.8233602;36.0;0.0;-0.0693382277964719;-1.0196798205363515;-0.0061180789232181;0.3429785190779674;-0.3890970935530677;1.022052913078727
53.7346755;86.8227523;37.0;0.0;-0.0662791883348628;-1.0043846232283062;-0.0112164780258998;0.6384362863577812;-0.1350244809431076;1.0066316166121052
53.7345688;86.8221336;37.0;0.0;-0.0152951973080452;-0.9911287855613338;-0.0142755174875089;0.8250925646255612;-0.1441980449499341;0.991349586689031
53.734489;86.8214906;36.0;0.0;0.0244723156928724;-1.0166207810747423;0.0356887937187723;-2.009978985692885;0.1051967298033073;1.017541348911921
53.7344342;86.820847;34.0;0.0;0.0254919955134087;-1.0166207810747423;0.0050983991026817;-0.2872482210348109;0.6062223858593934;1.0169531198741095
53.7343621;86.8202629;34.0;30.0;0.0504741511165494;-0.9911287855613338;-0.0010196798205363;0.0588699657523334;0.5870763111570642;0.9924136986389079
53.734202;86.8197188;31.0;0.0;0.0520036708473539;-1.0003059039461608;0.0132558376669725;-0.7582030505241181;0.3515919876466101;1.0017444786388388
53.7339276;86.8194188;30.0;0.0;0.0346691138982359;-0.9839910268175792;-0.0193739165901906;1.1272584127767278;0.0391478673775538;0.9847921795790452
53.7336303;86.8192495;25.0;0.0;-0.0061180789232181;-0.9992862241256244;0.0479249515652085;-2.7457035667377685;-0.2551306405693292;1.0004534919722585
53.7333655;86.8191895;20.0;60.0;-0.058121749770572;-0.9177118384827164;0.0815743856429081;-5.069503948692321;-0.4804486110831235;0.9231617066802209
53.7328034;86.8189858;33.0;60.0;-0.0152951973080452;-1.0288569389211788;0.040787192821454;-2.269949352591453;-0.6435768338029022;1.0297786844391394
53.7324506;86.8187866;35.0;0.0;0.0050983991026817;-0.9788926277148976;0.0101967982053635;-0.596801357233093;-0.9019243883589;0.9789590108690089
53.7321089;86.8185473;34.0;0.0;-0.040787192821454;-1.0247782196390334;0.0367084735393086;-2.0498873722381474;-1.2566488524785009;1.0262463186654496
53.7316931;86.8182083;34.0;0.0;0.0091771183848271;-1.0227388599979603;0.0142755174875089;-0.7996575686354804;-1.1908260498500105;1.0228796535523192
53.7312965;86.8179909;33.0;30.0;-0.0346691138982359;-0.9319873559702252;0.0061180789232181;-0.3758557357674468;-1.3778520155336302;0.932652030521872
53.7309703;86.8177415;31.0;30.0;0.0214132762312633;-1.017640460895279;-0.0040787192821454;0.2295903515855162;-1.68989884576437;1.0178738978876976
53.730676;86.8176008;31.0;30.0;-0.0591414295911083;-1.0380340573060058;-0.0081574385642908;0.4495232848414951;-2.0265065571107472;1.0397494682014405
53.7303858;86.8173874;32.0;30.0;-0.1774242887733251;-0.99214846538187;-0.0326297542571632;1.8542682336548535;-2.6173598459282674;1.008415914426782
53.7299221;86.8166165;31.0;30.0;-0.0882023044763943;-0.9590088712144388;0.0096869582950953;-0.5762934550420579;-3.0837487081403743;0.9631051337958643
53.7297313;86.8160161;33.0;30.0;-0.0402773529111858;-1.020699500356888;-0.0040787192821454;0.2287748998209179;-3.496438763860833;1.02150201719689
53.7295823;86.8154831;33.0;30.0;0.0101967982053635;-0.9809319873559702;0.0530233506678902;-3.0938912310685507;-3.7570593134526624;0.9824169248480118
53.7294385;86.8149041;31.0;30.0;-0.061180789232181;-1.0390537371265425;0.0254919955134087;-1.402975533226556;-3.929646939067481;1.0411655005055451
53.7292954;86.8144026;33.0;0.0;-0.0601611094116447;-1.0105027021515245;-0.0356887937187723;2.019151303584719;-4.142354056855212;1.0129209051738806
53.7291602;86.8138834;34.0;0.0;-0.0632201488732537;-1.0380340573060058;0.0020393596410727;-0.1123570497166169;-4.569376177233039;1.0399594464874438
53.7290414;86.8133294;35.0;0.0;-0.0050983991026817;-1.0451718160497605;0.0387478331803813;-2.1231386289058456;-4.904772583982838;1.0459022484507523
53.7288759;86.8127543;30.0;30.0;-0.0331395941674314;-1.0130519017028652;0.0601611094116447;-3.3967634587354905;-4.669286434226144;1.0153776377934534
53.7286928;86.8122128;27.0;30.0;-0.0948302233098807;-1.011522381972061;-0.0285510349750178;1.6097354916060609;-4.594873737963678;1.0163589238460882
53.7286284;86.81179;26.0;30.0;-0.1437748546956255;-0.9584990313041704;0.0244723156928724;-1.4463789583619286;-4.652397302126002;0.9695310702030919
53.7286794;86.8113546;24.0;30.0;-0.1723258896706434;-1.01458142143367;-0.0112164780258998;0.6244523009041129;-4.41654673356944;1.0291732032794336
53.7288579;86.8110979;23.0;30.0;-0.1539716529009891;-0.954420312022025;-0.020393596410727;1.2084627165632549;-3.81175137102046;0.9669753361238568
53.7290717;86.8110045;25.0;0.0;-0.0479249515652085;-0.974813908432752;-0.0540430304884266;3.169371279763635;-3.360776743059424;0.9774863713632218
53.7293418;86.8109162;29.0;0.0;-0.0662791883348628;-0.9778729478943612;-0.0356887937187723;2.0853787828427635;-3.31624242196628;0.980766089863958
53.7296406;86.8107798;31.0;0.0;-0.0285510349750178;-1.011522381972061;-0.0239624757826042;1.356515418388942;-2.921454385368382;1.0122089167134463
53.7299615;86.8106399;33.0;30.0;-0.0295707147955541;-0.9839910268175792;-0.0122361578464362;0.7121281957772146;-2.377442387805516;0.9845112958162933
53.7302917;86.8105605;31.0;0.0;-0.0316100744366268;-1.020699500356888;0.0091771183848271;-0.5148861519735061;-1.7587936514661735;1.0212300849155096
53.7306054;86.810439;29.0;30.0;-0.0254919955134087;-1.0339553380238604;0.0367084735393086;-2.0326984828660306;-1.4905703561876766;1.0349207674468983
53.7309692;86.8102908;26.0;0.0;0.0101967982053635;-1.0074436626899157;-0.0020393596410727;0.1159772605016002;-1.28737754338622;1.007497328619515
53.7312885;86.8100981;23.0;60.0;0.0683185479759355;-0.9931681452024064;0.0336494340776996;-1.9359191485914309;-1.035542536157675;0.9960836676986917
53.7314517;86.8098261;21.0;60.0;-0.0509839910268175;-1.012542061792597;0.0367084735393086;-2.0736542772772237;-0.4584854758611127;1.014489184895439
53.731626;86.8094628;23.0;60.0;-0.0285510349750178;-1.0084633425104517;-0.0571020699500356;3.239494619337322;0.0303181968211616;1.0104821231363157
53.7317774;86.8091534;19.0;60.0;0.1111451004384623;-1.0257978994595698;-0.0418068726419904;2.3202598007529747;0.3385083813567285;1.0326482355997346
53.7318467;86.8088387;17.0;0.0;0.0254919955134087;-1.0227388599979603;-0.1060467013357805;5.9179584503574505;0.4099976541845233;1.0285380500736876
53.731851;86.8085358;14.0;0.0;0.0040787192821454;-0.971754868971143;-0.0887121443866625;5.216065628591708;0.352619673753541;0.9758042866690975
53.7318342;86.8082886;14.0;0.0;0.0020393596410727;-0.9850107066381156;-0.0978892627714897;5.675343800828096;0.0359649510241428;0.9898649195447888
53.7318247;86.8079975;14.0;0.0;-0.003059039461609;-0.994697664933211;-0.0851432650147853;4.892405774664502;-0.0012849646315952;0.9983397106813833
53.7318042;86.8076954;17.0;0.0;-0.0601611094116447;-0.9967370245742836;-0.0764759865402263;4.379560221994659;0.0214053713010443;1.0014752277316383
53.7317837;86.8073165;22.0;0.0;-0.07545630671969;-0.9788926277148976;-0.0101967982053635;0.5950443676915582;0.0539409467670238;0.9818494821060884
53.7317717;86.8069205;24.0;0.0;-0.0520036708473539;-1.00336494340777;-0.0056082390129499;0.3198182026392817;0.1844674419628594;1.004727347983573
53.7317542;86.8065446;23.0;0.0;-0.0020393596410727;-1.009483022330988;0.0672988681553992;-3.8140670742544014;0.2808061738075226;1.0117258863038197
53.7317597;86.8061917;24.0;30.0;0.0275313551544814;-0.9758335882532884;0.0479249515652085;-2.810523681631836;-0.016541710750157;0.9773975488318242
53.7317501;86.8057469;23.0;0.0;0.0244723156928724;-0.9992862241256244;0.0275313551544814;-1.5776851682774926;-0.7137555615013575;0.9999649131240863
53.7317452;86.805358;22.0;0.0;-0.0061180789232181;-0.9885795860099929;0.0254919955134087;-1.4771013055251612;-0.938421982328294;0.9889271310873492
53.7317276;86.8049564;21.0;0.0;0.0101967982053635;-1.0043846232283062;0.0540430304884266;-3.0797916396326843;-1.5779348634150463;1.0058892062327145
53.7317186;86.804589;20.0;30.0;0.0071377587437544;-1.0105027021515245;0.0469052717446721;-2.6575679058235635;-1.821417363164656;1.0116159168245913
53.7316731;86.8042363;20.0;30.0;0.0010196798205363;-1.0257978994595698;0.0642398286937901;-3.583424109822604;-1.4736913873630129;1.0278079226554004
53.7316489;86.8039049;19.0;30.0;-0.0265116753339451;-1.0003059039461608;0.0632201488732537;-3.615064063052285;-1.5323794670526774;1.002652261565352
53.7316379;86.8034843;21.0;30.0;0.0101967982053635;-1.0166207810747423;0.0642398286937901;-3.615506944987359;-1.5939160214011685;1.018699436927923
53.731592;86.8031568;22.0;0.0;0.0050983991026817;-0.9906189456510656;0.0316100744366268;-1.8276306692091333;-1.468656147621263;0.9911362600380071
53.7314921;86.8027753;25.0;0.0;-0.0591414295911083;-1.0135617416131335;0.0499643112062812;-2.817370916310703;-1.3538909214112655;1.0165144097110708
53.7312749;86.8019949;25.0;30.0;-0.0550627103089629;-0.9850107066381156;0.0846334251045171;-4.903250558440426;-1.5175514557747052;0.9901721117579563
53.7311661;86.8015789;26.0;30.0;-0.1254206179259712;-0.9850107066381156;0.0438462322830631;-2.5283641169101068;-1.7210623551946065;0.9939310417116837
53.7310886;86.801143;28.0;30.0;-0.1809931681452024;-1.020699500356888;-0.0316100744366268;1.746598199209232;-2.0697402993581924;1.0371042347565298
53.7311764;86.8006932;27.0;0.0;-0.0948302233098807;-0.994697664933211;-0.0479249515652085;2.74597013839592;-2.183374025895655;1.0003564449030715
53.7313108;86.8003156;25.0;30.0;0.0713775874375446;-1.009483022330988;0.0469052717446721;-2.653698938844627;-1.9076278385440717;1.0130897476928449
53.7314503;86.7999943;25.0;30.0;0.0275313551544814;-1.006423982869379;0.037728153359845;-2.146058737566068;-1.3208906378229035;1.0075071326632137
53.7315423;86.7994719;23.0;30.0;0.0734169470786173;-1.0166207810747423;0.0509839910268175;-2.8635589830114028;-1.12208701996945;1.0205426144813288
53.7315078;86.7990534;26.0;0.0;-0.0244723156928724;-1.0079535026001831;0.0137656775772407;-0.7822125475660252;-1.0151076663859773;1.0083445103329067
53.7314452;86.7984276;32.0;0.0;-0.0662791883348628;-1.0543489344345875;0.020393596410727;-1.1059149723971884;-1.0802284384908756;1.0566269469989122
53.7314136;86.7978584;35.0;0.0;0.0091771183848271;-0.9880697460997246;-0.0387478331803813;2.2456458062031226;-1.2286486533746128;0.9888718002024317
53.7314152;86.7971944;38.0;0.0;0.0142755174875089;-1.0013255837666972;-0.0418068726419904;2.3905551065492574;-1.2795413260925617;1.002299620724939
53.7314161;86.7965041;38.0;0.0;-0.0336494340776996;-1.0084633425104517;0.0091771183848271;-0.5210930098193608;-1.2598484421076086;1.0090663095668941
53.7314119;86.7958343;36.0;0.0;-0.0326297542571632;-1.0319159783827878;0.0183542367696543;-1.0184785122283309;-1.078514976867612;1.032594869884596
53.7313678;86.7952014;35.0;0.0;-0.0040787192821454;-1.0196798205363515;-0.0091771183848271;0.5156439685074214;-1.0762628990948384;1.0197292738084347
53.731293;86.7946402;34.0;0.0;-0.0244723156928724;-1.0298766187417152;0.0265116753339451;-1.4741992223372085;-0.9285143950029364;1.0305084245144491
53.7311765;86.7941141;29.0;0.0;0.0397675130009177;-1.0166207810747423;0.003059039461609;-0.172272280344998;-1.2111476457759345;1.0174028825031531
53.7309337;86.7936665;26.0;0.0;0.0305903946160905;-1.021719180177424;-0.0591414295911083;3.311344974458742;-1.5902125651660046;1.0238864996078791
53.7306677;86.7932981;27.0;0.0;-0.0489446313857448;-0.9952075048434792;-0.023452635872336;1.348329044895444;-1.7345174763703133;0.9966863000802361
53.7304082;86.7929362;28.0;30.0;-0.1723258896706434;-1.0217191801774244;-0.0489446313857448;2.7044718329113624;-1.5484051191620494;1.0373051008910992
53.7301965;86.7925965;28.0;30.0;-0.1060467013357805;-0.9870500662791885;-0.0723972672580809;4.171049223273352;-1.4030543444829218;0.9953668170641357
53.7300421;86.7922117;25.0;0.0;-0.0744366268991536;-0.9982665443050882;-0.0723972672580809;4.136554946465981;-1.2568648174922892;1.0036524643567535
53.7299343;86.7918479;20.0;0.0;-0.0142755174875089;-0.974813908432752;-0.0734169470786173;4.30657216091952;-1.1473816544806337;0.9776788811219247
53.7298244;86.7915332;17.0;0.0;0.0331395941674313;-0.9941878250229428;-0.0963597430406851;5.532937356075784;-1.157163380072861;0.9993962498450244
53.7297238;86.7912534;15.0;0.0;-0.0010196798205363;-1.0105027021515245;-0.0693382277964719;3.9253415433937096;-0.8312195549115753;1.0128793317253661
53.7296142;86.7909646;17.0;0.0;0.0387478331803813;-0.9839910268175792;-0.1091057407973896;6.322297929443779;-0.7539634241905147;0.9907793892227652
53.7295039;86.7907263;18.0;0.0;0.0183542367696543;-1.00336494340777;-0.0632201488732537;3.60473241044258;-0.7741139051239417;1.0055221901532707
53.7293851;86.7904539;21.0;0.0;0.0295707147955541;-0.9870500662791885;-0.0550627103089629;3.19151383804786;-0.7159119950211492;0.9890268765720369
53.7292261;86.7902437;24.0;0.0;-0.0122361578464362;-0.9962271846640156;-0.0540430304884266;3.104886811403756;-0.7198855284364531;0.9977669949275765
53.7290009;86.7899417;27.0;0.0;0.0387478331803813;-1.0084633425104517;-0.0193739165901906;1.0997811251846572;-0.8246725695811785;1.0093934101268796
53.728742;86.7897084;29.0;0.0;-0.020393596410727;-0.9972468644845518;-0.0499643112062812;2.8676504912640777;-0.5234314273785964;0.9987059827061975
53.7284391;86.7895079;33.0;0.0;-0.0723972672580809;-1.017640460895279;-0.0163148771285816;0.9161757611833068;-0.1476485203515251;1.0203429066609493
53.7281264;86.789272;33.0;0.0;-0.0214132762312633;-0.9707351891506067;0.0152951973080452;-0.9024754332945536;-0.0244420156937332;0.9710917973677425
53.7278277;86.7890757;30.0;0.0;-0.0346691138982359;-0.986030386458652;0.0173345569491179;-1.0065425021632897;-0.4752790088717644;0.9867919524108969
53.7275109;86.7889893;30.0;0.0;0.040787192821454;-1.01458142143367;0.0499643112062812;-2.817051781960686;-0.7866747313057778;1.0166294743961237
53.7267719;86.7889159;31.0;0.0;-0.0193739165901906;-0.9829713469970428;0.0520036708473539;-3.0277980359666303;-0.9705875057656066;0.9845366420011112
53.7264309;86.7889333;34.0;30.0;-0.0356887937187723;-1.0217191801774244;0.095849903130417;-5.356120194166109;-1.0374773962508512;1.0268256799815827
53.7260917;86.7888757;33.0;30.0;-0.0876924645661262;-1.0003059039461608;0.0530233506678902;-3.022674273139436;-1.059768169700606;1.0055413196518963
53.7257543;86.7887943;29.0;30.0;-0.003059039461609;-0.9228102375853982;0.040787192821454;-2.5307491309614023;-1.1973610096945813;0.9237162374956397
53.7254578;86.7888306;27.0;30.0;-0.0122361578464362;-0.9931681452024064;-0.0040787192821454;0.2352817638514725;-1.137106476637464;0.9932518936073637
53.7251114;86.7889706;27.0;30.0;-0.0438462322830631;-1.026817579280106;-0.0152951973080452;0.8526224811238649;-0.9326264967854616;1.027867100487592
53.7247838;86.789283;29.0;30.0;0.0050983991026817;-0.9574793514836342;-0.0591414295911083;3.534495940490064;-0.8141156257028601;0.9593176798563712
53.7244973;86.7897389;29.0;0.0;0.0326297542571632;-0.9850107066381156;-0.0795350260018354;4.613832225610443;-0.9410399032074196;0.9887550826244664
53.7242706;86.7901266;32.0;0.0;-0.0101967982053635;-0.9941878250229428;-0.0183542367696543;1.0575924771793497;-1.0005908766624736;0.994409515302869
53.7237917;86.7910813;31.0;60.0;-0.0224329560517997;-1.0329356582033242;-0.0101967982053635;0.5654532337346498;-1.0907059454193977;1.0332295418728588
53.7235839;86.7915135;31.0;60.0;-0.0173345569491179;-0.974813908432752;-0.0173345569491179;1.0185896317941796;-1.4475182024144535;0.9751221102011698
53.7233966;86.7919662;28.0;60.0;0.0173345569491179;-1.009483022330988;0.0489446313857448;-2.7753949314212343;-1.5966701502404992;1.010817508841539
53.7232618;86.7923434;23.0;60.0;-0.0040787192821454;-0.9758335882532884;0.0142755174875089;-0.8381156672472796;-1.5490276693565452;0.9759465243105316
53.7231863;86.7926775;20.0;60.0;-0.0479249515652085;-1.0186601407158151;0.0152951973080452;-0.8592820372966888;-1.0599598392582243;1.0199015767839483
53.7230948;86.7929444;24.0;60.0;-0.0530233506678902;-1.0161109411644742;0.043846232283063;-2.467485929881067;-0.9679592529375084;1.0184377313098842
53.7229129;86.7933257;24.0;60.0;-0.0214132762312633;-1.015601101254206;0.0132558376669725;-0.7476278753627408;-0.8255227417193215;1.0159133046180495
53.7227173;86.7937701;29.0;60.0;-0.0101967982053635;-0.9330070357907616;0.0091771183848271;-0.5635132203584041;-0.8169999159250724;0.9331078839183353
53.7224816;86.7942768;28.0;60.0;-0.0224329560517997;-1.0003059039461608;0.046395431834404;-2.6548798086651337;-0.6409717943142029;1.0016325050046393
53.7222818;86.7946658;26.0;60.0;-0.0815743856429081;-0.9350463954318344;0.0193739165901906;-1.1824935525558251;-0.3003310188229084;0.9387978965928333
53.7221116;86.7948796;16.0;60.0;-0.0520036708473539;-0.99214846538187;0.113184460079535;-6.499330818838187;-0.0400753365056808;0.9999368385776651
53.7219621;86.7949349;14.0;60.0;-0.0112164780258998;-1.0298766187417152;0.092790863668808;-5.148088104143508;0.1168430941239023;1.0341091835926113
53.7218256;86.7949776;13.0;60.0;0.046395431834404;-1.0084633425104517;0.1101254206179259;-6.225541539404331;0.452025093658485;1.0155188120112442
53.7216932;86.7949732;12.0;60.0;0.0295707147955541;-1.026817579280106;0.0876924645661262;-4.879327193095418;0.6493171879149806;1.0309795034984246
53.7215607;86.7949943;15.0;60.0;0.07545630671969;-0.971754868971143;0.0224329560517997;-1.3184704418240478;0.7650222609688136;0.974938160659496
53.7213713;86.7950097;18.0;60.0;0.0825940654634444;-0.968695829509534;0.078515346181299;-4.617164304833364;0.9111497287671833;0.975375850298188
53.7211718;86.7949382;18.0;60.0;0.029060874885286;-1.0370143774854697;0.0336494340776996;-1.857774178596504;1.1775839118203797;1.0379670697928831
53.7209906;86.794885;18.0;60.0;-0.0316100744366268;-1.1603956357703682;0.1294993372081166;-6.365478194284258;1.0811000188723174;1.1680271001385831
53.7208226;86.794845;17.0;60.0;0.0520036708473539;-1.0054043030488429;0.0438462322830631;-2.4937885740885486;1.180192362812666;1.007702677606917
53.7206326;86.7947574;17.0;60.0;0.0305903946160905;-0.971754868971143;0.0530233506678902;-3.1216770493747803;0.8821353321271141;0.9736810429128943
53.7204566;86.7947606;18.0;60.0;0.0081574385642908;-0.9289283165086164;0.037728153359845;-2.3256835770762105;0.7202213848439731;0.9297299471198109
53.7201717;86.7946549;19.0;60.0;0.0316100744366269;-0.9646171102273886;0.0672988681553992;-3.988778927109734;0.6756593585527628;0.9674784254981219
53.7200099;86.7945955;20.0;60.0;-0.0316100744366268;-1.0574079738961966;0.0632201488732537;-3.4199943233559598;0.5121607368042336;1.059767713835775
53.7197971;86.7945363;19.0;60.0;-0.061180789232181;-0.9870500662791885;0.0244723156928724;-1.4175461987742333;-0.0868221475438214;0.9892470957997271
53.7196036;86.7944452;18.0;60.0;0.0010196798205363;-1.107372285102478;0.0560823901294993;-2.8992416938135275;-0.5061092672651242;1.1087919787059508
53.7194003;86.7942931;15.0;60.0;-0.0224329560517997;-0.9911287855613338;-0.0540430304884266;3.120264337318228;-0.9879546598760016;0.9928545493826774
53.7192156;86.7941852;15.0;60.0;-0.0254919955134087;-1.009483022330988;0.0010196798205363;-0.0578560609133295;-1.7011826565063184;1.0098053544900116
53.719053;86.794125;17.0;60.0;-0.0239624757826042;-1.027327419190374;-0.014785357397777;0.8243231655982598;-2.3277816286719064;1.0277132057433953
53.7188327;86.7941095;18.0;60.0;-0.0418068726419904;-0.9115937595594984;-0.0152951973080452;0.9602392899412652;-2.562715890982984;0.9126800864095898
53.7186732;86.7940012;16.0;60.0;-0.0672988681553992;-1.0339553380238604;-0.0469052717446721;2.591958810492066;-2.592847570547109;1.0372043594203
53.7185268;86.793906;17.0;60.0;0.0265116753339451;-0.9574793514836342;-0.0081574385642908;0.4879441420763962;-2.316792101700168;0.9578810579870881
53.7183433;86.7937993;21.0;60.0;-0.0836137452839808;-0.9075150402773527;0.0020393596410727;-0.1282113139453276;-1.928702120659639;0.9113610512402673
53.7181252;86.7937092;18.0;60.0;-0.003059039461609;-0.9350463954318344;0.0285510349750178;-1.7489366909936737;-1.7244345623221513;0.9354871890788451
53.7179665;86.7935505;11.0;0.0;-0.0285510349750178;-0.9901091057407974;0.0214132762312633;-1.238438846748676;-1.5780280175114725;0.9907521038422995
53.7179117;86.7934445;7.0;0.0;-0.07545630671969;-1.0054043030488429;-0.0622004690527174;3.530252857852358;-1.4886929357523877;1.010148684681262
53.717899;86.7933294;10.0;0.0;-0.078515346181299;-1.023758539818497;-0.0734169470786173;4.089869257001968;-1.5414599610564887;1.0293863490233464
53.7178702;86.7931214;16.0;60.0;-0.040787192821454;-1.0482308555113695;0.0224329560517997;-1.2250603740180093;-1.851673611238655;1.0492639129702184
53.71789;86.7928596;16.0;60.0;-0.1009483022330988;-0.9635974304068522;-0.0101967982053635;0.602982307971861;-2.47373992819696;0.9689244254863607
53.7179921;86.7927313;13.0;60.0;-0.0800448659121036;-0.986030386458652;-0.0520036708473539;3.009126663111131;-2.8986251010094723;0.9906399372932051
53.7181351;86.7927719;12.0;60.0;0.0591414295911083;-0.971754868971143;-0.1101254206179259;6.4536962177083845;-3.3203876055742945;0.9797616252586537
53.7182645;86.7928245;12.0;60.0;0.0601611094116447;-0.948302233098807;-0.1223615784643621;7.337789080306058;-3.621910419676533;0.9580547167412278
53.7184065;86.7928129;11.0;0.0;0.0356887937187723;-0.951361272560416;-0.1213418986438258;7.263522222369274;-4.130673435098375;0.9597321591419993
53.7185228;86.7927756;7.0;0.0;0.0346691138982359;-1.0140715815234016;-0.0672988681553992;3.794656664578871;-4.618658029875847;1.0168934347151914
53.7185519;86.7926767;8.0;0.0;-0.0978892627714897;-1.0043846232283062;-0.0836137452839808;4.736488183121541;-5.066996511518729;1.012601618379028
53.7185178;86.7925402;3.0;30.0;-0.2345263587233608;-0.9931681452024064;0.0152951973080452;-0.8586959590183608;-5.456821187536878;1.0205976291573085
53.7185123;86.7925091;0.0;30.0;-0.1386764555929438;-0.9880697460997246;-0.0326297542571632;1.8730881536489443;-5.769264365440126;0.9982873751361774
53.7185312;86.7925024;3.0;30.0;-0.15091261343938;-0.9676761496889976;-0.0168247170388497;0.9841912388452616;-5.985458352738327;0.9795176459234741
53.7185261;86.7925229;4.0;30.0;-0.1845620475170796;-0.9911287855613338;-0.0723972672580809;4.107407029666136;-6.086535456941325;1.010762476182421
53.718519;86.7925926;3.0;30.0;-0.1315386968491893;-1.0084633425104517;0.0418068726419904;-2.3539782382348715;-6.053627985558967;1.0178647044456541
53.7185201;86.7926705;7.0;30.0;-0.116243499541144;-0.9911287855613338;0.0520036708473539;-2.983096187336906;-5.867868246101098;0.9992763394254145
53.7185507;86.7927523;3.0;30.0;-0.058121749770572;-0.9962271846640156;0.0622004690527174;-3.566634179638477;-5.510388546077559;0.9998578096961396
53.7185553;86.7927313;2.0;30.0;-0.0438462322830631;-0.9952075048434792;0.1264402977465076;-7.233647522386101;-4.962321192998203;1.0041651351627527
53.7185528;86.7927544;4.0;30.0;-0.0448659121035994;-1.0043846232283062;0.0989089425920261;-5.618624563948331;-4.204798494372872;1.0102397737027715
53.7185926;86.792743;5.0;30.0;-0.06984806770674;-1.000305903946161;0.0647496686040583;-3.6946102946617954;-3.218952757711409;1.0048299227313282
53.7251785;86.8443849;7.0;30.0;0.0326297542571632;-0.9982665443050882;-0.0453757520138676;2.601174933123385;2.3826559898088915;0.9998298621328179
53.7251222;86.8442774;8.0;30.0;-0.0295707147955541;-1.0054043030488429;-0.0601611094116447;3.4228894870112434;-0.2132766567878756;1.0076366402867103
53.7250354;86.8441906;12.0;30.0;-0.0254919955134087;-0.9819516671765066;-0.0448659121035994;2.615176386122051;-2.340207951523131;0.9833065994769202
53.7249263;86.8440815;12.0;30.0;-0.029060874885286;-1.0308962985622514;-0.0479249515652085;2.660630213997248;-4.032655558428057;1.032418768630722
53.7248014;86.8439566;12.0;30.0;-0.0469052717446721;-0.974813908432752;-0.0418068726419904;2.452906454506139;-5.32513714153384;0.9768367699833391
53.7246827;86.8438891;12.0;30.0;-0.0897318242071989;-0.9778729478943612;-0.0254919955134087;1.487050481324341;-6.252170364871664;0.9823121420070177
53.7245685;86.8438261;13.0;30.0;-0.1264402977465075;-0.9809319873559702;-0.0326297542571632;1.8895650636968904;-6.848272892472713;0.9895854756286804
53.7244578;86.843741;12.0;30.0;-0.2273885999796064;-0.968695829509534;-0.0020393596410727;0.1174306103384156;-7.14796238836817;0.9950283134150482
53.7243628;86.8435436;11.0;30.0;-0.1101254206179259;-0.979912307535434;-0.0917711838482716;5.317006517185638;-7.185756516589222;0.990342207981972
53.7243282;86.8433554;12.0;30.0;-0.1733455694911797;-0.9890894259202612;-0.0560823901294993;3.1966367703615792;-6.996172941167051;1.0057294931601293
53.7243504;86.8431216;13.0;30.0;-0.1916998062608341;-0.9850107066381156;-0.0326297542571632;1.8623864691599925;-6.613729326132842;1.0040217172825716
53.7244701;86.8430109;13.0;0.0;-0.0489446313857448;-0.979912307535434;-0.0672988681553992;3.923940227505868;-6.072943335517782;0.9834392940369544
53.7246124;86.8430508;14.0;0.0;-0.0530233506678902;-0.974304068522484;-0.0744366268991536;4.362467965077816;-5.408332633353049;0.9785809650098651
53.7248206;86.8431566;18.0;0.0;-0.0438462322830631;-1.011522381972061;-0.0744366268991536;4.204801981052073;-4.654414883669962;1.015204823048027
53.7250526;86.8433118;21.0;0.0;-0.0275313551544814;-0.971754868971143;-0.061180789232181;3.601093263237344;-3.969680598233027;0.97406806223017
53.7252517;86.8434597;22.0;0.0;-0.0193739165901906;-0.9992862241256244;-0.0520036708473539;2.9784730388709586;-3.5142823656848634;1.0008260029360203
53.7254786;86.8435842;25.0;0.0;-0.023452635872336;-1.0186601407158151;-0.0530233506678902;2.9788858138398937;-2.920502929126278;1.0203087690148382
53.7257173;86.8437205;26.0;0.0;-0.0214132762312633;-1.0043846232283062;-0.0509839910268175;2.9052619363124785;-2.136501100567098;1.0059057446487945
53.7259613;86.8438877;25.0;0.0;-0.0540430304884266;-1.0084633425104517;-0.0672988681553992;3.812465640891329;-1.459607380194477;1.0121502358774233
53.7261877;86.8439861;22.0;0.0;-0.0326297542571632;-1.0023452635872336;-0.0723972672580809;4.1289987173801;-0.81848883545853;1.005485998214337
53.7264044;86.8441516;21.0;0.0;-0.0295707147955541;-0.979912307535434;-0.0662791883348628;3.867715978564647;-0.3694978756341405;0.982596299829827
53.7266145;86.8443105;21.0;0.0;-0.0122361578464362;-1.01458142143367;-0.0438462322830631;2.4743795404576847;-0.3701496990361497;1.0156021250286105
53.7268439;86.8444887;22.0;0.0;0.0254919955134087;-0.9850107066381156;-0.0713775874375446;4.14324129735196;-0.3207649137450283;0.9879224129532541
53.7270465;86.8446145;25.0;0.0;0.0091771183848271;-1.0013255837666972;-0.0683185479759355;3.902970145297012;-0.4593803342206027;1.0036954559053788
53.7272953;86.8447609;27.0;0.0;0.0244723156928724;-1.0298766187417152;-0.0295707147955541;1.6442105875513005;-0.958997298310972;1.0305916607656787
53.7275611;86.8449499;29.0;0.0;-0.0479249515652085;-1.0003059039461608;-0.0448659121035994;2.565181663863687;-1.075573137350438;1.0024578058556686
53.7278362;86.8451226;28.0;0.0;-0.0285510349750178;-1.012542061792597;-0.0458855919241358;2.593680744455685;-1.1651817128644733;1.0139832720728565
53.7281748;86.8453844;25.0;0.0;-0.0356887937187723;-0.971754868971143;-0.0632201488732537;3.719785984683587;-1.146187990397458;0.9744629303312573
53.72838;86.8455384;22.0;30.0;0.0081574385642908;-1.0105027021515245;-0.0642398286937901;3.637402673717335;-1.1408968706368057;1.0125754344492417
53.7285741;86.8456813;20.0;0.0;-0.0010196798205363;-0.99214846538187;-0.0622004690527174;3.587330459403306;-1.1170551678996612;0.9940968340443068
53.728785;86.845841;20.0;0.0;-0.040787192821454;-0.9839910268175792;-0.0591414295911083;3.436602434896455;-1.0732242889178176;0.9866101786672629
53.7290212;86.8459748;21.0;0.0;-0.0132558376669725;-1.0084633425104517;-0.0550627103089629;3.125011639740928;-0.898517063753085;1.0100524404634517
53.7292275;86.8460787;21.0;0.0;-0.0438462322830631;-1.00336494340777;-0.078515346181299;4.470144477363099;-0.8347441770592081;1.0073868975379157
53.7294159;86.8461903;19.0;0.0;-0.0397675130009177;-1.0013255837666972;-0.07545630671969;4.306077860521757;-0.8557167328299757;1.0049517570608906
53.7296194;86.8462914;18.0;0.0;-0.0520036708473539;-1.015601101254206;-0.095849903130417;5.384450716670616;-0.6796973179493346;1.0214387806327243
53.7297921;86.8464129;15.0;0.0;0.0122361578464362;-1.0054043030488429;-0.0938105434893443;5.330230214415015;-0.3006462729806387;1.0098455100745551
53.7298817;86.8465025;13.0;0.0;-0.0193739165901906;-1.0166207810747423;-0.1080860609768532;6.067735744155679;0.2405305565267315;1.0225339885473512
53.7299961;86.8466425;11.0;30.0;0.0305903946160905;-0.979912307535434;-0.1284796573875803;7.466041436645152;0.7847909872266772;0.9887724334065029
53.7300992;86.8467456;10.0;0.0;0.0387478331803813;-0.99214846538187;-0.1386764555929438;7.950920517360362;1.3356448160153565;1.002542333904956
53.7301982;86.8468702;10.0;0.0;0.0336494340776996;-1.0013255837666972;-0.1244009381054349;7.077971174236951;1.621497268281384;1.0095844702257353
53.7302854;86.846983;12.0;0.0;0.0122361578464362;-1.0054043030488429;-0.1142041399000713;6.47999021781344;1.843507448647184;1.011943734462686
53.7303792;86.8471792;14.0;0.0;0.0367084735393086;-0.9992862241256244;-0.1040073416947078;5.938066691741266;1.9355173785793465;1.0053546622377765
53.7304541;86.8473565;13.0;30.0;0.0550627103089629;-0.983481186907311;-0.119302539002753;6.905838891313596;2.098818230616068;0.9922198561204495
53.7305314;86.8476898;12.0;30.0;0.0672988681553992;-1.0135617416131335;-0.1172631793616804;6.585074668331828;2.200960130503489;1.022539581116964
53.7305705;86.8478825;12.0;30.0;0.0418068726419904;-0.99214846538187;-0.1019679820536351;5.862800343136591;2.188488894210109;0.9982504001120128
53.7306199;86.8481367;15.0;30.0;0.0479249515652085;-0.9850107066381156;-0.0571020699500356;3.313869883573854;2.263300397658426;0.9878276871837649
53.7306806;86.8484534;23.0;30.0;0.1070663811563169;-0.99214846538187;-0.0520036708473539;2.983136604753013;2.2140530420222007;0.9992628128350965
53.7308429;86.8488717;21.0;30.0;0.0622004690527174;-0.974813908432752;-0.0846334251045171;4.9519617339660815;2.093507162250837;0.9804559506011669
53.731062;86.849142;16.0;30.0;0.0183542367696543;-1.0003059039461608;-0.0876924645661262;5.009224369767388;1.921982380768352;1.0043100854908427
53.7312132;86.8492164;13.0;0.0;0.0040787192821454;-0.991638625471602;-0.1193025390027531;6.860139187343089;1.8808238310631624;0.9987977249126542
53.7313343;86.8492351;11.0;0.0;-0.0173345569491179;-0.986030386458652;-0.1356174161313347;7.830062304348139;1.5909301340329811;0.9954639588867898
53.7315324;86.8492796;10.0;0.0;-0.0112164780258998;-0.9931681452024064;-0.1325583766697257;7.601870483482181;1.4000633741265454;1.0020381715530635
53.7316513;86.8492449;10.0;0.0;-0.0163148771285816;-0.9931681452024064;-0.1254206179259712;7.196444433575037;1.2511981858598429;1.001189028736053
53.731795;86.8492094;12.0;0.0;-0.0010196798205363;-0.9941878250229428;-0.1060467013357805;6.088524975869601;1.0840691995630851;0.9998281722551061
53.7319341;86.8492205;15.0;0.0;0.0132558376669725;-0.986030386458652;-0.0856531049250535;4.964180758361146;0.8535784188231489;0.9898323568339005
53.7320913;86.8492241;16.0;0.0;0.0295707147955541;-0.9992862241256244;-0.0836137452839808;4.78091200147587;0.7176397094030796;1.00321415625039
53.7322623;86.8491903;17.0;0.0;0.0438462322830631;-0.9809319873559702;-0.0815743856429081;4.749063373505842;0.5079978980141601;0.9852940861979085
53.7324433;86.8491153;17.0;0.0;0.0356887937187723;-0.9962271846640156;-0.078515346181299;4.503442839846501;0.4305223050258261;0.9999534754410632
53.7326065;86.8490225;15.0;0.0;0.0254919955134087;-1.017640460895279;-0.0836137452839808;4.695651717755291;0.4180301591918491;1.0213878831701626
53.7327248;86.8488848;13.0;0.0;0.0163148771285816;-1.0135617416131335;-0.0978892627714897;5.515776899494811;0.3053369858198055;1.0184085069575544
53.7328253;86.8487549;11.0;0.0;0.0173345569491179;-1.0003059039461608;-0.1244009381054349;7.088018328744537;0.5085000708392371;1.0081606924174737
53.7329213;86.8486205;10.0;0.0;-0.0112164780258998;-1.0003059039461608;-0.1254206179259712;7.146135843410531;0.6437585875293438;1.0082003978623415
53.7330034;86.8484978;10.0;0.0;-0.0193739165901906;-0.9809319873559702;-0.1284796573875803;7.460521711127008;0.5539438755742809;0.9894998407400615
53.7330647;86.8483287;12.0;0.0;0.0050983991026817;-1.0054043030488429;-0.1284796573875803;7.282211467956666;0.4833991468869785;1.0135930290925297
53.7331159;86.8481495;12.0;0.0;0.0112164780258998;-0.986030386458652;-0.1060467013357805;6.138121508488258;0.2868690749660708;0.9917800337087375
53.7331555;86.8479075;14.0;0.0;0.0040787192821454;-1.0105027021515245;-0.1040073416947078;5.876503749027013;0.119903423182747;1.0158493363353225
53.733177;86.8476474;13.0;0.0;0.0020393596410727;-0.9952075048434792;-0.1172631793616804;6.72004083597799;-0.1786200665461449;1.002094202118014
53.7331885;86.8474029;13.0;0.0;-0.0081574385642908;-0.9952075048434792;-0.1019679820536351;5.849860056851284;-0.4138611013853345;1.0004508937798018
53.7331995;86.8471579;12.0;0.0;-0.0254919955134087;-0.9890894259202612;-0.1345977363107984;7.74680884788675;-0.5489458856048217;0.9985310635741477
53.7332031;86.8467263;12.0;0.0;0.0183542367696543;-0.9941878250229428;-0.1172631793616804;6.725748485467884;-0.759258811410748;1.0012477029513005
53.7332069;86.8464997;13.0;0.0;0.0010196798205363;-0.9992862241256244;-0.0805547058223717;4.60877314071438;-0.8595646974329081;1.0025283328187353
53.7332241;86.8462609;15.0;0.0;-0.0418068726419904;-1.0023452635872336;-0.0887121443866625;5.053389472087451;-0.8362299834801551;1.0071314147605288
53.7332349;86.8460157;16.0;0.0;-0.0040787192821454;-0.9870500662791885;-0.0825940654634444;4.7831943669043655;-0.7611147999773313;0.9905080761621848
53.7332392;86.8457384;18.0;0.0;-0.0275313551544814;-1.0013255837666972;-0.0693382277964719;3.959713512093796;-0.7206204758705057;1.0041009361893427
53.7332408;86.8454072;18.0;0.0;-0.0336494340776996;-1.0023452635872336;-0.0734169470786173;4.186808075728117;-0.6539229607619168;1.0055935361605377
53.7332567;86.8450647;18.0;0.0;-0.0010196798205363;-0.9941878250229428;-0.0836137452839808;4.807406099449201;-0.7227980686953158;0.9976982156800724
53.7332644;86.8447652;17.0;0.0;-0.0214132762312633;-0.9941878250229428;-0.0836137452839808;4.806299135297885;-0.8696811362736123;0.9979274614034932
53.7332694;86.844463;16.0;0.0;-0.0122361578464362;-1.009483022330988;-0.0815743856429081;4.619585599559667;-0.9241233190480416;1.0128475089204527
53.7332721;86.8442097;15.0;0.0;-0.0275313551544814;-1.008463342510452;-0.0876924645661262;4.967899037222809;-1.0443229452600875;1.012643203228895
53.7332999;86.8438791;14.0;0.0;-0.0010196798205363;-0.99214846538187;-0.1029876618741715;5.926227689640331;-1.0615250792040236;0.9974798622552963
53.7333058;86.843629;13.0;0.0;-0.0101967982053635;-0.9839910268175792;-0.1111451004384623;6.444093770767179;-0.8913681952958467;0.9903007365960255
53.7333027;86.8433955;13.0;0.0;-0.0316100744366268;-0.9880697460997246;-0.1019679820536351;5.8890277467626015;-0.8629242770998765;0.9938201493869773
53.7333057;86.8431681;13.0;0.0;0.0142755174875089;-1.015601101254206;-0.0978892627714897;5.504937400006918;-0.7784964009437048;1.020407612199281
53.7332992;86.8429056;14.0;0.0;0.0163148771285816;-0.9952075048434792;-0.095849903130417;5.50053863975971;-0.5579809355386295;0.9999456769458103
53.733294;86.8423628;18.0;0.0;-0.0122361578464362;-0.9870500662791885;-0.0683185479759355;3.959102325648087;-0.4217480941341571;0.9894872312961565
53.7333079;86.8420695;20.0;0.0;-0.0316100744366268;-0.9911287855613338;-0.058121749770572;3.3543924872531963;-0.4600940171700195;0.9933345882282396
53.7332995;86.8417027;21.0;0.0;-0.0285510349750178;-1.0329356582033242;-0.0642398286937901;3.557372480459525;-0.3895963326756043;1.0353250654633486
53.7333114;86.8413562;21.0;0.0;-0.0326297542571632;-1.00336494340777;-0.0764759865402263;4.3563349540494425;-0.4134781923516081;1.0068040956610482
53.7333766;86.8404486;19.0;0.0;-0.0183542367696543;-0.9839910268175792;-0.0734169470786173;4.266272655815259;-0.5603647005478487;0.9868967863881486
53.7334482;86.840213;19.0;0.0;-0.0040787192821454;-0.9901091057407974;-0.0723972672580809;4.182017695640775;-0.5380473504618571;0.992760817885286
53.7335356;86.8398908;19.0;0.0;-0.0040787192821454;-0.9737942286122158;-0.07545630671969;4.430780537893666;-0.5793100565784912;0.976721807810811
53.7336399;86.8395855;19.0;0.0;0.040787192821454;-1.001835423676965;-0.0734169470786173;4.1878256824177535;-0.52748363462791;1.005349620455791
53.7337514;86.8393642;19.0;0.0;0.023452635872336;-0.9901091057407974;-0.0897318242071989;5.177023359928441;-0.6362394528831339;0.9944434964721492
53.7339186;86.839045;19.0;0.0;-0.0295707147955541;-1.0074436626899157;-0.0479249515652085;2.7223850045517515;-0.5644535892473753;1.009016333688469
53.734067;86.8388862;16.0;0.0;0.0071377587437544;-0.9952075048434792;-0.0601611094116447;3.4592783224126915;-0.5773928196011627;0.9970497903225835
53.7341853;86.8387229;10.0;0.0;-0.0305903946160905;-1.0003059039461608;-0.0535331905781584;3.0619368792906725;-0.6139462419445296;1.0022043086146613
53.7342276;86.8385604;6.0;0.0;-0.0346691138982359;-1.006423982869379;-0.0081574385642908;0.4641180320933486;-0.5327131173128996;1.0070539829408764
53.734228;86.83850960000001;1.0;30.0;-0.023452635872336;-0.9906189456510656;-0.0367084735393086;2.121593117197224;-0.4280285634432424;0.9915762369287474
53.7342247;86.8384807;0.0;30.0;-0.0173345569491179;-1.001835423676965;-0.0316100744366268;1.8069359233428068;-0.481061274523224;1.002483865109317
53.73422485;86.83848085;0.0;30.0;-0.0198837565004588;-1.009228102375854;-0.0336494340776995;1.9092640609300449;-0.5443234353686421;1.0099846587010548
53.73422605;86.83845645;0.0;30.0;-0.0168247170388497;-1.0069338227796474;-0.0390027531355154;2.217886703391005;-0.7506740910755099;1.0078293552547581
53.7342257;86.8383537;12.0;0.0;0.0127459977567043;-0.9992862241256244;-0.0989089425920261;5.652244296362468;-1.1280009573781904;1.0042501665973147
53.7342217;86.8380937;18.0;0.0;-0.0040787192821454;-0.9992862241256244;-0.0866727847455898;4.9570849837632025;-1.033047845593486;1.003046242849145
53.7342197;86.8377589;21.0;0.0;-0.0020393596410727;-1.0298766187417152;-0.0387478331803813;2.154662279035097;-0.9688265034055958;1.030607298341511
53.7342333;86.8373373;24.0;0.0;-0.0254919955134087;-1.015601101254206;-0.0683185479759355;3.847228159168984;-1.0115592343363695;1.018215528609514
53.734254;86.8368972;25.0;0.0;0.0071377587437544;-1.0217191801774244;-0.078515346181299;4.394225824876913;-0.8291405915365058;1.024756405360943
53.7342745;86.8364569;24.0;0.0;-0.0244723156928724;-1.009483022330988;-0.0509839910268175;2.8904218182610704;-0.4528785087437406;1.011065890014543
53.7343247;86.8360719;24.0;0.0;-0.0076475986540226;-1.011522381972061;-0.0448659121035994;2.5396079632517026;-0.2839123447162013;1.0125457841818772
53.7344386;86.8357506;25.0;0.0;-0.0285510349750178;-0.9962271846640156;-0.0489446313857448;2.8115269453155034;0.0056745340609644;0.9978373324361149
53.7346023;86.8354535;27.0;0.0;-0.0244723156928724;-0.9768532680738248;-0.0499643112062812;2.9271090488841525;0.0675866404195281;0.9784363208590539
53.7348138;86.8351274;29.0;0.0;-0.0254919955134087;-1.01458142143367;-0.0295707147955541;1.6689282162579966;0.1011254240817846;1.015332324772112
53.7350459;86.8347707;34.0;0.0;0.0010196798205363;-1.0298766187417152;-0.0249821556031406;1.3895749262132264;0.0755775711433394;1.0301800802172327
53.735285;86.8343442;33.0;0.0;-0.0173345569491179;-1.011522381972061;0.0107066381156316;-0.6063456742889065;0.0894160867260564;1.0117275563089074
53.7355242;86.833969;30.0;0.0;0.0326297542571632;-1.01458142143367;0.003059039461609;-0.1726613008689612;0.1254881611526744;1.0151105946169985
53.7357389;86.8335693;28.0;90.0;0.1029876618741715;-1.0166207810747423;0.0142755174875089;-0.8004056481569742;0.062966388879605;1.0219237062574016
53.7358598;86.8331526;23.0;90.0;-0.0239624757826042;-1.0390537371265425;-0.0183542367696543;1.0117200435394016;0.0738525015065088;1.0394920619656807
53.7358776;86.832812;18.0;90.0;-0.0045885591924135;-1.0018354236769655;-0.0734169470786173;4.191238754020052;0.1554999943849321;1.0045323882920907
53.7358589;86.8324605;14.0;0.0;0.0367084735393086;-0.99775670439482;-0.0978892627714897;5.599555178023175;0.158229738891036;1.0032189496617099
53.735816;86.8322128;15.0;0.0;0.0336494340776995;-0.9906189456510656;-0.0864178647904558;4.98278698695393;0.2011499619083175;0.9949503642149792
53.7357769;86.8318921;18.0;0.0;-0.0275313551544814;-0.9992862241256244;-0.0662791883348628;3.7932371011201935;0.1723468497744399;1.0018602018496483
53.7357106;86.8313906;26.0;0.0;-0.0224329560517997;-1.012542061792597;-0.0622004690527174;3.5144027168614085;0.2659399682836678;1.0146987546887025
53.7356596;86.83093;29.0;0.0;-0.0336494340776996;-1.0105027021515245;-0.040787192821454;2.3101112331561846;0.2678643477536853;1.011885166690142
53.7356026;86.8303866;33.0;0.0;-0.0071377587437544;-1.0217191801774244;-0.0397675130009177;2.228895799280818;0.1542726083822935;1.022517719080012
53.7355365;86.8297573;36.0;0.0;-0.0132558376669725;-0.9962271846640156;-0.0438462322830631;2.519868891491996;0.0090565316899351;0.9972797063919752
53.7354764;86.8291084;36.0;0.0;0.0081574385642908;-1.0135617416131335;-0.0295707147955541;1.6710791194289485;-0.2509358616025939;1.0140258256273844
53.7354278;86.8284966;37.0;0.0;-0.0010196798205363;-1.0105027021515245;0.003059039461609;-0.1734477557623089;-0.4387701824405128;1.0105078468398434
53.7353831;86.8278631;36.0;30.0;-0.0173345569491179;-0.962577750586316;-0.0152951973080452;0.9101960600758606;-0.5233201540429404;0.9628553140784581
53.7353202;86.8272882;34.0;30.0;0.0101967982053635;-1.0298766187417152;-0.0040787192821454;0.2269016707670482;-0.4203518855068077;1.0299351729480315
53.7352235;86.8265259;34.0;30.0;0.023452635872336;-0.9850107066381156;-0.0193739165901906;1.1264711667914538;0.0838540786186844;0.9854803229720641
53.7351665;86.8259569;33.0;0.0;-0.0091771183848271;-1.0084633425104517;-0.0214132762312634;1.2163607641354974;0.0927932557997157;1.0087324031120237
53.7350939;86.8252187;33.0;0.0;0.0193739165901906;-0.9697155093300704;-0.0183542367696543;1.084116934888239;0.2710364213863493;0.9700826746657824
53.7350557;86.8246941;33.0;0.0;-0.0193739165901906;-1.0013255837666972;-0.0061180789232181;0.3500061840624642;0.5617046786089469;1.001531679099304
53.7349687;86.8240951;33.0;30.0;0.0356887937187723;-1.0074436626899157;0.0214132762312633;-1.2168788428651511;0.632779271814801;1.0083030059908233
53.7348588;86.82355;31.0;0.0;-0.037728153359845;-1.017640460895279;0.0122361578464362;-0.6884211034896676;0.444598656619724;1.0184131012344364
53.7346407;86.8225383;30.0;0.0;-0.0050983991026817;-0.9982665443050882;0.0020393596410727;-0.1170479112804983;0.4325395551499017;0.9982816467009591
53.7345656;86.8220536;30.0;0.0;0.003059039461609;-1.0227388599979603;-0.0061180789232181;0.3427408163817144;0.29437181805142;1.0227617339156103
53.7345084;86.82151;31.0;0.0;0.0081574385642908;-1.0043846232283062;0.0101967982053635;-0.581643875338022;0.2660833555320357;1.0044695066924818
53.7344384;86.8208256;30.0;30.0;0.0418068726419904;-0.9880697460997246;0.0173345569491179;-1.0041877045137118;0.2328552159380824;0.9891057196388565
53.7342097;86.8198545;30.0;30.0;0.0571020699500356;-1.0084633425104517;0.0275313551544814;-1.56130409173023;0.0665266460466151;1.010453826306068
53.7339658;86.8194826;31.0;30.0;0.0112164780258998;-1.00336494340777;0.0300805547058223;-1.7170872777372572;-0.0145828001197985;1.0038784083794177
53.7336765;86.8192957;27.0;30.0;0.0020393596410727;-0.9880697460997246;0.0856531049250535;-4.954420734503094;-0.281596602599188;0.991777412794132
53.7334437;86.8192421;19.0;30.0;-0.0418068726419904;-1.0186601407158151;0.1019679820536351;-5.711495334322543;-0.3755454874649161;1.0246041997997852
53.7332354;86.8191874;21.0;30.0;-0.0061180789232181;-0.9360660752523708;-0.0122361578464362;0.7489057887084734;-0.5939889756115858;0.936166038524647
53.7329949;86.8191261;29.0;0.0;-0.0576119098603038;-0.9768532680738248;0.0438462322830631;-2.5655542178471302;-0.7384521647317372;0.9795325066528848
53.7326784;86.8189632;35.0;0.0;-0.0672988681553992;-0.9574793514836342;0.0438462322830631;-2.615492893903673;-0.890906683568014;0.9608425148055943
53.7323374;86.8187246;34.0;30.0;-0.0020393596410727;-1.017640460895279;0.0356887937187723;-2.0085438174752905;-1.2316041599071377;1.0182681162817593
53.7320289;86.8185185;33.0;30.0;0.0275313551544814;-1.0247782196390334;0.0040787192821454;-0.2279594485989542;-1.4926556490336915;1.0251560909998885
53.7317122;86.818253;33.0;30.0;-0.0280411950647496;-0.9574793514836342;-0.0173345569491179;1.0367460581098862;-1.6876455533619097;0.9580467128500584
53.731369;86.8180634;34.0;30.0;-0.0173345569491179;-1.0054043030488429;0.0071377587437544;-0.4066978932895811;-1.765095351393405;1.005579060568405
53.7309663;86.8177887;33.0;30.0;-0.0418068726419904;-1.0278372591006424;0.0081574385642908;-0.4543431947881139;-1.7795218622564613;1.028719490239956
53.730637;86.8175362;33.0;30.0;-0.0657693484245946;-1.0043846232283062;0.0458855919241357;-2.6101725082178984;-1.6989207837155051;1.0075810469217306
53.7302837;86.8172341;31.0;30.0;-0.0132558376669725;-0.9850107066381156;0.003059039461609;-0.1779205210207696;-1.7625143193927006;0.9851046478148404
53.7299584;86.8168064;31.0;30.0;-0.0509839910268175;-0.92790863668808;-0.0193739165901906;1.1943108102711184;-1.8143235946456773;0.9295101688660525
53.7297411;86.8162563;31.0;30.0;-0.0254919955134087;-0.9870500662791885;-0.0265116753339451;1.5380536938968163;-2.0182169872248044;0.9877350576475548
53.7295843;86.8157411;34.0;30.0;-0.0652595085143265;-1.047211175690833;0.0275313551544814;-1.5030542723397549;-2.109937269636541;1.049603746877816
53.7294582;86.815231;31.0;0.0;-0.0071377587437544;-0.9656367900479248;0.0081574385642908;-0.4839945218539977;-2.4146503676495787;0.9656976243617224
53.7293331;86.8146963;33.0;30.0;-0.061180789232181;-0.9574793514836342;-0.0163148771285816;0.9742050512747616;-2.566334249648151;0.9595707231383802
53.729187;86.8141662;34.0;30.0;-0.0387478331803813;-1.0298766187417152;0.0040787192821454;-0.2267523609823281;-2.773210859421257;1.030613351532972
53.7290617;86.8136057;35.0;30.0;-0.0152951973080452;-0.9941878250229428;0.0560823901294993;-3.2282666569947875;-3.339918418138037;0.9958858413328201
53.728924;86.8130328;35.0;30.0;0.0326297542571632;-0.9656367900479248;0.0122361578464362;-0.725575951171651;-3.134658441492654;0.9662654059396858
53.7287605;86.8125621;30.0;30.0;-0.0520036708473539;-1.047211175690833;0.0418068726419904;-2.283343314759146;-3.2530744557026328;1.0493347620628417
53.7286628;86.8120548;27.0;0.0;-0.0723972672580809;-1.020699500356888;0.0265116753339451;-1.4841405805002654;-3.313474997308651;1.023607201647317
53.7286613;86.8116181;23.0;0.0;-0.0999286224125624;-1.0074436626899157;0.0132558376669725;-0.7501674486768487;-3.097377959009905;1.012474286243161
53.7287727;86.8112431;21.0;0.0;-0.147853573977771;-0.9850107066381156;-0.0142755174875089;0.821117961333072;-2.7764436632686844;0.9961478614790358
53.7289618;86.811125;23.0;0.0;-0.0805547058223717;-0.9890894259202612;-0.0397675130009177;2.294814613870673;-2.6733154921539346;0.9931608168809717
53.7292059;86.8110363;27.0;0.0;-0.0520036708473539;-1.0084633425104517;-0.0316100744366268;1.7929557607130544;-2.276099195623764;1.0102979222857194
53.7294823;86.8109287;31.0;0.0;-0.0224329560517997;-0.9880697460997246;-0.0540430304884266;3.129900461787819;-1.9263643659680765;0.9898008435130621
53.7298097;86.8107697;33.0;0.0;-0.0458855919241358;-0.9554399918425616;-0.058121749770572;3.4771546257997854;-1.627877708794122;0.9583053810527912
53.7301326;86.8106062;34.0;90.0;-0.0122361578464362;-0.9839910268175792;0.0091771183848271;-0.5343079830521036;-1.3668801097800398;0.9841098942283865
53.7304898;86.810477;33.0;90.0;-0.0081574385642908;-0.979912307535434;-0.0081574385642908;0.4769404451850885;-1.214640902307112;0.9799802130998766
53.7308203;86.8103211;31.0;90.0;-0.0346691138982359;-1.0370143774854697;0.037728153359845;-2.0824258656650225;-1.1504444399539402;1.0382794325835454
53.7311319;86.8101463;31.0;90.0;0.0825940654634444;-1.015601101254206;0.0509839910268175;-2.864440609340383;-0.8983476552477654;1.0202287703547468
53.7313883;86.8098907;30.0;90.0;-0.07545630671969;-0.968695829509534;-0.0285510349750178;1.6831333581852352;-0.6553882575212027;0.9720496005508591
53.7316014;86.8095406;26.0;90.0;0.0856531049250535;-1.0135617416131335;0.0101967982053634;-0.5743497915425847;-0.1063260431628987;1.0172255566681323
53.7317578;86.8090826;21.0;90.0;0.058121749770572;-0.9299479963291526;-0.0866727847455898;5.314374999877399;0.2058267314510077;0.9357850101858621
53.7317889;86.8087297;17.0;0.0;0.0173345569491179;-0.9788926277148976;-0.0938105434893443;5.473275311178854;0.3653430514649139;0.9835302138363445
53.731801;86.8084346;14.0;0.0;-0.0295707147955541;-1.0186601407158151;-0.0876924645661262;4.918177377374351;0.5386229382055742;1.022855257501454
53.7318059;86.8081835;14.0;0.0;0.0132558376669725;-0.9895992658305292;-0.0968695829509534;5.590241566416951;0.4857421440777733;0.9944174879122285
53.7318209;86.8079169;16.0;0.0;-0.0224329560517997;-0.9941878250229428;-0.0825940654634444;4.747848498549994;0.575217858554725;0.9978649450656392
53.7317668;86.8071972;26.0;0.0;-0.0550627103089629;-0.974813908432752;-0.0418068726419904;2.4518373846774013;0.8200243162520768;0.9772624380076266
53.7317574;86.806727;27.0;0.0;-0.020393596410727;-0.9962271846640156;0.0010196798205363;-0.0586323011792116;0.4848710220891979;0.9964364214464918
53.7317508;86.8062596;26.0;0.0;-0.0571020699500356;-1.023758539818497;0.0479249515652085;-2.6760628444245587;-0.1448898969264277;1.0264691886395847
53.73176;86.8053472;24.0;30.0;0.0367084735393086;-1.017640460895279;-0.0183542367696543;1.0326073305892172;-0.5195889634078127;1.0184677204939478
53.731732;86.804884;26.0;30.0;0.0224329560517997;-0.9697155093300704;0.0509839910268175;-3.00882179655301;-0.7356159968065524;0.9713139419845277
53.7317209;86.8043353;24.0;30.0;-0.0086672784745589;-0.9656367900479248;0.0897318242071989;-5.30875315326349;-1.014924721317838;0.9698357243810763
53.7317082;86.8039386;22.0;30.0;0.0244723156928724;-0.9936779851126746;0.092790863668808;-5.333271099712127;-0.872905494741426;0.9983010451328596
53.7316599;86.8035575;23.0;30.0;0.0010196798205363;-0.9901091057407974;0.0999286224125624;-5.7631657411612265;-1.474240917145962;0.9951395935219594
53.7315796;86.8031956;21.0;30.0;0.0040787192821454;-0.971754868971143;0.0662791883348628;-3.901819551967445;-1.4420826213544546;0.9740210942923332
53.7315165;86.8028253;21.0;30.0;0.0275313551544814;-0.9952075048434792;0.0672988681553992;-3.867144988149593;-1.3724864864170143;0.9978602561824094
53.7314202;86.8024986;22.0;30.0;-0.0254919955134087;-1.0431324564086877;0.0458855919241358;-2.5179676978313603;-1.316617480465362;1.0444523210729664
53.7313367;86.8021591;23.0;30.0;-0.0560823901294993;-1.0003059039461608;0.0825940654634444;-4.712769307126163;-1.3809858989133668;1.0052755421286061
53.7312488;86.8018152;25.0;30.0;-0.095849903130417;-0.9941878250229428;0.0560823901294993;-3.213777936350426;-1.1431553943359063;1.0003708661474489
53.731123;86.8013822;28.0;30.0;-0.1942490058121749;-1.0477210156011014;0.0091771183848271;-0.4934394170493396;-1.0677631041166555;1.0656154195079344
53.7312955;86.8003515;27.0;30.0;-0.0132558376669725;-0.9228102375853982;-0.0336494340776996;2.0880979055845974;-1.1718651548599404;0.9235186712992984
53.7314186;86.799937;27.0;30.0;0.0550627103089629;-0.9707351891506067;0.0387478331803813;-2.28213843436359;-1.2180189683243006;0.9730673687355916
53.7314886;86.7994182;32.0;30.0;0.0244723156928724;-1.017640460895279;0.0112164780258998;-0.6313085312136363;-1.2857982736367204;1.0179964691814176
53.7314814;86.7988734;34.0;0.0;-0.0173345569491179;-1.0003059039461608;0.0198837565004588;-1.1385860627522828;-1.0965597156264597;1.0006536624160915
53.7314548;86.798258;36.0;0.0;-0.0336494340776996;-1.012542061792597;-0.0183542367696543;1.0379076049024756;-1.007044393748267;1.0132672842445618
53.7314559;86.7976447;36.0;0.0;-0.0509839910268175;-1.0349750178443968;-0.0214132762312633;1.1838257302717532;-0.9091516327145026;1.0364512450192669
53.731461;86.7969842;36.0;0.0;0.0295707147955541;-1.0043846232283062;0.0061180789232181;-0.348854349296062;-0.9624399465977402;1.004838459375783
53.7314588;86.796342;35.0;0.0;0.0112164780258998;-1.0298766187417152;0.0183542367696543;-1.0209442801124418;-0.971225401213951;1.0301012266848195
53.7314577;86.7957265;33.0;30.0;0.0193739165901906;-1.0421127765881515;-0.0066279188334862;0.3643377743172482;-0.9610690381236032;1.0423139244394528
53.7313905;86.7949937;28.0;30.0;0.0081574385642908;-0.99214846538187;0.023452635872336;-1.3540730193576007;-0.7340880920303141;0.9924591413720215
53.7313297;86.7945233;23.0;0.0;0.0112164780258998;-1.0222290200876925;0.0020393596410727;-0.1142987624880053;-0.557377332015078;1.0222925891722463
53.7312204;86.7942092;21.0;0.0;-0.0387478331803813;-0.9941878250229428;-0.0336494340776996;1.937032272579055;-0.4168247706214112;0.9955114818091119
53.7310826;86.7939178;19.0;0.0;-0.0275313551544814;-1.0054043030488429;-0.0479249515652085;2.728050761726483;-0.4390459733198616;1.0069223351819638
53.7309436;86.7937276;21.0;0.0;-0.0173345569491179;-1.00336494340777;-0.0672988681553992;3.83669129260136;-0.9618060627138598;1.005768777691621
53.7307767;86.7934839;21.0;0.0;-0.0081574385642908;-1.011522381972061;-0.0183542367696543;1.0394932890244737;-0.9307726860514468;1.011721775510322
53.7304145;86.7930449;20.0;0.0;-0.0535331905781584;-1.0298766187417152;-0.0367084735393086;2.038611685755886;-0.629232894658944;1.0319201346780338
53.7302598;86.7927878;14.0;0.0;-0.0509839910268175;-0.9574793514836342;0.0040787192821454;-0.2437247264950579;-0.3935809942817492;0.958844466954639
53.730155;86.7925806;10.0;0.0;-0.0280411950647496;-1.0308962985622514;-0.0418068726419904;2.321437478395319;-0.2950715168736955;1.0321246541043934
53.7300526;86.7923246;11.0;0.0;-0.0627103089629855;-0.9962271846640154;-0.1356174161313347;7.736953232644621;-0.4545780561619365;1.007369480315918
53.7299997;86.7920669;11.0;30.0;0.0295707147955541;-0.9901091057407974;-0.1101254206179259;6.343862433231736;-0.4872717339301612;0.9966534386187792
53.7299498;86.7918634;12.0;30.0;0.0214132762312633;-1.0105027021515245;-0.1142041399000713;6.4466104193446565;-0.086344364133092;1.0171611598094001
53.7298869;86.7916725;13.0;30.0;0.0458855919241358;-0.9962271846640156;-0.1254206179259712;7.168015201009164;0.0138896130172159;1.0051390065114134
53.7298135;86.7914711;13.0;30.0;0.0356887937187723;-0.9962271846640156;-0.0994187825022942;5.6953507425294205;0.1427435106778385;1.0018115530252834
53.7297212;86.791174;14.0;30.0;0.023452635872336;-0.99775670439482;-0.095849903130417;5.485797699728843;0.3005206165886461;1.0026243918957303
53.7295234;86.7907458;17.0;30.0;0.0050983991026817;-0.9850107066381156;-0.078515346181299;4.557358229642938;0.5484593840321638;0.9881481394260171
53.729391;86.790511;20.0;0.0;-0.0020393596410727;-0.9941878250229428;-0.040787192821454;2.3492737104354715;0.2939272785859512;0.9950262235287317
53.7292438;86.7902614;19.0;0.0;0.0265116753339451;-1.0166207810747423;-0.0122361578464362;0.689350568152524;0.3235047356431256;1.017040021336857
53.7290832;86.7900496;21.0;0.0;-0.0081574385642908;-1.0161109411644742;0.0127459977567043;-0.7186518898033168;0.153927039243913;1.0162236215601848
53.7288807;86.7898471;23.0;0.0;-0.0163148771285816;-1.0074436626899153;-0.0081574385642908;0.4638624798223368;0.2085953912641957;1.007608779494166
53.728672;86.7896128;24.0;0.0;-0.0163148771285816;-1.012542061792597;-0.0040787192821454;0.2307675067943485;-0.1050336595383762;1.0126817061969209
53.7284432;86.7894096;26.0;0.0;-0.0152951973080452;-1.0186601407158151;0.0152951973080452;-0.8601354078955624;-0.3647753808485916;1.0188897724506556
53.728189;86.7892322;27.0;0.0;0.0509839910268175;-1.0043846232283062;0.0132558376669725;-0.7551718564963503;-0.6662455138508915;1.0057651594436656
53.7278374;86.7890598;27.0;0.0;-0.0101967982053635;-1.0023452635872336;0.0244723156928724;-1.3985294715204677;-0.9702409952723332;1.0026958144745461
53.7274799;86.7890095;27.0;0.0;-0.0882023044763944;-1.0186601407158151;0.0662791883348628;-3.708868007264343;-1.1210115627749024;1.0246175186890176
53.727047;86.7890118;28.0;30.0;-0.0193739165901906;-1.0003059039461608;0.0469052717446721;-2.6841830831254376;-1.197266502422191;1.0015924094316166
53.726746;86.7889924;29.0;30.0;-0.0163148771285816;-0.974813908432752;0.0499643112062812;-2.9337306032408863;-1.038600258348963;0.976229872357928
53.7264285;86.7890077;33.0;30.0;-0.0356887937187723;-1.0298766187417152;0.0652595085143265;-3.623606713308085;-0.9705039941267462;1.0325591233820466
53.7260891;86.7889499;34.0;30.0;-0.0703579076170082;-1.0329356582033242;0.0520036708473539;-2.875500065148489;-1.041943984420647;1.036634309162965
53.7257387;86.7889323;33.0;30.0;0.0367084735393086;-1.0135617416131335;0.0132558376669725;-0.7488075751329567;-1.1338706055776853;1.0143128872905478
53.725439;86.7889654;32.0;30.0;-0.0469052717446721;-0.99214846538187;-0.032119914346895;1.852184438004584;-0.8653542237325248;0.9937758151488156
53.7250493;86.7892157;30.0;30.0;0.0183542367696543;-0.962577750586316;-0.0683185479759355;4.059000627307203;-0.921504247698174;0.9651736775983629
53.7247176;86.7896008;29.0;0.0;-0.0428265524625267;-0.9768532680738248;-0.0744366268991536;4.353375691704515;-0.8882028112762798;0.9806208402672569
53.7244373;86.7900373;30.0;60.0;0.0183542367696543;-0.9758335882532884;-0.0550627103089629;3.2289961252488943;-0.8924319785779286;0.9775581681093222
53.7241964;86.7904364;31.0;60.0;-0.0112164780258998;-0.9911287855613338;-0.0142755174875089;0.8251379635822139;-0.9603447928148254;0.9912950465664226
53.7239718;86.7908518;31.0;60.0;0.0193739165901906;-1.0196798205363515;0.0356887937187723;-2.00417260665796;-1.0329696062356115;1.020488106275713
53.7237608;86.7912808;31.0;60.0;-0.0305903946160905;-1.0043846232283062;0.0040787192821454;-0.2325640979509256;-0.7096723874866221;1.004858636610751
53.7235527;86.7916871;27.0;60.0;0.0061180789232181;-0.9931681452024064;-0.0081574385642908;0.4705823746399743;-0.9591190230933916;0.9932204887830441
53.7234039;86.7920247;25.0;60.0;-0.0142755174875089;-0.979912307535434;0.0214132762312633;-1.2517089563815424;-1.3878644126056112;0.98025019727512
53.7232613;86.7923685;21.0;60.0;-0.061180789232181;-1.017640460895279;0.037728153359845;-2.119396534243802;-1.4087026147344763;1.0201757741576558
53.7231444;86.7926612;19.0;60.0;-0.037728153359845;-0.991638625471602;0.0489446313857448;-2.823633817084281;-1.3480001557110135;0.9935623553781808
53.7230278;86.7929286;20.0;60.0;0.0071377587437544;-0.9783827878046294;0.0499643112062812;-2.9233787133478217;-1.3925350632389255;0.9796837548242598
53.7229017;86.7932377;21.0;60.0;0.0142755174875089;-1.01458142143367;0.0152951973080452;-0.8636045758074521;-1.498597705447278;1.014797119713391
53.7227995;86.7935195;21.0;60.0;-0.1091057407973896;-0.9584990313041704;0.0448659121035994;-2.6628031889237467;-1.200351309345486;0.9657315391737333
53.7226532;86.7938084;25.0;60.0;0.0132558376669725;-0.948302233098807;0.0010196798205363;-0.061602323127553;-1.1390806183469309;0.9483954250624439
53.7224969;86.7942153;28.0;60.0;-0.0356887937187723;-0.99214846538187;0.0193739165901906;-1.1179631311316482;-0.7804221965659186;0.992979161916676
53.7223429;86.7945989;24.0;60.0;-0.037728153359845;-1.015601101254206;0.1009483022330988;-5.672530107937567;-0.6686642432911523;1.0213028787526475
53.7221389;86.7949069;16.0;60.0;-0.0183542367696543;-0.9401447945345162;0.0448659121035994;-2.731696209559258;-0.1439968721335427;0.941393681074306
53.721995;86.795019;18.0;60.0;-0.0142755174875089;-0.9523809523809524;0.0642398286937901;-3.85842729812294;0.2674773766870397;0.9546517817760536
53.7217943;86.7950999;20.0;60.0;-0.0622004690527174;-0.9370857550729071;0.0285510349750178;-1.7413128174820338;0.5608349637358729;0.9395817007099931
53.7215927;86.7951031;18.0;60.0;0.0805547058223717;-1.0390537371265425;0.1050270215152442;-5.7546726794330585;0.8825909015740377;1.0474504305766104
53.7214068;86.7950964;18.0;60.0;0.0825940654634444;-0.9890894259202612;0.0774956663607627;-4.464525906854832;1.3934446603620516;0.9955527361329234
53.7212156;86.7950588;17.0;60.0;0.037728153359845;-1.0329356582033242;0.1198123789130213;-6.611921525674001;1.746231797494301;1.0405452867053293
53.7210023;86.7949991;15.0;60.0;0.0265116753339451;-0.9656367900479248;0.0397675130009177;-2.3573739598035885;1.6651214368460676;0.9668188735814742
53.7208624;86.794936;17.0;60.0;0.0576119098603038;-1.0359946976649332;0.0397675130009177;-2.1948787113174952;1.5050923631068502;1.0383571643889622
53.7206862;86.7948878;17.0;60.0;0.0479249515652085;-1.0370143774854697;0.0448659121035994;-2.474690536232964;1.4466696759652524;1.0390902608354058
53.7205153;86.7948449;19.0;60.0;0.0367084735393086;-1.011522381972061;0.0448659121035994;-2.538011922041548;1.5767981783984073;1.0131821116309279
53.7203435;86.7947755;18.0;60.0;0.0418068726419904;-1.0339553380238604;0.0938105434893443;-5.180029731495417;1.1139996125137492;1.039043730406909
53.7201523;86.7947123;19.0;60.0;0.0214132762312633;-1.0808606097685327;0.0846334251045171;-4.476357504437888;1.0134619191824474;1.0843804695737942
53.7199603;86.7946483;18.0;60.0;0.0397675130009177;-1.0023452635872336;0.0989089425920261;-5.631159280577201;0.6958752984159305;1.0079982447656899
53.7197877;86.7945781;16.0;60.0;-0.0326297542571632;-1.0217191801774244;-0.0224329560517997;1.2571483550934524;0.3668138691062441;1.0224861962503615
53.7196303;86.7944719;15.0;60.0;-0.0418068726419904;-1.0400734169470789;0.058121749770572;-3.195920813915268;-0.1405847609966036;1.0425347308538304
53.7194776;86.7943704;15.0;60.0;0.0254919955134087;-1.0247782196390334;-0.023452635872336;1.3106125485934168;-0.944698363580388;1.0253634806307288
53.7193393;86.7942577;15.0;60.0;-0.0356887937187723;-0.91669215866218;-0.092790863668808;5.775650806072442;-1.6948669021488327;0.9220674314442691
53.7192002;86.7941186;15.0;60.0;-0.0861629448353217;-0.9615580707657796;0.0723972672580809;-4.28864924769947;-2.0999107410866173;0.9681215527111978
53.7190729;86.7940681;13.0;60.0;-0.095849903130417;-1.017640460895279;0.0183542367696543;-1.028726692630492;-2.251743118475673;1.0223092436189074
53.7189523;86.7940243;12.0;60.0;-0.037728153359845;-0.9758335882532884;0.0101967982053635;-0.5982332748433807;-2.6070185253785936;0.9766158816099978
53.7188314;86.7939546;14.0;60.0;-0.0163148771285816;-0.9819516671765066;-0.0265116753339451;1.5463375250582585;-3.0403265543214366;0.9824449708840969
53.7186786;86.7939042;15.0;60.0;-0.0101967982053635;-0.9911287855613338;-0.0152951973080452;0.8840771695356721;-3.5933431024261897;0.9912992420670044
53.7182537;86.7938889;20.0;60.0;-0.0744366268991536;-1.0767818904863873;-0.0387478331803813;2.0559882098992017;-3.812749490006588;1.0800469645713267
53.7180771;86.7937891;18.0;60.0;-0.0458855919241358;-0.9962271846640156;-0.0367084735393086;2.10801824601539;-3.837461198272397;0.9979587181038128
53.7179386;86.793625;18.0;60.0;-0.0652595085143265;-0.9890894259202612;-0.0520036708473539;3.003169524591016;-3.572148622783638;0.9926031823948597
53.7178808;86.7934136;14.0;60.0;-0.0734169470786172;-1.0247782196390334;0.0020393596410727;-0.1137298137939691;-3.532393958862314;1.027406738615548
53.7178738;86.7930738;15.0;60.0;-0.1029876618741715;-0.9472825532782706;-0.0397675130009177;2.3898353040444613;-2.9175727986364595;0.9536939495110507
53.7179559;86.7928743;15.0;60.0;-0.0652595085143265;-0.93912511471398;-0.020393596410727;1.2410207221083498;-2.358487275832533;0.9416106856406425
53.7181131;86.7927499;10.0;60.0;0.0224329560517997;-0.9850107066381156;-0.0836137452839808;4.850733495181317;-1.9319652208864828;0.9888076598152727
53.7182043;86.7927131;9.0;60.0;-0.0571020699500356;-0.9880697460997246;-0.1437748546956255;8.26545097063826;-0.9944405445125476;1.0001068334897534
53.7183702;86.7925206;12.0;60.0;-0.0244723156928724;-0.9850107066381156;-0.0968695829509534;5.614895989785191;-0.326843701443458;0.9900649991430781
53.7184735;86.7924447;11.0;60.0;-0.0744366268991536;-0.9982665443050882;-0.1233812582848985;7.026458192687967;0.3118763993065812;1.008612829483599
53.7185995;86.7924683;13.0;60.0;-0.040787192821454;-1.0059141429591107;-0.0489446313857448;2.7833527260734745;0.8977296629814087;1.0079297768420692
53.718694;86.792614;12.0;60.0;-0.003059039461609;-0.974813908432752;-0.0305903946160905;1.7973860276735585;1.4067259948248183;0.9752985625125946
53.7187031;86.7928023;8.0;60.0;0.1101254206179259;-0.92790863668808;0.1029876618741715;-6.289498865369139;1.814875300080608;0.9400789885987852
53.7186833;86.7928337;0.0;60.0;0.0774956663607627;-1.012542061792597;0.0010196798205363;-0.0575314024466063;2.098187483992578;1.015503837979374
53.7186743;86.7928503;1.0;60.0;0.0642398286937901;-1.0074436626899157;0.0346691138982359;-1.9669477257750545;2.2326724518045227;1.010084866010361
53.7186785;86.7928545;2.0;60.0;0.0244723156928724;-1.0278372591006424;0.0555725502192311;-3.093948801810614;2.1943401087602386;1.0296293671845038
53.7186781;86.7928797;3.0;60.0;0.1213418986438258;-0.93912511471398;-0.0010196798205363;0.0616975028955905;1.9592003601035288;0.9469323509100167
53.7186653;86.7928157;4.0;60.0;0.0224329560517997;-1.0217191801774244;0.0825940654634444;-4.620536253374669;1.5032631110781849;1.025297566713893
53.7186564;86.7927044;4.0;60.0;-0.0163148771285816;-1.0166207810747423;0.147853573977771;-8.273818985327475;0.8025382669279983;1.0274457003008675
53.7186697;86.7926153;4.0;60.0;0.0173345569491179;-0.9890894259202612;0.0571020699500356;-3.303623776112377;-0.1669642671032165;0.9908879985772725
53.7187232;86.792592;7.0;60.0;-0.0815743856429081;-1.0431324564086877;0.0571020699500356;-3.123780501101162;-1.4292345857716733;1.0478742044724736
