acc_X_std;acc_X_kurt;acc_X_var;acc_X_iqr;acc_Y_std;acc_Y_kurt;acc_Y_var;acc_Y_iqr;acc_Z_std;acc_Z_kurt;acc_Z_iqr;acc_Z_range;acc_std;acc_var;acc_iqr;acc_kurt;acc_cv;hole
0.04725297397097583;-0.1011224113562778;0.0022328435491017194;0.0441011522381971;0.031429469879961584;-1.6314432092149882;0.0009878115769354123;0.04384623228306306;0.028490883335806613;-2.498236360549818;0.042826552462526805;0.06525950851432649;0.026945208371765787;0.0007260442541978771;0.02705259313261655;0.47998772766986636;0.3629960272535459;1
0.04725297397097583;-0.1011224113562778;0.0022328435491017194;0.0441011522381971;0.031429469879961584;-1.6314432092149882;0.0009878115769354123;0.04384623228306306;0.028490883335806613;-2.498236360549818;0.042826552462526805;0.06525950851432649;0.026945208371765787;0.0007260442541978771;0.02705259313261655;0.47998772766986636;0.3629960272535459;1
0.04725297397097583;-0.1011224113562778;0.0022328435491017194;0.0441011522381971;0.031429469879961584;-1.6314432092149882;0.0009878115769354123;0.04384623228306306;0.028490883335806613;-2.498236360549818;0.042826552462526805;0.06525950851432649;0.026945208371765787;0.0007260442541978771;0.02705259313261655;0.47998772766986636;0.3629960272535459;1
0.07094464028794127;-0.6777770391543451;0.00503314198558538;0.0805547058223717;0.03343243868819205;-1.4553269334775625;0.0011177279566397203;0.04384623228306306;0.022016585151968922;2.06628857207958;0.010196798205363504;0.0601611094116448;0.03937683504877297;0.0015505351384582752;0.042187729365894724;-0.1592022597367991;0.4103293746583706;1
0.0666937057809401;1.5309695559256025;0.004448050390794602;0.036453553584174604;0.0551824868292574;-0.1644499340909699;0.0030451068526611666;0.06220046905271748;0.04646205537180271;1.1819478931600074;0.0387478331803814;0.1193025390027531;0.03880274149677642;0.0015056527476656546;0.04419844328780698;-0.8910813366183549;0.36387443233459454;1
0.08236273998121683;0.6907037757060787;0.006783620937213535;0.07647598654022641;0.05615001901400521;-0.1934771745305106;0.003152824635273147;0.06220046905271748;0.04457762157030103;1.3232872853130135;0.0326297542571633;0.1193025390027531;0.045498655547654324;0.0020701276566440956;0.03948387952474569;0.9155183508149811;0.3638749573294653;1
0.04652355529753408;-2.5233487161154513;0.0021644411975227113;0.07239726725808089;0.058200408670673325;-0.5880642993788984;0.003387287569433387;0.07341694707861735;0.04484273157396964;0.9269323561714474;0.0367084735393087;0.1193025390027531;0.023706705737155057;0.0005620078969080605;0.028302826841780954;-1.5007464037889295;0.16387844786472716;1
0.04365253956365953;3.572722985549433;0.0019055442103568607;0.02651167533394519;0.060486870640132716;-0.58523009597103;0.0036586615198361495;0.07341694707861735;0.03552819698212366;2.5758191771452723;0.0203935964107271;0.0917711838482716;0.018294098951041185;0.00033467405643048623;0.013940958763490024;1.3338072829263983;0.11798416973228808;1
0.046877554864780666;4.396973862474013;0.002197505150100521;0.015295197308045294;0.05759431092760618;3.706028245437414;0.0033171046512257773;0.027531355154481574;0.03288052409068511;3.368377690813849;0.0203935964107271;0.078515346181299;0.02086033097320825;0.0004351534083117914;0.020955065054537675;1.1688814777949486;0.1306611344816008;1
0.017193023411287797;1.0231756939526189;0.00029560005402109026;0.015295197308045294;0.021176469339179778;-1.3911661717101242;0.0004484428536732212;0.027531355154481574;0.02874520638931417;3.436222410236456;0.0050983991026817;0.0764759865402264;0.009868920875404575;9.73955992449962e-05;0.013119007271135963;-1.2298568490606492;0.05924070659448565;1
0.01634671106544444;0.8710654211239515;0.00026721496265712377;0.012236157846436307;0.01567457179872734;-1.117171931718545;0.0002456922010734584;0.01733455694911812;0.02967513551429278;-0.24816075083422837;0.0300805547058223;0.0764759865402264;0.008959637480308195;8.02751037785434e-05;0.0061049009800883125;0.7329931765626606;0.05428603354745638;1
0.045738067690437055;2.5391026109743287;0.002091970836055002;0.0336494340776996;0.010709065649528834;2.039414470877677;0.00011468408708591842;0.0040787192821454266;0.023547760852933405;-0.9338816290168156;0.028551034975017903;0.058121749770571995;0.03442083876765416;0.0011847941414688434;0.0061049009800883125;4.434892443626256;0.22517910223972354;1
0.07560085257085745;-0.6872535597418015;0.005715488909440525;0.0938105434893444;0.005268893925874894;1.2283802550181353;2.7761243202121352e-05;0.005098399102681839;0.019586082614655668;0.8716440389382534;0.014275517487509007;0.053023350667890295;0.05255828351395393;0.0027623731659331616;0.07415477992718353;-1.9655821892278134;0.40064474570213676;0
0.07988200609730325;-2.7070232273973485;0.006381134898129595;0.1396961354134801;0.020520660546036667;4.004298125285776;0.0004210975092456658;0.006118078923218251;0.01767240747673804;1.1894858850487797;0.014275517487509007;0.046395431834404;0.05144027905961922;0.002646102309731499;0.09416796993541257;-3.0421328794888893;0.47179268005114844;0
0.07084243440664066;1.2247666905137617;0.005018650512659184;0.06933822779647181;0.018939712063838852;4.726780088216756;0.0003587126930611229;0.0040787192821454266;0.009215277045819512;-1.0969842566648573;0.01121647802589991;0.021923116141531605;0.043786876774519645;0.001917290577666968;0.025406135937763696;3.3874026272085445;0.47987615692105334;0
0.03232883574269842;-0.11490171521931695;0.0010451536204783747;0.0336494340776995;0.020309298601218845;4.5559613979434275;0.00041246760967346977;0.0030590394616092365;0.011527343947027662;-2.472808617487767;0.018864076679922508;0.026511675333945203;0.016349898229192753;0.0002673191721049603;0.013346295991057223;0.8227170892365988;0.24158578701356176;1
0.01914447165852826;-1.359348121321825;0.0003665107950841918;0.0244723156928723;0.022216387436155675;3.9065738369058187;0.0004935678707133757;0.008157438564290742;0.01145495802588644;-0.1958998683947518;0.012236157846436196;0.029570714795554204;0.012036407143360298;0.00014487509692073482;0.018283088453507325;-2.1169909992035763;0.2078589962000643;0
0.018345737469930488;0.5439853088836794;0.00033656608331561147;0.0173345569491179;0.021969308771126145;3.4056924757023523;0.00048265052788108026;0.010196798205363344;0.018167764445936936;-1.232454484208714;0.023452635872336106;0.0438462322830631;0.01645020734741498;0.0002706093217729458;0.02352440475848782;-2.012337315470724;0.26227214624474926;0
0.020709795056174176;1.2905344352616954;0.0004288956112687363;0.017334556949118;0.01851778981487001;2.83355478318817;0.0003429085396277036;0.010196798205363344;0.018458739693197994;-2.1797020857866385;0.025491995513408805;0.0438462322830631;0.020904262952557654;0.0004369882095896744;0.034254623685189285;-2.5771941018377604;0.30944052669468636;0
0.02138412267624517;-0.4114266251496055;0.0004572807026327029;0.0244723156928724;0.01871327785778236;0.7752174299399902;0.00035018676818256747;0.01835423676965442;0.021551217053658943;-2.8139209963429437;0.037728153359845;0.0469052717446722;0.023434812780557354;0.0005491904500597744;0.042232494811245476;-3.078374554247041;0.32869447042962574;0
0.021623464044947846;-0.46082311489848493;0.0004675741973031523;0.0244723156928724;0.01728951255002876;1.4698525519848502;0.0002989272442176019;0.008157438564291075;0.0190136795436713;3.18414141692368;0.012236157846436196;0.0469052717446722;0.019709396414447317;0.00038846030702182873;0.011478908123962211;3.707647382726009;0.25448764125169604;0
0.02666808775491392;-0.06465170372934755;0.0007111869045037897;0.0244723156928724;0.012590052440540516;3.6946561362832213;0.00015850942045556022;0.005608239012950267;0.005928190824410538;-0.50679904417053;0.006627918833486304;0.015295197308045294;0.006001913805236145;3.602296932548423e-05;0.011478908123962211;-3.078693618496527;0.0710035113692255;0
0.026249577039607265;0.48109762024744757;0.000689040294758277;0.0193739165901906;0.019608631188435012;1.8133770618705043;0.0003844984170840663;0.005608239012950267;0.008467027298019264;-0.1267826051532109;0.008157438564290798;0.022432956051799804;0.009156508796959062;8.38416533487887e-05;0.011985015928825879;-1.268287653390748;0.11188266085702259;0
0.018529016120729918;0.8170810387479222;0.00034332443840226923;0.0122361578464361;0.013594668732510884;4.387586272380311;0.00018481501794670907;0.005608239012950267;0.016048218472731492;0.5204076535198242;0.015295197308045308;0.0407871928214541;0.017136784891703685;0.00029366939642452367;0.009946624212979024;1.8688762505810328;0.23577626910886357;1
0.01584774029600461;1.1296456966649064;0.00025115087248960824;0.0122361578464361;0.013010411263576306;1.8374889261328822;0.0001692708012473932;0.01223615784643628;0.015499468689516703;-2.841519860713111;0.0280411950647496;0.0336494340776996;0.015470824959085893;0.00023934642491467501;0.026117850541285084;-2.4131665868980434;0.23778651713802548;0
0.017373500960933264;-2.087376292048917;0.000301838535639549;0.026511675333945002;0.014322781522927248;1.0734824463762227;0.00020514207055350616;0.013255837666972914;0.014436664206221295;-0.8818892214412948;0.018354236769654295;0.0341592739879677;0.015024379349704055;0.00022573197484381365;0.023610307741107353;-1.9801001674846528;0.2574852819975473;0
0.013573619897863893;0.2903044251181702;0.0001842431571316866;0.0122361578464361;0.014202496458839784;0.4755287490699646;0.0002017109056633566;0.013255837666972914;0.008239871051631133;3.01862765560386;0.004078719282145399;0.021413276231263295;0.009860060444260292;9.722079196446648e-05;0.006932973607937626;3.1004259740196267;0.18744858685249605;0
0.01336130790684194;0.5264685869389515;0.00017852454898143692;0.0101967982053634;0.007664574476584629;-1.7277782128593404;5.874570190711254e-05;0.01121647802590009;0.008239871051631133;3.01862765560386;0.004078719282145399;0.021413276231263295;0.007579227415697261;5.744468821885699e-05;0.006932973607937626;1.9135465983498463;0.14714408739806417;0
0.01432550353648133;-1.4907816773428013;0.00020522005157373908;0.0168247170388497;0.00890689009969305;1.1192110881892638;7.933269124801008e-05;0.007137758743754441;0.014029401094210352;-0.47820688950860085;0.015295197308045197;0.034669113898235904;0.012983394989617852;0.00016856854545643392;0.013841964811816654;0.15839417184934135;0.2236330582500986;0
0.011201404445477597;-1.8358523753440608;0.00012547146155116528;0.016314877128581498;0.01169302023165053;-1.7970767251225805;0.00013672672213778863;0.016314877128581706;0.015100215334706412;-2.3412449636122936;0.024472315692872504;0.034669113898235904;0.014514027208536402;0.000210656985810135;0.02535011394406926;-2.708257882757195;0.23184882043387536;0
0.010673812372204494;1.938169422241985;0.00011393027055702573;0.0020393596410727003;0.014927081713196807;-2.0577321598999148;0.00022281776847245455;0.021413276231263323;0.0107816375143357;1.068560968508984;0.010196798205363608;0.027531355154481504;0.011558221455413548;0.00013359248321238209;0.011508149132252607;0.7599085171997769;0.16909767591031996;0
0.010872866534162605;1.2507077830610622;0.00011821922666971314;0.0061180789232181;0.015674571798727183;-2.4059788289952913;0.0002456922010734535;0.02549199551340875;0.006817381319647863;-2.066123147655541;0.010196798205363608;0.016314877128581602;0.0075563051907402146;5.7097748135607514e-05;0.011508149132252607;-2.6649583682008333;0.10710192109742703;0
0.011020092657168594;0.7265311635039661;0.00012144244217258115;0.0081574385642908;0.01574076538629147;-2.6042683443309174;0.0002477716949462717;0.02549199551340875;0.008009518460958627;-0.5842827084939101;0.009177118384827099;0.020393596410727;0.007867088041003587;6.189107424490166e-05;0.0034462637347236064;2.8625363192896267;0.10609452412588848;0
0.007765650153833211;-1.3813912009521268;6.030532231172977e-05;0.0101967982053635;0.01350065324169548;-1.9481980039759048;0.00018226763795250265;0.0193739165901905;0.01291012912043752;-0.009818614429412046;0.013255837666972498;0.033649434077699596;0.012513374327057753;0.00015658453704906806;0.007388326567693518;1.0410115548912795;0.16113401043533299;0
0.03061927191427057;3.905493337667906;0.0009375398125600385;0.0142755174875089;0.014599593212273117;-0.7898869720405225;0.00021314812196385126;0.01937391659019072;0.015780348261998693;-2.442797930625378;0.026511675333945092;0.035688793718772295;0.018955232800131717;0.0003593008505071893;0.020978734796242293;-0.6353648646699881;0.22401355626344435;0
0.03937733620074892;-2.8087808369883667;0.0015505746062668118;0.06423982869379;0.008759755927363952;2.510300306255013;7.673332390698789e-05;0.006118078923218251;0.023854842240028963;0.9338393226433475;0.015295197308045294;0.06525950851432649;0.03072533223724644;0.0009440460410891753;0.028303424927621237;0.2808232594969991;0.3127153499356577;0
0.0407782696469454;-3.1447965247129113;0.0016628672753989885;0.06933822779647181;0.008396120669007415;2.350353721251924;7.049484228853354e-05;0.006118078923218251;0.024525366515357774;-1.823138104164047;0.0316100744366269;0.05914142959110841;0.02993611552105409;0.0008961710124898957;0.04720576886850375;-2.402608628919056;0.2573433047207336;1
0.03421173959791676;4.502128704195776;0.001170443126315666;0.005098399102681804;0.0045372887654301685;-1.5809611264157983;2.058698934089882e-05;0.006118078923218251;0.019648359664070626;-1.953961191667214;0.029570714795554204;0.04588559192413581;0.02303532148914285;0.0005306260361081662;0.03249275216943129;-1.6775730607039694;0.18287776958806073;1
0.007246186603218493;1.2392902656287081;5.250722028866317e-05;0.005098399102681804;0.004804412762063682;-2.317156683710786;2.3082381988280383e-05;0.007647598654022647;0.017944626666662102;0.5806414886379146;0.020393596410727105;0.043846232283063113;0.016577234071250314;0.0002748046894530223;0.01669512374198276;0.7365217298331288;0.12170010093515359;1
0.00942859284638911;-0.3473889402017984;8.88983630629799e-05;0.010196798205363504;0.003815292532654128;-2.003507653061366;1.4556457109726348e-05;0.005608239012950045;0.009317664363463317;-2.314245760457368;0.013255837666972609;0.021413276231263406;0.00910695859582546;8.293669486607923e-05;0.013977952424220008;-2.290506564392633;0.06471263712673882;1
0.011114042290966922;0.5019470802268285;0.00012352193604540126;0.011216478025899895;0.008090245339107347;2.7391060772288043;6.545206964694816e-05;0.005608239012950045;0.010805719826033558;-1.755593599267576;0.01427551748750891;0.025491995513408805;0.009732259115179854;9.471686748500135e-05;0.01553086602378953;-2.856770464110133;0.06860842510307007;0
0.009328816568967556;1.9149719727712775;8.702681857744358e-05;0.006118078923218098;0.008104690784208867;0.8873489620370117;6.568601270764015e-05;0.008157438564290853;0.010660409942844945;-2.061216306929289;0.01427551748750891;0.025491995513408805;0.008479841198758845;7.190770675616785e-05;0.013977952424220008;-2.998577250808136;0.06127655952655712;0
0.007878635167567183;3.2523589471480343;6.207289210362637e-05;0.005098399102681797;0.007870382693145753;1.1132094044944825;6.194292373656819e-05;0.008157438564290853;0.03277759157399253;3.771859293969179;0.01427551748750891;0.08157438564290811;0.029119636052849042;0.0008479532038503857;0.013977952424220008;3.8600130689763077;0.22778211115627267;0
0.014751916275196921;1.9349575827672918;0.00021761903379041982;0.006118078923218098;0.01100829257598439;-1.1404482253902561;0.00012118250543847305;0.013255837666972359;0.037246937286850676;-2.8897719804420476;0.058121749770571995;0.08157438564290811;0.028780619985008925;0.0008283240867214951;0.03242193589967693;-0.8907796662783743;0.24221084819621402;0
0.01483975744853811;1.8474722264565635;0.0002202184011314423;0.007137758743754399;0.013754343135156418;-1.7070191094144331;0.00018918195507962445;0.01937391659019061;0.04148856533100625;-2.491490753071235;0.0622004690527175;0.09279086366880801;0.03539693485603816;0.0012529429972026095;0.0567734950081461;-2.3713649213132677;0.3355549224660433;0
0.01987721901663923;1.7867057652348752;0.0003951038358354442;0.007137758743754399;0.012798911275231343;0.6364821895413352;0.000163812129831244;0.011216478025899757;0.02853646440250724;2.3040545140491893;0.0193739165901907;0.0734169470786174;0.02653271551591254;0.0007039849926483461;0.024351559108469173;0.8836381238543408;0.28649735213137856;1
0.02824899597674134;-0.9390545257775452;0.0007980057736939484;0.0311002345263588;0.01282933903338558;0.3661654606409203;0.00016459194003355082;0.011216478025899757;0.024391457459800397;1.476790586466489;0.0193739165901907;0.0632201488732538;0.019467240431730218;0.00037897345002679166;0.024351559108469173;-1.2727556694713762;0.2193195166040293;1
0.033657930336912875;-0.988607744722246;0.00113285627456448;0.0438462322830631;0.0119806954961416;1.802490738373411;0.0001435370645712676;0.0035688793718771095;0.028350950057996458;-2.318585800891563;0.0469052717446721;0.063729988783522;0.021316277208254887;0.00045438367401916675;0.030934892914125448;-1.162880399817297;0.22101225901990065;1
0.02691452564315755;0.00031575067265758133;0.0007243916905961853;0.0270215152442132;0.007278399989698281;-0.42980716725684803;5.2975106410039946e-05;0.009177118384827154;0.027704533716652862;0.23085511790207036;0.032629754257163204;0.063729988783522;0.022545894899457;0.000508317376817361;0.030934892914125448;-1.3723414260738782;0.22847946757866555;0
0.024136491221177746;-0.569841261321681;0.0005825702084699903;0.0265116753339451;0.008457812319089614;0.7553729423000632;7.153458922494403e-05;0.009177118384827154;0.01572093657465823;3.420006206957666;0.005608239012949892;0.040787192821454;0.01729681580178366;0.000299179836880833;0.00293238019669588;2.6018190517576394;0.15473040219695605;0
0.01839102167944637;0.03877997079752523;0.0003382296784138664;0.0193739165901907;0.012291266405876826;-1.1332955429804639;0.00015107522986023623;0.016824717038850134;0.010325988975819447;1.2520571834002847;0.008157438564290798;0.026511675333945106;0.011107212897616858;0.00012337017835298628;0.01677911292361889;-2.4962669595609306;0.09073147058228484;0
0.020914624934415833;-0.067124703984985;0.0004374215361472885;0.0193739165901907;0.010401234000509877;-0.06336246042965261;0.00010818566873336271;0.0101967982053639;0.010042681555823349;1.3764281538727114;0.007647598654022605;0.026511675333945106;0.010713026049461578;0.00011476892713644234;0.01587729544543487;-2.3483793693256274;0.08713584148909906;0
0.03187702434281723;-0.5813248995312202;0.0010161446809525624;0.0356887937187722;0.008346439045449716;0.8895076854530698;6.966304473940757e-05;0.008157438564291297;0.012291266405876635;-0.08868378257881086;0.013255837666972498;0.03161007443662692;0.012010164851750204;0.000144244059766216;0.01880967564213075;-2.4115230814444524;0.09866725555931466;0
0.031646235939668955;0.8329535632195272;0.001001484249149195;0.0285510349750177;0.011612716204758225;0.6569754412203052;0.00013485517765225426;0.008157438564291297;0.02205197592413223;0.875764920608546;0.01835423676965431;0.05812174977057201;0.022063608277537797;0.0004868028102246344;0.02198902214932795;0.8297545644682659;0.19122576528229643;0
0.01952893177505728;-1.2432363248895477;0.000381379176274842;0.027531355154481497;0.011230374142762;2.1041424686805534;0.00012612130338641731;0.0010196798205364122;0.02750679635335346;-1.8457129673913926;0.0397675130009177;0.0662791883348628;0.024780149092152263;0.0006140557890292946;0.03638936816512049;-1.7914636969709516;0.23635472988449377;0
0.017010631158268143;-0.7804726323999726;0.000289361572402643;0.018354236769654402;0.006135050048533134;1.5019382802722998;3.7638839098006404e-05;0.006118078923218029;0.019858902612680994;-1.6167285831664497;0.026511675333945092;0.0479249515652085;0.0170174057420355;0.0002895920981890627;0.028540776339255447;-2.4497904398137877;0.1756602033181586;0
0.03773779774707941;3.328311189860976;0.0014241413787994715;0.018354236769654402;0.0058753381425054605;1.3311075627813185;3.4519598288779514e-05;0.006118078923218029;0.017235303876986366;-2.4941080795663098;0.026511675333945092;0.0397675130009177;0.01718433722389895;0.0002953014458246791;0.028540776339255447;-2.3864308346599734;0.17718276436772093;0
0.03690198588985326;1.7558601760217545;0.0013617565626149288;0.028551034975017903;0.006101060590048517;1.0144814456478066;3.7222940323443165e-05;0.006118078923218029;0.015872324426242968;-1.058645062822059;0.019373916590190693;0.0397675130009177;0.01574003281166617;0.0002477486329123276;0.016219331657181896;0.08568922126288925;0.1665220443960805;0
0.03687097936527899;1.707807216053877;0.001359469119354829;0.028551034975017903;0.007541495701886643;2.370149293637644;5.687415742157471e-05;0.005098399102681617;0.021286655793878465;-1.1297912128424805;0.026511675333945203;0.0540430304884266;0.01853868360018445;0.0003436827896277479;0.020794247155981188;-1.1838022056858872;0.17929368145559632;0
0.0357978784165228;0.15344560150423922;0.001281488099124149;0.0316100744366268;0.008365104232484431;2.1777585449375287;6.997496882032894e-05;0.007137758743754441;0.018091775357370696;-1.4240783765444398;0.026511675333945106;0.0428265524625268;0.014598095753586737;0.00021310439963088712;0.02816168964602085;-3.1320979122650106;0.12933373239577578;0
0.02449991645677478;1.0454051363964372;0.0006002459063889438;0.0224329560517996;0.012248897212558537;0.9335915157120892;0.0001500354829238243;0.008157438564290853;0.013326243909619192;-0.7106590284737742;0.016314877128581595;0.0316100744366269;0.013113492469137221;0.00017196368473811863;0.008273385779530476;2.814097344537764;0.10979556610501247;0
0.012291266405876878;-0.780988523637312;0.00015107522986023748;0.013255837666972501;0.012287036061092696;0.9154372424469924;0.00015097125516659233;0.008157438564290853;0.012727630285820175;2.0764994454654335;0.010196798205363497;0.0316100744366269;0.013242974118432749;0.00017537636350147963;0.011005892653428453;1.6467473039382223;0.11138936384327401;0
0.012214896044367348;-0.6069728902862886;0.0001492036853747011;0.012745997756704298;0.012099436707813821;1.3603374386622054;0.00014639636864639255;0.006118078923218029;0.010660409942844923;0.9944092364553576;0.010196798205363497;0.026511675333945203;0.011220735781407658;0.00012590491147616213;0.011005892653428453;0.5265006630720942;0.09358325340569768;0
0.010872866534162532;-1.158075224575973;0.00011821922666971157;0.012745997756704298;0.007562147942383551;1.819834710743817;5.718608150249578e-05;0.006118078923218029;0.014906170544798269;-2.1402505798041687;0.023452635872336106;0.034669113898236;0.014962645272533609;0.00022388075355167237;0.023931383381547724;-2.293615496339181;0.1314043972770996;0
0.00971776803074427;-2.6349912479944493;9.443501549935535e-05;0.0163148771285816;0.01025779654529158;0.626103360464955;0.00010522238996459588;0.008157438564290631;0.013539105764004996;-0.15765873735873845;0.013255837666972609;0.034669113898236;0.013515724260977085;0.00018267480229876455;0.012925490728119271;0.31514571377710493;0.12335949210425987;0
0.013389487126485952;-1.3642112175278858;0.00017927836551033305;0.018354236769654298;0.007405852475952961;-1.6294108398285327;5.48466508955786e-05;0.0101967982053639;0.008048368414671499;-0.028933679270888746;0.00713775874375451;0.021413276231263406;0.007651424775844068;5.854430110040045e-05;0.008028250441969531;-0.4368443771524575;0.07243431014517347;0
0.014144727082503706;-2.47493928015327;0.00020007330423851382;0.0224329560517997;0.01032095313598064;-2.1507223821640964;0.00010652207363510862;0.01631487712858193;0.008048368414671514;-1.1543327089074846;0.009177118384827196;0.020393596410727105;0.007906694249156816;6.251581394964945e-05;0.009482588790564128;-1.138004470003403;0.07856359375688901;0
0.014510298226529831;-2.838431641518016;0.00021054875462283478;0.0224329560517997;0.01260037131157902;-2.9495167534477837;0.0001587693571896636;0.022432956051800068;0.012509273117554016;-0.8370547786151713;0.015295197308045308;0.0316100744366269;0.012469746102171633;0.00015549456785262462;0.015096670040577936;-0.7894578996759106;0.11928017364276988;0
0.015766340692183318;2.145827126227651;0.0002485774988219956;0.007137758743754499;0.016148329066853647;-2.6116027992720254;0.0002607685316513904;0.025491995513409083;0.015420445011631388;-0.5946865316632781;0.01733455694911791;0.0397675130009178;0.0165187548617601;0.00027286926218292296;0.01709063043250128;-0.38840285726573737;0.14720197254836334;0
0.008857138722638698;-3.008937758473307;7.844890635206586e-05;0.0168247170388498;0.01565465914389747;-2.43926706014224;0.00024506835291161267;0.023452635872336258;0.01494100623274821;1.3200186827088498;0.011216478025899798;0.0397675130009178;0.01601460376353547;0.0002564675337030444;0.011476549182487472;1.1089530832626693;0.13987773014155394;0
0.008857138722638698;-3.0089377584734165;7.844890635206586e-05;0.0168247170388498;0.01346981218886804;-1.909327509626337;0.00018143584040337805;0.018354236769654197;0.015474292211762124;-0.4460247342936879;0.01733455694911791;0.0397675130009178;0.016669563543655525;0.0002778743487359693;0.01790470834095427;-0.5144738228284282;0.1472519236239069;0
0.012062859683775204;-0.27883369768845156;0.00014551258375044922;0.011216478025899802;0.01810613733102042;-1.5795779049026326;0.0003278322090497713;0.023452635872336258;0.01772894522740857;0.4793736497407413;0.01733455694911791;0.045885591924135896;0.015801310910888457;0.0002496814265025626;0.01790470834095427;-0.7898345290459711;0.1389481550637368;0
0.010168718347259046;-1.1598217041410794;0.00010340283282588274;0.012745997756704402;0.016949397586044697;2.741040969881574;0.00028728207852981777;0.008157438564290853;0.017373500960933146;-0.16907094458593144;0.017334556949118007;0.045885591924135896;0.015580692010211518;0.000242757963517069;0.012790520732925942;0.5710215235375848;0.14162153898409016;0
0.011294996639990335;-0.35152428150008674;0.00012757694909739295;0.013255837666972602;0.009303705307889617;-1.5737088439790756;8.655893245605345e-05;0.012236157846436058;0.013006414823222802;-1.5571700510259763;0.019373916590190693;0.030590394616090602;0.009006973984297426;8.112558035381064e-05;0.00808038028290703;0.5921244960818098;0.0879094716250072;0
0.015457485111970882;-2.787450547303406;0.00023893384598680148;0.024472315692872403;0.01228068781160622;-1.7281296218862738;0.00015081529312613355;0.01733455694911812;0.01109062949418055;-1.4225406559060876;0.013255837666972595;0.02753135515448149;0.011262288997840179;0.00012683915347087193;0.010433692368518335;1.7683637840862403;0.11921695704159428;0
0.015927907975745274;-3.08389881752238;0.0002536982524838099;0.026511675333945103;0.016475009491638635;-1.9774426579618745;0.0002714259377495831;0.02447231569287256;0.008694228101271264;-1.9549163811854555;0.012236157846436294;0.020393596410726994;0.010164926762621774;0.00010332573608946437;0.004026058313341602;2.8101675677086106;0.10922540942783554;0
0.017944626666662206;-2.8285343686210633;0.0003220096262058844;0.028551034975017802;0.017982249503975103;-1.1478912283785145;0.0003233612972232129;0.02447231569287245;0.009630442706733898;-1.0672595467136716;0.012236157846436196;0.022432956051799693;0.012890814642717017;0.00016617310215288748;0.007462533300767141;1.827788683332339;0.1333832838083071;0
0.017433244950736133;-2.554238219910529;0.0003039180295123668;0.028551034975017802;0.016978511068977985;2.9120516537779295;0.000288269838119408;0.009177118384827154;0.010212081948448354;-1.2990241637994562;0.014275517487508896;0.02345263587233609;0.012986315258684624;0.00016864438399794512;0.00816934384607601;1.7205983592663177;0.13417518618074029;0
0.01601579124527148;-0.3152812914831114;0.0002565055692121146;0.0193739165901906;0.007231823483836831;-1.908351086325034;5.229927090137388e-05;0.009177118384827154;0.009922904558542025;4.506165749906191;0.0030590394616090005;0.02345263587233609;0.013056950174098251;0.00017048394784888434;0.007114444600485603;2.4785651353305767;0.13370332019044356;0
0.016545856531364724;-0.388828923380333;0.00027376536835650473;0.0193739165901906;0.007115874914802771;-1.7457171890087402;5.063567580311934e-05;0.009177118384827154;0.0033354598213101655;2.26832037437306;0.0010196798205363983;0.009177118384827099;0.005204397026634806;2.7085748410845208e-05;0.004240769201281899;0.38535100807758127;0.05037549158289557;0
0.02180541845550915;-0.8614262906824047;0.00047547627401985906;0.0254919955134087;0.007426881914807741;-2.3895752144624964;5.515857497649829e-05;0.01070663811563155;0.006135050048533036;1.501938280340596;0.006118078923218098;0.01427551748750891;0.00550720066641337;3.032925918014387e-05;0.00676524057219019;-1.6403840854058156;0.05162031208498613;0
0.01583953710673089;-0.5861381805866396;0.00025089093575550474;0.017334556949117903;0.006265017705437145;1.9339941230646527;3.9250446849440905e-05;0.005098399102681839;0.005901823647797425;-1.207841390598612;0.008157438564290811;0.01427551748750891;0.0053028066512845725;2.8119758380907897e-05;0.005556855625292276;-0.7468413909755481;0.049817328995868236;0
0.013999724908479717;-0.2261466695748536;0.00019599229751310742;0.017334556949117903;0.009145908431321043;0.8382791638549136;8.364764103410935e-05;0.006118078923218251;0.009796358620964892;0.5375682715006155;0.00917711838482721;0.025491995513408805;0.00915195975501863;8.375836735748066e-05;0.009376828696748232;0.16893682130947005;0.08829487382189595;0
0.019701206342797883;-0.244647240541615;0.0003881375313614995;0.017334556949117903;0.010001182694189294;-0.5381187300366884;0.00010002365528255142;0.01223615784643628;0.014036810337448892;-2.2255344922479203;0.020393596410727105;0.032629754257163204;0.01081668089784038;0.000117000585645705;0.01869261658887081;-2.7611194050771135;0.10626564935127802;0
0.021296422555481677;1.0456285274790353;0.00045353761366162873;0.020393596410727098;0.009635839424841433;2.1083182121990838;9.284940142132849e-05;0.006118078923218029;0.017611260918253865;-2.4432146449694963;0.027531355154481504;0.040787192821454;0.013220828610285406;0.00017479030914254113;0.0195208587545026;-2.63511900623285;0.13539002393930705;0
0.010288160094324187;-3.0669751930883002;0.00010584623812644466;0.020393596410727098;0.006489202641663064;-0.9629629629631301;4.210975092456689e-05;0.009177118384827487;0.014787115361923033;1.5061629911195975;0.015295197308045197;0.0356887937187723;0.01108483910712056;0.00012287365803074932;0.007139025818114139;2.5969492271943486;0.12158941079009858;0
0.011146737590025366;-2.8668615745546426;0.00012424975890088449;0.020393596410727098;0.008610107813840948;-0.46822288534510176;7.413395656596496e-05;0.009177118384827265;0.009954289680322734;0.05105652992902776;0.008157438564290798;0.0265116753339451;0.009716897562500965;9.441809824013718e-05;0.008696326945179272;1.8389151874715235;0.11763135119664288;0
0.010709065649528941;2.5454110564665804;0.00011468408708592072;0.0071377587437544965;0.010621324898541678;-1.6747435706853058;0.0001128125426003814;0.015295197308045294;0.007049815852939028;0.9471998039358892;0.004078719282145399;0.0193739165901907;0.008791318778900343;7.728728587224582e-05;0.002385543292696926;2.556534387283764;0.10850871286007474;0
0.014427658738308643;-2.496000502994036;0.00020815733666909375;0.0234526358723361;0.010853724148657207;-2.2971529708519767;0.00011780332789514461;0.015295197308045294;0.007049815852939028;0.9471998039530357;0.004078719282145399;0.0193739165901907;0.0069789875873334465;4.870626774415432e-05;0.0007704029738838519;4.681993565673629;0.08813078802192924;0
0.015082991403773382;-1.780795363776112;0.00022749662968630174;0.022432956051799704;0.01583953710673081;-0.967000992173722;0.0002508909357555022;0.01835423676965431;0.0070128475024162544;1.1298043615732756;0.004078719282145399;0.0193739165901907;0.006777658366229179;4.5936652929316376e-05;0.008114195503885369;-0.27564665221679857;0.0878350745498733;0
0.014094099907441798;4.028358892964486;0.00019864365220095088;0.006118078923218102;0.015986550502511264;-1.0396930432900018;0.0002555697969693432;0.01937391659019072;0.007188561938213206;0.3771927338914078;0.006118078923218098;0.0193739165901907;0.006361345532860423;4.046671698844327e-05;0.008114195503885369;-0.22319558178225188;0.08340243761789437;0
0.016361016129156265;3.403376618938566;0.0002676828487785114;0.005608239012949899;0.01431188829164697;-0.7098095802519934;0.00020483014647258165;0.017334556949117896;0.004836766075509673;-1.1999999999283695;0.006118078923218098;0.012236157846436196;0.0035642333015143217;1.2703759027623682e-05;0.004824944368052891;-1.4596274849150592;0.045443816862748516;0
0.011181662179800945;1.1747744866248435;0.00012502956910319081;0.0101967982053635;0.015624742579282518;-2.811715505457553;0.0002441325806688441;0.02447231569287245;0.003487841618534816;-0.17751479303173076;0.0030590394616090005;0.009177118384827196;0.002897911096017988;8.397888720424175e-06;0.0011211170585009589;1.6471835301070594;0.03733881479293768;0
0.016344325670913946;-1.4574322785549967;0.00026713698163689656;0.0224329560517997;0.015457485111970825;-2.787450547303038;0.0002389338459867997;0.02447231569287245;0.002658999655430447;-1.8122837384789037;0.004078719282145399;0.006118078923218098;0.0017275467471877012;2.984417763718807e-06;0.0010885143718753626;2.8321593619706817;0.02256467643471683;0
0.017392193003609526;-1.363449600921984;0.0003024883774748042;0.0260018354236769;0.011679674569818577;4.461176847858475;0.00013641479805686675;0.0030590394616090144;0.003975443803327503;1.455159279302702;0.0030590394616090005;0.010196798205363497;0.004467542958899732;1.995894008961457e-05;0.0011211170585009589;4.647724230867844;0.05636214110747194;0
0.014556799979396786;-2.687408028132797;0.0002119004256401663;0.0260018354236769;0.012837440921804994;-2.6556339499846033;0.00016479988942083343;0.01937391659019072;0.010887201235883747;2.8483379501176245;0.006118078923218098;0.02753135515448149;0.0102122466289394;0.00010428998121028413;0.00958037877544965;1.4089753329369472;0.12158663162691023;0
0.017813780199386182;-2.609524548498778;0.00031733076499204324;0.0311002345263586;0.012008867560262886;-2.1464271437995492;0.00014421290007993429;0.01835423676965453;0.011322579090438387;2.5281837861118994;0.009177118384827099;0.02753135515448149;0.010619898636541362;0.00011278224705041309;0.010668893147325012;1.1091499272738485;0.12714303985684142;0
0.02367765926167025;-2.430056588326791;0.0005606315481117591;0.038237993270113096;0.008889362584971272;0.49809556786711323;7.902076716708715e-05;0.008157438564290853;0.015546355694125881;0.8986639693047588;0.010196798205363497;0.04231671255225859;0.013322886410261083;0.00017749930230071944;0.011902141495864563;0.1240079187304796;0.16439114268916766;0
0.02799573611579342;-1.9694110554458841;0.0007837612406651401;0.0387478331803813;0.020609139320289308;2.1671937664890906;0.00042473662352309475;0.013255837666972248;0.0248350132409436;-0.15726243657565675;0.0249821556031406;0.06525950851432649;0.014323212789859204;0.00020515442462358627;0.018059604789577813;-0.6310150955947004;0.1800174768109617;0
0.028948851976299376;2.3928738555129456;0.0008380360307456922;0.0214132762312634;0.02332594203505732;2.978013049745364;0.000544099571822854;0.014275517487509326;0.02392013250602714;0.9128394820341157;0.0158050372183135;0.06525950851432649;0.013951882783241311;0.00019465503319730532;0.00615746329371325;3.792032435407679;0.18255804429182568;0
0.028948851976299376;3.0551139407299033;0.0008380360307456922;0.016314877128581602;0.022066116339772034;1.3399961122618305;0.00048691349032035426;0.015295197308045072;0.016566267046778105;0.9089869932875002;0.0158050372183135;0.04180687264199041;0.0055492635434714905;3.079432587490176e-05;0.00615746329371325;-0.5528772880372171;0.07674396867229458;0
0.029216985381654754;3.372193976330834;0.0008536322347918276;0.016314877128581602;0.024093374910899686;-1.3841059876729058;0.0005804907145971704;0.03262975425716319;0.01500523905438954;2.1944486812543325;0.0035688793718771997;0.04180687264199041;0.005686728948227054;3.233888613060357e-05;0.007081286014548757;-1.1984569129258347;0.07844461420553221;0
0.03062096973078544;2.8618647970563083;0.0009376437872536782;0.022432956051799704;0.03530802425447296;-1.672441101529562;0.0012466565767544507;0.05200367084735413;0.015681203731242623;0.03333497222031075;0.013255837666972504;0.04180687264199041;0.004369810417203079;1.909524308229655e-05;0.004728246929098123;-0.7530229857216225;0.05930919328062057;0
0.010463524855605569;-2.225117220370701;0.00010948535240387554;0.015295197308045305;0.036233802679317396;-1.9717599340380747;0.0013128884566037087;0.055062710308962926;0.013109926338023926;-0.2815208118527117;0.013255837666972504;0.0336494340776996;0.0050482977070574;2.5485309739081e-05;0.004728246929098123;-0.4575847589471837;0.06895408672126332;0
0.010463524855605569;-2.225117220370701;0.00010948535240387554;0.015295197308045305;0.03636270313152462;-2.185965022996932;0.0013222461790313904;0.055062710308962926;0.017319555166170075;-0.4134875604114197;0.0183542367696543;0.044865912103599505;0.012264203565972895;0.00015041068910762227;0.009411363248824342;2.075201104923103;0.17870390050760948;0
0.008848330029536888;-3.070903636453945;7.829294431160427e-05;0.015295197308045305;0.03669005803441581;-2.3065036273956223;0.0013461603585687998;0.05710206995003575;0.021502917537420386;1.22731616188252;0.0163148771285817;0.057102069950035604;0.019379911407749174;0.0003755809661722066;0.023017960454840357;-0.3389273568968001;0.33130039968194147;0
0.011882661064103075;-1.5636244932672032;0.0001411976339643512;0.016314877128581602;0.029104670228203147;-2.6149674940833982;0.0008470818290924546;0.0438462322830635;0.01904100198849403;-2.3976005268123033;0.0305903946160905;0.0438462322830631;0.02332014861666726;0.000543829331503448;0.03745269597676859;-2.261643350076399;0.49859856901690386;0
0.028629224753235163;3.0858055692693136;0.000819632509971253;0.013255837666972501;0.026759553716475065;-1.0352357980955702;0.0007160737151049144;0.03161007443662733;0.020028339124016477;-1.7369856983569865;0.0275313551544814;0.0489446313857448;0.018864230351901864;0.0003558591867696155;0.019216698009815115;-0.4858904581669539;0.45456074609117314;0
0.03056149003200347;-1.802536856108843;0.0009340046729762474;0.0418068726419903;0.01761126091825394;2.225548080086051;0.00031015651113081857;0.013255837666972248;0.016267009415258278;-2.12998251512075;0.0254919955134087;0.0377281533598449;0.01267983918381972;0.00016077832172752994;0.015877256828804472;-0.6507738158440333;0.35062262452445025;0
0.024550790191688866;-2.217300002508523;0.0006027412990363263;0.033649434077699505;0.02180541845550908;1.9870943116857813;0.0004754762740198559;0.013255837666972248;0.038857695519075953;2.8308118522014873;0.0254919955134087;0.0978892627714897;0.032024613593683256;0.0010255758758247223;0.015877256828804472;3.0869224762990632;0.6875713993765572;1
0.017549160736752143;2.0077885035796093;0.00030797304256436296;0.008157438564290801;0.021695470451510702;2.036758171243587;0.000470693438112374;0.012236157846435836;0.043486684490091576;-2.6665304205630846;0.0713775874375446;0.0978892627714897;0.034601226332443474;0.0011972448637089799;0.047134714331542836;-2.05881755716871;0.5949544927864142;1
0.010991751180350449;0.9681361294692318;0.0001208185940107355;0.008157438564290801;0.021924301783680614;1.1634952231479094;0.0004806750087019009;0.016314877128581484;0.04200783855988583;-1.0555697398812687;0.0540430304884267;0.0978892627714897;0.026486399157514346;0.0007015293403311766;0.04202949629816212;-2.526597325456566;0.3770801163437464;1
0.01440241347183198;1.7648255978291825;0.00020742951381360735;0.0132558376669725;0.018106137331020355;0.08075012304596878;0.00032783220904976894;0.016314877128581484;0.025771890558864665;-1.057055456594848;0.0326297542571633;0.0622004690527175;0.024592149432208103;0.0006047738136960533;0.03298876279450716;-1.6386867862717527;0.34132571675535;1
0.01619654753507687;-2.557404105770285;0.0002623281520560046;0.0275313551544814;0.018635328726926696;-0.7535497866542448;0.00034727547676061934;0.020393596410727133;0.018668775350416264;-2.7852124760062438;0.0316100744366269;0.0407871928214541;0.020679578261128692;0.0004276449570581464;0.03298876279450716;-2.151305760642117;0.2767918538787329;0
0.012248897212558695;-2.150765830599454;0.00015003548292382815;0.020393596410727;0.01203481400943858;1.8069890009992235;0.0001448367482417791;0.004078719282145649;0.019392691069038084;-2.2245296819330087;0.026511675333945203;0.0458855919241358;0.020094119605268513;0.00040377364271083644;0.024567846429944445;-1.676973133656298;0.3233906951288884;0
0.011160720540440342;-0.6819797046273829;0.000124561682981807;0.0112164780258999;0.006893216592701308;4.119579217520669;4.751643499389263e-05;0.0020393596410728243;0.020659528489196253;0.71307531737675;0.014275517487508896;0.05608239012949941;0.018562384786038184;0.0003445621289449418;0.016517690706223234;0.26674778545177347;0.3668028096050901;0
0.013224425685223714;1.185957207955358;0.0001748854347040047;0.008157438564290801;0.01905737665282609;3.403770446295257;0.00036318360488768095;0.0020393596410728243;0.015186041962786891;0.22474125545448112;0.014275517487508896;0.0387478331803814;0.01916004677188486;0.0003671073923008155;0.016517690706223234;0.4737021087771976;0.3762214157587064;0
0.013046324137095631;1.27606894474843;0.00017020657349016405;0.008157438564290801;0.017504668581831195;4.413357852774889;0.0003064134221597482;0.0020393596410728243;0.014741340159886708;0.16109979167149766;0.014275517487508896;0.0387478331803814;0.019157518397638403;0.00036701051115585394;0.01568542551427171;1.4131086814083968;0.3888063343293915;0
0.026126497349482962;1.2814719986264318;0.0006825938637525402;0.0193739165901907;0.01830602189457441;4.14107549397949;0.0003351104376046377;0.008157438564290853;0.02502477931569358;0.5179759618126253;0.021413276231263403;0.0662791883348628;0.020068333370774558;0.0004027380042805438;0.012092162663128507;3.2270198298404273;0.4423676067874574;0
0.02637011094156358;0.7057742675591404;0.0006953827510703713;0.0224329560517997;0.021589778868533503;2.929109990904768;0.0004661185515921757;0.008157438564290853;0.030483140210102372;-2.172231092264468;0.0489446313857448;0.0703579076170082;0.02249715766185338;0.0005061221028622883;0.016385792083177784;2.3015678695918758;0.5313322289171408;0
0.03373430037661522;-0.6011030274926211;0.0011380030218997017;0.0387478331803813;0.025081843709629757;2.7710767172486235;0.0006290988838742938;0.013255837666972359;0.034045702881697115;-2.4712195017386143;0.0530233506678902;0.0723972672580809;0.022570791481534867;0.000509440628102927;0.028070619236484996;-1.0201944459017298;0.4623846390374212;0
0.03356745082645515;-0.5220958185241749;0.0011267737549864845;0.037728153359845;0.028952443422498395;3.2766910642779172;0.0008382439801329707;0.013255837666972359;0.02296431244663475;4.522977172874637;0.0071377587437545;0.0550627103089629;0.01653101582451505;0.000273274484190367;0.024558521385940432;-1.7391181269096805;0.37078837416015553;1
0.033561255283614186;-0.5412452074766776;0.001126357856211921;0.037728153359845;0.028895826295215747;2.4200029469399014;0.0008349687772832819;0.0203935964107268;0.0039492029634007235;-2.1999999999999518;0.006118078923218101;0.0091771183848272;0.021102832617904323;0.00044532954449928665;0.03583290091380871;-2.7005430802170576;0.5501809495702913;0
0.021352494739851114;-0.269476251708151;0.00045592903161536955;0.021413276231263403;0.028986988339349023;0.8124956261002794;0.0008402454929855561;0.028041195064749114;0.013462090885746271;3.4213964290898367;0.0071377587437545;0.0336494340776995;0.021325387868771348;0.0004547721677535401;0.03583290091380871;-2.808688971841462;0.5656348136974417;0
0.02135249473985112;-2.2409530780924194;0.00045592903161536976;0.0336494340776997;0.026635414927973278;1.324462309431232;0.0007094453283853017;0.014275517487509104;0.018419267774541604;1.367421706183104;0.0091771183848272;0.0509839910268174;0.02392926893449866;0.0005726099117395626;0.031343011069984356;-1.6785121846083915;0.5025142292437387;0
0.02097915341909564;-1.9617068348435787;0.0004401248781819523;0.031610074436627;0.02206965002805474;1.7573004861653523;0.00048706945236081647;0.014275517487509104;0.018254832048504154;1.6061146658034684;0.0071377587437545;0.0509839910268174;0.023031180130963717;0.0005304352582248978;0.027830913219439795;-1.3090442799301982;0.49919321093447616;0
0.021003919279943002;-2.065851734336827;0.0004411646251183614;0.031610074436627;0.011008292575984393;0.734565232634619;0.00012118250543847312;0.01121647802590009;0.0193819650222722;-0.1759514819053424;0.019373916590190603;0.0509839910268174;0.021978509378308232;0.00048305487449238287;0.023931602755047705;-0.5218041057205554;0.5097125011043884;0
0.016260616406791717;0.49055884867530014;0.0002644076459288239;0.012236157846436196;0.01227645382154352;-2.5710350097528925;0.0001507113184324905;0.019373916590190943;0.02021950779311977;-1.258085055299188;0.024472315692872303;0.0509839910268174;0.015579889318066989;0.00024273295116321788;0.011228377127752882;0.7374636069528874;0.3191657418761868;0
0.012662107944346303;-0.16031027469594386;0.00016032897759427775;0.012236157846436196;0.014213473528461543;-2.7054189008460643;0.000202022829744277;0.022432956051799957;0.015521255270305023;-1.0380630378491975;0.0193739165901906;0.0387478331803812;0.013902886624469039;0.00019329025649284008;0.011228377127752882;1.1738555524358614;0.27763211454813336;0
0.02144481452411568;3.0335932824781935;0.00045988006997372286;0.009177118384827203;0.014395192406714172;-2.7516352391423617;0.00020722156442632138;0.023452635872336147;0.01100593104156345;-2.501832783805201;0.0173345569491179;0.024472315692872303;0.01234087961538947;0.00015229730968153532;0.00643282768146658;1.495243867525711;0.30999263905410934;0
0.026002835090558937;-2.7482703602725693;0.0006761474327468032;0.0438462322830631;0.010413721979554829;1.5152562533955596;0.00010844560546746335;0.009177118384827043;0.011132737076745962;-2.5561770866177262;0.0173345569491179;0.024472315692872303;0.011885688092877019;0.00014126958144115853;0.022450307550732986;-3.0804156187630194;0.3629088388733577;0
0.026002835090558916;-2.8999693513744753;0.0006761474327468021;0.0458855919241356;0.011225744015109916;1.1540611827272673;0.00012601732869277612;0.011726317936167963;0.01821206393340638;2.662090584801638;0.0040787192821454005;0.0499643112062811;0.014019657566953083;0.00019655079829462486;0.022450307550732986;-2.3288728493312596;0.4081210448589457;0
0.01948895984577484;4.047775364199398;0.0003798195558702241;0.0101967982053634;0.009619640187678689;-0.016435740436808288;9.253747734040288e-05;0.011726317936167963;0.018500937583426788;3.050845674701679;0.004078719282145399;0.0499643112062811;0.015168950470077932;0.00023009705836367751;0.017674909463758465;-0.5293078880418113;0.5288698306212765;0
0.004204247604382487;3.0899653979151203;1.7675697918955883e-05;0.0030590394616090005;0.008685254183757358;0.48907785262762477;7.543364023647468e-05;0.009177118384827043;0.017743600884393675;-3.019329498873592;0.029570714795554204;0.0367084735393086;0.016432892250126997;0.00027003994770428394;0.02485652528025597;-2.5817730670559897;0.5456143474300384;1
0.032745854936444226;4.967183700170146;0.0010722910155186488;0.0030590394616090005;0.012614803550487962;0.09054752003825801;0.00015913326861740368;0.011726317936167963;0.022089663584055824;-2.4904199911652136;0.034669113898235904;0.0499643112062812;0.02991128542107074;0.000894684995540759;0.03211047261465371;0.4439861173258741;0.6822425823384008;1
0.03629974232017608;-2.82021998216505;0.0013176712925111827;0.058121749770571995;0.015583096515081132;-1.657388191834497;0.0002428328969983337;0.021923116141531418;0.03181172257528531;-0.6916028557365147;0.0367084735393086;0.07851534618129889;0.026567756760933602;0.0007058456993081331;0.007253947334397742;1.8705792592079764;0.5305527304613472;1
0.03306813954581349;-2.698708491083263;0.0010935018530213937;0.0571020699500356;0.025318056526838238;-0.762632631032678;0.0006410039862961763;0.0336494340776996;0.03006413164919914;-0.38812107450048927;0.0316100744366269;0.07851534618129889;0.027360331441390738;0.0007485877365827546;0.020345858627015434;0.6619045313994031;0.5192304707348381;1
0.02727905574590066;2.3930501915275406;0.0007441468823879558;0.015295197308045298;0.02260724677159664;0.5204661557247631;0.0005110876065918668;0.01835423676965431;0.029293397662585666;1.2916836735794905;0.021413276231263403;0.07851534618129889;0.017967618871796227;0.0003228353279221279;0.01403726181752387;1.8124023410053713;0.29855183785416034;1
0.02358085370786136;1.7367028909093243;0.0005560566615915589;0.015295197308045298;0.022497751190817376;0.6481021418192903;0.0005061488086439246;0.01733455694911812;0.028401332244564363;1.7571433385032418;0.0122361578464362;0.07851534618129889;0.020562405700605163;0.00042281252819627974;0.01403726181752387;1.0989885208031538;0.35337503326646685;1
0.018865454575302917;3.471589697266159;0.0003559053763328178;0.0071377587437545;0.02212258761916739;1.9857612430017824;0.0004894088829677383;0.008667278474558948;0.020626789531543094;3.5752186513703754;0.0101967982053635;0.0509839910268174;0.011328393178287422;0.000128332492001869;0.009748737707635638;0.18343573216551098;0.23202905178031238;1
0.018226331122381485;-2.23431564871766;0.0003321991461826919;0.027531355154481497;0.01983270697720162;2.6826278733924505;0.0003933362660435418;0.008667278474558948;0.005768180125922439;-2.9218749999998948;0.0101967982053635;0.0122361578464362;0.014400435615380819;0.00020737254591272832;0.018273626781011354;-0.977236372678225;0.32413554222168967;1
0.02314695652416495;-1.930254228374243;0.0005357815963315824;0.030590394616090602;0.011948106727384158;0.7382923131520656;0.00014275725436896258;0.008667278474558948;0.0050779645551088095;-1.7946800208141542;0.007137758743754399;0.0122361578464362;0.015059334925736023;0.0002267835684054928;0.018273626781011354;-0.6441494875773538;0.33613953175494726;0
0.03037379555926037;-1.2846572371296279;0.000922567456675745;0.0377281533598449;0.017543234968986687;0.09812134769903598;0.0003077650931770774;0.015295197308045294;0.009753811802645378;1.2475141091104074;0.008157438564290801;0.0254919955134087;0.015911632974969107;0.00025318006393012425;0.014226330832121485;2.252022107005846;0.39866579252808987;0
0.03454442876813367;-0.8952100001815259;0.0011933175589166612;0.0458855919241358;0.01786041321163358;0.03557137733326362;0.0003189943600902954;0.015295197308045294;0.03089983190414507;3.6614106937300144;0.016314877128581602;0.07545630671968989;0.022265029264210902;0.0004957315281361678;0.03788528803616559;-2.42945487656977;0.4593880350524559;0
0.04223124341080234;-1.380192252532486;0.001783477920022436;0.0530233506678903;0.017328557794430932;3.195225635162432;0.000300278915234933;0.0;0.033483714273208544;2.9539214357674766;0.021413276231263302;0.0836137452839808;0.027620397337049334;0.000762886349056482;0.04847396816543878;-2.8704600181810065;0.48146044434081625;0
0.03974528299668103;3.901811306515183;0.001579687520486262;0.007137758743754503;0.018274756249389082;-0.7394902986775804;0.00033396671597458533;0.01835423676965431;0.03200722819057954;2.91362259972432;0.016314877128581602;0.0836137452839808;0.0224411175504619;0.000503603756913649;0.01561000298861813;1.823374511030508;0.35096743448973555;0
0.05122508509915339;2.099386118522579;0.0026240093434155066;0.022432956051799804;0.03697376464455048;3.270526025166314;0.0013670592719906114;0.014275517487508771;0.030802095374718435;2.96868305498217;0.0061180789232181;0.0836137452839808;0.040891740479983334;0.0016721344394823074;0.025868523312695027;1.2592274926896938;0.5199673584385266;1
0.025219302151356527;2.2233754201110982;0.000636013201001416;0.0214132762312634;0.042622128610545505;-2.6628030673253007;0.0018166458472938817;0.062200469052717366;0.03716309803598364;1.7318685082788374;0.026511675333945203;0.0968695829509533;0.029645191965938966;0.0008788374066973721;0.021086139173740887;1.689881880150331;0.31997473063151255;1
0.0468365037810873;1.6616793402879455;0.002193658086435805;0.022432956051799804;0.0425501038820009;-2.5417416980494636;0.0018105113403690683;0.062200469052717366;0.018447470620295826;-1.6798302249637185;0.026511675333945203;0.040787192821454;0.032338006938867;0.0010457466927782104;0.03636800356905787;0.7218378964462827;0.3609468059428742;1
0.05376043674614466;-1.1148993131454574;0.0028901845591362213;0.06729886815539911;0.03944592869151561;-0.7112064245238917;0.001555981290336134;0.04486591210359936;0.017403398592687344;4.829372078643168;0.0030590394616090994;0.040787192821454;0.044319898146398015;0.001964253371707094;0.036696142162359016;0.08386638966343914;0.5783684239879191;1
0.05578030752159822;-2.0596528916275667;0.0031114427072040664;0.0856531049250534;0.042114134493380646;-0.17260285994519364;0.0017736003241265537;0.04486591210359936;0.022784767836188997;2.491690650106636;0.0030590394616090005;0.0632201488732537;0.04348955764124887;0.0018913416238315083;0.03636800356905787;0.39913418129935135;0.5385016794899538;1
0.04020048088344937;-2.4902456941743103;0.0016160786632605786;0.06729886815539911;0.03964247100062574;-2.594829732236741;0.001571525507035453;0.0688283878862036;0.02545526057164046;-1.4112929897926374;0.031100234526358704;0.0632201488732537;0.03024697780803276;0.0009148796665196263;0.039874707728962254;-1.384604778727071;0.49415046302867466;1
0.03591676522186681;3.3462753163215333;0.0012900140240027014;0.021413276231263198;0.036111640888281775;-2.1621842635534385;0.001304050607644224;0.05557255021923091;0.019011628777387574;1.957331049380772;0.0035688793718772014;0.053533190578158404;0.022225566245554565;0.0004939757949355344;0.019547242773315404;0.21132442927632886;0.4327633818558022;1
0.034299003938890335;-0.7085235071629489;0.0011764216712000146;0.0382379932701132;0.03377973172424712;-0.8536474370075974;0.0011410702753621074;0.04282655246252698;0.019398721864077553;1.2350243897267201;0.010196798205363499;0.053533190578158404;0.02240334792459774;0.0005019099982305779;0.0210081058171356;-0.03180120582186655;0.43375739114893214;1
0.05689045845881436;0.7027001145703397;0.0032365242636540822;0.0642398286937902;0.03232883574269837;1.3978203834489402;0.0010451536204783714;0.027531355154481574;0.02013254453579211;-0.04022523512620187;0.0193739165901906;0.053533190578158404;0.04217404188850974;0.001778649809213774;0.03322315869214084;2.462446321113479;0.5509418201921482;1
0.07323296174090384;-3.0679003571223125;0.005363066685344684;0.13459773631079852;0.03156810813465463;1.7019345495025533;0.0009965454512012477;0.022432956051799735;0.015407797352496321;0.3576185826904883;0.018354236769654298;0.0372183134495768;0.05676994203767558;0.003222826318961045;0.09811865775538153;-3.046781285632282;0.6154289661949179;1
0.07065321669284882;-2.3672849238513805;0.004991877029046652;0.1085959008871214;0.03216439338347606;1.8008686649326944;0.0010345482017269988;0.022432956051799735;0.016702218506490164;1.7726256510220313;0.009686958295095301;0.044865912103599304;0.05475093297649665;0.002997664661796828;0.09464894178969788;-3.0594760509412073;0.4745438586707525;1
0.057939890693579056;-3.285131336310155;0.003357030933583889;0.1050270215152442;0.015124295884767344;-0.4255165289256399;0.00022874432600999042;0.016314877128581706;0.025910704290684868;-0.6722023241923244;0.026511675333945002;0.0662791883348627;0.04948026215472393;0.0024482963429002056;0.09045019900124343;-3.2503639092811842;0.41549683539747656;1
0.06293580820367897;-2.959304062982026;0.003960915954250266;0.1050270215152442;0.014066408283518572;-0.9324630275122642;0.00019786384199863992;0.016314877128581706;0.020659528489196194;-1.9018397990626579;0.030590394616090498;0.0479249515652084;0.052356847823775574;0.0027412395140419933;0.09045019900124343;-3.0473594658236167;0.4469944755450176;0
0.06005472669425831;-2.893148967316584;0.003606570198322062;0.1050270215152442;0.012180799966569037;-0.5830246487674712;0.00014837188782556828;0.015295197308045072;0.018077401973551385;-0.1350039869618982;0.017334556949118;0.0479249515652084;0.051955676984537784;0.002699392370921629;0.09045019900124343;-3.1522413282083526;0.5051432902604852;0
0.05294289179079199;2.3745130685849873;0.00280294979117151;0.044865912103599505;0.01233349004931861;1.4249739180486631;0.00015211497679664117;0.012236157846436058;0.026407541919867168;1.7280506610272386;0.017334556949118;0.07035790761700811;0.04681851604359021;0.002191973444523914;0.02215509973358537;3.2789713958864817;0.5989203843992065;0
0.020917110480200868;0.601804999349099;0.00043752551084092893;0.022432956051799798;0.0198850637393084;1.8870725596943174;0.0003954157599163578;0.0040787192821454266;0.026170237045403954;1.5842414623077257;0.017334556949118;0.07035790761700811;0.01677752568356016;0.0002814853680625209;0.02748965285179688;-2.3354828094606837;0.307373305501526;0
0.02718551309796359;2.4659399207468318;0.0007390521223995499;0.004078719282145399;0.020196354204491125;1.3945983766396803;0.0004078927231532663;0.010196798205363455;0.03267274368049248;-1.5439753326609942;0.043846232283063;0.0774956663607626;0.015236893783819679;0.0002321629321794028;0.013510329628769004;1.641411618148961;0.2992217283351495;1
0.03041997326435464;1.6218659260194646;0.0009253747734040511;0.0265116753339451;0.011987202618281284;2.9448396899562206;0.0001436930266117297;0.007137758743754663;0.02741213437408353;-1.1324863756669064;0.0367084735393085;0.0672988681553991;0.023484254004202565;0.0005515101861339041;0.011954704374491372;1.3213723595714093;0.5550642645600978;1
0.016384830148061212;-2.915431927285422;0.00026846265898081557;0.026511675333945002;0.02261299501008154;1.837322822222659;0.0005113475433259726;0.010196798205363455;0.02975823357895388;-1.5644822490609134;0.043846232283063;0.0703579076170081;0.015406137023147897;0.00023734905797600833;0.009130996398855652;3.196558174482566;0.4226953682987333;1
0.04767698346558282;3.322521270787495;0.0022730947523774575;0.0285510349750177;0.047118697279469005;1.8646326010280585;0.0022201716333142395;0.022432956051799624;0.02892729393534754;-0.6730859253030511;0.0367084735393086;0.0703579076170081;0.04889023930099448;0.0023902554989085056;0.009180656720151385;3.458124751641504;0.8569360306090684;1
0.04892657122356469;4.8955815783128385;0.002393809371694548;0.0020393596410726;0.047841351685725134;3.168129059430138;0.002288794931117235;0.010196798205363455;0.046435193514457046;0.5638092398035018;0.039767513000917604;0.1223615784643621;0.048257059014437526;0.002328743744722906;0.027740930508121417;1.706397996034223;0.7555281349339759;1
0.09583634259908558;2.2813691757159105;0.009184604562769306;0.009177118384827099;0.04894144478257177;3.4839077307609614;0.0023952650174055216;0.014275517487509104;0.048973301483714;-2.6422704937354595;0.0836137452839808;0.1091057407973896;0.070987182525985;0.005039180082977511;0.09389401919210844;-1.5071315814969033;0.7786092034049626;1
0.09961233326366994;0.303334401871948;0.009922616938232447;0.078515346181299;0.04900513747581958;2.2710097477782383;0.002401503499023977;0.029570714795554287;0.049191493625471185;-1.2553367709567607;0.069338227796472;0.113184460079535;0.05499823644702512;0.003024806012282882;0.06615308868398702;-1.121203307389539;0.4827529483977483;1
0.0990050821605083;0.5611118207119657;0.009802006293608998;0.078515346181299;0.04206349202916076;3.606684650312301;0.0017693373616872706;0.023452635872336036;0.04636236449576767;4.092329324864679;0.018354236769654392;0.113184460079535;0.046392909121108356;0.002152302016719419;0.06222127009959544;-0.9544876545821216;0.38576914926924133;1
0.06675983255609153;0.9191808477944493;0.004456875242917379;0.0713775874375446;0.015554713501134756;-2.193792383981387;0.00024194911210238386;0.023452635872336036;0.010196798205363497;-2.7794999999938046;0.017334556949117993;0.02243295605179979;0.04648291913125655;0.002160661770962936;0.046189660306572594;1.4178036328190942;0.421816732440506;1
0.07718444157693254;0.3217167454966372;0.005957438021542912;0.0713775874375446;0.01625262160990397;-2.4607535837170587;0.00026414770919471755;0.027021515244213368;0.01365000553129928;-1.4149194834296104;0.018354236769654392;0.032629754257163295;0.0460992982570994;0.002125145299797008;0.046189660306572594;1.4864061624787428;0.41682150877400453;1
0.06307030861914126;-0.7383526410724718;0.0039778638293137235;0.07035790761700819;0.015637214770220318;-2.4738789758568096;0.00024452248576999644;0.027021515244213368;0.021983502360700496;-0.13878880409806627;0.0244723156928724;0.05608239012949939;0.019322847822167543;0.00037337244795864497;0.01602122295001622;2.148698768297107;0.2094130742735604;0
0.04394335001224733;-0.5012408355923554;0.0019310180102988775;0.0489446313857448;0.019537581580870534;-2.6698336152146935;0.0003817170940291715;0.03415927398796781;0.05129202348509758;2.781569002470434;0.0336494340776996;0.12949933720811652;0.014013876316999279;0.0001963887294281533;0.013832518642206235;0.2970533521142305;0.17721654259428862;0
0.03519299007828768;0.7241846520781152;0.0012385465506504552;0.0326297542571633;0.019456255186266543;-2.6478586581712413;0.00037854586587312373;0.03415927398796781;0.07723157547336298;-1.533391767992273;0.1050270215152441;0.1845620475170795;0.016357860574541052;0.0002675796025761245;0.017951734550986587;0.1768437996526965;0.1966691812164181;0
0.04133415253646;0.5896550203891522;0.0017085121659073425;0.0326297542571633;0.01870007722946011;3.0212569056613225;0.00034969288838777255;0.011726317936168185;0.0681471179982763;-2.3115833935151344;0.1009483022330987;0.1600897318242071;0.01678445154355849;0.0002817178136180629;0.024068889238438307;-1.8954522031071999;0.21196620490174128;0
0.04278768988423009;1.5087676087301887;0.001830786405629046;0.0336494340776995;0.018915679065044506;2.934655177213789;0.000357802914491763;0.013255837666972692;0.05446751264429027;2.05650458030282;0.0458855919241358;0.136637095951871;0.017285560969530753;0.00029879061803136497;0.024068889238438307;-1.7426541009699352;0.21073213233851748;1
0.021333008087614836;-1.1785717697171958;0.00045509723406624003;0.0275313551544814;0.01901641355469183;-0.9970003473737302;0.0003616239844830672;0.026511675333945495;0.023958136326613724;-2.468386455040021;0.0382379932701132;0.055062710308962995;0.01919772936803107;0.00036855281288816267;0.032056877774362356;-2.505479462613774;0.25836611568457224;1
0.018671559864616407;-2.0217397936725328;0.0003486271477779542;0.0275313551544814;0.01794462666666218;0.12273170709329169;0.0003220096262058834;0.015295197308045294;0.020161573966065018;-2.2402608963855086;0.027531355154481497;0.047415111654940396;0.017110283244709507;0.0002927617927141868;0.020325451194959654;-1.255468070317028;0.22161349293730412;1
0.019780211631090436;-2.530395647114151;0.0003912567721707253;0.032629754257163204;0.01794462666666218;0.12273170709329169;0.0003220096262058834;0.015295197308045294;0.014229923255789395;3.3286758805070966;0.0010196798205363983;0.0382379932701132;0.013040941241996815;0.00017006614847721346;0.009747974152043759;1.1521303651819228;0.18600962011176522;1
0.03170859958288205;1.0533681820660827;0.0010054352875075478;0.032629754257163204;0.017711342431182654;0.7263634455025271;0.0003136916507146111;0.013255837666972692;0.01758615154702315;-2.749226976956986;0.027531355154481497;0.0382379932701132;0.021450413304659063;0.0004601202309406946;0.027287819359461424;-0.9457730374208696;0.27568999096274105;1
0.03481575761728682;0.9417952740777373;0.0012121369784656654;0.035688793718772205;0.0176554844605135;0.8940383204101595;0.00031171613153543377;0.01223615784643628;0.017860413211633425;-2.759565106393523;0.027531355154481497;0.0392576730906496;0.021877228707026453;0.0004786131358995424;0.030045951932699266;-1.5066606484029872;0.27919617811308794;1
0.038805482705427344;-2.66406394106286;0.001505865488001221;0.061180789232180996;0.012662107944346121;2.6709210838417925;0.00016032897759427314;0.0030590394616090144;0.01471310001870296;-3.249660185974586;0.027531355154481497;0.028551034975017896;0.017762072352556047;0.0003154912142574359;0.020297977780655507;-0.6223367727472441;0.21331980985343674;1
0.03794524420186603;-2.613161327189894;0.0014398415575392475;0.058121749770571995;0.005884179890385716;-2.316099883667371;3.462357298241966e-05;0.009177118384827043;0.01312577873358271;-2.7482136281775364;0.023452635872335995;0.028551034975017896;0.016969605978935133;0.00028796752708031107;0.01333658383946787;0.20137530251270874;0.2004506610571595;1
0.05529824355238604;-0.8638024639859848;0.003057895739979004;0.06423982869379011;0.005884179890385716;-2.316099883667371;3.462357298241966e-05;0.009177118384827043;0.021541565814010587;1.0502451280022278;0.023452635872335995;0.0520036708473539;0.011920255477562647;0.00014209249065036227;0.013088584696081748;1.0728236008353182;0.1334396112776737;1
0.043183169527602136;1.7796273427671625;0.0018647861304496257;0.013255837666972501;0.008239871051631159;-1.8780794964459169;6.789547494750916e-05;0.01223615784643628;0.022862213036642383;-2.44406206089239;0.037728153359845;0.0520036708473539;0.017066689127471068;0.0002912718777737391;0.006657835559359629;3.2446073280914263;0.22059804807900202;1
0.07877513338973224;0.5917593978286947;0.006205521640570108;0.0652595085143265;0.008239871051631159;-1.8780794964459098;6.789547494750916e-05;0.01223615784643628;0.024774232915718192;-0.9931646949530943;0.027531355154481504;0.0632201488732538;0.04406179483194313;0.00194144176381225;0.006657835559359629;3.3249784645612337;0.4785943987629471;1
0.060922776027520054;0.014981662419677614;0.0037115846388993718;0.06729886815539929;0.021671494899428722;3.3556143815832846;0.0004696536911759651;0.009177118384827265;0.03742655571556456;0.7490199828552555;0.0254919955134088;0.101967982053635;0.04375320128124018;0.0019143426223567177;0.025612878900518762;1.7913149077362007;0.45042321946422526;1
0.06014987460188557;0.07598810578727584;0.003618007414622559;0.06729886815539929;0.02102865597357011;3.1367062013292966;0.0004422043720547658;0.006118078923218029;0.03501527648632151;-2.7027325691911757;0.061180789232181;0.0764759865402263;0.05095737081240375;0.0025966536401128178;0.05669908674177198;0.2923806610585468;0.5721966417705532;1
0.0766579528502858;-0.2747971974206867;0.005876441735196641;0.0774956663607628;0.022146074819347685;2.6188466032652884;0.0004904486299041455;0.014275517487508882;0.031129473891044535;-1.6780413619701982;0.038747833180381205;0.0764759865402263;0.056456907009555114;0.0031873823490855538;0.0660242889203559;0.12380492703930675;0.7157447412704387;0
0.07622609661221455;-0.22229282916671642;0.005810417804734666;0.0774956663607628;0.022807573134497328;-0.0854506284835838;0.0005201853922854443;0.027531355154481463;0.02307272050369061;-2.7564506530761963;0.0367084735393085;0.0509839910268175;0.05748280465803983;0.003304272831354365;0.0660242889203559;0.01990317373711766;0.7419810138772538;0
0.044495911231371615;1.7107066881968247;0.0019798861163101028;0.015295197308045301;0.026771207728953007;-0.22834860925376788;0.0007166975632667532;0.027531355154481463;0.02680032058896613;-2.0884872368382843;0.0367084735393085;0.0632201488732537;0.02904931333383882;0.000843862605167546;0.009370249434864197;4.447458609194594;0.5389776323957303;1
0.025872554525213393;0.4964798651530522;0.00066938907766014;0.0305903946160904;0.01955287570966491;-1.658778421738101;0.00038231494851760406;0.029570714795554176;0.0323786478405327;-2.2043639989810386;0.0489446313857448;0.07647598654022619;0.007814010795642258;6.105876471441375e-05;0.009370249434864197;-0.9281028529975082;0.17823371061857027;0
0.02573151470678081;-0.44464973659116797;0.0006621108491052771;0.0305903946160904;0.018368393529776463;1.630200308166425;0.00033739788086473377;0.016314877128581706;0.029880272660978844;-0.3800831850475852;0.0336494340776995;0.07647598654022619;0.01665322301249948;0.0002773298367040422;0.013186741825427409;1.681940517168389;0.43436487871318397;0
0.01668664824254233;-3.3058316568319785;0.00027844422957034096;0.0305903946160904;0.019068285283743793;2.997166000940934;0.00036359950366224005;0.01325583766697247;0.027938110622629152;0.8284682708730955;0.0193739165901907;0.07647598654022619;0.017914357982254107;0.00032092422191635144;0.02463852210162805;-1.5801427326064115;0.4969461412334576;0
0.013218527628428933;1.1814824490215514;0.00017472947266353902;0.0137656775772407;0.013149521494138876;0.9892973200091019;0.0001729099155248203;0.01325583766697247;0.027499235386648332;2.195557599819059;0.0066279188334862;0.07647598654022619;0.020019999356286813;0.0004008003742257244;0.03486639311322559;-2.8018102155099562;0.6565849446298204;0
0.0077270607492946055;2.2058205048370283;5.9707467823289306e-05;0.0020393596410726;0.015440659717725472;-2.801075116459209;0.00023841397251859006;0.02753135515448113;0.027190293472738495;2.2492993994105994;0.0066279188334862;0.07545630671968989;0.01736886032024407;0.0003016773088241489;0.015642498331276962;1.8114550692402258;0.6518295023283985;1
0.03951341535966274;4.245280922913762;0.0015613099933852314;0.0137656775772407;0.01288594527943217;-0.8709308977502452;0.0001660475857445202;0.016314877128581706;0.013423417749577865;4.3165929918829065;0.0025491995513408;0.0336494340776995;0.03133380542885657;0.0009818073626534415;0.015642498331276962;3.9452947781214314;0.9431686773143736;1
0.04172129360309663;3.814308060208326;0.0017406663399157913;0.021413276231263302;0.023490289465059332;-0.09735853421823866;0.0005517936991522775;0.02753135515448113;0.016924842125724114;-3.179606621849187;0.0295707147955541;0.0346691138982358;0.029994767128264835;0.0008996860550788367;0.03263131222848663;-0.041121552137377414;0.710834071099355;1
0.05652857908473667;1.628456506047429;0.003195480253339328;0.0270215152442133;0.025116020113054686;3.9480341070235263;0.0006308144663193676;0.009177118384827043;0.020648201647468545;-1.908579601218977;0.0295707147955541;0.0479249515652084;0.030541631785650964;0.0009327912721302852;0.04380338343229331;-1.8688765163821135;0.5868855605332256;1
0.06288415965803867;-1.4871536208452103;0.003954417535897699;0.0764759865402263;0.02651167533394514;3.7010193095479926;0.0007028689290125152;0.016314877128581595;0.042359075629209424;0.897388638258582;0.0469052717446721;0.10298766187417141;0.02742475646655087;0.0007521172672496236;0.03126040037572743;-0.3178659161316766;0.3966964896430293;1
0.06717128724795328;-1.2597319130566322;0.00451198183054705;0.0897318242071989;0.027376076997328178;-1.0665171482912612;0.0007494495917636409;0.03976751300091774;0.043016713295266684;-1.8516632084512576;0.062200469052717505;0.10298766187417141;0.01911892554039656;0.00036553331381922785;0.026017423960652847;-1.0030769319918338;0.22817831478211376;0
0.06607887150557115;-1.22261191408084;0.004366417259449783;0.0897318242071989;0.02730953089099498;-1.0690683725385608;0.0007458104774862091;0.03976751300091774;0.04494694981244856;0.02183511604132941;0.055062710308963;0.10298766187417141;0.023016746331444748;0.0005297706116860752;0.029479429228480958;-1.4671498435233232;0.2597352293349548;0
0.0619517382029488;2.726734586276405;0.0038380178663667062;0.046905271744672204;0.016955530894581277;-1.2145554905185918;0.0002874900279171001;0.02447231569287245;0.02291899108324465;1.8550824395407968;0.022432956051799804;0.055062710308963;0.02154054872406609;0.00046399523933386537;0.029479429228480958;-1.9768917212463666;0.24072580898995835;0
0.022495440292429957;-1.7673496979792738;0.0005060448339502812;0.0326297542571633;0.014871253254995123;0.7479826503620863;0.00022115417337420303;0.01223615784643628;0.0225023722756336;2.404500588187888;0.010196798205363497;0.060161109411644806;0.023211667775196582;0.0005387815209060994;0.01279019413472722;2.595982947301535;0.23393711843670342;0
0.022393524676345204;-1.789546504414286;0.0005014699474300815;0.0326297542571633;0.008652270188883905;0.6429398148148154;7.486177942144914e-05;0.008157438564290631;0.023830857656966933;2.70505879240829;0.016314877128581706;0.060161109411644806;0.02431034860422723;0.0005909930492590528;0.028783604714601577;-0.5933312972038726;0.25317176598920377;0
0.020041313368509877;0.9349451164203906;0.0004016542415348127;0.015295197308045301;0.020444516830593815;4.095399866339943;0.00041797826843643373;0.007137758743754441;0.024017735120525782;2.7246650975255142;0.016314877128581706;0.060161109411644806;0.02413725372162379;0.0005826070172220415;0.028783604714601577;-0.9890032584992111;0.25843589988489535;0
0.026239672659735435;1.7406175893744031;0.0006885204212900674;0.0224329560517997;0.021124852309702912;0.025601934807492437;0.0004462593851067604;0.023452635872336036;0.02426538048513647;1.5486322875126024;0.021413276231263406;0.060161109411644806;0.02200301330930075;0.000484132594689266;0.0070811188751136594;2.0741642026590426;0.2514920577576466;0
0.03591097499690219;-2.877039232490489;0.0012895981252281342;0.0591414295911083;0.01989813140434457;-0.49028664774736913;0.00039593563338456364;0.020393596410727244;0.023445984843453744;-2.2351604617125496;0.0377281533598451;0.05404303048842671;0.016735825473183925;0.00028008785426887194;0.020638873298402277;0.05467134537399095;0.17419664995041392;0
0.0372664726391103;-3.122411022075361;0.0013887899829615566;0.0622004690527173;0.0175224790004608;0.0028863987090019805;0.0003070372703215897;0.01937391659019061;0.018754903054592938;-2.704593370776303;0.0326297542571633;0.0418068726419905;0.009130791913387101;8.337136096557529e-05;0.013506862005125228;-1.4099386923021224;0.10029390137868158;0
0.03266637844690774;3.3607781525362532;0.0010670922808365985;0.0112164780258998;0.01705336383572483;0.20799265365401354;0.00029081721811360754;0.01835423676965442;0.015474292211762133;-1.688150911924275;0.021413276231263392;0.0377281533598451;0.009336285708186367;8.7166230824885e-05;0.01426103447074449;-1.498860562876941;0.10275727138165658;1
0.010901517088531858;-1.4696555319119302;0.00011884307483155212;0.0152951973080453;0.014467240866839075;-1.1075623943621362;0.00020930105829913864;0.018354236769654197;0.010996479832399575;-1.980549605976717;0.015295197308045294;0.02651167533394519;0.009320501381804687;8.687174600822307e-05;0.01426103447074449;-1.5182770824105383;0.10247681654281147;1
0.00869422810127133;0.38137926204138733;7.558960227693608e-05;0.0071377587437545;0.012756190479450098;0.8216680786779449;0.00016272039554801333;0.010196798205363455;0.014751916275196664;-1.8231157072849935;0.021413276231263392;0.0356887937187724;0.013053338340076106;0.00017038964182050084;0.014420289975287978;-0.3984897883407233;0.14751937390354042;1
0.008549515169268627;0.8886321373901703;7.309420962955436e-05;0.0050983991026818005;0.01314556734535188;1.0002085261113909;0.00017280594083118168;0.010196798205363455;0.014606713228893575;-0.9614496768229218;0.018354236769654406;0.0367084735393087;0.013334890740647209;0.00017781931106499867;0.01988778615731654;-2.057296552678531;0.16530074269904235;0
0.006071163718406798;1.5779490371534806;3.685902889569905e-05;0.0050983991026818005;0.01333404387745688;0.026572278649824217;0.0001777967261259453;0.013255837666972692;0.01915261650963409;1.2973191508736928;0.015295197308045308;0.0504741511165494;0.019694664709657504;0.00038787981802582865;0.017523217310546874;0.9335277348165967;0.2851016922096843;0
0.004760933019242716;1.8748684872668708;2.2666483213715568e-05;0.0015295197308045003;0.014044215671827136;0.20307013070879046;0.00019723999383679494;0.014275517487509104;0.02326792276478902;-1.7444671251627497;0.03211991434689499;0.0560823901294994;0.023202019902031572;0.0005383337275342692;0.031360660660094124;-1.5761922462800382;0.39051280512963493;0
0.014366271850316378;3.8375616240173023;0.0002063897668771928;0.0081574385642908;0.012542476289739932;0.8727927033783219;0.00015731371147868837;0.013255837666972692;0.022542766360185627;-1.9397819218869532;0.031610074436626896;0.0540430304884266;0.02115454209940905;0.0004475146514356698;0.030802794178932585;-2.2213453252831266;0.4651786496576192;0
0.015079544256795543;3.327875687672865;0.00022739265499265544;0.0081574385642908;0.02142055842029594;1.1479571126836963;0.0004588403230373113;0.014275517487509104;0.03472979172959875;1.484512712034866;0.021923116141531605;0.0938105434893442;0.01877805358020903;0.00035261529626120114;0.027070601497487752;-2.0099051818933233;0.4300980165152032;0
0.015707703460718363;2.946527463674272;0.0002467319480098636;0.012236157846436202;0.019950316470105988;1.4126523586311304;0.0003980151272573823;0.014275517487509104;0.029968873913948205;-2.4563142889790384;0.0489446313857447;0.0678087080656673;0.014748212110609614;0.00021750976045953205;0.004791077545650481;2.192868803040587;0.3914690578887294;0
0.018829596525562636;-3.076710726602282;0.00035455370531548046;0.0367084735393085;0.019076462663270774;2.0792244897959145;0.0003639114277431639;0.006118078923217807;0.025095312697453093;-1.4433796875857254;0.0326297542571631;0.0622004690527173;0.016967248676504686;0.0002878875276503501;0.014523999804536353;1.5919804934833632;0.5039156357442097;1
0.01873826407182188;-3.0451453153504997;0.0003511225404253307;0.0367084735393085;0.019392691069038084;2.5434809311754925;0.0003760764668991495;0.006118078923218029;0.019999766159546774;0.2777928497009429;0.022432956051799697;0.0499643112062811;0.017147628666908294;0.0002940411688981751;0.0189696230922253;0.42701069174599837;0.49367610324210676;1
0.015786935758950963;-1.5244389237076572;0.00024922734065724463;0.023452635872336;0.019635125770426608;1.2062042011849254;0.0003855381640204711;0.013255837666972248;0.029220543872062042;2.7128337844016244;0.017334556949118004;0.07545630671969;0.027601167350644017;0.0007618244391182572;0.026197419989438378;0.190836195794945;0.5667761818147625;1
0.014118055379888928;0.7177278007576078;0.00019931948770961073;0.0132558376669725;0.010232424761335382;1.896525710296076;0.00010470251649638946;0.0030590394616092365;0.0293093657191886;2.843202299702895;0.017334556949118004;0.07545630671969;0.02728993979932545;0.0007447408142508071;0.005711091428141614;3.684476662276301;0.6316245283407876;1
0.008988233250143241;-1.711413564692112;8.078833695898052e-05;0.0132558376669725;0.005443600617941643;2.886426592797965;2.9632787687654635e-05;0.0040787192821452045;0.028003163025624372;3.0750175047314037;0.006118078923218105;0.07545630671969;0.02710882120956792;0.0007348881873723195;0.005711091428141614;3.5757855386237387;0.6198051075552815;1
0.02589063247398388;3.1927576705014715;0.0006703248499029086;0.015295197308045199;0.0322644484337286;4.414666642937007;0.0010409946327327323;0.013255837666972248;0.036491148261723096;1.9246909855074403;0.006118078923218105;0.1029876618741714;0.03226375665105867;0.0010409499932387326;0.05263728599145067;-2.9804134242389466;0.5373334215675221;1
0.025890632473983897;-0.8451783136620286;0.0006703248499029095;0.030590394616090602;0.03081053314925687;4.259003153908107;0.0009492889529414563;0.010196798205363455;0.04251343434209751;-0.1436099489447701;0.0479249515652085;0.1029876618741714;0.03165993485597006;0.0010023514750842678;0.05263728599145067;-2.9272120332274327;0.5203322835935991;1
0.03061078141916387;-0.3032744327284445;0.000937019939091828;0.030590394616090602;0.03368726456309046;-2.1268664178239525;0.00113483179374365;0.051493830937085816;0.029845455272480302;-2.903560423459359;0.0479249515652084;0.06423982869379011;0.02837885756266919;0.0008053595565622663;0.034749688437445324;-0.3844417332991637;0.4955439869905488;1
0.03148978649107203;-0.971366532156272;0.0009916066532533025;0.037728153359845;0.030730280750320443;-1.860895957166651;0.0009443501549935151;0.04129703273172236;0.030115963418585908;2.027957571545938;0.016314877128581602;0.0805547058223717;0.025587088758607653;0.0006546991111408661;0.02895553281642546;0.16693990026157005;0.42000377325559335;1
0.03181172257528535;-1.1269183722390868;0.0010119856932069194;0.037728153359845;0.041091325573428206;-0.5189116028382029;0.0016884970373814748;0.04129703273172236;0.013558291129678357;-0.9592286705842277;0.017334556949117997;0.032629754257163204;0.023260753312651743;0.0005410626446720391;0.022570289792853207;0.8026713747189961;0.3671380190897479;1
0.02990635910135261;-2.651011014292353;0.0008943903146990562;0.0509839910268174;0.030868690932271074;1.8717815458775224;0.0009528760798720743;0.010196798205363677;0.011572355223094412;1.9598129894681502;0.002039359641072696;0.032629754257163204;0.010849325967154965;0.00011770787394158303;0.004199783488016744;2.9108873014969467;0.20062518627694043;1
0.024188129343075813;-1.606702546675077;0.0005850656011173651;0.033649434077699505;0.0313449974885903;1.0125690184942517;0.0009825088675597322;0.020393596410727133;0.014706031509998767;2.5012250369821865;0.002039359641072696;0.040787192821454;0.02065402624086395;0.00042658879995829653;0.004199783488016744;2.5763280547549825;0.42600635733297165;1
0.022921259279705522;1.145865697738272;0.0005253841269674865;0.020393596410727;0.022321441080880487;-1.2198257181557572;0.0004982467319272191;0.029570714795554398;0.014794145129547001;1.5815866532009342;0.0071377587437544965;0.040787192821454;0.016507146052786057;0.00027248587080801027;0.01935144885772709;-0.1107235391124668;0.4072732473459021;1
0.02439785074743622;3.36101142236056;0.0005952551210941741;0.0163148771285816;0.02044960189890556;0.3919034568945783;0.00041818621782372187;0.01733455694911812;0.019764435838365624;-0.4361323860795909;0.0254919955134087;0.045885591924135695;0.015695697136034203;0.0002463549085861123;0.019918745163710286;-1.3513029029936767;0.4346055649585336;0
0.03983543365331274;1.683834213193684;0.0015868617743474815;0.0163148771285816;0.01948895984577488;0.34878802051105257;0.0003798195558702257;0.01733455694911812;0.029618144611847357;-0.7689259210303353;0.0387478331803812;0.0723972672580808;0.029896610382135962;0.0008938073123412398;0.02411852865172703;1.2360198347984397;0.6700650919024896;0
0.028199263411756645;4.15478217293141;0.0007951984569656371;0.0101967982053635;0.012459302452620318;0.3438102975752339;0.00015523421760587066;0.013255837666972914;0.0246775156904979;0.25910254381291037;0.0193739165901906;0.06627918833486271;0.030948387928684314;0.000957802715384333;0.011280969273693965;4.079235013732766;0.8126485598949337;0
0.02641738336243297;0.918149906026778;0.0006978781437177505;0.0285510349750178;0.0135774493858502;-2.376701471499017;0.000184347131825324;0.021413276231263212;0.02357864896252346;2.0495394102266986;0.004078719282145399;0.06627918833486271;0.028587112088814707;0.0008172229775784561;0.024857943066910557;1.4003721242742344;0.6222309390367844;0
0.024155868452878183;1.0934566952300504;0.0005835059807127555;0.020393596410727;0.01827760079081015;-2.232994868245084;0.0003340706906682239;0.027531355154481685;0.012990416766954869;1.083762412546952;0.0122361578464362;0.0316100744366269;0.027567120085579138;0.0007599461098127407;0.024857943066910557;0.8440734933153422;0.5564122805521926;0
0.02843791777080304;-0.1764968490153199;0.0008087151671389552;0.0305903946160905;0.022610695890050065;-2.125377824665577;0.000511243568632327;0.03161007443662711;0.012756190479449956;1.167083465177632;0.0122361578464362;0.0316100744366269;0.02598200164124922;0.0006750644092858773;0.013919109513115278;1.7289125196021697;0.5022406083054215;1
0.017519511854727828;-2.304989589528572;0.0003069332956279489;0.024472315692872403;0.02221931229989858;-1.9519699677698483;0.0004936978390804243;0.03161007443662711;0.01076716227283694;-0.07524784331084788;0.0122361578464362;0.026511675333945203;0.014602237864336771;0.00021322535064667052;0.013919109513115278;1.4548772821390383;0.32660889018498546;1
0.020273429999940678;-3.17745846097335;0.00041101196396249465;0.0336494340776996;0.032109796882207386;1.1312938536405153;0.001031039055816615;0.01937391659019083;0.010145686113047761;0.4465870829504108;0.0091771183848272;0.026511675333945203;0.01230619317808731;0.00015144239053640265;0.0065779740699496575;1.6787204780208416;0.2223205452776992;1
0.021814952963378556;-2.8214535454288345;0.0004758921727944189;0.0336494340776996;0.03232441322082824;0.99064460320441;0.0010448676900708554;0.01937391659019083;0.015934434469760245;0.39789957480371757;0.018354236769654402;0.0387478331803814;0.015892156568270217;0.00025256064039041423;0.02393532209776554;-2.1351312464810484;0.26457431694836475;1
0.02090467979598637;-2.0991107436084397;0.00043700563737272065;0.0336494340776996;0.03800171724609212;1.315748188084773;0.0014441305136519357;0.01937391659019083;0.028058802188420714;-0.3877912033909408;0.0367084735393087;0.0672988681553992;0.019924799020816977;0.0003969976160199492;0.02111117162667092;-0.6017251843689356;0.2913765108862437;1
0.049904968057104135;2.5567415470278276;0.002490505836780584;0.0356887937187723;0.03988499483146313;0.5749179001666036;0.0015908128127058406;0.0326297542571633;0.02929162289673853;-2.0648717131164047;0.0469052717446721;0.0672988681553992;0.02091086198313305;0.0004372641488776391;0.017638344777327328;0.3229854631061322;0.25243864977334696;1
0.04717383138983177;2.8064599425391847;0.0022253703679962775;0.0183542367696543;0.044921496571048006;0.5672076036468722;0.002017940854182678;0.05200367084735402;0.029819315552457083;-2.3510818863262677;0.049964311206281205;0.0672988681553992;0.02297987354273724;0.0005280745880401949;0.017638344777327328;0.4980127597104911;0.28176242607734453;1
0.04881168000367661;0.0779635618908685;0.0023825801047813234;0.046905271744672;0.022117887186177073;0.0694292141785624;0.000489200933580456;0.025491995513408527;0.02161384506580392;-1.0804169544545499;0.028551034975017806;0.052003670847353904;0.024213485770312945;0.0005862928931491475;0.027903794706132065;-0.6582030142128149;0.30455478506222605;1
0.03868069080940274;1.062826426157848;0.001496195841492614;0.038747833180381205;0.0133846328729359;-3.0667581143310785;0.0001791483971432763;0.023452635872336147;0.022230423272515797;-1.8295610435113818;0.0336494340776996;0.052003670847353904;0.027651681468452757;0.0007646154880327737;0.04138468899907786;-1.4845496369999107;0.3742821533201223;1
0.05572715809788381;-0.9054486183563123;0.003105516149666537;0.0703579076170083;0.011322579090438439;4.123345133721355;0.00012820079725923376;0.0040787192821454266;0.02464589540370074;-1.9302074331938808;0.0356887937187723;0.0591414295911084;0.04527749176448292;0.0020500512604828183;0.062282482785359396;-0.9395405310109067;0.526372055462241;1
0.06129285138279311;-2.742768379111668;0.0037568136306331632;0.09992862241256249;0.027752343020815442;2.786659610730588;0.0007701925431450036;0.005098399102681395;0.02827658738423982;0.37986441446080593;0.0265116753339451;0.0744366268991537;0.04515297077755999;0.0020387907700391865;0.06143261464867348;-0.8365331463212158;0.5259637571580924;1
0.05058269725029877;-2.334206304133667;0.0025586092611153827;0.07953502600183548;0.027064768920132598;-3.2834032058937805;0.0007325017167001754;0.047924951565208485;0.026972410559781328;1.2966697644915222;0.015295197308045197;0.0744366268991537;0.041233899460724636;0.0017002344647371473;0.04795172035572769;-0.32954422816122647;0.45066331915420993;1
0.05424179113890579;-2.7011368087002396;0.002942171905956678;0.0968695829509534;0.027962290610384584;-3.3034372877999054;0.0007818896961796018;0.0509839910268175;0.042137582314434235;-1.0463586820407482;0.0479249515652085;0.1060467013357806;0.03997727439624382;0.0015981824681525721;0.04535325263182548;-0.8433982138105675;0.3861850393743812;1
0.046029255178861125;-1.2503698472199254;0.0021186923323207136;0.054043030488426694;0.028681837041703528;-3.315054770831012;0.0008226477760868366;0.0509839910268175;0.042289061595447486;-1.319360127095673;0.0479249515652085;0.1060467013357806;0.02710622018785917;0.000734747172872704;0.020171112411338343;0.7267400325769131;0.2370915295769425;1
0.03455646620338645;1.9652326130369187;0.0011941493564657896;0.009177118384827196;0.02681001785041506;-3.126130516054665;0.0007187770571395741;0.0509839910268175;0.041026117786831316;-0.719564254553107;0.0469052717446722;0.1060467013357806;0.018638615015022945;0.00034739796967823885;0.02619012946731336;-1.8044894339600066;0.1846123113830771;1
0.01963512577042665;-0.630810492839578;0.00038553816402047265;0.0244723156928724;0.039482813751784265;-0.11069720439449544;0.0015588925817580845;0.03874783318038155;0.029362529858143558;0.7982577666265639;0.021413276231263503;0.0795350260018354;0.017609421291855325;0.0003100917182340476;0.01817942369031178;-0.09661952249288557;0.17858359123728543;1
0.028500005381100254;-0.7901831677290557;0.0008122503067227434;0.037728153359844904;0.031142831314483293;2.006841066127459;0.0009698759422823612;0.005098399102681839;0.02127444103657834;0.6873684632985011;0.0209034363209952;0.05404303048842671;0.013845187075677088;0.0001916892051604959;0.004916966605441622;2.0246157656848127;0.13486568719759717;1
0.029833259586678405;-2.0120038970380683;0.0008900233775661389;0.046395431834403804;0.0331795728765441;0.9001743924914246;0.0011008840562699007;0.02651167533394516;0.028115255794763247;2.299784886611081;0.021413276231263503;0.0708677475272764;0.03254104961472226;0.0010589199100278159;0.014416118257927046;4.071189292039198;0.3917940247381445;1
0.06173443454070453;2.1970491561119907;0.0038111404080605326;0.0448659121035994;0.05528696088279145;0.6710455507804317;0.0030566480436553115;0.04282655246252698;0.029144832469914114;-1.85449684602476;0.0387478331803813;0.0708677475272764;0.04397493084357429;0.0019337945426971415;0.014416118257927046;1.8089628836178875;0.47774162277963006;1
0.057169856631401596;-1.591270192241191;0.0032683925072550133;0.07596614662995821;0.054571450184714584;1.8496186042568254;0.0029780431752627857;0.02651167533394516;0.033579064388228275;-1.9706001849384276;0.049964311206281205;0.07698582645049451;0.04421494295928843;0.0019549611808931293;0.019531193920014317;1.481656228927329;0.48574769805095525;1
0.05397613271775745;-1.6911771258830182;0.0029134229031649657;0.07596614662995821;0.04234802847734853;4.020968538526468;0.0017933555159183223;0.01631487712858193;0.04311328795416143;1.808249218478372;0.017334556949118;0.11981237891302121;0.051548929793343544;0.002657292162839062;0.0707244772519104;-1.0036036918563103;0.6725334110755024;1
0.05274859987883494;-1.6667369733565411;0.0027824147891774256;0.07596614662995821;0.0479054218021514;2.71282259246847;0.0022949294380420425;0.01631487712858193;0.022793892693517535;2.7879513379430683;0.0112164780258999;0.0601611094116447;0.05013148668665502;0.0025131659574142698;0.052346944504952975;1.1774747967749555;0.722126409286706;1
0.04734982913357579;1.0414807248875952;0.002242006318978823;0.0336494340776996;0.055111784135864275;2.3373696457719846;0.003037308750638101;0.03874783318038122;0.04316149425082591;1.6481197466233855;0.022432956051799804;0.1182828591822167;0.04902009312466935;0.0024029695299512556;0.06601741817459512;-1.6427433620312673;0.5447668394243845;1
0.08606665497774942;1.6104059924540703;0.007407469099058959;0.0836137452839808;0.029390844744046303;-1.8359203408307974;0.0008638217547686342;0.03874783318038122;0.04384267511613992;2.8967971947171187;0.013255837666972602;0.1182828591822167;0.04402291978822287;0.0019380174666803044;0.06601741817459512;-1.7130389269121846;0.5095702683571903;1
0.07766453455404308;2.082641948203824;0.006031779927496152;0.0571020699500356;0.033960083949615215;-2.7715650724511107;0.001153287301864913;0.061180789232181065;0.05277077050588079;1.8628096789756843;0.0377281533598449;0.1376567757724074;0.047043140565553754;0.002213057074270449;0.07890788806770674;-2.785357012734305;0.5861137263524715;1
0.0861089271075527;2.992902818072165;0.007414747327613824;0.0596512695013766;0.03462710162671592;-2.883316495600345;0.0011990361670669125;0.061180789232181065;0.050376724014044326;2.4199098567550714;0.018354236769654197;0.1376567757724074;0.03726700068966368;0.0013888293404033933;0.06601741817459512;-2.7938610268300637;0.4079378497385607;1
0.08546200525468706;0.8685793478712753;0.007303754342152158;0.0887121443866625;0.029742506509990354;3.1861094146519995;0.0008846166934968186;0.018354236769654197;0.061997874758066916;1.3386499432345123;0.0489446313857448;0.16212909146527982;0.03595945436596195;0.0012930823582977002;0.058476032978257014;-2.446907643080317;0.38723173340978956;0
0.07671150980129561;1.8526012632713578;0.0058846557359942715;0.0290608748852859;0.02085239000225781;1.5490552871602172;0.00043482216880626147;0.018354236769654197;0.0300277961771076;-1.0875755602286052;0.0387478331803814;0.0734169470786172;0.036473328787404787;0.0013303037128341306;0.03375910245005328;0.9246171037210639;0.4901710718391369;0
0.055987293884766066;-2.7448978655067324;0.0031345770765391634;0.0948302233098806;0.01927167884968275;2.4920418108243028;0.00037139760568530945;0.008157438564290631;0.026442953971428342;-2.091087740633737;0.0387478331803813;0.0632201488732538;0.031572455069320486;0.000996819919104261;0.03375910245005328;-0.04554205058044284;0.4396426353356707;1
0.05468659902748873;-2.6182369214900603;0.002990624113193331;0.0948302233098806;0.015548027614945331;2.047728061047534;0.00024174116271510264;0.011216478025899868;0.03872770269161391;-1.3745669497100022;0.0499643112062812;0.09584990313041691;0.03296617763400847;0.0010867688677970004;0.04104979288903871;-0.5317414492147942;0.4685639631061896;1
0.04845679009687436;1.6611432226131402;0.002348060506492541;0.0428265524625266;0.0190136795436713;0.6306920641821657;0.00036152000978942453;0.017334556949117896;0.0389792534327497;-1.52565506427986;0.0520036708473539;0.09584990313041691;0.03619086502891947;0.0013097787115414659;0.03379143882419712;1.3850858116218407;0.6081170012050552;1
0.04351895040863316;2.8088943415297627;0.0018938990446690724;0.020393596410727;0.018958916528024648;0.29791774626222417;0.0003594405159166062;0.017334556949117896;0.03047631766296892;1.2764548712194521;0.020393596410726997;0.0825940654634443;0.04074683874761338;0.001660304867924007;0.013164065707544165;3.682894235163561;0.849625551171704;0
0.03829844648536333;4.180727777682459;0.0014667710031922392;0.0163148771285816;0.01220638095372325;-1.1438239990572125;0.00014899573598741773;0.017334556949117896;0.03490374600799275;-2.158398679436786;0.0499643112062812;0.0825940654634443;0.04026439625759546;0.0016212216059886674;0.019502122023868224;2.9728362530702106;0.7982636144795272;0
0.0077455405383226525;0.3675558452745224;5.999339823079956e-05;0.0071377587437545;0.011954087985819714;4.557360501827965;0.00014290021957271925;0.0040787192821454266;0.03251803552381341;-2.1768811110821;0.0499643112062812;0.0739267869888853;0.01604527478892272;0.00025745084305203904;0.019502122023868224;-0.08228485366622589;0.4324346151531177;1
0.004842137277692748;-1.0987900745774368;2.3446293416021737e-05;0.006627918833486301;0.011510419339534235;4.339135514976394;0.00013248975337192372;0.004333639237279696;0.025193005451066883;-3.055742580699816;0.0428265524625268;0.0504741511165493;0.01677500349373016;0.00028140074221465915;0.019502122023868224;-0.2915157592400644;0.43803882215266504;1
0.004241181674943215;-0.62894684053418;1.7987621999874138e-05;0.0050983991026817;0.002195865755823284;-3.1116818389868617;4.821826417597362e-06;0.003823799327011379;0.021979363510553407;4.938643490209117;0.0025491995513408985;0.0504741511165493;0.016393229832523434;0.00026873798434193626;0.001228701434487639;4.881648099811533;0.3907766287150877;1
0.021418131299057574;4.7133801436007445;0.00045873634834366967;0.004588559192413601;0.0020104766139625854;-2.3251930811298926;4.0420162152904625e-06;0.003313959416743062;0.002634446962936525;1.2283802551310916;0.0025491995513408985;0.0066279188334862;0.012721439147004847;0.0001618350139709474;0.0026197445412370485;4.792289325599758;0.23163783907380314;0
0.02033488029494829;4.5866495898067585;0.00041350735660987626;0.0050983991026818005;0.0033606920562204894;1.3575979162057585;1.1294251096743501e-05;0.0025491995513411414;0.010593143448096086;3.9714331385067516;0.004588559192413501;0.0260018354236769;0.016241650364405377;0.0002637912065595893;0.003466338311073021;2.4561597182501025;0.31457953115619314;0
0.02750159841204413;-2.855750189866733;0.0007563379152173482;0.044356072193331306;0.007339747144329605;2.972751916722006;5.3871888142694595e-05;0.0025491995513411414;0.012501998168920237;-3.2124650706223186;0.0229427959620679;0.024982155603140602;0.020768479120445913;0.00043132972497639786;0.02968681187486532;-2.3239452662103894;0.3612466484487757;0
0.028587428915827807;-2.883172904162199;0.0008172410920175078;0.04894463138574491;0.015825581926347324;2.125441685883439;0.0002504490433075311;0.007137758743754663;0.026075707259146232;1.6889529870356281;0.0239624757826042;0.0642398286937902;0.023957557234385137;0.0005739645486388396;0.03277344709130283;-1.8806302163606254;0.3660020540961012;0
0.029915049526404988;-2.837521594260028;0.0008949101881672634;0.04996431120628121;0.03523229877354939;2.037383994614732;0.00124131487686865;0.01962883654532499;0.032314359783780354;-3.099031329477217;0.0632201488732538;0.0642398286937902;0.02829236854501472;0.0008004581178869384;0.010991313202717568;2.281905266185061;0.36322483832967095;1
0.0264930400185204;4.257278761131602;0.0007018811694229234;0.009177118384827102;0.04213280125232449;0.6511897790835862;0.001775172941367876;0.043081472417661026;0.031925913013753957;-3.0118295222576847;0.0632201488732538;0.0642398286937902;0.028554437543378004;0.0008153559034186752;0.019217553019743414;1.2927742324409586;0.3744995753634694;0
0.06735060474466235;2.9202793807299208;0.004536103959471735;0.007137758743754502;0.04288402263007518;-0.8764528527153898;0.0018390393969368005;0.05098399102681761;0.03046608097757822;0.8145022904563651;0.027531355154481497;0.0754563067196901;0.030341428108111627;0.0009206022596397063;0.029400174677154278;0.7253596999577864;0.30657206276026217;1
0.05655041690662673;4.838816072526979;0.003197949652313295;0.007137758743754502;0.04338375161610231;-1.2877627081861778;0.0018821499042876598;0.05098399102681761;0.014645811448369232;3.446822568489656;0.0030590394616090005;0.03874783318038139;0.028862201734107036;0.0008330266889402913;0.021495496690874222;1.1565951264282799;0.2838294587881458;1
0.06403962711695152;3.606365722008642;0.004101073841278192;0.014275517487508901;0.03960770351401317;0.41731500752321554;0.0015687701776539713;0.028551034975017764;0.016451326011822608;-2.2482451392935183;0.023452635872335995;0.03874783318038139;0.029011204970750236;0.0008416500138548833;0.022759704302419415;1.0881943838969264;0.2860058831061529;1
0.07349833473020453;2.8774662593285876;0.0054020052081131895;0.0418068726419904;0.026535195973201423;1.2583611019140502;0.000704116625336205;0.028551034975017764;0.02351241046955174;-1.4178187720772566;0.030590394616090498;0.05812174977057209;0.02891581126894124;0.0008361241413410293;0.006952348372245121;3.3287942921454223;0.2968649351359177;0
0.08366782056896889;2.764969675499342;0.007000304198761175;0.055062710308963;0.012946320177916849;-2.4270437598901595;0.00016760720614913694;0.022432956051799735;0.028226903432191218;-2.7440688786773824;0.0499643112062812;0.0622004690527175;0.024377701348252408;0.0005942723230245873;0.019205143577520484;2.551560534325683;0.23138451035566993;0
0.0296987765094085;0.7913861854257777;0.0008820173261557941;0.0234526358723361;0.02194800117637843;1.2026994660859138;0.0004817147556383089;0.017334556949117896;0.02247463151438771;-0.09287986303802025;0.026511675333945203;0.054043030488426604;0.008615162369436553;7.422102265175565e-05;0.009133194593985969;0.4353260464145971;0.0898288399380342;0
0.01940876902487627;-0.8745632470922414;0.0003767003150609966;0.02345263587233609;0.026348416070806246;0.9603439515239435;0.0006942390294403208;0.017334556949117896;0.014606713228893436;1.691574615551205;0.010196798205363504;0.03874783318038141;0.013001269113166593;0.00016903299855297965;0.019205143577520484;-1.6692830732101396;0.12911218100243624;0
0.024323157829869622;0.7852237066851219;0.0005916160068167479;0.024472315692872393;0.02604279030018906;1.715919581624508;0.0006782269266196214;0.011216478025899868;0.006670919642620514;1.0940911870026113;0.004078719282145406;0.0183542367696543;0.02136048760410775;0.00045627043068524083;0.019173487558651087;0.9732263980913013;0.19014547047167663;0
0.04387645655825195;1.0375116553792327;0.001925143440108171;0.037218313449576906;0.02590669117143369;1.8172655715160804;0.0006711566474520403;0.009177118384827265;0.021418131299057404;3.3276313507462043;0.009177118384827203;0.0550627103089629;0.03920278882998979;0.0015368586520487723;0.036394699600940425;1.3052300982024978;0.2932460781217145;1
0.04956787264026365;0.11118354637353652;0.0024569739980813974;0.0576119098603039;0.025856474626503465;2.166441326499754;0.0006685572801110175;0.0040787192821454266;0.044741756521937355;0.7963870605553005;0.0458855919241358;0.10910574079738951;0.04093230171435095;0.0016754533236346578;0.046125978784563856;0.9252249678210612;0.3107066487613704;1
0.049758912565196434;0.07714925367831545;0.0024759493796708636;0.0586315896808403;0.015254355586793741;3.5660789626893177;0.00023269536436834544;0.0040787192821454266;0.04239342613640732;-2.023279015574534;0.06525950851432641;0.09992862241256241;0.04240021493335661;0.0017977782263948372;0.046125978784563856;0.671144924633675;0.3252544411177226;1
0.06267340725033303;-0.6216070762165474;0.003927955976366097;0.0678087080656674;0.0057501263097263985;-2.4166370001181563;3.306395257780773e-05;0.008157438564290853;0.05600168465582613;-0.05701478948103519;0.05404303048842661;0.1488732537983073;0.04222131022914918;0.001782639037466057;0.046125978784563856;0.639597321259964;0.3225287166055012;1
0.06651564600759564;2.8619515876901644;0.004424331163807775;0.0458855919241358;0.0069756832370702695;-2.8142121411350103;4.8660156623943156e-05;0.01223615784643628;0.06375649494672013;-0.5750137466392928;0.0744366268991537;0.16110941164474352;0.04696063833602081;0.0022053015529265472;0.07735154204134188;-2.5556594808461384;0.34239787650685233;1
0.022998244858059933;-2.667577854780125;0.0005289192665512802;0.0367084735393087;0.007079251537762732;-1.0019627761228591;5.0115802334916005e-05;0.009177118384827265;0.05188857958964775;-0.8777765271480066;0.05812174977057209;0.1325583766697257;0.03419931415544394;0.0011695930887027479;0.041595058705467466;-0.25101538138842966;0.271384349505471;1
0.02438079825487775;-1.8448374069704343;0.00059442332354505;0.0356887937187723;0.007765650153832842;3.5413198573128946;6.030532231172405e-05;0.0020393596410728243;0.047576560201032576;2.276561302243574;0.009177118384827196;0.1325583766697257;0.030948956284497054;0.0009578378950997096;0.02002727318222146;1.0428022774126606;0.23580528370829987;1
0.01731955516617006;3.3170375665739535;0.0002999669911540081;0.009177118384827203;0.007765650153832842;3.5413198573128946;6.030532231172405e-05;0.0020393596410728243;0.025579537663573872;3.9615314426370154;0.009177118384827196;0.06423982869379011;0.025596041221087027;0.0006551573261915862;0.02002727318222146;1.796863475424806;0.18945716362947787;1
0.01731955516617006;3.3170375665739535;0.0002999669911540081;0.009177118384827203;0.007765650153832842;3.5413198573128946;6.030532231172405e-05;0.0020393596410728243;0.025579537663573872;3.9615314426370154;0.009177118384827196;0.06423982869379011;0.025596041221087027;0.0006551573261915862;0.02002727318222146;1.796863475424806;0.18945716362947787;1
0.01731955516617006;3.3170375665739535;0.0002999669911540081;0.009177118384827203;0.007765650153832842;3.5413198573128946;6.030532231172405e-05;0.0020393596410728243;0.025579537663573872;3.9615314426370154;0.009177118384827196;0.06423982869379011;0.025596041221087027;0.0006551573261915862;0.02002727318222146;1.796863475424806;0.18945716362947787;1
0.01785167880086831;0.7411414991656985;0.000318682436009371;0.014275517487508901;0.010363679777523711;2.0680280651379306;0.00010740585853105393;0.006118078923218029;0.013917789129491973;3.0449811698803493;0.008667278474559004;0.034669113898235904;0.011834512231692578;0.00014005567976208125;0.001624695060550567;2.7282618406695938;0.18659868469238183;1
0.01785167880086831;0.7411414991656985;0.000318682436009371;0.014275517487508901;0.010363679777523711;2.0680280651379306;0.00010740585853105393;0.006118078923218029;0.013917789129491973;3.0449811698803493;0.008667278474559004;0.034669113898235904;0.011834512231692578;0.00014005567976208125;0.001624695060550567;2.7282618406695938;0.18659868469238183;1
0.01785167880086831;0.7411414991656985;0.000318682436009371;0.014275517487508901;0.010363679777523711;2.0680280651379306;0.00010740585853105393;0.006118078923218029;0.013917789129491973;3.0449811698803493;0.008667278474559004;0.034669113898235904;0.011834512231692578;0.00014005567976208125;0.001624695060550567;2.7282618406695938;0.18659868469238183;1
0.021743342245045757;-1.3434268064714487;0.0004727729319851914;0.0295707147955541;0.010408728585846698;1.157544365073779;0.00010834163077382221;0.008157438564290853;0.01401827988668044;3.332488242208534;0.008667278474559004;0.034669113898235904;0.012525076807426483;0.00015687754903193277;0.007687887779555515;2.478291919989829;0.20213051499479182;1
0.023657890351191237;0.553229873847922;0.0005596957758689874;0.0254919955134087;0.010408728585846698;1.157544365073779;0.00010834163077382221;0.008157438564290853;0.014099631705878326;1.965386867898027;0.012745997756704402;0.034669113898235904;0.012498193353952632;0.00015620483711278573;0.00799176639384093;2.061906149227408;0.20044893560322002;1
0.011511548420839495;1.0365383020071472;0.0001325157470453323;0.0107066381156318;0.009822856799259535;2.0279289907847526;9.648851569875928e-05;0.0020393596410728243;0.012650812115700811;2.651045939412011;0.007137758743754503;0.0331395941674314;0.012754471212142099;0.00016267653590136153;0.00799176639384093;2.7410050474109062;0.20817038397405715;1
0.035604205718846024;4.51880766798642;0.0012676594648699077;0.0107066381156318;0.005945703981692021;3.5787197231832812;3.535139583790835e-05;0.0020393596410728243;0.006026040304717999;-2.0520657570315017;0.009177118384827099;0.014275517487508903;0.012960287673186776;0.0001679690565717571;0.00799176639384093;2.8058579573956997;0.21119153107489236;1
0.03478812220619716;3.2805921009576173;0.0012102134466333082;0.0224329560517997;0.006825002765649613;3.7643494897957646;4.658066275112487e-05;0.004078719282145649;0.009806966483976413;1.0789262235156016;0.007137758743754503;0.026511675333945106;0.01219420709321414;0.00014869868663219403;0.01753703740095587;-1.5400086114458358;0.18421938850416397;1
0.0327124983294182;1.6559633143798596;0.0010701075469521887;0.0249821556031404;0.011679674569818535;1.6686496133253605;0.0001364147980568658;0.004078719282145649;0.02922143342695437;3.118515738481939;0.014275517487508903;0.0754563067196899;0.019996606594565453;0.0003998642752978186;0.01753703740095587;0.8808023434160978;0.3253546033548411;1
0.029003573209205415;2.74298428558483;0.0008412072589017381;0.0224329560517997;0.014010860844146116;-0.07891051422005428;0.00019630422159402683;0.016314877128581595;0.03171679619658564;2.3039951525348976;0.026511675333945106;0.078515346181299;0.021189187953820056;0.00044898168614231293;0.020224651251505535;0.9066836942010426;0.32921129180203534;1
0.03615624182830804;1.3185851226309235;0.001307273823147092;0.0224329560517997;0.013904709375792803;0.3618045774260897;0.0001933409428252603;0.014785357397776644;0.041325347464381414;-2.918151553692935;0.0754563067196899;0.0876924645661262;0.025785819189775405;0.0006649084712877896;0.04488251566668303;-3.206637371402909;0.4338715641364916;1
0.028900323770113437;0.6158644204631495;0.0008352287140173837;0.0224329560517997;0.01588705664411423;-2.7959571125990395;0.00025239856881329413;0.028551034975017653;0.042808340021787135;-3.1771142296665196;0.0754563067196899;0.0876924645661262;0.02213212258216605;0.0004898308499920244;0.04219490181613337;-2.95913895004138;0.41659100943713945;1
0.035910974996902205;-1.7075583525659621;0.0012895981252281352;0.0530233506678901;0.01805582044414084;-2.5941754855336554;0.00032601265191105425;0.030590394616090477;0.05514479000699465;1.7586790004663264;0.0173345569491179;0.1549913327215254;0.026599956291697497;0.0007075576747202173;0.04488251566668303;-2.361210756373527;0.4724873785151953;1
0.046443029827742316;0.44046435846776194;0.0021569550195805623;0.037728153359844904;0.0195156168953644;-2.2407243629602243;0.00038085930280663246;0.030590394616090477;0.06101231008355334;-0.040281367269336954;0.06627918833486271;0.1549913327215254;0.028039807457908777;0.0007862308022765967;0.038481382332735826;-1.5079842560059429;0.3994575215657425;1
0.04580394489873302;1.1000028677272933;0.00209800136828617;0.030590394616090505;0.019359152440864787;0.5813659891426646;0.00037477678322864097;0.022942795962068274;0.036969546222664004;-2.390540538780909;0.05404303048842661;0.0846334251045171;0.027808047656413364;0.0007732875144613568;0.038481382332735826;-1.5042112983733251;0.4029456771601944;1
0.045533014299512786;0.8857243747290001;0.0020732553911996356;0.030590394616090505;0.018953431523851413;3.5812985228731478;0.00035923256652932445;0.011216478025899868;0.03408385617927976;-0.1424592274232701;0.03670847353930871;0.0846334251045171;0.026922337143846186;0.00072481223728692;0.038481382332735826;-1.7282102248282432;0.38708003875326713;1
0.03304454921188636;0.6701231033937821;0.0010919422326167796;0.030590394616090505;0.019727576594653122;-0.7276512737393297;0.00038917727829790565;0.027531355154481574;0.018898493925615104;2.9458248317150577;0.008157438564290902;0.0499643112062813;0.02505232404249955;0.000627618939930401;0.020107616222410238;0.9010878892242017;0.3421180599179343;1
0.04255621240003949;1.8756312487820044;0.001811031213837275;0.021413276231263302;0.033638617553252176;2.743823229728328;0.0011315565908939654;0.027531355154481574;0.033421551935603436;0.5379886288995278;0.03670847353930871;0.078515346181299;0.023209913989953004;0.0005387001074210161;0.0013180740443609062;2.057473808163093;0.3356592097769262;1
0.024603671806812614;1.1932498544652586;0.0006053406663773459;0.021413276231263302;0.0322322065465571;3.1310558855410897;0.0010389151388599184;0.01835423676965431;0.03257075067016648;-1.033290881376831;0.04180687264199041;0.078515346181299;0.01892734645420128;0.0003582444437973657;0.03331565114797707;-3.294334112823245;0.33539559269440317;1
0.07287893574455052;3.1416715630801875;0.005311339275258323;0.0316100744366268;0.029412063019997874;3.782659948224861;0.0008650694510923264;0.016314877128581706;0.034873944306855545;-1.308170441898523;0.044865912103599505;0.0846334251045171;0.05424062517131765;0.0029420454189753777;0.03331565114797707;3.1364294981312617;0.7154959809541431;1
0.07859674594591724;-1.6407958676460173;0.006177448473287058;0.1080860609768532;0.030282945661094095;-1.918120536196336;0.0009170567979127776;0.04282655246252687;0.05988568387404525;-0.5361908195893245;0.078515346181299;0.14479453451616192;0.052360420499006174;0.0027416136348327458;0.05675097539128661;-0.9686393855696037;0.5561488047703225;1
0.08154538334238934;-1.9100087000056998;0.006649649544457228;0.1238910981951667;0.032712498329418215;-2.264907076370362;0.0010701075469521895;0.0509839910268175;0.05272543393730266;0.9265383905887651;0.0336494340776995;0.14479453451616192;0.05988298116409151;0.003585971433098939;0.08977487718042154;-1.7072952665075423;0.6974751685251367;1
0.06938844383922561;-1.0649955877133703;0.004814756138429368;0.07647598654022639;0.021602116143958745;3.8511520434645923;0.000466651421897083;0.010451718160497725;0.056009342752019;-0.5324261708226885;0.0627103089629855;0.14479453451616192;0.06235959743497609;0.0038887193922522772;0.08977487718042154;-1.884919591369826;0.7686566958117899;1
0.07000939273329988;-1.1756749070917667;0.0049013150708854215;0.0815743856429082;0.019862501810791768;3.9226713018009014;0.00039451897818370624;0.005098399102682061;0.05544963173302958;1.8674340100657443;0.0356887937187723;0.14479453451616192;0.061682854835497646;0.003804774580657075;0.0858595857268992;-1.844117390224871;0.7530465293833368;1
0.044590739623473735;2.3003658334981956;0.0019883340601684306;0.009686958295095301;0.0197595033201318;3.922115342424135;0.0003904379714582996;0.0040787192821454266;0.0236364553731306;1.9780830201470607;0.0025491995513408014;0.06678902824513111;0.03926465290483254;0.0015417129677369745;0.005464756048464303;4.43353537005265;0.6849290044316043;1
0.022033697789585704;4.4048026856059295;0.0004854838382827939;0.008157438564290801;0.004988881867742713;3.252547907477729;2.4888942290292028e-05;0.0012745997756704597;0.01525520757124457;4.908779680435916;0.0010196798205363011;0.0356887937187723;0.007119265759731609;5.068394495768688e-05;0.004381925347084696;3.3380214877979433;0.17477311113649235;1
0.0037395984135603745;3.6705545804893873;1.3984596294703271e-05;0.0010196798205363011;0.001971307732148661;1.9541727721162907;3.886054174829096e-06;0.0012745997756704597;0.0011626138728460308;-2.507396461558509;0.0020393596410726994;0.0025491995513408014;0.0021611442433528668;4.670544440577235e-06;0.0017987125576225393;1.5252963997204034;0.04902212933295517;1
0.007285539177280123;0.3522549477617183;5.307908110368352e-05;0.0071377587437545;0.0019877219016639688;4.168975069251803;3.951038358354625e-06;0.0;0.02748789003704095;4.980964049714847;0.0020393596410726994;0.062200469052717394;0.024588844897896662;0.0006046112934128187;0.0017987125576225393;4.8893103454328966;0.4507081340830616;1
0.007927969620648694;-2.3579666151506564;6.285270230592858e-05;0.0112164780258999;0.012206380953723202;4.973374583452838;0.00014899573598741654;0.0010196798205366342;0.031483182089470325;3.5728036710807416;0.0020393596410726994;0.0836137452839808;0.02508058543589384;0.0006290357658071703;0.0017987125576225393;4.699604351275791;0.4651873502619694;1
0.007596443573851117;-2.3827611395180504;5.770595497070393e-05;0.0112164780258999;0.013857895192082763;3.616326860836677;0.00019204125915475058;0.0010196798205366342;0.037783918947568704;2.0191943214876296;0.023452635872336102;0.09941878250229419;0.02803695920716387;0.0007860710815841708;0.007901970746444442;3.753978317025369;0.5594410442219735;1
0.03614761368313606;4.252107533888108;0.0013066499749852453;0.0152951973080453;0.013981145305192271;0.7586294703485971;0.0001954724240448999;0.011216478025899868;0.0382678921889529;2.5630937263443214;0.023452635872336102;0.09941878250229419;0.02865193190769829;0.0008209332020433795;0.029961940740642033;0.18757451038254538;0.5220095177219415;1
0.03638842842878649;-1.2786118036277223;0.0013241177235169168;0.045885591924135695;0.016019036921917397;-0.33235462542913297;0.0002566095439057528;0.02039359641072691;0.03832355065784745;2.315766073335235;0.0254919955134088;0.09941878250229419;0.028248665968504862;0.0007979871290001647;0.029961940740642033;0.14558727635914437;0.5025779991655023;1
0.03497219354427111;-1.3209716607581872;0.0012230543212979582;0.045885591924135695;0.023009544541765407;-0.4895461605438622;0.0005294391400194863;0.022432956051799735;0.01651912780568504;-0.6378554864308796;0.020393596410726997;0.0412970327317222;0.015578356978778789;0.00024268520615826578;0.01450081255311314;-0.054122467308094;0.3372523677248143;0
0.07387437796573179;2.1582381457695803;0.005457423719823799;0.0428265524625267;0.015704393439933455;1.7098761833533018;0.0002466279733162249;0.006118078923218029;0.03501156452773064;2.127264635850622;0.0163148771285817;0.09534006322014879;0.06734665606984075;0.004535572083789417;0.019015091154632936;4.107372298153891;0.8659049738477994;0
0.06001402659146393;2.588494525012121;0.00360168338772094;0.040787192821454106;0.02280073394004069;-0.2375800000000036;0.0005198734682045235;0.022432956051799735;0.027450038339055894;1.4866078299382366;0.0224329560517997;0.0703579076170083;0.06090060512986279;0.00370888370518347;0.04644023498718979;2.867538938302708;0.6601988397271641;1
0.06402744896428086;-1.5804108084144122;0.004099514220873591;0.09279086366880801;0.023032127278128166;1.475429271093945;0.0005304788869558956;0.018354236769654197;0.026407541919867307;-2.629379935896518;0.0448659121035994;0.0591414295911084;0.06402466369617071;0.00409915756140776;0.10060911034547781;-1.8307107378568286;0.5859016276818404;1
0.07508195482153199;-1.2539489074945773;0.005637299939822571;0.0978892627714897;0.023303644025912448;0.08762440418673378;0.0005430598248864449;0.023452635872336036;0.023640304108024174;-0.4634981070845505;0.027531355154481504;0.0591414295911084;0.07013286253634052;0.004918618407541235;0.09697919554812949;-1.4751860701003896;0.490959472909649;1
0.05217632991692507;-1.0896392484949604;0.0027223694035998103;0.062200469052717394;0.01903007771795144;1.7756703347847171;0.00036214385795127187;0.01223615784643628;0.013962540978514572;-0.20501333333302676;0.014275517487508896;0.0367084735393087;0.04891348169044834;0.0023925286910818247;0.06525060710861832;-1.5364775972415323;0.3072587371313919;1
0.048542543011093134;2.115849477682275;0.0023563784819838267;0.021413276231263406;0.026324728547824167;0.3328615349636455;0.0006929913331166286;0.023452635872336036;0.010448608918078625;1.179591836737038;0.008157438564290798;0.027531355154481504;0.04465927166466766;0.0019944505456185877;0.027029922165856618;1.3894773631928057;0.29468536369875764;1
0.04524322925818288;2.632031878984654;0.0020469497937084954;0.021413276231263406;0.01924738510662012;-0.4140561509051466;0.000370461833442542;0.023452635872336036;0.009662777804003077;0.7192672655478513;0.008157438564290798;0.02549199551340879;0.036987490936380804;0.0013680744857688522;0.027029922165856618;2.7759204977032135;0.23460110890663635;1
0.04584251855941131;0.6721421152677157;0.0021015365078699702;0.0418068726419904;0.022379591132731542;1.607015651827157;0.0005008460992682363;0.01733455694911812;0.014044215671827264;1.177446618953951;0.008157438564290798;0.0387478331803814;0.03690997102137296;0.0013623459607985916;0.03248886234341283;1.9014361224316;0.23116277874508515;1
0.054405437031323244;1.5643402582289454;0.002959951578569278;0.04486591210359951;0.022271310603867337;1.5851667087934562;0.0004960112760139337;0.01733455694911812;0.02834453135550616;1.2595736389229775;0.021413276231263406;0.07545630671969;0.05652261113548461;0.003194805569573209;0.028197531968787937;3.6085597971166954;0.46978839870363065;1
0.05826959419963869;-1.8442294257052143;0.0033953456081905666;0.08514326501478542;0.022316782531089287;3.611210779677554;0.000498038782539932;0.006627918833486568;0.02816975083076501;1.1065488492674913;0.021413276231263406;0.07545630671969;0.05879737594611802;0.003457131418149138;0.07742336683005217;-0.5455590393932326;0.5333755523183843;1
0.057727297862777346;0.2758729748536967;0.0033324409185378177;0.0672988681553992;0.006412643084951637;1.8413616523435674;4.112199133497804e-05;0.0040787192821452045;0.030914970223941626;-0.033324471046442504;0.0367084735393087;0.07545630671969;0.05265253763010243;0.0027722897188893524;0.04922583486126424;0.144696095481932;0.5371074954515979;0
0.06050534667076485;3.669974953016973;0.0036608969757494347;0.035178953808504096;0.007582743934976359;1.4318618811086938;5.7498005583420754e-05;0.006627918833486568;0.028390347393159786;0.7793774182312406;0.026511675333945203;0.07341694707861729;0.04982966915943987;0.0024829959285392333;0.016390573822151894;1.7858357000682012;0.559766798732148;0
0.015566406892090793;0.6158183498066011;0.00024231302353013172;0.0163148771285816;0.008512952570507487;2.3759877853228986;7.247036146771003e-05;0.005098399102682061;0.028529176325667083;2.5935425260888585;0.018354236769654295;0.07341694707861729;0.028618841071154352;0.0008190380642559912;0.00416997110021719;4.154235757323775;0.392562331594899;0
0.014291895803481105;1.4712408291135344;0.0002042582856575608;0.008157438564290798;0.010257796545291544;1.1182216563295124;0.00010522238996459512;0.009177118384827265;0.012034814009438718;-1.2523029463850814;0.017334556949117993;0.02855103497501779;0.008943011055496818;7.99774467387383e-05;0.00416997110021719;1.6704600367007565;0.10831891858346826;0
0.01154536951542235;0.8391845814084155;0.00013329555724764372;0.008157438564290798;0.010408728585846719;1.1575443650737185;0.00010834163077382264;0.009177118384827265;0.016432354651279662;-0.2710437638032441;0.017334556949117993;0.0428265524625268;0.012362186013735312;0.00015282364303819296;0.01256309254023931;-0.5013417586503053;0.1556942069661878;0
0.014066408283518775;-0.004978725138564973;0.00019786384199864564;0.015295197308045301;0.012073629134794086;-2.4382829654396736;0.0001457725204845486;0.020393596410727244;0.014264588162833632;-2.3480899638670394;0.023452635872336106;0.0326297542571633;0.008617522858938131;7.426170022432122e-05;0.013119430294566456;-2.3843602562267336;0.11651767965374572;0
0.010313394765771821;-2.186685701043372;0.00010636611159464958;0.015295197308045301;0.012163716087241072;-2.5716327584819254;0.00014795598905100726;0.020393596410727244;0.010483379759335203;-1.3501287537488693;0.013255837666972609;0.025491995513408805;0.007723335564239557;5.964991223784756e-05;0.0115505755037381;-2.1852416992026824;0.10540684368608558;0
0.009922904558542365;-1.558001759600663;9.846403487794085e-05;0.013255837666972602;0.010104610292107699;2.4347638864115084;0.00010210314915536884;0.005098399102682283;0.009194097341776317;-2.3420614280091776;0.013255837666972609;0.021413276231263406;0.0067501632269989535;4.556470359112892e-05;0.009160136110306472;-1.6369381985380862;0.0931316325490725;0
0.006740692925885256;1.5498326952163832;4.543694112107953e-05;0.004078719282145399;0.016305314827987614;2.060991597291506;0.0002658632916397928;0.005098399102682283;0.008901051429711667;-1.7580135160535508;0.012236157846436307;0.021413276231263406;0.007704400511265093;5.935778723798183e-05;0.0115505755037381;-1.9207321331306737;0.10345769747392683;0
0.020939467115561876;2.9542432138744226;0.00043846128308369723;0.013255837666972602;0.017364521633452028;1.9227147740784574;0.0003015266115586235;0.012236157846436502;0.00998036855571925;-0.02307782829851372;0.00917711838482721;0.026511675333945203;0.005082945712250094;2.5836337113681613e-05;0.0023904393934316287;3.8987044285199346;0.06542173651742149;0
0.030291528046319873;-1.9804765305879972;0.0009175766713809834;0.0448659121035994;0.017755316700054202;1.7606415473297712;0.00031525127111922365;0.012236157846436502;0.00644902143401342;-0.4968750001425721;0.007137758743754399;0.016314877128581706;0.0018875516814863878;3.56285135028209e-06;0.0023904393934316287;-1.3240501674362406;0.023818482486968964;0
0.0263188033359366;-1.5511333766725397;0.0006926794090357074;0.0336494340776995;0.017918533811757988;2.0798398111358067;0.00032107385396311426;0.012236157846436502;0.011285787509523242;0.7791753435986877;0.00917711838482721;0.029570714795554204;0.010367401946674385;0.00010748302312390782;0.003378117223859403;4.4246666635820375;0.13936416178829567;0
0.027939971364622278;-1.870391348145791;0.0007806419998559129;0.0428265524625267;0.0224260026117241;1.9895211985996764;0.0005029255931410561;0.01325583766697258;0.0125921168912293;-1.9352862133854043;0.019373916590190707;0.029570714795554204;0.010274687556979316;0.00010556920439354559;0.009808055018037054;1.619066098193451;0.14108734855683447;0
0.0242364401619605;-1.1186512287510126;0.0005874050317242919;0.0305903946160904;0.013096039751034405;0.0023251003983103167;0.00017150625716067327;0.01325583766697258;0.01264361860674758;-1.8700376759854105;0.019373916590190707;0.029570714795554204;0.009987434615241559;9.97488501937253e-05;0.014889032054286676;-1.959989637397219;0.14490195639852954;0
0.02450522073197966;1.5504168873850592;0.0006005058431230456;0.0219231161415315;0.018203498252631626;-0.7986313387389762;0.0003313673486335626;0.02090343632099534;0.008451663418008565;0.5702201839384422;0.008667278474559004;0.021413276231263406;0.00792605075212199;6.282228052521356e-05;0.008459094260109025;-0.7334196262906545;0.11887436841698139;0
0.010621324898541867;2.2190798275389376;0.00011281254260038542;0.006118078923218098;0.01934572070925337;1.3086293972741732;0.0003742569097604348;0.02039359641072691;0.004468013113124929;-1.8974812826398366;0.006118078923218105;0.010706638115631703;0.005654654861274997;3.197512160014095e-05;0.00701912828793725;-0.704700019032046;0.08814393520897713;0
0.010817740877504969;0.7537604590760149;0.00011702351769284199;0.009177118384827099;0.019908579360645672;3.5530403278596054;0.0003963515321591269;0.012745997756704153;0.012438422091956376;3.407208948465841;0.0076475986540227026;0.030590394616090505;0.009931199837770544;9.862873021773367e-05;0.006186802453574197;2.831315131186654;0.1412123044102525;0
0.008973761765552072;-0.4551115049549305;8.052840022488422e-05;0.011216478025899902;0.016849418416861973;2.9919806243074354;0.0002839029009864874;0.012745997756704153;0.011368401127495762;1.935683755014729;0.008157438564290805;0.029570714795554204;0.009964976704994695;9.930076073108693e-05;0.008210958467066418;1.9680542580551699;0.14088162019357908;0
0.009538231331635595;0.025142857109764567;9.097785693579493e-05;0.011216478025899902;0.016900250987235736;2.4912201933498785;0.0002856184834315625;0.014275517487508882;0.011679674569818688;-0.8593169058611719;0.014275517487508903;0.029570714795554204;0.008598509204927402;7.393436054722126e-05;0.004244681255027749;2.380005235096366;0.11781080905927799;0
0.008976657928856642;-1.05015608745083;8.05803875717048e-05;0.0112164780258999;0.01788659085273271;1.96879064048746;0.0003199301323330615;0.014275517487508882;0.013149521494139131;-0.5597509951798697;0.016314877128581595;0.0326297542571633;0.010800013032201431;0.00011664028149572077;0.01478996575444698;-2.101930200733483;0.13997697207912335;0
0.007531148344118397;-2.1987203022649595;5.671819538111727e-05;0.0112164780258998;0.018288974532290996;-1.6481479674201367;0.00033448658944278863;0.02549199551340875;0.00884833002953685;-2.71535372454753;0.015295197308045308;0.019373916590190693;0.009624290927365428;9.262697585456849e-05;0.01478996575444698;-2.7970354599504295;0.123401344087004;0
0.0060325071715100565;1.37780612224462;3.6391142774320264e-05;0.0061180789232181;0.018288974532291023;-0.03409285590257246;0.0003344865894427897;0.021413276231263434;0.007878635167566943;0.28273696790977354;0.00917711838482721;0.019373916590190693;0.008296164076994515;6.882633839241425e-05;0.0063079656821264235;1.5067300193248734;0.10873743186195342;0
0.014888722135979651;4.3996228404599975;0.00022167404684241048;0.0035688793718772994;0.015819832097517927;-0.4076239344150932;0.0002502670875936585;0.016314877128581706;0.01170190888381354;-0.3798409791049456;0.013255837666972595;0.0295707147955543;0.013035206934979077;0.00016991661983772665;0.016604819344346183;-1.0084456669790203;0.15910420517110133;0
0.018249135424228142;-3.1539637948720034;0.0003330309437318185;0.0305903946160904;0.018077401973551517;-0.5482672431674563;0.00032679246211336424;0.023452635872336258;0.014857263361724563;-1.593304740115092;0.02039359641072709;0.0367084735393087;0.01638390054101037;0.00026843219693771986;0.021858812375463832;-1.446486736344717;0.1838119463412481;0
0.020135772094774733;-2.5976169498175494;0.0004054493178527089;0.0305903946160904;0.010272989537886202;-0.11604261205078477;0.00010553431404551938;0.01223615784643639;0.029346590729207655;0.8103238380536387;0.02753135515448149;0.07545630671969011;0.029549235319429167;0.0008731573079630001;0.030499074706640233;0.18753731340310273;0.29544025711566324;0
0.02515325050177224;-1.8257255303368052;0.0006326860108049055;0.0316100744366268;0.010272989537886202;-0.11604261205078477;0.00010553431404551938;0.01223615784643639;0.026387848023534253;-1.3212103088329858;0.032629754257163204;0.0662791883348629;0.026869175152248886;0.0007219525733622289;0.03638190505058295;-1.5438050995025907;0.23624696531826464;0
0.05268203201620709;2.4325738148884994;0.0027753964973566683;0.017334556949118;0.009384378802768286;0.5920890315008703;8.806656551384675e-05;0.007137758743754441;0.019837948871564964;-1.803234976409558;0.026511675333945106;0.04588559192413581;0.025508648904998855;0.0006506911689584993;0.03499632784160897;-1.8134933340100747;0.1954799685475146;0
0.05211152510254471;1.7591200669839395;0.002715611048513147;0.0244723156928724;0.006473160088958461;1.9282798367086282;4.19018015372847e-05;0.005098399102681839;0.017102070436408177;-1.881573149094366;0.025491995513408805;0.039767513000917715;0.019224759979846615;0.00036959139628271195;0.009441293999861183;1.4651802055429937;0.13998803368528706;0
0.05322689594864019;1.3903577994292486;0.0028331024523273692;0.034669113898235904;0.008610107813840995;3.190536795123274;7.413395656596575e-05;0.005098399102681839;0.014836253787186183;1.8803558211998528;0.009177118384827099;0.039767513000917715;0.011437593994611849;0.00013081855638558105;0.007286621332115745;2.9777185035529925;0.08005405135966838;1
0.04514315003809252;2.632133746355631;0.002037903995361733;0.034669113898235904;0.008377524587108718;3.290534979423917;7.018291820761111e-05;0.0040787192821454266;0.014431261599830188;-3.0084753050114403;0.025491995513408805;0.030590394616090505;0.02024693042782929;0.0004099381917493595;0.0021866088776587578;2.021139167879607;0.1498526135901193;0
0.045340794464455166;2.7942058074224527;0.002055787642667968;0.034669113898235904;0.009649318015042879;3.341325088124414;9.310933815543104e-05;0.0040787192821454266;0.014250002690550214;-2.947932323585953;0.024472315692872504;0.030590394616090505;0.020227340329484676;0.00040914529680479724;0.0025254766507010196;1.9778536600449037;0.1502765107506542;0
0.017159729962649282;-1.7099746840019492;0.0002944563323910436;0.024472315692872403;0.011195601510598327;-2.6630148594828214;0.00012534149318411156;0.017334556949118007;0.012748036953222859;-2.4000427349102686;0.019373916590190693;0.029570714795554204;0.014709525698709956;0.0002163701462810086;0.022249756008747318;-2.5455155444344384;0.11805141231930602;0
0.010684765491938286;4.6994037843064875;0.00011416421361771519;0.0020393596410726994;0.012590052440540503;-2.007937803027166;0.00015850942045555986;0.017334556949118007;0.04706349858045186;3.6530606272438626;0.024472315692872504;0.1162434995411441;0.04045011222029901;0.0016362115786347836;0.02899339889563768;2.8699370778846593;0.384958129169967;0
0.011794835314303137;-2.4202175792936487;0.00013911814009153237;0.018354236769654298;0.015019091112778549;-2.4632543473252966;0.0002255730978539436;0.023962475782604353;0.07496900736143636;-0.943444114554565;0.09177118384827171;0.1764046089527888;0.04030903087625348;0.0016248179701827564;0.053985708839782785;-1.9055812228467073;0.4508909405617193;0
0.012095139269671734;-2.964176982901542;0.00014629239395275528;0.021413276231263403;0.016057933871748406;-2.884148795200314;0.00025785724022944474;0.02549199551340886;0.07409852661892306;-2.0590098101242873;0.10298766187417151;0.1764046089527888;0.044625691023825124;0.001991452299353906;0.07402608974476876;-2.4367485376091906;0.5870542518698207;0
0.011657397848090492;-2.9808476399078025;0.00013589492458866484;0.020393596410727004;0.016132224216864367;-2.9018362144411936;0.0002602486581831852;0.02549199551340886;0.058114593682171284;0.4797125000693339;0.0458855919241358;0.1570306923625981;0.030570800138045938;0.0009345738210803496;0.025375408050476216;2.2426683277632926;0.49379125755011727;0
0.0093009109827605;3.7086550018123483;8.650694510923491e-05;0.005098399102681804;0.015790228476842555;3.6524077264832258;0.00024933131535088954;0.005098399102681839;0.05494456506210294;0.2831288366572622;0.0458855919241358;0.14785357397777088;0.028763194204363643;0.0008273213408379383;0.025375408050476216;1.924751907759897;0.47130798223459663;0
0.006260867312331709;2.225935593549439;3.9198459502623674e-05;0.005098399102681804;0.008818904174748385;0.4125439675139937;7.77730708433945e-05;0.010196798205363455;0.06630506746258816;-1.2775278469918199;0.0938105434893443;0.1590700520036708;0.033498687541405094;0.0011221620669966887;0.049576086843375965;-2.4363770325464125;0.43612419542135106;0
0.016284577247541;1.9620449895794916;0.00026518745613113005;0.014275517487509;0.008860073007536743;-1.0946011139863216;7.850089369888119e-05;0.011216478025899868;0.046702003688334985;-0.4200789206703324;0.05914142959110841;0.10808606097685321;0.035227568349773634;0.001240981571837973;0.051339390813616215;-1.671089330508546;0.3996554062739261;0
0.02389621345476829;-1.679392655291288;0.0005710290174758489;0.0361986336290405;0.01408118392654546;0.38331166961671786;0.00019827974077320226;0.01223615784643628;0.03493352228538224;1.789191602797646;0.01427551748750891;0.0968695829509534;0.030991841133316475;0.0009604942168327271;0.007936735866330244;1.973104412468081;0.2802935856037613;0
0.027262375241687873;-1.882632578409454;0.000743237103818596;0.039767513000917604;0.015352870431418617;-2.076324176359851;0.00023571063048392806;0.020393596410727133;0.019661584650197555;-1.215636475908023;0.023452635872336106;0.0489446313857449;0.017861878055979146;0.00031904668768666935;0.022445538533141615;-1.5008362837528206;0.14252309760725432;0
0.02808889405121875;-0.1435907610882161;0.0007889859690205921;0.027531355154481397;0.014996575020492979;-1.6428164252788247;0.000224897262345274;0.020393596410727133;0.016823171998483016;-1.0955957417574815;0.022432956051799804;0.03772815335984499;0.015251981304887094;0.00023262293372462543;0.02160713378254185;-1.0769175476637816;0.1187974665791378;0
0.018686171756664535;1.3592668420743728;0.0003491730149195673;0.0107066381156317;0.011679674569818579;0.6130209882511354;0.0001364147980568668;0.013255837666972359;0.015329148953169105;-1.5022319680130138;0.020393596410727105;0.036708473539308686;0.013649127360068635;0.00018629867769137418;0.014242769007862408;-0.6266852336155679;0.10318950767288984;0
0.01564967702130467;2.1956004637523576;0.00024491239087115143;0.0107066381156317;0.005971877419943386;-0.19102372310857044;3.566331991882967e-05;0.00713775874375433;0.01446364696767384;1.0407781936673395;0.013255837666972498;0.036708473539308686;0.01065805260028469;0.00011359408523043523;0.011422563649024164;-0.24377033559393388;0.07689202184618159;0
0.020352129760591486;0.5311917364308023;0.0004142091857919536;0.016824717038849798;0.0061138287810426056;-2.318733908360624;3.737890236390491e-05;0.00968695829509536;0.012329274192060265;1.024223324779804;0.008157438564290909;0.03364943407769959;0.009314305381562077;8.675628474099628e-05;0.01093260488713435;-0.830528164487711;0.06959708440843548;0
0.023257866275022004;0.6519517910026048;0.0005409283436668058;0.0260018354236769;0.00946711074818815;-1.0746318522186786;8.962618591845957e-05;0.011726317936167963;0.015641369957169637;-1.2555753891832602;0.02039359641072709;0.03874783318038129;0.01453282017258622;0.00021120286216872895;0.012065711696425716;0.3720904795902958;0.11366545512303994;0
0.014544294902552733;-0.7652580719200254;0.0002115365142124214;0.016314877128581602;0.014890467896920823;-1.2158549440702242;0.00022172603418922962;0.020903436320995228;0.026537155085461717;0.4018171351060988;0.02549199551340879;0.06831854797593549;0.025623342312398403;0.0006565556712583463;0.027701679401426343;-0.10080703492577452;0.21440587766491717;0
0.010716344951819182;-2.020458919363925;0.00011484004912638047;0.016314877128581602;0.012928237313251744;-0.28290550950658755;0.00016713932002775466;0.01325583766697247;0.027882230620110783;-1.5340026565171847;0.0387478331803813;0.06831854797593549;0.026950404742249207;0.0007263243157710485;0.038107316373514846;-1.4676922036884068;0.2447011204548599;0
0.01878260193699453;1.052580232926534;0.0003527861355235906;0.016314877128581602;0.010234964770003435;-0.4098726055822013;0.00010475450384321148;0.011216478025899868;0.018934221496376333;0.009422389519275024;0.019373916590190707;0.0489446313857448;0.017571867321057612;0.00030877052114885247;0.01916118454778616;-0.0929654655507169;0.174337529200265;0
0.02238191399237071;-0.014198810553249785;0.0005009500739618797;0.0244723156928724;0.009017106544074283;1.996162456420355;8.130821042718726e-05;0.0005098399102685391;0.010805719826033686;0.8078237833354068;0.0071377587437544965;0.029570714795554204;0.010220738346571154;0.00010446349234907005;0.011566504629066984;-0.9834964801146704;0.10750230387138479;0
0.02385266281996688;-0.3954057428335685;0.0005689495236030303;0.0285510349750177;0.010234964770003463;-0.409872605582328;0.00010475450384321203;0.011216478025900312;0.017385092394848128;2.6145588617449036;0.0071377587437544965;0.046650351789538094;0.016766224604526807;0.00028110628748944007;0.011566504629066984;1.7913017032972138;0.16993110816399468;0
0.022926928789124664;-0.7366016369725111;0.0005256440637015933;0.0285510349750177;0.008744906355867258;-1.8221740876524706;7.647338717288757e-05;0.012745997756704375;0.021257634285123957;-2.284288529464137;0.0303354746609565;0.04792495156520851;0.020232649092393695;0.0004093600892959394;0.027593177656638948;-2.0960804144833367;0.18459544745994028;0
0.0236831476971677;-1.6787986490438531;0.0005608914848458597;0.0346691138982358;0.0114889457121675;-2.503535627976691;0.000131995873577132;0.019883756500458927;0.018703204536071327;-2.562067978161154;0.0293157948404201;0.041806872641990414;0.01685777323917102;0.0002841845185833106;0.025545859666625592;-2.5236519494448166;0.14452184332094692;0
0.01600280195583099;-1.1242101741626815;0.0002560896704375482;0.0214132762312632;0.009743146067577441;0.5095798908070014;9.492889529414977e-05;0.009177118384827154;0.015159059000581288;1.0422107943011032;0.010961558070765792;0.040787192821454016;0.014400257688454564;0.00020736742149389477;0.011776320830031606;0.5551679340361831;0.12060611700601805;0
0.013050308355889597;0.2881875958705275;0.00017031054818380183;0.0112164780258998;0.005557021145483324;-0.42206577560098424;3.088048401134879e-05;0.006118078923217918;0.013646672603516418;0.5237925130180846;0.010961558070765792;0.03670847353930862;0.013611094492114225;0.00018526189327326218;0.011776320830031606;0.2381541486342099;0.11358848126709213;0
0.012600371311578956;-2.8078863367163085;0.00015876935718966197;0.0224329560517997;0.00592819082441061;0.021182731697190132;3.514344645062615e-05;0.006118078923217918;0.013419544306199337;0.88309180808409;0.008157438564290798;0.03670847353930862;0.01332862748778651;0.00017765231070817814;0.009862983608415657;0.4963119988394323;0.11325033120486426;0
0.012829339033385644;-2.9725299085574672;0.00016459194003355247;0.0224329560517997;0.008759755927363949;-1.5437239738250892;7.673332390698783e-05;0.012236157846436169;0.008333972363292594;2.6112893974614386;0.0030590394616090005;0.022432956051799707;0.008588758807738848;7.376677785751165e-05;0.0031163325965054695;2.339348232256276;0.07545266464413442;0
0.01187171837731365;-2.316136657082906;0.00014093769723024665;0.0173345569491179;0.006844019249332028;0.18847599350080438;4.6840599485227334e-05;0.006118078923218251;0.008074164533426815;2.8966827684728287;0.0030590394616090005;0.02141327623126331;0.007845101018992861;6.154560999820284e-05;0.0031163325965054695;3.0937503507961117;0.06926336844154622;0
0.009356638928891214;1.1179710817119393;8.754669204564252e-05;0.0061180789232181;0.007012847502416357;1.4672941371034511;4.918003009214733e-05;0.005608239012949823;0.009261701909138857;2.2909090909926264;0.007137758743754399;0.02345263587233601;0.008881821396006753;7.888675131056334e-05;0.0059437767869432445;2.8359276313397834;0.07722657561153469;0
0.005658993341699547;1.5322066323873227;3.2024205641399814e-05;0.0050983991026817;0.00331199791351311;-0.4378832461083088;1.0969330179115194e-05;0.0030590394616090144;0.005347246090395411;-1.3322314039095968;0.007137758743754399;0.013255837666972498;0.0052056567229839664;2.7098861917548165e-05;0.0059437767869432445;-0.2828884565283876;0.04454937752383269;0
0.0031345826754237793;-2.5753758321661464;9.825608549066899e-06;0.0050983991026817;0.011657397848090419;3.7462490831255217;0.00013589492458866313;0.0030590394616090144;0.014909657776228602;2.713432642540127;0.011216478025899798;0.0367084735393086;0.01312852854995407;0.00017235826188695912;0.01150229638872484;2.0527984896111504;0.11728181939225914;0
0.00532776607631833;0.16337600094988383;2.838509136396842e-05;0.0061180789232181;0.014960131284920202;2.2626594956840855;0.00022380552806204818;0.005608239012949823;0.020077596650141853;-2.709259563938492;0.034669113898235904;0.0438462322830631;0.018150976270718266;0.0003294579395801776;0.030500658863889085;-2.460250797862358;0.1729165326879445;0
0.012475981579837151;1.5855224142227087;0.00015565011638043588;0.012236157846436202;0.014741340159886812;1.3066779606694172;0.00021730710970949173;0.007137758743754441;0.019274376264329606;-1.7664929362246593;0.027531355154481504;0.0438462322830631;0.01667514539626852;0.0002780604739866952;0.019844146810693616;-1.178529738922882;0.16894727176199523;0
0.015786935758951105;0.6904698875219081;0.0002492273406572491;0.012236157846436202;0.015839537106730854;0.03656053711003319;0.0002508909357555036;0.01682471703884969;0.01225738276758575;4.1292848505189665;0.004078719282145399;0.030590394616090602;0.010752461474251254;0.00011561542775525747;0.005953440658853254;3.1133505827041525;0.11806552231701331;0
0.017699597507854402;-0.38466236969428635;0.0003132757519400457;0.022432956051799697;0.017500213144967264;-0.3845418614707275;0.00030625746011928506;0.022432956051799624;0.003024859176953572;-0.41064049965996574;0.004078719282145399;0.0071377587437544965;0.004644462299599235;2.1571030052398616e-05;0.005953440658853254;-1.678542455488086;0.052834631548667785;0
0.017747995221577013;2.010077038294881;0.00031499133438512054;0.016314877128581595;0.013871019089543952;-2.3646818108048344;0.00019240517058249272;0.022432956051799624;0.008730031525646624;3.363497112373357;0.004078719282145399;0.02243295605179979;0.009548018559573417;9.116465841395843e-05;0.009120097116906117;1.1829035767949623;0.10482153969523726;0
0.017734808943536334;4.23666757734852;0.0003145234482637363;0.0071377587437544965;0.012118756320999962;-1.7166418670216903;0.00014686425476777656;0.01682471703884969;0.008009518460958747;4.285834368707644;0.0030590394616090977;0.019373916590190693;0.008558410656706478;7.3246392968827e-05;0.006348165381115101;2.201155391047711;0.09291845288829077;0
0.016479742103262494;3.456518748721107;0.00027158189979004256;0.0076475986540227026;0.011125730213316153;2.480226791936232;0.0001237818727794959;0.005608239012949823;0.011248875595408723;-2.3337085077031823;0.017334556949117993;0.024472315692872504;0.0111953514504479;0.0001253358940990459;0.019094919122180587;-2.7316359409549134;0.11653466301101514;0
0.013880385704892943;2.8856448855925714;0.00019266510731659638;0.0076475986540227026;0.010660409942844966;2.422778573455472;0.00011364434014950782;0.0020393596410726023;0.010413721979554888;-1.9815525868631358;0.015295197308045294;0.024472315692872504;0.009970175814372805;9.940440576950442e-05;0.016445869879606695;-2.749716138684299;0.1026233953692739;0
0.015934434469760415;-3.060721892882125;0.0002539062018710889;0.0285510349750177;0.009549125945502704;3.31383942095538;9.118580632307293e-05;0.0020393596410726023;0.010508145633109669;-1.7402938704631932;0.015295197308045308;0.024472315692872504;0.010312860645759864;0.00010635509469886256;0.016445869879606695;-2.9745383148645437;0.10356725047509509;0
0.015707703460718443;-2.7635008894353468;0.0002467319480098661;0.025491995513408697;0.012383968391446029;3.621602987647222;0.00015336267312033436;0.007137758743754441;0.010283105728951789;-1.7832830089271152;0.015295197308045308;0.024472315692872504;0.009724348556230156;9.456295484305551e-05;0.015816191197518453;-2.5900755362921246;0.09868430709035132;0
0.01186076559485703;-1.3903733675652414;0.00014067776049614424;0.0163148771285816;0.012383968391446029;3.621602987647222;0.00015336267312033436;0.007137758743754441;0.009328816568967252;-2.452906137667172;0.015295197308045308;0.021413276231263406;0.009884412517941359;9.770161082483584e-05;0.015816191197518453;-2.5210914080009523;0.10041848043544328;0
0.014934045595877235;0.5381518248596215;0.00022302571785974025;0.0163148771285816;0.014081183926545605;2.4083627537328667;0.0001982797407732063;0.008157438564290853;0.013630949252942644;1.0445300871862127;0.010196798205363497;0.0367084735393087;0.012249796713750724;0.00015005751952821802;0.014451257544625354;-0.8462317559089124;0.13386331901659376;0
0.01439158051545007;0.19489384495180437;0.0002071175897326821;0.0163148771285816;0.016723992522541822;0.9646054159007917;0.0002796919258940348;0.015295197308045516;0.017618639217173455;-2.2439809214646913;0.02753135515448149;0.041297032731722305;0.017060724377755864;0.00029106831629375325;0.026378232367460744;-2.1137768187804595;0.1969607814441471;0
0.016051457592448175;-1.5082196696588308;0.0002576492908421622;0.0219231161415316;0.01659761882926517;2.9443044386879436;0.0002754809508015777;0.008157438564291075;0.013008413196872773;-1.2270452405731145;0.017334556949117993;0.032119914346895095;0.013385147998328824;0.00017916218693716615;0.01192697482283539;0.21279498994036908;0.1629639600039893;0
0.011204884763860523;-2.6165271401741337;0.0001255494425713937;0.0173345569491179;0.009711078577187053;0.42670233599008495;9.43050471323013e-05;0.008157438564291075;0.008358887134462903;-0.02668108260241553;0.008157438564290798;0.0219231161415316;0.008351934292412032;6.975480642476806e-05;0.008509666236614158;0.347080222895985;0.10700875241466211;0
0.009896674260059985;1.7648915777226837;9.794416140973385e-05;0.008157438564290801;0.012153026467382779;-2.3294685193093962;0.00014769605231690637;0.01937391659019083;0.006122326114929478;-1.3665620833266416;0.008157438564290798;0.014785357397777102;0.007546405035340324;5.6948228957409805e-05;0.008303083781925444;0.9346414607082577;0.09759422603312837;0
0.01884201664994671;0.5256455091525835;0.000355021591436869;0.0198837565004589;0.011443606365159528;0.20511126159734872;0.00013095612664071966;0.013255837666972359;0.0065648694209524275;2.80862899626212;0.004078719282145399;0.0168247170388498;0.0076408955823607525;5.838328530054007e-05;0.002357634034735115;4.6401975641674325;0.09689893336339682;0
0.01840232532014436;3.364423561766633;0.0003386455771884262;0.009177118384827099;0.009925523775839596;-0.9436233387402394;9.851602222475713e-05;0.013255837666972359;0.0022800733940043323;0.19999999752267664;0.0020393596410726994;0.006118078923218098;0.0014101776368512875;1.9886009674754816e-06;0.002357634034735115;-2.6426347060860373;0.017239255882384872;0
0.02725236203849092;-1.3421862600132073;0.0007426912366769809;0.0356887937187722;0.0102501916042645;-1.8396630040683302;0.00010506642792413443;0.015295197308045183;0.002792508195703115;-0.13333333465750266;0.0030590394616090005;0.0071377587437544965;0.0035959393520505257;1.2930779823625553e-05;0.002357634034735115;2.952977808866258;0.043334774355220304;0
0.023946198767854348;-1.5899783743182887;0.000573420435429589;0.032629754257163204;0.01068233243589122;-1.9903539313307614;0.00011411222627089366;0.017334556949118007;0.0021144530797726434;-1.9632233905487138;0.0030590394616090977;0.0050983991026817;0.0033778984251435972;1.1410197770587593e-05;0.002457501534668685;1.239220090977767;0.04030287123766257;0
0.019285162150044707;2.0730689478600866;0.00037191747915351703;0.004078719282145399;0.009216687295586177;-0.6208697821237029;8.494732470461964e-05;0.010196798205363455;0.004525816461950175;1.5658738961131473;0.004078719282145399;0.011216478025899798;0.006049437559842627;3.659569479043472e-05;0.004711218831877875;0.8714161671386466;0.07397612393790616;0
0.022807573134497366;-1.3157498265392082;0.0005201853922854459;0.0305903946160904;0.013314535390232153;-1.339700810966517;0.00017727685265774446;0.017334556949118007;0.006592527735390965;-1.9549689796355914;0.010196798205363497;0.015295197308045197;0.006961244910561642;4.8458930704820364e-05;0.010828297485813113;-2.0119466448030856;0.08690542845694062;0
0.01897262210093303;1.540703873796808;0.00035996038938481247;0.0081574385642908;0.011225744015109977;-1.1826046466032298;0.00012601732869277745;0.015295197308045183;0.006663121954809712;-1.9943618402957668;0.010196798205363497;0.015295197308045197;0.0069906203455029755;4.8868772814960145e-05;0.010828297485813113;-1.9623519694696607;0.08756770967084569;0
0.017102070436408115;-2.6213207710058213;0.0002924808132118644;0.0275313551544814;0.01814055967641188;0.8140428112575814;0.0003290799053734607;0.015295197308045183;0.015554713501134854;2.3609487769847752;0.011216478025899798;0.0397675130009177;0.011404845050189552;0.00013007049061883314;0.005927875419473594;2.3322172223649837;0.1564793839248248;0
0.01905737665282604;-2.416515989733758;0.000363183604887679;0.0295707147955541;0.02570928095990304;-0.7820662406833646;0.000660967127475233;0.02753135515448113;0.01352758148406413;1.501711002065388;0.010196798205363601;0.0356887937187723;0.010276630878676637;0.00010560914221657014;0.005927875419473594;3.3808877349573527;0.14294151903977306;0
0.013500653241695604;2.0582985601326436;0.00018226763795250602;0.008157438564290801;0.025950801350095993;-0.3163658230430701;0.000673444090712144;0.026511675333945384;0.020984108929598;-0.8221558413687026;0.024472315692872504;0.0530233506678903;0.017579053477225107;0.00030902312115514013;0.024369454240599976;-1.1793558111685662;0.26921901574138674;0
0.019462266284629225;0.805365714020733;0.00037877980893381554;0.014275517487508903;0.0149618687137961;2.1294280612562204;0.00022385751540887058;0.0030590394616094585;0.02025803830089808;-0.3033627281779374;0.0183542367696543;0.0530233506678903;0.018692295938958745;0.0003494019274696136;0.025482152577015964;-1.4305669868935798;0.2802117758967578;0
0.02387662549928445;0.7300455382634018;0.0005700932452330804;0.0234526358723361;0.03049166624730391;3.9688334845934627;0.0009297417105369725;0.0030590394616094585;0.01485726336172459;-0.2753926058050169;0.0183542367696543;0.0356887937187723;0.022914456654647086;0.0005250723237777001;0.026660481834249204;-1.381287640449558;0.3257005907381144;0
0.025802130985302606;-2.181246350316313;0.0006657499633827129;0.0407871928214541;0.033201501501903104;-1.8814446241736735;0.001102339701980874;0.04384623228306317;0.014787115361923217;1.5061629911185908;0.015295197308045204;0.0356887937187723;0.022321330026585293;0.0004982417741557383;0.010933608282302068;3.1995453739874407;0.2875070228990817;0
0.04316149425082599;-0.3269416024925107;0.0018629145859640848;0.05506271030896301;0.05298706117898356;0.4884667904440991;0.002807628652385346;0.06067094932191275;0.022716214573291323;1.0241075110354234;0.015295197308045204;0.0622004690527175;0.035391784597872886;0.0012525784170222324;0.015942043648266277;1.4979957763021297;0.39591495456355486;0
0.046638509742140344;-2.417272711485861;0.00217515059096772;0.0764759865402263;0.04780221587067022;1.567370301355543;0.0022850518421461555;0.03517895380850422;0.04091699545428338;2.7630418157280943;0.015295197308045204;0.1101254206179259;0.04146747746293713;0.0017195516871391986;0.015942043648266277;1.836253212073211;0.4817738814533787;0
0.04613417365499586;-2.5308634963077616;0.0021283619788293137;0.0764759865402263;0.041701663497886426;2.738767389225489;0.001739028738490953;0.03313959416743162;0.04009040800866343;1.7143721472768856;0.020393596410727;0.1101254206179259;0.04704477866403788;0.0022132111995483137;0.059659051218358176;-1.5108225907586998;0.6083710509226542;1
0.0375042618321459;2.016537376013216;0.0014065696555741558;0.0224329560517996;0.04426279648051587;4.442298122978554;0.001959195152275568;0.015295197308045183;0.04316751625275996;-0.9535672697226095;0.0520036708473539;0.1101254206179259;0.05517257045729235;0.0030440125308648885;0.06756106771346856;-0.8608791638967;0.9408217881894507;1
0.03791783305604935;1.9547461648957853;0.0014377620636664287;0.0244723156928724;0.053944821119562905;3.1731902383938837;0.0029100437256216398;0.006118078923218029;0.044985102671139136;0.819696699995537;0.0479249515652084;0.1101254206179259;0.05552140041790597;0.003082625904365449;0.06989966134459369;-1.0721813653893146;0.9392787503434007;1
0.0639299402286337;-1.1867149011779976;0.004087037257636677;0.0785153461812991;0.0198458091170843;4.751096666068254;0.00039385613951174633;0.0040787192821454266;0.028574696309182867;-2.6462115237346886;0.0479249515652084;0.06423982869379011;0.05602616982253044;0.0031389317049830205;0.06989966134459369;-0.9982451994571283;0.9433266280195509;1
0.062528076933318;-1.0514245834874305;0.003909760404978934;0.0785153461812991;0.019475617638524834;1.0769554694713541;0.00037929968240201965;0.01937391659019072;0.032891589917996004;-1.3201795333215596;0.0407871928214541;0.0825940654634444;0.05225623725435059;0.002730714331982979;0.05581088022628585;-0.43284349166486064;0.7567857501917346;1
0.056962604087696975;-0.7724935968778119;0.0032447382644517123;0.072397267258081;0.0236776592616702;0.40726961692890146;0.0005606315481117565;0.01937391659019072;0.04068893027402081;-2.4549918674398654;0.0662791883348629;0.09330070357907609;0.0491793486960175;0.0024186083381644782;0.021609072272503194;1.7323325520851125;0.631600176398501;1
0.0639925254154501;-0.9205709098965885;0.004095043309047027;0.072397267258081;0.02412356441963213;0.15179428960401017;0.0005819463603081414;0.021413276231263323;0.036741032205694295;2.552634633411485;0.025491995513408805;0.09330070357907609;0.030010223106850857;0.0009006134909229651;0.021609072272503194;2.5319323527937754;0.33357209262513604;0
0.0636895966623483;3.645867221883909;0.004056364723012609;0.0295707147955541;0.015045029347138208;-0.2036638519925648;0.00022635290805624996;0.015295197308045294;0.013544864227055862;1.0139044652919924;0.009177118384827203;0.036198633629040494;0.031220700661269744;0.000974732149780609;0.011777186578784696;4.189021264207618;0.36616912943993063;0
0.01823203487189437;-1.5435989460349948;0.00033240709556997235;0.023452635872336;0.014996575020493088;0.07309286236879349;0.00022489726234527726;0.015295197308045294;0.020995254551698542;3.0180041737038175;0.009177118384827203;0.05455287039869489;0.02150695963213827;0.0004625493126184251;0.007465701068570002;3.53140446072702;0.34475972292841683;0
0.018232034871894367;-3.045123923167432;0.0003324070955699723;0.0356887937187722;0.012214896044367237;1.72513931211986;0.00014920368537469836;0.008157438564290631;0.026993603928254277;-2.707718591301892;0.043846232283063204;0.060670949321913;0.024395066786843826;0.0005951192835345707;0.03757518664639974;-2.58494910629706;0.4477303490616986;0
0.01737350096093322;1.5955995490399022;0.00030183853563954744;0.0132558376669726;0.0065450419234756385;-2.0335328494675573;4.2837573780053686e-05;0.010196798205363677;0.021924301783680756;-2.60223162605903;0.034669113898236;0.04996431120628131;0.02025600975421487;0.00041030593116284797;0.03201625297712294;-2.867748567236848;0.4001840196171601;0
0.02771391459042485;-1.0242315385850678;0.0007680610619253635;0.0367084735393086;0.014535356118042686;3.0804422546344554;0.00021127657747832096;0.010196798205363677;0.0276199624772251;-1.3391404214878584;0.0336494340776996;0.0693382277964719;0.01900255751868133;0.0003610971922507924;0.03000571818801122;-2.405280641559692;0.4120813494537298;0
0.02741213437408366;-1.132486375667386;0.000751425110942819;0.0367084735393086;0.017872052452498562;-2.776673634847007;0.00031941025886485984;0.028551034975017875;0.02479940146225218;-0.12957729571329324;0.0254919955134087;0.06423982869379;0.014189511223108112;0.00020134222875071105;0.009500598390320386;2.0760228765402444;0.3665704953461662;0
0.026983972642427145;2.0412126672864304;0.0007281347795672565;0.0214132762312634;0.022277145525134948;-2.550488599777483;0.00049627121274804;0.034669113898236126;0.029908097388378057;-2.70220891968466;0.0530233506678902;0.0652595085143264;0.014734934334904371;0.00021711828985394375;0.02812851577240308;-3.0690778510997796;0.32224917360143335;0
0.026570437892924226;2.1633151932252255;0.0007059881698217435;0.0183542367696543;0.02194800117637854;-2.2173920153234086;0.00048171475563831375;0.034669113898236126;0.030294960319635165;-2.855478114109541;0.0530233506678902;0.0652595085143264;0.0158935938955105;0.00025260632691540864;0.02812851577240308;-2.8212642380667856;0.35465986034781544;0
0.023492502502839546;3.028208095342547;0.0005518976738459224;0.017334556949118;0.026205969768321433;-2.8550377899430526;0.000686752851498177;0.04588559192413599;0.02492486297864867;1.0828731989982796;0.0214132762312633;0.0652595085143264;0.012788682863516912;0.0001635504093836111;0.008949349519295685;2.157821962998721;0.3218294628391728;0
0.01714002616340992;1.4733136528251087;0.0002937804968823766;0.017334556949118;0.026310900977753397;-1.5877470089307881;0.0006922635102611447;0.03772815335984503;0.025003996337840964;-0.4027536766965791;0.026511675333945103;0.0652595085143264;0.01374331111949612;0.0001888786005272657;0.01823511922588955;-1.452153438966235;0.33041089766011217;0
0.019751279719063125;-2.8720182746902396;0.0003901130505406743;0.034669113898235904;0.016122553585033093;2.0176800000000212;0.0002599367341022634;0.014275517487508882;0.01944623255985527;-2.4031286001451106;0.0326297542571633;0.0438462322830631;0.014070080731273336;0.0001979671717845492;0.020443744746665507;-1.780903806733651;0.30259490027763825;0
0.018465779371457536;-2.6485546500537716;0.0003409850077953467;0.0275313551544814;0.020877306237699206;-2.8620935096293914;0.0004358619157426742;0.03772815335984503;0.01705336383572508;-0.017490265185565807;0.017334556949118004;0.0438462322830631;0.01266479313307292;0.00016039698510353096;0.019004963275698297;-2.2050004457605574;0.3110336313614405;0
0.020475008296948934;-2.0525188835315036;0.0004192259647601277;0.0275313551544814;0.02161143965206728;1.4387316840703785;0.00046705432383494584;0.016314877128581706;0.017623064713760427;-0.04201108497411473;0.017334556949118004;0.0458855919241358;0.010834858336609385;0.00011739415517439392;0.015271779921632984;-2.3098006489558913;0.23755763242393643;0
0.025936774430461714;-2.5504635590736187;0.0006727162678566525;0.0428265524625267;0.022146074819347782;-1.0790262456927795;0.0004904486299041499;0.027531355154481574;0.03491268155774246;1.2395280902291337;0.028551034975017806;0.0917711838482716;0.010200689723847222;0.0001040540708422023;0.004846146942791653;3.7758316038878044;0.20644605739724534;0
0.026377995561545867;0.17270043291501955;0.0006957986498449334;0.0254919955134088;0.02050798955961947;1.6122729307649901;0.0004205776357774611;0.011216478025899868;0.034258814074899585;0.15197309475417242;0.0311002345263586;0.0917711838482716;0.010906073132992992;0.0001189424311821916;0.005171964825032523;4.084092677618886;0.21455533910776087;0
0.019081912302765902;-1.148889057768263;0.0003641193771304487;0.0254919955134088;0.02078996877018442;2.9238236364849235;0.0004322228014652434;0.006118078923218473;0.02336491234654173;-0.378714209731798;0.0244723156928724;0.061180789232181;0.016945994841386668;0.0002871667411643036;0.02385111021848995;-1.5664501438457126;0.3916132630695409;0
0.018412210313163663;-0.7308814684140437;0.0003390094886161704;0.021923116141531602;0.016918697692003742;3.316366295382418;0.0002862423315934128;0.010196798205363455;0.017396676105373515;0.9178583338724025;0.014785357397777098;0.0458855919241358;0.01885968407088973;0.00035568768325377174;0.0329057910803209;-3.1458882972422106;0.4548740319173917;0
0.03302251636241255;0.41427109215566443;0.0010904865869058047;0.0305903946160905;0.005519473275303216;1.0712996074499668;3.046458523678642e-05;0.006118078923218473;0.013931789524471376;0.3366730044461808;0.013765677577240698;0.0361986336290405;0.017969385423587933;0.00032289881250145453;0.0329057910803209;-2.887223653975463;0.4680774226018012;0
0.04982051672349125;-0.24945646208049746;0.0024820838865956714;0.048434791475476496;0.015474292211762207;2.9595277657999546;0.00023945371945500448;0.006118078923218473;0.009167199470681994;-1.7820814177833217;0.013765677577240698;0.0214132762312634;0.02623471056521396;0.000688260038440549;0.03516029091537699;-0.7724332691702962;0.6009450100367104;0
0.050365371047547625;-2.427657402151283;0.0025366706007571484;0.0836137452839808;0.018317377988653277;1.3234293580974874;0.00033552633637919956;0.013255837666972692;0.009776437854833071;2.3889929009714757;0.006627918833486301;0.0249821556031406;0.03709534054964054;0.0013760642904938059;0.059235727528240405;-2.338023905835412;0.708490651389101;0
0.04949702724670073;-2.3313796385594627;0.0024499557062606344;0.0795350260018354;0.028012443893882303;-1.7692936815074727;0.0007846970129079039;0.040787192821454044;0.026588530153769954;3.064083046031802;0.0050983991026818005;0.07188742734781281;0.034269728185450446;0.001174414269904657;0.05065548836756645;-2.4806635972114215;0.5196935375153131;0
0.04446084654503196;-2.2797177297393723;0.0019767668755008806;0.0713775874375446;0.025416427199567947;-0.5502403295592906;0.0006459947715909374;0.02753135515448135;0.04227000263629211;-0.131483315525229;0.050474151116549404;0.09584990313041711;0.03044640321945686;0.0009269834690017531;0.019437087975357425;1.8058964446242705;0.3583669235389936;1
0.07483366220825438;-0.29959009956774096;0.0056000769994991205;0.0795350260018354;0.03340521515423912;-1.8889458616833987;0.001115908399501007;0.047924951565208485;0.03934035224607021;0.22787787210616747;0.046905271744672204;0.0943203833996125;0.01486127361800773;0.00022085745354929255;0.021558640056202005;-1.9217350715773023;0.14950743606849037;1
0.074045888103744;0.216922166136681;0.005482793545072178;0.0723972672580809;0.05598682960475926;0.7501726587982477;0.003134525089192348;0.045375752013867565;0.03967196664702155;0.1794256137254647;0.046905271744672204;0.09584990313041711;0.015221202128498893;0.00023168499423661926;0.01640996496900994;-0.3713614954585959;0.14045122387469006;1
0.04798132622799112;-2.428296361397083;0.0023022076665969084;0.0723972672580809;0.05599147223158677;0.6956394966506873;0.0031350449626605524;0.045375752013867565;0.03757212285142509;0.6573402591538967;0.0336494340776996;0.09584990313041711;0.031690656157892495;0.0010042976877177694;0.030615191332438604;1.023964301394334;0.32480090841272774;1
0.04596426641899509;-2.20046634913268;0.0021127137874363596;0.0723972672580809;0.04164802308230716;2.386879167922514;0.0017345578266643898;0.012745997756704375;0.03704680763655564;3.9961002066115205;0.004078719282145399;0.09584990313041711;0.03492502090151208;0.0012197570849710557;0.052920214108270996;-2.340074902222591;0.37510033591458586;1
0.04221585290328651;-1.0339701131181205;0.0017821782363519243;0.049964311206281205;0.03674669163767577;3.5371620665568457;0.0013503193463144307;0.012745997756704375;0.023390486056053886;1.8737363953247528;0.021413276231263403;0.0550627103089629;0.042456215555806955;0.0018025302393211442;0.06137391369165018;-2.0276078637540387;0.569850434769455;1
0.030540219208540973;1.2701909538617002;0.0009327049893057351;0.017334556949118004;0.04617697496791742;2.0792535199838773;0.002132313017187672;0.02549199551340875;0.029885491770679964;-2.6289645620365447;0.0509839910268175;0.06627918833486279;0.04037060234526232;0.0016297855337192996;0.030011204391434662;2.418145456576781;0.6758943055423299;1
0.025796085736052875;-1.8414299011236501;0.0006654380393017906;0.0341592739879677;0.024201021657756814;-2.4321069737880676;0.0005856894492792144;0.03976751300091774;0.031458403234654785;-3.102289107849901;0.0509839910268175;0.06627918833486279;0.015325013301660981;0.00023485603269608602;0.012500953531818883;0.6412455466057345;0.36939063632515695;0
0.025338581910450058;-1.4445278565463984;0.000642043733232587;0.0316100744366268;0.022333083203969345;0.0007287752677562764;0.0004987666053954176;0.02651167533394505;0.026249577039607386;4.362497603155937;0.0010196798205362994;0.06627918833486279;0.01864240527229466;0.0003475392743364797;0.010825288108021542;1.909963227834627;0.5318652147023119;0
0.027240913870777823;-1.1982527543124017;0.0007420673885151357;0.0316100744366268;0.014716632999908759;-1.8726521927617494;0.00021657928685400344;0.0203935964107268;0.007260521308828131;2.100650070572641;0.0010196798205362994;0.020393596410727;0.012400149098312462;0.00015376369766037935;0.010825288108021542;-0.09834555773505708;0.3912132087930393;0
0.03357519364731476;-2.1051984664877517;0.0011272936284546856;0.0514938309370856;0.011146737590025178;2.2759055338666756;0.0001242497589008803;0.008157438564290853;0.013805274841298383;1.1180358190376296;0.0091771183848271;0.0372183134495767;0.016928760821484916;0.0002865829429510427;0.013239488717697735;0.31694824206328676;0.43555728984413844;1
0.04968206154829179;-1.316413056403075;0.002468307239688253;0.0622004690527173;0.011090629494180644;1.6128529770508457;0.0001230020625771896;0.008157438564290853;0.011053065865544805;-1.4164554096944748;0.016314877128581602;0.0260018354236768;0.030464526410025727;0.0009280873693871549;0.025025940563403702;0.7654165728189343;0.5945348392605143;0
0.03917813695001147;1.2454550994756926;0.0015349264148738538;0.027021515244213402;0.013932722383926545;-2.952767731142956;0.00019412075302756778;0.02549199551340864;0.009306498794008577;0.24568230652250023;0.0081574385642908;0.024982155603140502;0.02968319326602722;0.0008810919624683238;0.019211897087765627;1.0153340834683995;0.5154744495324992;1
0.029093057480845615;0.10131553037191902;0.000846405993583787;0.027021515244213402;0.011513806251286028;1.512802768166073;0.00013256773439215323;0.009177118384827043;0.011078904541654682;0.8683757178609532;0.0081574385642908;0.0300805547058222;0.02511369541237029;0.0006306976972653085;0.019211897087765627;0.7398580533944887;0.4165370550708312;0
0.034086906598239625;-1.5283455700195958;0.001161917201437112;0.04996431120628131;0.010660409942845008;2.4227785734554956;0.00011364434014950871;0.0020393596410726023;0.011978525669900146;-1.3154635318259882;0.0152951973080452;0.0300805547058222;0.029499107351963056;0.0008701973345626409;0.038594834866518185;-1.0605965494319765;0.5288679336279554;0
0.0341295838365934;-1.6006318011583776;0.0011648284928590573;0.04996431120628131;0.01281920447217578;-1.8658469177247785;0.00016433200329945153;0.018354236769654197;0.009954289680323301;-1.9765535796379414;0.0152951973080452;0.022942795962067802;0.029375027911190496;0.0008628922647832207;0.038594834866518185;-0.6964359682288711;0.5388121447495492;0
0.02315818364638704;-1.9858391839968792;0.0005363014697997881;0.0356887937187723;0.01492708171319696;-1.7766933829858367;0.0002228177684724591;0.01937391659019061;0.008877658350027582;-0.7503058841302229;0.0101967982053634;0.022942795962067802;0.017603260979769508;0.0003098747971218757;0.025605863438884505;-1.524378365347938;0.40837935188553687;0
0.015420445011631489;0.540988599460969;0.00023779012435675044;0.016314877128581703;0.013812804307274492;0.9573480388154311;0.00019079356283106076;0.011216478025899757;0.01212733293659692;-1.7780790307373688;0.0168247170388497;0.0295707147955541;0.011262869311045145;0.00012685222511768252;0.010948897895718096;0.5899924398392026;0.30341018150039445;1
0.014874748672426245;0.9739500890326601;0.00022125814806784632;0.013255837666972602;0.013880385704892959;-0.4193615959184586;0.00019266510731659678;0.014275517487508993;0.012054237195408662;-2.188366652697294;0.018354236769654298;0.0285510349750177;0.011296321727887812;0.0001276068845799503;0.011126890374351595;0.5543452329627989;0.3046034661865158;1
0.02367765926167025;0.35179673260213207;0.0005606315481117591;0.0244723156928724;0.02816236785309115;1.7860699377710094;0.0007931189630928218;0.016824717038850023;0.026517557449611578;3.145148338797547;0.011726317936167999;0.0693382277964719;0.034216119392300834;0.001170742826268185;0.016932203767305247;3.5480800943447783;0.6254634869529253;1
0.06968823423347278;2.729138394475072;0.004856449990579369;0.0509839910268176;0.028116180319378358;3.2930570803258945;0.000790519595751799;0.004078719282145649;0.026130476710918105;3.22450534995653;0.0081574385642908;0.0693382277964719;0.06869291457534459;0.004718716512855588;0.07623976145529399;0.11915473204811278;0.8434752455906186;1
0.06876075366030285;-0.8844431648820787;0.004728041243932851;0.0917711838482716;0.025842396507590678;4.276404644884958;0.0006678294572555349;0.004078719282145649;0.026130476710918105;3.224505349956523;0.0081574385642908;0.0693382277964719;0.06644390388813899;0.004414792363896252;0.08925093725505939;-1.424995369170092;0.6722677017953899;1
0.06664058159102691;-0.5922415883033073;0.004440967114790315;0.0805547058223718;0.029828031337740403;2.8525260129608867;0.0008897114534852236;0.013255837666972803;0.045641351722922614;1.4451686090394762;0.023452635872335998;0.1264402977465075;0.05870384598775195;0.0034461415337537003;0.04494745793152986;0.570995949352992;0.5450875406759726;1
0.06377280095592465;-0.5035542464852831;0.004066970141763984;0.0805547058223718;0.029775698357486034;2.3433008531774413;0.0008865922126759965;0.017334556949118007;0.04854682668062241;0.038454346922645044;0.0489446313857448;0.1264402977465075;0.05208587153903667;0.0027129380139810297;0.04494745793152986;0.4726932970168522;0.4657448781448306;0
0.06996742456811392;-0.8971203786976739;0.004895440500694711;0.0938105434893444;0.013546783170782532;-0.44284120729649246;0.00018351533427619685;0.017334556949118007;0.035090914732865505;-2.4026356853856563;0.057102069950035604;0.0805547058223717;0.054453907914793785;0.002965228087192841;0.0508391655732065;0.4574056701486941;0.5222500514873859;0
0.04114632348770483;4.54448722746294;0.0016930199365548502;0.0142755174875089;0.0241580205192064;-0.07389218146043912;0.0005836099554063973;0.030590394616090366;0.03572810257807417;-2.2883121587832584;0.057102069950035604;0.0825940654634444;0.028908221449640524;0.0008356852673814565;0.015831456824871415;2.2259291013974845;0.3620736283379088;0
0.027020553264994945;4.155836954954364;0.0007301102987464289;0.0010196798205362977;0.02833535925826716;-0.5732200096516079;0.0008028925842950664;0.03161007443662678;0.03722459861640336;-2.7377679305752203;0.06423982869379;0.0825940654634444;0.0219692060785291;0.00048264601572088;0.026576913677720727;-0.36868568717070005;0.36614378475183496;1
0.02468804678630895;0.5284403791461413;0.0006094996541229796;0.026511675333945103;0.027025362818666028;2.604063153052968;0.0007303702354805363;0.016314877128581595;0.03543002224564145;-0.8569176648400992;0.0438462322830631;0.0825940654634444;0.024953825313567247;0.0006226933977800295;0.03841680995260002;-2.1842690193076044;0.5309008353678466;1
0.023514621425452034;-1.3449387655181215;0.0005529374207823278;0.0336494340776995;0.03461208488563649;0.9365101990046654;0.0011979964201305061;0.027021515244213368;0.05069460033102391;1.9491840252117474;0.010196798205363499;0.1427551748750892;0.029520028860000172;0.0008714321038952431;0.0483565591357948;-2.7112996360115766;0.5515367559531654;0
0.02934481918046128;-0.23709022706690894;0.0008611184127339682;0.0285510349750178;0.03726786762957076;0.2955224998560233;0.0013888939576552082;0.040787192821454155;0.029350133505912854;4.628886649385858;0.007137758743754399;0.0703579076170083;0.026934482082072244;0.0007254663250294708;0.03841680995260002;-1.935814536327187;0.5463109495860258;0
0.028518240718164094;-2.0387719706454064;0.0008132900536591525;0.0438462322830631;0.019281118149968808;0.5442597983397318;0.00037176151711305655;0.016314877128581706;0.02950559455180166;4.7275359115046856;0.0050983991026817;0.0703579076170083;0.02679085542338465;0.0007177499343166986;0.03746263718403317;-1.8542640479965513;0.5455092730006005;1
0.045483892526619496;-0.6898542773971835;0.002068784479373073;0.0509839910268175;0.01956085050805642;1.0695888468808856;0.0003826268725985312;0.016314877128581706;0.042295207814736814;1.9999999999999716;0.0050983991026817;0.1193025390027531;0.02523588368787022;0.0006368498255077143;0.017980454476988775;2.2191123813916414;0.4339172355097226;1
0.04473478432390711;0.13832793558868298;0.0020012009285064855;0.0438462322830631;0.023651297042404935;2.1249291745553585;0.0005593838517880725;0.016314877128581706;0.05645841109125566;-0.640020188973466;0.0571020699500356;0.14479453451616192;0.010561224422017866;0.0001115394612922266;0.011341160211094464;-0.2460789465596799;0.15072783289496905;1
0.04432382921572647;0.9073864767487372;0.0019646018363448873;0.037728153359845;0.020424163896897104;0.4759102552760079;0.00041714647088731506;0.022432956051799957;0.047491252399347254;-2.609903738759087;0.0825940654634444;0.1040073416947078;0.014544190776955526;0.00021153348535647818;0.011341160211094464;0.7574023046563276;0.2006632071017255;1
0.04290780698543674;1.3939215676636632;0.0018410799002994936;0.028551034975017903;0.0172503789291793;1.3715980527024125;0.00029757557320027317;0.010196798205363677;0.03943670203605588;2.000318635192245;0.025491995513408805;0.1040073416947078;0.010670021314048749;0.00011384935484225458;0.0035705594021532283;2.6583539744230706;0.13958359400792136;1
0.03480082228237221;-0.4474485019832504;0.001211097231529254;0.0356887937187722;0.016887941989982235;1.3511833854351611;0.0002852025846570052;0.008157438564290853;0.017769950607343585;0.039808664273741336;0.017334556949118007;0.0469052717446722;0.00883346693087349;7.803013801883549e-05;0.010202661832775073;-0.10143793923133042;0.10986686269020231;0
0.04261968908739951;0.8915900354487126;0.0018164378979066004;0.0356887937187722;0.012289151415513436;1.8761557170407919;0.0001510232425134159;0.008157438564290853;0.014873001066396371;-0.8193623041102533;0.017334556949118007;0.038237993270113194;0.008690678321618055;7.552788968984202e-05;0.015075958583955412;-2.6980045652686573;0.1032995283597202;0
0.050280142089415114;-2.4824887246228187;0.0025280926885317733;0.087182624655858;0.007454828888114471;-0.594345624325752;5.557447375106604e-05;0.007647598654022758;0.03310113776878158;1.5865230378820006;0.0270215152442133;0.0856531049250536;0.009071450473451217;8.229121369227832e-05;0.016663455815272482;-2.828057157778767;0.10823394077752975;0
0.04579997223643732;0.1988966160457224;0.0020976374568584294;0.0514938309370858;0.007852196719966866;-1.6045083307502293;6.165699332905842e-05;0.01070663811563155;0.03546302168362939;-2.674631083352962;0.057102069950035694;0.0795350260018354;0.02536360510723821;0.0006433124640359201;0.010202661832775073;3.571731074331493;0.3602397340863715;0
0.03473353380114693;-2.04274955407487;0.0012064183703154163;0.0514938309370858;0.01154987151189495;-1.407745115847361;0.00013339953194128253;0.015295197308045294;0.04530753112400174;-1.2680378762094004;0.0525135107576221;0.1142041399000713;0.028657123930075943;0.0008212307519437313;0.04557985025344772;-2.527882351068307;0.4524894687936014;0
0.0435302975438793;-2.751471997499055;0.0018948868042586641;0.0790251860915672;0.013829730617493792;-0.6379659285849245;0.00019126144895244523;0.015295197308045294;0.05352590665533032;0.6309647987639231;0.0397675130009176;0.14428469460589372;0.030445542784682575;0.0009269310754539371;0.05219818406854882;-2.6257108881196367;0.4681180742838293;0
0.03605400976172537;0.680294416371075;0.001299891619898588;0.0326297542571632;0.013784547603340289;-0.7165623988277758;0.00019001375262875448;0.015295197308045294;0.04445616916386664;-2.7854322170038053;0.0795350260018354;0.0968695829509533;0.028333725422307762;0.0008027999963067293;0.040761972599794145;-2.295236666541373;0.4515267991205452;0
0.019526269525467353;-1.4438157405794492;0.0003812752015811951;0.0254919955134087;0.014084875415382532;1.4734251595400767;0.00019838371546684728;0.012745997756704486;0.036668797882725764;-0.9945027352382615;0.044865912103599505;0.0917711838482716;0.028125752924038558;0.0007910579775440634;0.040761972599794145;-2.1796032473170506;0.4915168774880301;1
0.01722323433497606;-2.456141320796205;0.00029663980095749826;0.026511675333945002;0.014057165619873042;1.3412195561048428;0.00019760390526454063;0.012745997756704486;0.024301774829842273;-2.168552246578423;0.034669113898236;0.0571020699500357;0.02347462184802201;0.0005510578709076323;0.03287011003313022;-2.1252595022482574;0.3803992653590435;1
0.018068772455051767;-2.8758063207457423;0.00032648053803243743;0.0285510349750177;0.010224800949452821;-0.9291252660342811;0.00010454655445593131;0.012745997756704486;0.019830085510403602;-1.886722460843797;0.029570714795554204;0.0469052717446722;0.01996131895530019;0.00039845425443522654;0.030587911077103083;-1.802295145528961;0.30158374063460364;1
0.02005427921923436;-2.2483742189262657;0.00040217411500301513;0.0285510349750177;0.008664278897215567;-0.10704097958123408;7.5069728808735e-05;0.009177118384827265;0.015813258304549143;-2.7494770077945696;0.0280411950647496;0.034669113898236;0.016231171294531627;0.00026345092159242746;0.030587911077103083;-2.9652600295317626;0.2545947994242972;1
0.017726012641956758;-1.8329711828703712;0.00031421152418281077;0.023452635872336;0.018663205075683895;1.1361550456671725;0.0003483152236970331;0.01835423676965442;0.026254527828403082;1.6438676221789983;0.016314877128581595;0.0708677475272764;0.01658957149976667;0.0002752138825458706;0.014497293577793773;0.7367963701376444;0.2994227625476816;1
0.023512410469551742;-0.2590132063164769;0.0005528334460886864;0.023452635872336;0.01877983388717672;3.6852127786801225;0.00035268216082995113;0.009177118384827265;0.02659097410974232;0.7385430141189815;0.022432956051799693;0.0708677475272764;0.016343206171714322;0.00026710038797116115;0.012341806487110557;0.8888972352473749;0.2926987161436512;1
0.05287902642905638;1.6377947834655278;0.0027961914360848435;0.045885591924135695;0.018779833887176724;2.9870783641865373;0.0003526821608299512;0.01223615784643628;0.029780062951748624;-0.08417971440601708;0.037728153359845;0.0708677475272764;0.0363486774636722;0.001321226353358071;0.03188589753054623;1.5164329733380388;0.5042637441842793;1
0.07455038094595674;-1.492001470718859;0.005557759299187271;0.09686958295095341;0.017578759612121953;-0.6768058632475906;0.00030901278950077;0.022432956051799624;0.02996800654570351;-1.4296774112479096;0.03976751300091771;0.0708677475272764;0.052702314765641495;0.0027775339816567537;0.08135868800026479;-2.0434742685116944;0.5728817548210294;0
0.0607180590909523;-2.044306921130856;0.003686682699772375;0.0820842255531763;0.02309974302378974;-1.1848873299074398;0.0005335981277651227;0.030590394616090588;0.03417525030878768;-0.21494981676582134;0.0316100744366269;0.0897318242071988;0.05442346197072344;0.00296191321287878;0.08135868800026479;-2.678492040682789;0.5367746957377041;0
0.05918975673400156;-2.131350549535052;0.0035034273022302824;0.0820842255531763;0.024327432174482112;1.925386025880447;0.0005918239562040274;0.022432956051799624;0.05269189922837362;-0.48180734773476175;0.0520036708473538;0.1356174161313346;0.0479046312325625;0.0022948536935278024;0.06731297974164106;-2.3747352109809996;0.4502155693876854;1
0.06703570883611135;-2.4915403647888468;0.004493786259159897;0.0994187825022943;0.027212272380499936;1.0547511454593537;0.0007405077681105196;0.024472315692872226;0.051139764070140946;-0.08258104301014886;0.0499643112062811;0.1356174161313346;0.057681653479024965;0.0033271731480743125;0.06731297974164106;-1.2108328464726388;0.5743226305614907;0
0.07010586124610937;-2.185497972095439;0.00491483178105874;0.1004384623228306;0.036452662244762866;-0.05978568332265984;0.00132879658473076;0.035688793718772094;0.036590738309221556;1.1433702364970462;0.026511675333945002;0.0958499031304169;0.0592002559975788;0.0035046703101788645;0.0831046286480086;-1.928088602370406;0.7105728908490639;0
0.05451044665813856;-3.136035463759146;0.0029713887948697696;0.0897318242071989;0.036909029194536286;2.630276691220035;0.0013622764360831318;0.022432956051799735;0.030488256118540013;2.4289408885484534;0.026511675333945002;0.07239726725808081;0.04466427082888358;0.0019948970886758607;0.06252777606993698;-1.8535502765553542;0.6153026989534303;0
0.04222139413227976;0.16410233643509523;0.0017826461224733077;0.0438462322830631;0.01452820113059558;-0.2855444199083183;0.0002110686280910387;0.016314877128581484;0.030402878588509475;3.999839305800947;0.016314877128581498;0.07239726725808081;0.0321628246233585;0.0010344472877529159;0.018291102293473548;1.4166223648484362;0.5466173261557337;0
0.05023411007139224;-0.518964931755112;0.0025234658146647514;0.0560823901294993;0.014801171558406687;-0.30734219494360104;0.00021907467950138705;0.016314877128581484;0.007479196827120999;-2.622890783741964;0.0132558376669725;0.016314877128581498;0.03558188224498795;0.0012660703440961884;0.03600494591889271;1.2298251057966425;0.6997130604081637;0
0.05545361621911206;-1.2184235686806961;0.003075103551776568;0.08106454573263991;0.014741340159886816;-0.300428103752201;0.00021730710970949187;0.016314877128581484;0.0063515495064339345;-0.6189552556688689;0.007137758743754399;0.016314877128581498;0.033329479239657435;0.0011108541863867562;0.028426808718321785;1.866634728388732;0.6269799529429135;0
0.06629644220912848;-1.6059199978760894;0.004395218249588312;0.0836137452839807;0.01150477227088269;-0.6375880962328276;0.00013235978500487122;0.013255837666972248;0.006709772153100439;-0.24977465349653608;0.007137758743754399;0.0173345569491179;0.03301032060812633;0.00108968126665129;0.028426808718321785;1.2829512824403366;0.5972594168096836;0
0.043324994452385655;3.62489719158098;0.0018770551442992478;0.013765677577240704;0.009261701909138843;-1.676033057851459;8.577912225374607e-05;0.013255837666972692;0.006893216592702123;-1.2239943691825712;0.0081574385642908;0.0173345569491179;0.01558457809691346;0.00024287907445879475;0.024623408788984637;-2.437966665445471;0.3772380415524361;0
0.013402099957270232;-2.2124922248252026;0.00017961628326466277;0.0214132762312634;0.010323471362963452;1.160499702557889;0.00010657406098192647;0.009177118384827265;0.013842881216719168;2.563812157214491;0.0081574385642908;0.035688793718772205;0.014025682800063562;0.00019671977800799883;0.022510396798071982;-2.3701768552324425;0.3495145705379601;0
0.010853724148657247;0.1987786761343481;0.00011780332789514547;0.010196798205363497;0.01102009265716837;-1.5593837595586646;0.00012144244217257623;0.014785357397777199;0.015216821045747477;-1.9533366979020634;0.020393596410727;0.035688793718772205;0.01045795572577163;0.00010936883796219962;0.015700328833167736;-1.8178908932435551;0.23307854495729546;0
0.03858245312129375;4.490750985592233;0.0014886056888568297;0.010196798205363497;0.010003781416513072;-2.251948051948093;0.00010007564262937229;0.014785357397777199;0.01699534344855794;-2.7259305216718004;0.0295707147955541;0.0367084735393086;0.0069295342115587;4.801844438916245e-05;0.006389690469213831;0.9278579826529215;0.14310602490665653;0
0.04115895629739966;-2.776182087091586;0.0016940596834912548;0.0672988681553991;0.010520506707414085;-2.571523974654094;0.00011068106138074473;0.01580503721831361;0.015369791929370514;1.4960178102044945;0.0101967982053635;0.040787192821453995;0.0060053704013371;3.606447365725572e-05;0.006213292906783498;-0.4493389334008242;0.1310969696203341;0
0.0446125944736931;-3.1951897733420194;0.001990283585674192;0.0836137452839808;0.010107182421535217;-2.319386982110643;0.00010215513650219052;0.01580503721831361;0.01597679169572002;1.5427263036061103;0.011216478025899895;0.0418068726419904;0.010642854569783287;0.00011327035339355698;0.006389690469213831;2.581280345849759;0.20361390104106955;0
0.03915092506766874;3.429782380399613;0.0015327949336542128;0.0183542367696544;0.008268213898351712;-1.6256849166535663;6.836336106889643e-05;0.010706638115631772;0.019149901944173937;-2.398611235824063;0.0316100744366269;0.04333639237279491;0.01631973808162097;0.00026633385105270975;0.022995213155958823;-2.0776427962685475;0.28364730194856025;0
0.011432243432792021;1.162480562303826;0.00013069618990661628;0.006627918833486297;0.007745540538322889;3.135713620621805;5.999339823080324e-05;0.0030590394616090144;0.016593703095889454;-1.991804166429052;0.022942795962067906;0.0382379932701132;0.016101381235705113;0.0002592544776975167;0.023332624094333947;-2.4387076877371463;0.2574932405210969;0
0.011500252619452752;0.9557889632953867;0.00013225581031122989;0.006627918833486297;0.005649799195348263;1.107385754756957;3.1920230947757886e-05;0.005098399102681839;0.02427662573814699;2.453717222946345;0.006627918833486297;0.066789028245131;0.024430495451744222;0.0005968491080176951;0.00972215513310927;1.6215447863266483;0.3260422185737249;0
0.01373732393729729;1.52846458574806;0.0001887140689582411;0.006627918833486297;0.006049718353906945;-1.7108406508256178;3.659909216159856e-05;0.008157438564290853;0.019536251090788954;-0.5061096642352503;0.0249821556031406;0.0453757520138676;0.016343035035754138;0.0002670947941798873;0.013014764454710545;2.4440609048210624;0.19585960336742103;0
0.035587775282622594;2.3249161833482397;0.0012664897495664438;0.0244723156928725;0.0056589933416994476;-1.1509107775329188;3.202420564139868e-05;0.007137758743754441;0.018124073793853012;-1.7699527775568242;0.0249821556031406;0.0438462322830631;0.014965267002861033;0.00022395921646692124;0.015353870858731591;0.05724494033153249;0.16917971840960835;0
0.0339734761311566;-2.229537406242052;0.0011541970804342674;0.053533190578158404;0.012694911387772718;3.009573361082237;0.00016116077514340143;0.007137758743754441;0.01769298756229014;-0.10174473132756863;0.0188640766799225;0.04537575201386759;0.016867451760246274;0.0002845109288842351;0.025648555961961764;-1.5744760039890409;0.1779998867330622;0
0.03040202360239886;-0.8725015540609687;0.0009242830391208173;0.035688793718772205;0.02148114732453403;1.6702620106048904;0.00046143969037833557;0.008157438564290742;0.0108609064969553;-2.2343411816143033;0.015295197308045294;0.02549199551340879;0.012027878328019792;0.0001446698570736482;0.016062133130231804;-1.157027638163336;0.11724021968086851;0
0.021143301428799267;-1.1717935191561075;0.0004470391953090651;0.023452635872335998;0.02139627481831602;2.010644157976877;0.0004578005761009042;0.0040787192821454266;0.011956805750544088;-2.628099173541417;0.02039359641072709;0.02549199551340879;0.013086785220157375;0.00017126394739852953;0.025811510542686836;-3.0418764824948465;0.1341856021432678;1
0.014485196987522911;2.1428553450038224;0.00020982093176734283;0.004078719282145399;0.021875637761726276;0.9678032007378583;0.00047854352748226463;0.013765677577240787;0.024076106766835144;1.6644211627023857;0.02039359641072709;0.06118078923218109;0.022999144932989282;0.0005289606676486465;0.025811510542686836;0.8805408985920392;0.2509597397470857;0
0.015124295884767248;-2.7313016528951377;0.00022874432600998752;0.023452635872335998;0.022828078423910672;-0.1190498251124706;0.000521121164528216;0.022942795962068052;0.034583535113567127;-2.3183882067920365;0.05608239012949939;0.0785153461812991;0.03506349547283763;0.0012294487147737048;0.055552480531673866;-1.7684082435037674;0.44425126664580367;0
0.039901935839294404;2.640877366292466;0.001592164483723167;0.0295707147955541;0.018146290385661408;0.6296406919359008;0.0003292878547607477;0.019883756500458816;0.045900318269546415;-0.6491306885886677;0.0530233506678903;0.11726317936168039;0.030222539638333344;0.0009134019021906301;0.02974096998898703;-0.2748889951645073;0.4183358936598354;0
0.03998523307567664;2.746605719925616;0.001598818864116185;0.0295707147955541;0.010117464400207762;-0.030486507344171798;0.00010236308588947142;0.01223615784643628;0.04963547487252682;-1.2269378190633387;0.061180789232180996;0.1254206179259711;0.022734763231306694;0.0005168694591835748;0.03469886605041531;-2.179733852556138;0.38768461461591286;0
0.03700187516685375;1.3173944318417778;0.001369138765863428;0.0265116753339451;0.010032322933617957;4.5432681019910035;0.0001006475034443968;0.0030590394616092365;0.036548090089698435;-1.7347882121338631;0.044865912103599304;0.0897318242071988;0.01925885268241432;0.0003709034066429372;0.02308280563515854;0.35436110253627956;0.40057797158928005;0
0.03671838575484501;1.350478163274314;0.0013482398524416054;0.0265116753339451;0.01206501434301958;4.6839285714285905;0.0001455645710972682;0.0030590394616092365;0.02664273322102054;2.3871210840539283;0.0101967982053635;0.0723972672580808;0.01897107995282577;0.0003599018745765079;0.010624013710409226;3.650597378076602;0.42093320171063425;1
0.03693015104880754;0.09480401429788661;0.001363836056487741;0.0336494340776996;0.018091775357370766;-2.0720664902505654;0.0003273123355815681;0.026511675333945273;0.011581336485776915;2.595817559035145;0.0091771183848272;0.028551034975017802;0.017568994643480638;0.0003086695727826513;0.013721279221801296;1.5204534760162491;0.3540400840478687;1
0.0227436606742076;-0.2145703391333491;0.0005172741008634972;0.0265116753339451;0.025729494250988357;-0.9665440833570097;0.0006620068744116428;0.028551034975017875;0.020495310739514983;0.19604082932984804;0.0224329560517997;0.04996431120628131;0.015909657330585376;0.00025311719637664896;0.013721279221801296;0.9123998773694938;0.32611343451101726;1
0.02211318575405116;1.5290193704195392;0.0004889929841931711;0.018354236769654298;0.02807917559115625;-0.4408625601847606;0.0007884401018789849;0.03670847353930884;0.01985890261268166;3.6788576845416707;0.009177118384827099;0.04996431120628131;0.015678258205382264;0.0002458077803546363;0.013721279221801296;0.8975581252057125;0.31699233930124276;1
0.020816208486380675;2.236862645466605;0.0004333145357484669;0.0076475986540225985;0.04456712434768716;-1.5170060235647245;0.00198622857262221;0.06423982869379041;0.019206827250692744;-1.4986276149676268;0.0265116753339451;0.044865912103599505;0.01821678615708473;0.00033185129789295377;0.027136748900882975;-2.089431995826543;0.3054363757166731;1
0.021121160552069567;1.0808930590761012;0.0004461034230662996;0.019373916590190703;0.050659721309324765;-3.0482346153685254;0.002566407363138454;0.09788926277149002;0.0387786796336392;1.5708544414551184;0.030590394616090498;0.10094830223309881;0.02122515382497906;0.00045050715489402323;0.029150800555288292;-1.6035750556345374;0.29789770320366143;1
0.03603057078547218;1.9148673971036487;0.0012982020311269212;0.0076475986540225985;0.041384431295512426;0.340230399074778;0.0017126711536529881;0.046905271744672516;0.043757216357959476;-2.4300260776502838;0.06933822779647181;0.10094830223309881;0.02300609082314289;0.0005292802149626996;0.03691920715370119;-2.137085275107932;0.3301417625971395;1
0.03892686978745054;-0.02736125644803285;0.0015153011914491293;0.038237993270113096;0.04608682069416824;0.2494175074398406;0.0021239950416964137;0.05098399102681772;0.03663333687808376;-2.1664747221196734;0.0489446313857448;0.0866727847455898;0.023704150862432435;0.0005618867681089564;0.03691920715370119;-2.629735006817011;0.33180058410154273;1
0.05785795747163177;-1.652011330134459;0.0033475432427891505;0.0825940654634444;0.03414329019151251;1.8341759358029108;0.0011657642651018343;0.010196798205363677;0.040918265990868924;-2.396451183394305;0.0662791883348628;0.0907515040277352;0.040028339607529925;0.0016022679717357488;0.01617291004637124;1.9938882341853024;0.4285583178274663;1
0.062147791148830685;-2.0204278308118617;0.0038623479446786776;0.0876924645661261;0.07037268403376627;1.0064666713890549;0.004952314658116302;0.057102069950036194;0.05723211313388162;2.033985314658247;0.0214132762312634;0.1580503721831344;0.04589760547036997;0.002106590187913736;0.06527735765848215;-1.704571242639042;0.43194997655086853;1
0.05707748308966032;4.541823771455081;0.00325783907585046;0.0101967982053635;0.06867375156611272;0.7189755857239261;0.004716084154164168;0.057102069950036194;0.06596705884722152;0.9227068111865293;0.0703579076170082;0.1621290914652798;0.05275842643273146;0.0027834515596579378;0.09844275097521313;-2.9987081849513024;0.5473484677484847;1
0.05269387244908418;3.916287650675519;0.002776644193680353;0.0265116753339451;0.0685593463754169;0.8246168299757848;0.00470038397542439;0.05506271030896337;0.06711553957620335;1.2466454256866644;0.0703579076170082;0.1621290914652798;0.05989567130255735;0.003587491440783992;0.09844275097521313;-2.4544738458591424;0.6576081540994404;1
0.05109806754379652;0.6417075331758563;0.0026110125067103913;0.0550627103089629;0.06493367213184523;1.884300735499399;0.004216381776525973;0.016314877128581706;0.06272647253559792;1.8309565360707414;0.0428265524625267;0.1621290914652798;0.06235739113843352;0.0038884442295915875;0.09844275097521313;-2.8987129818670776;0.731905999904556;1
0.029341275762084475;-2.674722572288918;0.000860910463346686;0.0509839910268175;0.04447838234362275;4.617402507454081;0.0019783264959054923;0.012745997756704375;0.06324645771703653;4.172104710288598;0.0020393596410727003;0.1621290914652798;0.049006512500321765;0.0024016382674441933;0.0069717927711370475;3.8460107028867463;0.7761162029375668;0
0.022793892693517646;-0.6521114990392162;0.0005195615441235972;0.029570714795554204;0.010071112830601307;-1.1135702728114734;0.00010142731364670227;0.012745997756704375;0.01998156209061468;2.1785278320304045;0.0020393596410727003;0.0560823901294992;0.013482622838267459;0.00018178111859897125;0.015044161735193087;0.023361620309293823;0.3333496861935186;0
0.01645132601182266;-2.850759245406948;0.0002706461275472729;0.029570714795554204;0.009389916943588334;-0.4572078586684623;8.81705402074873e-05;0.010196798205363677;0.012030493487307786;3.646050089173071;0.0020393596410727003;0.0316100744366268;0.01367208325290366;0.0001869258604743287;0.019823495790561807;-1.901920265114575;0.3815027549339765;0
0.013932722383926522;0.5607987402166602;0.00019412075302756713;0.013255837666972602;0.011248875595408672;-2.4244525480912897;0.0001265372021609808;0.01835423676965431;0.028456192894963695;2.5776361325509263;0.009177118384827201;0.0774956663607626;0.014076709607726438;0.00019815375338025782;0.018797244055205053;-1.5216936087764086;0.3192644459386467;0
0.011812452703231969;0.13216255293698373;0.00013953403886609225;0.0101967982053635;0.011248875595408696;-1.7827625483681047;0.00012653720216098137;0.014275517487508882;0.02858197277894941;0.7707448962536331;0.0214132762312634;0.0774956663607626;0.014492039745033972;0.0002100192159716443;0.01763482356887115;-0.12000727874766544;0.36998047236518317;1
0.013943911829486365;0.7936458005626399;0.0001944326771084898;0.0101967982053635;0.03502269922324307;4.042152528150102;0.0012265894608817507;0.009177118384827265;0.031241165938664793;-0.5553197861782581;0.0387478331803813;0.0774956663607626;0.027897797571287363;0.000778287109328527;0.03277977089816031;0.1308286918788054;0.5780796983529582;1
0.019701206342797765;-1.8336777945553873;0.00038813753136149483;0.0275313551544815;0.043345388613913044;2.103396402540818;0.0018788227140911426;0.022432956051799735;0.020966759518670663;-2.7279812260970804;0.0361986336290405;0.0458855919241358;0.028683463571576587;0.0008227410824619612;0.046491400402251734;-2.316718587412719;0.5086095900612407;1
0.023618302889569582;-0.7320774513631711;0.0005578242313834509;0.0275313551544815;0.04346157221470837;2.0690540530390265;0.001888908259374311;0.023452635872336147;0.018091775357371394;-2.086796072899709;0.0244723156928724;0.043336392372795005;0.026086586669722564;0.000680510004076947;0.0376603624961742;-1.8465928921859767;0.44516527321242816;1
0.02537548576319515;-0.8702164971737479;0.0006439152777181197;0.0316100744366269;0.044520440079547294;0.05181088395130118;0.001982069584876561;0.04384623228306317;0.019479621260242753;0.6762878237171664;0.013765677577240799;0.0530233506678902;0.026298953071510794;0.000691634932657527;0.0376603624961742;-1.7678416455886417;0.4667679380895164;1
0.0354432257077344;-2.4944645896368534;0.0012562222485694046;0.0540430304884266;0.044520440079547294;0.05181088395130118;0.001982069584876561;0.04384623228306317;0.03947820500390515;0.916174979378674;0.0361986336290405;0.1019679820536351;0.027076423210853334;0.0007331326938932371;0.04158903150559048;-2.1762095386313582;0.3818814631062964;1
0.03832694185241884;-3.1011682823216056;0.0014689544717586948;0.07137758743754449;0.02667783308239241;0.1663475016287196;0.000711706777971991;0.023452635872336147;0.043595933438899316;-2.255300181211966;0.0647496686040584;0.1019679820536351;0.025796907678590105;0.0006654804457777011;0.03383071809983575;-1.5616735744199453;0.3719758519234928;1
0.029371381192218077;1.9963037880955323;0.0008626780331385818;0.0275313551544814;0.017265440818828623;0.6145694806701378;0.0002980954466684736;0.017334556949117896;0.04334298979885776;-1.615500508275962;0.058121749770572;0.1019679820536351;0.026795825301093472;0.0007180162535667211;0.03572507998200849;-2.084270559911135;0.3747845496398555;1
0.02985068046967352;-0.3474536693495587;0.000891063124502548;0.0387478331803812;0.014546082000292724;0.1580329491877528;0.00021158850155924;0.014275517487508882;0.04082923294827676;4.381025142628846;0.007137758743754399;0.1019679820536351;0.018785323309515056;0.00035288837184300966;0.001913000167447429;2.9275206260795628;0.23251560367675;1
0.017205114146545273;-1.882302299614101;0.0002960159527956522;0.0275313551544814;0.013086111738273095;-0.5591775298246056;0.00017124632042656886;0.014275517487508882;0.03014012107375501;3.9200695291575585;0.007137758743754399;0.07749566636076269;0.027588254293922542;0.0007611117749861357;0.001913000167447429;3.8590509465241567;0.3600101195267163;1
0.028373862142146267;0.598898166160352;0.0008050760528615212;0.0275313551544814;0.026368139418182807;0.721245020990151;0.0006952787763767258;0.027531355154481463;0.02671677884485397;2.5640781081821515;0.0214132762312634;0.06423982869379011;0.02694035190326537;0.0007257825606717741;0.001913000167447429;4.150641590456765;0.3543577129952681;1
0.03208833730696988;-2.54193058306299;0.0010296613911258753;0.0520036708473539;0.03491863732058981;0.5713156278561465;0.0012193112323268872;0.027531355154481463;0.027389366816689156;2.4149359658711362;0.0214132762312634;0.06423982869379011;0.03049332742679372;0.0009298430175576501;0.014463673103248698;3.2105653442504525;0.37748689224805104;1
0.05636717740209064;0.9488008287041604;0.0031772586882787583;0.0458855919241358;0.03560858588810892;-0.00437035120657588;0.0012679713889508296;0.03364943407769949;0.027389366816689156;2.4149359658711362;0.0214132762312634;0.06423982869379011;0.047399292109809935;0.00224669289251109;0.023788465588020502;1.384849575478152;0.4945033802496716;1
0.04678875051344335;2.522060004891537;0.002189187174609245;0.0295707147955542;0.03559690423901638;0.03272200948259396;0.0012671395914017024;0.03364943407769949;0.0272409138707783;-1.2946645673580857;0.0397675130009177;0.06423982869379011;0.051259097738590144;0.002627495100974337;0.05477553338677687;-0.5246125789804689;0.571737839618833;1
0.04306019869552683;3.414519863817157;0.0018541807116982507;0.027531355154481504;0.03559690423901638;0.03272200948259396;0.0012671395914017024;0.03364943407769949;0.019274376264330286;-2.8383437400067053;0.034669113898235904;0.0418068726419904;0.0433998949910632;0.0018835508852353125;0.04757273777583667;0.1517507694936017;0.4529303450953686;1
0.04313739783634693;2.5620058873762694;0.0018608350920912686;0.03568879371877231;0.02297110293885757;1.1201145380863682;0.000527671570227591;0.016314877128581484;0.019293247607245007;-2.8142614150622225;0.034669113898235904;0.0418068726419904;0.04338843549690477;0.001882556334869066;0.04757273777583667;0.205887063285509;0.45380663255923465;1
0.04631748971924951;2.204960186936051;0.0021453098538927844;0.037728153359845;0.021829246916837623;-0.2905380998728333;0.00047651602095626495;0.02447231569287245;0.017007574715667818;-1.4642218306993466;0.020393596410727008;0.0418068726419904;0.043168788570224874;0.0018635443066207778;0.03719655507759597;1.9505309338804189;0.47743224528607936;1
0.01770400276718533;4.5520682488871556;0.00031343171398050577;0.004588559192413598;0.017851678800868364;0.6836593758399445;0.0003186824360093729;0.017334556949118007;0.0323658004447927;2.659766392256435;0.020393596410727008;0.0815743856429082;0.03017220744189179;0.0009103621019165503;0.03719655507759597;-0.47575104078486774;0.3602555866800953;1
0.02149687246757069;2.760712263792712;0.00046211552588699875;0.0071377587437544965;0.016779853109594543;0.9152295621703933;0.00028156347037956963;0.010196798205363566;0.03247484130214843;-2.291782669027937;0.0438462322830631;0.0764759865402264;0.026577684095572467;0.0007063732918840457;0.03211938405332576;-0.8917637187639281;0.27702425744582854;1
0.038626219934134835;1.522311894256782;0.0014919848664001554;0.0178443968593861;0.024489304459717448;-1.3896550820347227;0.0005997260329207369;0.031610074436627;0.044613759764985814;-0.03195057402627673;0.0438462322830631;0.1131844600795351;0.024704116365224797;0.0006102933653865676;0.03211938405332576;-1.327599022157467;0.25447792786118534;1
0.05102017681904739;-0.23461900693454515;0.002603058442646861;0.06423982869379;0.046074410686045085;2.27555312552211;0.0021228513200663456;0.031610074436627;0.04622086141819186;-1.3630392443129888;0.06220046905271741;0.1131844600795351;0.02742435793879151;0.000752095408354957;0.04220297420069122;-2.1301215458990534;0.26781030262965083;1
0.05575420536409894;-0.5731162242509468;0.003108531415782119;0.0667890282451309;0.0474529234102712;1.9309604324005736;0.0022517799401810643;0.03976751300091763;0.07620563341332098;-0.8370599800646362;0.10094830223309881;0.1855817273376159;0.02616577743300726;0.0006846479086736719;0.034660232592773205;-0.8346083467165251;0.25181017090536884;1
0.053780740304524254;-0.20711535614900356;0.0028923680277026793;0.0530233506678902;0.058429522210087396;-3.092728339845607;0.0034140090656990963;0.11012542061792585;0.06662887883182274;-0.3124556589065482;0.07137758743754449;0.1733455694911796;0.025707945650309833;0.0006608984695592843;0.04318500805590342;-2.531524178854768;0.2779977805915019;1
0.06892688645611265;-2.1102450389391016;0.004750915676533847;0.10502702151524419;0.08714236484089392;-1.4233684356666103;0.007593791750063464;0.1172631793616804;0.0500921279407849;-1.3813600564609831;0.07137758743754449;0.1203222188232893;0.051348480407419635;0.0026366664401511583;0.053268598203268874;1.1919080195383789;0.47651462631195857;1
0.07217647868585883;-2.4570492623050613;0.005209444075490234;0.10502702151524419;0.08658997117353089;-0.03074516518297088;0.007497823107832911;0.11012542061792585;0.053589486148951045;-2.69313951937357;0.0861629448353216;0.1203222188232893;0.04685432030256112;0.002195327331014991;0.034660232592773205;1.9172990154934553;0.4127643915699784;1
0.06796531258211398;-1.9442052117617739;0.0046192837143844605;0.098908942592026;0.08043069991582695;0.5550982889082169;0.006469097488949805;0.07749566636076266;0.04559804764172672;3.3044752088369145;0.014785357397777098;0.1203222188232893;0.05375178346805219;0.002889254225996369;0.023913058789734806;3.233072589000995;0.5434259066847809;1
0.05705835265133404;-2.0992757930861052;0.0032556556072839984;0.0876924645661261;0.07844380357336085;3.3988681823630764;0.006153430319056021;0.03262975425716341;0.041885140632484406;-1.599056254247517;0.0591414295911083;0.0953400632201487;0.06256859168921021;0.003914828665971105;0.0436477837790105;2.323995711519141;0.7204439119796274;1
0.04893613331616331;-1.6788246333144627;0.0023947451439373085;0.0611807892321811;0.07713256102407444;3.591954212913573;0.005949431970132568;0.03262975425716341;0.04554385963869595;-1.857530997993841;0.0647496686040582;0.101967982053635;0.06236780666611005;0.0038897433083412807;0.05743777670361112;0.7552435264655474;0.6607607045209496;1
0.04137186733417486;-2.0049915304736863;0.0017116314067165646;0.0611807892321811;0.021755293734017946;0.592427747628637;0.00047329280545340053;0.016314877128581706;0.029819315552457436;4.531760841314139;0.0091771183848272;0.07137758743754449;0.035118116137269326;0.001233282081030736;0.05159153327775819;-1.997906612525829;0.4570341339257955;1
0.03776258628967302;-1.8273434955036454;0.001426012923285001;0.0560823901294994;0.022124937461185767;0.10623920382812575;0.0004895128576613814;0.01937391659019072;0.029115385576260353;3.889232587201261;0.014275517487509;0.07137758743754449;0.03484612606326189;0.0012142525016167393;0.05159153327775819;-2.546140111830951;0.5083813164386201;1
0.03840688712566415;0.7405298972847779;0.0014750889786835067;0.0407871928214541;0.025414381694176685;-0.9857429630621795;0.000645890796897303;0.03670847353930884;0.028828279974215686;2.032774079546293;0.0254919955134088;0.07137758743754449;0.03380397499288435;0.0011427087253195506;0.04942308789257037;-1.6056384729869453;0.4485189746233778;1
0.03345109344944364;2.0624235175208105;0.0011189756529634116;0.007137758743754399;0.022063760233167817;0.32951783174989896;0.00048680951562671753;0.01937391659019072;0.0271644694549611;2.0785736665546253;0.017334556949118;0.0713775874375446;0.040359710251771166;0.0016289062116069228;0.023314242031742954;1.4203488968034736;0.3945077423342375;0
0.044478382343622724;-0.3495521735358598;0.0019783264959054897;0.0438462322830631;0.01608219669173815;-0.14332466351859452;0.00025863705043175343;0.01937391659019072;0.0357535574589175;1.2320990612861362;0.0254919955134088;0.0963597430406851;0.046957872964697;0.0022050418333686215;0.04942308789257037;0.8571971158734435;0.5216826980548367;0
0.05008590054570352;-0.06274054117846244;0.0025085974334741043;0.062200469052717505;0.027898074651290856;0.6347439931302965;0.0007783025692489975;0.02600183542367729;0.04450467308623247;1.1398627464686595;0.0361986336290403;0.11726317936168029;0.04954502934493482;0.0024547099327904527;0.03640399334241439;2.926910684471558;0.6252691228096341;0
0.049560005930983184;-0.08703156867525053;0.0024561941878790882;0.062200469052717505;0.028244394788344233;-0.7590173484601846;0.0007977458369598469;0.031100234526358905;0.04451752068728082;2.552025769951643;0.024982155603140502;0.11726317936168029;0.049900803883748145;0.002490090228244294;0.03640399334241439;2.877627356679637;0.6338907316848009;1
0.04929179080740177;3.6696162605462797;0.002429680641000658;0.0285510349750179;0.02910556332454806;-1.5050843694723852;0.000847133816439277;0.036198633629040744;0.044502336760277476;2.72545363747804;0.022942795962067802;0.11726317936168029;0.05319159994101064;0.002829346304284523;0.003606578533713642;4.773472025016159;0.7729259640249014;0
0.012620983743665262;1.6069797326253763;0.0001592892306578628;0.0101967982053635;0.026281245972299975;2.1300870989801077;0.0006907038898565337;0.010196798205363455;0.020494042426091794;-0.16554703697297413;0.022942795962067802;0.0520036708473538;0.007376398237296137;5.441125095518555e-05;0.013110842368622803;-3.1286788833904446;0.17092065515644086;0
0.011728534421952028;1.9326480907220613;0.0001375585196869136;0.004078719282145399;0.01536979192937019;1.9060926961416567;0.00023623050395213301;0.010196798205363455;0.021623464044948117;2.829607107428165;0.017334556949118;0.0520036708473538;0.00722413808255489;5.2188171035819834e-05;0.013110842368622803;-2.9135420785190913;0.17323870578534525;0
0.008507607396370102;4.353448296677667;7.237938361077127e-05;0.0010196798205363983;0.00810629424466258;-2.0669263739785038;6.571200638104968e-05;0.01325583766697247;0.007174083450327651;0.8001224364222909;0.008157438564290801;0.017334556949118;0.006337290152555245;4.0161246477673683e-05;0.004088972963934054;3.4949701800997794;0.16094712367625014;0
0.017262805936797545;4.816655807380239;0.0002980044688115326;0.0038237993270113027;0.007630585065308227;-0.24330357142864636;5.8225828438904966e-05;0.009177118384827265;0.015780348261999245;4.031023226011773;0.008157438564290801;0.037728153359844904;0.00818173990436345;6.694086786265325e-05;0.0017048741406235496;4.208375865085874;0.24740922128917575;0
0.017386587500835812;4.793197389095259;0.0003022934249242201;0.004078719282145399;0.005327766076318067;-2.995209918286923;2.8385091363965608e-05;0.009177118384827265;0.018543039445314418;3.3201118591926737;0.0050983991026818005;0.0489446313857447;0.009959557000382535;9.919277564386878e-05;0.004310518913184715;2.611254302013817;0.2836632731889083;0
0.02008698074649922;3.708238740613268;0.00040348679551023044;0.0002549199551340961;0.007188561938213262;-2.1344566392317668;5.16754227395284e-05;0.011216478025899868;0.02325898387749647;1.4484454683935273;0.0163148771285816;0.0622004690527173;0.016543406450726057;0.0002736842969939246;0.00872080860031424;1.3152997427569157;0.4032651506897207;1
0.019863810448414048;2.831944702491422;0.00039457096553052306;0.0071377587437544965;0.015318971360620765;2.6360111573327814;0.0002346708835475192;0.007137758743754441;0.023345992034300784;1.6231132019847816;0.0163148771285816;0.0622004690527173;0.016731263674322722;0.00027993518413971106;0.010585579710719696;0.9568482219286784;0.3925717522155235;1
0.019732846416196093;2.7985725515630997;0.00038938522768518306;0.0071377587437544965;0.016419694900054124;2.1341937986352186;0.00026960638061086344;0.007137758743754441;0.027366580317888613;1.9311675575036666;0.0214132762312634;0.0703579076170081;0.018360573135489933;0.00033711064586367467;0.016972922528334648;1.1917208124402272;0.3844471641954743;1
0.007527696064154672;2.484807676069251;5.666620803428975e-05;0.003059039461609101;0.017474944212309728;1.3688862086102322;0.0003053736752233373;0.015295197308045738;0.016652342416017873;-1.282521068445546;0.0214132762312634;0.0418068726419904;0.012031651079625845;0.00014476062770186178;0.016972922528334648;-2.0200869336545693;0.23474194727784312;1
0.0075069490442767105;2.2181751337291815;5.6354283953367014e-05;0.003059039461609101;0.018615790445348692;1.4106514161766697;0.0003465476539051356;0.01733455694911812;0.01931210050952357;-2.5697627704802684;0.0336494340776996;0.0418068726419904;0.013619768376456039;0.00018549809062831196;0.02577099633366505;-2.9568865536062336;0.27517361280785263;1
0.005199367302531301;0.9127218932690949;2.7033420346631617e-05;0.003059039461609101;0.018898493925615004;4.819168208081488;0.0003571530726565072;0.00203935964107238;0.02060157031495871;2.0012106063801;0.012236157846436202;0.0540430304884265;0.010877532323660325;0.0001183207094522752;0.01066284491573586;1.709955915542988;0.24310854209693758;1
0.004537288765429799;0.8677685946619876;2.058698934089547e-05;0.003059039461609101;0.004804412762063509;2.2972972972976877;2.308238198827871e-05;0.0030590394616090144;0.022663516642085445;3.3684251503870137;0.0122361578464361;0.0560823901294992;0.011686472505258933;0.000136573639616173;0.00465299630801571;4.075984657499393;0.2778270784815715;1
0.007338861717322699;0.10293525731403956;5.385889130598468e-05;0.006118078923217994;0.005042004819037737;4.3676841431745075;2.5421812595199766e-05;0.0015295197308049513;0.02146813514024989;3.176011863626549;0.0142755174875088;0.052258590802487896;0.011837354405852532;0.00014012295932975632;0.00465299630801571;4.099056210664517;0.28095284966203377;1
0.01698616421837217;1.858193328461624;0.00028852977485350703;0.013255837666972498;0.021992959664799236;4.2247175213427;0.00048369027481748615;0.0015295197308049513;0.02926121332576902;-2.116148769654688;0.0400224329560518;0.0683185479759354;0.027010044191001715;0.0007295424871998654;0.026116249569439233;1.4181733331502382;0.4950304137780631;1
0.017313550813357864;-1.1820016364925767;0.0002997590417667247;0.021413276231263406;0.02296431244663482;4.064058443663572;0.0005273596461466669;0.009686958295095804;0.03230973415228622;-2.50025532076839;0.0540430304884266;0.072397267258081;0.030351436245974018;0.0009212096821934253;0.05628664332504923;-2.8989837996934313;0.45534650116457315;1
0.025866525734609545;-1.1442269204510798;0.0006690771535792178;0.0336494340776996;0.024000412554175166;-0.8717619397489749;0.0005760198027706089;0.0326297542571633;0.026634195016966452;0.12137207797341887;0.025491995513408798;0.0703579076170083;0.03151910716227234;0.0009934541163068075;0.061477238435244067;-2.9988215617995286;0.48034551743768655;1
0.02441489132974592;1.954550312926166;0.0005960869186433024;0.015295197308045204;0.02214137937249761;-0.41596420125294625;0.0004902406805168626;0.02447231569287245;0.02326485040967294;-1.5928279295464154;0.032374834302029205;0.0571020699500357;0.02871050076945397;0.000824292854432817;0.035558141667118945;-0.6200491345344759;0.36394573873904923;1
0.02483605987318969;0.33320014512149854;0.0006168298700246632;0.024982155603140606;0.021900576745042404;-1.5468415094167536;0.0004796352617654922;0.027531355154481463;0.022028388393664382;0.6486039206198898;0.019373916590190707;0.0571020699500357;0.02731944781249299;0.000746352228779528;0.011875874604253864;4.188755704458738;0.32669693183280335;1
0.020328487889554683;0.035197414716789645;0.0004132474198757714;0.0193739165901907;0.016260616406791547;-2.4541123118848063;0.0002644076459288185;0.02447231569287245;0.022841738390282057;3.6398904160244805;0.011216478025899798;0.0571020699500357;0.02640666523651591;0.0006973119689134179;0.010667977491588737;4.1416999329658;0.32248042481315303;1
0.014743103372638604;1.4273294509285357;0.00021735909705630782;0.010196798205363504;0.0128151484035811;3.307643606788877;0.0001642280286058072;0.004588559192413633;0.027831842691865834;2.6579073014723362;0.012236157846436196;0.0744366268991537;0.02990033187001379;0.0008940298459369624;0.013811839473216986;2.7885845778357825;0.3500868777840726;1
0.013448567938198796;1.0087631277694438;0.00018086397958834864;0.009686958295095402;0.014364462382225595;-2.296342573310502;0.00020633777953037418;0.021413276231263434;0.010800907659318324;2.029735265493399;0.004588559192413605;0.02957071479555419;0.012088438827320464;0.00014613035328186897;0.01911112281109631;-2.2517679076142962;0.12084757956602389;1
0.015186041962786787;-2.3181305244196664;0.0002306158704955212;0.0209034363209952;0.0205636834987693;0.44410574862686164;0.0004228650790375568;0.021413276231263434;0.011493469809887514;-0.8390680908843464;0.013255837666972595;0.02957071479555419;0.01416166691349782;0.00020055280976885887;0.025088746853492536;-2.985943303363097;0.13715020465043182;1
0.016683532445998853;-2.829235163501096;0.00027834025487669654;0.029570714795554197;0.019375258227711037;0.8334721347461406;0.0003754006313904843;0.0168247170388498;0.023646900481898492;2.8820155434690875;0.013255837666972595;0.06118078923218109;0.026532661238920868;0.0007039821124193338;0.025088746853492536;1.7569511096560113;0.27475041299970787;1
0.014517462037495005;-2.1111224420055215;0.00021075670401010866;0.020393596410726994;0.021107618583139007;-0.08297648985842088;0.0004455315622512751;0.026511675333945273;0.05872417444279575;1.7234294055275992;0.053023350667890295;0.1417354950545528;0.03178255060425909;0.0010101305229122896;0.0565614144671614;-3.2008118479387506;0.35206168508640395;1
0.014517462037495005;-2.1111224420055215;0.00021075670401010866;0.020393596410726994;0.021107618583139007;-0.08297648985842088;0.0004455315622512751;0.026511675333945273;0.05872417444279575;1.7234294055275992;0.053023350667890295;0.1417354950545528;0.03178255060425909;0.0010101305229122896;0.0565614144671614;-3.2008118479387506;0.35206168508640395;1
0.014517462037495005;-2.1111224420055215;0.00021075670401010866;0.020393596410726994;0.021107618583139007;-0.08297648985842088;0.0004455315622512751;0.026511675333945273;0.05872417444279575;1.7234294055275992;0.053023350667890295;0.1417354950545528;0.03178255060425909;0.0010101305229122896;0.0565614144671614;-3.2008118479387506;0.35206168508640395;1
0.03843225864022672;1.1806098269507526;0.0014770385041892814;0.038237993270113194;0.03766954514543873;4.650945292156247;0.0014189946314642464;0.009686958295095471;0.035102024257748124;2.505342180340245;0.014785357397777102;0.09483022330988061;0.030836516382546825;0.0009508907426110787;0.037777705878510155;-1.0036436285242007;0.42771361291746884;0
0.03843225864022672;1.1806098269507526;0.0014770385041892814;0.038237993270113194;0.03766954514543873;4.650945292156247;0.0014189946314642464;0.009686958295095471;0.035102024257748124;2.505342180340245;0.014785357397777102;0.09483022330988061;0.030836516382546825;0.0009508907426110787;0.037777705878510155;-1.0036436285242007;0.42771361291746884;0
0.03843225864022672;1.1806098269507526;0.0014770385041892814;0.038237993270113194;0.03766954514543873;4.650945292156247;0.0014189946314642464;0.009686958295095471;0.035102024257748124;2.505342180340245;0.014785357397777102;0.09483022330988061;0.030836516382546825;0.0009508907426110787;0.037777705878510155;-1.0036436285242007;0.42771361291746884;0
0.038956239997068945;-2.1708261972017326;0.0015175886347092342;0.0611807892321811;0.017106629570208285;3.3829583879966214;0.0002926367752523245;0.009686958295095471;0.02297562881870424;0.9918159011843729;0.014785357397777102;0.0632201488732538;0.031348473307054876;0.000982726778683132;0.037777705878510155;-1.402938922217243;0.4182901122188151;0
0.04679986027271508;-2.456309615851706;0.0021902269215456553;0.0703579076170083;0.01744069855958942;3.1739752009985573;0.00030417796624646444;0.011726317936168074;0.029019700741815126;0.19576530864285502;0.030590394616090602;0.0718874273478127;0.03352489230752338;0.0011239184042310406;0.04630372487426299;-1.1225494582180826;0.5178022521958553;1
0.043925600620757205;-1.89610221691287;0.0019294583898942655;0.0611807892321811;0.02426538048513643;-2.8663943067024036;0.0005888086900884399;0.041806872641990345;0.03447814775182186;-2.7823411840074126;0.0622004690527174;0.0749464668094217;0.030048647666400117;0.0009029212265794531;0.03308269623051518;-0.5305007603503734;0.4370987211590743;1
0.04377206491665397;-1.8501429581337259;0.001915993667067769;0.0601611094116448;0.023401596343126718;-2.685918091261005;0.0005476347114066418;0.041806872641990345;0.0410793047384188;-1.5771311883358823;0.0622004690527174;0.09584990313041689;0.028623025198300192;0.0008192775715025277;0.030457580367678823;-0.20340731364844444;0.3971747708891528;1
0.031124463379346927;1.8158685118574465;0.000968732220652308;0.014275517487509;0.022216387436155654;-0.745594359175063;0.0004935678707133748;0.029570714795554176;0.04370609879148097;-2.643110138493489;0.0764759865402263;0.09584990313041689;0.01714488446771726;0.00029394706341137253;0.013979369535257032;0.40036235731261743;0.2749880410468351;0
0.017463040297977114;2.1837365906541457;0.00030495777644877264;0.014275517487509;0.030459254609359592;-2.2171990381955715;0.0009277661913577937;0.0499643112062812;0.0446475399824382;-2.9462921098728336;0.0764759865402263;0.09584990313041689;0.012849232610043969;0.00016510277866701735;0.013979369535257032;0.9044491479863233;0.21694005025363822;0
0.031024083210207092;4.20842276743785;0.0009624937390338537;0.006118078923218105;0.05385801707447052;0.07896202752587793;0.0029006860031939585;0.0672988681553992;0.04027412594704083;3.0470106015779095;0.02855103497501779;0.09890894259202601;0.04300736077889187;0.0018496330811657669;0.0049888738760872076;4.649165114463152;0.515758954398518;0
0.03696673367397247;-3.0584645923270646;0.0013665393985224103;0.0622004690527175;0.05324349746325148;0.16340285349935613;0.0028348700221192667;0.06423982869379019;0.013098024450560948;-0.6242424242432728;0.016314877128581595;0.0316100744366269;0.04147190463735231;0.001719918874249644;0.04726099835494241;-0.04083454856207188;0.4336494701959711;1
0.03510868828527955;-3.210578192381856;0.0012326199931129253;0.0622004690527175;0.06214779114883073;-0.4838778311444578;0.0038623479446786837;0.06933822779647203;0.012768411006422776;-0.4207150015625996;0.014275517487508903;0.0316100744366269;0.03936703624086818;0.0015497635423898288;0.046374433361069306;0.2076850513700066;0.39769278048460016;1
0.0365708419960897;-3.1722535933238127;0.0013374264843029576;0.0652595085143266;0.058847983152335887;-0.25721190127807364;0.0034630851210976084;0.06423982869379019;0.016776754623166214;-2.851864169144276;0.0265116753339451;0.0367084735393087;0.04464186022280599;0.0019928956841525477;0.046374433361069306;-0.13724471351959622;0.47069575040996037;1
0.0365708419960897;-3.1722535933238127;0.0013374264843029576;0.0652595085143266;0.059374354524842535;-0.5786335689634375;0.003525313975241689;0.06882838788620371;0.02467751569049807;-1.170111491952414;0.0316100744366269;0.05710206995003571;0.04550035209337448;0.0020702820406210474;0.05198867523318863;-0.3948095166460372;0.4854953681594142;1
0.0537710728995273;-0.2007942832306758;0.00289132828076628;0.0652595085143266;0.046491138202964265;-1.4732416763314131;0.0021614259314071235;0.06423982869379008;0.040089111234940834;-0.003465737439581081;0.0499643112062812;0.0968695829509533;0.048992987168134564;0.0024003127916569977;0.05198867523318863;0.1381584727215698;0.5124016789443262;1
0.08005817909561952;-2.1660726509676897;0.00640931204010629;0.12032221882328958;0.04671702908864612;-1.4795346928899242;0.0021824808068694073;0.06423982869379008;0.035290351095317155;0.9967013605201132;0.020393596410727;0.0968695829509533;0.06889235537225444;0.004746156628736994;0.10516273775600815;-2.3591017581320486;0.6108011796781783;1
0.07663014271654056;-2.696193973482791;0.005872178772757375;0.11624349954114409;0.044074473352418216;-0.36467106930690346;0.0019425592012930232;0.04282655246252698;0.054729361173022795;2.3118177160977176;0.020393596410727;0.1488732537983072;0.07513372226580585;0.0056450762215152495;0.13100744614139326;-2.973014615973763;0.5578180579038142;1
0.058828544753695144;2.49989564634377;0.0034607976778375125;0.02345263587233609;0.04348847766916241;-0.20094600035334884;0.0018912476899812375;0.04282655246252698;0.059148461447692396;-1.2300824581146597;0.0652595085143265;0.1488732537983072;0.0553738999249503;0.0030662687928984106;0.041295610551523865;2.6776903409829913;0.35347508653279797;1
0.02484547757935138;0.6073192472453192;0.0006172977561460522;0.020393596410727022;0.033582934683003766;0.6835708068328815;0.0011278135019228972;0.033649434077699825;0.060110968661374206;-1.2003330087763118;0.0703579076170082;0.1488732537983072;0.019990287583248275;0.0003996115976609702;0.025844708385385107;-1.2857059581906338;0.10988299143595474;1
0.02634841607080627;-0.18829052201527455;0.0006942390294403222;0.030590394616090616;0.018140559676412024;-2.2496799263268747;0.0003290799053734659;0.02651167533394516;0.04018107816940662;-0.7080724992374883;0.0418068726419904;0.10400734169470781;0.024941428063033254;0.0006220748338234627;0.041295610551523865;-2.982976365952218;0.14033086785797197;1
0.03969947614526963;2.609504908023028;0.0015760484062088322;0.02345263587233609;0.016368957984936375;-2.5212782729645085;0.0002679427855126123;0.02651167533394516;0.027326658224689243;1.5148413594089358;0.014275517487508896;0.07545630671969;0.03301172479616674;0.0010897739740178504;0.042127528690335814;-1.0977810442406646;0.20589076669251574;1
0.058327557494525874;-1.4959608108309486;0.0034021039632772215;0.0729071071683491;0.02110761858313901;-0.4927530706693162;0.00044553156225127526;0.02651167533394516;0.01939101551532632;2.5660712306772937;0.010961558070765806;0.050983991026817596;0.041134459732863136;0.0016920437775145387;0.03882901410268927;-0.26579278792090005;0.298679207564477;0
0.07085123999608528;-2.357315629807038;0.005019898208982875;0.1121647802589987;0.02079746921012655;0.3714231231508928;0.0004325347255461619;0.021413276231263323;0.01968041490032856;0.09548974563670143;0.020393596410727;0.050983991026817596;0.05175025243185276;0.0026780886267604824;0.06627789219439094;-1.063334543593368;0.4343195995360205;0
0.05344523162736719;1.6709593634877618;0.00285639278370293;0.043336392372795;0.02152708084152402;-1.2122936348521958;0.0004634152095575105;0.030590394616090477;0.018634980008680344;0.8985191867857149;0.0124910778015703;0.050983991026817596;0.037191793110694545;0.0013832294747887063;0.05112693061483997;-0.8667897996340521;0.3963489545573928;1
0.023009544541765372;2.9769195448677337;0.0005294391400194845;0.0101967982053635;0.018486882322275244;1.3333097009182306;0.00034176481799765295;0.009177118384827154;0.012809569212196493;2.3424534849498087;0.009432038339961195;0.0326297542571633;0.021982932307319097;0.0004832493128281738;0.018177015166727387;2.326125882783252;0.2810117734748903;0
0.014628052485309845;1.08156465418325;0.00021397991951297956;0.0101967982053635;0.017010631158267963;1.0899254998877421;0.0002893615724026368;0.009177118384827154;0.005878655356362979;-2.129490327213572;0.00917711838482721;0.013510757622106594;0.008573498023199408;7.350486835380417e-05;0.011740033202255959;-1.4105341982951731;0.12186847185068485;0
0.014734285198889249;2.32014081560756;0.00021709916032220677;0.006118078923218102;0.012926226544546336;1.9677329542616395;0.00016708733268093432;0.009177118384827154;0.008009518460958686;0.4023494243011629;0.00917711838482721;0.0193739165901907;0.007895936921201054;6.234581986358598e-05;0.011740033202255959;-1.9731949098603003;0.11290990478196211;0
0.012602434071895801;3.8579587004212805;0.0001588213445364802;0.006118078923218102;0.01290005802980236;4.167024597221986;0.00016641149717226832;0.0025491995513409194;0.007901696243931616;-0.5927581858180536;0.00917711838482721;0.0193739165901907;0.006204438290470497;3.8495054500256464e-05;0.00661200898388821;-0.6891770559814224;0.08673356533326207;0
0.017418328164440985;-3.041672137581958;0.00030339815604415803;0.0285510349750179;0.013374919080472109;-0.9803482645679473;0.0001788884604091769;0.016314877128581595;0.007489615959397904;0.010912688990104632;0.00713775874375451;0.0193739165901907;0.005142351727381362;2.6443781288102076e-05;0.009475552347059643;-2.848882959455587;0.06882865827437533;0
0.016284577247540868;-2.9011918470575395;0.00026518745613112566;0.0285510349750179;0.016321248883219674;-2.1381523921043475;0.0002663831651079995;0.024982155603140543;0.007633990816455492;1.152441309780168;0.006627918833486304;0.0193739165901907;0.004441353462303122;1.972562057711193e-05;0.004149510722968611;1.383395110582389;0.0585396641183812;0
0.014813459789297273;-1.3147557976186153;0.00021943859092912721;0.021413276231263403;0.021186286896192702;-1.8830705585156196;0.00044885875244778654;0.031100234526358794;0.012666213020785484;1.619811357208203;0.006627918833486304;0.034669113898236;0.00775021298622755;6.006580133189016e-05;0.01076151970685682;-0.8220856501386441;0.10595953915062487;0
0.014757201490488408;-0.8404507343148294;0.00021777499583087328;0.020393596410727098;0.016917161234870057;-0.8722340601930298;0.00028619034424659024;0.01733455694911812;0.012590052440540438;-2.799469923900269;0.0193739165901907;0.0280411950647496;0.0075181776395952;5.652299502050924e-05;0.011462225008074048;-2.1390317367357574;0.10728916594603677;0
0.019225764897486227;1.1691739809028607;0.0003696300358934136;0.020393596410727098;0.012666213020785501;-0.5594768924867815;0.00016043295228791618;0.01733455694911812;0.010968077340287407;-3.0490666335937804;0.018354236769654295;0.0224329560517997;0.008913638552159497;7.945295223854405e-05;0.014087774183189308;-2.573866613096058;0.13064182840946265;0
0.019013679543671273;1.2664488418034086;0.00036152000978942344;0.020393596410727098;0.01161271620475817;0.12196463102968498;0.000134855177652253;0.011216478025899868;0.01475896280833091;-1.5643451563851183;0.0193739165901907;0.0356887937187723;0.012892295206546805;0.00016621127569274976;0.014087774183189308;0.4365644559204469;0.1830373326439794;0
0.019877219016639015;-1.6611842105264014;0.0003951038358354357;0.0305903946160906;0.017522479000460837;1.5345010652840803;0.000307037270321591;0.007137758743754663;0.015621414979930689;-2.503087552140643;0.025491995513408805;0.0356887937187723;0.012568077044331324;0.000157956560592248;0.009475208812414426;2.573420229774758;0.180802294082006;0
0.02210613173108877;-3.0211634223630845;0.0004886810601122498;0.0407871928214541;0.010776814594159615;3.5835612881094363;0.00011613973279689166;0.006118078923218251;0.014154830788321797;2.0213587322840105;0.011216478025899902;0.0356887937187723;0.011806698900332207;0.00013939813892310576;0.006849659637299166;2.300473870586258;0.16567316935215792;0
0.019027345670314288;-1.4086047189105007;0.00036203988325762793;0.026511675333945203;0.013267597986600769;-3.206570678262759;0.0001760291563340528;0.02447231569287245;0.00564979919534821;0.916402295967913;0.004078719282145399;0.015295197308045301;0.011285866011401817;0.00012737077162731477;0.0061312529079007305;1.334186299742272;0.15309443787069338;0
0.015803392487863218;-0.7924252687014371;0.0002497472141254516;0.016314877128581703;0.012748036953222833;-2.9894894286419444;0.0001625124461607349;0.021413276231263434;0.0036051125787015816;-2.607999999496021;0.006118078923218098;0.008157438564290798;0.0083899151672573;7.039067651377409e-05;0.011297240539985681;-0.652063531408384;0.10713228565348555;0
0.012496799184136605;-1.2334995859939173;0.00015616998984863733;0.016314877128581703;0.01212947614292885;-3.2321792006392953;0.0001471241915018801;0.021413276231263434;0.008239871051631192;2.779420696990478;0.006118078923218098;0.020393596410726994;0.009996874832007993;9.993750640683484e-05;0.011297240539985681;0.7188378456596176;0.126286571762607;0
0.015322364642611832;-3.238084291969329;0.0002347748582411612;0.026511675333945203;0.011693020231650602;-3.243967673379686;0.00013672672213779029;0.020393596410727022;0.007664574476584458;1.8245751429331538;0.0050983991026817;0.020393596410726994;0.00935066918970175;8.743501429523758e-05;0.0073495988876255275;1.3761081462613742;0.1169568073267459;0
0.02261759254901474;-0.8374107674003639;0.0005115554927132471;0.028551034975017903;0.011878285199081117;-3.2570166211499685;0.00014109365927070954;0.021413276231263656;0.008176535208210177;1.0360890944293335;0.008157438564290798;0.020393596410726994;0.01013772070622233;0.00010277338111736899;0.0073495988876255275;1.0320940561012861;0.12772783281550246;0
0.02667783308239234;-2.806118577859642;0.0007117067779719873;0.0479249515652084;0.011368401127495762;-3.040699680074876;0.0001292405441956469;0.019373916590191054;0.009711078577186946;-1.9736606985510778;0.013255837666972595;0.02345263587233609;0.011438046045871198;0.00013082889734746976;0.01716879920505722;-1.851341338811114;0.13862684758495153;0
0.026800320588966156;0.45049897251629645;0.0007182571836713633;0.0275313551544814;0.010767162272837272;-3.2412073438034184;0.00011593178340961028;0.019373916590191054;0.021886329377116792;2.0061943657517154;0.015295197308045294;0.057102069950035694;0.022983405190697925;0.0005282369141598002;0.019618508801492476;0.9890043716094373;0.2514150498920802;0
0.021001444008084583;0.5992042930298401;0.0004410606504247119;0.016314877128581602;0.010458555240100536;-3.1975849007503228;0.00010938137771023437;0.01835423676965442;0.029131451208222716;-2.6980714171936317;0.0489446313857449;0.0652595085143265;0.032018596034892224;0.001025190492045616;0.05188252248729852;-2.4626275768494623;0.3183632171635417;0
0.018865454575302757;-2.3894682642525296;0.0003559053763328117;0.029570714795554197;0.010587007119337258;3.22835526519601;0.00011208471974489779;0.00101967982053619;0.028132816567037183;-1.133998879993386;0.0356887937187723;0.0652595085143265;0.03200922914192182;0.0010245907502600573;0.04622858120431357;-1.4160977845831535;0.28263717905230595;0
0.03335927376365673;1.5998396881252954;0.0011128411460385962;0.027531355154481497;0.0041794435672314586;-2.493622448984587;1.746774853167242e-05;0.006118078923218251;0.017403398592687296;-1.1080023036740012;0.021413276231263406;0.041806872641990414;0.022050302639219;0.0004862158464811485;0.013517730483449758;2.737889235727183;0.1704181521269289;0
0.03056829356949458;2.457058103127236;0.0009344205717508036;0.023452635872335995;0.007152310764454033;0.791195716834789;5.115554927132504e-05;0.006118078923218251;0.010338567843896198;2.108680676457959;0.006118078923218098;0.02753135515448152;0.010197403632520126;0.00010398704084453464;0.013517730483449758;-1.7632938069603317;0.07519838492007183;0
0.031703680597473506;2.1036586393523358;0.001005123363426618;0.023452635872335995;0.008724074492182064;-2.9033413956823115;7.610947574514174e-05;0.016314877128581595;0.011882661064102717;1.0079472324747851;0.01223615784643621;0.029570714795554204;0.009070593202424324;8.227566104386635e-05;0.005118296898449726;1.5291905209565695;0.06607050598668415;0
0.033803577963191035;2.146195441136431;0.0011426818831135348;0.0285510349750178;0.01015592911021816;-3.080267137096817;0.00010314289609177665;0.016314877128581595;0.010853724148656962;1.733729898784959;0.006118078923218098;0.029570714795554204;0.010208109160104705;0.00010420549262461361;0.013390932121333604;-1.0928899696535304;0.07606196066622019;0
0.03673961721148192;4.3371561247206385;0.0013497994728462184;0.009177118384827203;0.007650996831774891;2.2057993052947786;5.853775251982943e-05;0.005098399102681839;0.01472369641908177;-1.465659127388444;0.01835423676965431;0.0367084735393087;0.01856049401882207;0.00034449193822272986;0.0120267415814376;1.1952908817425119;0.14719651030518147;0
0.018288974532290912;2.671933370174204;0.00033448658944278565;0.009177118384827203;0.005808596051239281;1.534196262591994;3.373978808647257e-05;0.0030590394616090144;0.03239309507015356;1.7744049630441576;0.025491995513408805;0.0815743856429082;0.022531862900057712;0.0005076848457469972;0.027181607822395495;-1.2469507389315275;0.20016358969501338;0
0.03286075441628829;-0.6233867059305555;0.00107982918080761;0.0387478331803813;0.011502512667154617;0.7594420277830322;0.00013230779765805242;0.010706638115631328;0.034450996036557824;-2.130075292267462;0.0530233506678902;0.0815743856429082;0.02193312829444201;0.0004810621167804526;0.027181607822395495;-1.040054835590933;0.19708454815023238;0
0.0312136967814146;-0.2769545805870024;0.000974294866762092;0.034669113898235904;0.015158630312346795;-0.28705774861274475;0.0002297840729463991;0.015805037218313167;0.026813895773028805;-0.2995060880261728;0.027531355154481393;0.0703579076170083;0.01768027954670845;0.0003125922848497571;0.02028950096982339;-1.23041871076956;0.17074915780346778;0
0.04155367296996133;-0.8149315710597888;0.0017267077372944953;0.048434791475476704;0.015156915438161509;-0.3193586234347568;0.00022973208559957866;0.015805037218313167;0.02093946711556176;-1.0732235552545906;0.027531355154481393;0.05098399102681769;0.013161485227137951;0.00017322469338417054;0.0073619404129254135;1.164101018721734;0.13250227996858524;1
0.04696951191648371;-2.0734568483741946;0.002206135049672705;0.0754563067196899;0.014766005978766778;0.31215569213610195;0.00021803493256497623;0.01274599775670393;0.02599083655031048;-1.2973778949472614;0.03364943407769959;0.0652595085143266;0.015544874427335162;0.0002416431209616187;0.02028950096982339;-0.5001568079769049;0.15037861678433276;0
0.04864310951394923;0.39181964737235475;0.002366152103186058;0.0520036708473538;0.014766005978766842;1.6861679229746696;0.00021803493256497815;0.009177118384827265;0.022884941159400658;-1.1077064859977597;0.029570714795554204;0.0571020699500356;0.012507416753515273;0.00015643547384611452;0.014100416717031258;-1.16221200079172;0.11075378774629216;0
0.024209612720028695;4.7560759269114685;0.0005861053480537752;0.0030590394616090005;0.007303356614446821;1.691574615551121;5.333901783778413e-05;0.005098399102681839;0.018041418415491756;-0.9864356030958655;0.02345263587233601;0.04435607219333129;0.01555482828845074;0.00024195268308318738;0.024355143640326815;-2.2328675206236817;0.1339071959309214;0
0.004468013113124548;0.8902994791462232;1.996314117905291e-05;0.0030590394616090005;0.0034878416185352163;0.6991014683316964;1.2165039155986357e-05;0.0030590394616090144;0.011285787509522794;1.1549562683099641;0.009177118384827099;0.029060874885285998;0.011363639952241272;0.00012913231296417404;0.010254726923295557;0.983828744090097;0.09315486718339454;0
0.016683532445998926;3.62344095561334;0.0002783402548766989;0.0081574385642908;0.0034878416185352163;0.6991014683317059;1.2165039155986357e-05;0.0030590394616090144;0.016973151811184906;3.1348246641021333;0.009177118384827099;0.042826552462526785;0.016532120316526844;0.00027331100216011967;0.010254726923295557;2.92652560808979;0.13838124657039894;0
0.016832440113407853;0.07262014981901288;0.0002833310401714618;0.0193739165901906;0.004706018459963122;-2.1166435231104024;2.2146609745513667e-05;0.007137758743754441;0.022678995034351467;-3.1029969605854224;0.037218313449576795;0.04741511165494039;0.022772334562774162;0.0005185792214389188;0.03694822226891288;-2.947446849813138;0.20194027441972184;0
0.01533931979291662;-1.6871206554596974;0.00023529473170936358;0.021413276231263302;0.005875338142505588;-0.1848962113514041;3.451959828878101e-05;0.006118078923218251;0.022437011230015545;-2.9737932735859616;0.036198633629040494;0.04741511165494039;0.022309533755653043;0.0004977152963946226;0.034357551032251396;-2.85111857444039;0.2114968766020658;0
0.011183986608093072;-0.19819528485500607;0.0001250815564500052;0.0101967982053635;0.005491143884097642;1.6611177170036473;3.0152661155862933e-05;0.0020393596410728243;0.016616401504640412;0.9255561821622796;0.0158050372183135;0.0407871928214541;0.01631345059282683;0.0002661286702446021;0.013592820409931108;1.1859689734083159;0.16335161860983416;0
0.008813007213758134;-0.621549114798551;7.76690961497529e-05;0.0101967982053635;0.00791155898491729;2.8344609882893885;6.25927655718255e-05;0.0020393596410728243;0.018671559864616234;1.6874887537223273;0.0158050372183135;0.04588559192413591;0.01840784466480294;0.00033884874520351407;0.013592820409931108;1.9129755614930133;0.18243204002139263;0
0.01037370753001712;2.0784148988307956;0.0001076138079183339;0.0040787192821453;0.00886007300753693;-1.9577211525810594;7.85008936988845e-05;0.01121647802590009;0.02328132466055206;-2.709484092008792;0.039767513000917715;0.052003670847353994;0.02346611878702045;0.0005506587309265542;0.03900469242239474;-2.625444041885802;0.21301415355052342;0
0.010863299557796632;-0.3582836849153577;0.0001180112772824245;0.0112164780258998;0.009494527865389985;-2.5047991922191586;9.01460593866669e-05;0.015295197308045738;0.021757683244018205;-1.8575197677847939;0.03161007443662689;0.0499643112062812;0.02167368103532767;0.0004697484496211223;0.03270605438308466;-2.064452314477626;0.17846208441281963;0
0.007374195873055677;0.23679390485001525;5.437876477419138e-05;0.007137758743754499;0.007996526532761533;-1.8865754511203174;6.394443658915919e-05;0.01121647802590009;0.015045029347137912;-1.6848861938249986;0.021413276231263392;0.03568879371877229;0.015349313820211086;0.00023560143475132305;0.022395395774035723;-1.7448683519928387;0.12170238717994208;0
0.005830928298356505;1.7840810257240693;3.399972482057469e-05;0.004078719282145499;0.007948435268878836;-1.782505515075826;6.317762322355697e-05;0.01096155807076582;0.01648289642276735;-0.9343066527283691;0.021413276231263392;0.0397675130009178;0.01677384618665452;0.00028136191589354443;0.022395395774035723;-1.0056719145823259;0.13385630632051385;0
0.010006379463931441;2.0444612662270742;0.00010012762997618889;0.004078719282145499;0.006478177654310806;-2.182086389785141;4.196678572081186e-05;0.009177118384827043;0.020889753210865614;-2.6511346220105323;0.0356887937187724;0.0469052717446722;0.021038810556911217;0.0004426315496495988;0.03675295980947926;-2.739477027052669;0.1782723510987478;0
0.007513871082671615;3.4674358739555324;5.645825864700871e-05;0.003059039461609;0.004693574140798014;3.0317957553448025;2.202963821516781e-05;0.002294279596207094;0.01796778850484952;1.5214201809477501;0.014275517487509007;0.0469052717446722;0.01792944848420177;0.0003214651229476452;0.01435756403544354;1.5990459811709847;0.15936712547919005;0
0.006584637214627285;3.850559839897817;4.3357447248254563e-05;0.0030590394616089997;0.004056352458634927;1.6610794157066546;1.6453995268673618e-05;0.0035688793718771095;0.009428592846388452;-2.218733969377625;0.01529519730804521;0.021413276231263406;0.00933401026588499;8.712374764364639e-05;0.015437591501865425;-2.204219389708823;0.09040886088495417;0
0.00943961399900719;1.737860627490664;8.910631245025252e-05;0.0030590394616089997;0.00195475573699218;-2.206198806054419;3.82106999130384e-06;0.0030590394616090144;0.01722927016285879;2.2031646326652976;0.01529519730804521;0.041806872641990414;0.017437009710031082;0.00030404930762771825;0.015437591501865425;2.3420613015786587;0.16227762809905585;0
0.013489096110250683;-0.8782040816327642;0.0001819557138715801;0.014275517487508901;0.006513192382041941;3.3211460135525264;4.242167500548917e-05;0.0035688793718771095;0.018486882322275064;-2.213921979157284;0.030590394616090505;0.041806872641990414;0.01907016697810432;0.0003636712685727804;0.033220921316108015;-2.497297182233114;0.16898979514917936;0
0.010920575699390372;-1.4858746025607925;0.00011925897360611553;0.014275517487508901;0.008774580368376073;-2.3129776630476364;7.69932606410908e-05;0.012236157846436058;0.017340554028331637;-1.995438841158195;0.026511675333945106;0.040787192821454016;0.01787829101258766;0.0003196332895307727;0.028001068229966702;-2.2693454132406146;0.15690450395570044;0
0.01106716716730093;-1.556535926046833;0.0001224821891089837;0.014275517487508901;0.007862121556521353;-2.4569168881270933;6.181295536951773e-05;0.012236157846436058;0.017280489580352474;-2.0045599234868257;0.026511675333945106;0.040787192821454016;0.017800876277107077;0.0003168711962328735;0.028001068229966702;-2.2446913022991395;0.15570569621672492;0
0.01041372197955475;-1.4432425823809183;0.00010844560546746173;0.014275517487508901;0.007506949044276924;-2.749077490774957;5.6354283953370226e-05;0.012236157846436058;0.016748842450842776;-2.024174621281432;0.026511675333945106;0.038747833180381316;0.01699639377780025;0.000288877401450047;0.028001068229966702;-2.3321733691721107;0.1478755430685991;0
0.016894097609647035;-0.822021161177382;0.0002854105340442816;0.0224329560517997;0.017388456202542833;2.5560115906601397;0.00030235840910775036;0.012236157846436058;0.02203546730394022;1.1554594683820223;0.01529519730804521;0.059141429591108394;0.017300721680192213;0.0002993149706554729;0.014271575601108505;0.23714441730149835;0.16639548361590936;0
0.016761253599230665;-0.5202139380814484;0.00028093962221772294;0.0214132762312634;0.017319555166170123;-0.913053533936651;0.0002999669911540102;0.022432956051799735;0.018857185692777403;-1.8690109777368786;0.02447231569287249;0.0458855919241358;0.013847946574989368;0.0001917656243437598;0.01839366167725319;-1.6206064175140422;0.1471444941991447;0
0.014300986762865654;0.6387989524146628;0.0002045182223916587;0.0122361578464362;0.01564136995716967;-0.5273318018303202;0.00024465245413704984;0.020393596410727133;0.01844465227628417;-1.4777511343174876;0.02243295605179979;0.0458855919241358;0.01353107210608789;0.0001830899123401498;0.01624026685037047;-0.8953280182020341;0.14500562876911285;0
0.011414039211955294;1.991561831810568;0.00013028029113205304;0.009177118384827201;0.01665546404739103;-0.7524882611168154;0.00027740448263393523;0.020393596410727133;0.013326243909619123;-1.9943618404064196;0.02039359641072709;0.030590394616090588;0.008515840443026251;7.251953845108155e-05;0.01440818698902388;-2.6141995471221335;0.09573606681316382;0
0.010027139609617227;2.2945088649302456;0.00010054352875075472;0.0071377587437545;0.015048484400426916;-0.5147012322068724;0.00022645688274989227;0.020393596410727133;0.01409963170587817;-1.915227105626067;0.02039359641072709;0.03364943407769959;0.009798004620860938;9.600089455041229e-05;0.01440818698902388;-1.8754214742834943;0.10907477897508532;0
0.008783463023292777;1.5962176967601411;7.714922268155149e-05;0.0071377587437545;0.01000118269418934;-3.018637540467051;0.00010002365528255237;0.019373916590190943;0.012666213020785275;0.52316211571175;0.011216478025899895;0.03364943407769959;0.013295614256527661;0.0001767733584583816;0.011928375026192359;0.19189515938181265;0.13795462179556603;0
0.011123393611334492;-2.9985876703629764;0.00012372988543267701;0.0203935964107271;0.008315237294942556;-1.4733450166769455;6.91431712712036e-05;0.01223615784643628;0.007458314896669232;0.3369726614418281;0.007137758743754399;0.019373916590190693;0.008936401352390348;7.985926913100403e-05;0.006217575241676571;1.3761798377523082;0.08884307198608864;0
0.009306498794008102;-1.8441422187138532;8.661091980287426e-05;0.014275517487509003;0.01024511850739143;-1.1212684548792318;0.00010496245323049442;0.01223615784643628;0.011549871511894606;-1.1848873299334624;0.015295197308045197;0.028551034975017903;0.01249788673597791;0.0001561971728653326;0.014610532672507531;-1.1589264373262296;0.11814808531754312;0
0.01270719084708831;0.702364905346414;0.0001614726992243249;0.014275517487509003;0.010122601473095344;2.373869355270904;0.00010246706058311202;0.007137758743754441;0.009272921418896067;0.14149129507424382;0.008157438564290798;0.024472315692872407;0.009756329135037869;9.518595819118879e-05;0.012920356761051577;-1.3797222556625677;0.0903310347973768;0
0.014029401094210428;3.4980740621670847;0.00019682409506223276;0.006118078923218102;0.010168718347258923;0.534565297674181;0.00010340283282588026;0.010196798205363455;0.010606630875044707;-1.5313429980513031;0.01631487712858161;0.024472315692872407;0.011419184291710885;0.00013039776988805663;0.020562460859405787;-2.876111713112639;0.10154976952264111;0
0.0139811453051923;0.4938037573559863;0.0001954724240449007;0.014275517487508903;0.00862518946458959;-0.0066877921788683166;7.439389330006725e-05;0.008157438564290853;0.0251429142570366;1.7403047091398822;0.024472315692872407;0.0611807892321811;0.02555212923233368;0.0006529113083058813;0.022252636770861742;1.5253884919372886;0.2511877893574303;0
0.013419544306199328;1.0057990068746439;0.0001800841693860468;0.010196798205363497;0.008903971243281848;-0.6436441816716254;7.92807039011901e-05;0.010196798205363677;0.025897659379385037;-0.22961282831199034;0.03415927398796781;0.0611807892321811;0.026169525537459312;0.000684844066855735;0.03270587633785138;-0.20818097690995194;0.26265511126182195;0
0.013899099999093499;0.6827315417223735;0.0001931849807848009;0.012745997756704402;0.0074443610679898724;-1.50104368701349;5.541851171060331e-05;0.010196798205363455;0.023409370406621;-0.4940515745460381;0.02447231569287249;0.0611807892321811;0.02332972029350107;0.0005442758489729956;0.016522923927315386;0.7463498439251737;0.2529858807170221;0
0.008233559391531144;0.3647372172422448;6.77915002538707e-05;0.009177118384827203;0.006990572652596268;-0.38343141693074284;4.886810601122683e-05;0.007137758743754663;0.022460748285523892;2.2421827584557144;0.009686958295095291;0.0611807892321811;0.02284524807800782;0.00052190535974572;0.004379508448869793;2.221094900296149;0.25682261210586754;0
0.00882037779898387;-0.11404603837674188;7.779906451680752e-05;0.010196798205363504;0.007152310764454127;1.5050565139798995;5.115554927132638e-05;0.006118078923218029;0.012329274192060065;-2.6502676795262397;0.020393596410727;0.02702151524421329;0.011812319081175533;0.00013953088207550358;0.013037495542037036;-0.47039525364964635;0.15051705959050454;0
0.005661289545219343;-2.9536686774809326;3.205019931480983e-05;0.010196798205363504;0.00322451071700665;-1.2000000000028617;1.0397469364090741e-05;0.0040787192821452045;0.011195601510598077;2.201045739318728;0.009686958295095291;0.027531355154481497;0.007210522141498125;5.1991629553034714e-05;0.004379508448869793;3.0483427850757536;0.08550023822130676;0
0.012850595596125766;2.280222530834068;0.00016513780717516694;0.010196798205363504;0.0035615884973127215;-0.6436441816750396;1.2684912624190289e-05;0.0040787192821452045;0.010283105728951534;0.8724544107245045;0.008157438564290798;0.027531355154481497;0.00858602973713804;7.371990664701874e-05;0.013037495542037036;-2.7460937076703527;0.10646196421578094;0
0.013824090816830694;-1.8394759969976064;0.00019110548691198272;0.021413276231263403;0.0052491231472352184;0.6044855820575042;2.755329381484057e-05;0.0040787192821452045;0.010413721979554664;-0.007013841094693163;0.010196798205363608;0.027531355154481497;0.010038764019922876;0.00010077678304769812;0.014245869296591149;-2.275693247289228;0.130363826534983;0
0.012475981579837064;-0.261633822086998;0.00015565011638043373;0.012236157846436196;0.006424792088109857;-0.1829210260835493;4.127795337543901e-05;0.007137758743754219;0.011183986608093038;-1.6658478492149484;0.015295197308045308;0.027531355154481497;0.009605106819201712;9.225807700827524e-05;0.011885010555621814;-1.3047395508947364;0.12550186788397996;0
0.011216478025899857;-0.9591557953700018;0.00012580937930549435;0.012236157846436196;0.00808060069589433;-0.6379062030912444;6.529610760648792e-05;0.0091771183848266;0.00904588767868515;-2.1796860999005383;0.014275517487508896;0.020393596410727105;0.011937319914768369;0.0001424996067475255;0.019142290935607043;-2.41883070914713;0.14739185176893785;0
0.013969985682311104;1.1804194510048045;0.00019516049996397722;0.009177118384827099;0.008233559391531114;-1.2205954307651983;6.779150025387022e-05;0.010196798205363233;0.00817653520820998;-2.115932073843286;0.011216478025899798;0.019373916590190707;0.011882290220649919;0.0001411888208877527;0.015131903826700863;-0.44933140653687315;0.1552986218385284;0
0.015216821045747165;0.010882081745895297;0.00023155164273829383;0.0163148771285816;0.008157438564290822;-1.4179687499999893;6.654380393017912e-05;0.010196798205363233;0.007996526532761087;-1.8865754511641188;0.011216478025899798;0.019373916590190707;0.011867425370960076;0.0001408357849353069;0.015131903826700863;-0.44370719658415564;0.15505269314826647;0
0.015313880027839432;1.3322396087770443;0.00023451492150705945;0.015295197308045301;0.01341954430619928;1.785544751958824;0.0001800841693860455;0.010196798205363233;0.01365381359540757;1.4664359041415633;0.012236157846436196;0.03466911389823589;0.015229301201523214;0.00023193161508671642;0.023364883845604742;-1.9824095649140194;0.18150537872857406;0
0.016826261937346074;3.484171937116571;0.00028312309078418126;0.008667278474559;0.012970391447870145;0.10604585923815198;0.00016823105431098298;0.011216478025899645;0.015674571798727163;0.9523979233390053;0.015295197308045197;0.0387478331803814;0.017855291359500074;0.000318811429532638;0.02673921044720666;-2.343378645539706;0.22318299643520126;0
0.012142327436813729;2.5530962743395045;0.00014743611558279946;0.0063729988783521;0.009250468791713453;0.8397248604446013;8.557117286646455e-05;0.009177118384827043;0.015369791929370115;3.3929628607885385;0.008157438564290798;0.0387478331803814;0.015958686406268734;0.00025467967181362644;0.0106762903047328;2.7295454982244394;0.20782154747229845;0
0.015292647896025092;-2.680777303671583;0.00023386507967180066;0.0254919955134087;0.02102865597357009;2.3384093849135184;0.000442204372054765;0.011216478025899645;0.017558045638546387;2.070752369548085;0.012236157846436307;0.04588559192413579;0.015317217431208601;0.00023461714983492063;0.0073019637031308815;2.8772955743853665;0.19641906449782642;0
0.014115293361789532;-1.0945567380638839;0.0001992415066893796;0.0191189966350566;0.02221872735795217;-0.8498226362680583;0.0004936718454070121;0.02651167533394494;0.020558626647961507;1.1536062962110165;0.0193739165901907;0.0520036708473539;0.018279469934140993;0.0003341390210731645;0.015057332950588823;1.2615082202931518;0.2439556826864457;0
0.011656840384596235;-2.530995377469749;0.00013588192775195368;0.0191189966350566;0.018545842837792773;-0.3356689802596288;0.0003439482865641095;0.021413276231263323;0.011965498449438795;-2.354918890014963;0.0193739165901907;0.027531355154481504;0.009849106968068037;9.700490806844637e-05;0.014345454149364542;-1.453662689489639;0.14122633151005587;0
0.015406953806063706;-2.0815511784238026;0.0002373742255821809;0.0244723156928724;0.01731054785594855;-0.0060655503228754055;0.000299655067073085;0.02039359641072691;0.012120901043841363;-2.3139846406644957;0.0193739165901907;0.027531355154481504;0.009171048326107687;8.41081273998026e-05;0.0069642466443872175;2.786094296326143;0.12877770563650928;0
0.02523166758585834;0.946879193742074;0.0006366370491632545;0.0203935964107269;0.026348416070806218;0.20076048516893272;0.0006942390294403195;0.021413276231263323;0.01212090104384139;-1.8091185428594965;0.018354236769654406;0.027531355154481504;0.008461647748108713;7.159948261307325e-05;0.002959835040076353;3.482432962162408;0.12043892227423614;0
0.020452143958943677;-0.8791377246752639;0.00041829019251735637;0.0244723156928724;0.019785467433396813;1.7375703031169227;0.0003914647215580058;0.01325583766697247;0.01834857100728138;-0.7320019640142519;0.019373916590190707;0.0469052717446722;0.013805538024990977;0.0001905928801594718;0.017769472644244465;-1.1884138907739394;0.21416703473613413;0
0.01840515014559964;-2.3660302957333905;0.00033874955188206636;0.0316100744366269;0.01680152651502406;-0.03168401452948425;0.0002822912932350565;0.015295197308045405;0.018091775357370693;-0.08723394293216913;0.018354236769654406;0.0469052717446722;0.013148166879557503;0.0001728742922926929;0.002879304245621342;4.282469484072922;0.19418589062907665;0
0.018890239505511424;-2.1795626339715795;0.00035684114857558456;0.0316100744366269;0.01892048810696053;-1.9007218424381236;0.0003579848702056349;0.029570714795554287;0.014818723054622094;-0.3854193569215063;0.015295197308045197;0.0387478331803814;0.01426700160388588;0.00020354733476528228;0.024328328637350155;-3.1498888984233457;0.23115588838301984;0
0.017416835783153593;2.0048572240466904;0.00030334616869733943;0.016314877128581602;0.01892048810696053;-1.9007218424381236;0.0003579848702056349;0.029570714795554287;0.017183949777049713;-0.17163013291000104;0.020393596410726997;0.0428265524625267;0.01674252117490978;0.0002803120152923024;0.027364199533919005;-2.84388798700288;0.30458010976504657;0
0.0644535250942531;3.7999784411690527;0.004154256897075514;0.032119914346895095;0.03276172709817145;1.2408839922409776;0.0010733307624550613;0.027531355154481463;0.03214499191792257;1.1051090721013328;0.0275313551544815;0.08361374528398069;0.038023050154194174;0.0014457523430283657;0.027364199533919005;2.5769221244326737;0.5736588912812449;0
0.0634044914992522;0.8593223419318802;0.004020129542278745;0.0672988681553991;0.033132534093556355;0.5072335887089423;0.0010977648154606742;0.0326297542571633;0.03613322886276337;0.298196931397932;0.0428265524625267;0.0866727847455898;0.03606034245199546;0.0013003482977551855;0.024328328637350155;2.1048432220043067;0.5056912689984271;0
0.054897235769951196;0.9728894782353592;0.0030137064951816094;0.0402773529111858;0.03267274368049262;0.6936597654165931;0.0010675081796111701;0.029570714795554176;0.03981324157306948;-0.19080910989102287;0.0458855919241358;0.0999286224125624;0.03633940849762928;0.001320552609957571;0.03352735740682629;1.0880706330639203;0.49678739711690256;1
0.05440448146867703;1.1336760604450227;0.0029598476038756225;0.0367084735393087;0.028979365081685055;1.3938022158858072;0.0008398036005375871;0.029570714795554176;0.042802267486112655;-0.5615610034516081;0.05302335066789031;0.0999286224125624;0.033965475392278344;0.0011536535186234655;0.015047994971024659;1.964928121680111;0.4420016179541476;1
0.04258674184741411;3.0944251243620307;0.001813630581178292;0.0193739165901907;0.032554785397568516;0.7249120715410081;0.0010598140522817402;0.03161007443662678;0.04188141690203491;4.747610743476137;0.007137758743754503;0.0999286224125624;0.026838332052091476;0.0007202960673383207;0.012393950827665687;4.031936648230816;0.3224738907680469;1
0.02315144802639477;-1.1219960092609316;0.0005359895457188583;0.031610074436626896;0.019648359664070525;-2.894020173114475;0.00038605803748867357;0.03161007443662678;0.0057861776115469415;-0.5167624704395534;0.007137758743754503;0.014275517487509007;0.0066380004135481304;4.4063049490265145e-05;0.003621620843097695;3.0079798677881513;0.09478492371750137;0
0.027183600712670564;-1.4227442869155003;0.0007389481477059036;0.0367084735393086;0.016432354651279405;1.0537869218785296;0.00027002227938542395;0.01325583766697247;0.010053029504530239;0.9546308997666119;0.008157438564290909;0.026511675333945203;0.009860193632705358;9.722341847444329e-05;0.004682186155621923;1.5099640526788687;0.14754058257892202;0
0.018430554091638993;-0.24701195667051343;0.00033968532412483087;0.019373916590190603;0.022748231804928826;-0.11922353374044548;0.0005174820502507754;0.022432956051799624;0.018034213088148503;1.2485221348628919;0.018354236769654295;0.04384623228306321;0.010114853365287791;0.00010231025860127376;0.01238765852416325;-0.7162754405228663;0.17000813135829085;0
0.022679568105269377;1.060653478724068;0.000514362809441552;0.0183542367696543;0.022748231804928826;-0.11922353374044548;0.0005174820502507754;0.022432956051799624;0.019845809117084223;-2.827440123816924;0.0356887937187723;0.042826552462526694;0.010419934506146547;0.00010857503511238348;0.01636681826197932;-2.299108965545443;0.18667930162666277;0
0.014402413471831828;-0.9396800271355126;0.00020742951381360293;0.0183542367696543;0.023841762731283505;0.12659123171110784;0.0005684296501348191;0.02651167533394494;0.015724243113042633;-1.4298401169678836;0.023452635872336102;0.036708473539308596;0.010302369226787155;0.00010613881168505097;0.009234802972639476;0.2574721703660039;0.20860003796098173;0
0.01632124888321958;-2.7563086508454178;0.0002663831651079964;0.028551034975017903;0.02410416121887198;0.0884276768553794;0.0005810105880653719;0.02651167533394494;0.01626061640679157;0.49055884867566135;0.012236157846436196;0.0438462322830631;0.006178057767004965;3.816839777245037e-05;0.003227501222560457;1.4588938065757933;0.1348149275416292;0
0.01671777426892559;-3.0201440927934065;0.00027948397650675054;0.028551034975017903;0.02798459205533094;-0.5659915463538804;0.0007831373925032915;0.03466911389823579;0.013630949252942583;-2.0368551207206003;0.0193739165901906;0.031610074436626896;0.0062627166665501655;3.922162004548522e-05;0.0096539189211515;-2.393285181800792;0.14984605347202037;0
0.015707703460718425;-2.102461158321937;0.00024673194800986563;0.0244723156928725;0.015986550502511226;3.1217406042340747;0.0002555697969693419;0.008157438564290853;0.017837111945075836;-2.5061194412405947;0.030590394616090498;0.0397675130009177;0.009336632318605483;8.717270305282841e-05;0.011096761222581054;-1.0411011832674373;0.2108648585213344;0
0.017295525248019545;-1.8892094106543287;0.0002991351936048816;0.0244723156928725;0.024805689608774686;4.184015498052055;0.0006153222369668724;0.008157438564290853;0.022823523284999845;-2.744702212341782;0.0387478331803813;0.0499643112062812;0.01744987273205493;0.0003044980583649142;0.02028657478636365;0.19816898603138475;0.3486255655457283;0
0.027713914590424847;2.1487404038820173;0.0007680610619253632;0.015295197308045301;0.02486848362438086;2.299519507554655;0.000618441477776099;0.018354236769654086;0.023734676954751645;-3.0603312775143316;0.0387478331803813;0.0499643112062812;0.025678250137129967;0.0006593725301050151;0.030320517838295417;-0.7318117323222294;0.41111509140928304;0
0.03650254373339193;0.5119856708107532;0.0013324356990081904;0.0326297542571633;0.028867926311597927;-2.924484620033617;0.0008333571695318478;0.05302335066788988;0.021237754613288147;-2.4196508452117507;0.029570714795554204;0.0489446313857448;0.028310048031027237;0.0008014588195190692;0.043029753538643106;-1.475502782943624;0.47335050238738224;0
0.036362703131524496;0.5786294907432298;0.0013222461790313813;0.0316100744366269;0.024444683764660857;-2.66400648007577;0.0005975425643542741;0.03874783318038122;0.02091462493441573;-2.5128430668005337;0.029570714795554204;0.0479249515652085;0.03229092566924195;0.001042703880576509;0.04358158020888677;-1.46900567163535;0.568411908956714;0
0.04127247758396551;-0.33829478511670175;0.0017034174059189357;0.0550627103089629;0.022070827798422878;-3.1992724116682996;0.00048712143970763605;0.03874783318038122;0.025665768477915272;-2.232310356722389;0.037728153359845;0.0606709493219128;0.03662364140063261;0.001341291109442131;0.05802359070307431;-2.092186726865806;0.7467891635091185;0
0.04461375976498541;3.1223263167423005;0.0019903875603678313;0.023452635872335998;0.017799182327394546;4.491063266671458;0.0003168108915238343;0.0030590394616087924;0.022303966502057595;1.0650029436221342;0.0209034363209951;0.0571020699500356;0.03372699399864321;0.0011375101241845149;0.01444201049418754;4.267817732542241;0.8536222255295627;0
0.027856114923694313;0.6951973835134501;0.0007759631386420651;0.023452635872335998;0.018083152698040297;0.6907322547461187;0.0003270004115006421;0.017334556949117896;0.018437604531471474;-0.2559465281785525;0.0209034363209951;0.0469052717446721;0.016404372760795895;0.00026910344567514233;0.01444201049418754;2.1131445523946524;0.521657780610942;0
0.03624958176632864;-2.2195698842274516;0.0013140321782337458;0.0560823901294992;0.0118168529465223;-2.6914493895430898;0.0001396380135597328;0.017334556949117896;0.01811331404751418;0.6731600796319922;0.0168247170388497;0.0469052717446721;0.022314501830020216;0.0004979369919219756;0.03976335332231204;-2.902254911151792;0.5900647265249909;0
0.039245090608924726;-2.7733545219277205;0.0015401771369027116;0.0622004690527173;0.011969842431593018;-2.7582411563844924;0.00014327712783716466;0.01835423676965431;0.01813339374301901;0.8762549016544648;0.0168247170388497;0.0469052717446721;0.022827092753160052;0.0005210761635613722;0.04026537326963148;-2.8869593917628897;0.6110577645611481;0
0.037455714401099315;-2.4954092734025672;0.0014029305412967188;0.0622004690527173;0.018958916528024637;0.42443595429917497;0.0003594405159166058;0.01835423676965431;0.01804862086634195;0.9374349574441609;0.0163148771285815;0.0469052717446721;0.020159627185033648;0.0004064105682395477;0.029394907951322782;-1.8756930921768233;0.4828594408955403;0
0.0315821030980711;-1.92468547545912;0.0009974292360971923;0.0448659121035994;0.018994530447840444;0.26105191472399386;0.00036079218693393765;0.01835423676965431;0.017528411785123973;1.1039879065852531;0.0163148771285815;0.0448659121035994;0.022469974468603604;0.0005048997526196979;0.040778744397422004;-2.7877485836536575;0.5692385314110904;0
0.02861832737616579;1.0379202235126854;0.0008190086618094002;0.0224329560517997;0.02000236538837841;-0.9712081444150039;0.0004000946211301986;0.024472315692872337;0.019149901944173788;1.7162292080478754;0.015295197308045199;0.0494544712960129;0.02290259526897599;0.0005245288700545214;0.04276970323185534;-2.895140963160923;0.5744039369597366;0
0.023767509557188125;-1.0556599174137073;0.0005648945105510288;0.0305903946160904;0.021456932293362135;-0.3975471439447584;0.0004603999434419268;0.024472315692872337;0.01684170312802092;-0.5032997585052191;0.0183542367696543;0.0433363923727948;0.01894452807005111;0.0003588951437969544;0.028346719083734255;-1.913307665824907;0.5250791887912353;0
0.023996079958679185;2.5299193555644344;0.0005758118533833248;0.0183542367696543;0.025250204383450596;-2.9796419412200943;0.0006375728214060277;0.048944631385744786;0.01527819319238486;-2.7164634600025885;0.0275313551544815;0.0331395941674314;0.015883710687246977;0.00025229226519616385;0.009657363864736784;1.7978595157370663;0.37142176348147093;0
0.024476563990047447;2.449326585351759;0.0005991021847588873;0.0183542367696543;0.030337830972389648;-0.08801128728508445;0.0009203839881092846;0.026511675333945273;0.014490579484886437;-0.4715655804775807;0.014785357397777102;0.0367084735393086;0.020418746639822457;0.00041692521434126084;0.014422984148121085;1.3251587960932898;0.41495054550798066;0
0.03328750982172016;2.3275559730580198;0.001108058310131116;0.0050983991026818005;0.03956173736549664;-1.920385875970145;0.0015651310633765327;0.05098399102681761;0.008619159971043138;2.486338423176734;0.0030590394616090005;0.0234526358723361;0.017843758106428548;0.0003183997033607345;0.022557850043742216;-0.5211872474313507;0.2803970038784328;1
0.035279300874995284;-0.27619586851006517;0.001244629070228443;0.032119914346895;0.04114885035990837;-2.3039243125668194;0.001693227885942131;0.05812174977057227;0.017138509548253026;0.4159135406061516;0.017334556949118;0.0428265524625267;0.020177140112625384;0.0004071169831245164;0.026350980721860227;-0.9928389397397707;0.3353900752643368;1
0.025159450210325035;1.3020339027271557;0.0006329979348858245;0.012236157846436304;0.0398171587212914;-1.612655288457847;0.0015854061286365115;0.05608239012949945;0.023635905502700397;-2.707086521384156;0.0367084735393086;0.0520036708473538;0.022905283792197927;0.0005246520256011251;0.02931429448007747;-1.2467134808762321;0.39696679755252035;1
0.025352939791828275;1.0352977175885982;0.0006427715560880695;0.015295197308045301;0.04038755988963075;0.5586772247505358;0.0016311549938385105;0.040787192821454266;0.027800070104818917;-2.610710661957429;0.0428265524625267;0.0632201488732537;0.023734642319955722;0.0005633332460562332;0.03377484537271529;-2.2421584788234816;0.37611686688681273;0
0.025352939791828275;1.0352977175885982;0.0006427715560880695;0.015295197308045301;0.019475617638524918;4.422899353647156;0.00037929968240202284;0.0;0.029751244796899213;-2.159457783825713;0.0458855919241357;0.0662791883348628;0.02403410330904693;0.0005776381218699407;0.03377484537271529;-2.1354668605811646;0.41477535108257074;0
0.021436328009852193;-2.4027785789922618;0.00045951615854597364;0.0311002345263586;0.018131960216494634;0.6672391671977268;0.00032876798129254407;0.01937391659019072;0.027336168773205643;4.3873948465576165;0.009177118384827099;0.0662791883348628;0.0190031623601051;0.00036112017968451514;0.0128504683729296;2.31740965623745;0.4174739343860109;0
0.033443321896833265;1.560328515757977;0.0011184557794952075;0.015295197308045301;0.024243946525927578;-2.2250194006467026;0.0005877689431520359;0.040787192821454266;0.033279700068704274;2.9639599149356166;0.009177118384827099;0.0897318242071988;0.024911804650841765;0.0006205980109617014;0.04310884937285682;-2.8332657304644044;0.4666834959869167;0
0.0431807617008123;-1.9769318368626447;0.0018645781810623387;0.058121749770572;0.022537000209340637;-0.09024555566152277;0.00050791637843582;0.028551034975017986;0.035749922157034125;-1.3105890676900127;0.0438462322830631;0.0897318242071988;0.02803591339635918;0.0007860124399681522;0.03578911082349608;-1.5061393031523191;0.4255369913948101;0
0.05697172993150305;-1.0793367415108175;0.00324577801138812;0.0652595085143265;0.020929533781456566;0.6322010658519327;0.0004380453843091316;0.020393596410727133;0.02954785106403975;0.06426315596220533;0.0326297542571631;0.07443662689915359;0.04291917787735493;0.0018420558296680328;0.04966501672420668;-0.7324757407044196;0.5506226240017185;0
0.05943342718590651;-1.8410467558136467;0.003532332267062451;0.078515346181299;0.023898388903218794;-2.0716113243974505;0.0005711329921694912;0.034669113898235904;0.029663746093219152;0.3513423299360727;0.0326297542571631;0.07443662689915359;0.04705271907665085;0.002213958372506223;0.0685431647765985;-1.5314987615138353;0.6346722236956215;1
0.05510282198806624;-2.020999413825679;0.0030363209910485166;0.078515346181299;0.03993319266438078;0.44707752053536254;0.0015946598763705547;0.03670847353930873;0.029079652394440277;2.5772740835763392;0.0173345569491179;0.07443662689915359;0.0396455772865585;0.0015717717983844831;0.0233567677393198;1.1680954227003468;0.4766564762868376;1
0.054378196915680334;-1.656703232872303;0.0029569882998005063;0.078515346181299;0.04029090333829019;0.7235124551060169;0.0016233568918154436;0.03670847353930873;0.04006316694589488;-1.8402293194200172;0.0499643112062812;0.0968695829509533;0.03969539563323798;0.0015757244344792888;0.0233567677393198;1.180889143167775;0.47084521926680967;1
0.05265982402885284;0.9941098308890896;0.002773057066749747;0.054043030488426604;0.054756901304974924;-0.35148349151475006;0.0029983182405227647;0.05710206995003586;0.03820739062954051;-0.5868474078944104;0.0387478331803813;0.0968695829509533;0.039137262796835465;0.001531725339228561;0.015142655392309107;1.633974883324895;0.4804755151984652;1
0.02831241601532004;0.8285231664115216;0.0008015929006245508;0.0290608748852859;0.05712482612594799;-1.103891808702335;0.00326324575991979;0.07137758743754474;0.035722281772793074;-2.998125449734024;0.0703579076170082;0.0723972672580809;0.024124405695801154;0.0005819869501756032;0.009099734468978979;3.9683197283277827;0.34751991688792877;1
0.03107013104428392;-2.5787522659618864;0.0009653530431089755;0.052513510757622;0.05522015791725707;1.1308463936085456;0.003049265840406808;0.04792495156520871;0.03145013927800525;-2.0247487520852587;0.0499643112062812;0.0723972672580809;0.01129859240975698;0.00012765819044181803;0.009099734468978979;1.1457220768992034;0.14958402728264503;0
0.027431092903477707;-0.3858854543353137;0.0007524648578792249;0.0295707147955542;0.02821216545785038;-0.3422915313010743;0.0007959262798211262;0.030590394616090366;0.026964699750430227;-1.5558372615429192;0.0336494340776996;0.0652595085143265;0.014440327541921821;0.0002085230595179859;0.011059918855438819;1.1810348448093795;0.1798550668465239;0
0.03544762576887668;0.3551210918249386;0.00125653417265033;0.0295707147955542;0.02858197277894907;-0.251965218486653;0.0008169291679365856;0.030590394616090366;0.025956810566652208;-1.3157936099679877;0.0316100744366269;0.0652595085143265;0.01533217584183123;0.00023507561604483318;0.01645781544717584;0.39251325281792876;0.1884294227122083;0
0.07934983001123734;1.593596109565901;0.006296395522812262;0.0652595085143265;0.022601497071162418;-0.2987057230162466;0.0005108276698577634;0.022432956051799735;0.026231746463312586;-1.4837045701070533;0.0336494340776996;0.0652595085143265;0.05533343661439386;0.0030617892075591436;0.01969363388661327;3.6456294365358914;0.5269524963620746;1
0.0664061345562144;2.174853026200213;0.0044097747066980525;0.037728153359845;0.027650061886758417;-0.49168295352129476;0.0007645259223415704;0.027531355154481574;0.03959982739220118;1.0815367438096146;0.024472315692872396;0.1091057407973896;0.0535359430662549;0.002866097199993286;0.0032358184394374323;3.5930299548385065;0.4918945969199504;1
0.0653327568938157;2.3781363569858165;0.004268369123346422;0.029570714795554204;0.03198122982853498;-0.39536825987910024;0.0010227990613455753;0.03976751300091774;0.05133761325197783;-1.7903480101098725;0.0683185479759355;0.1244009381054348;0.04910455250619461;0.0024112570768336236;0.0032358184394374323;4.636228721392148;0.4339731371785556;1
0.061771055578109725;2.883514547143067;0.0038156633072339206;0.029570714795554204;0.0185374313884958;2.041197378931218;0.0003436363624831893;0.014275517487508993;0.03994100304865161;-3.0803928125547007;0.0683185479759355;0.08361374528398069;0.05519549738012014;0.0030465429310388495;0.016439650710182066;3.6721753789633738;0.5242670530677118;0
0.07757813604371067;1.6545427989987118;0.006018367192016481;0.0530233506678902;0.019472948100079265;-0.8500084469817182;0.0003791957077083806;0.02345263587233648;0.03846910207674456;-3.1853108898555216;0.0683185479759355;0.0785153461812989;0.06450299481310497;0.004160636339859446;0.03880427184873232;2.6055435832270084;0.6932918070873103;0
0.04362871435745086;-0.27016154968213496;0.0019034647164840389;0.0530233506678902;0.0206167055468137;-0.35874053599680994;0.00042504854760401885;0.02345263587233648;0.03512645284449616;-2.4195559234934785;0.0540430304884266;0.0785153461812989;0.028986947691404728;0.0008402431364642339;0.03880427184873232;-0.9838529983295933;0.3942931167070817;0
0.04717823933521513;-1.4614457796173923;0.0022257862667708402;0.0693382277964718;0.019568822056512548;-0.5075627987166177;0.000382938796679452;0.02345263587233648;0.034311885055997145;-2.2904210003236116;0.0540430304884266;0.0785153461812989;0.03143206959443679;0.000987974998989518;0.047463708297214746;-1.6455166075239245;0.5234157677517599;1
0.0453419410409568;1.4128649505831443;0.0020558916173616026;0.0458855919241358;0.025501170980506752;-0.5217546108827236;0.0006503097213770397;0.027531355154481574;0.02868727418504168;-1.4687066146984005;0.037728153359844904;0.07137758743754449;0.029476186406006858;0.0008688455650416636;0.02509908715866449;1.7498638944258655;0.5374194667823193;1
0.04528457665342094;3.560559425680926;0.0020506928826795573;0.025491995513408798;0.024556083477835514;-2.665088602783135;0.0006030012357704263;0.04231671255225833;0.02347589963438279;-2.0963167585297158;0.035178953808504;0.0550627103089628;0.029582486828227228;0.0008751235269422375;0.028451503840600106;1.2821551821164452;0.5328438366006971;1
0.04528457665342094;3.5605594256809283;0.0020506928826795573;0.025491995513408798;0.025055921459882204;0.21419497345997365;0.0006277992002037855;0.027531355154481574;0.02096675951867014;-2.0276057950152038;0.0311002345263586;0.0479249515652084;0.02659193278346369;0.0007071308891602508;0.01137711631603297;1.778229393031393;0.4283349659356566;1
0.03488884833946322;2.6837303197519184;0.0012172317384540655;0.023452635872336;0.024752189444148854;0.9414203964431979;0.000612670882279034;0.02447231569287256;0.021084207423132783;-2.056303548483477;0.0311002345263586;0.0479249515652084;0.018751593109775207;0.00035162224415456907;0.01137711631603297;1.4907773024714253;0.32585421427955913;1
0.04837787062810782;1.4845930444226905;0.0023404183665099373;0.025491995513408798;0.038725017835796696;3.2241250013838516;0.001499627006382772;0.02447231569287256;0.014960131284920209;-1.8102320047588982;0.021413276231263302;0.035178953808504;0.009815680524791775;9.634758416477652e-05;0.008692859121169613;0.3825755937935149;0.14949577872309697;1
0.04975368836782506;0.23558122103635762;0.0024754295062026505;0.0448659121035994;0.054875450587925714;-2.3739194655915163;0.0030113150772278765;0.08871214438666275;0.037084677061938166;3.594522348846143;0.021413276231263302;0.0897318242071988;0.014593574831134534;0.00021297242635192335;0.014849885275165009;0.6614711192175283;0.19623429135445158;1
0.05058012776161475;1.763994044716572;0.0025583493243812715;0.0356887937187723;0.04886809555880291;-1.385596520277911;0.0023880907635442923;0.06423982869379019;0.05359191135276575;-1.929233426115464;0.08055470582237159;0.12032221882328939;0.019623491231761235;0.0003850814081230101;0.027846103984918796;-1.4520334308847016;0.2319269875948048;1
0.05026307895549867;3.022010582042929;0.002526377106086693;0.020393596410727098;0.03560858588810888;-0.6993096499230873;0.0012679713889508272;0.03670847353930884;0.053372227625234636;-2.811062048192714;0.0938105434893444;0.11522381972060759;0.01695532023795074;0.00028748288437146184;0.020401456637518148;-1.3283887748674263;0.18497874650808568;1
0.042237398043566035;3.658426998078679;0.0017839977934906357;0.019373916590190696;0.0267128868237322;-0.23185247782264065;0.0007135783224575254;0.0336494340776996;0.04249141742839732;2.5261666880428066;0.034669113898236;0.09992862241256249;0.016275814801916432;0.00026490214746628204;0.0077761215645911624;3.0353005334461898;0.16834680466035953;0
0.02058894912262312;0.4540971147211543;0.0004239048259739633;0.019373916590190696;0.02683715154129702;3.875570409047718;0.000720232702850541;0.013255837666972359;0.0156812037312426;-1.3858820269205268;0.022432956051799693;0.0356887937187724;0.011903578205057923;0.00014169517408393003;0.0077761215645911624;1.7395328994700858;0.12046704439831442;0
0.04064418694680319;1.1803515374235996;0.001651949932566687;0.0336494340776995;0.00806127679251643;-2.9971200000000127;6.498418352556398e-05;0.013255837666972359;0.040109854583452606;3.8440584583183983;0.022432956051799693;0.0948302233098807;0.020337257092246323;0.0004136040260361234;0.02496405625757983;-0.8737490183074984;0.22143539116681085;0
0.037407103964611985;-2.4841515821716995;0.0013992914270192897;0.061180789232180996;0.008640244790176293;-2.5422652485626487;7.465383003416856e-05;0.013255837666972359;0.0659386818489853;-0.994070288008731;0.0887121443866626;0.1519322932599163;0.01880614093204516;0.0003536709367559443;0.03136714417788089;-2.611225145241061;0.2258973055017112;0
0.042515879962046206;-1.7994730812093696;0.0018076000489471219;0.061180789232180996;0.010053029504530476;-1.2546240728037787;0.00010106340221896026;0.013255837666972359;0.06475970404507639;-2.313284940741037;0.098908942592026;0.1519322932599163;0.021471972779784458;0.00046104561505580467;0.017657350030325876;0.7516809598614422;0.29525233369278825;0
0.04073234815755054;-0.7023011634612182;0.0016591241864279108;0.0469052717446721;0.018141992523432616;0.2629464705727867;0.00032913189272028493;0.021413276231263656;0.04926963742949808;2.0624748688230063;0.0316100744366268;0.12847965738758022;0.016973875904330728;0.00028811246321561927;0.02126635443977646;-1.2742900147307559;0.28681727056175976;0
0.0410793047384188;-1.0426574353420068;0.0016875092777918776;0.0469052717446721;0.018746585409248753;-1.5469231425720456;0.00035143446450625824;0.02651167533394505;0.024308191704881372;-0.5249000905330803;0.0295707147955542;0.0591414295911083;0.012395931444844866;0.00015365911638529374;0.014707443757950883;-0.918748225165095;0.23086134414353043;0
0.031540099578304295;1.904474137488987;0.0009947778814093507;0.0076475986540226;0.019508956047736996;-1.698351127257207;0.00038059936607253385;0.02804119506474967;0.014624498104869982;-2.8576975734589207;0.025491995513408798;0.0316100744366269;0.011734521965761253;0.00013769900576493337;0.00697169167735763;1.7502884958426084;0.23307954026415859;0
0.020533323713268246;3.5461970197089676;0.00042161738271386407;0.0076475986540226;0.01648920325155122;2.070193654055032;0.00027189382387096737;0.005098399102681395;0.015548027614945507;-2.8471730835935602;0.027531355154481497;0.0336494340776996;0.006918910106929322;4.787131706776872e-05;0.00697169167735763;0.32321168518261817;0.14542997542771577;0
0.025822271594867795;4.043628736693305;0.0006667897103191161;0.0076475986540226;0.016723992522541836;1.113818216995373;0.00027969192589403526;0.010196798205363455;0.011790426853930884;2.4110789569520605;0.009177118384827099;0.029570714795554197;0.012823424170773779;0.00016444020746358517;0.009452294586774074;1.0039973856668591;0.24472089409660003;0
0.025397499988675187;2.2385153663200903;0.0006450330056747562;0.0183542367696542;0.015927907975745302;1.1704231473394533;0.0002536982524838108;0.010196798205363455;0.007012847502416766;-0.23792177143869372;0.007137758743754399;0.0183542367696543;0.0109115857530976;0.00011906270364720251;0.015256662885952364;-2.0590197497843774;0.1864688761817276;1
0.02433491047100372;2.5206828635602783;0.0005921878676317665;0.0107066381156316;0.020135772094774757;-0.6860025633462415;0.00040544931785270976;0.023962475782604464;0.011053065865544665;-1.0507922136754264;0.014275517487508903;0.027531355154481504;0.013036422178816863;0.0001699483032243482;0.016707061905497735;-1.326880054443632;0.20517259752269137;1
0.030873742953406003;0.662020263571757;0.0009531880039529867;0.0270215152442132;0.013573619897863754;-2.0869688348731237;0.00018424315713168283;0.019883756500459038;0.008730031525646923;0.5091673196311722;0.007137758743754503;0.023452635872336106;0.008806203040906976;7.754921199767927e-05;0.010264465099165294;-0.8473254272992179;0.13199183602667625;1
0.052188783155677335;0.536862081838823;0.00272366908727031;0.043336392372794796;0.014386160978253404;-2.8396119321108717;0.00020696162769222093;0.023452635872336147;0.01075750129083575;-1.196373173691563;0.014275517487508903;0.026511675333945203;0.014217255898697706;0.00020213036528905472;0.00985273593242171;2.064270101182094;0.1884768387581249;1
0.07164693023708887;-0.39218848038522225;0.005133282612398279;0.0917711838482716;0.014463646967673792;1.6379731674565068;0.00020919708360549928;0.007647598654022314;0.03409148171490988;3.482046293871266;0.017334556949118;0.0856531049250535;0.04102982031855218;0.001683446155372677;0.03079689457110979;2.6647283577249774;0.43835574848958303;0
0.06179966380829035;0.37550708998343535;0.003819198446817712;0.0571020699500357;0.01994771045919158;-2.044201497904299;0.00039791115256374124;0.02753135515448135;0.04284111684059192;-2.8893081022742977;0.07137758743754449;0.09381054348934431;0.04102499757093797;0.0016830504256954662;0.030766222791356435;2.6658537625655137;0.43827549916932496;1
0.06944311550517558;0.42971080343660145;0.004822346291065157;0.0571020699500357;0.025850442085776686;-1.2220701094014075;0.0006682453560300945;0.031610074436627;0.03505978933511685;-2.5731281704958646;0.0591414295911083;0.07953502600183529;0.047425985036701486;0.0022492240567014332;0.03713035774131327;1.564243542100949;0.5499783161368401;1
0.08397482760990599;-1.627714646116419;0.007051771672113429;0.11624349954114399;0.04430975219995262;-0.1613786996835825;0.0019633541400212056;0.04894463138574501;0.0313093182877949;-2.8248344553248557;0.0571020699500356;0.0672988681553991;0.04536269464679366;0.0020577740656182422;0.030766222791356435;1.4198427410774965;0.49245009314986055;1
0.08246619178166678;-1.1084858752108435;0.006800672786970645;0.1009483022330987;0.046351149874647224;-0.6247149598373282;0.002148429094702009;0.05914142959110824;0.026000835718360316;-0.6555108661641617;0.0316100744366268;0.06525950851432641;0.04522122044237095;0.0020449587782975084;0.023782300176753896;1.8998605930077115;0.4984727475732505;1
0.0539708351088802;-3.025914669447529;0.0029128510423499358;0.09584990313041689;0.03842447982342554;-2.1187239634993227;0.0014764406497008364;0.05914142959110824;0.024248234833474287;0.47256131167227383;0.0203935964107269;0.06525950851432641;0.029393772937773694;0.0008639938875173972;0.05009831382257863;-2.3734384421003063;0.463084534054766;1
0.04689086101176011;-0.9944588476493728;0.0021987528464242046;0.061180789232180996;0.0390844751656225;-2.369356754453323;0.0015275961989721619;0.06322014887325367;0.017313550813358;2.0049318495915913;0.011216478025899802;0.0458855919241357;0.032662914978704265;0.0010668660149060632;0.06078755996162009;-3.1935220536619187;0.5840234001923092;1
0.04422049370263171;-0.6891608451128436;0.0019554520633044904;0.0458855919241358;0.03916420151861411;-2.40889788170934;0.001533834680590616;0.06322014887325367;0.028234269534464958;1.3728003399084454;0.0142755174875088;0.078515346181299;0.0316732484721206;0.00100319466877669;0.06078755996162009;-2.999451768052458;0.5419577870482098;0
0.03229826777552002;-0.7275028586269379;0.0010431781012991952;0.037728153359845;0.03987456601841211;0.21546735280471196;0.001589981015156706;0.03976751300091752;0.022075538251533546;2.10513634646882;0.0142755174875088;0.058121749770572;0.025996321415575042;0.0006758087271418856;0.023263603724445837;1.5721811705610567;0.5215384380877714;0
0.04778589982140697;1.8814443764291582;0.0022834922217415425;0.040787192821454;0.024372267534443506;-1.1296897219342898;0.0005940074247704889;0.03161007443662678;0.02232144108088041;2.1256917135125177;0.0142755174875088;0.058121749770572;0.026325321284055875;0.0006930225407087653;0.023263603724445837;1.6459347974358092;0.5264106768674055;0
0.051995672743515825;-1.9502017029912402;0.002703549984050795;0.081574385642908;0.02443617534680326;-1.5977427600085765;0.0005971266655797155;0.03161007443662678;0.02249544029243001;1.4044244670723316;0.0173345569491179;0.058121749770572;0.022766009027420205;0.0005182911670365783;0.006276436753332219;2.5510219893869617;0.4096285446014447;0
0.0574904127786283;-1.9880049633274932;0.003305147561457068;0.0866727847455898;0.026022820363734857;-2.4393978580768354;0.0006771871796832136;0.041806872641990456;0.030940184297314842;-1.9421807886054896;0.0448659121035994;0.07443662689915359;0.01864705315837685;0.00034771259149133206;0.02136567885301889;-0.5462641391303507;0.2890878839291347;0
0.06455265900327689;-2.2786003971525077;0.004167045784393345;0.1040073416947077;0.024044776646711657;-2.6469719128286933;0.0005781512839902502;0.041806872641990456;0.03174956149065006;-2.3088941972023966;0.0489446313857448;0.07443662689915359;0.018079273696650834;0.00032686013739841073;0.022632950330836156;-1.538840546859073;0.2612879680263556;0
0.0693940627765205;-2.5768810922839265;0.004815535948631666;0.1040073416947077;0.018038536629926778;-0.8176293241103719;0.0003253888037492101;0.024472315692872337;0.026448851370447182;-2.3421026261132454;0.0387478331803814;0.061180789232180996;0.016479293907325426;0.00027156712768401284;0.022632950330836156;-1.4858673976031664;0.23421941133940602;0
0.07099820515377747;1.9591172394746046;0.005040745135057875;0.012745997756704402;0.022553141716650134;1.3307453777555647;0.0005086442012913045;0.016824717038850134;0.023296950461498656;-2.904269608490782;0.037728153359845;0.050983991026817596;0.04376590705152452;0.0019154546200426837;0.022632950330836156;3.7971001756170324;0.5222880344834848;0
0.0448311368144808;-2.394361173684769;0.0020098308280786957;0.072397267258081;0.022898567204763683;1.126423259669405;0.0005243443800310788;0.018864076679922515;0.02044451683059388;4.0953998663400055;0.007137758743754399;0.050983991026817596;0.04462713462547366;0.0019915811448801496;0.05836253236396988;-1.911726700547791;0.44815862018218844;0
0.0618269975363598;-0.9217938844817795;0.003822577624361041;0.072397267258081;0.02337381072345993;-0.2819726017097395;0.0005463350277361303;0.026511675333945273;0.024711199399321617;2.3119584760916574;0.007137758743754399;0.0683185479759356;0.044733913934887605;0.0020011230559339316;0.05912068090923486;-1.9297000202815713;0.44991602034683675;0
0.0780791150836583;-2.615624582682629;0.006096348212247157;0.1325583766697256;0.024694363288084657;-0.12819120754052923;0.0006098115782039033;0.026511675333945273;0.0377212630021289;0.7360157006202522;0.025491995513408805;0.1029876618741715;0.042975631908773175;0.001846904937958363;0.05912068090923486;-1.650500065091587;0.4047872426050917;0
0.07922853150531499;-2.7323915748810115;0.006277160204488689;0.1325583766697256;0.02192430178368064;0.4412087349837404;0.0004806750087019021;0.026511675333945273;0.032896331275911794;-2.6440370101990873;0.057102069950035694;0.0723972672580809;0.03143012849276053;0.0009878529770714372;0.022573025878666123;0.9078406351492264;0.2625861268840488;0
0.06204083475877847;2.6889162275728986;0.0038490651775660543;0.0438462322830631;0.010944352291219582;0.2272768373842998;0.00011977884707432331;0.01223615784643628;0.027550231642920923;-1.135147307186254;0.03466911389823589;0.0693382277964719;0.02467792149924487;0.0006089998095228921;0.03600839472625354;-2.0494623654003483;0.23538557479826228;0
0.027834177480065548;1.1281426909536911;0.000774741435991788;0.020393596410727;0.015953997932585333;0.4612308567217968;0.00025453005003293704;0.01223615784643628;0.019314792279068464;-1.6540083444199911;0.024472315692872393;0.0469052717446721;0.01897175727462505;0.0003599275740872885;0.02516593134125121;-1.4304102605911762;0.19390837561330784;0
0.030927159592760673;1.6364574115875712;0.0009564892004760886;0.031100234526358697;0.01170190888381347;-0.3300280370759528;0.00013693467152507262;0.014275517487508882;0.025487916467776827;-0.1635345333565219;0.024472315692872393;0.0662791883348628;0.019653781524070518;0.00038627112819589573;0.02516593134125121;-1.2361184588389829;0.20175765729157008;0
0.030795765526645032;0.6220044322779792;0.0009483791743720985;0.0316100744366269;0.011693020231650624;-0.16281860370965853;0.0001367267221377908;0.014275517487508882;0.030084875072768236;-0.44023831761705284;0.0316100744366269;0.0764759865402263;0.028331310747971863;0.0008026631686981461;0.02624223931014337;0.09866356005395123;0.3354941092439767;0
0.015691146374362183;-3.0035803873574918;0.00024621207454165946;0.031100234526358697;0.010232424761335523;1.4906281649112654;0.00010470251649639233;0.0040787192821454266;0.029723273236081586;-0.888893502679481;0.0397675130009177;0.0713775874375446;0.025598363676242315;0.0006552762229011619;0.03966553705138451;-2.2701071597138394;0.37774823524501816;0
0.043814207384044006;3.2283393630135038;0.0019196847686920164;0.0316100744366269;0.007049815852939252;-1.3216680380244128;4.96999035603536e-05;0.008157438564290853;0.025375485763195146;1.0089463346379428;0.017334556949118;0.0693382277964719;0.0238209287613099;0.0005674366470514011;0.026154034767309542;-0.6730503916652033;0.3682543238700468;0
0.04782396194397714;-2.8592690656678688;0.0022871313360189735;0.0805547058223717;0.015691146374362207;3.6349525200876607;0.00024621207454166027;0.0040787192821454266;0.014624498104869706;2.0617009303878775;0.007137758743754503;0.0397675130009177;0.015091742786572873;0.00022776070033607432;0.02426756966310191;-2.3288433259735917;0.2618061684308542;0
0.04756344588272381;-2.881819046184196;0.0022622813842387963;0.0805547058223717;0.017418328164440975;2.7032256124802174;0.00030339815604415765;0.01223615784643628;0.012743958233888304;-2.293908954833943;0.0183542367696543;0.0295707147955542;0.012862745511886878;0.00016545022210356604;0.017189463324413054;-1.4843783764408727;0.2363678758291107;0
0.04652914216908485;-2.6818229420329818;0.0021649610709909106;0.0805547058223717;0.017866233779887008;0.3364810236713076;0.00031920230947757555;0.020393596410727133;0.023843943147652008;1.5602221664493794;0.022432956051799697;0.059141429591108303;0.018863324643990407;0.00035582501662457584;0.0249197737598578;-1.328094141628809;0.37682162424687965;0
0.04888298691012308;-2.8959116381115066;0.002389546409255264;0.0907515040277352;0.023863557929848442;-0.37356510264563997;0.0005694693970712324;0.023452635872336147;0.043342989798857395;-0.5222208904652502;0.0571020699500356;0.1009483022330987;0.023663011292074706;0.0005599381034088551;0.014245466212907648;1.503953929211369;0.3933305651549167;0
0.04419226935400702;-2.9318005591530443;0.0019529566706571076;0.0815743856429081;0.023666678572278586;-0.3486874757686695;0.0005601116746435503;0.023452635872336147;0.04195335044967475;-2.006811945779038;0.061180789232181;0.1009483022330987;0.023024015632892122;0.0005301052958636608;0.007167359874218793;1.793208151195658;0.39944924121397934;0
0.03718337651007405;-2.387722100437655;0.0013826034886899265;0.055572550219231104;0.01846155588662245;-0.3621663233842665;0.00034082904575488405;0.023452635872336147;0.03072605113351546;1.4749133982805454;0.020393596410727;0.08259406546344439;0.02418485281381062;0.0005849071056256835;0.018787492957779622;0.6169201335660178;0.45825209298147407;0
0.03066338459131183;2.7931905207122774;0.0009402431545946998;0.0132558376669725;0.027164469454960875;1.886830628909254;0.0007379084007695024;0.006118078923218251;0.015168915486194654;1.148365581600989;0.009177118384827196;0.04180687264199039;0.02447423107564124;0.0005989879867438834;0.022652599628176805;0.0024168317562924813;0.4542595054776085;0
0.03090824299717845;1.4726749268508819;0.0009553194851726306;0.023452635872335998;0.028069916786673536;1.225478303552767;0.0007879202284107767;0.01835423676965442;0.010562426154851198;0.22475764963620648;0.010196798205363497;0.02753135515448149;0.01807697670145754;0.00032677708666503874;0.0065752296275246175;2.140639807328205;0.30114855740922003;0
0.023696314755837163;-0.43317590849794857;0.000561515333007706;0.026001835423677;0.015209986632177448;0.9734629465976319;0.00023134369335101667;0.012236157846436169;0.0216738936481104;3.6399392837384235;0.009177118384827196;0.0550627103089629;0.009244906286533579;8.546829224678809e-05;0.005747279967023934;3.4404095985519185;0.16990886451938966;0
0.04815491257313494;1.9834991829600999;0.0023188956049262697;0.023452635872335998;0.014191510898506688;-2.0400035288138816;0.00020139898158243413;0.01937391659019061;0.021347624744408412;3.3080317941744113;0.009177118384827196;0.0550627103089629;0.017625482811515353;0.00031065764433902315;0.0065752296275246175;1.8740528677233026;0.29165911822933155;1
0.04798240970700143;1.8668054867193444;0.0023023116412905454;0.023452635872335998;0.019552875709665036;0.4535962105655571;0.00038231494851760905;0.01937391659019061;0.037621901926054024;-0.834824259604814;0.0479249515652085;0.0887121443866625;0.017473277187814603;0.0003053154156822022;0.0065752296275246175;1.9044631782057746;0.28866992380320133;1
0.048247128839264276;0.695980705927699;0.0023277854412325667;0.0346691138982359;0.04018754678161095;1.955293135517748;0.0016150389163241685;0.027531355154481463;0.0372776311011132;-2.149236472468799;0.0550627103089629;0.0887121443866625;0.019371608219407276;0.0003752592050062075;0.02446340094146897;-1.3438853055632063;0.3021717723166423;1
0.04996223018371809;0.3302881392640238;0.002496224444930831;0.0448659121035994;0.043596529675603034;-2.224306496559722;0.001900657399755736;0.06729886815539932;0.027376076997328053;0.6317438787338444;0.0224329560517996;0.0734169470786173;0.018640310596597584;0.00034746117913762815;0.018716120974445034;0.25546326047271845;0.279304161979215;1
0.036321218494370394;-1.065493142034094;0.001319230912915794;0.0448659121035994;0.04702924285090418;-2.685975237405707;0.002211749683129322;0.08361374528398091;0.030110784256619446;0.05751436116491012;0.035688793718772205;0.0734169470786173;0.02095256455888519;0.00043900996159425173;0.03358125701406558;-2.458289692804366;0.3285884851333742;1
0.0265351959732014;-2.5539036385185043;0.0007041166253362037;0.0438462322830631;0.04163491434338687;-2.0351556599776828;0.0017334660923811614;0.061180789232181176;0.01583953710673064;0.5762353352964986;0.014275517487508903;0.040787192821454;0.017813151635565093;0.0003173083711916353;0.02625871085105798;-1.9779077140184924;0.3263603612858275;1
0.024658548384120415;4.36002124500106;0.0006080440084120075;0.010196798205363504;0.04433907427272501;-2.6352414946853493;0.0019659535073622246;0.06729886815539932;0.01336130790684156;2.1931393523064195;0.007137758743754403;0.035688793718772205;0.01639619567866989;0.00026883523273323317;0.022270142098121233;-1.7492442635459742;0.2920501314041477;1
0.037379298189592486;-2.370042915753109;0.0013972119331464722;0.057102069950035604;0.03324218771404097;-0.5100012762674169;0.0011050430440155364;0.03670847353930873;0.02486639304528206;-0.1568597834200626;0.0285510349750177;0.061180789232181;0.010441658979776747;0.00010902824224995238;0.009734945070387288;0.792717606030377;0.20325404269842234;1
0.03805469134062864;-3.1350447868268834;0.0014481595330305165;0.07035790761700819;0.02728477242838716;-1.8761957335913426;0.0007444588064688762;0.03670847353930873;0.03175447336879458;-3.0474886849933345;0.0540430304884265;0.06729886815539911;0.00831059306345364;6.906595706632375e-05;0.009734945070387288;-0.933300299432324;0.16541171476192876;0
0.04284111684059187;-3.2338083451294897;0.0018353612921492444;0.0764759865402263;0.020842415167914182;-1.9401348007904058;0.00043440627003169923;0.030590394616090588;0.027414030817018688;-2.8458698708735657;0.0469052717446721;0.060161109411644605;0.007934726025188703;6.29598770948069e-05;0.008399504660379697;-0.4260940772909265;0.15558543529860597;0
0.03600495077506419;-0.6293968188977601;0.0012963564803147953;0.043846232283063;0.018391021679446264;1.852046241880932;0.00033822967841386247;0.010196798205363455;0.027128082895595738;-1.6973020365410048;0.038747833180381296;0.060161109411644605;0.008341899499779242;6.958728726441717e-05;0.008399504660379697;-0.3054759055386261;0.16442275425609132;0
0.02648813380910072;1.7548069743556798;0.0007016212326888247;0.014275517487508903;0.009216687295586104;1.9901002113887085;8.494732470461828e-05;0.007137758743754441;0.016786048366630103;1.825914679810707;0.015295197308045298;0.040787192821454;0.012205780769559336;0.00014898108419454447;0.012830738381415512;-0.3729041766637522;0.2186989458526819;0
0.02993415958060817;-1.7910665964865988;0.0008960539097973159;0.0428265524625267;0.024254665873193183;2.063364704374204;0.000588288816620242;0.02039359641072691;0.04068893027402071;2.5548609358414978;0.017334556949118004;0.1091057407973896;0.0343695021334339;0.0011812626769001173;0.022931089457331535;2.694955302157517;0.4887331730112169;1
0.03683147876386288;-2.770224239961056;0.001356557827932882;0.0632201488732538;0.02843791777080315;3.4869006681357866;0.0008087151671389616;0.005098399102681617;0.04080375925416432;1.7909789846364923;0.0265116753339452;0.1091057407973896;0.034886019356685276;0.0012170343465550198;0.03993952272936814;-0.012933340175508809;0.4605694174140678;0
0.03704259753282723;-2.81516394426027;0.0013721540319790182;0.0632201488732538;0.042228165758038116;1.1991832823293518;0.0017832179832883428;0.022432956051799735;0.03705803224145967;2.578306454689784;0.0265116753339452;0.09381054348934441;0.034706478562065546;0.001204539654179115;0.03898110269361158;0.042494998373819946;0.45704249042780964;1
0.03061927191427058;-2.1946694676963503;0.000937539812560039;0.04588559192413591;0.04886969127777224;-1.4303149813200058;0.002388246725584768;0.06933822779647203;0.03970929634746925;2.380905192796869;0.034159273987967795;0.09381054348934441;0.028682865300296703;0.0008227067618349647;0.017008433272036605;1.5974432181520548;0.34556328847507867;1
0.026749838160944204;2.2370210298044753;0.0007155538416367068;0.012236157846436304;0.052880501114544266;-1.4180088648282012;0.0027963473981253177;0.07137758743754463;0.03858582156169452;2.2951374413074745;0.034159273987967795;0.09381054348934441;0.02809364816528623;0.0007892530672348904;0.01370741453450984;1.6959032107670104;0.330749243567901;1
0.022200001077880394;-0.5765101746512803;0.0004928400478578906;0.024472315692872504;0.05712755625791041;-1.5047374154977209;0.003263557684000719;0.07137758743754463;0.03858582156169452;2.2951374413074555;0.034159273987967795;0.09381054348934441;0.03713693928165884;0.0013791522592096158;0.01370741453450984;2.702184083509747;0.4150222567389871;1
0.020727359555047484;1.0660497859129876;0.0004296234341242183;0.012236157846436304;0.0592165393313923;-2.290475608607732;0.0035065985303863313;0.08259406546344439;0.042189984211723305;-1.9819089124019602;0.066789028245131;0.09381054348934441;0.03739387865362811;0.0013983021607622637;0.0063799751069436444;3.28293120271695;0.4269332430090105;1
0.022218727357952234;-0.731651122203445;0.0004936718454070151;0.023452635872336102;0.04961661839883589;-2.96471326187894;0.0024618088213356998;0.08055470582237179;0.03696321768715897;-1.2022934161432783;0.046905271744672204;0.0933007035790762;0.03510328795155209;0.001232240825009582;0.0063799751069436444;4.00488856847555;0.3918719671777621;1
0.04046985760083085;0.8644722793187812;0.0016378093742315265;0.0326297542571631;0.04941819102554814;-2.5340074156366654;0.002442157604237567;0.08055470582237179;0.0271280828955958;0.5159562589259844;0.020393596410727;0.0734169470786174;0.03468515817761796;0.0012030601978063784;0.002145670863437435;3.9296515133764793;0.3830903463043095;1
0.05077657410867247;-1.1905363307121277;0.0025782604782135076;0.062200469052717394;0.04422166932622664;4.408832788964979;0.001955556037998134;0.014275517487508993;0.020892241715634818;1.1475099107967341;0.020393596410727;0.05047415111654951;0.034377731633637006;0.0011818284322743667;0.009708766119684825;3.4110484906938177;0.3734557228680821;1
0.034675861122836424;-2.1134873170476305;0.0012024153446102384;0.050983991026817596;0.008604067751495416;-3.130878361318006;7.40299818723234e-05;0.014275517487508993;0.015057118565116828;-1.4913721879018667;0.020393596410727;0.0351789538085042;0.012191135840840717;0.0001486237930898311;0.009708766119684825;1.9653095469864468;0.15224565764498652;1
0.03200560391166192;-1.1777880305129453;0.0010243586817501886;0.0397675130009177;0.010463524855605418;1.9696539259692816;0.0001094853524038724;0.0010196798205364122;0.01820492614597424;2.306131487889761;0.006627918833486304;0.0499643112062812;0.01786699542314202;0.000319229525450578;0.029260348926269504;-2.326017385970529;0.24042677248330183;1
0.024134337235075333;-1.7434004976161657;0.0005824662337763437;0.0326297542571632;0.011567861976866937;2.0401070051420276;0.00013381543071584382;0.0010196798205364122;0.020086657229950514;-1.4780803903553743;0.026001835423677004;0.0499643112062812;0.019098574895394762;0.000364755563035003;0.010294370919843657;2.4745583254751566;0.23154463468042483;1
0.026402619822953954;-2.5316793766334684;0.000697098333515441;0.0428265524625267;0.0304421819917919;2.377792538312016;0.0009267264444213792;0.01835423676965442;0.022367973216186252;-1.8756252876217847;0.0341592739879678;0.0499643112062812;0.022280434785690084;0.0004964177742393887;0.01158801098993667;2.8101696614271177;0.2526663704158769;1
0.02591672280440255;1.4034257013869755;0.0006716765209202393;0.0142755174875089;0.037842350026341905;0.8256091792231844;0.001432043455516179;0.0326297542571633;0.021053363602787287;0.36807703983813883;0.0249821556031406;0.0499643112062812;0.022919195518596384;0.0005252895232196487;0.025312490942227414;0.07766925101873785;0.2682604784931153;1
0.02894885197629927;-0.17229340738506002;0.0008380360307456863;0.0346691138982359;0.04438770614875616;-2.418855926831746;0.001970268457148325;0.07494646680942196;0.02143026415637166;-2.5100257489917497;0.0356887937187723;0.0489446313857448;0.023251977919918853;0.0005406544771883938;0.027815980461729034;-1.21865151640867;0.283704142106411;1
0.030027796177107637;2.056757294971465;0.00090166854325392;0.0244723156928724;0.06356090550616926;0.5324605663269798;0.004039988708764177;0.04588559192413566;0.029867220896697657;-0.2782424976101308;0.0356887937187723;0.0744366268991536;0.025247074953653248;0.0006374147937153851;0.03308068389663815;-0.8708628362957119;0.2559884893193844;1
0.01256318371062414;3.9454607945760096;0.00015783358494689172;0.0040787192821454005;0.06298782707753657;0.799536569592379;0.0039674663599496484;0.040787192821454044;0.043288981317305374;-0.6487717516647274;0.049454471296013006;0.11114510043846221;0.03822386442858577;0.0014610638118549043;0.03558417341613977;-0.3076917550098652;0.44879326173519907;1
0.02492069110432377;4.7064956543521985;0.0006210408451171219;0.0071377587437545;0.07717804261545724;-0.638878057296921;0.0059564502619533334;0.09635974304068551;0.043969960665274546;-2.14965170095113;0.0672988681553991;0.1045171816049759;0.036762715509883304;0.0013514972516606146;0.024079821547058608;0.7950049639213811;0.4436220699923691;1
0.02438079825487776;4.101578905870724;0.0005944233235450504;0.012236157846436202;0.07480500012289583;-0.2772554748006506;0.0055957880433864455;0.08361374528398113;0.03334212687289976;-0.8301873958439666;0.0367084735393086;0.0856531049250534;0.04293305899337598;0.0018432475545287022;0.0630439932011851;-1.2355646445863648;0.5756960443308672;1
0.02890751827452416;2.3797918018488935;0.0008356446127919482;0.012236157846436202;0.07488782962273055;2.4151516023788666;0.005608187025603119;0.04639543183440409;0.02277335662305464;-1.7651537708141376;0.030590394616090498;0.0550627103089629;0.04694442580496261;0.0022037791141576394;0.06354136097300242;-1.3937908434592536;0.7068579990236764;1
0.02859742912977551;1.1099347958230201;0.0008178129528325328;0.017844396859386;0.04035375643147041;-1.324425801314226;0.0016284256581304397;0.04639543183440409;0.01763191237462063;2.1545284728361564;0.0050983991026817;0.0489446313857448;0.027985428807970513;0.0007831842255659858;0.025385607722312332;1.7093653308781687;0.5445879688602697;1
0.02846349965921139;1.1829323718332485;0.0008101708128499268;0.016314877128581602;0.03691571908927049;2.43808264159834;0.0013627703158779298;0.010706638115631995;0.0190491910801155;-0.7832694312853098;0.021413276231263302;0.0489446313857448;0.027138462380577644;0.0007364961403820281;0.024888239950495016;1.9045376014935975;0.5157336933461734;1
0.04695844229461093;2.5922481194019724;0.0022050953027363046;0.016314877128581602;0.04962159510868726;-1.0722405355751168;0.0024623027011304952;0.066789028245131;0.05272543393730261;3.9168781158559676;0.021413276231263302;0.1315386968491893;0.06690571536336563;0.0044763747482837;0.024888239950495016;4.4768190865091855;0.9424524473278257;1
0.08144235772271227;-0.2899712590948435;0.006632857631434232;0.0820842255531764;0.04469699935077476;-1.0731349056204966;0.001997821750963159;0.058631589680840146;0.05292030208925266;3.872930139450806;0.021413276231263302;0.1325583766697256;0.08208775883756483;0.006738400150974204;0.149227288170122;-3.2303595868603723;0.794367856814785;1
0.06947866643087723;-1.94612262515579;0.0048272850890131065;0.1070663811563169;0.03700819709179052;1.0302307141672802;0.0013696066519848123;0.02549199551340864;0.05295271039435007;1.4152000500983941;0.0499643112062812;0.1325583766697256;0.07418122156475575;0.005502853632839384;0.13000575920210095;-2.9766502818730003;0.5738690739722848;1
0.08966401305092063;-0.9797146987351546;0.008039635236395665;0.1070663811563169;0.044017819300804215;-1.7956394605273758;0.0019375684159982519;0.0693382277964717;0.056734897247947114;1.0938485661992938;0.0591414295911083;0.1325583766697256;0.07989835981584714;0.006383747901262577;0.149227288170122;-3.2008038118408417;0.6401797095375671;1
0.12999338111842745;-1.754127700733856;0.01689827913460073;0.1764046089527887;0.0393112690151916;0.3314670138784746;0.0015453758715847634;0.03976751300091785;0.05493037055636021;1.1567592111906582;0.0591414295911083;0.1325583766697256;0.0644420899361494;0.004152782955338768;0.05310079531918713;2.3976269960028334;0.4474168252700992;0
0.13669719818546422;-2.592447143587974;0.018686123991756082;0.21311308249209743;0.033646343996966;-1.38283250446331;0.00113207646436217;0.04486591210359936;0.028645563045854288;0.4544822539663282;0.0285510349750177;0.07035790761700819;0.06517391473640013;0.004247639162067554;0.08978660256219956;-1.7650859945307762;0.5401769383195218;1
0.09916510764966409;1.3930809490378024;0.009833718575169466;0.0795350260018354;0.036068426176297165;-2.413442558059856;0.0013009313668349983;0.0540430304884264;0.027290487913370003;0.6453235179878382;0.026511675333945;0.07035790761700819;0.06415733383927524;0.004116163485364212;0.09919956444518616;-2.267102188153595;0.7666103566471564;1
0.05915021928122018;-1.2645156304851095;0.003498748441016432;0.0795350260018354;0.03218378315317662;3.6676130992209246;0.0010357958980506952;0.009177118384827043;0.018233460530485874;-1.0148559670531014;0.022942795962067802;0.0458855919241357;0.04811246865087651;0.0023148096396815748;0.035407661967534594;1.4685856213904838;0.8121641491412425;1
0.06568590306920206;-1.6852108766679474;0.004314637862016609;0.0968695829509533;0.03241074404968297;3.586019262410808;0.0010504563298540603;0.009177118384827043;0.02739506047994859;-0.7989612102790353;0.0311002345263586;0.0703579076170081;0.04650282455590561;0.002162512691677338;0.03246236062119804;1.3993682459695442;0.7274858434937165;1
0.05431458351744386;2.0609471534965267;0.0029500739826733837;0.0193739165901906;0.01010975389655995;-1.136751013414056;0.00010220712384900908;0.01223615784643628;0.03469234881411581;0.3030379841083253;0.0311002345263586;0.0917711838482715;0.030648674656978236;0.0009393412582292999;0.03246236062119804;-0.2795670220453417;0.5585950000715266;1
0.026476355197175085;3.552602990538579;0.0007009973845269802;0.0020393596410726994;0.008201928235827605;-2.242737256009331;6.727162678566612e-05;0.01223615784643628;0.034455522808279085;0.09154663626780864;0.0311002345263586;0.0917711838482715;0.03018747357507595;0.0009112835608459089;0.02801339490851462;0.16258325326371784;0.6441225257047846;1
0.0339600839496153;-2.3848573820318912;0.0011532873018649187;0.0509839910268176;0.010109753896560035;0.9905628647322627;0.00010220712384901082;0.007137758743754219;0.036540977213759464;0.673648224569515;0.037728153359845;0.0917711838482715;0.03312687500973926;0.0010973898479108872;0.050978175289141246;-2.042970943992252;0.4974530653118553;1
0.032119105067001164;-2.1826442583533967;0.00103163691030506;0.0509839910268176;0.009373292704624489;0.689121529357184;8.785861612656666e-05;0.007137758743754219;0.041224584504401945;0.013445362738516783;0.0479249515652085;0.09890894259202601;0.02955453735397107;0.0008734706782072714;0.030509381159483442;-0.2642012896245613;0.40446464224546286;1
0.03234651978356291;-2.185796509713979;0.0010462973421084267;0.0509839910268176;0.010853724148657328;-0.3172341587415713;0.00011780332789514726;0.013255837666972692;0.04710104073389434;-0.5256865331429074;0.055062710308963;0.1182828591822167;0.028787746933790735;0.0008287343735239778;0.018589222635240626;1.6237863829727306;0.3719366934465285;1
0.02922588079528203;3.35544698195856;0.000854152108260035;0.017334556949118;0.01220212118009721;-0.30350761524332864;0.00014889176129377691;0.014275517487508882;0.034793352210746344;0.06326648613036785;0.0367084735393087;0.089731824207199;0.030863810108237393;0.0009525747743973367;0.0318413238269641;0.7256630357538233;0.3855566124836809;1
0.03214337460052495;2.339358771369833;0.0010331965307096725;0.020393596410727;0.011724101031348945;4.292778328347256;0.0001374545449932774;0.0040787192821454266;0.01967480074676951;-0.21393030626223464;0.0193739165901907;0.052003670847353994;0.01932340349141164;0.00037339392249189957;0.0318413238269641;-2.626412268986723;0.22258838411138923;1
0.016116103273278594;-1.3769189891504183;0.000259728784714981;0.020393596410727;0.0022106131731091136;1.435038478595364;4.886810601123544e-06;0.00101967982053619;0.016340349239530857;-0.5354634320313943;0.0193739165901907;0.0407871928214541;0.01461578482696388;0.0002136211661081076;0.00972400070653101;2.2940229599595092;0.18270529365852656;1
0.016702218506490344;-1.677356178494346;0.0002789641030385486;0.0214132762312634;0.006432878676695293;2.765207949289279;4.1381928069080986e-05;0.0040787192821454266;0.026544990088609992;-0.0719049269772493;0.028551034975017903;0.0683185479759355;0.025667070836001404;0.0006587985253003137;0.028299153682374553;-0.15146592852990062;0.2802667447579662;1
0.015714321410648005;4.28485318560008;0.0002469398973971503;0.0020393596410726994;0.006432878676695293;2.765207949289279;4.1381928069080986e-05;0.0040787192821454266;0.027414030817018695;-0.18218327300615064;0.028551034975017903;0.0683185479759355;0.02562212986050555;0.0006564935385886102;0.028299153682374553;-0.14332280706722975;0.2794786724992259;1
0.015970282511625807;4.465719904365133;0.00025504992350114104;0.0020393596410726994;0.006135050048533333;-1.7946643875399435;3.763883909800886e-05;0.009177118384827265;0.027290487913369955;0.026653832423357688;0.027531355154481504;0.0683185479759355;0.025719984959892316;0.0006615176263370869;0.029091629960659032;-0.3100962207458598;0.280061870715213;1
0.002745571942049199;2.802615937802907;7.53816528896781e-06;0.0015295197308045974;0.006049718353907056;-1.827059659097228;3.6599092161599905e-05;0.009177118384827265;0.026170237045403895;-0.2734828613493588;0.02549199551340879;0.0683185479759355;0.021381599313503117;0.00045717278920319704;0.022422617976705014;-0.19590889323432492;0.2158593277207032;1
0.0035027152110368364;3.4761024149815847;1.2269013849628828e-05;0.0020393596410726994;0.006545041923475693;-0.6814968423083781;4.28375737800544e-05;0.008157438564290853;0.025260496726593168;-1.4826320921878786;0.0316100744366269;0.06220046905271749;0.02190246074228613;0.0004797177865673852;0.027961039167219884;-1.5139041301169616;0.19717012551518526;1
0.019975056616865293;4.453354412250067;0.000399002886846974;0.0015295197308045974;0.006015246743653711;0.6302021403026963;3.618319338703657e-05;0.0040787192821454266;0.02286221303664238;2.395355116191071;0.009177118384827196;0.06220046905271749;0.020633929701088505;0.00042575905490946245;0.021383117054272177;-0.6486718500345994;0.1879768032542451;1
0.038438683431981376;0.010182818938535121;0.0014775323839840793;0.0418068726419904;0.004650455491380374;1.4242788461358533;2.162673627730988e-05;0.0040787192821454266;0.0179735743006861;3.0146707151026795;0.010196798205363594;0.045885591924135896;0.025855823856622964;0.0006685236273047132;0.03106176184015623;0.09327311717750675;0.20460134206497352;1
0.03617421052099976;0.00013969049845267514;0.0013085735068176097;0.0412970327317222;0.0067097721530998125;-2.6307143352452385;4.5021042346513694e-05;0.010196798205363677;0.018486882322275067;-0.8424767795294782;0.023452635872336106;0.045885591924135896;0.022996471914301462;0.0005288377205052559;0.013353346002771535;1.0399756338278898;0.1731865395501494;1
0.03359222157114269;0.5066778289046212;0.001128437350084744;0.02753135515448149;0.0068932165927014805;-2.671930437784185;4.7516434993895014e-05;0.011216478025899868;0.018876474117466246;-1.028720329616391;0.025491995513408805;0.045885591924135896;0.015517256180065291;0.00024078523935777447;0.0014676496361002156;3.2212557676485054;0.1112841357647739;1
0.022016585151969068;1.1682035041118084;0.00048473002175390483;0.020393596410726994;0.05448850683323992;4.770214831153541;0.0029689973769160332;0.00101967982053619;0.13331509388478116;4.853208329618075;0.016314877128581692;0.3140613847251962;0.04988423186473025;0.0024884365887341687;0.02999776862521092;3.068645860216236;0.3087954487905343;1
0.022016585151969068;1.1682035041118084;0.00048473002175390483;0.020393596410726994;0.05448850683323992;4.770214831153541;0.0029689973769160332;0.00101967982053619;0.13331509388478116;4.853208329618075;0.016314877128581692;0.3140613847251962;0.04988423186473025;0.0024884365887341687;0.02999776862521092;3.068645860216236;0.3087954487905343;1
0.022016585151969068;1.1682035041118084;0.00048473002175390483;0.020393596410726994;0.05448850683323992;4.770214831153541;0.0029689973769160332;0.00101967982053619;0.13331509388478116;4.853208329618075;0.016314877128581692;0.3140613847251962;0.04988423186473025;0.0024884365887341687;0.02999776862521092;3.068645860216236;0.3087954487905343;1
0.028051390009665576;-0.8149312337693418;0.0007868804814743657;0.032629754257163204;0.005462667578659753;-2.234214328206074;2.9840737074940408e-05;0.008157438564290853;0.04222508788095332;0.24916390839688182;0.0387478331803813;0.1111451004384623;0.03298502139213358;0.0010880116362395097;0.032746684083635444;-0.17437872259188344;0.48722379895620516;0
0.028051390009665576;-0.8149312337693418;0.0007868804814743657;0.032629754257163204;0.005462667578659753;-2.234214328206074;2.9840737074940408e-05;0.008157438564290853;0.04222508788095332;0.24916390839688182;0.0387478331803813;0.1111451004384623;0.03298502139213358;0.0010880116362395097;0.032746684083635444;-0.17437872259188344;0.48722379895620516;0
0.028051390009665576;-0.8149312337693418;0.0007868804814743657;0.032629754257163204;0.005462667578659753;-2.234214328206074;2.9840737074940408e-05;0.008157438564290853;0.04222508788095332;0.24916390839688182;0.0387478331803813;0.1111451004384623;0.03298502139213358;0.0010880116362395097;0.032746684083635444;-0.17437872259188344;0.48722379895620516;1
0.02838302179701324;-0.4908419419241916;0.0008055959263297288;0.032629754257163204;0.017711342431182716;3.4672124780920135;0.00031369165071461327;0.0101967982053639;0.06022761108536711;-1.9871682914559194;0.0887121443866625;0.1437748546956255;0.03475967646083955;0.001208235107662243;0.038284950875753954;0.315479990689519;0.44545769526812773;1
0.018120487921631026;-1.5390790541309916;0.00032835208251797587;0.024472315692872407;0.017630438072818447;-1.0705444469592311;0.0003108323466394863;0.020903436320995228;0.06519016531030343;-2.755597607645569;0.1050270215152441;0.1437748546956255;0.019133844612804336;0.0003661040096669415;0.025464863843787836;-1.638480201678611;0.21594964243308384;0
0.04059299132634908;2.2161379425848;0.0016477909448210518;0.023452635872336106;0.017630438072818447;-1.0705444469592311;0.0003108323466394863;0.020903436320995228;0.0645361472600721;-2.6947243324279806;0.1050270215152441;0.1437748546956255;0.029223236025686154;0.0008539975238129611;0.038284950875753954;-1.1863142094127284;0.3666122357090114;0
0.035452025283913655;-1.295550996859145;0.001256846096731253;0.0448659121035995;0.01789676070580395;-1.4719192602777003;0.0003202940437608083;0.023452635872336036;0.04740469442640535;3.3888208065935763;0.0224329560517997;0.1213418986438257;0.024175371012608325;0.0005844485635972628;0.023913311039455723;0.1318689162888731;0.3552614823610016;0
0.03484859282274916;-1.1815266407862748;0.001214424421725764;0.0448659121035995;0.015604766339391314;-2.2853748447573756;0.00024350873250700018;0.023452635872336036;0.015927907975745195;-0.4112301800590193;0.020393596410727;0.0387478331803813;0.025674802482451294;0.0006591954825128871;0.028777281734388732;-0.2836655288842505;0.39586131237003197;1
0.052952710394350073;0.9374658450139286;0.0028039895381079104;0.0448659121035995;0.012227657562085274;-2.3381835138433984;0.00014951560945562116;0.017844396859386213;0.03153597857487938;3.5212064590119803;0.013255837666972498;0.0805547058223717;0.0330327431180808;0.0010911621179051144;0.028777281734388732;1.5243313049479141;0.4814280955554343;0
0.05493794141582094;-0.7131852651511797;0.0030181774070081736;0.0652595085143265;0.01148215622331742;-1.4262630735702224;0.00013183991153666697;0.015295197308045183;0.02783744585456182;3.2140439315321907;0.013255837666972602;0.07137758743754449;0.03284489647455821;0.0010787872244244466;0.02569833627958286;2.0643208679729503;0.48302536415522795;0
0.04482765780182769;-1.2218393468598425;0.0020095189039977626;0.056082390129499296;0.01775531670005414;-0.5283658565451622;0.0003152512711192215;0.020393596410727022;0.027202718515661573;2.0221866639037294;0.018354236769654402;0.07137758743754449;0.030004162372856472;0.0009002497596967361;0.0393056676204359;-0.6721918416435871;0.3814528752852027;1
0.04549532092764581;-0.41444444703227745;0.002069824226309487;0.0479249515652085;0.020495310739514373;-1.9099107930594954;0.0004200577623092532;0.030590394616090477;0.026458677447752568;2.2581544877540005;0.018354236769654402;0.0683185479759355;0.043628801615283964;0.0019034723303858047;0.04732380838104412;-0.37562807560260936;0.43506836814450717;0
0.0465023190641449;-0.32195998008144383;0.002162465678343534;0.0479249515652085;0.020475008296948892;-1.9171516262755037;0.00041922596476012597;0.030590394616090477;0.032891589917995914;0.6897401976325798;0.0265116753339452;0.08769246456612609;0.03808960829802403;0.0014508182602969012;0.04732380838104412;-0.13693252178165238;0.3644187769741183;0
0.04463356506217863;0.9989705959267484;0.0019921551301597326;0.02957071479555419;0.016129001317178406;0.046840225661244496;0.0002601446834895427;0.015295197308045072;0.020206647963673566;-0.5443908239038157;0.0265116753339452;0.0458855919241358;0.036807570059103706;0.0013547972136558274;0.027388436307477504;2.64251169540114;0.3661189556960858;0
0.05528649072159032;-1.194560410782902;0.0030565960563084926;0.06933822779647189;0.023135723953733846;1.9622597682038443;0.0005352617228633741;0.015295197308045072;0.019499627038607407;-1.2326052523136717;0.0265116753339452;0.0458855919241358;0.04146503266963131;0.0017193489342935916;0.03188079424651283;1.5370393930753548;0.43068756855629675;0
0.060236673807021156;-2.6396874842718248;0.0036284568713334684;0.0999286224125625;0.037309693089925336;0.7596962584677142;0.0013920131984644225;0.02753135515448135;0.017668729938985904;-0.2545776105258106;0.0178443968593862;0.0458855919241358;0.047931747246180836;0.002297452394071764;0.08060775554283647;-2.600416697905145;0.44461450115272977;1
0.06080618466256034;-2.590459352408543;0.0036973920932173885;0.0999286224125625;0.036790875981562304;2.4335965740287833;0.001353568555490698;0.009177118384827043;0.017388456202542858;0.8087719938261367;0.014785357397777102;0.0458855919241358;0.04716827329775141;0.002224846005891369;0.08060775554283647;-2.6447461910986925;0.4397599507488826;1
0.054710359901341904;2.4606260629515226;0.0029932234805343603;0.037728153359845;0.036549868092398706;1.754014925734617;0.001335892857571745;0.01580503721831339;0.023056942741524672;2.3128145396533384;0.014785357397777102;0.060161109411644806;0.04653049138105419;0.002165086628162358;0.05712825800756935;-0.08433684614232817;0.3720625176138514;1
0.05709250965140294;4.471435894729218;0.003259554658295538;0.01733455694911798;0.04165519992933438;0.32212564760991097;0.0017351556811528186;0.0489446313857449;0.019619233314750878;1.3040683580735244;0.015295197308045294;0.0514938309370858;0.04651762705292365;0.0021638896266348946;0.008401296711245704;4.873772687011081;0.34085421046776776;0
0.021323258083409187;1.6760003030747004;0.00045468133529167525;0.017334556949118007;0.03606302069619017;1.203049997954113;0.0013005414617338403;0.020903436320995228;0.03698641702346121;1.2271196830226938;0.026001835423676997;0.0999286224125624;0.014544332216089534;0.00021153759961197986;9.708525016408065e-05;3.9804122721406094;0.08894983535527584;0
0.042063492029160786;2.4218402989452295;0.0017693373616872732;0.017334556949118007;0.021247543853085932;0.8391731533566672;0.00045145811978880974;0.020393596410727133;0.03717568597719353;2.583307040570882;0.015295197308045294;0.0999286224125624;0.03802085966911822;0.001445585769978781;9.708525016408065e-05;3.3582508275446323;0.25240056984154785;0
0.04188514063248426;0.8902691805178703;0.0017543650058029839;0.029570714795554287;0.02692031973578894;-2.873283533240425;0.0007247036146771074;0.0489446313857449;0.04022245931134091;3.155641401391719;0.024472315692872504;0.0999286224125624;0.03778855526256856;0.0014279749088321981;0.016403240778784745;2.196388809003993;0.2564546756594947;1
0.0576881098612568;-1.4628443398987752;0.0033279180193644346;0.07647598654022639;0.024455315124170564;-1.8246051201154347;0.0005980624378224856;0.034669113898236015;0.038925868139694744;3.529898520819058;0.021413276231263406;0.095849903130417;0.04646002328352232;0.0021585337635054358;0.07270990412748728;-2.2663999032432307;0.35222564078133284;1
0.06651251961122215;-0.22974454970558136;0.00442391526503321;0.0764759865402263;0.020927049711210906;2.056960441338392;0.00043794140961549247;0.006118078923218251;0.040373398076065645;3.8089463105720136;0.021413276231263406;0.095849903130417;0.05014925091167736;0.002514947367002372;0.06082521274058915;-0.7458613776477515;0.43913120659068594;0
0.0373166594423005;0.7503157299258186;0.0013925330719326346;0.029570714795554204;0.016976980025098364;3.805463415852993;0.00028821785077258883;0.006118078923218251;0.017083821734319944;1.856315240195985;0.005098399102681797;0.047924951565208596;0.02948997998047129;0.0008696589192485974;0.0346147455758003;-0.7606440164546934;0.29548544024024587;0
0.04136055650585233;1.1390151198032459;0.0017106956344738035;0.0448659121035995;0.020892241715634988;2.4129335392134004;0.00043648576390451876;0.010196798205363677;0.015624742579282614;2.1184347783033033;0.005098399102681797;0.043336392372795;0.03402905239895516;0.001157976407170836;0.04596633798989529;-1.3385295669140629;0.3588415947195594;0
0.018892991379589066;0.35158235691477796;0.00035694512326922675;0.0224329560517998;0.008604067751495503;1.811679396540774;7.402998187232487e-05;0.0040787192821454266;0.015927907975745278;2.651123899826782;0.0050983991026817;0.043336392372795;0.02125712802229321;0.00045186549175616327;0.011351592414094988;2.898903271069983;0.26246784594279216;0
0.02446169172202541;1.4225849769138417;0.0005983743619034064;0.014275517487508896;0.012265862452285595;-0.02752400051777097;0.0001504513816983896;0.010196798205363677;0.018048620866342027;2.1703495546771534;0.014785357397777109;0.0448659121035995;0.024645095522090512;0.0006073807332929658;0.012024686312045688;3.0816121928598883;0.3280342165786406;0
0.024188129343075924;1.5149598765178969;0.0005850656011173706;0.013255837666972598;0.012265862452285595;-0.02752400051777097;0.0001504513816983896;0.010196798205363677;0.019522275470363046;-1.775295369802541;0.030080554705822403;0.0448659121035995;0.02495528861866785;0.0006227664300410131;0.024881595022894595;0.6416441151378388;0.31873185811943683;0
0.016482896422767592;0.8383367978630692;0.00027168587448368466;0.013255837666972598;0.012265862452285595;-0.02752400051777452;0.0001504513816983896;0.010196798205363677;0.014739576736211669;-2.8767852182664915;0.027021515244213305;0.0316100744366269;0.016262097189983483;0.0002644558050164687;0.024881595022894595;-2.0677136041455526;0.22207933224062143;0
0.019139039832157406;0.99284866514119;0.0003663028456969078;0.0193739165901907;0.008420851564010496;-1.8405817588428508;7.091074106309801e-05;0.012745997756704486;0.012682620039348393;-0.34716148903020877;0.015295197308045197;0.0316100744366269;0.015435556141066996;0.00023825639338403106;0.012856908710848908;1.6171806780571505;0.1982339124316931;0
0.01994771045919163;-1.6312539819079224;0.0003979111525637432;0.028551034975017903;0.006968226598662185;1.7480306205265361;4.8556181930303166e-05;0.0025491995513408083;0.01250095854493893;0.37236239430537427;0.013255837666972498;0.0316100744366269;0.015941550748092087;0.00025413304025399537;0.01797867028086006;-0.3235885436022616;0.2074614842727374;0
0.014864259954229934;-2.0729688581284846;0.0002209462239869237;0.0224329560517997;0.005813069364225303;2.818047337278218;3.3791775433294767e-05;0.0025491995513408083;0.006786809948932043;-2.0261504517105764;0.009177118384827099;0.016314877128581595;0.008639243460779574;7.463652757462261e-05;0.0016873769691555518;3.5808924486740374;0.10365821378799932;0
0.01365000553129934;1.5572746432604205;0.00018632265100450258;0.013255837666972602;0.007785707828620852;-2.7722984562607618;6.061724639264802e-05;0.012745997756704486;0.007115874914803017;0.6981097866304194;0.0050983991026817;0.0193739165901907;0.010140455712867251;0.00010282884206462208;0.015309924201667477;-2.672366606358357;0.1267102344703571;0
0.013294998277154432;1.4846020761291687;0.0001767569791895393;0.013255837666972602;0.011334051967118284;1.5456519421321542;0.00012846073399333784;0.005098399102681617;0.009619640187678939;1.039893952781244;0.010196798205363601;0.023452635872336106;0.00969769347820612;9.404525879724154e-05;0.016291293311704508;-2.9915490037846535;0.12983804318825012;0
0.011728534421952217;2.056053461956882;0.00013755851968691804;0.006118078923218202;0.011352384452964123;1.5492956485954619;0.00012887663276790152;0.005098399102681617;0.009241331829844678;-1.0756508151993813;0.011471397981034005;0.023452635872336106;0.00852802248124291;7.272716744058448e-05;0.0053216868345589;3.516412597343001;0.12070976649871416;0
0.010522977179846212;0.4341731138125032;0.00011073304872756414;0.012236157846436203;0.01220212118009722;0.19104002001338097;0.00014889176129377719;0.012236157846436502;0.011425989003270704;-1.9507148147009612;0.016569797083715705;0.027531355154481504;0.013861202234766293;0.00019213292739309008;0.020631611036226377;-1.5092562126697249;0.1821999411273361;0
0.014359032609821415;1.7247893021123641;0.00020618181748991476;0.006118078923218202;0.012511350897340554;-0.8032867639865925;0.00015653390127638427;0.015295197308045738;0.013206231549761456;-2.397436260759028;0.020648516365861104;0.030590394616090602;0.013354524225242298;0.0001783433172825834;0.01710453282868843;-0.11767025762946066;0.1771827725339532;0
0.017799182327394615;-0.380304881114449;0.00031681089152383685;0.0203935964107271;0.009886162654056068;0.7817239135354832;9.773621202245291e-05;0.007137758743754441;0.013864927396323794;-2.458536568664313;0.020648516365861104;0.030590394616090602;0.013012746863696918;0.000169331580938654;0.01710453282868843;-0.40326770331345924;0.16974378074438443;0
0.02466908757696995;0.38408897713817086;0.0006085638818802131;0.020393596410726997;0.006505205631788399;-1.2754302772731296;4.231770031185151e-05;0.008667278474559281;0.009823518337920825;4.4712920450084965;0.0030590394616090005;0.0237075558274702;0.011154957490206554;0.0001244330766083153;0.005334588848910818;1.4811448101460556;0.1401263088326809;0
0.028042122031083146;1.1683212332027442;0.0007863606080061587;0.026511675333945002;0.007086591354703601;-0.2881833262607074;5.021977702855982e-05;0.008157438564291297;0.008365104232484571;4.276100669225246;0.0030590394616090005;0.020393596410727105;0.01236212780444604;0.00015282220385345787;0.005334588848910818;1.5606776116866048;0.15665963562447732;0
0.013462090885746394;-2.5532274166742432;0.00018122789101609612;0.021413276231263302;0.007458314896669767;-0.5434535767316788;5.562646109788615e-05;0.009177118384827265;0.012202121180097267;-2.4523169532799827;0.019373916590190707;0.026511675333945203;0.012246814595072675;0.00014998446772608508;0.018202694491321024;-2.1210721577938387;0.17354604342406826;0
0.01101537414157757;-2.4310571566408803;0.00012133846747893578;0.0173345569491179;0.004228906159544901;-0.47255273120584224;1.7883647306236805e-05;0.005098399102681617;0.01077681459415969;-2.158254180340492;0.016314877128581706;0.025491995513408805;0.010602333278501514;0.00011240947094842067;0.015248474937151958;-1.967612810232988;0.15781807236612996;0
0.008741933414643759;-1.6984589754291524;7.642139982606508e-05;0.012236157846436101;0.004815221353366942;2.0263829958374657;2.318635668192097e-05;0.00203935964107238;0.018727163203506658;0.4543826478547584;0.019373916590190707;0.0469052717446722;0.01875603913072334;0.0003517890038732252;0.018202694491321024;0.6263258753841635;0.2599186613362243;0
0.013953229513005014;-0.36456797759792064;0.00019469261384259416;0.016314877128581498;0.004750000896850006;2.139990231264169;2.2562508520075856e-05;0.0010196798205364122;0.020449601898905535;-2.3124666645736567;0.030590394616090602;0.0469052717446722;0.021169594429425145;0.00044815172830634816;0.03289667409819035;-2.7052761239319945;0.2818854758714738;0
0.01955553433714474;-2.3097226953264554;0.0003824189232112469;0.0300805547058223;0.02731714436504617;4.43055218211057;0.0007462263762607736;0.006118078923218029;0.020538386794029178;-2.2136872709079776;0.030590394616090602;0.0469052717446722;0.02516559658099915;0.0006333072512775961;0.03650454955506002;-2.19620416073492;0.2940463487756654;0
0.022782486050810936;-2.940427791437753;0.000519041670655395;0.039767513000917604;0.027893415576348668;-0.6983950024796002;0.0007780426325148905;0.033649434077699714;0.024123564419632173;1.6399955066681724;0.010196798205363497;0.06729886815539922;0.027475251810970436;0.0007548894620762342;0.01952228666684261;0.7965285306580748;0.2673203222243429;0
0.01884891318275328;2.8908699157716122;0.00035528152817097044;0.013765677577240704;0.026958915196089082;-0.8452356831033931;0.0007267831085499229;0.033649434077699714;0.02549811285833867;-1.93543766192082;0.03670847353930862;0.05812174977057209;0.025748272117240907;0.0006629735170234855;0.038653688613599385;-2.0396153583957655;0.2132814423396245;0
0.012073629134794123;1.7489795757350493;0.00014577252048454946;0.006118078923218098;0.02303438433406757;0.1159408368675301;0.0005305828616495376;0.02447231569287245;0.024753239578403665;-2.1718736092515947;0.03670847353930862;0.05812174977057209;0.024030893827112005;0.0005774838581299299;0.02638548884503525;-0.8723899263286548;0.18760631820977966;0
0.012073629134794123;-2.873406851032214;0.00014577252048454946;0.0193739165901907;0.019757858873743858;1.1258794680103155;0.00039037298727477885;0.018864076679922848;0.020583898478827647;1.7039049267869437;0.01682471703884969;0.053023350667890295;0.016822740775589016;0.0002830046072026653;0.01637738777544731;1.2164644544841394;0.11995224759711595;0
0.014758962808330967;-1.5643451563880053;0.00021782698317769668;0.0193739165901907;0.009250468791713505;0.9089028374690121;8.557117286646552e-05;0.007647598654022758;0.016599184863974315;0.3597410110501116;0.01682471703884969;0.042826552462526785;0.018699585731614482;0.000349674506534;0.01637738777544731;1.8506552111727714;0.13423039179730206;0
0.015134604391622336;-2.079207798390563;0.00022905625009091412;0.0224329560517997;0.004782722300217599;1.2361828512396353;2.287443260099872e-05;0.0025491995513410304;0.01667106343644984;0.4648298464775351;0.01682471703884969;0.042826552462526785;0.01869573313451612;0.0003495304374370439;0.01637738777544731;1.6879139963750944;0.1344013653062688;0
0.015134604391622336;-2.0792077983906645;0.00022905625009091412;0.0224329560517997;0.0030248591769534575;2.821700671487515;9.149773040399548e-06;0.0010196798205364122;0.015970282511625623;-2.479376027978187;0.026511675333945092;0.03619863362904038;0.018790320876842896;0.00035307615865471796;0.02351148130204561;-1.7156608519362055;0.1431282743034445;0
0.01410331836608149;1.7532037242592449;0.00019890358893505145;0.0122361578464362;0.0016677299106553198;1.2201939033980576;2.7813230548944007e-06;0.0010196798205364122;0.02400041255417514;-1.2082546608807512;0.02855103497501779;0.05965126950137649;0.026392418697660083;0.0006965597647125976;0.030034521840640885;-0.9397606095890095;0.2179549737155739;0
0.02534268499231819;3.9084965038562367;0.0006422516826198696;0.0122361578464362;0.01576386747602768;4.776261138635533;0.0002484995178017633;0.0030590394616090144;0.024899821247967052;-0.5555087610668146;0.025491995513408805;0.0642398286937901;0.018797883281467278;0.00035336041586366695;0.01181825940470306;1.1076444760602808;0.1645035345692672;0
0.030029527434636195;-3.150735216259004;0.0009017725179475679;0.0520036708473539;0.019183806403891397;3.0888881022103782;0.00036801842814198455;0.0025491995513408083;0.02759359856075938;-0.5453520788269633;0.0367084735393087;0.0642398286937901;0.01856932963582971;0.0003448200031241036;0.005295218866107787;2.0756647224136593;0.1602638185004497;0
0.03462860294266224;-2.850388514513592;0.001199140141760556;0.059141429591108394;0.019415464243615253;3.3262548580889777;0.0003769602517951024;0.0030590394616090144;0.020914624934415715;-2.770554740590739;0.0367084735393087;0.0448659121035994;0.013562785260979806;0.00018394914403545106;0.00146130587702617;4.541264447146212;0.12198736232898408;1
0.04349266146614827;-2.734501409759267;0.0018916116014089782;0.072397267258081;0.019836638527835456;3.6242044193551166;0.00039349222808400606;0.004588559192413633;0.0301401210737545;-1.39547775154542;0.0438462322830631;0.06831854797593549;0.018175453629954798;0.000330347114654637;0.0052106007569456825;2.174985294815906;0.15718899689530444;1
0.04421461511577693;-2.8933476366125994;0.00195493218983629;0.072397267258081;0.019911190493106433;3.7783676407866174;0.000396455506852772;0.0030590394616090144;0.030253747340137555;-2.3675336120534767;0.0448659121035995;0.06831854797593549;0.009137567966374284;8.349514834010946e-05;0.003833912989081617;4.1084817362578905;0.07507877281926101;0
0.03910575141932994;3.3603302108994106;0.0015292597940704256;0.024472315692872303;0.008048368414671683;1.6035132649196793;6.477623413828476e-05;0.0030590394616090144;0.027070530855177053;2.037271020448923;0.021413276231263406;0.06729886815539919;0.011115105780445472;0.00012354557651049236;0.019223265048009253;-3.237498525330192;0.08907456671119325;0
0.01232083814988737;-2.5036592231210277;0.00015180305271572002;0.0183542367696542;0.004728060821604863;0.3126014061654523;2.2354559132794853e-05;0.0040787192821454266;0.010996479832399514;-2.8943246147019797;0.020393596410727008;0.02345263587233609;0.010235731397022352;0.00010477019723198915;0.01852637750679613;-2.867231360252197;0.08096590741777224;0
0.017684905384871035;1.956221795071207;0.0003127558784718405;0.0020393596410727003;0.005026514752265233;-0.2646954224457711;2.5265850554740015e-05;0.006118078923218029;0.009384378802768106;-1.8578993990431745;0.013255837666972609;0.022432956051799693;0.008420774359828067;7.09094408191378e-05;0.01104335067147133;-1.8402577098288855;0.06560697576350212;0
0.019727576594653108;0.019498147365331658;0.0003891772782979051;0.019373916590190603;0.005557021145483365;-0.42206577560111214;3.0880484011349245e-05;0.006118078923218029;0.011041301023609385;0.14564854691931117;0.009686958295095291;0.029570714795554218;0.010541821457082006;0.00011112999963299458;0.007584175030027826;0.45476744921191425;0.0861658582354187;0
0.032256390983253704;1.404117247835521;0.001040474759264531;0.019373916590190603;0.006489202641663105;-1.3287608596250955;4.210975092456742e-05;0.009177118384827265;0.013936453197324158;-1.8510644593308345;0.0188640766799225;0.033649434077699616;0.010455785962750631;0.00010932346009885316;0.006762275841024887;0.7545097532100181;0.08534795549506793;0
0.03169302017665653;1.3941965005127674;0.001004447527917958;0.019373916590190603;0.00405314712233148;2.3561929178014167;1.642800159526396e-05;0.0030590394616092365;0.015181762154917067;-1.3525901843673165;0.020393596410727008;0.0367084735393087;0.015346094458361565;0.0002355026151249555;0.017452745574716128;0.85136764052922;0.1357733854014124;0
0.03132010930943751;1.6172412140920909;0.0009809492471551141;0.015295197308045301;0.003024859176953751;1.448863636363645;9.149773040401325e-06;0.0020393596410728243;0.012276453821543413;1.376919114637045;0.006118078923218098;0.03415927398796781;0.013801097626709785;0.00019047029570197447;0.010791617928394268;0.8281347223562285;0.12582599859082666;0
0.0223226055664216;3.514417170150755;0.0004982987192740366;0.008667278474559002;0.0023252277456903723;2.8180473372781;5.406684069328331e-06;0.0010196798205364122;0.009264508060364728;-2.9622466935560596;0.016314877128581595;0.0198837565004589;0.01246075096092479;0.0001552703145101881;0.01673372993643503;-1.984984127973939;0.12100901619641206;0
0.02226547415349232;2.3811062868256427;0.0004957513392798345;0.015805037218313403;0.0065450419234757175;3.1413186916767444;4.283757378005472e-05;0.0020393596410728243;0.012312396327621834;-1.7336819844617064;0.018354236769654295;0.02906087488528611;0.014753374107118728;0.00021766204754460132;0.026788976801252973;-2.8986504509490736;0.1398082687219046;0
0.022581937139267205;2.4751290270113238;0.0005099438849618155;0.015295197308045301;0.006424792088110024;2.329625846239581;4.127795337544116e-05;0.0030590394616092365;0.017445169196282546;-2.0787778489596143;0.027531355154481504;0.040277352911186004;0.01867333828234672;0.00034869356260695556;0.028757469892712398;-1.9325480393340608;0.17234370275625208;0
0.027919496382024164;-2.9395890675864855;0.0007794982782258603;0.0509839910268175;0.010058199486618047;-1.4488095326117392;0.00010116737691260355;0.013255837666972692;0.01525094717303488;0.6888596288485426;0.015295197308045308;0.0387478331803814;0.01668135076153435;0.00027826746322934264;0.020631006095340326;-0.3612503807863779;0.14330546535607017;0
0.02853828613090148;-3.002294205206576;0.0008144337752892038;0.0509839910268175;0.008327732023695569;-1.7074596135215205;6.935112065848469e-05;0.010196798205363455;0.015250947173034879;3.706503517397413;0.006118078923218098;0.0387478331803814;0.0162354484048355;0.0002635897849060757;0.008607266139062958;3.4302647352765803;0.13591866733063498;0
0.025287237213494903;-0.5184612333927193;0.0006394443658915614;0.0336494340776995;0.008028966935874243;-1.7812174817897624;6.446431005736184e-05;0.010196798205363455;0.008439352175612582;1.4331077841475839;0.006118078923218098;0.022432956051799804;0.010232452111067871;0.00010470307620529735;0.008607266139062958;1.4400477870426194;0.08364292787376075;0
0.01752247900046084;-3.060342934440477;0.0003070372703215911;0.0336494340776995;0.007852196719966805;-1.0863958094576798;6.165699332905747e-05;0.010196798205363455;0.008365104232484256;2.8533611234562977;0.0030590394616090977;0.022432956051799804;0.010226753422438364;0.0001045864855633548;0.008482984447784933;1.4942488161798646;0.08357936331976897;0
0.01729853081329518;-3.0484526887004737;0.0002992391682985229;0.0326297542571631;0.008074164533426876;-1.315675007440274;6.519213291284843e-05;0.011216478025899868;0.007664574476584334;-2.291643824791701;0.011216478025899895;0.017334556949118007;0.008806337373564285;7.75515779370351e-05;0.009033226744526335;-0.13930457466194804;0.07414986824429388;0
0.014642261378883536;-2.1691247374070337;0.00021439581828754437;0.0224329560517996;0.006006597930059466;-3.0631431205308446;3.6079218693394656e-05;0.011216478025899868;0.008457812319089321;-1.968927460431626;0.011216478025899895;0.020393596410727008;0.008519138206704902;7.257571578493923e-05;0.009033226744526335;-0.12966275134158067;0.07185391185257474;0
0.01511398034698559;-2.5940181183874222;0.00022843240192906667;0.0254919955134087;0.006505205631788204;-2.8350910660492876;4.2317700311848966e-05;0.011216478025899868;0.010733310791834887;-2.1637679364799425;0.016314877128581595;0.02549199551340882;0.01107202695793629;0.00012258978095726794;0.013425786440554935;-0.9751815775480779;0.09172827272340107;0
0.012641562566631955;2.293447805997578;0.0001598091041260703;0.0071377587437545;0.006505205631788204;-2.8350910660492876;4.2317700311848966e-05;0.011216478025899868;0.009022870115480175;-2.0526770989573797;0.013765677577240704;0.021413276231263406;0.00862202336297403;7.433928687167001e-05;0.013290430612426879;-1.5892839156045706;0.07042285287403004;0
0.00574107811165876;0.7719252854369181;3.295997788416731e-05;0.006118078923218098;0.008080600695894388;-2.7994258134204153;6.529610760648886e-05;0.01325583766697258;0.010084009638075599;-2.459527550821948;0.016314877128581595;0.021413276231263406;0.009694676857195548;9.398675936544297e-05;0.013425786440554935;-1.9412070970825503;0.08020842586973789;0
0.0027925081957030384;-0.13333333203657105;7.798102023068639e-06;0.003059039461608997;0.007224631216036901;-1.3471958778431532;5.219529620773483e-05;0.009177118384827154;0.01788949711497505;0.8373370185544609;0.016314877128581595;0.04588559192413581;0.01782178719032515;0.00031761609865723755;0.015290555300329842;0.8967070410225434;0.15420683768696447;0
0.00751387108267184;3.4674358739772373;5.645825864701209e-05;0.003059039461608997;0.007479196827120375;-2.0839912038252577;5.593838517880749e-05;0.010196798205363566;0.01803277167719719;-0.6955797472320491;0.019883756500458802;0.04588559192413581;0.01858656485533858;0.00034546039312170724;0.02176830420527548;-0.9035296588766689;0.17121176900865634;0
0.0068173813196479825;4.456105580859467;4.647668805748526e-05;0.0020393596410726994;0.009767127592876613;1.3526939839184955;9.53967814155317e-05;0.005098399102681839;0.012727630285820097;-2.999261235632811;0.022432956051799707;0.0270215152442133;0.012795798235815106;0.00016373245249168899;0.021948256881170317;-3.1293778005071773;0.12815409730026053;0
0.00740936152731115;3.4923811983692326;5.489863824239862e-05;0.0020393596410726994;0.00989930041753227;1.1967508390265127;9.799614875655459e-05;0.006118078923218251;0.01051309180689854;3.173157847736647;0.0071377587437544965;0.025491995513408805;0.010317262696717577;0.00010644590955308006;0.004497244367702644;4.275282439505148;0.10906905297514069;0
0.016057933871748375;0.8125162591056162;0.00025785724022944377;0.015295197308045301;0.014044215671827174;1.793684726515109;0.000197239993836796;0.006118078923218251;0.005538279030896016;-0.7118644060871636;0.0071377587437544965;0.013255837666972595;0.005939103477362081;3.527295011481436e-05;0.004497244367702644;2.8790684345091058;0.06415701919202212;0
0.016132224216864343;-1.79167021148713;0.0002602486581831843;0.023452635872336;0.015250947173034962;-0.9264335397145361;0.00023259138967470308;0.018354236769654197;0.006802112809282001;-0.9491225854311693;0.008157438564290895;0.017334556949117993;0.007178346715239746;5.152866156419326e-05;0.004497244367702644;1.4714394722642392;0.07839288567704729;0
0.018801966875278638;-2.0778114186848193;0.00035351395837907517;0.0275313551544814;0.01469542237202315;0.7493795099549381;0.00021595543869215852;0.012236157846435947;0.010058199486617642;0.8137175474838424;0.0071377587437544965;0.02753135515448149;0.00968890856546042;9.387494918985229e-05;0.007689034920306953;0.7346421584367325;0.10973487149092677;0
0.028483583596169523;-0.7299911217221542;0.0008113145344799775;0.0316100744366268;0.009373292704624291;-1.3528237806798604;8.785861612656298e-05;0.012236157846435947;0.010733310791834821;-0.6154615594713112;0.012236157846436294;0.02753135515448149;0.013713634849911591;0.00018806378079670974;0.019524867809973395;-1.9513673166727028;0.1489647689718103;0
0.031050882984741464;-2.3642598886648023;0.0009641573341321071;0.0489446313857448;0.01680771378332976;0.7641156859528415;0.00028249924262233316;0.015295197308045183;0.010742993527941811;-0.4531288044900587;0.012236157846436294;0.02753135515448149;0.013872903347350697;0.00019245744728493418;0.019524867809973395;-2.112634463735194;0.14717189851412732;0
0.025045545047684165;-1.786099707039483;0.0006272793267355768;0.0356887937187723;0.014118055379888977;-0.5557800521322894;0.0001993194877096121;0.015295197308045516;0.010742993527941811;-0.45312880445460973;0.012236157846436294;0.02753135515448149;0.01337487723370616;0.00017888734101671134;0.016390255647785346;-1.6439640244942464;0.14311393391906613;0
0.022674983132392273;-2.1607940121923215;0.0005141548600542741;0.0356887937187723;0.011648475230749262;-0.5401858457745851;0.00013568697520137908;0.015295197308045516;0.01102009265716819;2.235960700050125;0.008667278474559004;0.02753135515448149;0.01205109395240668;0.00014522886544973286;0.003370464383014929;2.5486549533462033;0.12545367903654728;0
0.023144710446189244;-2.2360903984699347;0.0005356776216379416;0.0356887937187723;0.01053285327510278;-0.3397749121863143;0.00011094099811484338;0.010196798205363677;0.004890212627013717;0.814390359149422;0.0050983991026817;0.012236157846436294;0.005151946064243854;2.654254824887774e-05;0.0023166765490660185;3.064799620692419;0.051048518893567416;0
0.015720936574658374;2.2932000756101814;0.00024714784678443134;0.009686958295095298;0.015203149146269962;-0.9217887099838921;0.0002311357439637291;0.016314877128581706;0.009763134762733522;2.037614053351201;0.00356887937187729;0.0270215152442133;0.00857196051288577;7.347850703447288e-05;0.0023166765490660185;4.232735997003424;0.08362258512082894;0
0.00656882773871992;-2.528051966880829;4.314949786097625e-05;0.010196798205363499;0.013554456228985334;-1.069993841056964;0.00018372328366347932;0.016314877128581706;0.007608410522873384;-0.883396386952454;0.00917711838482721;0.018354236769654295;0.008661157607019366;7.501565109362944e-05;0.009403817274615658;0.23646020093603562;0.08311390008762372;0
0.014237228145005786;1.5834223610138523;0.0002026986652529449;0.010706638115631698;0.018325890441125148;-0.9662414093875912;0.0003358382604601221;0.021413276231263323;0.011140906180999225;-0.3991447602990495;0.011726317936168101;0.029060874885285998;0.008828925935309907;7.794993317118793e-05;0.010376983957151947;0.07683521682520578;0.08488237035914274;0
0.01307816390168319;-1.4624934174630664;0.00017103837103928928;0.015295197308045298;0.0171536696658109;2.342306683814234;0.000294248383003761;0.006118078923218251;0.010920575699390325;1.3148482946664768;0.008157438564290811;0.029060874885285998;0.007851649131230648;6.164839407995499e-05;0.009158872979586188;-0.8522952830493343;0.07351547522881773;0
0.013848513365002379;-1.3620232937362655;0.00019178132242064953;0.018864076679922504;0.017162759308592658;2.830785474356835;0.00029456030708468393;0.0030590394616087924;0.01583625464122937;-2.146149564152624;0.022432956051799804;0.037218313449576795;0.012227687765452975;0.00014951634808940835;0.012448716211188496;-0.26374809357429047;0.11775870853059024;0
0.01831737798865328;-2.7309886974905733;0.0003355263363791997;0.029570714795554204;0.006953289332612334;1.4172736732573235;4.834823254302048e-05;0.006118078923218029;0.016106422962099725;-2.776848285751143;0.02753135515448149;0.0356887937187723;0.01550215729361237;0.00024031688075589917;0.02191648416210952;-1.1764016907333368;0.16326536939157507;0
0.017400411141186123;4.0792764498565885;0.0003027743078823141;0.007137758743754503;0.006953289332612334;1.4172736732572002;4.834823254302048e-05;0.006118078923218029;0.012517582167369186;2.352379891430658;0.008157438564290798;0.03262975425716319;0.013696139110064393;0.00018758422652223548;0.011539500204957573;0.3753786844120152;0.14900551964595699;0
0.01714760722714624;0.10477164103689655;0.00029404043361647803;0.0183542367696543;0.005557021145483384;1.4552936775161207;3.0880484011349455e-05;0.0030590394616087924;0.01284553770023316;3.8192997690454056;0.004078719282145399;0.03262975425716319;0.01425732887378256;0.0002032714266151939;0.013653542950860895;0.6587002471928199;0.1615964284744436;0
0.019528931775057178;-2.7261981070028267;0.0003813791762748378;0.034669113898235904;0.012265862452285645;1.416733809053235;0.00015045138169839084;0.010196798205363677;0.005510046328583825;-0.24840495360929418;0.0050983991026817;0.014275517487508896;0.0098192868088345;9.64183934341512e-05;0.012963382645819407;-1.3576128292258751;0.12292414932460956;0
0.021793494454805818;0.5603743087527514;0.0004749564005516519;0.0183542367696543;0.013030375079620645;1.030030123497691;0.00016979067471559873;0.013255837666972692;0.006075443707460141;-1.7770283671538902;0.009177118384827099;0.014275517487508896;0.00996558253422745;9.931283524649919e-05;0.009415378721322074;1.6120267979174407;0.1300706517568216;0
0.02397874174835288;-0.35481951152508157;0.0005749800558342014;0.0316100744366268;0.012214896044367306;-1.5353106144302089;0.00014920368537470004;0.01733455694911812;0.012805002611155624;1.0633073964084663;0.013255837666972498;0.03161007443662689;0.013634385268180085;0.00018589646164116611;0.023068921672182968;-2.4909480061117897;0.16677793906142013;0
0.013306723987160063;0.11487792776261803;0.000177068903270461;0.0152951973080452;0.011639545773529993;0.35832652553971894;0.00013547902581409992;0.012236157846436169;0.01785167880086825;-2.6464716354952103;0.03059039461609049;0.0387478331803814;0.017044281978104554;0.00029050754814913965;0.02903269666493201;-2.6050778700197816;0.2021076549356843;0
0.007317579328238732;-2.7054387784092717;5.354696722506681e-05;0.0122361578464361;0.01626061640679167;-2.497728027977773;0.00026440764592882234;0.02549199551340886;0.017522479000460733;-2.577326988375063;0.03059039461609049;0.0387478331803814;0.01679784122204844;0.0002821674697211498;0.02903269666493201;-2.571518573762667;0.19592682788925897;0
0.008573803613573175;-1.561331522126121;7.351010840412042e-05;0.0122361578464361;0.013661426539180508;-2.091836655519446;0.00018663457508542552;0.020393596410727133;0.016132224216864218;-2.2846942438539664;0.02549199551340879;0.037728153359845;0.015644081790669322;0.00024473729507315143;0.025628288487632656;-2.3985582502569556;0.18043615765530008;0
0.00747224266771138;0.6657095596209585;5.5834410485166475e-05;0.007137758743754399;0.012978405283326104;-1.100708733424791;0.00016843900369826692;0.015295197308045294;0.013149521494138899;-1.5490591628542656;0.016314877128581595;0.0326297542571633;0.013044498371478398;0.0001701589377635026;0.016595779509309683;-1.448694374528813;0.14625703221014108;0
0.009912420768442768;2.2754682119777647;9.82560854906555e-05;0.007137758743754499;0.013634762639295896;0.6277307328498765;0.00018590675222993918;0.014275517487508882;0.012796880185592939;2.744973544993743;0.008157438564290798;0.0326297542571633;0.01209100549370432;0.00014619241384878807;0.00421441609211394;2.678476543110134;0.14087958718399596;0
0.011414039211955329;1.0078732032751543;0.00013028029113205383;0.010196798205363499;0.016051457592448182;1.6826719196727673;0.0002576492908421624;0.014275517487508882;0.006670919642620709;-1.5262249977111406;0.009177118384827196;0.016314877128581595;0.006816398200185297;4.646328442348936e-05;0.009032508978322973;-2.1223400794268046;0.0866425450412709;0
0.010968077340287454;0.3645242330157264;0.0001202987205425271;0.0091771183848272;0.014553228196744662;1.1365511237973347;0.0002117964509465239;0.009177118384827265;0.00848236334988674;0.02259514189753749;0.008157438564290798;0.022432956051799804;0.008936164926158457;7.985504358750458e-05;0.012002507334913357;-0.7592945450452184;0.12140031392946155;0
0.011149069299618775;0.2553673935159739;0.0001243017462477019;0.0091771183848272;0.01472193088200277;0.3983648744134207;0.00021673524889446688;0.011726317936168074;0.012105880004644472;-1.4906318435727748;0.016314877128581706;0.030080554705822403;0.012743894019272428;0.00016240683477444757;0.021103429957019394;-2.1608239222376384;0.1829394084380654;0
0.015330844561708447;0.9459263098253032;0.00023503479497526548;0.009686958295095301;0.01611287714907988;0.9287999824860455;0.0002596248100213406;0.016314877128581595;0.009342738105691235;-0.6780656967948637;0.010196798205363608;0.023962475782604305;0.012199096498303657;0.00014881795537492455;0.018977260058165156;-2.0025242128428418;0.1763079158611412;0
0.015216821045747215;1.1262009456957405;0.00023155164273829537;0.008667278474559;0.008280779580219296;-3.1255413818335067;6.857131045617687e-05;0.013765677577240787;0.008512952570507245;-0.7196732666012456;0.010196798205363608;0.020903436320995207;0.010840251654539598;0.00011751105593374848;0.015042861261127659;-1.5418840941648533;0.15946264386127523;0
0.009292522965738237;2.0535582570245268;8.635098306877256e-05;0.008157438564290801;0.008892286236615844;-2.818224022138516;7.907275451390759e-05;0.013765677577240787;0.010438653118849348;-2.6531349698949014;0.017844396859386207;0.023452635872336106;0.012129862794002244;0.00014713357140131993;0.020813994104130012;-2.7820766312162437;0.18659756930124038;0
0.011436789960485394;0.8301725870211089;0.00013080016460025948;0.008667278474559;0.00761011855084953;-2.6308666587161595;5.7913904357984156e-05;0.013255837666972803;0.019588736735219905;0.34161328218834913;0.020393596410727105;0.048944631385744904;0.021206986963991682;0.00044973629609091313;0.022485164055804432;-0.035671742911888536;0.3643996450988377;0
0.026092648274191034;1.7766741275089852;0.0006808262939606443;0.0203935964107271;0.013876639817439843;1.3184100779496812;0.0001925611326229569;0.013255837666972803;0.022094370021434013;-2.6953628188499557;0.0387478331803814;0.048944631385744904;0.022954946100473776;0.0005269295504756561;0.02474839290116751;0.9447367078188892;0.3614731337002344;0
0.025952804576881105;3.423076046878355;0.0006735480654057809;0.0101967982053635;0.012865757353390465;1.1743390318426066;0.00016552771227632083;0.008157438564290964;0.019467607924988903;0.8073182159463066;0.018354236769654298;0.048944631385744904;0.022400939553743327;0.0005018020928904623;0.03350350277721915;-1.8136111156932984;0.3999003884223593;0
0.025900670326675285;3.3520154940736995;0.0006708447233711175;0.0101967982053635;0.012898042868026448;0.9533203125000066;0.00016635950982544793;0.009177118384827154;0.011965498449438637;0.8005626199549264;0.010196798205363601;0.0316100744366269;0.0217502342621941;0.00047307269046032205;0.025779780369593316;0.23436682298647446;0.4657682728715843;0
0.0313756657203012;1.5631012180045463;0.0009844323993920836;0.020393596410727;0.012748036953222863;-2.4191997524323825;0.00016251244616073565;0.01835423676965431;0.031092711388251763;4.17499494868905;0.013255837666972602;0.07545630671969;0.02126183889694022;0.0004520657932794402;0.01744872927649605;2.1300280469723654;0.47215654673490587;0
0.046356757524337405;0.21790374512383912;0.0021489489681702128;0.0367084735393085;0.018704941702706403;0.5041364099008815;0.00034987484410164515;0.01835423676965431;0.030547878411227;2.5220071228498;0.0244723156928724;0.07545630671969;0.019231182286595597;0.00036983837214026825;0.017601854868021488;0.2427731298162404;0.372206901434529;0
0.03428915040783814;0.7146492730353486;0.0011757458356913466;0.0367084735393085;0.017699597507854416;0.058686944470855686;0.0003132757519400462;0.015295197308045183;0.030916651801914545;2.393531895381212;0.0265116753339451;0.07545630671969;0.010972333759425376;0.0001203921081282258;0.00435845757999187;1.5793321687042479;0.24474691115150102;1
0.03788903001001698;0.1698463944241103;0.001435578595099967;0.0377281533598449;0.0177553167000542;0.6568949727532806;0.0003152512711192235;0.015295197308045183;0.047906506997856556;1.3259470292773763;0.0265116753339451;0.1325583766697257;0.027227698021036004;0.0007413475395247279;0.0142326188628892;2.353180712853753;0.4810189863670892;1
0.03813520735429833;0.12328993213930535;0.0014542940399553297;0.0377281533598449;0.01854303944531406;2.969622056886261;0.00034384431187047324;0.011726317936168074;0.06290110505481868;-1.4940229286240208;0.0846334251045172;0.1549913327215254;0.03346122873484966;0.0011196538284459288;0.054505838584164586;-2.3568795537892413;0.44920458428297344;1
0.03752504864725387;4.355989094308242;0.001408129275978769;0.0010196798205363983;0.010755084689369343;-0.058553212978116186;0.00011567184667550684;0.011726317936168074;0.04428862828690523;-1.7689867373386032;0.0581217497705721;0.1070663811563169;0.02978251013096725;0.0008869979097011669;0.04126244129613497;-1.752896619293293;0.36017837376968204;0
0.0074791968271203536;0.16314036570826929;5.593838517880716e-05;0.008157438564290798;0.008903971243281905;-0.3030905670517268;7.92807039011911e-05;0.009177118384827154;0.03202671311214314;-1.298724365348478;0.0387478331803814;0.08055470582237181;0.029211450807458197;0.0008533088582765501;0.03812071235726604;-1.4210127745872434;0.3506079379320082;0
0.00726767805902133;-1.6165757330998431;5.281914436958005e-05;0.010196798205363504;0.00854951516926882;1.6608889154183792;7.309420962955765e-05;0.004588559192413744;0.026897135876397908;-1.7020692710441938;0.0387478331803814;0.0632201488732538;0.024278253085557228;0.0005894335728863691;0.03812071235726604;-1.808158833187188;0.27984370697803657;0
0.017901117445602868;3.5746907953119282;0.0003204500058012673;0.009177118384827196;0.010709065649528879;-2.3547664039967238;0.00011468408708591937;0.016314877128581817;0.027835578258983903;0.004847989019590197;0.0316100744366269;0.0632201488732538;0.02535515155296439;0.0006428837102737924;0.02478105732744905;0.8993042434016137;0.3240126232228822;0
0.022251460426632366;-3.1866707767690006;0.0004951274911179862;0.041806872641990296;0.010016764915054831;1.8969099841607335;0.00010033557936347341;0.009177118384827043;0.019981562090614146;2.1785278320329318;0.0020393596410726994;0.0560823901294994;0.021104645215390395;0.00044540604966750066;0.004393695059353837;1.9912469412637972;0.3505285099868365;0
0.02379811245166317;-3.324159375275823;0.0005663501562620056;0.043846232283063;0.009724452882625474;2.2220115021907993;9.45649838664029e-05;0.007647598654022425;0.010358662260997166;2.836668469462983;0.008157438564290798;0.024472315692872497;0.014552143874459756;0.0002117648913429766;0.005675275679717061;4.38295590186686;0.2689025006318065;0
0.023281324660552168;-3.283912124615363;0.0005420200779500345;0.043846232283063;0.009836079118879727;2.5151595823778323;9.674845243286177e-05;0.007647598654022425;0.014734285198889058;-1.973689280834794;0.022432956051799798;0.033649434077699596;0.019834967191571892;0.0003934259234907333;0.030239030577852363;-2.6177646383273134;0.43661018131813806;0
0.020559890977266803;4.030176457604203;0.0004227091169970969;0.005608239012949901;0.0301978484428536;3.390785722700817;0.0009119100505775555;0.005098399102681839;0.014836253787185852;-2.2037294421783415;0.0234526358723361;0.033649434077699596;0.019223265001753927;0.00036953391732765737;0.030239030577852363;-2.6347490751954474;0.4286592450049047;0
0.020247770668053458;1.3128991501969718;0.000409972217026086;0.0173345569491179;0.02534883836985026;4.112423708643611;0.0006425636067007928;0.010706638115631661;0.010272989537885692;2.8192385158685505;0.007137758743754399;0.025491995513408798;0.01892424336509801;0.0003581269869414561;0.031535555879136895;-3.0450212280040216;0.4947941173179417;0
0.0200387191916343;-0.6275261407205406;0.0004015502668411728;0.0224329560517997;0.024488243007082404;2.9031398192756392;0.0005996740455739202;0.016824717038849912;0.010363679777523288;1.7239143126871816;0.009177118384827099;0.025491995513408798;0.01815085131780298;0.0003294534035609902;0.031535555879136895;-2.699810176428002;0.4512104751240271;0
0.013615685027266634;0.020373761162546817;0.00018538687876173282;0.0122361578464362;0.022918991083244748;3.2142840351084963;0.0005252801522738523;0.006118078923218251;0.0105722653988614;2.6472687939489865;0.004078719282145399;0.0285510349750178;0.018309390854911355;0.0003352337934779115;0.018705537114325575;0.620872066823471;0.5799888657910386;0
0.013167300469200525;1.9526511107268416;0.00017337780164620838;0.006627918833486301;0.022428320664612797;3.445184114119298;0.0005030295678346974;0.006118078923218251;0.011513806251285563;-1.4768166089925145;0.014275517487508901;0.0285510349750178;0.020260094117973644;0.0004104714136691502;0.024411429990200427;-0.10834452677464412;0.6832437290745145;0
0.013066233082199553;1.0584301437173427;0.00017072644695836602;0.0112164780258999;0.008652270188884058;-2.9218749999999907;7.486177942145176e-05;0.015295197308045294;0.01343890035881809;-2.2411837056500894;0.021413276231263302;0.030590394616090602;0.016242896840084963;0.00026383169775764205;0.024411429990200427;-1.8651757629726333;0.5931833080174899;0
0.024158020519206385;1.2236291153535082;0.0005836099554063968;0.0168247170388498;0.008543432269054152;-2.692307692307704;7.299023493591578e-05;0.015295197308045294;0.0139177891294916;-2.8703811748905577;0.021413276231263302;0.030590394616090602;0.016239923972813174;0.000263735130642752;0.024411429990200427;-1.9855913898092428;0.576314435802949;0
0.023223193921495196;1.909187341936774;0.0005393167359153715;0.005608239012949901;0.010053029504530513;0.8590534979424298;0.00010106340221896101;0.006118078923218029;0.01501043507430176;1.8889650074785027;0.007137758743754499;0.040787192821454;0.015342857915430793;0.00023540328901309736;0.015738606875544174;0.7971073953062179;0.6212060824687718;0
0.023146956524164916;1.9196433968233961;0.0005357815963315807;0.0045885591924136;0.007950887606655702;-2.2917568386427156;6.321661373367122e-05;0.011216478025899979;0.018306021894573997;0.036039638693119734;0.0173345569491179;0.0469052717446721;0.014278232044804615;0.00020386791032528539;0.008729329520416211;1.5260232506878768;0.5399072373901538;0
0.023234384204957444;2.00159855389712;0.000539836609383576;0.0050983991026818005;0.010084009638075882;-2.6404832699762473;0.00010168725038080729;0.017334556949118007;0.018851671089444525;1.0178465227802047;0.0173345569491179;0.0469052717446721;0.013342446873971726;0.0001780208885847579;0.008729329520416211;1.9037281789479046;0.4916657171895754;0
0.02730381939226243;1.9410954377549956;0.000745498553405286;0.0050983991026818005;0.013496801964127197;-2.410806436479666;0.00018216366325886777;0.021413276231263656;0.01123037414276139;-2.603310250522514;0.0173345569491179;0.0254919955134087;0.014417621276663435;0.00020786780327729817;0.008729329520416211;2.2756288664413717;0.5211403041029211;0
0.023403817767626844;2.4466806668276533;0.000547738686100286;0.0050983991026818005;0.013380748202161213;-2.2446349152391734;0.0001790444224496405;0.021413276231263656;0.009711078577186305;3.4177030543979896;0.0030590394616091003;0.0254919955134087;0.01479940665362256;0.0002190224372992877;0.003468046076681351;4.050539516462716;0.5787481476086676;0
0.047464425356937574;1.6465590447974954;0.0022528716744642983;0.0265116753339451;0.013247991654052675;0.2510121627995474;0.00017550928286584933;0.014275517487509104;0.010027139609616549;-0.48896949916178895;0.0112164780258998;0.0254919955134087;0.0288821357466368;0.0008341777652871553;0.03206828406937757;0.10495503083102165;0.7627330094178534;0
0.05743839322763755;0.03193793664147293;0.003299169016572719;0.0647496686040583;0.007409361527311197;-1.569602272727258;5.4898638242399315e-05;0.009177118384827265;0.008813007213757548;-0.1247829336109092;0.0112164780258998;0.020393596410727;0.029551675580356995;0.0008733015296066679;0.04593916415153876;-2.2263337712065634;0.6374272117674892;0
0.058887723528010874;0.17451523433456964;0.0034677639823114457;0.0647496686040583;0.016810806563516884;1.7098584045208831;0.0002826032173159823;0.014275517487509104;0.025097384207852895;3.0112134913290327;0.0112164780258998;0.0652595085143264;0.024095002462810794;0.0005805691436828582;0.017950591152892416;1.4682147709094018;0.41903433891783703;0
0.054903864326995254;0.1855435199982113;0.003014434318037102;0.0499643112062812;0.02385266281996687;-1.3581362374320551;0.0005689495236030299;0.029570714795554287;0.02153915232839259;3.222933799657729;0.008157438564290801;0.0560823901294992;0.024556187633663462;0.0006030063510996863;0.023334957110741843;0.3008437400315316;0.4352052194308327;0
0.05655087655960885;1.319317704273691;0.0031980016396601176;0.0453757520138675;0.04077826964694545;-0.0032138662052775637;0.0016628672753989924;0.04282655246252698;0.02105089414484617;2.7659677778431515;0.008157438564290801;0.0560823901294992;0.013927218916710728;0.00019396742675398514;0.011192751978571641;1.3579449302374431;0.20526250348627348;1
0.027690456447210264;1.5291942071817448;0.0007667613782548485;0.0224329560517997;0.04175336738847601;-0.8932678309320714;0.0017433436882770515;0.05200367084735402;0.017727478995323;4.337934884559985;0.0005098399102682026;0.0448659121035994;0.011279451099779948;0.00012722601711232705;0.004596515910561011;2.4650231870317683;0.17544162092961516;1
0.02464273114347722;-0.8226623837728534;0.0006072641982097021;0.027021515244213305;0.04182303517346562;-0.8355480317324459;0.0017491662711209425;0.05200367084735402;0.022538153557526027;2.2548360840587187;0.0005098399102682026;0.0632201488732537;0.025117041893335426;0.0006308657934715669;0.023334957110741843;1.1740630198471524;0.464889950055088;1
0.02431353780706053;-0.6176884512770092;0.0005911481206953618;0.027021515244213305;0.038904493510784205;0.4198572265794856;0.0015135596153306504;0.029570714795554176;0.014429460281517714;-3.331982026213311;0.0265116753339451;0.0265116753339451;0.026184041957271118;0.0006856040532201344;0.03969188766914778;-2.0973969992627666;0.5796745004815524;0
0.017189999398704216;-0.5309790597043834;0.00029549607932745136;0.017334556949118;0.02705131963222298;-0.40141727274203615;0.0007317738938446924;0.03262975425716341;0.014382546818924872;-3.3291452025624952;0.0260018354236769;0.0265116753339451;0.02642854230555196;0.0006984678483963498;0.03969188766914778;-2.2074853236778886;0.5672081283437311;0
0.019475617638524862;-1.948494669031619;0.0003792996824020207;0.030590394616090595;0.02798644970690162;-0.022669932371922386;0.0007832413671969337;0.029570714795554176;0.011300748535580631;2.664359861592048;0.0086672784745589;0.0260018354236769;0.023718020106018492;0.0005625444777494974;0.03969188766914778;-2.482045710385652;0.5334139505753097;0
0.02795671246943526;-0.08017709634211793;0.0007815777720986769;0.029570714795554204;0.032341898751684355;-0.7343865774355945;0.001045998414864202;0.03568879371877243;0.0037569355413342386;3.1621948863246536;0.0025491995513408994;0.0086672784745589;0.02123618234201122;0.0004509754404631492;0.028072610059872986;-1.7806990880909825;0.5153793233759701;0
0.03218862877060174;-2.62320580637342;0.0010361078221316098;0.0540430304884265;0.032341898751684355;-0.7343865774355945;0.001045998414864202;0.03568879371877243;0.014683920489358841;3.787520968970753;0.0086672784745589;0.0346691138982359;0.01688779565578721;0.0002851976421116253;0.023413065448463444;-1.8113999055871812;0.3807076649553242;0
0.05404591629766237;-0.5599953201189672;0.002920961068453927;0.0672988681553991;0.03655964556160969;-0.16245797307476906;0.0013366076835905274;0.044101152238197106;0.016444214316487366;-3.0352422666921703;0.0290608748852859;0.0346691138982359;0.03672706681702024;0.0013488774369818692;0.01736003005156339;2.8941614343347317;0.5687791022767935;1
0.05575047548682931;-1.6944495515198028;0.003108115517007555;0.078515346181299;0.04994753049334017;-2.2687683157637935;0.002494755802383146;0.08182930559804191;0.02371002266643676;-0.5089403954586919;0.0290608748852859;0.0581217497705719;0.03844753719822683;0.0014782131166090357;0.04829554645381369;-1.0997131590518403;0.5245579925577929;1
0.057729549238426485;-2.3836647884016897;0.003332700855271908;0.0876924645661261;0.04673580404598374;1.660550870329119;0.0021842353798245903;0.044101152238197106;0.02384394314765178;-0.8478487040246065;0.0290608748852859;0.0581217497705719;0.038282198396433445;0.0014655267140638915;0.04829554645381369;-1.2211692601405038;0.502383605402875;1
0.04619611008493641;2.7601626607284118;0.0021340805869795635;0.009177118384827099;0.0436823027975618;2.085985048084184;0.0019081435776978756;0.029570714795554398;0.025658678066770926;-2.455924324660817;0.042826552462526604;0.0581217497705719;0.03510506970292453;0.0012323659188471895;0.02013869066864156;1.2923738858490097;0.42898688456435863;1
0.024542318559210335;2.2808997412278615;0.0006023254002617601;0.009177118384827099;0.04394335001224728;3.7677383001114797;0.001931018010298873;0.010196798205363677;0.021515002581670585;-0.9191574458191004;0.0254919955134087;0.0550627103089628;0.027499931511883607;0.0007562462331582889;0.02013869066864156;0.6962158734768108;0.3189544905393077;0
0.0143662718503165;-2.999206898074691;0.00020638976687719626;0.025491995513408805;0.03888444412520294;1.3949588556783208;0.0015119999949260296;0.03568879371877187;0.01787205245249814;-1.633790334065439;0.0254919955134087;0.0428265524625266;0.020758600273792907;0.000430919485327115;0.028692001370236794;-1.8813621091480581;0.29476401914206335;0
0.0143662718503165;-2.999206898076062;0.00020638976687719626;0.025491995513408805;0.01683861602266484;4.125791750425418;0.000283538989558745;0.0030590394616087924;0.013793972936135575;0.6029741109018545;0.0142755174875088;0.0346691138982358;0.015006405012614117;0.0002251921914026101;0.02495874104255673;-2.7732179178158964;0.229997356820528;0
0.016992284256120295;-1.591294248018092;0.0002887377242407937;0.021413276231263503;0.03223704488536197;2.4311710632705172;0.0010392270629408422;0.0030590394616087924;0.013604225618564086;3.716481504859973;0.0050983991026817;0.0346691138982358;0.015611046555407708;0.00024370477455510687;0.02495874104255673;-2.61058198202941;0.23757392668185356;0
0.022509302124058175;0.7513298799151601;0.0005066686821121298;0.0163148771285817;0.03442080234448507;1.697688088641956;0.001184791634038109;0.023452635872335925;0.015148338155238741;3.8510678528513815;0.008157438564290801;0.0367084735393086;0.016926675445931783;0.0002865123416519099;0.023705523608265125;-1.6694888742855127;0.28680020625465846;0
0.02227597866315235;0.9255150741677127;0.0004962192254012187;0.014275517487508903;0.0407259660776722;1.3708849247089816;0.0016586043129597065;0.03568879371877187;0.025307787592517;-0.6897321428574502;0.0316100744366269;0.05914142959110841;0.01926945325486341;0.00037131182874136604;0.035513904371830676;-2.9596419396742064;0.29464313911628276;0
0.02456666662855652;-0.44713137448933793;0.0006035211092386327;0.030590394616090602;0.03860265935478334;1.7580948277400097;0.0014901653092614419;0.023452635872335925;0.023441549775818266;-0.7627144888924029;0.0275313551544815;0.05914142959110841;0.016325798821182413;0.0002665317071497211;0.011808380763565551;2.436815128799463;0.232700407876243;0
0.022710492460660293;0.0014488514305940707;0.0005157664678057081;0.027531355154481497;0.05188557379224306;-2.538043235315436;0.0026921127677503;0.07749566636076288;0.023441549775818266;-0.7627144888924077;0.0275313551544815;0.05914142959110841;0.02402418204088934;0.0005771613227337898;0.01260812088096322;1.2339461469512212;0.3084528981443538;1
0.07672997488854011;3.639546118940603;0.005887489046395996;0.017334556949118;0.04992788078860031;-2.053565529786946;0.0024927932800406843;0.06831854797593562;0.024028555382875762;-0.7593648669964743;0.0275313551544815;0.06118078923218111;0.06686369329455363;0.004470753480988137;0.03855215621601374;2.7351943917572092;0.6389831774605399;1
0.06823326777937891;0.37701056381554565;0.004655778831852427;0.07137758743754459;0.04843224220883755;-1.6771499961286942;0.0023456820853755057;0.06016110941164432;0.03575864626067137;0.17564585282151177;0.0316100744366269;0.09584990313041691;0.05759154930336294;0.003316786551161684;0.04888755817593135;1.8952508722407682;0.47014277071247584;1
0.07576536707868262;-1.5378078446796433e-05;0.005740390848567523;0.07137758743754459;0.04140075874510402;-2.1520213568915487;0.0017140228246703072;0.06016110941164432;0.03220800395018742;-1.8909807456417873;0.044865912103599304;0.07800550627103081;0.06664498000248117;0.004441553359531115;0.06149567905689457;0.7545373414305061;0.5827571514791942;1
0.07909291643536635;-0.397938614783957;0.0062556894302518455;0.09279086366880789;0.03892286304176776;-1.829382930280957;0.0015149892673682107;0.05582747017436507;0.02491860490524032;-2.4278276506594323;0.0356887937187722;0.056592230039767405;0.07166617360495511;0.0051360404391755645;0.08730483137899497;-0.013719495915151944;0.6562856475255294;1
0.09396862691771461;-1.0483799428311589;0.008830102844800639;0.11726317936168039;0.03271329292961822;0.9837360917064709;0.0010701595342990093;0.027021515244213146;0.026501868906631754;-2.2007065249251254;0.0356887937187722;0.0627103089629855;0.07846652142112556;0.006156994983931956;0.08957007701173975;0.049703642462927654;0.8272269631271234;0
0.05695347678162672;1.3095232381702964;0.003243698517515294;0.040787192821454;0.016834756344886515;0.8804716394287991;0.0002834090211916967;0.011981237891302121;0.02793299294301889;-2.2607788690981407;0.042316712552258495;0.0627103089629855;0.03928553706861943;0.0015433534227698715;0.02100393510316797;3.6851366637249874;0.6105734990718515;0
0.030849317186855123;-1.5623976864694005;0.0009516803708951948;0.0418068726419904;0.018016187162479658;-0.2863375443896731;0.00032458299987349684;0.020393596410727244;0.0298963619895567;-3.0609550490938813;0.0530233506678902;0.0627103089629855;0.013426796088201723;0.0001802788531941491;0.00736257926227666;1.5751131355405796;0.3103310620430354;1
0.03156893153953844;-1.7853224954549656;0.000996597438548065;0.0418068726419904;0.017990920524090463;2.2051579446377745;0.0003236732213041394;0.012745997756704819;0.022927495662958656;1.6086471035610448;0.0209034363209952;0.05761190986030369;0.013977993204567801;0.00019538429402694363;0.010385426377541647;1.4910223801091351;0.33567052427368643;0
0.03510572665144014;-1.9088642672706915;0.0012324120437256347;0.0540430304884265;0.019308062151584978;-3.078143110427441;0.00037280126404946835;0.03670847353930873;0.033015824909546264;0.4757301170517512;0.025491995513408697;0.0892219842969306;0.017085455562270816;0.0002919127917703308;0.02849477675597175;-2.8910913151865536;0.37746339735098267;0
0.03768265371565313;-2.0095024252085687;0.0014199823910538269;0.0581217497705719;0.01704955277262612;2.7193040105896364;0.000290687249746563;0.012745997756704819;0.03364286731688396;0.06310655130531491;0.0316100744366268;0.0892219842969306;0.016611454468677886;0.00027594041956495853;0.02849477675597175;-2.4441630387764506;0.34769403919486136;0
0.031024083210207005;-2.9005074904907437;0.0009624937390338483;0.0581217497705719;0.024522716699941428;-2.742406848966176;0.0006013636343455862;0.03925767309064987;0.028381190102532188;-0.6220036015724659;0.0316100744366268;0.0734169470786172;0.01403703533620399;0.00019703836102983945;0.015583824254448778;-0.7050035745379878;0.31698351609033215;1
0.04093350935386763;-2.5185545368001043;0.001675552188023169;0.06525950851432641;0.022428320664612804;-2.38026223899915;0.0005030295678346977;0.03670847353930873;0.04193351903734004;-0.7835344196996322;0.0479249515652084;0.1080860609768531;0.018184985091216785;0.0003306936827677767;0.016835150384541045;0.25519943303863;0.32855368515937977;1
0.03867665856058001;1.7184175111091708;0.0014958839174116871;0.032629754257163204;0.019823530326755608;0.3393143230391568;0.00039297235461579924;0.01937391659019061;0.05530576405337976;-2.0438420511918465;0.0825940654634443;0.13255837666972559;0.024540853742652524;0.0006022535024182625;0.03205361564835273;-0.63928947997994;0.35300955519810434;1
0.040093001430279294;3.0993880631735116;0.0016074487636883773;0.0254919955134087;0.01902734567031435;0.933404720131198;0.00036203988325763026;0.012236157846436169;0.05155991628203671;-0.4872561669213186;0.0591414295911084;0.1315386968491892;0.03259934869940646;0.0010627175356254933;0.055267948935482154;-2.5166446560446984;0.4032896974940578;1
0.040580182329366624;1.5822004097922147;0.0016467511978846391;0.036198633629040404;0.010532853275102859;2.176191425652892;0.00011094099811484504;0.00101967982053619;0.035322745132433414;-0.5480520833329798;0.047924951565208596;0.0836137452839808;0.02893832571998348;0.0008374266954758573;0.024451766313810366;1.0348448384569302;0.3140873140021547;1
0.02978879022179813;-0.7678936352598041;0.0008873720228782959;0.036198633629040404;0.006631839519326643;-3.226028201129831;4.3981295410102634e-05;0.011216478025899757;0.020709795056173947;0.6346666666670858;0.02345263587233609;0.0489446313857449;0.013813916599483078;0.00019082429181747413;0.009868991877863734;0.6843034428766485;0.13510369574746678;1
0.029084121443075706;-1.9049321230804637;0.000845886120115576;0.0397675130009177;0.0056128720075549685;4.129987256152217;3.1504332173194145e-05;0.00101967982053619;0.010463524855605201;3.2910717716311098;0.007137758743754399;0.024472315692872393;0.008166205428904158;6.668691110706376e-05;0.0012374330266809452;2.2094687398733917;0.07623478683954421;0
0.02931379974679591;0.1684820056097891;0.0008592988555952521;0.0270215152442133;0.007562147942383673;-2.940495867768426;5.718608150249761e-05;0.012236157846435947;0.0198327069772015;4.527452103753208;0.007137758743754399;0.04588559192413579;0.022214315626855784;0.0004934758187695691;0.009868991877863734;2.753164704845126;0.22605363640283588;0
0.03183867578358115;-0.06857007012271055;0.0010137012756519966;0.037728153359844904;0.008080600695894346;-3.0682786319931536;6.529610760648818e-05;0.014275517487508771;0.03543735810969605;-0.443792365685038;0.04486591210359949;0.08055470582237179;0.02408875249651961;0.0005802679968385799;0.04539274710632881;-3.1734161512843655;0.27975271591048034;0
0.04258674184741415;-0.9290411383390319;0.0018136305811782957;0.0520036708473539;0.006915805020011543;4.570888468808801;4.782835907481687e-05;0.0020393596410728243;0.039377336200748805;-2.9049977160495284;0.0734169470786174;0.0836137452839808;0.021616770480069956;0.00046728476598802387;0.03561363406652764;-2.775538418049156;0.26056688776412046;0
0.03993319266438074;0.18106846257399903;0.0015946598763705514;0.034669113898236;0.007005430422073137;0.5472565354781741;4.9076055398507805e-05;0.008157438564290853;0.04330098902365185;0.2967368010309019;0.037728153359845;0.1131844600795349;0.02968722710258808;0.0008813314530406403;0.0321015081500381;-0.9289575388748451;0.42572458515027495;0
0.03669005803441567;-0.003539034606754162;0.00134616035856879;0.034669113898236;0.005839837284909439;1.668649613325145;3.4103699514218456e-05;0.0020393596410728243;0.03323436731077201;-0.42817927446536785;0.0326297542571631;0.0866727847455898;0.025038780282419588;0.0006269405180312839;0.030109012478649916;-0.41537971313407;0.4583082312657876;0
0.04139824724892379;-1.2878226863039923;0.0017138148752830263;0.061180789232180996;0.005945703981692116;0.8927335640135515;3.5351395837909475e-05;0.004078719282145649;0.028672772844958887;-2.5589246522377422;0.0489446313857448;0.06423982869379;0.025283439692427453;0.000639252322680616;0.027756318826620996;1.0644316042596682;0.49882730455640106;0
0.04505438873130313;1.521488468051956;0.0020298979439513742;0.036708473539308596;0.007224631216037014;-1.255456262599104;5.2195296207736464e-05;0.010196798205363677;0.02702247718918553;0.1047385465573143;0.0316100744366269;0.06627918833486279;0.02492331226175397;0.0006211714940968958;0.02142003789589307;2.476404809153147;0.5043316106507428;0
0.01927842167863879;1.4147710853684856;0.0003716575424194102;0.0117263179361679;0.007101248229420017;-0.6782867467319159;5.042772641584093e-05;0.009177118384827265;0.015079544256794954;1.2356279122838387;0.014275517487508903;0.0367084735393087;0.009123530240907635;8.323880405675614e-05;0.011805057169615857;-0.9488040329839494;0.22918866442413532;1
0.009769788573062758;2.2271838110698368;9.544876876234766e-05;0.0030590394616090994;0.004922001992922483;-1.9972738492131559;2.422610361833289e-05;0.007137758743754441;0.012287036061091853;1.7618670030429595;0.005098399102681797;0.0341592739879678;0.012389785840668839;0.00015350679317763805;0.01104753003716863;-0.004187451581804187;0.26673919208758;1
0.011457227008383784;-2.035859229487265;0.00013126805072163883;0.0163148771285816;0.004922001992922483;-1.9972738492131736;2.422610361833289e-05;0.007137758743754441;0.00883362935477126;0.7616530129924352;0.009177118384827196;0.0219231161415316;0.009471897194357747;8.971683646048216e-05;0.014057568569498698;-1.7936587855406334;0.18348712865874706;1
0.02169067746118338;0.7901178230212883;0.0004704854887250887;0.0183542367696543;0.018559853448567958;3.7702338627231264;0.00034446816003231987;0.010196798205363677;0.00782898983913572;-0.6232154303891662;0.009177118384827099;0.0198837565004589;0.014982967390300559;0.00022448931181880995;0.011372529588078086;1.1624158234817739;0.25008320881223467;1
0.04382607118632042;1.694186804398587;0.001920724515628425;0.024982155603140398;0.01855985344856795;-0.9413319224936139;0.00034446816003231965;0.02549199551340886;0.007188561938211752;1.1662581119822935;0.004078719282145399;0.0198837565004589;0.01781066907875786;0.00031721993303302133;0.025961579501490015;-1.6878611261952798;0.26814638562331705;1
0.04498510267113903;0.20541037729818257;0.0020236594623329203;0.0418068726419903;0.018424911797280237;-1.5511445583934922;0.0003394773747375565;0.02549199551340886;0.009456121643208441;1.9709724850996342;0.004078719282145399;0.026001835423676997;0.017588510648931546;0.00030935570684757833;0.025961579501490015;-1.7877306254522232;0.2642616444747022;1
0.07252282315123396;-0.7407082513655112;0.005259559877825155;0.0876924645661261;0.021425411837922667;-1.2643784893720589;0.0004590482724245967;0.02549199551340886;0.012938286469306271;-0.580340264656923;0.015295197308045294;0.030590394616090498;0.034849976644700485;0.0012145208721361692;0.028104968636504357;0.99981823206983;0.431974280641956;1
0.08580592057719405;-1.039255946296418;0.007362656006099733;0.11012542061792602;0.05080728017737962;2.1008016469660156;0.002581379719022752;0.03772815335984514;0.01678759682365673;-2.213538691844402;0.0265116753339451;0.039257673090649495;0.05556428291549895;0.003087389535913608;0.051562673537146775;-0.13337626544996795;0.5201529552386706;1
0.054824268748167294;-0.7863937227923069;0.003005700443771273;0.0642398286937902;0.0448230186982449;1.1287017410161464;0.0020091030052232116;0.04486591210359958;0.027709224550521754;1.4374104798429375;0.020903436320995204;0.0734169470786172;0.05416212947720465;0.0029335362695054805;0.04941928440213243;0.17728951082499242;0.4896736097127745;1
0.059972432020272234;-2.2386505176023968;0.0035966926024261748;0.09381054348934441;0.041628670635908714;1.8950418495679788;0.0017329462189129684;0.03262975425716341;0.03711620540134919;-1.077221483319897;0.0469052717446721;0.0897318242071988;0.057286560514318983;0.003281750015560731;0.07006696898042829;-0.6910858796933977;0.5380075680800867;1
0.05855129032504673;-2.291151360377666;0.003428253598727911;0.09381054348934441;0.040241842073358174;2.2049957617183913;0.0016194058534570999;0.03262975425716341;0.03123450896736792;-0.45896930395442226;0.038237993270113096;0.0774956663607626;0.06238813990286081;0.003892280000538933;0.07006696898042829;-0.6001587516460786;0.6058197880116556;0
0.06375812573530099;0.031269095210189356;0.00406509859727845;0.06831854797593559;0.04046343411974984;2.3437909282886515;0.0016372895007633354;0.03262975425716341;0.04202021236750021;0.22712397069861603;0.038237993270113096;0.1121647802589985;0.06166365951696067;0.003802406905023654;0.04013155712589324;1.7936037519147991;0.697330491932989;0
0.03362315933932381;1.6252690729329136;0.001130516843957558;0.0214132762312634;0.022782486050811;-1.5916162976146613;0.0005190416706553977;0.03262975425716341;0.041486059150488974;0.7846443451765642;0.0316100744366268;0.1121647802589985;0.02689956046985341;0.0007235863534713002;0.006836988951966355;1.8431978141838268;0.4163998336895605;0
0.03850152214183718;2.233178166968017;0.0014823672072383784;0.0214132762312634;0.024177380496016664;-2.5342833146728494;0.000584545727649167;0.04027735291118595;0.040803759254164074;1.2959119204374285;0.024472315692872303;0.1121647802589985;0.03200838088537869;0.0010245364469034758;0.006836988951966355;2.0556515842334293;0.4748712732893772;1
0.03836083730967983;2.0757952592756346;0.0014715538390997244;0.0214132762312634;0.0356931635076243;-0.8125780388234579;0.0012740019211820027;0.04639543183440398;0.026162289812591943;1.5172267494037908;0.024472315692872303;0.0652595085143264;0.032396061091833184;0.001049504774265788;0.012248079179016533;1.9894105969243796;0.4924736223466721;0
0.03862285501702405;1.9857185227127836;0.0014917249296660599;0.0234526358723361;0.03764124267667853;-2.137635897546891;0.001416863150244605;0.058631589680840146;0.03449925097893304;0.3938889542621453;0.0295707147955541;0.0927908636688079;0.027380767636676743;0.0007497064363736844;0.012248079179016533;3.239100968618717;0.39390340976251514;0
0.04630514153161324;1.3872051697305114;0.0021441661322627336;0.0234526358723361;0.037433500319880166;-2.191601915952775;0.0014012669461984685;0.058631589680840146;0.021577735704284423;-0.045898553017114097;0.0203935964107269;0.057102069950035604;0.03391657379359798;0.001150333977896577;0.02381769432530364;1.6224507992076649;0.5445448342187497;0
0.050314767621134286;0.8516002723123428;0.002531575840768743;0.0489446313857448;0.031369865922001326;0.3478385594995525;0.00098406848796434;0.0326297542571633;0.02621588688117113;-0.22988824066583527;0.027531355154481504;0.0672988681553991;0.0339414448314202;0.0011520216772443407;0.011569615146287106;3.102655250308002;0.5751925070034583;0
0.02500191708987768;-1.1825865899607837;0.0006250958581691177;0.0316100744366268;0.022853115458472188;-1.965049167221223;0.0005222648861582604;0.0326297542571633;0.025487916467776515;-0.4294941602822604;0.027531355154481504;0.0652595085143264;0.013902019136736424;0.00019326613607818576;0.02394425879516348;-2.7895058674006763;0.3351366615537607;0
0.02483710646133093;-1.0714405132273335;0.0006168818573714866;0.030590394616090498;0.020025743266429967;-2.501916283919664;0.0004010303933729652;0.03364943407769949;0.025674881843609648;1.156126541213619;0.022432956051799804;0.0652595085143264;0.012814441807338097;0.00016420991883365447;0.023646921588737102;-2.9917246226115157;0.3156548571005561;0
0.04064290784224292;1.7941115957787446;0.0016518459578730512;0.030590394616090498;0.017874961078516962;3.4994731465990703;0.0003195142335584963;0.010196798205363233;0.02582025824087476;1.1032909092396537;0.0234526358723361;0.0652595085143264;0.020292914226993437;0.0004118023678241126;0.02394425879516348;-0.8802749970053098;0.4349286241906004;0
0.0392371416994265;0.6012863130610621;0.001539553288740874;0.0316100744366268;0.019008210341905953;3.939912530407303;0.00036131206040214035;0.009686958295095138;0.026156327803365926;4.288007778937924;0.006118078923218202;0.0652595085143264;0.016747384827322884;0.00028047489855444473;0.006046900690339967;1.6385354590169474;0.3298823961608239;1
0.0402573415637543;0.5683612807462323;0.0016206535497807796;0.0367084735393086;0.016793789224024254;3.6421287349486917;0.00028203135650095313;0.009686958295095138;0.029649722338224833;2.90836064306788;0.006118078923218202;0.08055470582237159;0.020646691513622074;0.0004262858704586738;0.028914612784146962;-1.5366216843912024;0.36994848674030056;0
0.04122710657986887;2.498443807953135;0.001699674316947867;0.025491995513408798;0.01907646266327084;-3.0538750000000103;0.0003639114277431664;0.034669113898235904;0.013805274841297557;-3.0276089477902146;0.0224329560517997;0.029570714795554197;0.015308141316103658;0.0002343391905537998;0.02550681567667229;-2.848482802485721;0.2331226871713552;0
0.01690025098723587;0.44966418672313324;0.0002856184834315671;0.017334556949118;0.017467505216522333;-2.0215087686772577;0.0003051137384892349;0.026001835423676956;0.012172261024077405;-3.1915050784755663;0.021413276231263295;0.0244723156928724;0.013437248911162866;0.00018055965830054765;0.003383973228382714;4.747617059048001;0.1917137459499913;0
0.02187682597702614;0.435479529568011;0.0004785955148290858;0.017334556949118;0.01719302341128789;-1.6407529264230678;0.00029560005402109356;0.02447231569287267;0.011156061504318986;-3.0686783793081838;0.019373916590190596;0.023452635872335995;0.01878510663248415;0.0003528802311938;0.00351004475389724;2.085662682121606;0.2510150896415965;0
0.03126777965103097;1.8486474609027088;0.000977674044305426;0.017334556949118;0.017915632259830325;-1.2856856380389061;0.00032096987926947304;0.02447231569287267;0.017652539671157156;2.229920945305551;0.0050983991026817;0.0489446313857448;0.010307618296889602;0.00010624699495437331;0.01144096058728046;-0.45774695345338046;0.12362807570328181;1
0.04369539219789576;-2.248709814507638;0.0019092872993279296;0.06423982869379011;0.01549108107664563;-0.8014434008453032;0.0002399735929232083;0.01937391659019083;0.021853049395740214;-2.1990141189761077;0.032629754257163204;0.0499643112062812;0.010038147700677095;0.00010076440926060884;0.012487223586833046;-1.4955216444518282;0.11686031154624808;0
0.0626211271909626;-1.4998493501810692;0.0039214055706667155;0.0825940654634444;0.021510169378738613;0.41411437949750507;0.0004626873867020242;0.01937391659019083;0.028077324074514774;-1.5798496362391958;0.0336494340776996;0.0693382277964719;0.022427103063673823;0.0005029749518286478;0.009949242772431477;2.531413083664006;0.23077190471700373;0
0.05595710767182164;2.217930442022157;0.0031311978989958405;0.0183542367696543;0.02483501324094365;-2.404608944072413;0.0006167778826778464;0.03874783318038166;0.019081912302765614;2.5151019194062307;0.0010196798205363983;0.05302335066789031;0.018688124829801804;0.00034924600965425477;0.008776908247364365;4.101259733857208;0.18440934056799832;0
0.028005019445330626;3.328745432809209;0.0007842811141333464;0.0158050372183135;0.02336824963496473;-0.7645323088756287;0.0005460750910020293;0.030590394616090588;0.009472600520030983;4.52377851398645;0.0010196798205363983;0.023452635872336106;0.020109181620885947;0.0004043791854617772;0.005962360426270255;4.40173432788674;0.20397969495970397;1
0.03049763305511944;2.440276409589964;0.0009301056219647139;0.0158050372183135;0.018068772455051844;-2.6249340744046314;0.0003264805380324402;0.030590394616090588;0.01136840112749523;2.7750382027206606;0.004078719282145399;0.030590394616090602;0.0221221783554586;0.000489390775190721;0.00979418670901197;3.425521529968248;0.22990438291378126;0
0.031142831314483276;0.3976361498025855;0.00096987594228236;0.0311002345263588;0.018068772455051844;-2.6249340744046314;0.0003264805380324402;0.030590394616090588;0.011900148433481927;3.1926035177778807;0.006118078923218098;0.030590394616090602;0.02227219771994005;0.0004960507912761027;0.00979418670901197;3.4964362159710567;0.23239338222733133;0
0.025205899418444616;-0.6658179003106687;0.0006353373654927467;0.0285510349750177;0.01624462287837479;0.32216689301341245;0.0002638877724606177;0.01835423676965442;0.00997515823505243;2.3820193067135413;0.0071377587437544965;0.025491995513408798;0.010287447214748315;0.00010583157019623286;0.011051365562852605;-0.49225722471716793;0.1244133955494266;0
0.027711100661736616;0.0018732259025059743;0.0007679050998848995;0.0341592739879676;0.008543432269054156;2.0414201183430216;7.299023493591583e-05;0.006118078923218251;0.0280356326231174;3.049731450991049;0.0193739165901907;0.0678087080656674;0.021194422270736184;0.000449203535390278;0.016815229738913168;2.4591036628901555;0.29929338202939554;0
0.030433642091494347;-2.5140640875375055;0.0009262065709531764;0.0520036708473538;0.004858215254235458;0.8300180480898179;2.36022554564861e-05;0.0030590394616090144;0.038326941852418646;-2.2558741607931183;0.0606709493219129;0.0856531049250534;0.027163505035477258;0.0007378560058123984;0.04159714220458094;-2.4388174388329467;0.4615045465911312;0
0.03369112242828595;-3.209326874546251;0.0011350917304777527;0.0622004690527173;0.021971675006123723;4.042610514815522;0.0004827545025747219;0.009177118384827265;0.03869076959295203;-2.3865775097153574;0.06322014887325371;0.0856531049250534;0.025177328832271764;0.0006338978871283431;0.032754313589466705;-1.2097171285155721;0.4634265493026664;0
0.029293397662585728;-2.6861170693117153;0.000858103146618383;0.0520036708473538;0.02311099308193677;4.658798976185648;0.0005341180012333292;0.007137758743754441;0.03650681611821398;1.3196440533784906;0.0209034363209951;0.09992862241256231;0.016819257399755618;0.00028288741947923407;0.018947354787198743;-0.7281098499308681;0.37594773737422543;0
0.029663746093219145;-0.2930373609956251;0.0008799378322829742;0.0346691138982359;0.0229303298219205;1.2307536676313593;0.0005258000257420566;0.02447231569287245;0.028997298968593026;-1.727035444989048;0.0367084735393086;0.0708677475272763;0.017626803309072493;0.000310704194896729;0.018947354787198743;-0.4122234967566965;0.39002722717544447;1
0.02598283444527161;-1.3505435096511473;0.0006751076858103929;0.0346691138982359;0.036240975843262135;-1.2618514164896222;0.0013134083300719098;0.054043030488426735;0.02394185636165829;-2.7808890214775026;0.0387478331803814;0.0530233506678902;0.024614506303592045;0.0006058739205695725;0.03033497037639553;-1.063931596723723;0.4421233220243335;1
0.02959707407708776;-2.8047195977777584;0.0008759867939246203;0.0530233506678902;0.032094817181290244;-0.2017718043169386;0.0010300772899004436;0.029570714795554287;0.02201894630647677;2.8717442844817946;0.016314877128581595;0.054043030488426604;0.017831934333995242;0.0003179778820919184;0.016084410930297145;0.21354424814352888;0.2834002953599005;1
0.026701207356516342;3.2056431721086156;0.0007129544742956824;0.0183542367696543;0.03324062378057754;2.8566814083403096;0.0011049390693218968;0.020393596410727244;0.009317664363461617;-1.901179676597393;0.012236157846436203;0.0224329560517997;0.017200030171828206;0.00029584103791180057;0.009003781505792952;1.3147534377007872;0.26545151411839824;1
0.02953025153239075;4.3181451691950885;0.0008720357555662663;0.004078719282145399;0.029688271724604507;3.668350929491877;0.0008813934779939514;0.0010196798205364122;0.008365104232482445;-2.440183781598942;0.012236157846436203;0.019373916590190603;0.012526316193378868;0.00015690859737650564;0.009003781505792952;1.7219306785082793;0.18481397592807552;1
0.030872901007293927;4.371773987515752;0.0009531360166061704;0.004078719282145399;0.03471107532057754;2.3254088154380548;0.0012048587499108071;0.020393596410727244;0.011160720540438738;-1.6502044308779016;0.014275517487508903;0.0275313551544814;0.012992841953390118;0.00016881394202577433;0.005177987018607555;3.8338015620062436;0.19866883688158704;1
0.03033783097238967;4.081656140266162;0.0009203839881092858;0.006118078923218102;0.014672409590230728;-2.6591854118885068;0.00021527960318349466;0.02447231569287245;0.0369019858898528;3.3068717461534405;0.0224329560517997;0.0917711838482715;0.011521234820175141;0.0001327388517816161;0.006418207449783601;3.4544211906633726;0.2101168897878369;1
0.03161336355524943;-1.184740074698696;0.0009994047552763729;0.037728153359844904;0.019219003594341533;1.0944691594515052;0.00036937009915931276;0.011726317936167963;0.0426135896685361;-2.872859702473145;0.07137758743754449;0.0917711838482715;0.010902644678545204;0.00011886766098661006;0.006324829643501562;2.442962397837191;0.20574980069612828;1
0.04995390522653565;-0.2130546875000204;0.002495392647381706;0.0530233506678902;0.05187054219251703;2.569302610603888;0.002690553147345689;0.032119914346895206;0.050474666103730303;-1.5384967215917509;0.06423982869379011;0.1213418986438258;0.04567864296158752;0.0020865384228121895;0.006324829643501562;4.3045307142972575;0.6497281232037349;0
0.048862776119210506;1.019682559111864;0.0023875708900760882;0.035688793718772205;0.05283181475957535;0.8741093984037617;0.0027912006507900843;0.0484347914754768;0.040179784321998355;2.101379328186424;0.003059039461609101;0.113184460079535;0.04680578060399075;0.002190781097948917;0.014234628009891066;4.320371558793471;0.6866718850497009;0
0.03891251037253305;2.9932245830128656;0.001514183463492492;0.0091771183848271;0.05114992879844586;1.122994129620107;0.002616315216086081;0.040787192821454044;0.021886329377116456;2.66910910149034;0.0163148771285817;0.052003670847354;0.04774412511736306;0.0022795014832224184;0.007909798366389505;4.675580074948236;0.7266395732771153;0
0.052010668179282335;1.1660940914525983;0.0027051096044554118;0.035688793718772205;0.052900651029500076;0.7637096840153177;0.002798478879344947;0.05302335066789032;0.0236886348610456;1.974455575808463;0.0183542367696544;0.0591414295911084;0.04478332767745714;0.0020055464378664982;0.01715373411211745;4.432259491029943;0.6272744845892568;0
0.05028065906368564;1.6014676281881524;0.0025281446758785926;0.020393596410727;0.046175849125858336;1.8099275005850934;0.002132209042494032;0.0336494340776996;0.030578496037454744;0.5711346293545176;0.025491995513408798;0.0815743856429081;0.04881237700742462;0.002382648149114956;0.01909903269967974;3.661296000504367;0.7367349171121692;0
0.04457878777578647;1.7439062838717507;0.001987268319558609;0.020393596410727;0.024918604905240598;-2.0882106001258927;0.0006209368704234808;0.0336494340776996;0.022674983132391732;-1.4357303442004863;0.0295707147955541;0.056082390129499296;0.019524146353222582;0.0003811922908220546;0.01909903269967974;-0.4842983160039118;0.37755482608544816;0
0.04457878777578647;1.7439062838717507;0.001987268319558609;0.020393596410727;0.03327345094648813;-1.476988197132356;0.0011071225378883516;0.03976751300091763;0.023016321689192307;0.2819077372899841;0.023452635872336;0.056082390129499296;0.019450962468296393;0.00037833994094307486;0.01715373411211745;0.16528775993467923;0.3523611345993777;0
0.04539007110034666;2.413881393044592;0.0020602585544945247;0.018354236769654402;0.03414329019151231;-1.704047247425759;0.0011657642651018208;0.04588559192413566;0.01172410103134778;3.798409781173222;0.0020393596410727;0.0305903946160905;0.02132869434751539;0.000454913202569735;0.02856842211510781;-2.0969525232093034;0.4030453549894881;1
0.03657084199608969;1.620942869977031;0.0013374264843029572;0.018354236769654402;0.03606121868942857;-1.5621975608267118;0.001300411493366792;0.04588559192413566;0.0039754438033244984;-3.115477839436288;0.0071377587437545;0.008157438564290801;0.020602805638579087;0.00042447560018106625;0.02691788542567492;-1.2027214962620505;0.4177788248332384;1
0.045803944898733046;-0.2513008886388756;0.0020980013682861728;0.05200367084735401;0.04061731729201516;-2.232687714452053;0.0016497664640002336;0.06627918833486279;0.020677135687792288;4.487152767263723;0.0071377587437545;0.0489446313857448;0.02449359746908066;0.0005999363169773544;0.0321897821652272;-1.2687714390161169;0.3876165564200889;1
0.050562137684660446;-0.9655747509587798;0.0025565297672425604;0.0672988681553992;0.03663333687808357;3.0189183667805963;0.0013420013708231573;0.02549199551340875;0.022171882002531274;3.6839258720056187;0.0071377587437545;0.057102069950035604;0.02697431685617539;0.0007276137698573478;0.04516737160587161;-2.589764854995137;0.410032545913166;1
0.04957993250356704;-0.13398400917915154;0.002458169707058264;0.0560823901294993;0.03706504589336526;3.0983980495874257;0.001373817627077273;0.021413276231263545;0.022691026484267577;4.072191585260472;0.006118078923218101;0.057102069950035604;0.030776043238018688;0.0009471648373883958;0.05051282425288043;-2.8756044171081165;0.41890598970065446;0
0.05325618924722826;-2.2505992439477325;0.0028362216931365914;0.0856531049250534;0.04552502134369789;1.4183831744637334;0.002072527568344148;0.02651167533394516;0.02934481918046086;2.4286035691523034;0.008157438564290801;0.0805547058223717;0.026505635394489274;0.0007025487076656027;0.04601491580514768;-3.1353456409577003;0.3465822545420802;0
0.04064674503516821;-2.623560499516632;0.0016521578819539712;0.0632201488732538;0.045552419924648674;1.7711577160022678;0.0020750229609915296;0.02651167533394516;0.03366488022681545;1.5272325561820803;0.0316100744366269;0.0836137452839807;0.02442323283610475;0.0005964943021665853;0.04292565570863189;-3.1588597928961604;0.31313997123372805;0
0.0358515712736396;-0.6045423239266393;0.0012853351627888606;0.0387478331803814;0.05541375846571709;1.2253647233111558;0.0030706846272968323;0.047924951565208374;0.014853763829614678;-2.178510483505858;0.0234526358723361;0.034669113898235904;0.022465076902774578;0.0005046796802475759;0.03758020306162307;-2.660045387480752;0.300051435822742;0
0.02771391459042483;-1.737267836623668;0.0007680610619253622;0.0387478331803814;0.0640996721411866;-2.6595506392445727;0.004108767968607614;0.11012542061792552;0.02668173021674645;1.4345808164593816;0.016314877128581602;0.0723972672580809;0.034607531596872264;0.0011976812432285123;0.047190334260309504;-0.8158324968087621;0.41524944430621913;0
0.028143901935524344;-1.2718488586091468;0.0007920792161564109;0.0387478331803814;0.05026307895549858;0.5496232640396315;0.002526377106086684;0.047924951565208374;0.024966543380636173;-2.7883661739248633;0.040787192821454;0.054043030488426604;0.034100785212474255;0.001162863552107303;0.04257083207164853;-0.20852283223425397;0.41375586563334255;0
0.03346041692993767;0.17539328045886884;0.0011195995011252595;0.0387478331803814;0.05017715821481415;-0.19398380252885752;0.0025177472065144916;0.05200367084735369;0.023902739206139854;-1.7722770555754934;0.037728153359845;0.054043030488426604;0.028881845772887108;0.000834161015248837;0.015264508337134622;1.4186643044232052;0.3193165667204939;1
0.054011276410420625;-1.468333333081392;0.002917217979482859;0.0754563067196899;0.05171998591743368;-1.2124914086765841;0.002674956943299538;0.061180789232180954;0.022607246771595833;3.436937928127847;0.015295197308045197;0.054043030488426604;0.020011001580971573;0.00040044018427364675;0.005894718901584481;3.371751806747478;0.2020469818499608;1
0.05791072228905936;-2.857206020642124;0.003353651756040556;0.1065565412460487;0.07347569678415221;1.1175416485270055;0.005398678017916675;0.061180789232180954;0.006465123884629396;1.5098713519398927;0.006627918833486207;0.015295197308045197;0.025809596542242998;0.0006661352736733617;0.037363347821173856;-2.334947278930507;0.2297012986271176;1
0.043811240931499754;0.8537853217800281;0.0019194248319579195;0.044356072193331306;0.0648262999682851;2.2620545503849336;0.0042024491675780795;0.04690527174467207;0.019220356045247883;3.1112302356568384;0.013255837666972498;0.0469052717446721;0.03196107575831456;0.0010215103636287228;0.005894718901584481;2.220073606481306;0.3284291713667943;1
0.023860289919252372;-3.275050712991138;0.0005693134350307764;0.0418068726419904;0.0687751173253236;2.5174876898534144;0.004730016763112027;0.0530233506678901;0.017769950607342475;0.8954294520768388;0.017844396859386193;0.0448659121035994;0.0319487871514455;0.0010207250004483693;0.0069322696956811425;2.1554863991763384;0.3273417741874317;1
0.01963512577042676;4.581470779088754;0.0003855381640204771;0.006118078923218098;0.08865234990077075;1.1265891634384058;0.007859239142928688;0.0530233506678901;0.01771134243118159;0.032406820962957994;0.017844396859386193;0.0448659121035994;0.04068260810345009;0.0016550746020989027;0.05094555357565675;-1.571401619087446;0.3668974117504717;1
0.021551217053659026;-2.670672161481468;0.0004644549564939236;0.035688793718772295;0.08829391020793982;1.3434530070563635;0.007795814579807739;0.047924951565208485;0.017918533811756968;-0.37257501879454935;0.019373916590190596;0.0448659121035994;0.050220574230322876;0.0025221060760233704;0.089206250029654;-2.7886953835767545;0.497661326610977;1
0.024478687862149302;-2.5508370139878225;0.0005992061594525355;0.0387478331803813;0.04862814470525369;2.0138511564586437;0.0023646964574750924;0.020903436320995228;0.013729753077565696;-2.358441393885176;0.019373916590190596;0.032119914346895;0.04315144630761073;0.001862047318438612;0.039298247248093915;0.7426075335178611;0.4784604586172936;1
0.03603237432495914;-1.1122414111349646;0.0012983319994939746;0.0489446313857448;0.06014425641001716;0.05908827543680317;0.00361733157911389;0.06271030896298568;0.016844018085735452;1.0733710643293979;0.009686958295095298;0.046395431834404005;0.03925000808219175;0.0015405631344521176;0.004630205427963385;2.115038011426242;0.40413212609137733;1
0.03797948031345702;-1.124873141906806;0.0014424409248802693;0.0489446313857448;0.06809407793826831;-0.12100363578550126;0.004636803450262959;0.0831039053737127;0.016788370998612304;1.1624837590171861;0.008667278474559004;0.046395431834404005;0.03928652714837614;0.0015434312153800955;0.0009130059991882544;2.209670970589132;0.40763595954419446;1
0.04406267643206221;-0.47948601743002445;0.0019415194543566106;0.0509839910268174;0.039868046624941506;2.741797813047126;0.0015894611416885098;0.027531355154481463;0.03401629568098473;1.093927438825973;0.0280411950647496;0.0892219842969307;0.022981694618114973;0.0005281582875202947;0.03612548481406291;-2.5812740531576828;0.3003728873149159;1
0.07941924729143555;1.334578843805294;0.006307416840338193;0.0489446313857448;0.040072898022690505;2.0475473444261225;0.0016058371559369527;0.0326297542571633;0.05532714489116916;-1.3135975571030478;0.0708677475272763;0.1320485367594575;0.0360659288299376;0.0013007512223661244;0.0009130059991882544;2.6782612969525275;0.3655901419972531;1
0.07772542457019761;1.5505038349834745;0.006041241624617478;0.0336494340776996;0.04580961953295815;2.6983659148185146;0.002098521241754381;0.0326297542571633;0.055614163769097114;-2.11261832594604;0.08055470582237159;0.1320485367594575;0.035948854785359;0.0012923201603788287;0.00882299093155206;2.2786395736191687;0.35865196044416936;1
0.08396244504682202;-0.4022275507260045;0.007049692178240608;0.0876924645661261;0.04486359458960724;2.576332945895723;0.0020127421195006356;0.0326297542571633;0.03947491271169836;2.5768466876492973;0.018354236769654298;0.1050270215152441;0.047173920382823115;0.002225378764284934;0.04404438017058953;0.14771955433142972;0.5337490670887444;1
0.0657412814795352;1.2691938116142143;0.004321916090571478;0.047415111654940306;0.04845357141028548;1.7853483843686142;0.0023477485824116347;0.041806872641990456;0.034908214068774306;2.068525113862725;0.018354236769654298;0.0938105434893443;0.047956677918859714;0.0022998429570132467;0.04404438017058953;0.6247749057388567;0.5771840562687666;0
0.06752501931808681;1.4194494835290403;0.004559628233907997;0.047415111654940306;0.04441814718313896;2.007403362428112;0.0019729717991829954;0.017844396859386213;0.037952093894901506;-1.5151471158927876;0.0458855919241357;0.0938105434893443;0.05285122642885827;0.002793252135034447;0.06807825155254565;-0.20938686772184548;0.6801899833421479;0
0.036122076686883886;-0.9142133390065782;0.0013048044241731204;0.043336392372794894;0.04462133341661265;1.3540685568088857;0.001991063395876513;0.02651167533394516;0.031241165938664;-1.5476143662776423;0.0428265524625267;0.0693382277964718;0.02893668494281246;0.0008373317354795894;0.0336849359200143;-0.24162267914672952;0.49235069424917655;1
0.03586208275209008;-0.5931343671814512;0.001286088979317757;0.0412970327317221;0.03652461234235934;-1.922928693977821;0.0013340473067596282;0.05455287039869494;0.031445179861545894;-1.5620316651574022;0.0428265524625267;0.07035790761700819;0.020961701317692902;0.0004393929221321683;0.0336849359200143;-2.7383958020995824;0.38877796278870275;1
0.03668970379950457;-0.46960928594636303;0.0013461343648953803;0.043336392372794894;0.03705452491768001;-2.0003857164388634;0.0013730378168749684;0.05455287039869494;0.02907965239443975;-1.408999307573988;0.040787192821454;0.07035790761700819;0.01747037767489445;0.0003052140961034505;0.008508185187348964;2.5327796990536555;0.29634795219205573;1
0.04891461597918443;-0.08437298983983037;0.002392639656391085;0.042826552462526805;0.03368224867774302;3.1270049608348836;0.0011344938759893213;0.01937391659019061;0.02723137005453271;-1.0655800293731186;0.0316100744366268;0.06933822779647181;0.02842884837759926;0.000808199420076528;0.01862344684033567;0.9329850938363885;0.4230758026955925;1
0.05046900095571595;-1.0202500924777642;0.0025471200574680576;0.053533190578158404;0.03235375137800573;0.8738996008381328;0.0010467652282298077;0.02651167533394516;0.02278476783618846;-0.40014482121514305;0.028551034975017802;0.0550627103089629;0.021971532714918945;0.00048274824984275355;0.01862344684033567;1.9390273606276551;0.3053922194391995;0
0.06516424230850351;-1.5424564822143847;0.004246378475641358;0.08820230447639431;0.03578698490962664;-2.4040542148780033;0.0012807082889218448;0.057611909860303956;0.02461000996461076;1.2525336624366368;0.0234526358723361;0.0581217497705719;0.028127793868983227;0.0007911727879360105;0.04972513893546473;-2.8052886879674603;0.3405767889128199;0
0.06442226228328939;-1.3794586793060108;0.004150227877696931;0.0836137452839807;0.04688531724277876;1.2487082232515085;0.002198232972956007;0.02651167533394516;0.030019138391794153;-3.3002488960903276;0.0530233506678902;0.0581217497705719;0.031104041696217454;0.0009674614098400341;0.054052939085806356;-3.125918429696565;0.39934160767656324;0
0.06559957789810657;-1.7121409983299856;0.004303304620409752;0.090241664117467;0.04950752925764976;0.16934693430257278;0.002450995453197047;0.0489446313857449;0.04082159250914578;-1.0982419855705032;0.0530233506678902;0.0907515040277352;0.029165367029338498;0.0008506186339560251;0.054052939085806356;-2.8401994226398206;0.3552686258443095;1
0.04955502303585672;-0.8339980307344798;0.0024557003080842897;0.0581217497705719;0.050484964744164154;0.2958034143844455;0.0025487316652194974;0.0489446313857449;0.03813520735429796;-0.9022532727575232;0.0530233506678902;0.0907515040277352;0.030159239872133058;0.0009095797496648604;0.025906196956215224;0.7984507554638185;0.44192782562726124;1
0.0508648040941871;-1.134353001038568;0.002587228295540033;0.0581217497705719;0.04936819630379085;3.6397386961136604;0.0024372188062896285;0.00968695829509536;0.033455755514474717;0.6195082785575371;0.0260018354236768;0.0907515040277352;0.03428873096654177;0.0011757170712958802;0.04054817281991772;-0.08449036511428432;0.5384338289096504;1
0.033777807906894344;2.237817167188601;0.0011409403069950542;0.0183542367696544;0.02030289814138286;1.4574264780021562;0.0004122076729393675;0.00968695829509536;0.02435946585228441;1.9826627458419896;0.0193739165901906;0.060670949321912804;0.018403906385902478;0.00033870377026106206;0.014641975863702493;1.442800406965392;0.36595094305056525;1
0.019975056616865255;0.028394996231882647;0.00039900288684697246;0.0183542367696544;0.01500350664786602;-2.487963293846434;0.0002251052117325598;0.021413276231263545;0.03562026370620982;1.913231392723559;0.0096869582950953;0.0999286224125624;0.019004737409299394;0.0003611800439964238;0.021976693233242584;-0.3766430203135857;0.3671875092492289;1
0.012620983743665423;1.452755169941793;0.00015928923065786687;0.0071377587437544965;0.011858573824424455;-2.8794592064393707;0.00014062577314932482;0.020903436320995228;0.027175949825743263;1.9786355597587975;0.0096869582950953;0.0754563067196899;0.011368921799148939;0.00012925238287516392;0.009664641574880173;0.36527551571597056;0.260214816225025;1
0.016900250987235826;-0.38521422383960885;0.0002856184834315656;0.0183542367696544;0.011991538738017457;-2.894161047613736;0.0001437970013053733;0.021413276231263545;0.028252676387931712;2.3889911772415444;0.0142755174875089;0.0754563067196899;0.012159659017361598;0.00014785730741850321;0.017235929937935587;-1.671419040601896;0.25772752794999043;1
0.016419694900054203;1.6244705813730402;0.00026960638061086605;0.011216478025899902;0.010611531143671115;-1.8753948583363815;0.000112604593213102;0.015295197308045516;0.030015674578433304;2.439651328926432;0.0224329560517997;0.0754563067196899;0.00955846427554364;9.1364239306844e-05;0.015862442342596032;-2.3868741480625175;0.1949855639679556;1
0.021181378686490258;-1.6730852116573953;0.0004486508030605037;0.027531355154481504;0.009849283688013346;-0.7141158590163457;9.70083891669658e-05;0.010196798205363677;0.03060228856839952;4.375679259321513;0.008157438564290801;0.0754563067196899;0.020483956927463937;0.00041959249140619784;0.017235929937935587;1.3056795692879142;0.4990428545045825;1
0.021393844942115055;-1.7933269768554385;0.00045769660140726194;0.028551034975017802;0.009849283688013346;-0.7141158590163457;9.70083891669658e-05;0.010196798205363677;0.01732555743811031;3.0571657114902635;0.0101967982053635;0.0438462322830631;0.018189601757564167;0.0003308616120987815;0.009980447397232091;2.5459062237743155;0.47013925264060774;1
0.022011862083127255;-2.2488119140167284;0.0004845220723666153;0.0305903946160905;0.015454121498589223;-0.07786461832718079;0.0002388298712931576;0.015295197308045294;0.031234508967367704;-0.7579317104164561;0.0387478331803814;0.0723972672580809;0.028968633746556838;0.0008391817411421516;0.015862442342596032;1.2772067234733686;0.5950651841830489;1
0.01698004197480763;-2.713512101979537;0.0002883218254662291;0.028551034975017802;0.01589523530959509;1.4982980236752776;0.00025265850554739855;0.013255837666972914;0.032237044885361416;-2.9750137700167443;0.06118078923218111;0.0672988681553992;0.031110705388717012;0.0009678759897835457;0.033440901893588906;-0.4222895147548549;0.5960232019959383;1
0.014822230859868293;-0.6200611946604226;0.00021969852766323198;0.0173345569491179;0.016655464047390975;-0.8982690064262341;0.00027740448263393334;0.020393596410727133;0.026991677946022235;0.8739730167277813;0.025491995513408805;0.0672988681553992;0.030408818681234503;0.0009246962535881965;0.02483394209169637;0.9894402665372013;0.5501440484972697;1
0.02492903415481009;1.1972605713004352;0.0006214567438916881;0.023452635872336102;0.016561559160438586;-1.5901580734364604;0.00027428524182470727;0.020393596410727133;0.03145344512121317;1.79952554378652;0.027531355154481504;0.0774956663607627;0.03786505402235506;0.0014337623161158669;0.03319892499682532;1.8560032177310315;0.4597821952076089;1
0.03603237432495919;-0.862983384036132;0.0012983319994939783;0.0458855919241359;0.015403579158382188;-1.641620854747759;0.00023727025088854614;0.020393596410727133;0.031034135837745835;1.9400212362784803;0.026511675333945106;0.0764759865402264;0.0348384307363035;0.0012137162561682165;0.041996833955278076;-0.8901688125672749;0.3639600357528664;1
0.03616630539608078;-1.7467900192347632;0.001308001646002582;0.0458855919241359;0.010498246294470383;-2.899875400497739;0.00011021317525936112;0.019373916590190943;0.03149969049713208;0.49863779435698063;0.0367084735393086;0.0764759865402264;0.03519570151210565;0.001238737404929236;0.041996833955278076;-1.3783972886577789;0.3512809019533522;1
0.03240913999415011;-1.5182338719602366;0.0010503523551604202;0.041806872641990504;0.010848933274820371;-0.5390721572245146;0.00011769935320150466;0.01223615784643628;0.03699344425302335;-2.967908056144934;0.0713775874375446;0.0764759865402264;0.03294410667829134;0.0010853141648306402;0.013158821891992134;2.783209536331204;0.29860969581944063;1
0.028583791606961968;0.9012870406964216;0.0008170331426302293;0.02447231569287249;0.0105328532751029;-1.2673201058590422;0.0001109409981148459;0.012236157846436502;0.031042510540609667;0.5874222709589425;0.034669113898236;0.07545630671969;0.015501705486421258;0.00024030287298774293;0.028166221459423962;-2.889543478759393;0.12107006126137508;1
0.02915999047659856;1.788405878233507;0.0008503050445953187;0.02447231569287249;0.0105328532751029;-1.2673201058590422;0.00011094099811484589;0.012236157846436502;0.02944739283816316;0.9855597536350587;0.030590394616090602;0.0713775874375446;0.016161885653388008;0.0002612065478731891;0.028518787718816052;-2.8708126422849616;0.12574253312635514;1
0.025526641084317174;0.8493271685404137;0.0006516094050475495;0.024472315692872393;0.007650996831774987;-2.564383267761895;5.853775251983088e-05;0.01121647802590009;0.01835423676965318;1.1545210333785647;0.012236157846436196;0.04996431120628131;0.01668182475277025;0.0002782832770821382;0.021962754517911534;-1.3313154178322637;0.12323727963053568;1
0.034990027402413575;0.11099300850616818;0.0012243020176216526;0.03161007443662689;0.00643287867669534;3.2954975884501394;4.138192806908158e-05;0.0;0.043461572214707936;4.041073865468188;0.012236157846436196;0.11012542061792602;0.011745034998465126;0.0001379458471151707;0.019188345614240238;-2.9371785947610625;0.0847710276055338;1
0.034990027402413575;0.11099300850616818;0.0012243020176216526;0.03161007443662689;0.00643287867669534;3.2954975884501394;4.138192806908158e-05;0.0;0.043461572214707936;4.041073865468188;0.012236157846436196;0.11012542061792602;0.011745034998465126;0.0001379458471151707;0.019188345614240238;-2.9371785947610625;0.0847710276055338;1
0.034990027402413575;0.11099300850616818;0.0012243020176216526;0.03161007443662689;0.00643287867669534;3.2954975884501394;4.138192806908158e-05;0.0;0.043461572214707936;4.041073865468188;0.012236157846436196;0.11012542061792602;0.011745034998465126;0.0001379458471151707;0.019188345614240238;-2.9371785947610625;0.0847710276055338;1
0.016585085228210724;0.07819003188509654;0.0002750650520270135;0.016824717038849794;0.058741877377733655;0.19937040285067673;0.003450608157860697;0.060161109411644764;0.02966725099617858;-0.4014661671057074;0.0316100744366269;0.0774956663607628;0.02865890838370744;0.0008213330297457367;0.03897323659865885;-1.7339304250250578;0.24591355890258926;1
0.016585085228210724;0.07819003188509654;0.0002750650520270135;0.016824717038849794;0.058741877377733655;0.19937040285067673;0.003450608157860697;0.060161109411644764;0.02966725099617858;-0.4014661671057074;0.0316100744366269;0.0774956663607628;0.02865890838370744;0.0008213330297457367;0.03897323659865885;-1.7339304250250578;0.24591355890258926;1
0.016585085228210724;0.07819003188509654;0.0002750650520270135;0.016824717038849794;0.058741877377733655;0.19937040285067673;0.003450608157860697;0.060161109411644764;0.02966725099617858;-0.4014661671057074;0.0316100744366269;0.0774956663607628;0.02865890838370744;0.0008213330297457367;0.03897323659865885;-1.7339304250250578;0.24591355890258926;1
0.014757201490488467;-1.405310410394705;0.00021777499583087504;0.0193739165901907;0.0352269494649224;-2.878176001870196;0.0012409379686041967;0.05404303048842651;0.03130765780049362;-1.4460228007659761;0.0397675130009177;0.0774956663607628;0.022057730597988243;0.0004865434791334268;0.02240740404649305;-0.24355239532792675;0.1990394864494404;1
0.014914887094601675;0.3853176551339234;0.00022245385704471558;0.015295197308045301;0.039324491332007966;-2.304030328201255;0.0015464156185211696;0.05404303048842651;0.03130765780049362;-1.4460228007665243;0.0397675130009177;0.0774956663607628;0.021973606568951365;0.00048283938564706256;0.02240740404649305;-0.2606281905887222;0.19819072354816608;1
0.02481616631220616;3.5968253057008277;0.0006158421104350759;0.0050983991026818005;0.03427398559775235;-2.2662135154361684;0.0011747060887549354;0.05404303048842651;0.03008833091966648;-0.26383250460005786;0.0316100744366269;0.0774956663607628;0.02397893384107075;0.000574989268154448;0.034451850568724504;-1.7527200137302614;0.22108117294336715;1
0.046272571423545766;-0.32965851485157316;0.002141150866147144;0.0509839910268175;0.031565637791129544;-2.4010355262206224;0.0009963894891607857;0.04588559192413588;0.06097480705349928;0.8953979911339225;0.060161109411644806;0.1549913327215254;0.026622782755436458;0.0007087725616431648;0.04079118735495893;-2.0569210519562837;0.25901662842962997;1
0.04047628006252218;-0.797245042693182;0.0016383292476997303;0.0499643112062811;0.045673233720828994;0.1430125270378634;0.002086044278517471;0.04588559192413588;0.06568669451807006;-2.5188945312333275;0.10604670133578051;0.1498929336188436;0.019379736880608945;0.00037557420156163445;0.006923397502879791;3.5836165217874885;0.2164850689862289;1
0.035315385460485196;1.366583373890845;0.0012471764502226493;0.0193739165901907;0.043824884950616705;-0.3184667989063404;0.0019206205409347903;0.041806872641990456;0.06283908747821114;-2.2337751876499667;0.0897318242071988;0.14785357397777088;0.005597619460827184;3.133334362823122e-05;0.003767344856239474;0.779384836823605;0.06944225336118469;1
0.020538386794029147;-1.7806176940392469;0.00042182533210115085;0.0316100744366269;0.03254679982446102;1.4530634437706809;0.0010592941788135361;0.01427551748750866;0.05876842178134382;-0.644840277920809;0.0662791883348627;0.14785357397777088;0.0072766626422771305;5.2949819209511585e-05;0.008963470215962901;-0.8924126645542998;0.09291366818322866;0
0.028077324074515003;-0.8114635302578653;0.0007883361271853398;0.0336494340776996;0.038734414016972724;-1.0796821129461094;0.0015003548292382531;0.05404303048842629;0.04476498933922751;-2.1852751232728607;0.0662791883348627;0.1050270215152441;0.011593820809043977;0.00013441668095222115;0.008276106857984786;2.2047490304391175;0.16315916103486044;0
0.023819947590169404;-0.4425835934760218;0.0005673899031984173;0.030590394616090498;0.034773922514489505;0.11337905866545128;0.00120922568704372;0.03364943407769916;0.044251049765391494;-1.7886913588643847;0.0662791883348627;0.1050270215152441;0.011247865581871264;0.0001265144801478442;0.0168696093385901;-2.3991329550749234;0.17070222383827477;1
0.022864486865584132;2.560854916524768;0.0005227847596264694;0.017334556949117896;0.024514765535171325;-2.137926389770263;0.0006009737292444238;0.040787192821454044;0.04318557722014266;2.117481524112719;0.0336494340776995;0.1050270215152441;0.010825160933379948;0.00011718410923357544;0.013789627840328743;-1.2952902132671984;0.17195747865247277;1
0.022716214573291267;2.043246966906357;0.0005160264045398106;0.017334556949117896;0.024338114751809185;-2.0036237580767904;0.0005923438296722319;0.039767513000918076;0.032902652023645416;0.31780556552185973;0.0336494340776995;0.0795350260018353;0.006864671754436161;4.712371829615364e-05;0.0030429852557952997;3.1291613137587384;0.11761516272984089;0
0.025559205780810227;-2.562017478479182;0.0006532730001458029;0.037728153359845;0.019177030307320344;-2.952625138395184;0.00036775849140788307;0.03670847353930862;0.03594714860137257;-2.728354394372417;0.0632201488732537;0.0795350260018353;0.010270599916505129;0.00010548522264491514;0.004117759258686869;4.038250188920091;0.20143756489976247;0
0.028600155853998332;1.3135494993358445;0.0008179689148729952;0.017334556949117896;0.016526993682901277;1.3099842069319638;0.0002731415201946587;0.015295197308045072;0.04000473077675697;-0.12480360778178223;0.0367084735393086;0.10604670133578051;0.026782954298588357;0.0007173266409602725;0.0030429852557952997;2.9829638647893617;0.4334846452974941;0
0.04757874556931671;0.42711606700952487;0.0022637370299497745;0.0367084735393086;0.024096611310257605;2.022374027609461;0.0005806466766376347;0.004078719282145649;0.03833236713970671;1.6328653000311004;0.0183542367696543;0.10604670133578051;0.04016207490924489;0.001612992261015798;0.05074519222848871;-1.7201365457531577;0.5239912900210051;0
0.054471330371402664;-1.5453527352950154;0.002967125832430494;0.0825940654634445;0.013322342213177988;2.360803957240126;0.0001774848020450242;0.011216478025899868;0.024662764601708742;1.8473372781065187;0.0183542367696543;0.0642398286937902;0.043069140061999495;0.00185495082568013;0.06755284614936129;-2.3092614284874684;0.4809592010389484;0
0.05138720944357703;1.4965554867585986;0.002640645294398053;0.0469052717446722;0.016322841433243775;-3.0239095776323577;0.0002664351524548197;0.031100234526358905;0.03069558068800592;1.6680647858999873;0.0214132762312634;0.0815743856429081;0.03884730557642648;0.0015091131505482558;0.03491454495917905;1.7110987628905174;0.4043389625925381;0
0.023562106796626056;-3.0198329652200715;0.0005551728766956118;0.0418068726419904;0.019352437740360787;-2.3508362118213526;0.00037451684649454056;0.032119914346895095;0.03269819222387417;3.0800689982396343;0.021413276231263302;0.0815743856429081;0.016383461139042318;0.0002684177988945098;0.01680765392087258;0.07156307522072562;0.14636117302642057;0
0.02059652276611011;-2.855942951632647;0.000424216750054892;0.0356887937187723;0.04458053702681329;1.9241170151303624;0.0019874242815990707;0.04231671255225877;0.016807713783329986;-0.863553663468462;0.021413276231263302;0.0418068726419904;0.016123765830056987;0.0002599758245425133;0.010476541085908925;2.1079544680940026;0.14130554989853406;0
0.022727654476606577;-2.1684019269187487;0.000516546278008015;0.032629754257163204;0.041924219833560046;2.496373734300063;0.0017576402086526696;0.024982155603140654;0.032261225695026804;0.3613938509043386;0.0367084735393086;0.078515346181299;0.013940287455730173;0.00019433161434838803;0.01638325150658891;-0.6387120823541371;0.12894528722727286;0
0.06702019669686948;3.9396476337448454;0.004491706765287075;0.018354236769654295;0.041265549131253715;0.7128880007995093;0.001702845545103914;0.03721831344957682;0.051915623934992175;-1.0870092844574895;0.0734169470786172;0.1233812582848985;0.01692392354815584;0.0002864191882638238;0.01638325150658891;-0.18074261517819323;0.15374016852070355;0
0.07856135072144108;-2.920861623082686;0.0061718858271772705;0.1300091771183847;0.03762190192605407;-2.072717671345837;0.001415407504533631;0.055062710308962926;0.043950447761777464;0.44298979199531513;0.0367084735393086;0.1182828591822167;0.01609888406362418;0.00025917406809401256;0.01638325150658891;-0.30450874296034414;0.1455626887661049;0
0.08806397929509995;-2.1733032685432803;0.007755264449287792;0.1264402977465075;0.03708467706193818;-1.812163924684268;0.0013752732727882438;0.05098399102681772;0.05450090868906099;1.0562838774200713;0.0367084735393086;0.1488732537983072;0.017537447967435213;0.00030756208121049747;0.025366944950627066;-1.8809559571795351;0.1547942426999476;1
0.07642872677267917;1.4486866401656542;0.005841350276092847;0.0729071071683492;0.028988333412008904;1.1791090905266088;0.0008403234740057918;0.01733455694911812;0.07121571179463168;-2.107813111449939;0.10400734169470771;0.16926685020903431;0.019374559373016863;0.00037537355089855553;0.030851565062919153;-2.40393623779833;0.16675054205301768;0
0.034210599896748996;-2.5033514294761474;0.0011703651452954424;0.058121749770572106;0.024757439669988758;1.4896265649718003;0.0006129308190131331;0.01733455694911812;0.0695156948922207;-0.3604282525682419;0.08055470582237159;0.16926685020903431;0.022436125271990726;0.000503379717220461;0.04082942050948146;-3.2235659713776372;0.19731126070048977;1
0.030854793608927976;1.0039351885284447;0.0009520182886495426;0.031100234526358808;0.02716064158635098;0.8455080327837065;0.0007377004513822183;0.029570714795554176;0.04018140162474891;3.054503865472713;0.0254919955134088;0.1009483022330987;0.019873427302089106;0.0003949531127314207;0.035344800397189374;-2.7989096787826604;0.1839763880887854;1
0.02751624464008628;0.1896449332612704;0.0007571437190930769;0.031100234526358808;0.021743342245045778;0.8188149391863769;0.0004727729319851924;0.015295197308045072;0.01826408527338375;-0.6432052596806308;0.020393596410727098;0.0474151116549404;0.02008347927249297;0.0004033461396886548;0.036283794326383303;-2.8189514605429995;0.18624471644984672;1
0.02328579024506849;1.9372948359559967;0.0005422280273373268;0.0086672784745591;0.020989063270106006;1.852922061952519;0.000440540776956513;0.005098399102681839;0.018124073793852984;-0.44229671854002933;0.0193739165901907;0.0474151116549404;0.01742368445737258;0.00030358478007008673;0.014690037495485642;2.138021757839907;0.1696253387289033;1
0.019675461318569044;3.2195279752200414;0.0003871237780985067;0.0086672784745591;0.025942786896121586;2.239106844819928;0.0006730281919375778;0.005098399102681839;0.033524445666378244;0.5401256841460705;0.03262975425716331;0.08616294483532169;0.026371916306353577;0.0006954779696693176;0.014690037495485642;3.6803812343305347;0.24659190873301262;1
0.04961242709806827;1.775118265493295;0.0024613929225611388;0.0418068726419905;0.027685762433437726;-0.348688884250335;0.0007665014415207515;0.026511675333945273;0.044440964275192986;-1.2157541735432495;0.060670949321912894;0.10706638115631692;0.027894518168300086;0.0007781041438416236;0.0424805797667647;-2.654464060715758;0.23663587604643235;1
0.07206294513300021;-1.8120698688939794;0.005193068061241798;0.11012542061792589;0.02816052180623049;-0.8407887355942627;0.0007930149883991829;0.03161007443662711;0.04387941860191708;-1.3562153430760222;0.059141429591108394;0.10706638115631692;0.028071716950112322;0.0007880212925272236;0.0424805797667647;-2.647338622573322;0.22463946507987076;1
0.09255946639472612;-2.6667080369253515;0.008567254819276433;0.1580503721831344;0.020385947377610347;-1.2522044773510335;0.0004155868504826982;0.02549199551340886;0.04122206227462788;1.5243581100647294;0.0336494340776996;0.10706638115631692;0.01995653874005114;0.00039826343848316204;0.00626586208821317;3.5029576502464033;0.14854367966400084;0
0.08902920220710413;1.3249289549182255;0.007926198845633435;0.0866727847455899;0.0227024790800029;-1.5918228213107024;0.0005154025563779694;0.03161007443662711;0.036043914840692554;0.70945737238486;0.0336494340776996;0.09381054348934431;0.009144882343716323;8.362887308041453e-05;0.00626586208821317;0.8998139831543123;0.06542866756994287;0
0.04947496576748876;-0.31656626486246253;0.0024477722376941846;0.05506271030896301;0.015681203731242804;2.913605299268312;0.00024590015046074327;0.01121647802590009;0.04447253784570072;-2.701064218831021;0.0785153461812991;0.09788926277148971;0.007520504305041257;5.655798500214407e-05;0.00626586208821317;0.8272244255333187;0.05419956417248491;0
0.04299858139895518;0.16249113645108557;0.0018488780023225746;0.0387478331803814;0.009870374255393171;1.1767727562137011;9.742428794152831e-05;0.007137758743754441;0.035523806900720226;-0.5942974012280402;0.0448659121035995;0.0825940654634445;0.023622782473175098;0.0005580358517749487;0.010915860172249547;3.327205050871503;0.15981081809269304;0
0.04299858139895518;0.16249113645108557;0.0018488780023225746;0.0387478331803814;0.009870374255393171;1.1767727562137011;9.742428794152831e-05;0.007137758743754441;0.035523806900720226;-0.5942974012280402;0.0448659121035995;0.0825940654634445;0.023622782473175098;0.0005580358517749487;0.010915860172249547;3.327205050871503;0.15981081809269304;0
0.04299858139895518;0.16249113645108557;0.0018488780023225746;0.0387478331803814;0.009870374255393171;1.1767727562137011;9.742428794152831e-05;0.007137758743754441;0.035523806900720226;-0.5942974012280402;0.0448659121035995;0.0825940654634445;0.023622782473175098;0.0005580358517749487;0.010915860172249547;3.327205050871503;0.15981081809269304;1
0.06584795117703363;-0.3407205438241678;0.004335952674213004;0.0856531049250535;0.025311895666173485;4.815118385860252;0.0006406920622152522;0.005098399102682061;0.011657397848090398;1.1546150473378336;0.012236157846436196;0.028551034975017903;0.052609534613669705;0.0027677631322669104;0.0528587549685603;1.3086246146461928;0.7374627927146858;1
0.06584795117703363;-0.3407205438241678;0.004335952674213004;0.0856531049250535;0.025311895666173485;4.815118385860252;0.0006406920622152522;0.005098399102682061;0.011657397848090398;1.1546150473378336;0.012236157846436196;0.028551034975017903;0.052609534613669705;0.0027677631322669104;0.0528587549685603;1.3086246146461928;0.7374627927146858;0
0.06584795117703363;-0.3407205438241678;0.004335952674213004;0.0856531049250535;0.025311895666173485;4.815118385860252;0.0006406920622152522;0.005098399102682061;0.011657397848090398;1.1546150473378336;0.012236157846436196;0.028551034975017903;0.052609534613669705;0.0027677631322669104;0.0528587549685603;1.3086246146461928;0.7374627927146858;0
0.04192855971865017;-3.0129085001065317;0.0017580041200804136;0.0774956663607627;0.010212081948448528;3.932738176298509;0.00010428661772182829;0.0040787192821452045;0.011067167167301021;1.6326627676040555;0.0101967982053635;0.027531355154481497;0.02824145162148742;0.0007975795896888146;0.0527149661037817;-2.929097639159299;0.4912392930939205;1
0.05078783515610366;-2.9845460800996055;0.002579404199843559;0.0856531049250535;0.01080571982603367;-1.0419473344916608;0.00011676358095873715;0.014275517487509104;0.007911558984917237;0.6887893069618028;0.006118078923218098;0.0214132762312634;0.03665887345729947;0.0013438730031582957;0.0528587549685603;-2.5116572104902617;0.5289910984049475;1
0.04760933019242886;-2.068132943354936;0.0022666483213717183;0.0774956663607627;0.012455129180872873;-1.471467127629771;0.00015513024291223098;0.01631487712858193;0.010308352773406837;-2.1311767341578673;0.015295197308045301;0.0244723156928724;0.03558973021798854;0.0012666288969892065;0.0527149661037817;-1.6784331626746354;0.5652179060032453;1
0.045133936210047104;-0.9055370117985859;0.0020370721978126014;0.0601611094116448;0.01857385349087587;-0.4821800535628782;0.00034498803350052176;0.020393596410727133;0.009439613999007345;-2.608254623533805;0.015295197308045301;0.0214132762312634;0.0310422722577665;0.0009636226669252996;0.0377493468496331;-1.2974185019273818;0.4082194132390843;1
0.044214615115776915;1.0122654300322296;0.0019549321898362886;0.02855103497501779;0.039211959522085844;1.0432671578890182;0.0015375777695616987;0.03874783318038144;0.012052080609436022;-2.0520657570239678;0.0183542367696544;0.028551034975017802;0.03938646455718498;0.0015512935903143885;0.024721168812037786;1.3758740736250274;0.3874337763856389;1
0.05142867154455122;-0.35144745233427227;0.0026449082568373323;0.06118078923218111;0.033615427566659827;0.7839347710383914;0.0011299969704893535;0.027531355154481463;0.01209728817957038;-2.147361413892071;0.0183542367696544;0.028551034975017802;0.04520219623043552;0.002043238544054799;0.0654750801153264;-1.5009867346885315;0.3896731287124531;1
0.06287547853984472;-0.35276176702830025;0.003953325801614474;0.0652595085143265;0.027280961439831896;-1.0764021849537972;0.0007442508570815948;0.03262975425716319;0.016233418032961286;-1.4576977384610512;0.0214132762312634;0.0397675130009177;0.05826818205672246;0.0033951810401953537;0.0691417565967147;-1.4341749943866315;0.4360472992574224;1
0.03611164088828173;2.7619297390730773;0.0013040506076442214;0.011216478025899895;0.025496073906445604;-1.2885442877089126;0.0006500497846429364;0.03262975425716319;0.01541538719320042;0.3859523870944237;0.015295197308045301;0.0397675130009177;0.03884364521015118;0.0015088287732121005;0.008415726160268394;2.6585281212017997;0.24906773060414278;1
0.015770461857188556;2.9440421527521274;0.0002487074671890391;0.011216478025899895;0.02583233601104104;-1.4265925503033106;0.0006673095837873277;0.034669113898236015;0.01545412149858922;-0.7087899190498254;0.0178443968593861;0.0397675130009177;0.017775079452220552;0.00031595344953275325;0.008415726160268394;3.9707801164225933;0.10542926559426544;1
0.01547093225249719;3.115566035924161;0.00023934974476135778;0.00917711838482721;0.019408769024876288;0.6144058160635252;0.0003767003150609972;0.021413276231263434;0.011354673932558412;-1.309683110041238;0.0163148771285816;0.027021515244213302;0.018482832413659837;0.0003416150940314347;0.01054975909378944;3.819656469847139;0.11038674546848228;1
0.016887941989981996;2.3990234513080053;0.00028520258465699705;0.013255837666972609;0.0203502138753312;3.497866812688583;0.0004141312047717224;0.01325583766697247;0.009521866038485776;0.2651555003801131;0.008157438564290798;0.0254919955134088;0.0195146519781055;0.00038082164182657696;0.010685550931925691;3.3428000812009464;0.11748875088515554;1
0.03811884499341026;4.515189083497286;0.0014530463436316385;0.0071377587437544965;0.00574107811165867;-0.9118410970336347;3.295997788416628e-05;0.008157438564290853;0.01260449649463643;1.6823911762300565;0.008157438564290798;0.03364943407769959;0.029132395474229453;0.0008486964660669046;0.004561048938716117;4.342051251079572;0.20099190365666292;1
0.05453809733558141;-2.1723283819157166;0.002974404060985352;0.08055470582237179;0.0076305850653082714;-1.085140306121879;5.822582843890564e-05;0.008157438564290853;0.013634762639295818;-1.4892910229262657;0.018354236769654295;0.03364943407769959;0.04052114890277082;0.0016419635084005252;0.0623465707263824;-2.287437649693718;0.32225521557328946;0
0.05427149455708345;-2.9557534550484093;0.002945395121459539;0.0917711838482716;0.005093298151827105;1.7506154593787702;2.59416860634054e-05;0.0015295197308045072;0.016074113154312664;-1.9057837973516456;0.02345263587233609;0.037218313449576795;0.039324452259203724;0.0015464125454863926;0.0646337006667294;-2.9213542362620477;0.3513288071807967;0
0.04807874154992604;2.6677365233856514;0.002311565389024585;0.032629754257163204;0.006564869420952282;-1.151553821729582;4.3097510514154345e-05;0.008157438564290853;0.010401234000509796;2.5589767699857475;0.006118078923218091;0.0270215152442133;0.034977324784751386;0.0012234132490979838;0.022971452022741687;2.7151992405222862;0.37524227117606335;0
0.024540200194132764;-1.1555988589710477;0.0006022214255681137;0.030590394616090595;0.006384205503211342;0.12983685183375826;4.0758079907233986e-05;0.006627918833486346;0.007155944145823483;0.5888582545259252;0.006118078923218091;0.0188640766799225;0.017904128351228864;0.00032055781201727716;0.024395138003460562;-1.567687873557028;0.2458700744219653;1
0.020939467115561675;-1.1269375078761676;0.0004384612830836888;0.029570714795554204;0.0107575012908354;0.6901014232679389;0.0001157238340223253;0.008667278474558948;0.011536360251845384;0.2794380188033827;0.009686958295095298;0.030590394616090602;0.01474920055102185;0.00021753891689426326;0.018006414013976263;-0.82803269707883;0.21010482517585338;0
0.024114942702266027;-3.006556016276504;0.0005815304615335734;0.0458855919241358;0.008265069492876255;1.0616872736880154;6.831137372207376e-05;0.007137758743754663;0.011882661064102965;-0.7382200010499295;0.013255837666972602;0.030590394616090602;0.016857689124547298;0.0002841816826198802;0.024395138003460562;-1.434329543382539;0.22873597862934997;0
0.019843189381198265;-0.7944869140456312;0.0003937521648180996;0.0265116753339451;0.007079251537762694;2.6768704481679984;5.011580233491546e-05;0.0015295197308047292;0.012682620039348318;-1.4531425170130727;0.016824717038849794;0.030590394616090602;0.01594444155757921;0.00025422521658305895;0.019066445442435798;-1.1148167944547904;0.21951882742736387;0
0.02024006652521572;-1.6662565384317378;0.0004096602929451579;0.0265116753339451;0.0122255315675352;1.184136105860181;0.0001494636221087997;0.007137758743754663;0.01204345040381127;3.934279492815167;0.0035688793718771927;0.030590394616090602;0.015445383006833303;0.00023855985622777496;0.003183291176062475;4.344577600513344;0.20092460548375357;0
0.020362983038835967;0.5736127640694922;0.0004146510782399212;0.0193739165901907;0.012521734624662967;0.261800569377165;0.0001567938380104834;0.010196798205363677;0.00686298304087439;2.1864355364419943;0.0035688793718771927;0.0183542367696544;0.0029471018380066646;8.685409243582262e-06;0.0021232597476029402;2.1442054938681587;0.03529713566379892;0
0.011500252619452544;-3.0991530200542923;0.0001322558103112251;0.0193739165901907;0.008833629354772544;1.1451415245713352;7.803300757749919e-05;0.008667278474558948;0.009951678034028306;-0.7266621199852329;0.013255837666972602;0.0229427959620679;0.010479075816419046;0.00010981102996625852;0.0021232597476029402;4.02298817439284;0.1315731306137928;0
0.011750676285010815;3.3327700863701843;0.0001380783931551156;0.0;0.009603413625346039;-2.9670382920524503;9.222555325948193e-05;0.01835423676965431;0.014697191093504215;-1.5866273942472588;0.022432956051799707;0.034159273987967795;0.014909739479381836;0.00022230033134303733;0.021417170954030354;-1.880716359409745;0.20632998003450456;0
0.013812804307274256;2.0000000000001954;0.00019079356283105422;0.009177118384827196;0.00791155898491721;-1.6688005651146216;6.259276557182422e-05;0.011216478025899868;0.015346096607823427;-1.059514933556282;0.020393596410727;0.037728153359845;0.018460903670144503;0.0003408049643183548;0.031453535378487475;-2.565438991224937;0.2863238315159064;0
0.014546082000292563;-1.0763844031656333;0.00021158850155923527;0.0193739165901907;0.006663121954809622;1.0462954329821545;4.4397194184666e-05;0.0040787192821454266;0.011991538738017398;-2.6052190136499553;0.020393596410727;0.0270215152442133;0.01704629218678702;0.00029057607731731625;0.026570173006192598;-2.245621446738513;0.2693101746371006;0
0.009034386227525611;0.10134285366490658;8.162013450810444e-05;0.009177118384827196;0.007819022947968093;-1.2066152991803456;6.113711986085165e-05;0.011216478025899868;0.013519893173420849;-2.606675917405679;0.0229427959620679;0.030590394616090602;0.014726676610952649;0.0002168750040035798;0.02214507668857143;-1.9773974151015647;0.23971369649970267;0
0.009635839424841086;1.6682822349761774;9.28494014213218e-05;0.009177118384827099;0.01366142653918045;1.1483616669641645;0.0001866345750854239;0.011216478025899868;0.01653485581820295;-2.8092514535424176;0.026511675333945203;0.0367084735393087;0.016416916635619574;0.00026951515182088275;0.02625583418898158;-2.4015937434040304;0.25382405098643274;0
0.0094175587959771;0.9004424079418077;8.869041367568565e-05;0.009177118384827099;0.011746251251419792;2.3060384603809587;0.00013797441846148103;0.009177118384827265;0.01696932273364161;2.4140888937315723;0.009686958295095402;0.0448659121035995;0.01697369921410697;0.0002881064650109756;0.004425096317621169;3.5576309361529184;0.23628296647890612;0
0.008106294244662337;1.4661612722293853;6.571200638104574e-05;0.004078719282145399;0.011340930122075514;0.7528384119663313;0.00012861669603379973;0.01121647802590009;0.007715277837474042;-0.08243549892354096;0.009686958295095402;0.018354236769654406;0.006127530304742421;3.7546627635536746e-05;0.004425096317621169;1.4798446116864763;0.07906268358713649;0
0.012796880185592835;2.491005291005223;0.0001637601424844185;0.009177118384827099;0.014681264929071942;-1.2440355392849038;0.00021553953991759777;0.017334556949118007;0.0074373743362131;0.2018203403387595;0.008157438564290798;0.018354236769654406;0.006964781856312384;4.850818630601817e-05;0.00651231039218958;1.5906191902815188;0.09176311732218631;0
0.01224889721255833;0.905929117987282;0.00015003548292381923;0.011216478025899899;0.014264588162833608;-0.8121547350821494;0.0002034784754552527;0.015295197308045183;0.007548386060292341;-1.6212904256549325;0.010196798205363497;0.018354236769654406;0.006852695358691834;4.69594336790366e-05;0.00651231039218958;0.6116165049284277;0.08936912277732734;0
0.01887647411746624;-1.6295209372966528;0.0003563212751073728;0.027531355154481497;0.01384288121671892;2.8499765504178236;0.0001916253603801895;0.006118078923218029;0.007548386060292341;-1.6212904256979428;0.010196798205363497;0.018354236769654406;0.006882114769194619;4.7363503696366714e-05;0.006296448313617656;1.659437306936205;0.09048405014966193;0
0.019301329677391472;-1.348541804653389;0.00037254132731535277;0.0285510349750177;0.011706350678956834;1.3348615297470137;0.00013703864621871311;0.010196798205363455;0.013365198228050126;2.265006145976853;0.010196798205363497;0.0336494340776997;0.011448248031129078;0.00013106238298225083;0.006296448313617656;3.704388518248431;0.14635201817682097;0
0.013820329671116151;0.6791611758420402;0.00019100151221833347;0.0132558376669725;0.013592756548981849;0.2952659965438092;0.00018476303059988892;0.014275517487508882;0.02194800117637845;-0.1346784013497088;0.02345263587233609;0.0540430304884266;0.021197609456659543;0.0004493386466770621;0.023458438336305648;0.10248840921504154;0.24042776395655652;0
0.018376882351085828;2.123232642027529;0.0003377098049456498;0.005608239012950001;0.010679898825554155;-1.4302951033271103;0.00011406023892407302;0.014275517487508882;0.023512410469551773;-2.9064382296319144;0.0438462322830631;0.0499643112062812;0.024682940042003713;0.0006092475291171502;0.043414434891856965;-2.6909668412355265;0.24688422302682395;0
0.009875639859531176;-1.9912606666633035;9.752826263516095e-05;0.0152951973080452;0.014176850242838487;-2.171672390846002;0.00020098308280786968;0.021413276231263434;0.02727143163850017;-0.3033226999134797;0.026511675333945106;0.07137758743754459;0.02886611055868934;0.0008332523387864763;0.030999138851870972;-0.5664916898864855;0.252412406885557;0
0.012707190847087995;-1.4266982791752258;0.00016147269922431694;0.0168247170388498;0.013125778733583008;2.201435798967811;0.00017228606736297995;0.009177118384827154;0.017973574300686225;0.4999218414050084;0.015295197308045308;0.0479249515652085;0.01861789875378592;0.0003466261540062233;0.011201574144371507;1.0934176816781864;0.15135013824007568;0
0.009453372370976891;1.039034017708423;8.936624918434925e-05;0.006118078923218202;0.014300986762865706;-1.8253470002886363;0.00020451822239166015;0.01937391659019061;0.013630949252942531;0.5109243561204622;0.01121647802589991;0.0367084735393087;0.012489642990751629;0.00015599118203643128;0.013200578596526541;0.5123602366358426;0.09591191574535034;0
0.006552980121569536;-2.359338449537823;4.294154847368549e-05;0.0101967982053635;0.011202564671742419;-2.856596668563309;0.00012549745522457133;0.018354236769654197;0.014025695004832727;-0.030500069260764207;0.014275517487509007;0.0367084735393087;0.012088755841054868;0.00014613801778463819;0.010862685167087285;0.9102120908869497;0.0925012338797631;0
0.007630585065307802;-2.921874999999535;5.822582843889848e-05;0.013255837666972602;0.01145949554162233;-2.64049138367144;0.00013132003806846205;0.018354236769654197;0.014025695004832727;-0.030500069260764207;0.014275517487509007;0.0367084735393087;0.01224842007128352;0.000150023794242621;0.010862685167087285;1.0219942950251675;0.09412466554820775;0
0.007123176994624884;-2.5786079011016434;5.07396504967532e-05;0.0101967982053635;0.007976998966292587;4.46735230039783;6.363251250823299e-05;0.0020393596410726023;0.00842085156401032;0.20987951598578883;0.0071377587437544965;0.02243295605179982;0.005885453801190031;3.4638566445942184e-05;0.003033936938573692;1.2550094862768937;0.04689982157003763;0
0.017460063051292888;3.510170969441075;0.00030485380175512307;0.004078719282145402;0.0075276960641548225;4.403838060769978;5.6666208034292005e-05;0.0020393596410726023;0.007374195873055642;-0.35546505138122936;0.0071377587437544965;0.019373916590190707;0.00770731629402111;5.94027244560833e-05;0.003033936938573692;1.7596678356925597;0.06192096348697276;0
0.025116020113054503;1.255111830317188;0.0006308144663193583;0.014275517487508903;0.007231823483836854;4.736471825113718;5.229927090137422e-05;0.0010196798205364122;0.03005029474516438;4.455467360296694;0.011216478025899798;0.0713775874375446;0.018472543920098776;0.0003412348788799783;0.013441150126013032;3.1170599117676616;0.1617663479399645;0
0.026281245972299704;0.29115183377886567;0.0006907038898565194;0.0234526358723361;0.006817381319647885;2.4381784604305756;4.647668805748395e-05;0.005098399102681839;0.032965792845535094;-2.4112913818369073;0.053533190578158404;0.0713775874375446;0.021370032071843466;0.00045667827075161836;0.04074420678979525;-3.0446730702956812;0.2004003735615389;0
0.02767825035558019;1.227629072987489;0.0007660855427461747;0.0254919955134088;0.013805274841298074;2.042558548809248;0.00019058561344377758;0.006118078923218251;0.034525611873595374;-2.7691559527913845;0.05914142959110841;0.07545630671969;0.021730139600142466;0.00047219896704167976;0.03004745138095502;-1.9520879295731806;0.22510343893438134;0
0.03719805402132142;-2.961806873998381;0.0013836952229731466;0.061180789232181;0.01588542040572029;-2.0618933169946714;0.00025234658146647466;0.023452635872336147;0.02595430689550408;-0.11400685890062927;0.031100234526358697;0.0642398286937902;0.014142605232081731;0.00020001328275050554;0.00325898537165234;3.6385110951621464;0.15982494757850457;0
0.03649542198057144;-2.7773987315969095;0.001331915825539977;0.058121749770572;0.011513806251286042;-2.0304498269894573;0.00013256773439215353;0.017334556949117896;0.02408420275095681;-0.7063822344091619;0.031100234526358697;0.059141429591108394;0.011408060328086916;0.00013014384044927055;0.00325898537165234;3.062513967514166;0.1308309342157088;0
0.03890582976912687;-2.8355304591828294;0.0015136635900242783;0.0652595085143264;0.014892213453212705;-2.2609083829685708;0.00022177802153604948;0.023452635872336147;0.029494580316051934;-1.1975189488062388;0.037218313449576795;0.0744366268991537;0.020109508051881237;0.00040439231408867635;0.02084740149795737;-0.33167067245281484;0.20986521829553267;0
0.0351723030940465;3.0596373596481286;0.0012370909049394733;0.0254919955134087;0.015096772120584648;-2.442021251798129;0.00022791252846086186;0.024472315692872337;0.03595365598503921;-0.1152293974028223;0.03823799327011321;0.09279086366880801;0.027602753379340515;0.0007619119941206943;0.03986150105836357;-1.7874395789177235;0.25731968628688157;0
0.011878285199080794;0.30105096584234065;0.00014109365927070185;0.013255837666972598;0.012270100097066411;-1.1652479319922395;0.00015055535639202917;0.015295197308045294;0.021541565814010736;0.33101737647118296;0.019373916590190707;0.056592230039767516;0.022079373253848154;0.0004874987232827453;0.022457866787407965;-0.34886333215539506;0.18731787602181035;0
0.011522833148988556;4.156650185284882;0.0001327756837794295;0.005098399102681797;0.00960341362534607;0.28162014517627654;9.222555325948253e-05;0.010196798205363566;0.012052080609435956;1.5191413854071893;0.005098399102681797;0.033649434077699616;0.01301505008317958;0.00016939152866767278;0.004810484316576533;1.7391116804051958;0.10373269965870835;0
0.009743146067576963;3.822083114894651;9.492889529414042e-05;0.005098399102681797;0.009222326138142221;-0.010730447569925397;8.50512993982612e-05;0.010196798205363566;0.012404940410519377;1.5382121987815072;0.005098399102681797;0.034669113898235904;0.01335532633608213;0.00017836474154324893;0.004810484316576533;1.798410359948413;0.10660057560894001;0
0.02367985478851992;2.0072434585231327;0.0005607355228053897;0.021413276231263302;0.011679674569818638;-1.1521113734383543;0.00013641479805686816;0.014275517487509104;0.020296495663174527;-0.2452361034117795;0.020393596410726994;0.05302335066789031;0.020064924644290567;0.000402601200981059;0.023374750992982585;-1.061063428609155;0.1693822639130461;0
0.02367985478851992;-1.8449594833307685;0.0005607355228053898;0.035688793718772205;0.014231749829605756;-2.451305819900542;0.00020254270321248347;0.023452635872336258;0.01652699368290115;-2.28263719602961;0.0260018354236769;0.0387478331803814;0.01626340493246878;0.00026449833999744985;0.026483312384137703;-2.583399234571813;0.1486430231988762;0
0.020129316459298774;-0.9667747421429004;0.00040518938111859656;0.023452635872336;0.014839757448537898;-2.884266151187527;0.000220218401131436;0.023452635872336258;0.013527581484063949;0.3848887041487596;0.01427551748750891;0.0336494340776996;0.013496114198229221;0.00018214509845164436;0.013676381992890882;1.6165917203228244;0.13234908459429673;0
0.015386694817937084;-0.4633665520415633;0.00023675037742033192;0.0183542367696543;0.013554456228985316;-1.6003559407857157;0.00018372328366347886;0.01733455694911823;0.006844019249331904;2.3170764757860476;0.0035688793718772066;0.018354236769654406;0.005780632638084368;3.341571369648624e-05;0.005757336285159231;1.6467999715956516;0.06026469903584352;0
0.014723696419081665;0.14916412193988884;0.00021678723624127825;0.0142755174875089;0.012845537700233304;-1.06166388532525;0.00016500783880811514;0.015805037218313278;0.004421226346217534;-1.54902529369933;0.006118078923218195;0.010706638115631703;0.005019405127278384;2.5194427831748537e-05;0.002119444411506133;2.0084508811674837;0.05480373931431447;0
0.013283262216361141;-0.44351205236177194;0.00017644505510860752;0.0142755174875089;0.014062711947024936;-1.2750701154686286;0.00019775986730499786;0.018354236769654197;0.004241181674943246;3.2803050543378567;0.0020393596410726994;0.010706638115631703;0.006469976677086797;4.186059820204711e-05;0.005900648674728948;0.5701053032618617;0.06927549021050788;0
0.013744890626902647;1.6674809457187425;0.00018892201834551622;0.0122361578464362;0.016511258181206287;0.5852755115577466;0.0002726216467264516;0.015805037218313278;0.011038946550606086;3.243791424467363;0.0020393596410726994;0.029570714795554204;0.011434115383362668;0.00013073899460005082;0.009174082108923787;0.802009661155702;0.11821598344867548;0
0.016847875641743743;0.8771484925330988;0.0002838509136396622;0.0122361578464362;0.015839537106730854;1.1561855256674605;0.00025089093575550366;0.010196798205363566;0.01647974210326243;-1.7375893801423743;0.020393596410727008;0.0397675130009177;0.01650405323945126;0.0002723837733306416;0.02041799019378643;-1.1457462475620612;0.1594584790920901;0
0.024248234833474134;0.34253858583867586;0.0005879768925393083;0.020393596410727;0.017699597507854405;2.0541554139386435;0.00031327575194004583;0.014275517487509104;0.017552122870410792;-2.28568021232269;0.027531355154481407;0.0397675130009177;0.01841412047158508;0.0003390798327420487;0.024717846060203566;-0.7825977650992589;0.1668387045368222;0
0.02566880662598878;0.7930153839740394;0.0006588876336024055;0.025491995513408805;0.018334398941362774;3.0297258332600756;0.00033615018454104446;0.013255837666972692;0.011965498449438824;1.5713962499222542;0.010196798205363497;0.030590394616090505;0.010817579223943642;0.00011702002026629713;0.011354493563834792;0.021525181300521723;0.092674615553001;0
0.012926226544546133;-0.5628881732034176;0.00016708733268092906;0.013255837666972602;0.009317664363463374;-1.4364803327474018;8.681886919015532e-05;0.013255837666972692;0.006092533596936557;-2.391780241419324;0.010196798205363497;0.013255837666972595;0.00712729744681823;5.079836889542166e-05;0.011354493563834792;-2.7532502229382043;0.05986481383052411;0
0.009250468791713212;-0.914223368556185;8.557117286646008e-05;0.011216478025899902;0.009131686826649566;-1.3370252672554959;8.338770430000522e-05;0.01223615784643628;0.0064247920881097;-3.1066119316233727;0.011216478025899895;0.013255837666972595;0.0067458358904033825;4.550630186025439e-05;0.009953811574395899;-2.3253949853960543;0.05574468173504615;0
0.008789379806060706;-0.6768058632493078;7.725319737518774e-05;0.011216478025899902;0.009822856799259478;3.3656222131394102;9.648851569875817e-05;0.0040787192821454266;0.007267678059021132;-2.3419771841233037;0.011216478025899895;0.016314877128581595;0.007800049548097215;6.084077295277157e-05;0.012532147167669871;-2.4552069107495114;0.06394489217717794;0
0.011750676285010843;2.2195823958481853;0.00013807839315511624;0.006118078923218098;0.011109363678976004;-2.5310519606888584;0.00012341796135175126;0.01682471703884969;0.007582743934976169;-2.8355076204522356;0.012745997756704389;0.016314877128581595;0.007131930345241884;5.086443044938202e-05;0.008382054328432281;-1.2544728829324967;0.05894541820731738;0
0.009412036919925744;3.5679924618125156;8.858643898204529e-05;0.003059039461609101;0.010944352291219421;-2.3302233660661393;0.00011977884707431979;0.01682471703884969;0.006709772153099475;2.892309681490706;0.0050983991026817;0.016314877128581595;0.006914634643322175;4.781217225063118e-05;0.005026331577691626;1.8666499906991483;0.05598209846219453;0
0.01043367165680527;-2.2036217546110612;0.00010886150424202165;0.015295197308045301;0.008892286236615756;-0.764919010253332;7.907275451390599e-05;0.010196798205363677;0.020131898961902303;4.7537962824928925;0.0050983991026817;0.0469052717446721;0.020985570724034116;0.0004403941786134378;0.005026331577691626;4.607896869292432;0.1793386596379968;0
0.010130302198037695;-1.9278277177782996;0.00010262302262356735;0.013255837666972602;0.008561668004357328;0.1950731854536573;7.3302159016836e-05;0.007137758743754885;0.021773208666976518;-1.9459327252965697;0.032629754257163204;0.0469052717446721;0.022319842123327327;0.0004981753524102569;0.031787387375915244;-1.5840538369270263;0.20016800517670025;0
0.013109926338023806;-0.2815208118551773;0.0001718701685884103;0.013255837666972602;0.006453050813621592;-0.12935609514221605;4.164186480318229e-05;0.007137758743754885;0.024407437538905216;-2.870226797875757;0.043336392372794894;0.0530233506678902;0.02257708743856816;0.0005097248772087523;0.04087016243417278;-2.9080895279046874;0.22158131363793165;0
0.010181491519417836;2.0896893287682468;0.00010366276955997732;0.0020393596410726994;0.008265069492876162;2.549224022296284;6.831137372207221e-05;0.0030590394616090144;0.02061670554681361;2.3934318285393807;0.014275517487508896;0.0530233506678902;0.019283426378461203;0.0003718505328935333;0.014109106635949165;2.552474420098401;0.20095104067832395;0
0.010333538134114785;1.1365668337548154;0.00010678201036920447;0.006118078923218098;0.009657396139534187;-2.1014306327665806;9.326530019588982e-05;0.01427551748750866;0.013046324137095444;-0.33018890806161494;0.014275517487508896;0.0336494340776996;0.012842836146553188;0.00016493844028721315;0.014109106635949165;0.11063320175090989;0.13848769646212797;0
0.008724074492181814;1.2907596524217564;7.610947574513739e-05;0.006118078923218098;0.007996526532761205;-3.171524885979999;6.394443658915393e-05;0.01427551748750866;0.012459302452620247;0.537614920092801;0.010196798205363497;0.0336494340776996;0.011756432574888183;0.00013821370688789198;0.011541643290479714;0.8263371339243465;0.12544894641566676;0
0.009737808819262176;-1.8476598568797062;9.482492060050022e-05;0.014275517487508896;0.010433671656805456;-1.8489448636161103;0.00010886150424202552;0.015295197308045294;0.013194909037264833;1.4763818473512085;0.011726317936168004;0.0336494340776996;0.012407920234826193;0.00015395648455380928;0.009767902602518641;2.425777245092848;0.13607627036596098;0
0.012371368115103797;-0.5593450939273245;0.00015305074903940687;0.014275517487508896;0.012869797471986839;-2.907269681504351;0.00016563168696995885;0.023452635872336147;0.011443606365159453;2.761561556505704;0.0050983991026817;0.03008055470582241;0.011352081140307023;0.0001288697462161144;0.009786065187765702;1.6745256234808454;0.12121262970812267;0
0.018696601830833225;-0.22761833007116886;0.0003495629200207163;0.0193739165901907;0.010522977179846205;2.1005091582359774;0.00011073304872756397;0.008157438564290853;0.011468565187317155;2.3580160602634037;0.006118078923218098;0.03008055470582241;0.013159605105998885;0.0001731752065458319;0.023856555569972224;-2.8381981134026604;0.13609397802429252;0
0.017851678800868218;0.8656860997049117;0.0003186824360093677;0.011216478025899902;0.004141959011234808;0.89807162535165;1.715582445074923e-05;0.0030590394616090144;0.015763867476027593;3.495033569087127;0.006118078923218098;0.04027735291118591;0.0164327423487748;0.0002700350211012167;0.023856555569972224;-1.244487677030263;0.1664839922356653;0
0.012034814009438437;2.1316561270103604;0.0001448367482417757;0.010196798205363497;0.0024344522048155488;1.0987996307154806;5.926557537531286e-06;0.0020393596410726023;0.015378245695990037;1.8550263922303607;0.011216478025899895;0.04027735291118591;0.014472906095636773;0.0002094650108531201;0.014070490382206521;-0.04414053942182979;0.14196238317589402;0
0.01848125722483096;1.1654330254441814;0.00034155686861036654;0.010196798205363497;0.0025593760371185677;-1.2169312168823996;6.550405699376743e-06;0.0030590394616090144;0.016048218472731437;-2.8905787911730694;0.027531355154481504;0.034669113898235904;0.011598566540852255;0.00013452674580257743;0.017784117777597877;-2.0916229178705508;0.10643530640715138;0
0.018433374591172145;1.6726511597943343;0.0003397892988184709;0.008157438564290798;0.018531821634580583;4.860137331460169;0.000343428413095909;0.0030590394616090144;0.015031201192242877;-3.1609179214738456;0.027531355154481504;0.030590394616090505;0.009910515333919451;9.821831418385257e-05;0.017784117777597877;-2.7319037103845427;0.08994765612954791;0
0.01200886756026271;1.6280385015036127;0.00014421290007993006;0.008157438564290798;0.018793670059308657;4.789345115592745;0.00035320203429815465;0.0040787192821454266;0.019711758676892805;-1.7986771230661869;0.029570714795554204;0.0458855919241358;0.015575717174405862;0.00024260296549708172;0.018179291000144912;-0.9832481262674501;0.14807670547520937;0
0.018481257224830974;0.44317952781067643;0.00034155686861036714;0.015295197308045301;0.01855985344856791;4.805367981633336;0.0003444681600323182;0.0030590394616090144;0.018782601936994433;0.5402473444158519;0.021413276231263392;0.0458855919241358;0.01271159601904008;0.0001615846733512756;0.0060487822109154266;1.4893087143205068;0.12740853774813282;0
0.019706483216159455;-0.46877738531112695;0.00038834548074877435;0.0224329560517998;0.01800536294475459;2.2803325761444335;0.00032419309477234174;0.014275517487508771;0.021814952963378535;1.8551196579075981;0.015295197308045294;0.0560823901294993;0.01933794101585285;0.00037395596273260396;0.01693999134235219;0.2080688750062952;0.20805454777185933;0
0.016949397586044627;0.11678677797146857;0.0002872820785298155;0.0193739165901907;0.018754903054593004;1.975691082562425;0.00035174638858718197;0.017334556949118007;0.01208653980945204;-0.013145730168011719;0.011216478025899902;0.031610074436626896;0.017364228462574873;0.0003015164301004953;0.028070555404188;-2.4318653377295782;0.21362046071960364;0
0.016482896422767446;0.06643019117941644;0.0002716858744836799;0.0193739165901907;0.019177030307320302;3.0162155888447564;0.00036775849140788144;0.0030590394616092365;0.009272921418896326;-2.7482823509589447;0.016314877128581602;0.020393596410727105;0.013729551135843456;0.00018850057439174034;0.0167841730502042;-0.9154177797918296;0.18147155325270312;0
0.02052825938375151;1.5511697981025574;0.00042140943332658195;0.013255837666972598;0.020623008615091122;-1.1888640072090968;0.0004253084843381226;0.023962475782604464;0.008265069492876186;-1.4039879624426703;0.011216478025899902;0.020393596410727105;0.013025043553229951;0.00016965175956353714;0.0055809120816945335;2.8770606569246433;0.177921543713753;0
0.010014169562007983;0.9680637757012119;0.00010028359201664717;0.006627918833486301;0.01984580911708434;-0.4018099694304797;0.00039385613951174796;0.020903436320995228;0.005519473275302924;-0.5781080734554133;0.006118078923218098;0.014275517487509007;0.005169028424062248;2.6718854848763446e-05;0.008300704060654793;-2.271488263905899;0.07733533699916488;0
0.010016764915054542;0.9480590082951714;0.00010033557936346761;0.006627918833486301;0.015518742995028478;-0.9013903446780915;0.00024083138414574549;0.020903436320995228;0.007027658178897717;-2.396675900295437;0.011216478025899902;0.016314877128581706;0.005612630332111442;3.15016192449374e-05;0.00864362866745512;-2.5880776480298535;0.0827644897834476;0
0.012129476142928601;-0.10258275168885451;0.0001471241915018741;0.013255837666972602;0.01572506963900262;-0.9834609301424267;0.00024727781515148197;0.02192311614153164;0.011436789960485255;0.6804274582231867;0.009177118384827203;0.030590394616090602;0.0073283927691832115;5.3705340579416775e-05;0.0010472323315938309;2.149631428235665;0.10114450825389769;0
0.007402341761142262;-2.6575321626481085;5.479466354875072e-05;0.011216478025899899;0.009369132035911;0.33584064157847493;8.778063510633382e-05;0.009177118384827265;0.009216687295586036;2.1087538521066747;0.007137758743754503;0.0234526358723361;0.008023399222871666;6.437493508957765e-05;0.006570046781689917;1.258851593707276;0.11300593000845922;0
0.012276453821543276;-0.33822311008507927;0.0001507113184324845;0.0142755174875089;0.005727479012943306;-3.2391293974023174;3.2804015843706026e-05;0.010706638115631661;0.009589870516611688;-0.9395512374686655;0.012745997756704396;0.0234526358723361;0.008295524722078921;6.881573041462255e-05;0.010483730622064188;-0.7412113028405223;0.11545434109277698;0
0.019713077321485684;-0.7151128063444325;0.00038860541748287323;0.0265116753339451;0.004554443037448252;3.6149584487587703;2.0742951381360857e-05;0.0025491995513408083;0.008482363349886862;-0.1976526738190986;0.009686958295095291;0.0214132762312634;0.006790333837684352;4.61086336272011e-05;0.004164176691104679;1.0837403398441456;0.09234810801365738;0
0.021021238021910988;-0.8480951557093318;0.00044189244797383624;0.0265116753339451;0.007303356614446858;1.5958186564534032;5.3339017837784674e-05;0.0030590394616092365;0.01001676491505471;-2.7647923434121306;0.018354236769654295;0.0214132762312634;0.009006658115116917;8.111989040260142e-05;0.01217297870811676;-1.5534463978263215;0.11748095564641854;0
0.023871181548029186;-1.3407081269076464;0.000569833308498969;0.033649434077699505;0.008427022947443437;-0.9655747509583131;7.101471575673827e-05;0.011216478025899868;0.008715131307368736;-1.5986701466341795;0.011216478025899798;0.0214132762312634;0.008574158759258503;7.351619842896933e-05;0.009623288377085468;-0.6658385458570469;0.11258840955850345;0
0.023079479099891862;-1.32448858414831;0.0005326623555223453;0.033649434077699505;0.005268893925874893;-2.054033581616016;2.7761243202121335e-05;0.008157438564290631;0.006840220182012055;1.5495370370343018;0.004588559192413605;0.018354236769654295;0.005993118688995742;3.591747162039004e-05;0.005459111685980789;0.02900666484225904;0.07576102526925402;0
0.02583233601104081;-2.943055789696723;0.0006673095837873158;0.0479249515652084;0.007027658178897888;1.1933518005546813;4.938797947943038e-05;0.0040787192821454266;0.015591434627141701;1.3389852337363959;0.014275517487508896;0.0387478331803814;0.012978515127620964;0.00016844185491788618;0.009623288377085468;1.6145446506012686;0.17362281114361874;0
0.021969308771125934;1.5986893361308923;0.00048265052788107083;0.020393596410727;0.0063104918718327;0.9378344661164029;3.982230766446658e-05;0.0040787192821454266;0.015999552985752626;-0.18985245099815037;0.0183542367696544;0.0387478331803814;0.013396629375907524;0.00017946967863542842;0.014008754911294732;-0.2445239273685639;0.18134402235188687;0
0.021481147324533816;1.6976789621201185;0.00046143969037832624;0.020393596410727;0.009954289680322883;0.07616088367348677;9.908788303978263e-05;0.009177118384827043;0.014304621528908011;-1.4960867787025858;0.019373916590190707;0.034669113898236;0.011838417245820052;0.00014014812288612964;0.01886958354751695;-2.1997551551493544;0.17256720680649681;0
0.03240593164488762;0.8808009018723671;0.0010501444057731289;0.0224329560517997;0.011814653029730275;-1.591804250803553;0.0001395860262129148;0.017334556949118007;0.014418647645843453;0.49352829580460994;0.016314877128581602;0.0351789538085042;0.011616002571528892;0.00013493151574176584;0.01886958354751695;-2.1797468570989884;0.16974990249805744;0
0.036384142142367334;-0.019866156889675562;0.0013238057994359907;0.0428265524625268;0.014034958393336796;-3.023016161088004;0.00019698005710269494;0.026511675333945273;0.007524242200213241;-2.2450019857927876;0.012236157846436196;0.0168247170388498;0.011599306301508308;0.00013454390667621036;0.018801895144277943;-2.175503552223615;0.1695394527202646;0
0.025812203254486334;-2.4069471330313106;0.0006662698368509149;0.03670847353930869;0.01234402339315452;2.627067031663477;0.00015237491353074605;0.009177118384827265;0.0073175793282384705;-2.148718069578839;0.011216478025899798;0.0168247170388498;0.012266777599385383;0.00015047383267278303;0.013150357098551627;-0.9577148739516232;0.16118236437898947;0
0.03089983190414513;-2.5459986570926887;0.0009547996117044252;0.0448659121035995;0.012326111352846529;2.860144552639911;0.0001519330210827721;0.008667278474558948;0.010014169562008108;1.9065108393072603;0.004588559192413598;0.027531355154481497;0.02401994711646378;0.0005769578594777167;0.019200690508522723;1.120803030068713;0.34886378411716307;0
0.027757025775091627;0.10588567533758801;0.0007704524798791009;0.026511675333945092;0.014875622398449575;-3.059484662100559;0.00022128414174125467;0.02804119506474967;0.01654585653136454;0.9525851008172737;0.0163148771285817;0.0397675130009177;0.0265451007089602;0.0007046423716488393;0.03652434373038073;-2.2974326002211094;0.40596780907609276;0
0.031109427002269544;-2.199912832998354;0.0009677964484095375;0.0509839910268176;0.014094099907441638;2.2876651510773782;0.0001986436522009464;0.00968695829509536;0.01755212287041077;-2.527747723099457;0.0295707147955542;0.0397675130009177;0.03002769410463338;0.0009016624132414341;0.049016685537039924;-2.5643947519176167;0.5521791738091734;0
0.02856468813670116;0.8148051809131237;0.0008159414083469959;0.027531355154481504;0.013535265427588487;1.2673276710631072;0.00018320341019527212;0.010196798205363677;0.014979231918795726;0.17325021194063575;0.016314877128581602;0.0367084735393087;0.026627503913397698;0.0007090239646580096;0.012891137170903975;3.5301092756751706;0.5713608632842752;0
0.04240017028737094;2.9108136690235966;0.0017977744403980538;0.029060874885286102;0.014275517487508865;0.6038450775718474;0.0002037903995361714;0.014275517487509104;0.016372133648558024;2.099043587171019;0.007137758743754498;0.044865912103599304;0.016635647558925427;0.00027674476970478157;0.012891137170903975;1.6125606239610721;0.3978032848913654;0
0.06411264745513064;-2.1901837755404805;0.00411043156370587;0.10298766187417151;0.015082991403773241;-1.6933773716699594;0.00022749662968629748;0.022432956051799735;0.01406640828351843;3.406732020603011;0.007137758743754498;0.035688793718772205;0.030889130789318132;0.0009541384009196013;0.027427387997285106;0.6570596362624231;0.5464522164697816;0
0.06104212558560756;-2.0284263490531025;0.0037261410960090845;0.0866727847455898;0.04515696725518028;4.0489002870245345;0.002039151691685424;0.016314877128581706;0.04360010692460116;3.412852161308173;0.007137758743754502;0.11624349954114399;0.048905032909982445;0.0023917022439264657;0.06340628857626399;-0.9770523537587318;0.6352527306559573;1
0.061859361862746355;-2.098596586267115;0.003826580650066198;0.0866727847455898;0.04493538194459206;3.6590708295460197;0.00201918855050637;0.022432956051799957;0.04631748971924947;-1.1340403284934102;0.05404303048842671;0.11624349954114399;0.040155978922127585;0.001612502643194355;0.03597890057897887;0.21316959630158175;0.4641993878247182;0
0.055670222681020676;-1.9074345241793402;0.003099173693354429;0.0825940654634444;0.048487893051855045;2.822744453233163;0.002351075772608133;0.030590394616090588;0.04539236173500781;-0.7585143834975318;0.046905271744672204;0.11624349954114399;0.033724368166363955;0.0011373330082204626;0.03589381081200921;0.9686326371449686;0.3665358298326058;1
0.053457875516337634;4.655066224456566;0.0028577444547202508;0.0163148771285816;0.04983616665635797;3.107127350415832;0.0024836435070002857;0.030590394616090588;0.029083227688287222;1.220468666241679;0.015295197308045308;0.08055470582237179;0.0360785507694788;0.0013016618256258595;0.03589381081200921;0.5358462554067399;0.40228784478264057;0
0.00931766436346312;1.5324321417067388;8.68188691901506e-05;0.0050983991026818005;0.0493076085549205;3.177554083050898;0.0024312402614052693;0.02651167533394516;0.030903196616073672;1.3570734514542206;0.015295197308045308;0.0856531049250536;0.04200350363692723;0.0017642943177773593;0.01604897891699531;3.011571067323613;0.5547400040242393;0
0.009384378802768009;1.4802853044796944;8.806656551384153e-05;0.0050983991026818005;0.015031201192242905;1.9448767654067147;0.00022593700928168453;0.005098399102681617;0.027412134374083588;-3.030309348567917;0.04996431120628131;0.05710206995003571;0.021088453483973618;0.00044472287034571904;0.03393600578617656;-2.3691683151715615;0.40992741453385567;0
0.010621324898541458;2.000000000001363;0.0001128125426003767;0.008157438564290801;0.010877646867008837;1.6197914897100343;0.00011832320136334718;0.005098399102681617;0.024593104580535156;-2.298894873671012;0.0367084735393087;0.05506271030896301;0.01771829555167548;0.0003139379972565231;0.02222612532721662;-1.4315350559102964;0.3976110410492749;0
0.009389916943588053;1.2849601726614281;8.817054020748201e-05;0.008157438564290801;0.007963953987872517;-2.7815607363611847;6.342456312095057e-05;0.013765677577240565;0.024086900807622418;1.7374937372335992;0.009177118384827099;0.0672988681553991;0.013942158219169594;0.00019438377580835824;0.013754377377516003;0.8096952583147944;0.3966831686481901;0
0.01154536951542194;-3.0290887142497387;0.00013329555724763423;0.0224329560517997;0.015339319792916714;1.4873022643853464;0.00023529473170936648;0.01223615784643628;0.013707015408509177;1.0098984794115218;0.013255837666972501;0.0346691138982358;0.007493063780755158;5.614600482246478e-05;0.011328006365071058;-2.4973061265146925;0.2417984891222231;0
0.013906578665224465;-0.9071279916748965;0.00019339293017207627;0.014275517487508901;0.01297640228844055;3.078041421884277;0.00016838701635144514;0.0040787192821454266;0.013149521494138783;1.4448997656540168;0.0091771183848271;0.0346691138982358;0.010004316833052872;0.00010008635529610505;0.014575549507887413;-2.0385505969372466;0.3704194256885852;0
0.013341839285241835;0.3398290789594019;0.00017800467551322237;0.010196798205363502;0.013786433185402723;2.561704643665999;0.0001900657399755735;0.0040787192821454266;0.014330039076735976;0.6689312610158566;0.016314877128581602;0.0346691138982358;0.00993917932105404;9.878728557606825e-05;0.014575549507887413;-1.8773671402059466;0.36407456830046914;0
0.021369530983876214;2.477778773129567;0.0004566568544708456;0.0122361578464362;0.013812804307274454;2.588021293498356;0.0001907935628310597;0.0040787192821454266;0.016099966187752338;-2.510620592050028;0.026511675333945002;0.0367084735393086;0.011055791057602739;0.0001222305159093687;0.014575549507887413;-1.5102880519275874;0.39421914281485926;0
0.02470067817459311;1.2439866566857134;0.0006101235022848205;0.0224329560517997;0.013812804307274454;2.5880212934983433;0.0001907935628310597;0.0040787192821454266;0.01621900042886376;0.9200737396303644;0.016314877128581602;0.040787192821454;0.010901117196547416;0.00011883435613286177;0.010821969666885922;0.07807645997394157;0.3499505044153276;0
0.025311895666173367;1.257806507643238;0.0006406920622152461;0.0224329560517997;0.006505205631788134;-2.219331236530279;4.231770031184805e-05;0.009177118384827265;0.017507638243160643;3.3173399991531105;0.0112164780258999;0.0428265524625267;0.010573841320681981;0.00011180612027496165;0.010821969666885922;-0.16021048483425915;0.35568331815300086;0
0.024993598368273164;3.9715360655389347;0.000624679959394547;0.008157438564290801;0.01865484654496277;2.8855552408414957;0.00034800329961610937;0.01223615784643628;0.017507638243160643;3.3173399991531105;0.0112164780258999;0.0428265524625267;0.006623519055293915;4.3871004675841597e-05;0.008697603398724961;-1.955971392689489;0.19302883323378345;0
0.03456097916070526;1.5857592529639888;0.0011944612805467032;0.0163148771285816;0.019608631188435047;3.798701650081403;0.00038449841708406763;0.010196798205363677;0.01755804563854635;0.010971167271896102;0.0214132762312634;0.0428265524625267;0.011628592373767128;0.00013522416059523503;0.005198272322165208;2.4174403436872964;0.28287750453770405;0
0.033053987365802284;1.4580985589459523;0.001092566080778617;0.0163148771285816;0.02249775119081742;2.4708643437362525;0.0005061488086439267;0.01223615784643628;0.011772776504432612;-2.85264301821891;0.0214132762312634;0.0254919955134087;0.011614901442344974;0.00013490593551538735;0.004059773828418385;2.7826483286867947;0.2841181977427691;0
0.03297367694696681;1.520977783680209;0.0010872633714029305;0.0152951973080452;0.02189820282744351;2.364035447330341;0.000479531287071855;0.010196798205363677;0.012946320177916663;0.10545136045418484;0.0122361578464361;0.0336494340776995;0.013100475160268094;0.00017162244942480135;0.012123610965132744;1.5958578657634774;0.33604004919045866;0
0.0344328829984831;1.002417633211227;0.0011856234315872267;0.0275313551544815;0.022063760233167827;1.4646703335102866;0.0004868095156267181;0.015295197308045294;0.014099631705878104;1.0941739903013155;0.0101967982053634;0.0377281533598449;0.012011811308831152;0.00014428361091896395;0.008801864446469083;0.8696367282555938;0.2827322639879295;0
0.03476943719652059;3.0112183978698233;0.0012089137629627896;0.013255837666972602;0.01201319586011879;-1.435721167022417;0.0001443168747735752;0.016314877128581706;0.011340930122075219;-0.9457974903425838;0.0152951973080453;0.0275313551544814;0.011776145823245562;0.0001386776104503439;0.005877762543950608;1.2925889771323267;0.26555441038003424;0
0.03083920431420607;-0.7148146184026712;0.0009510565227333463;0.0418068726419904;0.012073629134794059;-1.6169991514059145;0.00014577252048454794;0.016314877128581706;0.00964662380362187;0.37208576511344066;0.0081574385642908;0.025491995513408798;0.014759047949416527;0.00021782949637317618;0.018913948767989176;-0.2577759674323244;0.42388079634627374;0
0.01843055409163896;-1.4275290400174434;0.00033968532412482957;0.0275313551544815;0.009412036919925995;1.3858857369569861;8.858643898205e-05;0.006118078923218029;0.007353015754999079;0.4781804733728154;0.007137758743754498;0.0183542367696543;0.0156387349677212;0.0002445700313906258;0.026978312855313963;-2.636573361382375;0.5127727596229529;0
0.0282710712569868;-1.4250139477988018;0.0007992534700176254;0.0418068726419904;0.014311888291646938;-1.2663815094436945;0.0002048301464725807;0.01835423676965431;0.006545041923475116;2.123315109812603;0.0010196798205363983;0.0183542367696543;0.016574760939901702;0.00027472270021489115;0.026978312855313963;-2.739512318410886;0.4898993545917348;0
0.04883084731260411;1.2460299449183825;0.0023844516492668565;0.037728153359844904;0.014311888291646938;-1.2663815094437147;0.0002048301464725807;0.01835423676965431;0.0045942205877709036;-3.126258826954658;0.0081574385642908;0.0091771183848272;0.030930297995256442;0.0009566833340753647;0.02748021851920327;1.0427109813854532;0.7227962045924602;0
0.038781360774419425;2.5551333188122727;0.0015039939435156778;0.023452635872336;0.015062296688236247;-2.198720302180759;0.00022687278152445264;0.022432956051799735;0.0045942205877709036;-3.1262588269550498;0.0081574385642908;0.0091771183848272;0.03095444988860164;0.00095817796790595;0.02473745825331946;2.017465579174246;0.7620444316102545;0
0.05063303290445652;0.7590265218207494;0.0025637040211037767;0.037728153359844904;0.014941006232748208;-2.068641830576104;0.00022323366724702077;0.022432956051799735;0.022898567204763614;4.49634511434855;0.0010196798205363983;0.057102069950035694;0.030418835702965004;0.0009253055655239785;0.04447087139023533;-2.26277908775767;0.5609629823738636;0
0.04891063024834096;1.5965345805220335;0.0023922497512899256;0.020393596410727;0.016558419825909228;-2.763685420093765;0.00027418126713106377;0.029570714795554176;0.028614693994906123;-3.204849584278143;0.0489446313857449;0.058121749770571995;0.023399896633302535;0.0005475551624492433;0.03635219076602539;-2.2413634670736897;0.3684185251175569;0
0.049727559148440285;1.8103912424799613;0.002472830138861627;0.0244723156928724;0.013577449385850157;-1.8533406245019215;0.0001843471318253228;0.02039359641072691;0.02672067029907903;-2.6977536050846145;0.0479249515652085;0.058121749770571995;0.02430513096264343;0.0005907393911112485;0.040457649285493856;-2.524294371747098;0.3876827651001801;1
0.02962867426008377;-2.677921598079799;0.0008778583384101505;0.0489446313857448;0.012517582167369319;-1.5075104059841635;0.0001566898633168424;0.017334556949117896;0.021502917537420244;-2.2183481848960036;0.034669113898235994;0.0489446313857448;0.018473454937422133;0.0003412685373249662;0.025809696434701636;-1.2934213632226133;0.33763619621180974;1
0.02307947909989192;-2.361551737848135;0.000532662355522348;0.037728153359845;0.00938437880276822;-2.875389073736212;8.80665655138455e-05;0.016314877128581706;0.020879796225928674;-2.429339917772502;0.034669113898235994;0.04690527174467209;0.019805425290364966;0.0003922548709322282;0.025809696434701636;-1.2419286687733038;0.3686228891211422;1
0.01873271445995072;0.613596707819069;0.00035091459103804687;0.016314877128581602;0.010776814594159568;1.0127283321404736;0.00011613973279689067;0.007137758743754441;0.017343551790308966;1.5407430047067134;0.010196798205363601;0.04690527174467209;0.01317319527971061;0.00017353307387738988;0.011247809837155849;0.5202470558493436;0.2859708102025014;1
0.02248619432397831;-1.9104601173954734;0.0005056289351757144;0.034669113898236;0.01496186871379599;-0.6775734352675435;0.00022385751540886727;0.016314877128581706;0.012223405203214568;0.14700947084406835;0.010196798205363601;0.0326297542571632;0.01857361756807672;0.0003449792695651683;0.011247809837155849;2.3788825576215564;0.3807155369895735;1
0.01893147561549796;-0.7154491374165298;0.0003584007689801939;0.0214132762312634;0.01764075559796766;-0.4295165163753687;0.00031119625806722733;0.021413276231263323;0.017764098491061645;-0.7520769495914337;0.020393596410727;0.0458855919241358;0.01847149899370348;0.00034119627507438866;0.010348449825929966;2.417374836835035;0.37723151098425656;1
0.020196354204491073;1.2786524226331106;0.0004078927231532642;0.0214132762312634;0.017319555166170106;3.31703756656826;0.0002999669911540096;0.009177118384827043;0.02670704772857902;-1.1127655143690152;0.0336494340776996;0.0672988681553991;0.020699706612824526;0.0004284778538570113;0.011083927658267281;3.270947539115047;0.4685867946475179;1
0.03187702434281709;0.6264832175391225;0.0010161446809525535;0.0214132762312634;0.02449991645677478;-2.780513070740998;0.0006002459063889438;0.03874783318038133;0.026703154289134383;-1.0987778225556493;0.0336494340776996;0.0672988681553991;0.019448616901404866;0.00037824869937761103;0.0023956156684019833;3.351620378260025;0.4171524111422579;0
0.03168071523365034;1.0385098223812352;0.001003667717715645;0.0214132762312634;0.02508702494534569;3.2832609269586377;0.000629358820608397;0.008157438564290853;0.030593793360016917;-0.27993851658825736;0.035178953808504096;0.0774956663607626;0.01941455079814156;0.000376924782693619;0.011782690400194057;1.7110864596865671;0.39840629145228657;0
0.038153606622696595;1.3089945153037708;0.0014556976983194775;0.0214132762312634;0.04771077412786684;-0.04062484849760158;0.002276317967880328;0.053023350667890434;0.01780210285942286;-1.032630229322951;0.0214132762312633;0.0453757520138676;0.030188503294348974;0.000911345731152919;0.011782690400194057;3.4084818886609463;0.5597557887114604;0
0.053866703773636636;-1.5679158399751145;0.0029016217754367192;0.0678087080656674;0.05486881859829312;-0.6515471685217946;0.0030105872543723976;0.0662791883348629;0.01720511414654521;-0.011100457731378318;0.0152951973080453;0.0453757520138676;0.040737097353872556;0.0016595111008188904;0.062126122619814844;-2.538209071305373;0.5832565760541808;1
0.0534962751518185;-1.4519791541016278;0.002861851455119073;0.0647496686040583;0.0542043992025065;-0.7584833230418072;0.002938116892904687;0.0662791883348629;0.01629096085313581;1.9902104771397156;0.0050983991026817;0.0453757520138676;0.045331174663488856;0.002054915396371734;0.062126122619814844;-1.939466583029945;0.6804838668075815;1
0.04412045120287205;-2.0007435688229087;0.0019466142143450137;0.0647496686040583;0.05233054061553491;1.0219074379832307;0.002738485481114149;0.041806872641990456;0.011816852946522165;1.292474311797933;0.0101967982053635;0.0295707147955541;0.05106854668130819;0.0026079964601409536;0.09311015974490154;-2.7889362525113977;0.8452358968884568;1
0.042024542339418554;-1.822437204582793;0.0017660621588375827;0.0647496686040583;0.04952222833140712;1.89351391506469;0.0024524510989080216;0.020393596410727133;0.011612716204757926;2.167845969198847;0.0050983991026817;0.0316100744366268;0.051180742586740074;0.0026194684117301493;0.09311015974490154;-2.800936255443919;0.8544928263000838;0
0.03903522941276834;1.4035452738122203;0.0015237491353074543;0.034669113898235904;0.02549811285833871;3.1122951915433106;0.0006501537593365779;0.017334556949117896;0.012703099012866011;-1.3793226564990928;0.0163148771285815;0.0316100744366268;0.044400888478904374;0.001971438897716103;0.03775493348341915;1.828935103087834;0.9166295670751721;0
0.018892991379588914;-3.018256603523063;0.00035694512326922106;0.0305903946160905;0.007878635167566763;2.4746008097435976;6.207289210361976e-05;0.005098399102681617;0.016164417871348986;-0.4374910631845488;0.017334556949118;0.0418068726419903;0.020737154550054596;0.0004300295788328501;0.03775493348341915;-3.3118528814314576;0.6021858608603289;0
0.01820349825263154;3.79282146081205;0.00033136734863355947;0.0050983991026817;0.0075069490442769195;2.218175133780542;5.635428395337016e-05;0.0030590394616087924;0.016164417871348973;2.8665535316631954;0.0091771183848272;0.0418068726419903;0.018012230331819163;0.00032444044152650633;0.0023111760302033796;4.226421046186019;0.4110291355099391;0
0.04517423283344205;4.7680154793143785;0.002040711312090034;0.011216478025899895;0.008106294244662672;1.83869772472341;6.571200638105117e-05;0.0030590394616087924;0.0056589933416989115;0.4176505312877327;0.004078719282145399;0.015295197308045301;0.042726515228994094;0.0018255551036134644;0.008014356962584852;4.837241390940652;0.6040876331108375;0
0.09396724380371357;0.7370591147111417;0.008829842908066547;0.09992862241256249;0.017268451620284748;4.001660127186146;0.00029819942136211493;0.0030590394616087924;0.005519473275302544;2.413190602103853;0.0010196798205363011;0.015295197308045301;0.09272741250720923;0.008598373030282143;0.09639608461607724;0.9932670543044052;0.8201898062292674;1
0.08717934492223034;0.4141827017325935;0.007600238181069208;0.092790863668808;0.021382907082197197;2.347558774317798;0.00045722871528587904;0.010196798205363455;0.03190799586517036;4.879124890867298;0.0010196798205363011;0.0754563067196899;0.085386302229359;0.007290820608403438;0.08876436102521183;0.5689419070585823;0.6537162187922467;1
0.08856228896914772;0.321798986628463;0.007843279027454825;0.092790863668808;0.021344580433005352;1.8431270898301004;0.000455591113861035;0.011726317936167963;0.035678595463465;-3.0885531647056528;0.0596512695013765;0.07035790761700811;0.08548490040816009;0.007307668197793049;0.08876436102521183;0.5605204975567611;0.6548917455171617;1
0.10058871389115855;-0.42485954716357455;0.010118089362277352;0.1106352605281942;0.0363408938381181;-0.7728981597420616;0.00132066056495337;0.044356072193331375;0.035678595463465;-3.0885531647056528;0.0596512695013765;0.07035790761700811;0.08152910074015823;0.006646994267498869;0.06818491659836205;1.1032846230436786;0.605494623111421;1
0.10141714170539606;1.1634540552731576;0.010285436631692386;0.09330070357907619;0.03460720304179722;-0.23253541946782383;0.0011976585023761787;0.03262975425716341;0.0326985897002122;-2.7923046770462245;0.0596512695013765;0.07035790761700811;0.08764535201061259;0.007681707729064191;0.07788715901599383;2.0433815428487505;0.7498066247093402;1
0.05450806232233593;0.9930438307495019;0.002971128858135658;0.054043030488426604;0.03314665273754573;2.874126335983225;0.001098700587703448;0.008667278474558948;0.02721083951461779;-0.41737680918692277;0.029060874885286005;0.06933822779647181;0.04258072051148396;0.0018131177592771112;0.028630667329252422;1.5426881232638838;0.61735288351942;1
0.026191087058307742;-0.8842761555649071;0.0006859730412958553;0.032119914346895;0.033692665450679435;2.7369097811053535;0.0011351957051714077;0.008667278474558948;0.024372800791946158;-0.9529843423139314;0.0300805547058223;0.0596512695013765;0.02225222975480193;0.0004951617290604925;0.026344332354138862;-0.8125568554650707;0.46236702166234467;1
0.03172990637434758;0.8456991942522869;0.0010067869585248634;0.0275313551544814;0.08029096434296563;2.4164416058314053;0.00644663895512338;0.035688793718772316;0.02932443867761312;0.4665614803571323;0.030590394616090498;0.072907107168349;0.05385778230975408;0.00290066071532486;0.04695018187122167;1.874047721496711;0.7739632823650985;1
0.03652674730659811;-2.381840437676073;0.0013342032688000726;0.060161109411644695;0.06479742339481569;3.7246718311424964;0.004198706078607007;0.0305903946160907;0.03155987290425987;1.6654410148857675;0.0300805547058223;0.07341694707861719;0.05392589268385585;0.0029080019017507382;0.026344332354138862;3.5348618961424116;0.832950099384528;1
0.04309640301124282;-0.3767690850258892;0.0018572999525074587;0.044865912103599304;0.06635992917245488;3.4583006261065585;0.004403640199773228;0.03772815335984492;0.03586027064804025;0.8188254513588463;0.0305903946160905;0.09279086366880779;0.05387254444688325;0.002902251045181411;0.04107573850111429;2.4813038158306013;0.7959053370216941;1
0.06279688054130209;-1.243759960014767;0.003943448205718564;0.08055470582237159;0.06348438449657316;3.8811312942441227;0.0040302670749087395;0.018354236769654197;0.04793905144602783;-0.2978917853201999;0.0499643112062811;0.1254206179259711;0.05167221249039753;0.0026700175436527944;0.07026508039930537;-1.6597458917225356;0.5858311608712412;1
0.06131913931339879;1.0512724576994603;0.0037600368461360085;0.055062710308963;0.06389089506605705;4.02360226856032;0.004082046472341913;0.018354236769654197;0.05318683568222574;1.3288336465108077;0.0520036708473539;0.13255837666972559;0.04099398544214115;0.0016805068424304804;0.05190874921554027;-1.2343267818070263;0.395936323979365;1
0.06473722249667431;-1.2846354424546824;0.004190907976583915;0.0836137452839807;0.01814629038566133;-2.5971204666372585;0.00032928785476074487;0.03161007443662678;0.02993242280711122;-1.6544374574771084;0.039767513000917805;0.0723972672580809;0.02793956484845493;0.0007806192839210185;0.0355920790853375;-1.3133766754087144;0.31357909184679206;1
0.05319660926059549;-2.500689162472104;0.0028298792368244736;0.0836137452839807;0.014961868713795996;-2.950770902848079;0.00022385751540886744;0.02651167533394516;0.024173079618904223;1.1661231494028155;0.020393596410727;0.06322014887325389;0.020199663503373;0.00040802640564949915;0.02323650660223979;-0.7291289855912512;0.20819484263763563;0
0.07516845599403817;-1.5885626957090402;0.005650296776527652;0.0968695829509533;0.012788752601295503;3.2154050653733584;0.00016355219309714252;0.008157438564290631;0.011969842431593011;-0.6348887030393323;0.013255837666972498;0.030590394616090595;0.015033510656736667;0.0002260064426662149;0.014328706327402269;-0.0934249605809742;0.14511187348179932;0
0.06965241708142361;-0.033508996784618716;0.004851459205284591;0.07545630671969;0.01295033516333762;4.465873027159621;0.00016771118084277882;0.0030590394616090144;0.009373292704624255;0.15972830081871456;0.010196798205363497;0.02345263587233609;0.013360743393450324;0.0001785094640256265;0.014328706327402269;-0.7245553949860254;0.13021425329689335;0
0.043988283083762514;-2.9399189390761093;0.0019349690486572273;0.0764759865402264;0.011987202618281314;3.4374247352251004;0.0001436930266117304;0.006118078923218029;0.03386810919207712;4.026956356378534;0.010196798205363497;0.0856531049250536;0.013731824560454993;0.00018856300575911496;0.014649499437113814;-0.08024717174485356;0.1385176703292617;1
0.041860309505904955;-3.152726750965265;0.0017522855119301568;0.0764759865402264;0.009389916943588367;2.51315525987904;8.81705402074879e-05;0.006118078923218029;0.06398277590667141;0.06010629514807064;0.0683185479759356;0.153971652900989;0.02085524961138665;0.00043494143635324303;0.014649499437113814;1.0516688253226636;0.22002122755246667;0
0.052196253672774376;-2.311659309410343;0.0027244488974726127;0.0825940654634445;0.0103737075300173;-2.6264790310159114;0.00010761380791833762;0.01733455694911812;0.06078266849310135;-2.394353384304496;0.101967982053635;0.136637095951871;0.033017747208560634;0.0010901716307284135;0.042260567155065445;-1.1349658704000944;0.3953285707708264;0
0.05336248621216448;-3.0057046006625767;0.002847554934743444;0.089731824207199;0.016473431652292828;0.9705817589289332;0.00027137395040276315;0.014275517487509104;0.05402859913016802;1.0870250386756766;0.0499643112062811;0.136637095951871;0.03206204840568137;0.0010279749479682554;0.03441764343025681;-0.4845922887023413;0.4349972104552461;0
0.042907806985436635;3.9179460276261557;0.0018410799002994852;0.007137758743754499;0.015027742165343643;1.675862051422886;0.00022583303458804726;0.014275517487509104;0.033551959824279616;0.25027970185166026;0.0316100744366269;0.0887121443866625;0.021007271751594885;0.0004413054664453564;0.025017655461357056;-0.9342672607673208;0.3178832592111309;0
0.01150477227088197;-0.7131189876905116;0.00013235978500485468;0.013255837666972501;0.0154709322524974;1.4036108064531614;0.00023934974476136426;0.014275517487509104;0.02911359995879344;-1.3725473968109074;0.0387478331803814;0.07239726725808099;0.024708343889582034;0.0006105022577658457;0.025017655461357056;-0.32690732734860006;0.3613564586443635;1
0.012950335163336968;-0.5513287305687425;0.00016771118084276193;0.013255837666972501;0.016251022178555403;-1.1446414455329013;0.0002640957218478996;0.022942795962068052;0.02911359995879344;-1.3725473968107889;0.0387478331803814;0.07239726725808099;0.024585333803409326;0.0006044386382250613;0.025017655461357056;-0.2584208507382601;0.3560614046113483;1
0.016702218506489765;0.9837022741851698;0.00027896410303852913;0.013255837666972501;0.025383679333238676;-1.317050108235583;0.0006443311764926882;0.03670847353930884;0.023090739030844413;-0.5057303696207095;0.024472315692872504;0.059141429591108394;0.017868088766972285;0.00031926859618440116;0.02045846171797458;-0.8542081797373081;0.2263200233063247;1
0.01940106666698406;-2.3331477127333264;0.00037640138781676;0.032374834302029;0.027097403685446865;1.3218606515356537;0.0007342692864920693;0.024982155603140654;0.02588059072808638;-0.23932848705842127;0.024472315692872504;0.06831854797593559;0.021748565007314518;0.00047300007987738547;0.02045846171797458;0.09726300006506132;0.2836825738916857;1
0.019683386450999756;-2.519015573416605;0.00038743570217940077;0.0339043540328335;0.026407049751461017;-0.5548642094148603;0.0006973322765761373;0.031610074436627;0.02724282223281539;-1.3029601513165332;0.0326297542571633;0.06831854797593559;0.023227160144402795;0.0005395009683737337;0.027908100459021173;-0.5894316711075357;0.2929913885093995;1
0.030927159592760402;-1.1773465347861496;0.0009564892004760718;0.0425716325073925;0.02707917145893647;-0.764741622655631;0.0007332815269024797;0.034669113898236015;0.021176469339179854;0.08738698575446809;0.019373916590190707;0.0560823901294994;0.020298597489226723;0.00041203306002964143;0.02100382593759255;0.05619373385657648;0.2659180052102191;1
0.07099820515377736;1.580286812809233;0.005040745135057859;0.0721423473029467;0.037312305624485446;-0.5932096443144536;0.001392208151015008;0.036963393494442776;0.027328560599172082;-2.227032483401666;0.042826552462526805;0.06423982869379019;0.03668318633154096;0.0013456561594345536;0.007449638741046594;2.0316359583195465;0.39616798611699355;1
0.08985485461537589;-2.246990137810615;0.008073894897950337;0.136127256041603;0.027630548038268227;-0.6487837990231853;0.0007634471848950482;0.03186499439176094;0.04530753112400165;-0.5001821653191053;0.0509839910268176;0.1142041399000713;0.05466710423242607;0.0029884922851589365;0.06030108653523558;-0.9858682345318451;0.4876179845400843;1
0.08080954536107621;-2.3964568488747062;0.006530182621463833;0.1325583766697257;0.027385570383540413;0.6255163508268092;0.0007499694652318457;0.029570714795554176;0.06071763098495813;-2.482354825954824;0.1009483022330987;0.1386764555929437;0.05311789312658122;0.0028215105702069044;0.06030108653523558;-1.0962721549866525;0.4694871019189647;1
0.0857865305039388;-2.3230842920060675;0.007359328815903222;0.1325583766697257;0.02432956906518629;1.6957095886551201;0.0005919279308976696;0.01835423676965431;0.04888405040449189;-0.7795323232361552;0.0499643112062811;0.1254206179259711;0.06439044553138587;0.004146129475730371;0.09774660688303251;-2.0213206324852244;0.6385654573061155;1
0.09184479786621876;-2.6376633035083485;0.00843546689508658;0.14377485469562548;0.028747014889513495;2.5585597399705904;0.0008263908650579107;0.016314877128581706;0.04187769284047453;-1.625326667076487;0.0499643112062811;0.1029876618741714;0.06625485919463195;0.004389706366900506;0.09774660688303251;-2.184825533204164;0.6873288434050224;0
0.0886845970339773;4.247125536392713;0.007864957751078936;0.0244723156928724;0.016761253599230714;-1.4774783708752988;0.00028093962221772457;0.023452635872336147;0.04326976205610292;-1.957432904302171;0.0601611094116447;0.1029876618741714;0.05981765520199346;0.0035781518738645752;0.022332482321810315;3.825445943968416;0.7356570426689776;1
0.03247484130214773;0.9542568189996968;0.00105461531759968;0.0244723156928724;0.016869461653981618;-1.827115367441306;0.00028457873649515627;0.023452635872336147;0.03925701095531197;2.33196091300387;0.024472315692872504;0.1029876618741714;0.015248629174256437;0.00023252069169398456;0.015238568914143727;0.34035091746688434;0.27190121725611677;1
0.04039013423134142;-2.4357210143470573;0.0016313629432257778;0.0642398286937901;0.017168816396943648;-1.783395388333614;0.000294768256471961;0.023452635872336147;0.01565797967827438;1.0791803982767523;0.010196798205363601;0.0428265524625268;0.014941201435089242;0.00022323950032391283;0.006912843189558128;2.7530198476007683;0.25772951184618653;1
0.039675897743129664;-0.7067842366010831;0.0015741768617232818;0.0509839910268175;0.01623501919862401;-0.8290325968978856;0.0002635758483796902;0.01835423676965453;0.022063760233167737;-0.7188673354521681;0.024472315692872504;0.0571020699500356;0.010585507945482806;0.0001120529784638796;0.006912843189558128;1.2441439335280826;0.1759962991531987;1
0.041157693190916375;-1.867304201996376;0.001693955708797604;0.060161109411644695;0.027240913870777806;0.43943835542459553;0.0007420673885151347;0.024472315692872115;0.01833156321341421;-2.5857586725564623;0.0316100744366268;0.040787192821454;0.017581848855623933;0.00030912140918200456;0.015756665218842586;0.04584160037139284;0.33574958221607587;1
0.038386577840162917;-2.4456976858401163;0.0014735293582788865;0.060161109411644695;0.020814959726159675;2.147627757814027;0.00043326254840164925;0.011216478025899423;0.028372029856319397;1.7363582484224978;0.016314877128581498;0.0764759865402263;0.014646095133115603;0.00021450810264827256;0.015756665218842586;0.6901508675370754;0.2934758050369646;0
0.036061218689428395;-2.175940696045464;0.0013004114933667797;0.0520036708473539;0.017492784895069804;0.348583674248399;0.00030599752338518227;0.021413276231263323;0.02719889603007873;2.0272602150494854;0.005098399102681799;0.0764759865402263;0.015151879402022412;0.00022957944941343105;0.026044425352569303;-2.4913491423664347;0.3372892544291738;0
0.031191204022896088;-2.56704941458104;0.000972891208397929;0.0448659121035994;0.017409371957748405;0.23118724054032924;0.0003030862319632365;0.021413276231263323;0.025260496726593244;2.2853648917847393;0.005098399102681799;0.07035790761700819;0.014353373842998661;0.00020601934067687817;0.01736049238910253;0.31503007272322964;0.3758608772260697;0
0.023611698526419363;2.9123401571088103;0.0005575123073025143;0.0040787192821454005;0.018374053179742864;-0.07546517317777202;0.00033760583025201887;0.021413276231263323;0.02890751827452413;0.6841440643852993;0.030590394616090498;0.07035790761700819;0.014077106251676942;0.00019816492042100205;0.0070727322553758125;3.8110952211373337;0.3913069017200651;0
0.03241876313683551;0.8084317781102696;0.001050976203322245;0.023452635872336106;0.010631109631062213;-1.3192881668355447;0.00011302049198766373;0.013255837666972248;0.03093346255395991;-1.9683997709953165;0.0499643112062811;0.07035790761700819;0.0174252315376991;0.00030363869414242335;0.02739998625457727;-2.9448730398964202;0.40106173920053567;1
0.04307830465678573;-0.698512663136146;0.0018557403321028468;0.0448659121035994;0.010557503094153013;-1.268507697635633;0.00011146087158305044;0.012745997756704153;0.030277795062253973;-2.132214041180543;0.0499643112062811;0.0683185479759355;0.02158662262719996;0.0004659822764491413;0.031072333813993692;-2.410144594844372;0.46608877604457477;0
0.04548732134841513;-1.436755384965032;0.0020690964034539828;0.0571020699500356;0.006533116541099721;3.5184877477790146;4.268161173959078e-05;0.00101967982053619;0.03931391383431621;-2.679043785594072;0.0683185479759355;0.0856531049250534;0.024494923747549056;0.0006000012893982427;0.0417332259493853;-2.82617355436927;0.44125105143379756;0
0.04929179080740159;-0.5810284411211685;0.0024296806410006398;0.06423982869379011;0.015013898088553853;4.66672466035664;0.00022541713581348104;0.00101967982053619;0.032417159478100734;2.4029847094973285;0.0183542367696544;0.0856531049250534;0.01852457955808409;0.00034316004780378693;0.010660892135391606;3.1817374545144355;0.28727629631116147;0
0.04834938507497733;4.797668345200823;0.0023376630371284408;0.011216478025899902;0.015379935891708305;4.380032604757901;0.00023654242803305736;0.00101967982053619;0.014517462037494976;-1.2980242795286283;0.019373916590190596;0.035688793718772295;0.007318214659257061;5.355626579896495e-05;0.008763082236351763;-0.6321362200754072;0.09836055178678715;0
0.033409105588673015;4.610633570005277;0.0011161683362351025;0.0050983991026817;0.019355123900098865;-3.1754672128855397;0.0003746208211881783;0.03262975425716308;0.009538231331635071;-1.620571428562921;0.013255837666972498;0.023452635872335995;0.027442813152544827;0.0007531079937254875;0.007858938404001661;4.482930596522908;0.30799578913164144;0
0.033409105588673015;4.610633570005277;0.0011161683362351025;0.0050983991026817;0.020041313368509898;-3.023033459808952;0.00040165424153481357;0.03364943407769949;0.013758122320042804;0.44515787687814995;0.011216478025899798;0.037218313449576795;0.026288123305349166;0.0006910654269172419;0.01668287644195894;2.6886358411531597;0.28132162791573595;0
0.05568889644468857;2.054867100427721;0.0031012531872272476;0.0050983991026817;0.018232034871894367;-1.1511055533862329;0.00033240709556997224;0.02447231569287245;0.01860042454058786;-1.6406451711230676;0.0249821556031406;0.0458855919241358;0.025263245733492416;0.0006382315849908228;0.013860180006740178;2.5813555680670865;0.2637447855242883;1
0.07050184557515801;-1.299346488110782;0.004970510229503427;0.0866727847455898;0.019635125770426688;-1.3548637948911282;0.00038553816402047417;0.02447231569287245;0.02604279030018889;0.5705709750626061;0.026511675333945203;0.0662791883348628;0.0242406175960867;0.0005876075414397081;0.03717028239866314;-2.5946632061259542;0.22588282099340376;0
0.07159067378954531;-0.3925232073713924;0.00512522457364109;0.0866727847455898;0.03124948515856509;2.9735791760866497;0.0009765303226753797;0.006118078923218029;0.024481873324829245;0.4960222382776263;0.0198837565004589;0.0662791883348628;0.02036089655867028;0.00041456610867287127;0.032195541726007706;-2.661707152449336;0.17639786859477793;0
0.039630010691972375;3.214642158975247;0.001570537747445845;0.0193739165901907;0.03297367694696699;2.599112588738828;0.0010872633714029422;0.021413276231263212;0.019109137187922634;0.2820829114719589;0.0198837565004589;0.0489446313857448;0.022941609460623635;0.0005263174446437759;0.03166939343214671;-1.835323310821476;0.2235481899662257;0
0.019360495101506104;-0.2534582689700855;0.0003748287705754418;0.0193739165901907;0.03454442876813373;2.7735843394286896;0.0011933175589166655;0.023452635872336036;0.020601570314958108;-0.3926356818972998;0.02753135515448149;0.0489446313857448;0.02745673380960991;0.000753872231491776;0.049583415376647344;-2.8968054029175376;0.28231991181109384;0
0.021139612893063795;-0.4300365012260035;0.00044688323326858904;0.0275313551544814;0.03228860872099251;-0.28061493367529877;0.0010425542531373538;0.041806872641990456;0.026817773134884416;-0.7903128378038922;0.02753135515448149;0.0683185479759355;0.031148443125448524;0.0009702255091393015;0.05354924846014253;-3.167867515398555;0.3386811643440716;0
0.012099436707813131;-1.0366796067907214;0.00014639636864637588;0.0142755174875088;0.034438921736340715;-0.4530724640980412;0.001186039330361801;0.041806872641990456;0.018821311889306636;0.9261453374412293;0.017334556949118007;0.0469052717446722;0.02694174701799386;0.0007258577323815809;0.008506794300843973;3.634136090549648;0.3504040510325292;0
0.014176850242837841;-0.5626752815271949;0.00020098308280785138;0.016314877128581498;0.02367985478852014;2.682202093634293;0.0005607355228054002;0.0030590394616092365;0.026075707259146215;2.6889796384654097;0.019373916590190707;0.063729988783522;0.01898259894997993;0.00036033906289577924;0.01636063166434404;1.866966343660529;0.32981138759890893;0
0.029916787308481033;3.803251071450717;0.0008950141628608918;0.0071377587437545;0.0250247793156937;2.4049150347322183;0.0006262395797991714;0.015295197308045516;0.024831873079519805;-0.5961616089515829;0.025491995513408798;0.063729988783522;0.018843103543775216;0.00035506255116143416;0.01636063166434404;1.9317469390752653;0.3281539090119172;0
0.04234188992534579;1.49099288964234;0.001792835642450099;0.021413276231263302;0.026403604315741944;-1.1171101735490439;0.0006971503208622666;0.034669113898235904;0.03826789218895281;0.5788331580842367;0.0443560721933313;0.0927908636688079;0.018648507159300855;0.0003477668192704952;0.015107293815568537;2.0264379244508177;0.32618894271977517;0
0.04235662095556951;1.4046854245650213;0.00179408333877379;0.021413276231263302;0.02272536695664936;-2.134677962533393;0.0005164423033143706;0.034669113898235904;0.03661559349720607;-1.1517985946077;0.0458855919241357;0.0927908636688079;0.019968159555862515;0.0003987273960483834;0.03184341885266959;-2.2466555920937594;0.3880347828940705;0
0.042026397905102784;1.6046649159324282;0.0017662181208780278;0.0173345569491179;0.025153250501772157;-2.790691173859242;0.0006326860108049013;0.041806872641990345;0.025797093375971778;-0.4427323035296193;0.0249821556031405;0.0672988681553991;0.021502260276507038;0.00046234719699865247;0.035256220077181405;-2.9773365496602953;0.4533479205250575;0
0.04197193388870505;1.9389960015675811;0.0017616432343578277;0.013255837666972501;0.02024777066805348;-2.5225317996772474;0.00040997221702608676;0.0326297542571633;0.034223894048819016;0.8273779656419246;0.023452635872336102;0.0927908636688079;0.019056320436872217;0.0003631433485927537;0.03184341885266959;-3.117077781362731;0.34372737456115665;0
0.027408341094555817;2.4982315824763432;0.0007512171615555171;0.013255837666972501;0.01928516215004469;-2.829091900392733;0.00037191747915351627;0.0326297542571633;0.019895518557980007;0.9172909573281002;0.021413276231263403;0.04894463138574491;0.01710926967403016;0.00029272710877868816;0.030038765814733866;-3.1605888664215063;0.3500510090847833;0
0.014624498104869254;0.45196347461469816;0.00021387594481932438;0.013255837666972501;0.024561375623212384;-2.3980123817091155;0.0006032611725045316;0.03568879371877243;0.025625225417333145;-3.0689110134340933;0.04690527174467221;0.05302335066789031;0.022743360515734615;0.0005172604475486764;0.030038765814733866;-1.1564598990939448;0.4349045043718312;0
0.016621093857019976;-2.335247828893627;0.00027626076100386714;0.0254919955134087;0.03270931973558776;-1.2440423066352686;0.0010698995975649108;0.03874783318038133;0.022687589578209984;-1.9865897208132612;0.03517895380850411;0.05302335066789031;0.021300502293714354;0.0004537113979645305;0.02646664782998632;-1.5471704972088152;0.36745204754449295;0
0.02512843637159301;-0.04538963332924576;0.0006314383144811986;0.023452635872336;0.030003548082567756;2.552229984662437;0.0009002128975429553;0.006118078923218029;0.01905601263488413;-2.87298685341097;0.03517895380850411;0.040787192821454106;0.016330642564623448;0.0002666898865734911;0.008196884496335828;1.3247070501389508;0.25913818684602213;1
0.036531016860758124;-0.7884165221309279;0.0013345151928809943;0.0387478331803813;0.03280137390104389;2.045541293634809;0.0010759301297960829;0.02651167533394494;0.02130984454369985;-0.1707881595366819;0.020393596410727098;0.05506271030896301;0.016419946785570596;0.0002696146524409701;0.008485723366701677;1.435529875946069;0.26923595292489416;1
0.03542121720332009;-0.0984725286853596;0.001254662628164779;0.034669113898235904;0.03428005232681984;2.3823942849772557;0.0011751219875295062;0.02651167533394494;0.036406996505263245;0.28815387740181464;0.034669113898236;0.09584990313041691;0.01664894351141004;0.00027718732004612244;0.008485723366701677;1.4183895424909565;0.2736308742846228;0
0.03548500426008371;0.7688978862516862;0.0012591855273381592;0.0300805547058223;0.026972410559781352;2.401714702082798;0.0007275109314054046;0.007137758743754441;0.03824547019112513;-2.049239046803733;0.0550627103089628;0.0917711838482716;0.02009010897111454;0.0004036124784712569;0.008485723366701677;2.0744883167505903;0.32071908935091126;1
0.041167796957655226;-2.281521580601441;0.0016947875063467268;0.0678087080656673;0.03262497415787383;-2.293366563810224;0.0010643889388019354;0.047924951565208485;0.02939084474404622;-1.8768111389872277;0.040787192821453905;0.07137758743754449;0.02331839670665752;0.0005437476249690562;0.032356753605287315;-2.1703828934887768;0.34589312909297365;1
0.029790535369004736;-1.292974178032446;0.0008874759975719221;0.037728153359845;0.029994883298235134;-2.8671375556367376;0.000899693024074745;0.047924951565208485;0.021174014238674137;2.0139852196569854;0.0101967982053635;0.0571020699500356;0.028957024487707404;0.0008385092671816861;0.04937746408503175;-2.7011442443554867;0.4694495980064897;1
0.024201021657756474;2.0000976420651404;0.000585689449279198;0.0061180789232181;0.037102896703701926;-2.713284722665907;0.0013766249438055753;0.06322014887325378;0.017602402877161156;1.1962636818159413;0.0101967982053635;0.0479249515652085;0.03826782144696698;0.0014644261582969457;0.05905492015535371;-2.4283853432935643;0.7394895496434268;0
0.03407622893721665;-1.4359908845774392;0.0011611893785816014;0.0418068726419904;0.037835480465404074;-2.909828612508226;0.001431523582047973;0.06322014887325378;0.01782253318338781;0.27880028179488175;0.0152951973080452;0.0479249515652085;0.03776561563386447;0.0014262417242047886;0.05905492015535371;-1.9967002245049557;0.6711356214495953;0
0.02912431202144489;-2.0363507777053087;0.0008482255507224794;0.0418068726419904;0.041252318853861866;1.4539326418758118;0.0017017538108206874;0.023452635872336147;0.012299722730513569;1.166755234349515;0.011216478025899798;0.0316100744366268;0.031236229423849942;0.0009757020286193888;0.03228867927331335;-0.307339787910242;0.6803305788638596;0
0.02994110566715697;3.425561513675729;0.0008964698085718593;0.0142755174875089;0.0323585715431125;0.744580421054747;0.0010470771523107304;0.023452635872336147;0.012600371311578762;1.2773225361946945;0.011216478025899798;0.0316100744366268;0.02283557161471578;0.000521463330970813;0.02985329207360446;-0.5223964166475964;0.5698495237665109;0
0.03634840343254371;2.6388880055000996;0.0013212064320949556;0.0173345569491179;0.032394699920166733;0.7256773990396219;0.0010494165829176504;0.023452635872336147;0.010863299557796567;1.472141900676463;0.009177118384827099;0.0275313551544814;0.022089664842165926;0.0004879532928392214;0.01690645446978429;2.1842286481472626;0.5139960890211234;1
0.037070655859477546;3.577175733053361;0.0013742335258518168;0.009177118384827099;0.031656090998590444;2.0771593572573024;0.0010021080973110388;0.009177118384827265;0.00966277780400276;0.7192672655380186;0.009177118384827099;0.0244723156928723;0.01554837875479901;0.0002417520819026852;0.01690645446978429;-0.06316472916466746;0.3358401450428245;0
0.012077934226438547;2.3633147379386394;0.0001458764951781757;0.009177118384827099;0.036271087640686595;0.3026643209802131;0.001315591798638368;0.03976751300091785;0.013573619897863598;-2.448063429622826;0.0224329560517996;0.0305903946160904;0.013879452023996732;0.000192639188486427;0.011482130636917096;0.9875264778876686;0.31032857650691065;0
0.011536360251844804;2.88897705077567;0.00013308760786034474;0.0061180789232181;0.020886019897778895;-3.257544953739526;0.00043622582717041587;0.03670847353930884;0.020495310739514345;0.3016370944025404;0.0203935964107269;0.0530233506678902;0.015889741807705877;0.00025248389471555605;0.015336575591300354;1.2996441775349439;0.3258933865213197;0
0.012906101627242676;-2.3512977691783674;0.00016656745921271606;0.020393596410727;0.030860269059161876;-0.8166773649255141;0.0009523562064038638;0.03874783318038122;0.02491860490524061;-1.2669635122421887;0.030590394616090602;0.0622004690527173;0.0169278154378213;0.0002865509354969411;0.01859244087356935;0.7626352779758759;0.3398014318130105;1
0.028051390009665358;2.9067955120925624;0.0007868804814743534;0.020393596410727;0.031229515307665018;0.10964251901473195;0.0009752826263516837;0.03874783318038122;0.019512952829159252;-1.5229238185372946;0.024472315692872504;0.0479249515652085;0.024803922637747666;0.0006152345782193711;0.01072083366000972;1.5417484955497152;0.4171574505778331;1
0.027809418751585525;0.21500349831050633;0.0007733637713010366;0.0326297542571633;0.08062598733520217;2.0911434796237955;0.00650054983377618;0.07290710716834892;0.016305314827987673;-0.5814446650770897;0.017334556949118004;0.0418068726419904;0.037402585417367795;0.001398953395903494;0.0296205169691737;2.030913069483615;0.4455396639392769;1
0.02589264035583361;-1.1528302002973352;0.0006704288245965432;0.03262975425716331;0.07446281269959751;2.082061684142571;0.0055447104751353395;0.05863158968084026;0.021430264156371844;0.42642836153515634;0.017334556949118004;0.0571020699500356;0.03521697559751714;0.0012402353702361177;0.02757987242430017;2.551068659004448;0.40706031388935665;1
0.018636723534662242;-1.6616003253568212;0.0003473274641074335;0.0249821556031406;0.0727021701091667;2.321285742077587;0.0052856055385822115;0.05863158968084026;0.030356674879494595;-0.7395898418296886;0.034669113898235904;0.078515346181299;0.03355895396877771;0.0011262033914785413;0.04319842927522767;-0.28989239283438667;0.3496254236461464;1
0.02006075900201966;-1.080455042025206;0.0004024340517371128;0.0249821556031406;0.07410975132999373;3.6083401216356186;0.005492255242193506;0.04384623228306328;0.03578044721353353;-2.201839576921208;0.05608239012949931;0.0825940654634444;0.030053963064936857;0.0009032406959085889;0.026447540989587445;0.7514963570449341;0.3012690326566963;1
0.017060983407989797;-1.7469087573750102;0.0002910771548477031;0.022432956051799707;0.07224415337376781;3.8166841482338683;0.0052192176966924875;0.030590394616090588;0.03569898906070828;-1.9545371502301343;0.05608239012949931;0.0825940654634444;0.03339442400544782;0.0011151875546556297;0.042341483903660174;-0.035785031887139475;0.35212974764832194;1
0.03391795981172475;0.7114732300008709;0.0011504279977897752;0.03670847353930871;0.034417781518436386;0.6414490137857527;0.0011845836846508214;0.030590394616090588;0.04064290784224296;1.2516017043388092;0.030590394616090505;0.1065565412460487;0.021878044717161964;0.00047864884064613856;0.042341483903660174;-3.032284844063725;0.24863579757293972;1
0.03527045820607646;-1.7196113924731844;0.0012440052220665863;0.0509839910268175;0.04150485181569145;1.9493344345507235;0.0017226527242425057;0.026511675333945384;0.03145344512121386;-0.3092762375085461;0.030590394616090505;0.0820842255531763;0.021975438489177428;0.00048291989679162073;0.042341483903660174;-3.0266591087362187;0.24997111392229757;1
0.042957454099827125;0.1328782505829338;0.0018453428627387544;0.0428265524625266;0.042866592595116604;-0.8253102873422028;0.0018375447607157055;0.04690527174467218;0.030988034515286367;-0.14201653559315255;0.030590394616090505;0.0820842255531763;0.018621020197780645;0.00034674239320615474;0.02402788125767652;-0.42506570849055336;0.22102313320612535;1
0.04576079468199605;-0.7026701865491584;0.002094050329927798;0.057102069950035694;0.04306261326354375;-0.9510773342123452;0.0018543886610855342;0.04690527174467218;0.03225719681887063;-0.9334497378276332;0.0387478331803813;0.0820842255531763;0.021415561601479723;0.00045862627870677284;0.04029195392858122;-2.9512852356871146;0.2402765794997775;1
0.03156810813465435;-3.2464535956986875;0.0009965454512012302;0.057102069950035694;0.047757061178008736;-2.2927811947058188;0.002280736892360069;0.0769858264504949;0.034707705295079896;0.5403293794382868;0.041297032731722305;0.0820842255531763;0.01980999039771321;0.00039243571955748955;0.01971731010091339;1.1862682887862246;0.20136577290402027;1
0.030097832452626233;-2.9849257630054793;0.0009058795183463609;0.057102069950035694;0.041066647426536804;-2.8672859341194865;0.0016864695308554817;0.0769858264504949;0.03170859958288213;-0.39900393171103116;0.0336494340776996;0.0820842255531763;0.023247206550079884;0.0005404326123820771;0.041551022428568105;-2.8248567649585046;0.2619704379601412;1
0.02862922475323476;-2.7529791433571713;0.0008196325099712299;0.0499643112062812;0.0357026295486856;-0.5562725604861166;0.0012746777566906779;0.04282655246252698;0.027640659342233007;-1.2271353902895328;0.0336494340776996;0.0698480677067401;0.030079066081238302;0.0009047502163195005;0.044738424021521644;-1.7780239519372927;0.35760853376031604;1
0.02547159375302663;1.5419859274842043;0.0006488020883192253;0.0260018354236769;0.034314157692364095;-0.35185578354777053;0.00117746141813643;0.04282655246252698;0.02743583048885772;-1.0342444412024296;0.0336494340776996;0.0698480677067401;0.030477341173945346;0.0009288683250330643;0.044738424021521644;-2.3661421647017398;0.38446076893590586;1
0.01674340968050625;-1.7065336327746816;0.0002803417677292704;0.0260018354236769;0.04117095387625672;2.6278822779181943;0.0016950474430808583;0.014275517487508882;0.026081687697417578;1.4467722216615186;0.01631487712858161;0.0698480677067401;0.026713615074337487;0.000713617230339871;0.023538233620526622;0.23711361951418652;0.3560252783393956;1
0.020175750930364948;-1.405857469306671;0.000407060925604122;0.0265116753339451;0.031100234526358784;1.6506470787870537;0.000967224587594519;0.014275517487508882;0.02430819170488141;1.0861357096744062;0.01631487712858161;0.06525950851432649;0.02202207937576008;0.0004849719800322774;0.023538233620526622;-0.6988014533228531;0.3045724751994835;1
0.023716051637033837;0.3483386579606484;0.0005624511052504554;0.023452635872336;0.03857908438678566;-1.681642222871016;0.0014883457521227292;0.05557255021923113;0.024006909981327023;0.731237767840792;0.01631487712858161;0.06525950851432649;0.02145670944179434;0.00046039038006958645;0.019257669195921673;0.45347955034539095;0.28643893122753306;1
0.03542268486236497;0.9712787028762678;0.0012547666028584203;0.023452635872336;0.04084705508179995;0.20197503761940774;0.0016684819088555992;0.04690527174467196;0.03240111852532592;1.5812977395485934;0.01631487712858161;0.0887121443866626;0.013994382433546861;0.00019584273969636495;0.019257669195921673;-0.5893099358411563;0.1754788392071905;1
0.03604103005819625;1.6704417388970008;0.0012989558476558056;0.0224329560517997;0.048536652348187354;-3.2710286152802226;0.0023558066211688006;0.08667278474558981;0.03524170420880082;-1.0088092118876482;0.04384623228306321;0.0887121443866626;0.014572320976729967;0.0002123525386488442;0.019285359741831015;-0.7546406758681456;0.1838835005468551;1
0.032698192223873886;1.2203088839843292;0.0010691717747094065;0.0224329560517997;0.038603332713747204;4.866493643573712;0.0014902172966082651;0.005608239012949712;0.036219452089551234;-0.940471530612283;0.04384623228306321;0.0887121443866626;0.01713091763023538;0.00029346833885390936;0.011248035292282826;1.8123412849682623;0.23502450340489958;1
0.03923714169942628;-2.3831470286772025;0.0015395532887408562;0.0622004690527173;0.03799863906235645;3.832221350606609;0.0014438965705912412;0.0193739165901905;0.024732228421422992;1.8373921245002538;0.0214132762312634;0.062200469052717505;0.016190202146439642;0.0002621226455425788;0.012502892943513262;1.3254555991819572;0.27155556369287837;1
0.040231505762374144;-2.7150051060842624;0.0016185740559079439;0.0622004690527173;0.03799863906235645;3.832221350606614;0.0014438965705912412;0.0193739165901905;0.028086580437168652;2.4808408047250823;0.0214132762312634;0.0703579076170083;0.01916928975985995;0.0003674616698974715;0.012502892943513262;0.9392402770078867;0.3109455492583281;1
0.031859079699867225;-3.097451994217133;0.001015000959322492;0.061180789232181;0.04002162110082666;-2.44982550019958;0.001601730155538134;0.0672988681553992;0.03245882885538673;1.246607429974419;0.025491995513408798;0.0856531049250535;0.021416012771100598;0.0004586456030119439;0.027524674386505812;-0.6484901883442132;0.3848556580788763;1
0.02851094798291656;-2.6966254743613476;0.0008128741548845738;0.043846232283063;0.03969161823416858;-2.5096375559065636;0.0015754245580469836;0.0672988681553992;0.042371346864331534;0.22166603254922754;0.040787192821454;0.1111451004384623;0.02144585199884943;0.00045992456795655403;0.027792481840207342;-0.7015601006966854;0.38502129027842247;1
0.02396139099228297;3.135802908021418;0.0005741482582850595;0.0122361578464362;0.042354166139667165;-2.433686104885428;0.0017938753893865286;0.0672988681553992;0.041748386669456836;2.980207212666931;0.0152951973080452;0.1111451004384623;0.02151159435579204;0.00046274869172814397;0.027792481840207342;-0.5674745302781995;0.39048148305636016;0
0.009137378124693845;-1.7537441319951945;8.349167899363362e-05;0.0122361578464362;0.047727115859696925;-2.7713157223716736;0.002277877588284934;0.0785153461812993;0.04368944295661967;-0.3764103730051301;0.0448659121035994;0.1111451004384623;0.01800297030768405;0.00032410693989935345;0.013340367186568343;0.8028723742438011;0.2980090729567705;0
0.019355123900098584;3.143922298074967;0.0003746208211881675;0.0122361578464362;0.04645757947416002;-2.8180768137980117;0.002158306690597895;0.0785153461812993;0.03453088163765713;0.26485506325115676;0.029570714795554204;0.09177118384827149;0.01685996255462452;0.0002842583373433409;0.013340367186568343;0.5443476450755931;0.28209178556423103;0
0.03517230309404653;-0.10839021919983576;0.001237090904939475;0.042826552462526805;0.043854531217147996;-2.1306650537472103;0.001923219908275808;0.0622004690527177;0.036762250583233735;0.2897294957092065;0.0387478331803813;0.09177118384827149;0.02106375575354877;0.00044368180644515883;0.022633998735283996;-0.0755287289437625;0.2876160241736627;0
0.03405944299238563;-1.7111370641564605;0.0011600456569515662;0.046905271744672204;0.031680715233650424;-2.9129216421447612;0.00100366771771565;0.05914142959110846;0.03596160785484379;-0.14830646354205612;0.0387478331803813;0.09177118384827149;0.020598434099103793;0.00042429548733512184;0.022633998735283996;-0.2532413408371473;0.27382153153525113;0
0.03688084790525171;0.8179751299300916;0.0013601969422103095;0.03670847353930869;0.02943503222538838;-2.2907744102875824;0.0008664211221096525;0.047924951565208374;0.038482613756440645;-2.0105368228001006;0.0581217497705719;0.09177118384827149;0.02031501408035828;0.00041269979708515514;0.029597276895962227;-1.8619109610746563;0.2345142260789413;1
0.03609148046192132;0.6706766115928234;0.0013025949619332486;0.03670847353930869;0.021957473771198527;-1.3254365257109366;0.0004821306544128713;0.030590394616090255;0.03184683891880313;-2.6082731882729626;0.055572550219231;0.0703579076170081;0.03740778194496151;0.0013993421500417885;0.029597276895962227;2.3503353234083213;0.4817672459499331;1
0.040572494990113665;2.2231345531566653;0.0016461273497227987;0.03161007443662689;0.020385947377610177;-1.036556126126315;0.0004155868504826913;0.025491995513408527;0.023533958429292793;0.11819242043857632;0.0260018354236768;0.0581217497705719;0.04098919996809282;0.0016801145140243005;0.03371007156260401;2.1909665838322305;0.4887417406225986;1
0.04925169644430841;0.9365711848982864;0.0024257296026423017;0.0418068726419904;0.018126224976681052;-1.7737842493190048;0.000328560031905256;0.02447231569287256;0.053215906804487484;3.875599238872804;0.0260018354236768;0.12949933720811652;0.061309538573343106;0.003758859520076246;0.03905373765413514;0.8787892284135795;0.6151606090736431;1
0.049090991528068416;3.68877328776343;0.002409925449208885;0.010196798205363511;0.023457068843904295;-2.634346885642626;0.0005502340787476656;0.040787192821454044;0.06083716936102351;-2.7419671514895794;0.10349750178443959;0.12949933720811652;0.06319634649546949;0.0039937782103754375;0.042574741549146713;1.5001583882651655;0.5499100566839685;1
0.0491111084011353;2.1829975914419677;0.002411900968388062;0.029570714795554204;0.025502190273069835;-2.984022374426599;0.0006503617087238577;0.04996431120628131;0.06151023600365595;-2.7692359774326207;0.104517181604976;0.1320485367594574;0.06544777220435914;0.004283410886513686;0.04079684310473217;2.38203757320836;0.5271697004495262;1
0.02078996877018431;0.8539013783591898;0.00043222280146523897;0.015295197308045294;0.033396654603208155;-1.6127713773068078;0.0011153365386859845;0.05200367084735391;0.04509072129386551;3.8377393483754503;0.02345263587233601;0.1096155807076578;0.02612007734257787;0.0006822584403822498;0.01861081004022097;1.3571808316368295;0.16846962959668213;1
0.05240499578415412;2.0600470694782067;0.0027462835831372112;0.0418068726419904;0.043365773184425575;-2.690668183890653;0.0018805902838830444;0.07647598654022647;0.04886277611921043;4.007699789225465;0.02345263587233601;0.1182828591822168;0.05291767645851072;0.0028002804817676198;0.01861081004022097;3.917118577546096;0.37198891622882835;1
0.06007203752325096;-2.8587938508470345;0.003608649692194871;0.10298766187417151;0.04617584912585833;-3.2100420954825317;0.0021322090424940317;0.08157438564290809;0.09533433757329383;0.3967179237671748;0.1050270215152442;0.22636892015907;0.04850863268363026;0.002353087444835362;0.04506146235336149;0.9447758479292148;0.38046901241916525;1
0.06402338906528905;-1.834915521167222;0.0040989943474053735;0.0897318242071989;0.036803238092049245;2.485975166610295;0.0013544783340600647;0.02549199551340886;0.09799648286577034;-2.228659779731739;0.1555011726317935;0.22636892015907;0.05583653609474409;0.003117718763059659;0.102465657162292;-2.8237244096071517;0.5183634773662783;1
0.07079765572635209;2.800388307170728;0.0050123080563470755;0.0305903946160904;0.028289454165007187;1.0093168764688691;0.0008002932169540424;0.02549199551340886;0.08021484855449491;1.4262709617985638;0.0520036708473539;0.2131130824920974;0.049536408035626096;0.0024538557210720415;0.057404194808930505;0.6144459352817092;0.532393633895992;1
0.03280058143462169;-2.7071737783676233;0.0010758781424492487;0.0571020699500356;0.027631253598147904;0.7267411227027587;0.0007634861754051615;0.02549199551340886;0.038244110859668404;2.0047495751337414;0.0025491995513408014;0.1080860609768532;0.024727568904362767;0.0006114526639200084;0.030581430040581205;-0.9955802201834688;0.32682982755162104;1
0.02700611946474569;-2.001296221316925;0.000729330488544116;0.039767513000917694;0.022599196781392942;2.4563859451592136;0.0005107236951641211;0.010196798205363677;0.02873616218105806;-3.0605419692861524;0.0479249515652085;0.05761190986030389;0.0250265643936192;0.0006263289253479684;0.028299800076259304;-0.5656330628646676;0.282765981301175;1
0.03858582156169442;1.0122614949476574;0.001488865625590922;0.039767513000917694;0.01857105432674404;4.074966696172105;0.00034488405880687864;0.008157438564290853;0.02341270135791372;-2.439680786676231;0.035688793718772205;0.049454471296013096;0.02201596022536255;0.00048470250464474585;0.005819607439482427;1.8161044011264487;0.2620628212522621;1
0.08629287113762232;1.0751396205289605;0.007446459609174291;0.08769246456612609;0.01858084955632067;2.4034576108531454;0.000345247970234622;0.015295197308045183;0.023218716298023395;-3.117127237254256;0.0418068726419905;0.0479249515652085;0.033351177207648026;0.001112301021135941;0.03138860219051304;1.70306842117265;0.3161033863440266;1
0.0939016608312658;-2.9295202334551145;0.008817521906870079;0.1774242887733251;0.011137405870021898;-1.1554056949979135;0.00012404180951359822;0.015295197308045183;0.018334398941363014;3.075189558959709;0.010196798205363497;0.046905271744672294;0.03346983255297017;0.0011202296911238614;0.054113154356106336;-2.19028860647724;0.28486483140097496;1
0.08019443076530229;-0.024486639786233628;0.006431146725770863;0.09279086366880801;0.017162759308592613;-0.2866261918150362;0.00029456030708468236;0.01937391659019083;0.007260521308828051;-1.5826943500353323;0.010196798205363497;0.017334556949117993;0.027471229418169124;0.0007546684457456807;0.02706712429716572;-0.02883394187660689;0.21749430226607827;1
0.04559804764172654;2.9759706492351774;0.0020791819487371637;0.0336494340776996;0.016884863338604773;-0.26169624944340103;0.00028509860996335946;0.01937391659019083;0.017828366118639475;3.825384427962748;0.0050983991026817;0.0458855919241358;0.027521075663919845;0.0007574096056992012;0.016890459406836617;2.0201792053766945;0.20814252669475813;1
0.01624462287837453;-2.575071676499688;0.00026388777246060923;0.02753135515448149;0.017168816396943686;-0.6994391721022915;0.0002947682564719624;0.021413276231263323;0.03821011185675317;2.324611105743301;0.012236157846436196;0.10502702151524419;0.02115434431334941;0.0004475062833277386;0.018447554030604635;0.36585460125729813;0.13984461424998743;1
0.01624462287837453;-2.575071676499688;0.00026388777246060923;0.02753135515448149;0.017168816396943686;-0.6994391721022915;0.0002947682564719624;0.021413276231263323;0.03821011185675317;2.324611105743301;0.012236157846436196;0.10502702151524419;0.02115434431334941;0.0004475062833277386;0.018447554030604635;0.36585460125729813;0.13984461424998743;1
0.01624462287837453;-2.575071676499688;0.00026388777246060923;0.02753135515448149;0.017168816396943686;-0.6994391721022915;0.0002947682564719624;0.021413276231263323;0.03821011185675317;2.324611105743301;0.012236157846436196;0.10502702151524419;0.02115434431334941;0.0004475062833277386;0.018447554030604635;0.36585460125729813;0.13984461424998743;1
0.028536464402507247;0.3821052234827083;0.0008143298005955633;0.022432956051799697;0.008090245339107491;-1.6079272920438186;6.545206964695049e-05;0.01121647802590009;0.04079738834537818;2.945797294381284;0.0244723156928725;0.1040073416947078;0.025228336703869515;0.0006364689728438097;0.012714906741138121;1.8903882214133756;0.4086925603895108;0
0.028536464402507247;0.3821052234827083;0.0008143298005955633;0.022432956051799697;0.008090245339107491;-1.6079272920438186;6.545206964695049e-05;0.01121647802590009;0.04079738834537818;2.945797294381284;0.0244723156928725;0.1040073416947078;0.025228336703869515;0.0006364689728438097;0.012714906741138121;1.8903882214133756;0.4086925603895108;1
0.028536464402507247;0.3821052234827083;0.0008143298005955633;0.022432956051799697;0.008090245339107491;-1.6079272920438186;6.545206964695049e-05;0.01121647802590009;0.04079738834537818;2.945797294381284;0.0244723156928725;0.1040073416947078;0.025228336703869515;0.0006364689728438097;0.012714906741138121;1.8903882214133756;0.4086925603895108;1
0.020797469210126568;-0.13615823779568834;0.0004325347255461626;0.022432956051799697;0.0153545634203891;1.7386674025009512;0.000235762617830751;0.008667278474558837;0.07470990231576426;-0.5485922345203148;0.0938105434893443;0.1753849291322524;0.02725046844788471;0.0007425880306291601;0.02723914862623887;1.180777022918323;0.33020744827975146;1
0.023699605377477607;-0.7798439986369287;0.0005616712950481655;0.0265116753339451;0.014968816412667696;2.0533279321278286;0.00022406546479614977;0.0035688793718772205;0.06578950179841442;-0.3800907351563853;0.0764759865402263;0.1651881309268889;0.03467545203244838;0.0012023869736546287;0.031755567048212696;0.22229708318094765;0.4531362860352978;1
0.02308510975188238;-1.3082277218177332;0.0005329222922564548;0.032119914346895;0.02540619802573257;0.528457192384361;0.0006454748981227375;0.019883756500458927;0.054734110460254885;1.3127468693215032;0.037728153359845;0.1478535739777709;0.03705090264379599;0.001372769386720049;0.033637895138592555;1.783760408207068;0.5614834973273992;0
0.020626789531543212;0.1704713420507081;0.0004254644463785806;0.0188640766799225;0.026472427828586054;-0.7789376667488289;0.0007007894351396973;0.028041195064749558;0.05356280165967311;1.3950358951810717;0.037728153359845;0.1437748546956255;0.037827718652361654;0.00143093629844223;0.033637895138592555;1.98291449670538;0.5924371213802606;0
0.023718243610017033;0.5711136487295801;0.0005625550799441138;0.0188640766799225;0.0272504543445305;-0.4748647687064415;0.0007425872619833412;0.030590394616090588;0.05321224325211966;2.0621800641149584;0.028551034975017802;0.1437748546956255;0.0381864498418437;0.0014582049515236449;0.03891061601433933;1.1629535575950303;0.5883385529359538;0
0.023925565319130905;0.22730470873238437;0.0005724326758399995;0.0188640766799225;0.01959271724193003;0.636168037477276;0.00038387456892222224;0.01835423676965453;0.03852581928686152;0.7269723746399848;0.028551034975017802;0.1050270215152441;0.02795651649748289;0.0007815668146740329;0.03891061601433933;-1.319146575717615;0.469458204494185;0
0.038971250300865276;0.7990270675317402;0.0015187583500126918;0.025491995513408798;0.011207204375677921;-1.5196564843643745;0.00012560142991821434;0.015295197308045294;0.040338616182017874;-0.4208657840745727;0.0428265524625267;0.1050270215152441;0.033655121166052106;0.0011326671807016485;0.05069555774963386;-2.0043763766169556;0.43979472458346813;0
0.027480323868431567;2.1541279966704288;0.0007551681999138898;0.0244723156928724;0.011684124817482463;3.39795553168301;0.00013651877275050957;0.006118078923218251;0.04391731511646377;-2.0583677828554072;0.0632201488732537;0.1050270215152441;0.02928598821149932;0.0008576691055240771;0.043179826273839296;-1.7623892009923547;0.36572802497009055;0
0.024983196071086473;2.7614037392431;0.0006241600859263506;0.009177118384827203;0.011432243432792116;0.22174628761538173;0.00013069618990661848;0.011216478025899868;0.04871573033788619;-1.5475062052451634;0.0632201488732537;0.1203222188232894;0.023885313667278304;0.0005705082089842718;0.02202547300533332;-0.37646697154776493;0.27810040065249053;1
0.07400023776979048;2.690875529438081;0.005476035189985526;0.050983991026817596;0.026261457364741253;1.6285218644521215;0.0006896641429201226;0.023452635872336147;0.04966688641973098;-1.8309386731749093;0.0632201488732537;0.1203222188232894;0.06920737511975494;0.004789660770966475;0.04100105540372638;2.928018971195319;0.5907755319784833;1
0.07365766424160644;-2.2171498801415446;0.005425451501529227;0.1203222188232895;0.03261859960248723;2.176470586550021;0.00106397304002738;0.01733455694911812;0.04312534458012894;-2.419842751046822;0.0632201488732537;0.098908942592026;0.07466782536639466;0.00557528414494641;0.11033365823091683;-1.8784042759238844;0.5535633523542148;1
0.07311573606887874;-2.345133319543281;0.005345910860893936;0.1203222188232895;0.046496728969631126;0.46616515914443823;0.0021619458048753345;0.03874783318038144;0.046049580636594784;-2.560097428568318;0.0693382277964718;0.1040073416947078;0.07465810452507994;0.005573832571277761;0.11033365823091683;-2.101922215322953;0.5223794586699798;1
0.05989740220932989;0.518107027062;0.003587698791426237;0.047924951565208485;0.0484342547989137;0.02575656331873925;0.0023458770379260947;0.04690527174467218;0.045985185867502096;-1.6887518142719269;0.0662791883348627;0.1040073416947078;0.05785796200077725;0.003347543766883384;0.04833944661218656;0.4545811196836074;0.36245837086869226;1
0.04947338957109892;-0.31170702246319;0.002447616275653719;0.047924951565208485;0.047939051446028;3.5736067598558208;0.0022981526535449195;0.01325583766697258;0.02893627840428349;4.123988183401025;0.011216478025899798;0.07137758743754449;0.04875904212973904;0.002377444189409667;0.04833944661218656;-0.09449075200211017;0.2953368498831481;1
0.06589924907993765;1.2035121154503525;0.004342711029299663;0.04996431120628131;0.020764947737204463;1.0659138720969814;0.00043118305452883275;0.01325583766697258;0.0063104918718328495;-0.5837520196012598;0.006118078923218098;0.016314877128581595;0.04924178218088046;0.0024247531123492766;0.053819285640026346;-0.4374849261524159;0.37720576692067254;1
0.06279688054130227;-2.9420818710987278;0.003943448205718587;0.11522381972060781;0.027051319632222896;-0.6384934590859478;0.000731773893844688;0.029570714795554287;0.01542044501163152;2.1859968197280124;0.011216478025899895;0.0397675130009177;0.037616088545038666;0.001414970117428189;0.03469236783595028;-0.2169113912777713;0.3301475795367679;1
0.05747413345994468;-1.6471698287056757;0.0033032760169715326;0.0836137452839808;0.02470067817459328;1.8866741585152897;0.0006101235022848289;0.006627918833486235;0.015608097488183561;3.7208881660715676;0.006118078923218098;0.0397675130009177;0.03388199021041023;0.001147989260618335;0.04420450842409469;-1.419069609449237;0.3598844484205323;1
0.03505682357024778;2.75308991900503;0.0012289808788354805;0.028551034975017903;0.029110028395269112;-0.4074480597688985;0.000847393753173374;0.0341592739879677;0.015209986632177404;4.027622774901144;0.006118078923218098;0.037728153359845;0.024180056235497335;0.0005846751195518135;0.044157009260499536;-3.327557845027443;0.3076553137191311;1
0.011715229216962917;2.2918388429752254;0.00013724659560598157;0.0101967982053635;0.0290751826588824;0.513060823385679;0.000845366246647376;0.0341592739879677;0.015209986632177404;4.027622774901144;0.006118078923218098;0.037728153359845;0.020607893789468087;0.0004246852864379974;0.0020161259180868293;4.661026069596363;0.3007531266845755;1
0.011816852946521874;-1.9649222215630633;0.00013963801355972271;0.0163148771285816;0.03021075736852454;0.24470989776374688;0.0009126898607798597;0.03517895380850411;0.015654659143897538;4.624355295133907;0.0030590394616091046;0.037728153359845;0.020430097096997116;0.00041738886739273;0.0030839419523605444;4.54567100642979;0.2962937288140613;0
0.013384632872935539;-2.3125148843158136;0.00017914839714326664;0.021413276231263403;0.018217772149792824;-1.2293469370089045;0.000331887222101767;0.024472315692872337;0.01160375922987777;4.325546727083666;0.0030590394616091046;0.028551034975017806;0.013187360901011191;0.00017390648753351872;0.0030839419523605444;3.9771357783148082;0.20087499011016283;0
0.00974314606757665;3.34701746346123;9.492889529413434e-05;0.006118078923218098;0.012013195860118859;-2.285325432484283;0.0001443168747735769;0.01835423676965431;0.01160375922987777;4.325546727082499;0.0030590394616091046;0.028551034975017806;0.0128011651470976;0.0001638698291232663;0.004497193646894458;3.1784817745542426;0.19119841749268363;0
0.01706250691412373;-0.5611607142857089;0.0002911291421945201;0.022432956051799697;0.021779177036559665;0.19292956453065221;0.0004743325523898078;0.024472315692872337;0.010709065649528914;2.51384791662151;0.009177118384827203;0.025491995513408805;0.012528204891000486;0.0001569559177908885;0.007170244528607261;1.9419708302870486;0.18262724801461483;0
0.01871049955209409;-2.763984263835773;0.0003500827934889131;0.031610074436626896;0.02209437002143416;2.2547744694750107;0.0004881611866440485;0.01835423676965431;0.011317986683398977;1.9907578217259534;0.009177118384827203;0.028551034975017806;0.013359009773730595;0.00017846314213462955;0.007170244528607261;1.6462930493351766;0.19637785557121396;0
0.018031330151020358;-2.6220997902563923;0.0003251288670150959;0.031610074436626896;0.026202001872202375;1.0198433201545167;0.0006865449021108967;0.021413276231263545;0.01575727033513361;0.6261626389889349;0.012236157846436203;0.0428265524625267;0.014754769787111955;0.00021770323147067176;0.016272801126472246;0.27462097420500103;0.22285964536664601;0
0.01732555743811086;-2.4546367151867123;0.00030017494054127844;0.0285510349750178;0.025095312697453336;1.4945347905480588;0.0006297747193829626;0.013255837666972692;0.010655532152636465;1.400394477312716;0.010196798205363504;0.0265116753339451;0.008596490407386387;7.389964732428618e-05;0.014422634271599545;-2.9902190405349844;0.1382673333160029;0
0.016514406481011636;-2.52466632529712;0.0002727256214200791;0.0285510349750178;0.028023576878581254;1.2473252040232232;0.0007853208610697539;0.02753135515448113;0.010498246294470354;0.8608045567788546;0.010196798205363504;0.0265116753339451;0.009294607594677155;8.638973033903024e-05;0.016272801126472246;-3.120417493878859;0.1475121016375469;0
0.012333490049318187;-1.1786892820817012;0.00015211497679663074;0.0152951973080452;0.013653813595407713;-2.9698533274813257;0.0001864266256981405;0.021413276231263323;0.008889362584971383;2.4847645429267815;0.0020393596410726994;0.0244723156928724;0.008674192846770342;7.524162154296177e-05;0.014422634271599545;-2.9137804623516055;0.14409256351855998;0
0.01690025098723538;1.2010547562294203;0.00028561848343155045;0.0152951973080452;0.025628268371655445;0.6430747678538609;0.0006568081397295949;0.02753135515448113;0.01020698991026188;1.7824829383081695;0.008157438564290805;0.0254919955134087;0.007637680616282399;5.833416519633589e-05;0.012201656955106943;-2.8624037687744184;0.12072787112595522;0
0.020502918972433216;-3.026629574272958;0.0004203696863901619;0.0397675130009176;0.02395054038674016;-0.9102134556070579;0.0005736283848168715;0.027531355154481463;0.007630585065308467;-0.243303571441808;0.009177118384827106;0.01835423676965431;0.006316873035968109;3.990288495254096e-05;0.0034697670570116995;3.2475001595759116;0.09440343476271083;0
0.017816698338515662;-0.7838407588869126;0.0003174347396856668;0.0244723156928724;0.024201021657756852;-1.1907976533380757;0.0005856894492792162;0.027531355154481463;0.007911558984917359;-1.6200117824496185;0.011726317936168004;0.01835423676965431;0.006314774142822493;3.987637247485955e-05;0.005885191237086113;1.2889792585748776;0.09539716700543817;0
0.01119327949428919;1.7148809421325726;0.00012528950583727487;0.0101967982053634;0.01749872774725254;-1.7191176089080784;0.00030620547277246596;0.02549199551340886;0.007023958437562941;1.0486386312790412;0.006118078923218202;0.01835423676965431;0.005985002532790589;3.582025531750977e-05;0.0035981739726390766;1.9246478339330626;0.09104442949857673;0
0.012459302452619664;3.1378269387528093;0.00015523421760585437;0.002039359641072701;0.015390073167921686;-1.594127436463295;0.00023685435211398304;0.020393596410727022;0.00364811743040687;-0.7964324955799723;0.00407871928214551;0.009177118384827203;0.0031497125875287655;9.92068938403715e-06;0.004641704723627307;-1.790029949569656;0.045734244716548744;0
0.012600371311578292;3.244274956480794;0.00015876935718964522;0.0030590394616091003;0.01186952862936971;-2.6567993355210278;0.00014088570988342718;0.01937391659019061;0.00832773202369566;2.6663420538713303;0.006627918833486304;0.020393596410727105;0.007604943241846278;5.783516171170337e-05;0.0038242544310678195;2.4887201343095904;0.10501919812767335;0
0.014220786867523982;-2.233648997825823;0.00020223077913154256;0.020393596410727;0.011869528629369717;-2.9835922713470993;0.00014088570988342737;0.021413276231263545;0.012301835903406432;-2.4651982240598493;0.0198837565004589;0.026511675333945203;0.012468247616917876;0.0001554571986367783;0.016541733039767387;-1.3149166799591718;0.1621589409745441;0
0.03764124267667832;3.398570406227518;0.0014168631502445893;0.022432956051799697;0.01233349004931879;-2.5976969391726263;0.0001521149767966456;0.01937391659019061;0.014302804261349686;-2.4341660625580084;0.022432956051799693;0.03313959416743151;0.02872781590038133;0.0008252874064062024;0.02273661795065325;2.4891026895488957;0.312657284233444;0
0.03531244116222145;3.710658185784427;0.0012469685008353517;0.005098399102681797;0.011414039211955414;4.152313776545235;0.00013028029113205578;0.005098399102681728;0.02412356441963223;1.6594329803344199;0.012745997756704402;0.0662791883348629;0.030174239832038482;0.0009104847494413777;0.04876449883140316;-2.688275288917783;0.2875270281700233;0
0.03539185124137985;1.747638701464286;0.0012525831342919602;0.0234526358723361;0.011414039211955414;4.152313776545235;0.00013028029113205578;0.005098399102681728;0.021108850030214774;-2.925035733760728;0.0356887937187723;0.0458855919241358;0.025870051900994184;0.0006692595853601327;0.04118302344969016;-2.8300047682652045;0.21974436898550287;1
0.02966374609321886;0.3870295047068761;0.0008799378322829572;0.034669113898235994;0.011414039211955414;4.15231377654523;0.00013028029113205578;0.005098399102681728;0.02054724418331799;-2.829064163300741;0.033139594167431397;0.04486591210359951;0.021112250813130465;0.000445727134396528;0.006064149724992973;3.580640647607877;0.16154905147095247;1
0.028574696309182444;0.6904400837047907;0.0008165132691620048;0.031610074436626896;0.004922001992922421;0.8762364383216266;2.4226103618332283e-05;0.005098399102681728;0.014961868713796048;3.8757909496346366;0.004078719282145399;0.03823799327011321;0.007632714088914406;5.825832436311247e-05;0.006064149724992973;1.2934574701621802;0.05542864269398403;0
0.01440963091827366;-1.7203647233497061;0.00020763746320086822;0.0183542367696543;0.005169283921948397;0.611212887402497;2.6721496265714202e-05;0.005098399102681728;0.0054911438840976904;-2.191438763769773;0.00917711838482721;0.012236157846436196;0.008909032824090748;7.937086586072636e-05;0.014103660888704295;-2.705355856777111;0.0639505260026521;0
0.01193504630439365;-0.09307901326782424;0.00014244533028802053;0.010196798205363497;0.0050265147522653595;-0.2646954224448237;2.526585055474129e-05;0.005098399102681506;0.005722938798981349;-2.8979591854765085;0.00917711838482721;0.012236157846436196;0.008333643333911008;6.94496112168394e-05;0.012031296428468785;-1.607117064811965;0.059209517001056956;0
0.018160609247184715;-0.21105821906384983;0.00032980772822893104;0.0183542367696543;0.006075443707460587;-1.7770283673870537;3.691101624252244e-05;0.009177118384827154;0.01292622654454638;2.431943476924232;0.00917711838482721;0.0316100744366269;0.017378753451400067;0.0003020210715245497;0.018128774726265784;1.1232864408147425;0.12866983829126077;0
0.012703099012865572;1.2941067063445608;0.00016136872453066626;0.008157438564290805;0.005704741809197395;0.5508885463771307;3.2544079109604764e-05;0.006118078923218251;0.025721410840719404;0.6438974199828991;0.028551034975017917;0.062200469052717394;0.02598490376369949;0.0006752152236087239;0.03353122809565312;-0.8716986011602792;0.2129515554350717;0
0.013481385851769213;2.0776670559101937;0.0001817477644842831;0.010196798205363497;0.0073317744518192444;-0.16173505082508774;5.375491661234938e-05;0.007137758743754441;0.031687278464554484;-2.9130525261259113;0.05914142959110841;0.06729886815539919;0.030156506926723906;0.0009094149100215469;0.056268699152346724;-2.8949667922081326;0.2668459208376538;0
0.03157387151790187;2.9883300882465043;0.000996909362628975;0.010196798205363497;0.005424466637410288;-2.562524191836612;2.9424838300377277e-05;0.009177118384827265;0.02783557825898404;-0.18989271541783262;0.03262975425716319;0.0642398286937902;0.0248150799155381;0.0006157881912145424;0.04023714567838574;-1.9669217721989203;0.22887719383250255;0
0.03146501283725585;2.9121212614517398;0.0009900470328486751;0.010196798205363497;0.017764098491061885;3.7391823563098163;0.0003155631952001471;0.005098399102681839;0.014427658738308674;2.684832649861915;0.010196798205363497;0.03568879371877229;0.01693946825977906;0.0002869455849240622;0.022737471056693603;-0.6249040837524724;0.16877126764911238;0
0.04019918766053513;1.8528993818535564;0.0016159746885669201;0.010196798205363497;0.021396274818316005;1.950292599315323;0.0004578005761009036;0.01223615784643628;0.007963953987872868;-1.2585326525607066;0.010196798205363497;0.019373916590190693;0.016678365399315793;0.0002781678723930942;0.016010934552679157;1.9295048802466372;0.17105779213619962;1
0.05085637132471684;-0.9262970127016897;0.002586370504317481;0.0591414295911083;0.02113715351164788;2.1168071700228204;0.0004467792585749682;0.010196798205363677;0.01951561689536453;2.084369381669916;0.016314877128581595;0.0489446313857449;0.017823771692671776;0.0003176868373524877;0.0292585552766719;-2.5848146314967857;0.16966546872657495;0
0.052656368611232435;0.24905691885061998;0.002772693155321984;0.0550627103089629;0.02151016937873867;2.7410932963009813;0.00046268738670202683;0.009177118384827265;0.023760946666118235;-2.4247224850704967;0.0356887937187723;0.055062710308962995;0.016071330707116666;0.0002582876706975111;0.02422621112570658;-2.460953890571807;0.14104225397179074;0
0.026130476710917568;3.08192609711624;0.0006828018131398054;0.0112164780258999;0.021505335089571264;3.0926932240179354;0.0004624794373147451;0.007137758743754441;0.023624905406464138;-2.712657637802724;0.0387478331803814;0.053023350667890295;0.018721067589483626;0.00035047837169001426;0.028461468813406943;-2.349655818114369;0.16095891125668318;0
0.0136538135954073;0.2719785594906294;0.00018642662569812922;0.0112164780258999;0.0074373743362130835;2.5708773814235535;5.531453701696101e-05;0.0020393596410726023;0.01865484654496277;2.7880762075373746;0.01223615784643621;0.0469052717446722;0.017394257148738483;0.00030256018175643987;0.010065736890017413;3.2359931817422543;0.14181827120941326;0
0.021279327780879844;-0.1641856952102548;0.0004528097908061247;0.021413276231263302;0.0058398372849093666;1.8443262938729579;3.41036995142176e-05;0.0020393596410726023;0.012829339033385685;0.7315447730441788;0.01223615784643621;0.0326297542571633;0.010499149191283788;0.00011023213374083504;0.010065736890017413;0.7028472552182615;0.08332512013266682;0
0.017229270162858534;-2.1118755003204988;0.00029684775034476726;0.026511675333945002;0.007267678059021367;-0.2250604501207789;5.281914436958059e-05;0.008157438564290631;0.016289365186267724;-3.0438939033680215;0.02753135515448152;0.034669113898236;0.014181130000845936;0.00020110444810089265;0.022571927394609823;-2.7454421257563593;0.11569301256223934;0
0.01399229602766494;-2.572258875496361;0.00019578434812580803;0.023452635872336;0.008457812319089611;-0.4725527312060021;7.153458922494399e-05;0.010196798205363455;0.02057884659545836;-2.3759628855361057;0.029570714795554218;0.047924951565208596;0.01986756047362917;0.00039471995917331215;0.02719923200488926;-1.6956958706376757;0.17348177977492174;0
0.013602314778521165;-2.6296249921346813;0.00018502296733397528;0.023452635872336;0.008724074492182193;-0.645883723013481;7.610947574514399e-05;0.010196798205363455;0.017498727747252616;1.966101792632666;0.015295197308045294;0.04282655246252681;0.017999353085894742;0.00032397671151070855;0.020942493099126408;0.32585955448309295;0.17152269202427564;0
0.014075644878041249;-3.0212295457891885;0.00019812377873272883;0.023452635872336;0.008396120669007513;4.668467904038342;7.049484228853515e-05;0.0010196798205364122;0.00850073009102356;-3.1425909632667817;0.015295197308045294;0.017334556949117993;0.010578323365673735;0.0001119009252287589;0.01981013544529235;-3.198144657103977;0.10557445577374025;0
0.02063560897590156;-0.13914666533196396;0.00042582835780630905;0.023452635872336;0.007493085783980416;4.587448559670676;5.614633456608941e-05;0.0010196798205364122;0.01114673759002541;-1.9593144377414948;0.017334556949117993;0.025491995513408805;0.015554167459995284;0.00024193212537357615;0.01981013544529235;-0.5069499581429054;0.15036615089142905;0
0.020532057747995745;0.19069328566977717;0.000421565395367032;0.021413276231263302;0.008009518460958763;-1.9365676444551998;6.415238597643922e-05;0.011216478025899868;0.015420445011631577;-2.2424479037698326;0.025491995513408805;0.034669113898236;0.018613144496205606;0.00034644914803662905;0.0371634589020607;-3.0035145410957136;0.17296065866370192;0
0.02709020821977747;-0.1088156830020175;0.0007338793813908989;0.022942795962067903;0.00701284750241644;-1.5734661130206469;4.91800300921485e-05;0.010196798205363455;0.013792088384869014;0.9459694639130257;0.0137656775772408;0.034669113898236;0.015913619460411126;0.00025324328433077567;0.01735332345676835;1.0240073939441434;0.13936612999899978;1
0.03466836412555428;-1.9531263200420999;0.0012018954711420192;0.0443560721933312;0.006331053972173145;-1.1444281265928542;4.0082244398569355e-05;0.007647598654022647;0.009424456591376805;-0.10658117772713875;0.009177118384827196;0.024982155603140696;0.009627076161411497;9.268059541761751e-05;0.004325968796398516;1.7070417262583994;0.07798307155135091;0
0.03439511686629653;-1.1546229515619817;0.001183024064246196;0.0443560721933312;0.005400453829658636;-1.7202379250189697;2.9164901566274623e-05;0.007137758743754441;0.010878841622009331;0.6139357096762291;0.009177118384827196;0.029060874885286095;0.0118767412262668;0.00014105698215570542;0.004325968796398516;2.509855963088152;0.09709605618261458;0
0.02249081778333077;2.2393676014994655;0.0005058368845629877;0.018354236769654298;0.003711690572693369;-2.971520113918542;1.3776646907420828e-05;0.007137758743754441;0.016372927468222227;-1.606315272913773;0.021413276231263406;0.039767513000917784;0.01635191209577456;0.0002673850291879384;0.023026552094666947;-2.0689564643876586;0.14060074349347543;0
0.009022870115479793;0.7115218997579961;8.141218512081833e-05;0.0086672784745589;0.004937819929765846;-1.3147557976183748;2.4382065658792786e-05;0.007137758743754441;0.015525441492370864;-0.9272077441960368;0.0178443968593862;0.039767513000917784;0.01565434317255453;0.00024505846016410467;0.01870058329826843;-1.3554138152399713;0.1360543236615443;0
0.009261701909138342;4.406611570249265;8.577912225373682e-05;0.0030590394616091046;0.006054013504149089;-1.2254413761882788;3.6651079508419534e-05;0.007647598654022647;0.016827034333405183;-1.8760695757169732;0.02549199551340879;0.039767513000917784;0.017195161777744425;0.00029567358856280276;0.028375058691042232;-2.4715506033749244;0.14697422888724132;0
0.009261701909138331;-1.411570247933388;8.577912225373661e-05;0.0122361578464362;0.006343359239317177;0.9292310157645621;4.0238206439030594e-05;0.00713775874375433;0.01549108107664571;-1.721941605779706;0.023452635872336106;0.03619863362904048;0.015434078998695453;0.00023821079453797205;0.024428418310295186;-2.3652309142249472;0.13367376582861387;0
0.005585016391404984;2.116666666672876;3.1192408092262344e-05;0.004078719282145399;0.01127657085832508;-0.45999642983454336;0.00012716105032282646;0.015295197308045183;0.016644535776229766;2.043338001089591;0.012236157846436183;0.04231671255225859;0.015936196864876483;0.0002539623705160991;0.011552602755456803;2.2753170066906265;0.13042847702324706;0
0.00551004632858336;0.5960311503169109;3.036061054313497e-05;0.0050983991026817;0.012930247769264736;-2.9966959164067877;0.00016719130737457568;0.024982155603140765;0.018120487921631102;2.4627001561427484;0.012236157846436183;0.0458855919241358;0.017668152667087853;0.00031216361866752364;0.011552602755456803;2.738105096847216;0.14559497425380327;0
0.006592527735390179;-1.2956434147533369;4.3461421941888766e-05;0.008157438564290801;0.011432243432792085;1.5549367456325125;0.00013069618990661777;0.011216478025899868;0.019698567376026557;-1.7639783501118345;0.026511675333945092;0.0458855919241358;0.01956168376901358;0.00038265947187888924;0.02845992746348469;-2.1350006242411665;0.1658192422528296;0
0.012970391447869831;2.878318851120376;0.00016823105431097485;0.008157438564290801;0.011432243432792085;1.5549367456325147;0.00013069618990661777;0.011216478025899868;0.022356349262163327;-2.6221914170713574;0.037728153359845;0.0499643112062812;0.01983652583273579;0.00039348775711279437;0.030997498701885118;-2.4410387898560146;0.17873787630439755;0
0.013244066904550019;2.6386887032151294;0.0001754053081721971;0.009686958295095301;0.004858215254235468;-0.07711676919724653;2.360225545648619e-05;0.006118078923218029;0.02173377632190579;2.40972594934849;0.017334556949117993;0.053023350667890295;0.020733418595676307;0.0004298746466635361;0.011161097923543556;2.7729548086962503;0.20332230041375218;0
0.01591974609564158;2.1757317554240685;0.0002534383157496953;0.0091771183848272;0.006444989535254722;-1.8641809771601068;4.153789010954288e-05;0.009686958295095582;0.01021208194844868;1.298964522192828;0.0071377587437544965;0.02753135515448149;0.011522507926169816;0.00013276818890864623;0.014042165511127983;-1.035008291108447;0.12888054277755331;0
0.016947863912097873;-1.1165987592391022;0.0002872300911829894;0.019373916590190696;0.009272921418896489;-0.046247490602149575;8.598707164102928e-05;0.009177118384827265;0.010212081948448684;2.90928808786015;0.0030590394616090977;0.02753135515448149;0.011453616432626938;0.00013118532938574182;0.014042165511127983;-1.0092522615794728;0.12876431122443252;0
0.0162526216099037;-0.8139037186246026;0.00026414770919470866;0.018864076679922497;0.0069682265986622275;-0.2770887114893566;4.8556181930303756e-05;0.007137758743754441;0.004650455491380635;2.0899593192590245;0.0030590394616090977;0.012236157846436196;0.008662847253151905;7.50449225314415e-05;0.007815064155799523;0.06831347157235967;0.10025517871914531;0
0.012354547756386596;-2.0792570059544127;0.00015263485026483707;0.019373916590190603;0.008519057234304307;-1.8718647630151193;7.257433616135255e-05;0.01223615784643628;0.0044796334529399635;0.9656635076717611;0.0030590394616090977;0.012236157846436196;0.006931034157890713;4.803923449784782e-05;0.010044846847110434;-1.541719718891045;0.08349706609693484;0
0.013294998277153977;-2.999826989619335;0.00017675697918952723;0.0224329560517997;0.012013195860118866;0.6297390560506327;0.00014431687477357705;0.009177118384827154;0.011715229216963604;2.4984504132318377;0.0071377587437544965;0.03059039461609049;0.014267119506384573;0.0002035506990094592;0.010766218635199554;1.2575382272326483;0.16074595007234957;0
0.010181491519417578;3.013222214286086;0.00010366276955997205;0.0050983991026818005;0.011768359780771762;1.3848984119254222;0.00013849429192968642;0.00611807892321814;0.017349545760348372;-0.8994066954822545;0.022432956051799693;0.0407871928214541;0.017649845750827446;0.0003115170550280016;0.021638244591138625;-1.6073395978949705;0.17920386234428967;0
0.024626903743820247;3.148528082724463;0.0006064843880073876;0.0050983991026818005;0.015657979678274394;-0.9512633080607173;0.0002451723276052539;0.01835423676965442;0.015970282511625845;-0.706445463324774;0.018354236769654295;0.0407871928214541;0.020759583643588517;0.00043096031305514787;0.03223935225371448;-2.1902540014788863;0.19558589109078958;0
0.02562015302364571;-0.42807355021532345;0.0006563922409550224;0.026511675333945196;0.01546421014388;-0.5613421550094403;0.0002391417953740811;0.016314877128581595;0.018034213088148683;-1.605167990134029;0.02549199551340879;0.0428265524625268;0.020276306370201582;0.0004111286000182773;0.029581049478671503;-1.7336167633928017;0.1900805878189124;1
0.01998936586442875;0.342642715660876;0.00039957474766198927;0.021413276231263396;0.012849584176219741;-1.6586854177109192;0.00016511181350175675;0.016314877128581595;0.02048769968123154;-1.7463450695644955;0.02753135515448149;0.0499643112062812;0.020911653357872574;0.00043729724615982333;0.029581049478671503;-1.492117553580761;0.19672538722188795;0
0.021021238021911044;-2.3285536332181302;0.00044189244797383857;0.03364943407769961;0.013592756548981825;2.1011207738219126;0.0001847630305998883;0.010196798205363455;0.02042416389689706;-0.26388804672896526;0.02243295605179979;0.0499643112062812;0.020745173693626582;0.00043036223157873633;0.029581049478671503;-1.611613387716319;0.197741926688714;0
0.015454121498589046;-0.018731251925342935;0.00023882987129315216;0.01631487712858161;0.01370701540850944;1.1179453695568284;0.0001878822714091152;0.013255837666972359;0.011943754839887069;2.983673894389154;0.008157438564290798;0.02957071479555419;0.018735853116524648;0.0003510321920039863;0.012597081898562332;1.2267440501102769;0.1897530727639779;0
0.02152708084152389;-0.1332821608662004;0.00046341520955750493;0.0224329560517997;0.006568827738719917;-1.112207867615164;4.3149497860976224e-05;0.008157438564290853;0.0041794435672319495;-2.882254463783704;0.00662791883348629;0.009177118384827099;0.011174764889462332;0.00012487537033476008;0.014676943659382005;-1.222676703719267;0.12580165026565418;0
0.021929043711233193;-1.3398743608473964;0.0004808829580891761;0.026511675333945096;0.006160419074943736;2.675548883467684;3.7950763178930636e-05;0.0030590394616090144;0.004008003264410394;-2.484211519153643;0.00662791883348629;0.009177118384827099;0.011555039724374305;0.00013351894303186823;0.013396644203993599;0.15694142588019488;0.13407718601739615;0
0.026245615736175534;-2.4893869704520575;0.0006888323453709847;0.0438462322830631;0.006160419074943736;2.675548883467684;3.7950763178930636e-05;0.0030590394616090144;0.0033510098348441724;-1.8560313784038378;0.004588559192413591;0.008157438564290798;0.012543244515055722;0.00015733298296447546;0.013396644203993599;-0.19689081124215826;0.1470954483984281;0
0.018876474117466176;0.9235751144233871;0.0003563212751073705;0.017334556949118;0.005919414815417578;3.074518574610913;3.5039471756985115e-05;0.0030590394616090144;0.0027360880728057625;0.8586516138653053;0.0030590394616090977;0.00662791883348629;0.0070997963457798685;5.040710815154918e-05;0.0036162417897693255;2.909667022027383;0.08914887611823141;0
0.019674800746769344;1.102883549631457;0.00038709778442507555;0.0193739165901907;0.010781637514335803;4.371161766635377;0.00011624370749053312;0.0030590394616090144;0.004320122395088718;0.9924271226010267;0.0030590394616090977;0.01172631793616799;0.00325620725629251;1.0602885695931995e-05;0.005160713389311927;-2.31630884727214;0.042999360159098894;0
0.022347045745629353;-2.7215462228674228;0.000499390453557251;0.0397675130009176;0.015654659143897506;1.8292616852391046;0.00024506835291161376;0.005098399102681839;0.004479633452940056;-2.416977637009108;0.007137758743754399;0.010196798205363608;0.0046352181959640444;2.148524772419617e-05;0.00399630910301986;0.21653384881692736;0.06303809252044289;0
0.02208966358405554;-0.8362432698613252;0.00048795323725674947;0.0275313551544814;0.015654659143897506;1.829261685239106;0.00024506835291161376;0.005098399102681839;0.0038828250769170855;-2.090368608388173;0.0050983991026817;0.00917711838482721;0.0032805080017938547;1.0761732749833509e-05;0.002861441440076662;0.23736198792696092;0.04579344868008363;0
0.022739088624573377;3.5358751454516124;0.0005170661514762024;0.014275517487508901;0.015681203731242727;1.5877154950855623;0.0002459001504607409;0.006118078923218029;0.002697819222051111;0.6734693872353871;0.0020393596410726994;0.00713775874375451;0.0032334735061257756;1.0455350914817316e-05;0.002315140207875252;0.670009498476252;0.04520582970262724;0
0.02011898313394655;3.146721024233569;0.00040477348234402565;0.014275517487508901;0.015541338852487027;2.0033563557744336;0.00024153321332782277;0.0020393596410726023;0.0035027152110373052;2.098534903035168;0.0020393596410728104;0.009177118384827203;0.004109311447074275;1.688644056905567e-05;0.004814382253460522;0.32039260751419246;0.059701061239298685;0
0.021249990458408023;2.9213972754979998;0.00045156209448243205;0.0152951973080453;0.011504772270882714;4.027555199567509;0.0001323597850048718;0.0020393596410726023;0.0047500008968506206;-2.217715390324416;0.007137758743754503;0.011216478025899902;0.004289824660220882;1.8402595615439207e-05;0.006862024458706248;-2.226817497255395;0.06394306145129816;0
0.026678807419350574;-3.3272487881293706;0.0007117587653187952;0.0484347914754766;0.008224082818977938;3.2813433289947604;6.76355382134081e-05;0.0020393596410726023;0.007927969620648945;-0.43689081270335944;0.009177118384827203;0.019883756500458906;0.007393561866361936;5.46647570717214e-05;0.0076310526522707575;-0.1486805606117656;0.11484569089249372;0
0.02495248402855176;-3.0975765976695175;0.0006226264591951306;0.0484347914754766;0.008786421912722601;-1.1171989252798948;7.720121002837189e-05;0.010196798205363677;0.008903971243282151;-1.0770760548117788;0.011216478025899902;0.021923116141531605;0.007475814383982971;5.588780070376669e-05;0.008045410936501345;-0.2785854377380552;0.11597404686770169;0
0.03697552217829587;-0.012502991163482116;0.0013671892403576498;0.0341592739879677;0.017559526018435183;0.9682103761628534;0.0003083369539921022;0.01682471703884958;0.007901696243931994;1.9030803500580842;0.0030590394616091046;0.021923116141531605;0.015515156085641527;0.00024072006836181934;0.008045410936501345;2.4817235581385035;0.22529227924404172;0
0.03675553275562291;0.41582696337844877;0.0013509691881496686;0.033649434077699505;0.016647658871439878;0.3283831513091056;0.0002771445458998309;0.01427551748750866;0.010401234000510079;0.5139761338098161;0.008667278474559004;0.027531355154481504;0.01789113984420604;0.0003200928849249369;0.016924277271605052;1.1822138765657992;0.2703797109868726;0
0.03025589523527478;-0.19025945288432902;0.000915419196487923;0.028551034975017802;0.011038946550606152;0.9263730867570411;0.00012185834094713946;0.007647598654022758;0.010401234000510079;0.5139761338075969;0.008667278474559004;0.027531355154481504;0.018135341487593683;0.00032889061087163667;0.02086210055245743;-0.4699344471440862;0.2650851658777928;0
0.03019784844285339;0.005305413268783828;0.0009119100505775428;0.028551034975017802;0.010596823539729985;1.5511831275720407;0.0001122926691321755;0.0040787192821454266;0.012592116891229408;-0.8904058048928718;0.014275517487508903;0.0316100744366269;0.017475752079913517;0.0003054019107586016;0.017357806755008275;0.012107019898823049;0.2528535606421609;0
0.019193288920081337;1.119137974176373;0.00036838233956971696;0.013255837666972602;0.008239871051631336;-3.052524102445562;6.789547494751209e-05;0.015295197308045294;0.01276841100642301;-1.094262481778338;0.017334556949117896;0.030590394616090602;0.018570224064242347;0.0003448532217961655;0.01986376752378459;0.11933060746420547;0.281670321473389;0
0.018810260031695128;-0.004043898622203557;0.00035382588245998713;0.019373916590190703;0.011482156223317525;1.6021350906567982;0.00013183991153666936;0.0040787192821454266;0.011590310788932934;0.7320112336926137;0.010196798205363601;0.030590394616090602;0.015279365266072759;0.00023345900293407067;0.008107262558474299;1.2905841403972833;0.28586890132033993;0
0.02425252238276642;1.676300180656355;0.0005881848419265862;0.013255837666972602;0.012084388988221662;0.15611278957535765;0.00014603245721865295;0.011216478025899868;0.013824090816830918;1.2350854467584516;0.0122361578464363;0.0356887937187723;0.016164695676103225;0.00026129738630103035;0.012997484655049907;1.135189949160394;0.28275473579703564;0
0.036531016860758145;-0.7884165221309232;0.001334515192880996;0.0387478331803813;0.012427968756138972;-0.7606679445114857;0.00015445440740356644;0.013255837666972692;0.028234269534465013;3.990745844424211;0.011216478025899798;0.07035790761700819;0.012964147346128878;0.00016806911641214045;0.005476803886398887;2.1399770794742445;0.24645876339712205;0
0.07358634423227906;1.2309555310549396;0.0054149500574714685;0.0622004690527173;0.02223802231830779;0.3811548881839511;0.0004945296366295553;0.021413276231263545;0.025706247595375965;2.4948709540334533;0.0188640766799225;0.06423982869379;0.03775159226216137;0.001425182718328482;0.01596832777267248;3.070916132775681;0.5603546367994413;0
0.0691698887443549;1.8426608107349682;0.004784473508906434;0.0275313551544815;0.019178385718164617;1.2785301352245273;0.0003678104787547006;0.01937391659019072;0.042915076004375746;1.3128410894394864;0.0249821556031406;0.1182828591822167;0.03816675717030257;0.0014567013528968427;0.03923343524392232;0.07272339406780877;0.5114582200904336;0
0.06860615433586609;1.9704959921788827;0.004706804412756678;0.0183542367696543;0.021205908374717454;-2.348456346687145;0.0004496905499969119;0.03466911389823579;0.051223562755582056;-1.9566064306359567;0.0769858264504946;0.1182828591822167;0.029841861213969163;0.000890536680713797;0.023265107471249838;1.0451692621402913;0.35003980585700945;1
0.05947343196164573;2.7025800937540203;0.0035370891092965035;0.0183542367696543;0.02091400350181369;-2.306720844848549;0.00043739554247387516;0.03466911389823579;0.05076428648065316;-1.5545946806852047;0.0769858264504946;0.1182828591822167;0.03319863382836689;0.0011021492880699862;0.03923343524392232;-0.12832507760861608;0.4058286954489819;1
0.06551055992012697;2.6260627891972432;0.004291633461048546;0.0484347914754766;0.019105736198843662;-1.9931945831890563;0.00036502915569980505;0.028551034975017764;0.03315606182684084;-0.8523718406239418;0.0458855919241358;0.0790251860915673;0.03033874858930936;0.0009204396659653207;0.024186525901485928;0.9287470562740788;0.3577094930424548;0
0.023646900481897666;-2.800467572666656;0.000559175902400772;0.0418068726419903;0.013277390295843263;0.2072292947461681;0.00017628909306815284;0.012236157846436058;0.022828078423910783;-2.9741382055772454;0.0428265524625268;0.0479249515652085;0.020781001816852267;0.00043185003651201727;0.03484514347022606;-2.559469100993249;0.30863178092784876;0
0.022207025283427755;0.8482542867862186;0.0004931519719387996;0.018354236769654298;0.010522977179846177;2.14142365932686;0.00011073304872756339;0.005098399102681617;0.024732228421423107;0.5644306714226749;0.019373916590190596;0.0662791883348629;0.016859644939260163;0.00028424762747792086;0.01651773022740287;0.2567519928722615;0.28483066283819364;0
0.011816852946521997;0.3703436755180185;0.0001396380135597256;0.010196798205363497;0.00922232613814214;0.19279124646563991;8.505129939825971e-05;0.010706638115631772;0.014286438451101178;1.9217391326918616;0.0050983991026817;0.0397675130009177;0.00864245908084339;7.469209896405236e-05;0.0056251224332065225;1.2430382135871458;0.16212250987089008;0
0.03333432991587404;2.9705395412629727;0.001111177550940335;0.0152951973080452;0.00963044270673401;-2.207439321120441;9.274542672768628e-05;0.015295197308045294;0.020324651481275647;-1.708235218989233;0.0254919955134088;0.0499643112062812;0.008709482748492701;7.585508974629198e-05;0.006146015803005091;1.1673467748124284;0.16382168936026942;0
0.03234651978356266;1.680123460300069;0.001046297342108411;0.0193739165901907;0.01060663087504497;-3.0422029445026517;0.00011250061851945722;0.018354236769654086;0.02307384707386822;-1.5301557148056577;0.0336494340776996;0.054552870398694706;0.016483811527047976;0.0002717160424592397;0.006612668091573501;3.6869276055775373;0.38628380487024955;0
0.03223381940685198;1.2184689594934923;0.0010390191135535474;0.0193739165901907;0.042576974805981466;4.126079504281935;0.0018127987836291802;0.018354236769654086;0.0209407084510176;0.7503781664522826;0.0193739165901906;0.054552870398694706;0.022070442177851375;0.00048710441792588094;0.006146015803005091;2.244348549471551;0.45022836425335144;0
0.024188129343075633;0.7153673915170865;0.0005850656011173565;0.018354236769654298;0.042147451178628385;3.496519879556928;0.0017764076408548633;0.02549199551340897;0.02090157096980215;0.8666754728659392;0.0188640766799225;0.054552870398694706;0.025078541256162115;0.0006289332315370253;0.033720611137945;-1.7081976355810167;0.5778272333198177;0
0.025240937686318802;0.6607145086535505;0.0006371049352846288;0.018354236769654298;0.03916552891618184;3.9720485283851823;0.0015339386552842757;0.007137758743754885;0.01060540545410945;0.2976441346330117;0.0091771183848271;0.028551034975017802;0.024866832170792576;0.0006183593422103646;0.027574595334939913;-0.10725341236558943;0.6618613391107905;1
0.014499545873643655;1.3161849844588762;0.00021023683054189672;0.0071377587437545;0.03486798091004278;4.626745592940225;0.0012157760927431075;0.010196798205363677;0.020048445624095967;0.53931247906223;0.0188640766799225;0.051493830937085705;0.024125096222173386;0.0005820202677291246;0.019265710294519418;1.855993534105328;0.6718345264344918;0
0.01548268891985797;-0.2081194766778296;0.0002397136561890928;0.016314877128581602;0.04176581658741354;2.7074719105720226;0.0017443834352134677;0.010196798205363677;0.02051939379949733;-2.909413574005276;0.037728153359845;0.0438462322830631;0.022080892475969893;0.0004875658125353438;0.030900714447704727;-1.2768768763814553;0.4953969790395019;0
0.015819832097517486;-1.0291396234048023;0.00025026708759364456;0.0173345569491179;0.017235303876986536;2.1421475343980774;0.0002970556997320671;0.013255837666972692;0.020452143958943902;-1.37010312440979;0.0249821556031406;0.0499643112062812;0.016049234530770475;0.0002575779290236754;0.028265221223592322;-2.7317914359614828;0.3963304620538755;0
0.015819832097517486;-1.0291396234048023;0.00025026708759364456;0.0173345569491179;0.016314877128581675;2.3565216064453445;0.00026617521572071744;0.008157438564290631;0.026082684303814375;-2.759301269638464;0.0397675130009177;0.058121749770571995;0.01721121174733688;0.00029622580981166706;0.028265221223592322;-2.3338078044042674;0.4333062278212745;0
0.016324433827904276;-0.83301199929542;0.0002664871398016254;0.0173345569491179;0.01649550766900641;-0.0278637269118119;0.0002721017732582492;0.015295197308045294;0.03616918018686441;-1.6726489773106625;0.0479249515652085;0.08361374528398069;0.015786835601946783;0.00024922417832289447;0.013568159915397844;2.034931472933368;0.3577154893829104;0
0.01670221850648991;-1.3892957258112837;0.000278964103038534;0.020393596410727;0.020025743266430134;0.7579745677211006;0.00040103039337297187;0.015295197308045294;0.03457451449824688;-1.8077485699931408;0.0479249515652085;0.08361374528398069;0.018958973121438925;0.0003594426618194436;0.03380341091603929;-3.1052190249783274;0.47296538715068515;0
0.022160155190476014;0.6298893038061154;0.0004910724780659811;0.016314877128581602;0.014517462037495195;2.3390128674828503;0.00021075670401011413;0.005098399102681839;0.030312115856612153;1.9433957922424103;0.0122361578464362;0.08361374528398069;0.017028698214564368;0.0002899765628827077;0.02759675774614197;-2.996745381372204;0.44824350232302723;0
0.030983840084574065;-1.6345011921588164;0.0009599983463864586;0.0418068726419903;0.017265440818828637;-1.8536990876418702;0.00029809544666847403;0.02447231569287245;0.022160155190476347;1.2124937726190186;0.0122361578464362;0.0611807892321809;0.01504525437155086;0.0002263596791046703;0.025961451409000687;-3.1650725193752662;0.4175574679256946;0
0.028672772844959032;2.5233834344873913;0.00082212790261862;0.013255837666972501;0.017265440818828637;-1.8536990876418689;0.00029809544666847403;0.02447231569287245;0.02193378461361534;1.7681228414290036;0.0081574385642908;0.0611807892321809;0.012723803547380438;0.00016189517671233103;0.01978391605961291;-2.5141975379057713;0.33618975908649656;0
0.04161368191579843;-1.7620450196254194;0.0017316985225892495;0.0560823901294992;0.013527581484064067;-3.286512138429743;0.000182995460807993;0.023452635872336036;0.014874748672426372;2.1982278888009503;0.0081574385642908;0.039767513000917604;0.015316517488355181;0.0002345957079710901;0.01978391605961291;-1.783497713302424;0.3846980460431876;0
0.06138692712318548;-1.3038561507596154;0.0037683548216272847;0.08055470582237159;0.014431261599830174;-3.186141905464313;0.00020826131136273294;0.02447231569287245;0.017611260918254056;1.246483453167232;0.016314877128581602;0.044865912103599304;0.030472548888753413;0.0009285762357774669;0.013421150666196938;2.7866587840114647;0.5330163404160181;0
0.047324569739460545;1.3515034783378763;0.0022396149010250645;0.024472315692872396;0.01361186629629064;-2.8355572182732636;0.00018528290406809306;0.02447231569287245;0.021473885682321565;2.049315618688592;0.013255837666972501;0.0571020699500355;0.03032194783122719;0.0009194205202796633;0.013421150666196938;2.7632172217233446;0.5267636254457814;0
0.05530717403347028;-1.3415293582203336;0.0030588834995685698;0.07647598654022619;0.012809061892478619;-2.435893728886221;0.00016407206656534793;0.02039359641072691;0.0113684011274959;-1.8989883168754258;0.0173345569491179;0.0265116753339451;0.031305991951971666;0.0009800651320969146;0.02121147006185122;2.4693718694386533;0.558989079136627;1
0.08065660934929074;0.11475223721454834;0.006505488631724095;0.07647598654022619;0.02300050523890568;0.7221648977987828;0.0005290232412449277;0.023452635872335925;0.02325898387749632;2.9313345406923283;0.013255837666972598;0.05914142959110841;0.04060940862809842;0.0016491240691238747;0.058853086886758374;-2.0850488082697667;0.5287464707897866;1
0.08385308965573643;-1.0843848787071753;0.007031340644812973;0.1065565412460486;0.019921631600532504;0.25771459795196233;0.0003968714056273353;0.01937391659019072;0.020553568553003214;1.7775396840156314;0.013255837666972602;0.05404303048842671;0.03931600864825918;0.0015457485360299906;0.058853086886758374;-1.9308047108771167;0.4857870074194446;1
0.05424179113890564;0.6767695758881468;0.002942171905956663;0.04486591210359951;0.03227411471899087;-1.1914427458405032;0.0010416184808945833;0.04486591210359969;0.0176995975078546;3.071320879794205;0.012236157846436203;0.041806872641990504;0.03706003381635312;0.0013734461064692368;0.04168937878010559;-0.2784893187880459;0.4781948192990026;1
0.03795757275935865;-0.6965529812499819;0.0014407773297820058;0.04486591210359951;0.03258670812086667;-1.2536835352167088;0.001061893546154558;0.04639543183440409;0.03202995944666196;1.8572089360091464;0.012236157846436203;0.0887121443866625;0.043651738166265816;0.0019054742449362277;0.053392604875991526;-1.056391752824485;0.6055540224906512;1
0.03530360679411544;0.6280904727794088;0.0012463446526735141;0.027531355154481504;0.03015305471329384;-0.9018059793748504;0.0009092067085428919;0.039767513000918076;0.038788732955984964;-2.0381892791633867;0.0596512695013765;0.0887121443866625;0.0425642779660124;0.0018117177587679686;0.04761502566124079;-0.6966334491870967;0.5811526064602524;0
0.027518133908146784;-2.5531654682754685;0.0007572476937866978;0.0458855919241358;0.04223370537153618;1.4476141887352274;0.001783685869409724;0.020903436320995117;0.028622868454148884;-2.75869742836811;0.0484347914754766;0.0601611094116446;0.02773037442064927;0.0007689736655093995;0.03608103914355276;-1.4930043307269187;0.48345720409685927;0
0.034340660670335484;-0.2895032720681421;0.0011792809752751263;0.034669113898235904;0.04192731979732045;2.2303382897100215;0.0017579001453867794;0.006627918833486013;0.020487699681231576;4.295777818493275;0.008667278474559;0.0489446313857447;0.025762117674029396;0.0006636867070505378;0.014697041311499112;2.1955778951397398;0.5262474951430771;0
0.03262656760211788;-0.20285690505413356;0.0010644929134955678;0.034669113898235904;0.02590568779448293;-3.261588786101648;0.0006711046601052218;0.04690527174467218;0.004694958471794917;-1.718777812389213;0.0061180789232181;0.011216478025899798;0.018362952069736198;0.0003371980087154289;0.014697041311499112;0.6074711316156431;0.4069415090528586;1
0.10081070618016189;3.211855248097661;0.010162798480542929;0.0438462322830631;0.028988333412008904;-3.144617154493123;0.0008403234740057919;0.04894463138574501;0.021496267867087904;4.169544841646004;0.008667278474559;0.052513510757622;0.08431074221761835;0.007108301253285694;0.028464662723428347;4.511783650881533;0.9562239237512175;1
0.10409577631764963;-0.2654779324105334;0.010835930647174145;0.1193025390027531;0.022971102938857617;1.2563954475963623;0.000527671570227593;0.01937391659019083;0.020506722030364678;1.9086189598498986;0.015295197308045199;0.052513510757622;0.08141708410989204;0.006628741584957236;0.07545248944917918;1.5540298951900304;0.7753084857885715;1
0.09719533278313985;0.6223960237706692;0.009446932714825301;0.07545630671969;0.037238561855806755;-0.7483547670338039;0.0013867104890887458;0.04690527174467218;0.020067236692460393;1.6404776418922868;0.015295197308045199;0.052513510757622;0.0783891440885998;0.006144857910943261;0.0557453446228396;1.8603469675289734;0.716753180631871;1
0.07931116577057384;1.350535849811801;0.006290261015887444;0.07545630671969;0.04261724942460886;-2.9523722897478986;0.0018162299485193242;0.07443662689915376;0.024151563744931288;0.22033741790348316;0.023452635872335998;0.0627103089629855;0.07513774497404647;0.005645680719784846;0.0557453446228396;2.2251657109304475;0.6685785780138174;1
0.0810808974390831;1.1577186434780202;0.006574111929527114;0.0856531049250535;0.03865649100742439;-1.7327910115914118;0.0014943242970070828;0.05710206995003575;0.031008998158455387;-0.8637160296652553;0.0341592739879677;0.07953502600183529;0.07652132944954665;0.005855513860726054;0.06515751237575104;2.078515658046809;0.6924889332638777;1
0.045473604509982536;1.165313011512924;0.002067848707130304;0.03364943407769961;0.026476355197175082;-1.50605734552862;0.0007009973845269799;0.03772815335984514;0.029897666150234228;2.0218534267190087;0.018354236769654298;0.07953502600183529;0.03908865467048167;0.0015279229239481688;0.02138294489070907;1.6503971143035134;0.5824851455403119;1
0.022635973366797582;1.6643242233621116;0.0005123872902623695;0.009177118384827203;0.0183343989413628;-1.993327011910991;0.0003361501845410453;0.027531355154481574;0.03126611695768743;2.9669222708796448;0.018354236769654298;0.07953502600183529;0.020012734552648695;0.000400509544274779;0.015145679925910059;1.19548351509221;0.3920524872535175;1
0.015571415657241352;0.6011558185177215;0.00024246898557058112;0.016314877128581703;0.02018090372087993;-0.8185179466527011;0.0004072688749914254;0.023452635872336258;0.04410395184826463;-2.778879468714219;0.0693382277964718;0.09584990313041689;0.019728694561327108;0.0003892213890941378;0.015145679925910059;1.2572820219542002;0.38803605263782825;0
0.031142831314483064;0.6378647238509908;0.000969875942282347;0.034669113898236;0.013955092303149253;0.577735311329795;0.00019474460118941553;0.010196798205363566;0.03797811146155943;-2.490942214539112;0.0642398286937901;0.08565310492505339;0.020465114059447245;0.00041882089346618535;0.02394824942919354;-0.7782560131657968;0.4260559526737249;0
0.03175283616050447;0.4735458189472581;0.00100824260423584;0.037728153359845;0.025761802528353795;1.3820778986875173;0.0006636704695098959;0.014275517487509104;0.0450763071150528;-2.8057921414987246;0.08055470582237169;0.0978892627714896;0.030222498086187162;0.0009133993905695867;0.034407590468133346;-0.762849123154376;0.5489198839673285;1
0.09077040623565698;3.2123344840061065;0.008239266648186194;0.0203935964107271;0.026933834437981353;-0.44203533759201247;0.0007254314375325904;0.025491995513408527;0.03977993023960386;-0.5828455733513257;0.04843479147547669;0.0978892627714896;0.0715269635159268;0.0051161065098087235;0.05026696689077836;2.976546099238142;0.760568406812413;1
0.09446330587931859;3.4133845934336313;0.008923316157649705;0.0428265524625267;0.02677897425297164;-0.21205644251651753;0.0007171134620413181;0.025491995513408527;0.025537839882468147;-2.1608876835738706;0.03874783318038139;0.0606709493219129;0.0743246342858974;0.005524151261732396;0.05906953639406184;2.564311433816062;0.8169798939584831;1
0.10354043998325668;-2.123860802352431;0.01072062271192638;0.1549913327215254;0.0218387710215302;-0.9317442888544996;0.0004769319197308273;0.025491995513408527;0.04230381102155281;0.7363044171132209;0.034159273987967795;0.11318446007953491;0.07867777864634945;0.006190192852723962;0.11947213465734335;-1.619908347826301;0.72858044005296;1
0.08424678354284763;-1.4337747616046137;0.007097520537315422;0.11216478025899869;0.052593143801535416;2.41279900724075;0.002766038774928983;0.03364943407769916;0.05746961060859325;-2.2459280037127307;0.0866727847455898;0.1356174161313346;0.06905815850351096;0.004769029255896044;0.06040259826328151;0.1232162219524137;0.5315287004203108;1
0.07953306505492985;-0.15990811993390133;0.006325508437031704;0.07851534618129909;0.04551588481832489;2.018936759397345;0.0020716957707950182;0.03874783318038111;0.04646541201209116;-2.1319597627678406;0.062200469052717304;0.1091057407973895;0.07071317409260867;0.0050003529902515826;0.07271435324870486;-0.6210022419877971;0.5547814478418516;0
0.09522248215806157;-0.375188796862183;0.009067321108342356;0.1029876618741715;0.042847183870325156;2.680608496306872;0.0018358811656174522;0.028551034975017653;0.04530351493123507;-2.3032330350131787;0.062200469052717304;0.1055368614255123;0.05099349384604976;0.0026003364146271143;0.06292169812178196;-0.587577268858336;0.4861667349394818;0
0.0913299613924931;3.0118661886399445;0.00834116184795428;0.02957071479555419;0.03994620912310661;3.4493260273666166;0.001595699623306966;0.023452635872336036;0.04109575341576327;0.7352037835200586;0.034669113898235904;0.1055368614255123;0.038200178286986554;0.001459253621157559;0.06292169812178196;-2.6658799358773684;0.3384902885190283;0
0.08077383255712677;-1.0892702020602794;0.006524412025966751;0.0978892627714896;0.040668482289678225;3.567224915706452;0.0016539254517458713;0.023452635872336036;0.03995336636782929;0.8814738517020674;0.0336494340776996;0.1055368614255123;0.04202842789443524;0.001766388751277742;0.03078818475111099;0.7908338202944307;0.4777252735076278;1
0.06923167936326843;-0.8583068253703736;0.0047930254274584074;0.09483022330988061;0.01535287043141866;0.8475043921445007;0.0002357106304839294;0.011216478025899868;0.031507941457406624;2.2269522427330757;0.021413276231263302;0.0820842255531763;0.033119166164534385;0.0010968791674340391;0.05167780652045457;-2.3868794662733905;0.5216185490200038;1
0.05946316007955036;0.8258398181491439;0.0035358674066462313;0.041806872641990296;0.027835578258983987;2.934256428474496;0.0007748194170120221;0.01835423676965431;0.026507753198361395;2.878026670526779;0.0122361578464361;0.06984806770674;0.03178597346227762;0.001010348108944617;0.04179593260422038;-1.7206148200419165;0.5167047784564269;1
0.0412119718118918;1.733990150552464;0.001698426620624164;0.0305903946160904;0.029714526723448934;-2.033794406594494;0.0008829530983985609;0.04588559192413566;0.02418383037754964;2.532480000000014;0.0122361578464361;0.06423982869379;0.02289358478448146;0.0005241162242842411;0.038204849446356194;-2.8044585898497907;0.4248061106441419;1
0.025739594943973577;-1.399414871796716;0.0006625267478798301;0.0305903946160904;0.0352859314224498;-1.2249650236880167;0.0012450969563498298;0.04486591210359947;0.025169779664391902;2.7377058837647374;0.015295197308045199;0.06423982869379;0.028089810690242085;0.0007890374646136385;0.04179593260422038;-2.1387575669817642;0.4843229695834537;1
0.02347479235897053;1.1182093271626456;0.0005510658762967812;0.0142755174875088;0.024291076271176815;0.6619728696459445;0.0005900563864121293;0.01937391659019072;0.041798167151779815;1.862119655540128;0.015295197308045199;0.116243499541144;0.02979835687785749;0.0008879420726201567;0.0278673641911438;0.9362207758028779;0.415072337403283;1
0.04290901857410774;0.4583006158331078;0.0018411838749931228;0.0397675130009176;0.039157563855817396;3.001835359553264;0.0015333148071224171;0.01937391659019072;0.048338631447239516;-1.6022478876935011;0.06729886815539911;0.116243499541144;0.018125458799009488;0.0003285322566745904;0.027167360917468644;-1.9296304031964564;0.20576367786683744;1
0.04322769013160803;3.3688617018762748;0.0018686331941143222;0.0173345569491179;0.04261907918479447;-2.1543599965811033;0.001816385910559781;0.0637299887835221;0.057760159235027295;-0.3355686402752968;0.06118078923218111;0.14632405424696632;0.017872614731853084;0.00031943035735325186;0.01412400469402561;2.7290984033217947;0.18952619073848614;1
0.044978168194926144;3.2102977078648913;0.002023035614171066;0.0275313551544814;0.04411809452999674;-2.5182133828655786;0.0019464062649577278;0.0637299887835221;0.03291450015405691;2.225667522124271;0.009177118384827196;0.0912613439380034;0.014737300756768091;0.00021718803359543733;0.01412400469402561;1.7365321580850288;0.15382027129328835;1
0.05643999193015871;1.6344532833723993;0.00318547268907638;0.0275313551544814;0.031353289158044174;3.1950812674651323;0.0009830287410279306;0.00866727847455917;0.01941211692289268;2.4316608923341385;0.009177118384827196;0.052003670847353904;0.014747030637073225;0.00021747491261077634;0.014272995992486298;1.6761539860485553;0.15396971418050465;0
0.06203056897666619;1.613664289867265;0.0038477914875689415;0.0540430304884266;0.017867688625684025;-1.2015999679252485;0.00031925429682439833;0.022432956051800068;0.02856605309396517;1.3138905147163886;0.014785357397777109;0.0790251860915672;0.01657624508564299;0.00027477190113930336;0.030735298723318538;-2.8707258871846757;0.1833430703384683;0
0.027208451237129075;-2.388482751546448;0.0007402998187232307;0.04384623228306309;0.019519612312930174;3.1297026983961254;0.0003810152648470952;0.00866727847455917;0.055057281190414295;1.0769143705328144;0.04180687264199041;0.1473437340675027;0.017437275034614844;0.0003040585606328021;0.02018328687774222;-0.8758981411416281;0.21399887667232123;0
0.02098906327010577;-1.0919031566595716;0.00044054077695650305;0.02345263587233609;0.024091217069785578;2.13871466623606;0.000580386739903528;0.01427551748750866;0.050379303876902724;-2.840417488029267;0.0882023044763943;0.1101254206179259;0.011706070844323574;0.00013703209461232244;0.010807056553754718;1.417010711678601;0.1599746195747847;0
0.05519755834961737;3.7644111785054073;0.003046770447759414;0.02345263587233609;0.024284654873627704;3.237341997210964;0.0005897444623312098;0.008157438564290853;0.04809739028772663;-2.131612661529702;0.0683185479759355;0.11114510043846221;0.013362153877522128;0.00017854715624657962;0.02347538111304863;-2.7296288319556727;0.17477740104547718;0
0.05202066273503068;-0.22946581762053833;0.0027061493513918095;0.0540430304884266;0.02536933884903582;3.776524750692289;0.0006436033536371981;0.010196798205363455;0.03811202526976811;2.4245434472273772;0.022942795962067906;0.0999286224125624;0.010663592067790443;0.00011371219578824327;0.014866120793427764;-1.556814852605574;0.1441576007376717;0
0.04551074471675481;-1.6369709255695533;0.0020712278846736257;0.0667890282451309;0.006709772153099519;0.23775394823165877;4.5021042346509764e-05;0.006118078923218029;0.01540526657462873;-1.2517584027247974;0.0183542367696543;0.03874783318038141;0.010814468069098814;0.00011695271961755783;0.014866120793427764;-1.2585120335259365;0.14868938761343847;1
0.038023257554775154;1.7205721945067793;0.0014457681150767659;0.0137656775772407;0.021462988612400317;3.3638947640610724;0.00046065988017602563;0.010196798205363455;0.014368081090529266;2.4128916640084577;0.00662791883348629;0.03874783318038141;0.00959770362023867;9.211591478194247e-05;0.010864784602550276;-0.7227000385841483;0.12971793252402453;1
0.022228084581933004;3.6086857301445483;0.0004940877441815678;0.0127459977567044;0.04572158355740986;1.549339175987426;0.0020904632029972114;0.042316712552258884;0.01947428291504485;3.416452253766207;0.00662791883348629;0.0509839910268176;0.008988122436950763;8.078634494161773e-05;0.01613672663574761;-2.812588076414863;0.11502888174103405;1
0.006143518030545484;-1.5570714659629192;3.774281379163747e-05;0.0081574385642908;0.05197117089364636;0.6873749807602275;0.0027010026040565948;0.047924951565208374;0.028600155853998496;1.5362748066158989;0.013255837666972602;0.0795350260018354;0.019246721283206404;0.00037043628015343043;0.01613672663574761;2.4507899866852596;0.23005834230874;1
0.012287036061092277;1.748206733943744;0.000150971255166582;0.0081574385642908;0.051212397519985284;0.813520137736937;0.0026227096597449947;0.042316712552258884;0.031304336561657625;-0.0879285719311677;0.032629754257163295;0.0795350260018354;0.02803167876047714;0.0007857750141305853;0.016743340512029137;0.9593619740515619;0.37111007291523196;1
0.03316390069538677;3.101862114533214;0.0010998443093334753;0.0193739165901906;0.05062276438685829;-0.48881916313971036;0.0025626642741673677;0.05302335066789032;0.03465861560468593;-2.4901800049776632;0.0571020699500357;0.0795350260018354;0.03181171045209125;0.0010119849218876917;0.04306516384125733;-0.9027777532933037;0.3785919201554401;1
0.11978004853113529;3.541795669882378;0.014347260026121125;0.0734169470786172;0.055675825467758275;-2.1130315031856846;0.0030997975415162807;0.08463342510451721;0.03465861560468593;-2.4901800049776632;0.0571020699500357;0.0795350260018354;0.09159661812780552;0.00838994045245103;0.03034176967773447;3.199111758352714;0.7241442827402773;0
0.11265408628372749;2.705240040481025;0.012690943156421518;0.0723972672580809;0.04636797078918399;-1.4928388880141554;0.00214998871510662;0.05710206995003575;0.04871893170457018;-0.13747296617799995;0.0571020699500357;0.12134189864382569;0.0916482776000236;0.008399406787050989;0.030799864487636858;3.1952549162215482;0.7250778811328671;0
0.11569075325328602;2.4423669018208094;0.013384350388312712;0.0723972672580809;0.038857695519075995;-1.2422754198375305;0.0015099205010532185;0.05302335066789032;0.041076773588058293;-0.10848793890901713;0.03874783318038139;0.1080860609768531;0.09886002557765217;0.00977330465721404;0.06654652496003938;3.236755065696696;0.8804419648472106;1
0.13038471664412515;1.2361394235838798;0.01700017433436881;0.1131844600795349;0.03591676522186687;-1.450430308450623;0.0012900140240027056;0.04486591210359947;0.04111978195453368;0.3435519442187811;0.03874783318038139;0.1080860609768531;0.09200157952270069;0.00846429063467182;0.026779918139130582;3.804018141440077;0.7543228857531237;0
0.13090202991589545;1.6351442438560244;0.017135341436101986;0.1131844600795349;0.04157368557624834;-2.781147027518534;0.0017283713323927594;0.07647598654022636;0.03254520247471045;-0.5049582814136949;0.0367084735393086;0.08361374528398069;0.09468439211674823;0.008965134110518134;0.014374787837626954;4.431953729705299;0.8290632058889118;1
0.05858768267449373;-1.4958757720703073;0.0034325165611671722;0.0693382277964718;0.03651963027375669;-1.7988218566379324;0.0013336833953318862;0.04996431120628131;0.025066293576673657;0.6742009914110779;0.0183542367696543;0.0683185479759354;0.01983363440228103;0.00039337305360334564;0.03614848918310765;-2.952954871662866;0.29265769509059497;1
0.044792852813685856;-2.3472195680447983;0.002006399663188525;0.0662791883348627;0.03172007424901523;-1.54223572897833;0.0010061631103630395;0.0438462322830635;0.02945974826471934;1.2451007686557791;0.0183542367696543;0.08055470582237159;0.019180481509995684;0.0003678908709552863;0.027549987693369235;-1.5504340656743973;0.320436007493485;1
0.043807087560464066;-1.9293758937353058;0.0019190609205301653;0.0632201488732536;0.03761775618577905;-1.0262600272847184;0.001415095580452718;0.0438462322830635;0.02969877650940855;0.8481166867369533;0.021413276231263302;0.08055470582237159;0.01980968276723681;0.0003924235313385591;0.027549987693369235;-1.6165295094135672;0.3343807573706321;1
0.041437785632592705;-2.3580461996850013;0.0017170900781327066;0.0632201488732536;0.03727065745385358;-0.8650604853168188;0.0013891019070424913;0.0438462322830635;0.018212063933406634;-1.7954127809278582;0.026511675333945;0.043846232283063;0.01336391036731218;0.00017859410030555397;0.01941062345481992;-1.9994789489591274;0.24413400753111988;1
0.045797701988976876;0.6741832639082025;0.0020974295074711368;0.0351789538085041;0.02735708034179147;-1.0024932059096656;0.0007484098448272332;0.03262975425716308;0.023479221147305555;-0.48969727515050226;0.026511675333945;0.0601611094116446;0.0228886255743175;0.000523889180681301;0.01941062345481992;2.0614710299807357;0.38356381846742643;1
0.029028656610540993;0.24081528637597907;0.0008426629046127054;0.0341592739879678;0.017828366118639288;1.5667828914992288;0.00031785063846024534;0.0091771183848266;0.02860560852269921;-2.7555899633336534;0.0479249515652084;0.0632201488732536;0.023650902375224905;0.0005593651831624191;0.021407638240877117;1.8371443348754564;0.40366403807691537;1
0.0281928101745443;0.31408726887192984;0.0007948345455378887;0.0341592739879678;0.019635125770426712;-1.462270907737319;0.0003855381640204752;0.023452635872335925;0.0341173957873389;-1.4566557938657283;0.0479249515652084;0.0810645457326398;0.022473503535573622;0.0005050583611634402;0.021407638240877117;1.0192555709720648;0.3607757695001971;0
0.0823368567214844;3.4098900712013553;0.00677935797477425;0.0341592739879678;0.016764354950649377;-2.1696167944279097;0.0002810435969113623;0.023452635872335925;0.03427019334670934;-1.6132113295848474;0.0479249515652084;0.0810645457326398;0.031938403331961546;0.0010200616073950523;0.03370955869422465;-0.7758275805787372;0.40585175574531157;0
0.08046301152474866;0.9806473241700692;0.006474296223631835;0.0632201488732537;0.014839757448537797;-2.8842661511876844;0.00022021840113143303;0.023452635872335925;0.0450041669712706;-2.5469283962027753;0.0780055062710308;0.09992862241256231;0.031246430521333735;0.0009763394203245364;0.03370955869422465;-0.5290548304835703;0.38897564855542494;0
0.0650264779992604;-0.4888295024579629;0.004228442840988297;0.08055470582237159;0.014018279886680373;-2.301172629545777;0.0001965121709813075;0.02192311614153164;0.04113400276282207;0.04094083814661076;0.046395431834404005;0.09992862241256231;0.029808108393091438;0.0008885233259742883;0.017050738466185197;1.8510795024306326;0.38712694427328254;0
0.05817360508533191;1.2568118073058372;0.003384168328624155;0.031610074436626896;0.016810806563516627;-0.6604080067963558;0.00028260321731597373;0.01835423676965431;0.021245708714198827;2.2694870693913174;0.012745997756704402;0.05608239012949931;0.02590892084411251;0.0006712721793064878;0.017050738466185197;3.02406091343912;0.3231347986967789;0
0.06346882349413414;1.3706319055302565;0.004028291555729554;0.031610074436626896;0.016810806563516658;-1.0697467784877108;0.00028260321731597476;0.01835423676965431;0.025136710470063175;1.3581119056580657;0.022432956051799707;0.06423982869379011;0.02467313217183214;0.0006087634511686981;0.02162385283595715;0.785680619243229;0.2858316712466133;0
0.04140327008893839;2.961807474236816;0.0017142307740575806;0.0163148771285816;0.017132441745071617;-0.9724319324751806;0.0002935205601482726;0.01835423676965431;0.016083812911700312;-0.593451258969818;0.017844396859386102;0.0418068726419904;0.014498068018387269;0.00021019397626578375;0.01922643638358014;-0.8213394204104366;0.18137281152140067;0
0.04183794889146234;0.6332305667024656;0.0017504139674446152;0.0377281533598449;0.016652342416017377;-0.2869762202110202;0.0002773005079402915;0.015295197308045294;0.022059047264998573;-1.442794796459096;0.029060874885285998;0.055062710308962995;0.016496887775865443;0.00027214730628949874;0.013652173595519249;1.3741557918095744;0.19266035678320545;1
0.03461358685291271;1.8964728365619656;0.0011981003948241314;0.0285510349750178;0.01946226628462919;-1.825846597458997;0.0003787798089338141;0.030590394616090588;0.020601570314958524;0.6154587929342412;0.017334556949117993;0.055062710308962995;0.016763459843608778;0.000281013585928284;0.016636091170576003;0.35043308213717594;0.19714757972486785;0
0.03614186044202308;-2.9312744861179554;0.001306234076210673;0.0652595085143264;0.01311785493042581;-0.9441133249971543;0.00017207811797569672;0.016314877128581262;0.013573619897864056;-0.4712062227023779;0.017334556949117993;0.03262975425716329;0.009013375883976387;8.124094482584712e-05;0.009468167580772874;-0.5144488334889156;0.09993063387614293;0
0.030704047733842398;2.0312440910063607;0.0009427385472420724;0.0285510349750178;0.012918180339879615;0.05281392843600704;0.0001668793832936522;0.015295197308045294;0.018879227998014877;-0.6816317402566874;0.019373916590190693;0.0489446313857449;0.016397458072160302;0.00026887663122825503;0.014238674718198993;0.7798955491266509;0.19781725259805952;0
0.031092711388251777;1.964262720732498;0.0009667567014731217;0.0285510349750178;0.0167922413380148;-1.018523050617419;0.0002819793691541331;0.01937391659019072;0.022782486050811127;0.7746697600784742;0.01835423676965431;0.06016110941164479;0.021248782192289855;0.0004515107446553744;0.027053698500480325;-1.3651384659448726;0.28671314856854474;0
0.031062600615331382;4.62950194151298;0.0009648851569875855;0.0101967982053635;0.021223062287342057;0.7887958707089323;0.0004504183728524007;0.016314877128581706;0.024542318559210456;0.6599859846207714;0.027531355154481504;0.06016110941164471;0.01859135971281127;0.00034563865597114193;0.02966287241293543;-2.4385789052841127;0.2985402177362613;0
0.030923377199384126;4.660704146059975;0.00095625525741539;0.009177118384827099;0.023229908738441003;-0.44395068328374404;0.0005396286599962977;0.027531355154481463;0.027990164640177104;-2.1632919413010376;0.0418068726419904;0.0662791883348628;0.021820732682644402;0.0004761443748074255;0.015831032357504667;1.1082707848311735;0.4201222259124605;0
0.017889497114974905;3.984809507705227;0.0003200341070266954;0.009177118384827099;0.026397696808269953;-2.8491515113141244;0.0006968383967813456;0.047924951565208596;0.02753513148741948;-2.0137861012255747;0.0387478331803813;0.06627918833486279;0.011594149914754397;0.0001344243122457994;0.006945909642614864;1.1181995322648355;0.2684845937509981;0
0.027421615277204433;-1.5487486631442025;0.0007519449844110116;0.0387478331803813;0.03212719694858648;-2.9088261504510253;0.0010321567837732642;0.05098399102681761;0.029149291525412326;0.37448078500203746;0.0244723156928724;0.078515346181299;0.013557289001051095;0.000183800085058021;0.006945909642614864;1.2807376357752354;0.30578082415492946;0
0.025658678066771048;-1.1788925008251259;0.0006583677601341976;0.032629754257163204;0.032618599602487204;-2.4896547786329406;0.0010639730400273783;0.048944631385744786;0.019921631600532504;-1.9925496357491401;0.0295707147955541;0.0479249515652085;0.013385882289800925;0.00017918184467640604;0.0028554141962419885;2.0413482257872198;0.3075904513238364;1
0.024391457459800266;-0.6870830111611497;0.000594943197013246;0.0265116753339451;0.03135080188747124;-3.088913085611582;0.00098287277898747;0.05506271030896304;0.031154514362092788;1.437746741031661;0.023452635872336102;0.0825940654634444;0.022225804172833673;0.0004939863711291507;0.02248777356749515;-0.4050007987912245;0.42910436657654705;1
0.028529176325666872;-0.17484501347188322;0.000813913901820991;0.0265116753339451;0.030270926233884735;-2.782398592158476;0.000916328975057291;0.05506271030896304;0.025024779315693677;1.3386718999493539;0.0193739165901907;0.0662791883348628;0.017015897550550014;0.00028954076945081396;0.019632359371253162;-0.022864708705547798;0.29226541961989116;1
0.02723137005453309;2.3123688106874787;0.0007415475150469215;0.007137758743754401;0.03301464392413768;-2.6378901991003274;0.0010899667134376008;0.05608239012949923;0.03211101114628519;1.1369629597535902;0.0193739165901907;0.0887121443866625;0.016183997102214936;0.0002619217622045015;0.018926625942761788;0.3057548457774466;0.2746172133702804;1
0.03811202526976792;3.308005343283355;0.0014525264701634281;0.007137758743754401;0.049961189639931444;0.34544840695884105;0.002496120470237193;0.05608239012949923;0.047579838215818;-0.8496996823394127;0.0550627103089629;0.1223615784643621;0.029609882079826486;0.0008767451167812296;0.03871721216611454;-0.3076988365167506;0.42989043042444475;1
0.04229274943420529;-1.9864136500594778;0.0017886766547044717;0.0571020699500356;0.04503015073686652;1.5310121661459313;0.00202771447538492;0.023452635872336036;0.05956798107946204;-1.9730485805860773;0.0887121443866625;0.1417354950545527;0.026221872220308824;0.0006875865827382036;0.025221132677676873;0.04109062669927847;0.3463652356215968;1
0.051007438271063396;-2.1994104711520492;0.002601758758976343;0.0764759865402263;0.047754339652286676;-0.5752360275302261;0.0022804769556259595;0.0499643112062812;0.04127121795180388;1.3356773168069307;0.0336494340776996;0.10808606097685311;0.028610193259529924;0.0008185431583476515;0.04280826636895697;-2.03412734916686;0.3611337083071157;1
0.039472278680219935;-2.1463151506527716;0.0015580607842089452;0.05914142959110841;0.04982416881417504;-1.37328268200129;0.002482447798023413;0.06525950851432627;0.026020822527152623;-1.235990237640974;0.0336494340776996;0.06525950851432641;0.039242086045459965;0.0015399413171992837;0.05630434585739463;-1.6887857772211075;0.5500206870355216;1
0.05608887862573863;0.4315787995148301;0.0031459623054928398;0.05914142959110841;0.04039560416275215;-1.1432962238142572;0.0016318048356737584;0.052513510757621895;0.024194576359140817;0.41036505147206387;0.0193739165901907;0.06525950851432641;0.03716645821634328;0.0013813456163471914;0.04062370190683151;0.10032458826450015;0.49899455723121044;1
0.053267902056118886;-0.17504039306925634;0.0028374693894602744;0.0509839910268175;0.02708253094923637;-1.965232630403052;0.0007334634826163459;0.039257673090649314;0.024327432174482192;1.4827038380111925;0.0163148771285816;0.06525950851432641;0.03255809285003173;0.001060029410031287;0.04133115378588846;-1.21687992350191;0.5502161267711841;0
0.05749222130727203;0.6384594125434239;0.003305355510844344;0.062200469052717394;0.029583897372089288;-2.560871785404;0.0008752069837223114;0.046905271744672294;0.025126367421248453;0.8967928338202439;0.0265116753339451;0.0622004690527174;0.0311746109259128;0.0009718563663820418;0.02883101672348866;0.06638178966422122;0.5500762631836745;0
0.030881319435451075;-3.1349366917916375;0.0009536558900743682;0.050983991026817596;0.03067186052496489;1.6242977238840386;0.0009407630280628994;0.012745997756704375;0.023330399079530086;1.5336655692481986;0.0214132762312633;0.058121749770572;0.019119315039251933;0.00036554820757016515;0.02357702425532171;-0.5794543409631755;0.4059668921183736;0
0.03190147804345694;-2.979415968345013;0.0010177043013571653;0.050983991026817596;0.03420680061860985;-0.2524980843329014;0.0011701052085613276;0.03874783318038166;0.028190044049228362;-3.150160328306312;0.0499643112062811;0.058121749770572;0.010877236373904487;0.00011831427113379085;0.007263813016991097;1.7966593174417251;0.20026163617604772;0
0.030544474558254025;-2.9262127926928763;0.0009329649260398274;0.0479249515652085;0.03481874391549679;1.5693338946685766;0.0012123449278529446;0.031100234526358683;0.024837106461330957;-2.9090172582546034;0.0428265524625267;0.0530233506678902;0.012169723476657181;0.00014810216949830095;0.012517805485158046;0.5996225665354101;0.2186629757092861;1
0.032233819406852;-3.1429148407487855;0.0010390191135535487;0.0581217497705719;0.043810647616887514;3.25505332970827;0.0019193728446110917;0.013255837666972248;0.022274811740043907;4.068842662106104;0.010196798205363601;0.0530233506678902;0.032788635643127194;0.0010750946273377512;0.012171377043410092;4.295622749612434;0.4387713866757983;1
0.02800873191561186;-2.3349182571898175;0.0007844890635206143;0.043846232283063;0.04785167385480694;2.4957302579157754;0.002289782690706814;0.013255837666972248;0.021003919279942954;1.757100699998001;0.020393596410726997;0.0509839910268175;0.03660885984211231;0.0013402086189394234;0.01396398693304822;3.615975962137282;0.5279032461107025;1
0.02738367196959153;-2.226729946299527;0.0007498654905381928;0.043846232283063;0.06504766076016712;0.871425430914042;0.004231198170369785;0.04639543183440398;0.013577449385850295;-1.5200845928259703;0.020393596410726997;0.0316100744366269;0.037095895575765835;0.0013761054685681232;0.018018616909541554;3.546835430571979;0.5412555904454225;1
0.023020838679068144;-0.7514732148062677;0.0005299590134876799;0.024472315692872403;0.07187621722750596;0.907714603681273;0.005166190602935625;0.0785153461812993;0.013577449385850314;-1.5200845928258673;0.020393596410727;0.0316100744366269;0.03711731568788444;0.0013776951238740724;0.018018616909541554;3.5493866304084136;0.541938509956908;1
0.021210810908218105;-2.986457407385337;0.0004498984993841841;0.040787192821454;0.07075358347623555;2.8533873734971587;0.005006069574728631;0.04996431120628131;0.022416728003134066;-0.7928640297931805;0.030590394616090602;0.0520036708473539;0.03762518552937437;0.0014156545861198422;0.005730498621655658;4.447835614102878;0.5697998949915473;1
0.03035667487949443;-0.525109815034058;0.0009215277097393281;0.040787192821454;0.031241165938664526;-2.5230765449031147;0.0009760104492071726;0.04996431120628131;0.023056942741524693;-1.6864789647952765;0.034669113898236;0.0520036708473539;0.007375849992797136;5.44031631162455e-05;0.005730498621655658;1.883815937878983;0.14464934750383124;1
0.037682653715653096;-1.2870845178735675;0.0014199823910538243;0.0479249515652085;0.034410228293090726;-3.0930424053863335;0.0011840638111826217;0.061180789232181176;0.03762466549912329;-0.7219336000007802;0.050983991026817596;0.0897318242071989;0.025621425874674107;0.0006564574638514199;0.0022888431069552767;4.753252621047911;0.39174659046652766;1
0.041522383962791336;-0.4951637735448055;0.0017241083699534709;0.0540430304884266;0.02671094060050843;4.108960842816977;0.0007134743477638896;0.011216478025899868;0.04456712434768707;-1.1026738676316523;0.0540430304884266;0.113184460079535;0.037426452277150996;0.001400739330053861;0.05599791958565445;-2.1406224832506964;0.45471969316941474;1
0.023552175920161154;-0.09779804635727156;0.0005547049905742188;0.0244723156928724;0.012013195860118817;1.0757190077153698;0.0001443168747735759;0.011216478025899868;0.03267274368049259;-1.3761185483651701;0.0407871928214541;0.078515346181299;0.036222127903239046;0.001312042549838609;0.05382654046979644;-2.0457338009013406;0.4325091586978244;1
0.013477529068440299;-2.6386652201795378;0.00018164378979065323;0.023452635872335995;0.041619927871843654;3.3114489493276245;0.0017322183960574685;0.02651167533394516;0.034211739597916735;-1.645340509614325;0.0479249515652085;0.078515346181299;0.03262824151050003;0.0010646021440675177;0.0489045513261379;-2.0046235810957675;0.352750604167738;1
0.023117740488945753;0.6152137049775123;0.0005344299253142418;0.0244723156928724;0.040361807441759726;-0.8232106743390991;0.001629075499965691;0.055062710308962926;0.03219185877700909;-1.4948137925081078;0.0438462322830631;0.0723972672580809;0.03125528520694024;0.0009768928533671775;0.048555221320872116;-1.9380730666173775;0.33409927474637036;1
0.03367568831577664;-0.7874104249309113;0.0011340519835413355;0.0387478331803813;0.035015276486321585;0.23763552411863031;0.0012260695874135453;0.03262975425716319;0.031007321588577202;4.854843770760328;0.0050983991026817;0.0723972672580809;0.03387289829730389;0.0011473732390594926;0.036645716820839;-0.11867669851722577;0.4134614418566224;1
0.030586995494504658;-2.7146234022714766;0.0009355642933808482;0.0550627103089629;0.04248285221379125;0.5440435804077524;0.0018047927322188278;0.03262975425716319;0.006802112809282466;2.2322939022798978;0.0050983991026817;0.017334556949117903;0.017806361191044933;0.0003170664988659511;0.013361353834920348;1.3772281665761656;0.25344020607197437;1
0.043988283083762465;0.856622011069696;0.0019349690486572231;0.0275313551544814;0.0948976297929494;1.5305510620043836;0.009005560140319677;0.0785153461812993;0.0073530157549996115;3.7826599482154273;0.004078719282145399;0.017844396859386102;0.05485325734982087;0.0030088798418856774;0.03629638681557322;3.060807997877845;0.5737256924333397;1
0.030990550901218685;-0.14809785250532434;0.0009604142451610262;0.027531355154481497;0.08174182367335255;2.689565527714116;0.006681725737445459;0.054043030488426846;0.007524242200213574;3.5363274619288867;0.004588559192413598;0.0183542367696543;0.05650509089723205;0.003192825297304457;0.013012023829654565;4.6001049191708745;0.6368359153350613;1
0.05274120759875632;2.1587865006027527;0.0027816349789751113;0.027531355154481497;0.07240301170522628;3.388032752130542;0.005242196103987133;0.03874783318038166;0.016569404894528086;2.4586719096485106;0.0030590394616090977;0.0458855919241358;0.05552317722238233;0.0030828232088680758;0.011120595864845761;4.535206927671244;0.6122283681579421;1
0.05275599112309165;1.8775898578080887;0.0027831945993797252;0.0316100744366269;0.07435416874845813;3.089793307218786;0.005528542410274188;0.03874783318038166;0.02730762719081556;-0.6475469133620942;0.0280411950647497;0.06933822779647181;0.060092425966681004;0.0036110996585610377;0.011120595864845761;3.5854858898978414;0.6972556306408374;1
0.05476164820374713;-0.49289965239914224;0.0029988381139909614;0.062200469052717394;0.08373055381889531;3.119577402570916;0.007010805642818924;0.05098399102681761;0.027809418751585768;-2.786409757608336;0.0509839910268175;0.0596512695013765;0.06243888829798044;0.0038986147718876787;0.023554963909925612;3.800372269880467;0.7724406243816406;1
0.05192563678469365;-0.46604580320168526;0.00269627175549593;0.062200469052717394;0.042753656150171536;-0.16236745137780892;0.0018278751142071002;0.04384623228306306;0.03654097721375958;0.23287367817419025;0.0316100744366268;0.0978892627714896;0.033935065368008895;0.0011515886615310368;0.023554963909925612;1.5935620833270896;0.50482186563818;1
0.04952747694337167;0.18142777850793124;0.002452970972376213;0.0469052717446721;0.04392086623826652;-0.5991218963560018;0.0019290424911196998;0.0509839910268175;0.026152352375453203;0.30400726746917667;0.0224329560517997;0.0703579076170081;0.03537201243363702;0.001251179263605372;0.026851864964898275;1.69593770280884;0.55760469967369;1
0.04517998655996068;-0.34311776790751597;0.0020412311855582278;0.0469052717446721;0.05664961534932535;-0.3365266859128451;0.003209178919226518;0.061180789232180954;0.033994510328460924;1.315496439922595;0.0224329560517997;0.0922810237585397;0.05388007269289996;0.0029030622333921837;0.07538451801888542;-2.0951498118627185;0.6772784776247786;1
0.06168852232998529;-1.314216608438605;0.003805473787257094;0.0795350260018354;0.06937533121571855;-1.3184610965735988;0.004812936581290652;0.09279086366880784;0.03684206343481851;1.8323518704522346;0.032629754257163204;0.0922810237585397;0.047751935211010815;0.0022802473163965743;0.07208761696391275;-2.5176827204728043;0.49184280206821274;1
0.07240301170522613;0.5354080066769372;0.005242196103987112;0.06933822779647189;0.0733280252992849;-1.5662956658689648;0.005376999294292566;0.09279086366880829;0.03666879788272558;2.7084865767799777;0.025491995513408798;0.0922810237585397;0.041360170954784635;0.0017106637414090104;0.019883835428308044;3.01007823682608;0.3598841415670889;1
0.08087481717363179;-0.04848833381710094;0.006540736052868368;0.10298766187417152;0.0727729278870423;4.282984407922146;0.00529589903325266;0.026001835423677067;0.03279661881528583;3.603083248515856;0.0071377587437545;0.08616294483532161;0.04335678021054141;0.001879810390225195;0.025500284435908016;3.2742757973340253;0.3629073222930326;1
0.08605457341237668;3.832281919300925;0.007405389605186127;0.033649434077699616;0.07898537565803915;-1.9428828886347738;0.006238689567841564;0.12083205873355751;0.03451582303433436;-1.1943823455984095;0.040787192821454;0.08616294483532161;0.024084784626247347;0.0005800768504927205;0.014952966565278475;1.360343946243135;0.16368562534227596;1
0.024824544491483136;-1.3893812204556089;0.0006162580092096256;0.03161007443662692;0.05308900093733159;3.902941216906361;0.002818442020523995;0.02753135515448113;0.02297789142433477;2.2345548862713094;0.013255837666972602;0.061180789232180996;0.0273931242673215;0.0007503832571249181;0.025500284435908016;1.5332056915585615;0.19605003943429444;1
0.05898916063210374;2.804107460835759;0.0034797210720801377;0.03161007443662692;0.050668956328122766;2.900629354817729;0.0025673431353812125;0.03670847353930862;0.01876875760553662;3.4750417823028648;0.006118078923218098;0.0489446313857448;0.059199959735341305;0.003504635232666032;0.02774014943092641;2.377174108694703;0.48894814871919107;1
0.060072902933756264;-0.8770146794019075;0.0036087536668885016;0.0744366268991537;0.05054568401104394;2.769565573061724;0.0025548661721443025;0.03670847353930862;0.04570623091694456;2.662915628919246;0.014275517487508903;0.1244009381054348;0.05865917709941054;0.00344089905798001;0.02774014943092641;2.253319260169093;0.49261137448921816;1
0.06042839763446119;-0.5593150201586768;0.0036515912406685546;0.07341694707861729;0.04554671324610945;2.209792324755027;0.002074503087523322;0.023452635872336036;0.051458988501976624;-1.918967581808077;0.0713775874375446;0.1244009381054348;0.05732797415397634;0.0032864966205989796;0.027343069567533032;1.602492080607141;0.5188618013214817;1
0.03603381709155447;-0.43607577560167127;0.001298435974187603;0.0367084735393087;0.019587409719892434;1.5616586247163344;0.0003836666195349366;0.010196798205363455;0.042212774128429775;-2.8396806897054088;0.072397267258081;0.08973182420719891;0.043303722929887295;0.0018752124195884467;0.027343069567533032;3.601506934976167;0.43545849902685085;1
0.051357862380383916;1.320478078297666;0.0026376300282824534;0.0509839910268175;0.013691835984795843;1.1594560000295384;0.00018746637263455034;0.010196798205363455;0.0773996765077736;0.6067871885273467;0.0866727847455899;0.18048332823493413;0.04235516520742875;0.001793960019748583;0.035115494752823564;2.360130263306788;0.44656086842897985;1
0.059463160079550326;-2.8772822687311934;0.003535867406646228;0.1050270215152441;0.016714664274615577;1.374793991497718;0.00027938000181311034;0.013255837666972692;0.09604117344642124;-3.2990999249087456;0.1774242887733251;0.1835423676965432;0.019535439867783257;0.0003816334108277755;0.035115494752823564;-3.002435645774518;0.18193096790032715;1
0.05391300919751628;-1.6822139319199383;0.002906612560731475;0.0744366268991536;0.019547557369920268;-2.6989310009718177;0.00038210699913032416;0.0326297542571633;0.08974630712677083;-3.1590805731089104;0.16212909146527982;0.1804833282349342;0.02671283725526951;0.0007135756742265146;0.013140848835735422;1.4406774091042642;0.28834476387892977;1
0.05266920187680199;3.970171913668338;0.0027740448263393223;0.0265116753339451;0.015079544256795604;1.0512236228167435;0.0002273926549926573;0.012236157846436058;0.07776721701957734;4.530384369430799;0.026001835423676997;0.1804833282349342;0.026360754561349592;0.0006948893810437134;0.0053684236504448896;1.9095935983886108;0.2918203898194655;1
0.014348166900652616;-0.2685185185146608;0.0002058698934089833;0.016314877128581602;0.016002801955830953;-1.4311740680462819;0.00025608967043754693;0.021413276231263323;0.012088690248008464;4.800790232906924;0.0020393596410726994;0.028551034975017903;0.016934777544846364;0.00028678669049343264;0.0053684236504448896;4.2465522518530365;0.20197605662552204;1
0.013573619897863468;-0.3229252123529183;0.00018424315713167505;0.012236157846436196;0.014827491011755562;0.27955053221958553;0.00021985448970369197;0.012745997756704375;0.02525740946403196;2.416475552934744;0.0025491995513409055;0.07035790761700819;0.024156279259141863;0.0005835258276456474;0.00868106150653554;1.7085483708976597;0.2694727322807755;1
0.013411794063389031;0.3064920311465187;0.00017987621999875726;0.012236157846436196;0.00971643050847078;0.5423538808243992;9.440902182594174e-05;0.009177118384827265;0.026071719538178058;2.399088213681383;0.01121647802589991;0.07035790761700819;0.024772264585091668;0.0006136650926737869;0.018427642865731397;0.6932403530873898;0.2824870794120007;1
0.03855549500374753;4.204349676576389;0.0014865261949840011;0.012236157846436196;0.00971643050847078;0.5423538808243992;9.440902182594174e-05;0.009177118384827265;0.022329591204385248;-1.2446948508029887;0.0270215152442133;0.0540430304884266;0.01638966747375853;0.0002686211999003783;0.012775192610446684;0.8893622206256436;0.16860707332593966;1
0.08121479323681154;0.872102623029703;0.00659584264049805;0.0805547058223717;0.011160720540440233;-2.748667611015603;0.00012456168298180455;0.020393596410727244;0.022716214573291274;-2.0854882243862805;0.03262975425716329;0.0540430304884266;0.03378616210716337;0.001141504749931522;0.0256738046264343;1.3926711024539529;0.2999378741223922;1
0.0817348274349153;-2.679057657548977;0.006680582015815381;0.1447945345161617;0.011251186137816855;-2.858075886814905;0.00012658918950780214;0.020393596410727244;0.020563683498769386;1.3798606558735536;0.016314877128581692;0.0540430304884266;0.03328957168715739;0.0011081955831143907;0.03133010164666199;0.03762093440840412;0.2773044904159497;1
0.07350752940434412;0.2207352073732558;0.005403356879130515;0.0764759865402264;0.008959266905879034;-1.799343606539728;8.026846349077927e-05;0.014275517487508993;0.043231297900887276;2.0546517048674837;0.0367084735393087;0.1060467013357805;0.03372329556160197;0.0011372606635351628;0.03133010164666199;0.04553017897223436;0.2877803366169065;1
0.04440585620050291;2.1786464847169733;0.001971880064899743;0.028551034975017903;0.007137758743754398;-2.9999999999999805;5.0947599884042355e-05;0.014275517487508771;0.07664777958161628;-0.8827427589505893;0.098908942592026;0.1743652493117161;0.030162243011766898;0.000909760903500881;0.05586754581457044;-2.8937428591220047;0.22456328960323874;1
0.022759655615122405;-1.2058335741275232;0.0005180019237189729;0.028551034975017903;0.011746251251419655;1.3860695121722213;0.00013797441846147783;0.007137758743754663;0.07174808068625382;-0.5519240240888644;0.0897318242071988;0.1743652493117161;0.028305596933205536;0.0008012068177450947;0.05422270316394576;-2.976232286567484;0.2084683252691829;1
0.022759655615122405;-1.2058335741275232;0.0005180019237189729;0.028551034975017903;0.011746251251419655;1.3860695121722213;0.00013797441846147783;0.007137758743754663;0.07174808068625382;-0.5519240240888644;0.0897318242071988;0.1743652493117161;0.028305596933205536;0.0008012068177450947;0.05422270316394576;-2.976232286567484;0.2084683252691829;1
0.022759655615122405;-1.2058335741275232;0.0005180019237189729;0.028551034975017903;0.011746251251419655;1.3860695121722213;0.00013797441846147783;0.007137758743754663;0.07174808068625382;-0.5519240240888644;0.0897318242071988;0.1743652493117161;0.028305596933205536;0.0008012068177450947;0.05422270316394576;-2.976232286567484;0.2084683252691829;1
0.04922530076394944;-3.1186450804585246;0.002423130235301281;0.0866727847455898;0.033226545066845664;-3.0863831984985466;0.001104003297079126;0.05812174977057205;0.05770703152936293;-2.2383566309041165;0.08361374528398069;0.12847965738758022;0.02718828360854921;0.0007392027655789058;0.023640590504813527;0.5223379756376865;0.3101819278967675;1
0.04922530076394944;-3.1186450804585246;0.002423130235301281;0.0866727847455898;0.033226545066845664;-3.0863831984985466;0.001104003297079126;0.05812174977057205;0.05770703152936293;-2.2383566309041165;0.08361374528398069;0.12847965738758022;0.02718828360854921;0.0007392027655789058;0.023640590504813527;0.5223379756376865;0.3101819278967675;1
0.04922530076394944;-3.1186450804585246;0.002423130235301281;0.0866727847455898;0.033226545066845664;-3.0863831984985466;0.001104003297079126;0.05812174977057205;0.05770703152936293;-2.2383566309041165;0.08361374528398069;0.12847965738758022;0.02718828360854921;0.0007392027655789058;0.023640590504813527;0.5223379756376865;0.3101819278967675;1
0.05645472773979737;-2.1677136410422215;0.003187136284174647;0.0866727847455898;0.035164911936066016;-2.9954305624999336;0.0012365710314712782;0.05914142959110846;0.06543453128228587;-3.270456454457516;0.116243499541144;0.12847965738758022;0.032208239333563;0.001037370680968075;0.023640590504813527;0.6000125041881516;0.35462662593172994;1
0.051417550848005984;-2.0994112268127445;0.002643764535207281;0.0764759865402264;0.0381297540141655;2.160934440221901;0.0014538781411807698;0.017334556949117896;0.06101742234717481;-2.9978292122328902;0.098908942592026;0.12847965738758022;0.032095464349597966;0.001030118831816314;0.023640590504813527;0.7307621491502575;0.34961580525655533;0
0.04469990702112551;-1.5221580006334463;0.0019980816876972655;0.0601611094116448;0.039518348883605794;2.0912165935875984;0.0015616998984863874;0.02549199551340875;0.05749493399357265;-2.6992615095924357;0.098908942592026;0.12847965738758022;0.03739538594960722;0.0013984148903200815;0.023640590504813527;1.2962989509380307;0.4207331292854573;1
0.06067052088350078;-2.1074799326595106;0.0036809121042753043;0.0938105434893444;0.05170490617818525;-2.9048988177017208;0.0026733973228949396;0.0836137452839808;0.046232107643672006;-0.9493111375601089;0.0571020699500356;0.116243499541144;0.051510054838102205;0.002653285749424296;0.05349133707735354;-0.5671254290197751;0.5089371224621781;1
0.06235906944599022;-2.0302693099602274;0.0038886535421698313;0.0938105434893444;0.043341790341542466;3.5690366924141395;0.0018785107900102238;0.012745997756704375;0.03128440172421133;-1.9845751972452028;0.0418068726419904;0.0744366268991536;0.06615528440679194;0.0043765216549435295;0.10218481470848223;-2.1867846867642142;0.7606705280067618;1
0.057778157540099205;2.09358935604032;0.0033383154887285226;0.041806872641990504;0.05660554861435193;1.6568392176112947;0.0032041881339317595;0.03313959416743151;0.029002676972219643;-2.4443230590345757;0.0418068726419904;0.06729886815539911;0.0621734612874247;0.0038655392884588977;0.07431201711931273;-0.9213882962101027;0.7638473764568618;1
0.06517341624173335;-2.4546255500040495;0.0042475741846182335;0.0978892627714898;0.06790983396457029;-0.13744610392851916;0.004611745549095504;0.07392678698888555;0.03095866156638332;-2.869695264027523;0.049964311206281205;0.06729886815539911;0.07325707852089412;0.005366599553416447;0.1338719396528796;-2.7672198005878155;0.7589062059139297;1
0.06699071373652264;-2.5734622852878126;0.004487755726928723;0.1080860609768533;0.06811850439094704;-0.3555740371483485;0.00464013064045947;0.07392678698888555;0.05458097582674019;0.04128406407124648;0.06525950851432641;0.1325583766697256;0.06589074978015495;0.004341590906590991;0.08947029729598265;-0.6309190808542743;0.6250892490338894;1
0.056724816827426375;-3.0164771076916495;0.0032177048441050745;0.10094830223309881;0.04703587493914795;-2.7565781251185792;0.0022123735312911666;0.07392678698888555;0.0633212137507976;-2.939263953195759;0.119302539002753;0.1325583766697256;0.05915951112032005;0.003499847755995272;0.05358850814734352;0.503767342144022;0.6023665611801443;1
0.054785376528157514;-2.632697369470025;0.0030014374813319925;0.0846334251045172;0.05818611496169111;-2.194733790549016;0.003385623974335134;0.08565310492505351;0.06483752627367155;-3.0837752505430456;0.119302539002753;0.1325583766697256;0.03413216236461958;0.001165004507684753;0.03478854903991581;-0.2796329242000155;0.274077806487023;1
0.05930382797428507;2.818785879453235;0.0035169440124035965;0.019373916590190693;0.05092277348499548;2.699202544808415;0.0025931288594041586;0.01835423676965431;0.0614690195701092;-3.045400324482376;0.10451718160497589;0.1305190170286529;0.03943948080717915;0.0015554726463398523;0.035881789148639126;1.1048077625848964;0.28411574753367813;1
0.06413656380855064;2.4325100214880684;0.004113498817168288;0.05047415111654949;0.020270865528360042;1.694884412545574;0.0004109079892688555;0.015295197308045294;0.0583155237043539;-3.15937103954859;0.10451718160497589;0.116243499541144;0.04010984221981445;0.00160879944289841;0.03954417204260996;0.9076306374465138;0.2874282676705938;1
0.02774859624841796;-1.6883581140680792;0.0007699845937577153;0.039767513000917715;0.016748842450843;3.0163765158935263;0.0002805237234431606;0.005098399102681839;0.04726411210289296;4.325295183238009;0.014275517487509;0.11522381972060759;0.024012873147902146;0.00057661807681724;0.0366127686332921;-2.343496974911949;0.14882131477851432;1
0.038125663497175284;0.9146718449734218;0.0014535662170998438;0.039767513000917715;0.016567836044939235;3.0423123278234363;0.00027449319121198776;0.0030590394616090144;0.011102342064235661;-0.0219322080515371;0.010706638115631696;0.028551034975017903;0.03380459381449644;0.0011427505629630912;0.0366127686332921;0.3880534086222518;0.21681359594039654;1
0.05153117200532005;-2.9902871582837762;0.0026554616882418806;0.08667278474558991;0.007996526532761476;-3.171524885984748;6.394443658915828e-05;0.014275517487509104;0.006682599114025336;-2.7284819639113693;0.010196798205363497;0.014785357397777102;0.04564382816423528;0.002083359049486238;0.07491444516476246;-2.896577947931403;0.3141336275368022;1
0.05539733811437262;-2.945789820434437;0.003068865070158121;0.09330070357907619;0.006817381319648043;-0.08423044007799992;4.6476688057486096e-05;0.008157438564290853;0.00743737433621334;1.2194018881635753;0.004078719282145406;0.020393596410727;0.04761785796574264;0.00226746039724564;0.08150773303472542;-2.8761848216561745;0.3755231823898262;0
0.05433563679514105;3.0849882334030525;0.002952361425933486;0.027531355154481504;0.005989262834950046;0.5381222432130718;3.5871269306113863e-05;0.006118078923218029;0.004228906159545195;1.930773390902246;0.004078719282145406;0.010196798205363504;0.046699567529987135;0.0021808496074878286;0.017568712875897494;3.538799143841949;0.44068371445735915;0
0.023534510681658547;-1.7957274375946841;0.0005538731930251003;0.0336494340776996;0.004922001992922387;1.2741070934890264;2.4226103618331954e-05;0.0030590394616090144;0.006670919642621308;1.22019390335272;0.004078719282145406;0.0183542367696543;0.019910726304645653;0.00039643702197850834;0.022658918456991917;-1.112904820107764;0.25094979998800343;0
0.026595861347944293;-0.5354882625318069;0.0007073398408390772;0.029570714795554197;0.0077990509537974335;0.6675432829228912;6.0825195779928654e-05;0.007137758743754885;0.00747919682712057;-0.5084921435636313;0.009177118384827196;0.0183542367696543;0.018559490363441237;0.0003444546825506681;0.032942693091906755;-2.7992333293251757;0.2719319823544238;0
0.02270476890592828;0.05902017446861526;0.0005155065310716077;0.026511675333945203;0.009576308254816989;-3.1941166489291546;9.170567979127601e-05;0.016314877128581484;0.009467110748188354;-2.8579465011430316;0.017334556949118;0.020393596410726994;0.018090975818641632;0.00032728340607067626;0.032942693091906755;-2.83542586355278;0.2664299685249897;0
0.019098251891005544;1.51180101127587;0.0003647432252922968;0.008157438564290902;0.009005568335197051;-2.7559171597658416;8.11002610399038e-05;0.016314877128581484;0.010212081948448675;-2.952289691241529;0.019373916590190693;0.021413276231263406;0.015535145218312889;0.00024134073695406983;0.019047192237724206;-0.7936155763250939;0.23855327802367904;0
0.02375657039816211;-0.862163437596377;0.0005643746370828322;0.0265116753339451;0.011661856596713052;-0.8077673035388125;0.00013599889928229972;0.016314877128581484;0.010513091806898937;-3.1445375935127617;0.019373916590190693;0.021413276231263406;0.01561551507870155;0.0002438443111731555;0.019047192237724206;-0.5328382363629712;0.24333572178605034;0
0.026299042988278093;-0.2863895277963972;0.0006916396620992991;0.0326297542571631;0.01499657502049293;-2.8570338494530265;0.0002248972623452725;0.02753135515448113;0.0082524798899965;1.4079599090786157;0.00815743856429079;0.020393596410727105;0.014807007147032378;0.0002192474606522679;0.013659573073954233;0.1458045337738696;0.22692646547516518;0
0.025852453089092634;-1.5665866005479192;0.0006683493307237353;0.0346691138982358;0.012869797471986823;-1.4716101399372927;0.00016563168696995842;0.017334556949117896;0.010562426154851675;2.9815717314535797;0.005098399102681804;0.027531355154481497;0.014290831919829033;0.00020422787696080434;0.02566167988313478;-2.8366377765213326;0.19432357256889396;0
0.017513576055182726;-2.9979316288394013;0.0003067253462406697;0.0326297542571631;0.013554456228985238;-1.0826768438160943;0.00018372328366347672;0.017334556949117896;0.012805002611155946;1.8295536382434119;0.009177118384827203;0.0336494340776996;0.013664593666016508;0.00018672112005733846;0.013659573073954233;1.1820823476153872;0.2025996710819672;0
0.01547093225249741;-1.0420395214026392;0.0002393497447613646;0.021413276231263302;0.02310199347369753;-0.5231741577031871;0.0005337021024587633;0.029570714795553954;0.02661930760111481;2.1025746473323323;0.010196798205363504;0.0734169470786173;0.017104624895625798;0.0002925681928200619;0.00481404357804479;2.628607359996812;0.2777242591224403;0
0.0162510221785554;-1.986220472437078;0.00026409572184789954;0.0265116753339451;0.02220702528342803;-0.16152303011079283;0.0004931519719388118;0.024472315692872337;0.026701207356516415;2.0690510229292314;0.011216478025899805;0.0734169470786173;0.017423004645766984;0.00030356109088641785;0.012704209250913152;0.8824466856923104;0.2758264455609214;0
0.014209815447451807;-0.25189294906950127;0.00020191885505063998;0.013255837666972498;0.01937928258297888;0.532035150458159;0.0003755565934309487;0.02039359641072691;0.026790619817450435;2.1119369208996885;0.011216478025899805;0.0734169470786173;0.017507951980884163;0.00030652838256494574;0.0152118519365965;0.07075049781381655;0.2659367843497823;0
0.015901775213311358;-1.1779582269261735;0.00025286645493468354;0.0234526358723361;0.018890239505511452;0.5825060720164643;0.00035684114857558553;0.02039359641072691;0.021405991564874296;4.170107800835896;0.009177118384827099;0.0509839910268175;0.012868665184489045;0.0001656025436304805;0.0152118519365965;0.04050917171905274;0.20590772381900765;0
0.015151769651071158;1.171038122248305;0.000229576123559121;0.0163148771285817;0.01852340381827774;3.3508264462807773;0.00034311648901498635;0.009177118384827487;0.021502917537420486;2.3013556613538597;0.017334556949117896;0.0509839910268175;0.01400023707121525;0.00019600663805022974;0.022088317087317302;-2.5062884175916658;0.22905416024405356;0
0.027572866370805485;3.73923003282322;0.000760262959902296;0.0163148771285817;0.007260521308827612;-2.6050675163163013;5.2715169675939815e-05;0.01223615784643628;0.016514406481012163;2.379718461674243;0.0030590394616090005;0.0458855919241358;0.014891665287300524;0.00022176169502899137;0.003601225446417805;1.8563170586510627;0.21007376906500788;0
0.02997581195638742;-2.142783308118362;0.0008985493024446988;0.0489446313857448;0.00681738131964796;-0.08423044007830664;4.6476688057484964e-05;0.008157438564290853;0.017623064713760375;-0.5895461070058682;0.017334556949118;0.0458855919241358;0.014999396060324764;0.00022498188217448607;0.0043031318294473875;1.9596840944939633;0.2076042551986157;0
0.029225880795281992;-2.1827498871062097;0.0008541521082600328;0.0458855919241357;0.00681738131964796;-0.08423044007830664;4.6476688057484964e-05;0.008157438564290853;0.017886590852732875;-0.18179582884571252;0.017334556949118007;0.0458855919241358;0.015296858033180507;0.00023399386568727902;0.006457097071532747;2.1391111387469834;0.20738667572397596;0
0.019727576594653184;2.736062521981528;0.0003891772782979082;0.013255837666972602;0.006392343435773483;-0.8781539537425616;4.086205460087634e-05;0.007137758743754441;0.01722323433497624;3.4049755952667624;0.0030590394616090005;0.0458855919241358;0.015286175805149462;0.0002336671707459368;0.004847587736039202;2.431361096007983;0.2063413421220358;0
0.012008867560263075;-0.15907835087010605;0.0001442129000799388;0.013255837666972602;0.0047004917188196065;1.8830449826639952;2.20946223986917e-05;0.0010196798205364122;0.005963165704992047;4.025341130601203;0.0030590394616090005;0.014275517487508896;0.007331883597921293;5.3756517093467286e-05;0.004847587736039202;3.301750173592545;0.09290577712580723;0
0.01521682104574729;-0.8035500951753486;0.00023155164273829765;0.0173345569491179;0.005741078111658722;0.024642000601311054;3.295997788416688e-05;0.006627918833486235;0.010911050555232522;4.704753913926555;0.0030590394616090005;0.02549199551340879;0.011539937882970926;0.0001331701663428275;0.004847587736039202;4.307150973336216;0.14273022997270943;0
0.016112877149079913;-1.3410443753930288;0.00025962481002134163;0.0209034363209951;0.005533583583650528;3.2791471256961535;3.062054727724662e-05;0.0035688793718772205;0.012434241812190617;-2.929142910377767;0.021413276231263392;0.02549199551340879;0.01281470517750058;0.00016421666878626016;0.0216652472863805;-2.694552431290971;0.15100206920452006;0
0.013842881216718936;-0.8545109459278587;0.00019162536038018995;0.0173345569491179;0.0077522495396138025;1.28770384094537;6.0097372924442416e-05;0.0040787192821454266;0.015065747781577194;-2.768494481893882;0.02549199551340879;0.03262975425716319;0.015465735547922133;0.0002391889760382623;0.026824440816890505;-2.8993822286790265;0.1710535625114088;0
0.016116103273278632;-1.2283163199855178;0.0002597287847149822;0.0209034363209951;0.009077441528889982;-1.0121207296347354;8.23999447104165e-05;0.012745997756704486;0.028079175591156184;2.3746832038857897;0.011216478025899798;0.07647598654022629;0.02856256766521007;0.0008158202716297038;0.010933055506712308;2.354500216799521;0.26969653591790765;0
0.019588736735220057;-2.8824451793576613;0.0003837186068817597;0.0331395941674313;0.008930206605816775;-0.3617779696742467;7.974859002257357e-05;0.01121647802590009;0.028801217090031802;-3.1540983756988523;0.0509839910268175;0.05914142959110841;0.02891747592048251;0.0008362204136116858;0.050634273292587725;-3.1650060995902627;0.23653170032587642;0
0.0179836949643291;2.9961934160578045;0.00032341328457003587;0.0132558376669725;0.00771190798457794;1.3460927184654221;5.947352476259698e-05;0.0040787192821454266;0.02983848691953179;-3.149786943652946;0.0550627103089629;0.060161109411644806;0.02982657186345096;0.0008896243891256045;0.055283802365231824;-3.1790594962920546;0.24583757913466273;0
0.018738264071822042;2.8974391643609985;0.00035112254042533685;0.0132558376669725;0.009080304623592573;0.165969891020706;8.245193205723664e-05;0.010196798205363233;0.028665519423936362;-3.1042791096248212;0.0489446313857448;0.060161109411644806;0.0283203114149212;0.000802040038638116;0.04789678964376104;-3.141403160382689;0.23042315211294445;0
0.01921765104825497;4.983437136198563;0.0003693181118124954;0.0005098399102680985;0.008061276792516506;1.3804799999958608;6.49841835255652e-05;0.0040787192821454266;0.028414142537152656;-3.0592397656678503;0.0489446313857448;0.060161109411644806;0.027904322993085772;0.0007786512417024554;0.04789678964376104;-3.072050223368088;0.22587021278627953;0
0.032676323579495015;2.0385919177989025;0.001067742122671862;0.0015295197308045003;0.005424466637410077;-1.3039243841420511;2.9424838300374994e-05;0.007137758743754219;0.023541412743136963;2.557759780323393;0.016059957173447506;0.060161109411644806;0.024776091273298183;0.0006138546987828023;0.033139473016129184;-1.439584278887903;0.20545736511257665;0
0.021508356647633512;2.1758222706619725;0.00046260940568180065;0.018354236769654402;0.00830272376295384;-0.34131160295997515;6.893522188391837e-05;0.009177118384827043;0.009026470478783917;-0.7358149967215901;0.010196798205363511;0.023197715917202003;0.015696106140726043;0.00024636774798093776;0.015860483839762476;0.268424123565642;0.13835585814170165;0
0.022757942409162613;1.704205702376156;0.0005179239426987623;0.0188640766799225;0.010084009638075753;-0.8715043848108822;0.00010168725038080468;0.012236157846436169;0.01327102611673232;1.68445448505447;0.010196798205363511;0.0344141939431019;0.018437262736191354;0.00033993265720335026;0.015860483839762476;0.3073698680611076;0.16516475052707147;0
0.022899134780696363;-1.4390449248600667;0.0005243703737044979;0.032119914346895;0.010358662260997483;-0.7556449432138864;0.00010730188383741349;0.012236157846436169;0.02699721477460295;0.40336486456382065;0.028551034975017903;0.0650045885591924;0.02443342057037685;0.0005969920407689146;0.03233664338051215;-1.5248106210555505;0.230201564603926;0
0.0298724422867142;-0.35691238607046333;0.0008923628081730707;0.031100234526358697;0.007152310764454067;-2.476948245097456;5.1155549271325526e-05;0.011216478025899757;0.0261118182129652;0.4751755196398844;0.028551034975017903;0.0650045885591924;0.028107590613334964;0.0007900366500868357;0.04920368446908534;-2.651938732473243;0.25221779990747806;0
0.030818125171120477;1.1465393613879726;0.0009497568390628496;0.029060874885285998;0.008239871051631209;-1.8642283582225818;6.789547494751e-05;0.011216478025899757;0.023340424317726614;-1.082452418640532;0.029060874885286095;0.05914142959110841;0.027905940200387332;0.0007787414984675937;0.043311879871692216;-2.0656710317059677;0.2823598099215428;0
0.03207942534259085;1.172294944627481;0.00102908953031086;0.029060874885285998;0.011248875595408657;-1.1052838485745677;0.00012653720216098047;0.013765677577240565;0.01981697297474315;-0.9786968300053426;0.028041195064749697;0.0469052717446722;0.025569213175316498;0.0006537846624047787;0.0248187124578102;1.6139169027388942;0.26877474097698595;1
0.041022949722379354;0.5697778085226552;0.0016828824039248642;0.029060874885285998;0.008903971243281773;-0.5610857296451771;7.928070390118876e-05;0.01070663811563155;0.027488835661687777;-0.9639693945401291;0.029060874885286095;0.0703579076170082;0.02802768158752802;0.0007855509351718574;0.048058683094921284;-2.51015209880318;0.27330963454385826;0
0.04938135771685645;0.6729999938059983;0.0024385184899601378;0.042826552462526604;0.007927969620648524;-0.04282398143374522;6.28527023059259e-05;0.009686958295095138;0.02149929069947765;0.1082975064883757;0.023452635872336106;0.0525135107576221;0.025187729229865344;0.0006344217037570131;0.025444617488925972;0.1863150093461492;0.22368840240572319;0
0.02998621601013613;-3.116659730829934;0.0008991731506065445;0.0576119098603038;0.008579864981324556;-2.517932167483701;7.361408309775942e-05;0.014275517487508771;0.022653191838341233;0.9873770689629282;0.023452635872336106;0.0525135107576221;0.022727334359740253;0.0005165317270994299;0.023239970637111085;0.7764579990612491;0.20637265386203735;0
0.024391457459800522;2.5173850848373696;0.0005949431970132586;0.018354236769654402;0.008604067751495408;-2.5627682742108804;7.402998187232324e-05;0.014275517487508771;0.01389535915660925;-3.012841425249775;0.023452635872336106;0.028551034975017806;0.014951695961331233;0.00022355321212008867;0.023239970637111085;-2.7568469105158364;0.13074369840753847;0
0.01900273956604325;1.1436809764192855;0.0003611041110148657;0.018354236769654402;0.007049815852939133;-2.9433078465079827;4.969990356035191e-05;0.011726317936167963;0.016745738226471955;-2.870412187064393;0.027531355154481504;0.034669113898235904;0.018406779639815952;0.000338809536708743;0.029364937798927113;-2.898411560748238;0.1646062333988747;0
0.028134664431768326;-2.120026911318398;0.0007915593426882097;0.0458855919241358;0.006101060590048519;2.940773150014268;3.7222940323443185e-05;0.0040787192821452045;0.016955530894581444;-3.1804884748297666;0.0316100744366269;0.0336494340776996;0.018510127840071253;0.0003426248326557809;0.03200543857559032;-3.1669238970607805;0.17566482548556295;0
0.02512843637159336;-0.9924053984056442;0.0006314383144812161;0.0275313551544814;0.005354532824764347;2.486230169244726;2.867102177147885e-05;0.0035688793718772205;0.018657633137934518;1.8180596772007966;0.006118078923218098;0.0520036708473539;0.01984508701417542;0.0003938274786001938;0.0065536564530807445;1.984940520762405;0.211513677491647;0
0.01679533696737812;1.9295187510334024;0.0002820833438477781;0.0112164780258999;0.006217120906095173;1.751096365756986;3.8652592361005674e-05;0.005098399102681617;0.010458555240100571;3.9371141696199223;0.0030590394616090977;0.026511675333945092;0.010762852341921736;0.00011583899053401019;0.005093068700696174;3.9612723408528225;0.12271065817778119;0
0.00873003152564689;-1.5569344430555911;7.621345043878856e-05;0.0112164780258999;0.006792552561677472;0.948780003959321;4.6138770303151185e-05;0.007137758743754441;0.013145567345352074;2.076724576103403;0.0030590394616090977;0.03670847353930859;0.012971823165114357;0.00016826819622699744;0.005093068700696174;2.2040360143088655;0.1447963046652688;0
0.008594999699352424;-1.8723842274892384;7.387401983186825e-05;0.0112164780258999;0.006740692925884928;0.6381991317879058;4.543694112107512e-05;0.007137758743754441;0.01717789802487168;0.15112777810099706;0.016314877128581595;0.0448659121035994;0.01692775677732215;0.000286548949512176;0.012278872646003913;1.0331940752115447;0.17873034121982412;0
0.01734804746199417;2.484444694569538;0.00030095475074360235;0.013765677577240698;0.008312110678063709;1.2968813429162094;6.909118392438072e-05;0.006118078923218029;0.020015356469431384;0.5206367754899274;0.02141327623126331;0.0499643112062812;0.020065407274585098;0.00040262056909497255;0.020529196656487697;0.7509026531006265;0.20027646230988877;0
0.026350389069878327;-2.001938096744405;0.0006943430041339632;0.0418068726419903;0.004289932490662258;0.2671646078227532;1.8403520774439685e-05;0.0040787192821454266;0.011005931041563815;0.7209195232982767;0.01223615784643621;0.026511675333945106;0.01177699583236059;0.00013869763083543873;0.015108082948517398;-0.7091703224513696;0.10623494677461395;0
0.022943928911672958;-1.177885240868278;0.0005264238739039023;0.0280411950647496;0.005443600617941887;-2.6537396122072785;2.963278768765729e-05;0.009177118384827043;0.008157438564291103;0.9660644530259184;0.005098399102681797;0.022432956051799707;0.008631829208826184;7.450847549034488e-05;0.008109751790661993;0.4531398611725865;0.07344263228716537;0
0.022239775575526508;-0.4256312317841899;0.0004946076176497855;0.023452635872336;0.005830928298356544;-2.895659736849258;3.3999724820575146e-05;0.009177118384827043;0.007644198965633566;0.8884172249327129;0.005098399102681797;0.0209034363209952;0.008231646569758201;6.776000524941196e-05;0.008109751790661993;0.14500944318478184;0.0699102157227641;0
0.014377123876426812;1.166258112058955;0.0002067016909581219;0.008157438564290801;0.0074583148966695986;-2.178530876064309;5.562646109788365e-05;0.011216478025899757;0.010122601473095539;-1.2086710886072822;0.011726317936168101;0.025491995513408708;0.010325077765632466;0.00010660723086635792;0.016718866525824022;-2.740315829747526;0.08923330398599946;0
0.014574645762706272;1.295775194556665;0.0002124202991083719;0.009177118384827201;0.008090245339107365;-0.9038623262824892;6.545206964694844e-05;0.010196798205363455;0.011000024987453762;-0.706351577946967;0.014785357397777102;0.025491995513408708;0.011610843321743879;0.00013481168264208444;0.018295673376648197;-2.711858399793245;0.10351794153556228;0
0.008125511089277936;-0.2022444044266365;6.602393046197871e-05;0.008157438564290801;0.008436271557814987;-2.1010975044332767;7.117067779719811e-05;0.012236157846436169;0.014971420968511458;1.8958594522997732;0.004588559192413508;0.0418068726419904;0.014780409544454209;0.00021846050630179304;0.0036947235187582833;1.9769600452068612;0.14101343946783781;0
0.00903438622752615;-0.4925960484805181;8.16201345081142e-05;0.012236157846436101;0.007914843834128635;-1.7603519223196369;6.264475291864408e-05;0.011216478025899757;0.01458801577355627;1.8316801704247752;0.004588559192413508;0.0407871928214541;0.01421523858469607;0.0002020730080198319;0.0036947235187582833;1.9009337903471852;0.13601502853636088;0
0.010078852895402713;-1.6837937872761988;0.00010158327568716765;0.014275517487508903;0.007785707828620736;-1.4377451167927155;6.061724639264621e-05;0.010196798205363566;0.01552292989460436;-0.3193270563364005;0.01427551748750891;0.0407871928214541;0.01548232253077319;0.00023970231094688717;0.0161374232802039;-0.514749240464905;0.1446935157835405;0
0.015487724759614315;0.7061620003170042;0.00023986961822957032;0.012236157846436101;0.006623995827026181;-2.0905794456636406;4.387732071646026e-05;0.009177118384827154;0.01602390420422625;0.09830009123180379;0.0158050372183135;0.0407871928214541;0.01620078704857191;0.0002624655009931754;0.01716628749454227;-0.19902685738808046;0.14726585421917363;0
0.016577246915363067;-0.35182133603363636;0.0002748051152929143;0.0193739165901906;0.005795155394466328;-3.0406694207888587;3.3583826046012185e-05;0.010196798205363566;0.01577046185718889;3.9675730696499962;0.0020393596410726994;0.0407871928214541;0.015890306405831237;0.00025250183767120126;0.0013114883507256703;4.393672835952742;0.14000237822311581;0
0.017681965495334594;-0.40809666038911274;0.00031265190377820315;0.0203935964107269;0.00591941481541755;-3.138444469894972;3.503947175698479e-05;0.010196798205363566;0.014449262432073883;3.799151005551811;0.0020393596410726994;0.037728153359845;0.014158079205483318;0.00020045120678873916;0.0013114883507256703;4.252049147558132;0.12387819916247672;0
0.019938912657733045;3.3833118043568433;0.000397560237972707;0.0050983991026817;0.00802815752340817;-1.6033184148777468;6.445131322065522e-05;0.011216478025899757;0.01612900131717859;-3.303956355306918;0.029570714795554204;0.030590394616090602;0.015241323218264928;0.00023229793344362157;0.026441146686486852;-3.1900423046574526;0.141503065720289;0
0.021333008087614902;2.7264661754365513;0.00045509723406624285;0.014785357397777102;0.009304403758046939;-0.023002475090676693;8.6571929292758e-05;0.008922198429692996;0.01687254311563026;-3.3134424883970817;0.030590394616090602;0.03211991434689511;0.015433431095105641;0.00023819079536737374;0.027915007560412666;-3.2983388213352716;0.15081582411455124;0
0.008715131307369117;-3.1450028776480394;7.595351370468534e-05;0.014785357397777102;0.009449934655902745;0.29176695567207744;8.930126500083175e-05;0.008922198429692996;0.013351577144567448;3.7339217476780937;0.0071377587437544965;0.03211991434689511;0.012365122195183223;0.00015289624690181276;0.003779330383766155;4.486023600655952;0.12681417827447275;0
0.010962150891840534;-2.2829018929090736;0.00012016875217548022;0.0168247170388498;0.005492327192781502;-0.4211579232645721;3.0165657992567127e-05;0.005863158968083981;0.009964729420665057;3.30112250211806;0.0025491995513409055;0.026511675333945092;0.01106914462657567;0.000122525962764049;0.0030962902969265543;4.383180806858175;0.12697179345389728;0
0.017022851440848717;-1.2209760855767193;0.0002897774711772053;0.0239624757826043;0.0096324668303505;2.1429297973007144;9.27844172378026e-05;0.005863158968083981;0.010363679777523916;-0.7754964674634159;0.011216478025899798;0.026511675333945092;0.011709513197511593;0.00013711269932269816;0.015048010242790677;-1.090111006677856;0.1381040158499778;0
0.01789385562329065;-1.3045561495168319;0.0003201900690671704;0.0239624757826043;0.011750676285011101;0.5293878828557995;0.0001380783931551223;0.011216478025899868;0.01163731233864942;-1.7216374829172298;0.018354236769654295;0.026511675333945092;0.013678715739184371;0.00018710726427341023;0.017353479752631018;-1.3199194281179736;0.1580449387568818;0
0.016015791245271537;0.8287046081687457;0.0002565055692121164;0.011216478025899902;0.014229923255789721;-0.643830921114868;0.00020249071586566513;0.016314877128581706;0.012212767828296786;-1.8886029564919642;0.018354236769654295;0.026511675333945092;0.01413968193203439;0.00019993060513909976;0.017686990482120163;-1.5849369129563016;0.16183291502765043;0
0.016035255450848353;0.8641275635373992;0.0002571294173739619;0.011216478025899902;0.018465779371457648;-2.5110527006893917;0.00034098500779535077;0.0305903946160907;0.021155591903259923;0.7641435058104354;0.018354236769654295;0.0550627103089629;0.022182470495753576;0.000492061997294978;0.023857492095468058;-0.3406925649755574;0.2376055016699548;0
0.016035255450848343;1.1731667639336318;0.00025712941737396155;0.010196798205363499;0.019115937350832786;-2.7999643814508666;0.00036541906080096395;0.0305903946160907;0.016970854468332162;1.7769137158046402;0.0076475986540228;0.0469052717446721;0.016947219491114496;0.0002872082484800111;0.006648123874862133;1.5821970708945738;0.16913574400872566;0
0.012030493487307345;-2.18777868607526;0.00014473277354814444;0.017334556949118;0.02386573635496877;-1.8500534298901243;0.0005695733717648782;0.03211991434689543;0.012354547756387233;2.084501727078917;0.010196798205363497;0.031100234526358808;0.012331659757868475;0.00015206983238383277;0.015600433354825888;-1.7360336922541535;0.11408642542148183;0
0.011522833148989017;2.4729860081136814;0.00013277568377944015;0.009177118384827099;0.02426966500542866;-1.7062432956893367;0.0005890166394757285;0.03211991434689543;0.012532109748346084;1.9319694281825701;0.011216478025899798;0.031100234526358808;0.013723148154443546;0.0001883247952688073;0.021770934968173783;-2.156656251847528;0.12874657653297067;0
0.011657397848090596;2.669148350167307;0.00013589492458866728;0.009177118384827099;0.023600687147503286;3.8900450698596387;0.0005569924338343268;0.011216478025899757;0.011043654994646705;2.3285867220927976;0.0050983991026817;0.029570714795554107;0.012220505382226752;0.000149340751797033;0.01512281109331165;-1.1795356825336032;0.11217833376564255;0
0.015182618213005615;-2.3855580234609626;0.00023051189580188984;0.023452635872336102;0.023600687147503307;-1.8397325142036831;0.0005569924338343277;0.0326297542571633;0.0110436549946467;1.6378534066930317;0.011216478025899798;0.026511675333945092;0.009960019948915011;9.920199738278498e-05;0.013069097765309443;-0.5816174088024498;0.09712163142898347;0
0.01876598751363083;-2.6719657404167805;0.00035216228736174827;0.0305903946160905;0.02204843940323331;-1.4328084880719878;0.0004861336801180512;0.028551034975017986;0.013831610040023132;-2.966771030234025;0.026511675333945092;0.02855103497501789;0.010708012825914055;0.00011466153867993991;0.013106744042472529;-0.66104470509478;0.106073643119777;0
0.018486882322275376;-2.4577903392577283;0.00034176481799765777;0.0305903946160905;0.015844459529941853;-1.353937505942305;0.0002510468977959652;0.019883756500459038;0.01895891652802478;-0.03343946526375419;0.01733455694911809;0.0499643112062812;0.016391186589652634;0.0002686709978168084;0.0010027795595363848;3.1987757163568915;0.18196678466515534;0
0.016082196691738194;-0.5680412110766943;0.00025863705043175495;0.020393596410727098;0.017513576055182736;-2.3442940247057535;0.0003067253462406701;0.029060874885286192;0.01772894522740871;1.976332295928709;0.0030590394616090977;0.0499643112062812;0.0165144269627849;0.0002727262979091569;0.002782611682056957;3.2660949641563426;0.18261329362289003;0
0.015330844561708584;-0.977413961560868;0.00023503479497526965;0.020393596410727098;0.015225359748537923;-1.5516566905643774;0.00023181157947239878;0.019883756500459038;0.01023242476133561;1.2882710796127554;0.010196798205363497;0.024472315692872407;0.015455430604787908;0.0002388703351794147;0.02368796229309214;-2.537118130663367;0.186042055425074;0
0.023352671541957422;-1.3414034974514084;0.0005453472681465481;0.033649434077699596;0.011635078475045142;0.8006713351304194;0.0001353750511204588;0.012236157846436169;0.009538231331635573;0.29942857142335794;0.009177118384827099;0.024472315692872407;0.015511282141622552;0.00024059987367701868;0.025924625302278903;-3.0432437410994235;0.19865112765046897;0
0.01993728300920618;0.31011070637034405;0.00039749525378918144;0.0173345569491179;0.0069532893326123574;-2.745057232056757;4.834823254302081e-05;0.012236157846436169;0.01766137256621686;1.2511666666669896;0.012236157846436196;0.0469052717446722;0.01781915087228423;0.0003175221378092279;0.02774210370196256;-2.758892638173412;0.2235793152436909;0
0.019579445739193405;2.9475696170871615;0.00038335469545401884;0.004078719282145402;0.007718646219139619;-2.6608371481090436;5.957749945623833e-05;0.01325583766697258;0.014118055379889178;2.637785794347058;0.011216478025899798;0.03466911389823599;0.015610412136183268;0.0002436849670614979;0.0255054406927758;-2.6868628833354506;0.19008310260624636;0
0.008106294244662953;-1.7785110558582566;6.571200638105573e-05;0.0101967982053635;0.007303356614446831;-0.3056211027955473;5.333901783778427e-05;0.008157438564290853;0.014409630918274421;0.6868515091070803;0.016314877128581595;0.03466911389823599;0.01382641498121289;0.00019116975123270827;0.013583459169534684;1.3209108698449714;0.17339426495648694;0
0.016755049174217485;2.0936213991803805;0.00028073167283044603;0.015295197308045199;0.007444361067989788;-1.0026083375335386;5.541851171060206e-05;0.009177118384827043;0.013267597986600864;1.3564662386184878;0.010196798205363497;0.03466911389823599;0.012777438987858618;0.00016326294708844948;0.008988174797734769;1.5978133745944803;0.15621479563866109;0
0.0185234038182778;-2.2314049586754003;0.00034311648901498863;0.030590394616090498;0.005519473275303129;0.9315192954885761;3.0464585236785447e-05;0.005098399102681839;0.010877646867009106;2.30480199898958;0.008157438564290798;0.02753135515448149;0.010206584295006477;0.00010417436297107286;0.003312007018832719;3.065640842759779;0.12025436962267522;0
0.021144530797723864;-1.9632233639791856;0.00044709118265589295;0.030590394616090498;0.008664278897215502;-1.6159713323286222;7.506972880873387e-05;0.01223615784643628;0.00478272230021799;-2.628099173816203;0.008157438564290798;0.010196798205363497;0.0064323761423673515;4.1375462836896694e-05;0.003312007018832719;1.3982559147793008;0.07750854378968744;0
0.015165487869952778;1.4949527319390679;0.00022999202233368483;0.0101967982053635;0.009844003985844608;-2.9698465619204004;9.690441447332451e-05;0.01835423676965442;0.007409361527311325;0.9613894627785022;0.008157438564290798;0.017334556949117993;0.007530811143282008;5.671311647578046e-05;0.003312007018832719;1.4607296755626333;0.09145687813115809;0
0.010094315220364915;-0.09912536440549384;0.00010189519976809077;0.0101967982053635;0.010094315220364733;-3.074448146607191;0.00010189519976808712;0.01937391659019061;0.006786809948932141;1.3552680523061262;0.006118078923218098;0.017334556949117993;0.007583609880450307;5.751113881886353e-05;0.004069210560371558;1.3458934172085517;0.09311234600222014;0
0.021124852309703037;1.869465634932811;0.00044625938510676577;0.0122361578464362;0.010483379759335094;-3.2673378987151356;0.00010990125117843675;0.01937391659019061;0.012651839425956067;-0.27932781455954253;0.015295197308045294;0.030080554705822403;0.0132610411230963;0.00017585521166845117;0.011805137864306106;0.4011720804587604;0.17262737766404881;0
0.031705320344072654;-1.5928460811217835;0.0010052273381202675;0.0428265524625267;0.012034814009438646;-2.5992077091444172;0.0001448367482417807;0.01937391659019061;0.01236085807318056;-1.8413068678591433;0.017334556949118;0.030080554705822403;0.01275057005542046;0.0001625770367381849;0.007735927303934548;1.104569086730977;0.16993662427797632;0
0.02799573611579343;-1.602451004236625;0.0007837612406651407;0.0418068726419903;0.01259211689122925;-2.5931738779904614;0.000158561407802381;0.01937391659019061;0.011008292575984608;-0.03399152048187185;0.01274599775670441;0.027531355154481504;0.009976292588466185;9.952641381068533e-05;0.0165666893700899;-2.7158210643591256;0.1465040002644039;0
0.02477842944880777;-0.9294194489227922;0.0006139705659495441;0.0305903946160905;0.010728466146681114;1.0741940301052324;0.0001150999858604827;0.008157438564290631;0.010800907659317268;1.2090083359558292;0.009686958295095298;0.027531355154481504;0.009939833279410884;9.880028562248411e-05;0.0165666893700899;-2.402180808699151;0.14957948516508227;0
0.02325898387749622;0.26157568359893685;0.0005409803310136291;0.0193739165901907;0.010996479832399715;0.752028177489219;0.00012092256870437367;0.010196798205363455;0.0065846372146277235;-2.4194960578113203;0.010196798205363504;0.015295197308045197;0.008685870448988914;7.544434545661888e-05;0.006006710990442872;1.2766160717637145;0.1427047591603668;0
0.02499151825521843;-0.8137010899185834;0.0006245759847009161;0.031610074436626896;0.015780348261998804;-1.9218796989207345;0.00024901939126996864;0.023452635872336258;0.006584637214627726;-2.298190224806613;0.010196798205363504;0.015295197308045197;0.009541373533583808;9.103780890737355e-05;0.01376030626792335;-1.7390352833786682;0.14973105109602747;0
0.023225432409516425;-0.6181893866924272;0.000539420710609016;0.031610074436626896;0.01696166198532394;-1.652292644648335;0.00028769797730438326;0.023452635872336258;0.008112704917269942;-1.2938463496584387;0.010196798205363504;0.020393596410726994;0.007687071851254489;5.909107364634912e-05;0.006685803329311894;0.4074917126015964;0.12775817599799746;0
0.01395509230314939;-1.7769653709926605;0.00019474460118941932;0.020903436320995197;0.016661315529828642;1.4908212333603725;0.0002775994351845091;0.015040277352911025;0.008550275227515452;-1.874074074068658;0.011471397981034005;0.020393596410726994;0.009118988955998624;8.315595957962488e-05;0.011973962173266316;-0.8144446688790895;0.15594015889875823;0
0.01795186795127426;0.2536069061427663;0.00032226956293998795;0.020903436320995197;0.01776373266978082;3.9624380121593057;0.0003155501983634383;0.009177118384827043;0.02390681689617731;4.024104410970672;0.005098399102681797;0.061180789232181;0.018904280347613954;0.0003573718154611831;0.007251410677605527;2.206886154954249;0.3799328945834028;0
0.023608395652014814;-2.76367004022479;0.0005573563452620719;0.0428265524625267;0.01776373266978082;3.9624380121593057;0.0003155501983634383;0.009177118384827043;0.04155883339202113;-0.7506372583009883;0.049709391251147;0.09890894259202601;0.01899328210744312;0.00036074476521291904;0.011873900472405802;1.3377820792287214;0.3921012026721369;0
0.03975051470435106;1.262081313656078;0.0015801034192608294;0.0290608748852859;0.010838745636719984;2.722503293339372;0.00011747840697751651;0.005353319057815664;0.03642609032083595;-1.281449236801824;0.0458855919241357;0.087437544610992;0.02187111308434429;0.00047834558754817605;0.011873900472405802;1.2796887723727401;0.43566856497339856;0
0.03148731000280666;0.9305798050781284;0.0009914506912128483;0.024472315692872396;0.011118134461425145;3.068091994835138;0.0001236129139023294;0.005353319057815664;0.03370365744045574;-0.39695403534564494;0.0326297542571631;0.087437544610992;0.02158316283982415;0.000465832918170366;0.004622489794800275;1.9792138499686587;0.4471289389058308;0
0.029140372732092364;-2.919621500419181;0.0008491613229652721;0.05302335066789031;0.01079127688820058;1.9111128826522037;0.00011645165687781198;0.007137758743754219;0.03752019942045923;-0.14954786076505755;0.0326297542571631;0.0994187825022942;0.029649862973591738;0.0008791143743527663;0.035647567121059924;-1.4853990771372239;0.5194143833930506;1
0.02588661624306342;-2.988056124478048;0.0006701169005156349;0.045885591924135806;0.016795336967377925;0.7512626065348821;0.0002820833438477715;0.012236157846436058;0.048801560888886944;-1.0034108506770103;0.0606709493219129;0.1233812582848984;0.022947908541856816;0.0005266065064454251;0.03983004101118762;-3.03437034845575;0.3254930647779272;0
0.028134664431768357;-2.511967463757563;0.0007915593426882114;0.045885591924135806;0.016495507669006274;1.6862745556118302;0.0002721017732582448;0.007137758743754219;0.03648402428448462;-1.044364764993696;0.0530233506678903;0.0846334251045171;0.018191700983550326;0.00033093798467490586;0.006402833311657391;3.77831153863742;0.23197740189476995;1
0.04781363379235456;1.90360401036693;0.00228614357642939;0.025491995513408798;0.012427968756138812;-1.600832619507577;0.00015445440740356251;0.016824717038849912;0.022254380680779305;-0.6972603574397631;0.029060874885286005;0.0530233506678903;0.018185218038249858;0.00033070215509868806;0.006649805741259229;3.734748824597638;0.23204088807192327;0
0.04677430388142527;1.565426140874841;0.002187835503591915;0.0214132762312634;0.016809260244554373;-2.073621599754462;0.00028255122996915616;0.02549199551340875;0.01593851217140871;-3.1115367234871965;0.029060874885286005;0.032629754257163204;0.015051576253828221;0.00022654994772480558;0.006649805741259229;3.2229589421106226;0.18853203018464051;0
0.03399833332982569;3.8266997309903865;0.0011558866692059368;0.0163148771285816;0.014209815447451724;-1.2541082616267758;0.00020191885505063765;0.01835423676965453;0.0168956361641433;-3.2947175260466692;0.030590394616090505;0.032629754257163204;0.015874632499461756;0.0002520039569929674;0.028379589132178203;-3.166229282377818;0.2194426588200309;0
0.03254919570210601;-0.6367786575699542;0.0010594501408539964;0.0387478331803812;0.014967079790304112;0.9733794799624332;0.00022401347744932976;0.016824717038849912;0.01628936518626776;3.1267429396447306;0.0035688793718771997;0.0438462322830631;0.01581284093023229;0.0002500459382848295;0.025855751299333644;-3.0050100502744885;0.2427154008306813;0
0.030608233811367992;-0.18224548470124802;0.0009368639770513707;0.0326297542571631;0.01870633131986239;0.2623760712097756;0.0003499268314484646;0.016824717038849912;0.009549125945502947;-1.5170715835660313;0.013255837666972595;0.0219231161415316;0.013765742071512096;0.00018949565477939813;0.005115598057170788;3.12768955394066;0.24137683251626876;0
0.01795910631613075;0.6769638855347063;0.0003225294996740873;0.012236157846436101;0.019285162150044693;-0.6811784574968982;0.0003719174791535165;0.021413276231263545;0.008604067751495706;-1.1140875520693652;0.011216478025899895;0.020393596410727098;0.004787578914398461;2.2920911861592752e-05;0.005234027821205474;-0.06411809867523033;0.0942211767406426;0
0.018419267774541774;1.5183350616510876;0.0003392694253502731;0.012236157846436202;0.013204755250885845;0.6707501149398803;0.0001743655612357973;0.010196798205363233;0.01611610327327869;0.8107719161726857;0.0163148771285817;0.0407871928214541;0.010247117668222432;0.00010500342050639633;0.0071029821647878855;1.8951415238094071;0.2237957690706685;0
0.01457464576270621;0.22913382827808584;0.00021242029910837007;0.012236157846436202;0.014617386751128265;-1.7281332693985025;0.00021366799543206014;0.01937391659019072;0.017904021349822854;-2.3481841818451215;0.027531355154481504;0.0418068726419904;0.01667878662071123;0.00027818192313921596;0.019887595379685617;0.08852363553053759;0.4529530647900883;0
0.011043654994646648;2.0617124866360563;0.00012196231564078386;0.0061180789232181;0.015010435074302173;-2.172630145218818;0.00022531316111984087;0.02039359641072691;0.016686648242542488;-0.6102304563324843;0.020393596410727;0.0418068726419904;0.014712500693057759;0.00021645767664322502;0.014569378402687218;0.38385715259074377;0.4419984667823006;0
0.013169274429255065;1.1672748132518045;0.00017342978899303135;0.012236157846436202;0.0172654408188286;-1.4548518806492414;0.0002980954466684728;0.02447231569287256;0.018163471664926673;-2.4403459738336046;0.029570714795554204;0.0418068726419904;0.01664631697013649;0.00027709986867025405;0.019887595379685617;-0.5635300579261878;0.47528783242137945;0
0.021045954359692403;-1.5721252396997467;0.0004429321949102556;0.0295707147955541;0.025832336011040995;0.23240232436794153;0.0006673095837873255;0.02039359641072691;0.013477529068440693;1.1075884769699502;0.012236157846436202;0.034669113898235904;0.018209207063160662;0.0003315752218690601;0.023256071732656494;-1.0647851340427508;0.5012175186328873;0
0.020227219766368328;-1.3169241599095294;0.0004091404194769615;0.024472315692872303;0.02621192048628058;-0.19247342717610985;0.0006870647755790957;0.024472315692872115;0.0127276302858204;1.6612341618350115;0.007137758743754403;0.034669113898235904;0.017915589040458785;0.00032096833066660687;0.019477443208835425;-0.40548617926181646;0.483086502161053;0
0.019071011466513427;4.147368699783411;0.0003637034783558867;0.0010196798205363011;0.030861111349896088;-2.0526496443622286;0.0009524081937506852;0.04486591210359914;0.019724941155913944;0.3995568240220031;0.0224329560517997;0.0469052717446721;0.015560399079644955;0.00024212601951781554;0.02242677025522069;-1.668113704603055;0.31960172476140025;0
0.020064645867235855;-1.070782338551049;0.0004025900137775849;0.023452635872336;0.03459706162659036;-1.7014965741400931;0.001196956673194091;0.04690527174467196;0.019845809117084372;0.3715060843505533;0.0224329560517997;0.0469052717446721;0.014211001991370938;0.00020195257759874873;0.016256776538728944;-0.8549526497667657;0.2846707190942875;0
0.020457227131374444;-2.9542533081270292;0.0004184981419046427;0.0387478331803813;0.03264090509986431;-1.524115163502844;0.0010654286857383478;0.04690527174467196;0.020219507793119974;4.685109734251779;0.006118078923218102;0.0469052717446721;0.01610875738119028;0.00025949206436605226;0.022640439618848526;-1.1112778799411298;0.35145318552835947;0
0.03239469992016672;0.8415775691697363;0.0010494165829176495;0.023452635872336;0.021546391974217736;-0.9341562908726561;0.0004642470071066345;0.02549199551340886;0.022982415967338975;3.2607725215453556;0.006118078923218102;0.061180789232180996;0.01672759867459792;0.0002798125574184101;0.026257611675546882;-2.1165412130766703;0.3592839939282531;0
0.03239469992016672;0.8415775691697363;0.0010494165829176495;0.023452635872336;0.020515593090583106;-1.2968378958428985;0.0004208895598583812;0.02549199551340886;0.027902732948281158;1.6680877438090473;0.020393596410727;0.07341694707861719;0.018117047147368878;0.00032822739733998676;0.02721079230050632;-2.1154738807639233;0.39951578930047854;0
0.03365406866681015;1.3441580898981382;0.0011325963378303727;0.026511675333945002;0.021649894201431933;-1.7585851515870523;0.00046871791893319604;0.030590394616090477;0.01474839174611168;-2.549907870826376;0.0254919955134087;0.032629754257163204;0.01264678437892559;0.0001599411551270363;0.007336843705079019;2.713791880399093;0.33241912519769595;0
0.040927158642580744;0.12014583167178827;0.0016750323145549718;0.042826552462526604;0.01951295282915914;0.8730952248145556;0.0003807553281129897;0.0193739165901905;0.01369942779906648;0.20443366764019189;0.0122361578464362;0.0356887937187722;0.014253634660949716;0.00020316610104782716;0.020478169436918096;-2.4320538725574914;0.3504449750641389;0
0.04356312785296518;-0.4813308040561661;0.0018977461083337904;0.0571020699500356;0.019871987481078813;1.4022804053350046;0.00039489588644815303;0.0193739165901905;0.03325625980561112;4.023460833078258;0.010196798205363499;0.0836137452839808;0.025812652505736944;0.0006662930293819278;0.02658392036124585;0.5239978268419444;0.48982648068288304;0
0.02914929152541232;-2.9483649264739777;0.0008496811964334743;0.0550627103089629;0.021599408565206972;-2.0258723303818775;0.00046653445036673637;0.03262975425716308;0.030098696079617904;4.108188709605156;0.0142755174875089;0.072397267258081;0.026921489125508406;0.0007247665767348673;0.02040035548352359;2.2994533828872115;0.569514471164694;0
0.02792880505310009;-2.9387414400321528;0.0007800181516940691;0.0520036708473539;0.020939467115561716;-1.9947957298083654;0.00043846128308369056;0.03262975425716308;0.03598906443191809;2.3195623079059877;0.0152951973080453;0.0978892627714897;0.027212687822587813;0.000740530378529619;0.02040035548352359;2.200103084786613;0.5793647334708902;1
0.027912047209964746;-2.938503624780438;0.0007790823794513007;0.0520036708473539;0.01798224950397499;-3.0456984522494612;0.0003233612972232087;0.03262975425716308;0.03848126280196332;1.474383922061821;0.0326297542571632;0.0978892627714897;0.02762058779034957;0.0007628968698844078;0.02274292051314216;2.0897969553634197;0.5953797378529418;1
0.03753890012926831;0.040750298247707185;0.0014091690229151804;0.0336494340776995;0.01649550766900624;-2.577782404778785;0.0002721017732582436;0.02549199551340886;0.0517852807116676;-2.7266346076879606;0.0897318242071989;0.11420413990007129;0.04133986318450812;0.0017089842881138502;0.062387667982345095;-2.4046951665009026;0.7042229440995781;1
0.03574265044405347;0.08491182796291123;0.0012775370607657956;0.0336494340776995;0.04687422773784749;3.517911614327005;0.0021971932260195907;0.007137758743754441;0.05069972757511072;2.113924149052673;0.040787192821454;0.1254206179259711;0.04736441931314858;0.002243388216871762;0.08429921188941095;-3.3042188071795793;0.7442860183309427;1
0.047464972999161414;-2.4848214137532487;0.002252923661811122;0.0774956663607626;0.0549890174531677;2.2011582766326967;0.0030237920404647817;0.036708473539308284;0.05176821156457227;0.5039084688902413;0.054552870398694706;0.1254206179259711;0.04472159860001926;0.0020000213813412444;0.08429921188941095;-3.0857014764684068;0.5947925748645759;1
0.05885328341952942;-2.7016902037496155;0.003463708969259456;0.09381054348934431;0.05151351406284729;2.3986558511120584;0.002653642131103166;0.01121647802590009;0.04900354616743069;0.8240077411841172;0.0463954318344039;0.1254206179259711;0.03545691803170063;0.0012571930363067373;0.024200783052146457;3.165846186293121;0.3934308989605861;1
0.05485744760785633;-1.7013660146327751;0.0030093395580487025;0.0744366268991536;0.051875553209714216;2.5026554241247028;0.002691073020813891;0.01223615784643628;0.046140371039300736;0.9981783396446021;0.031100234526358704;0.1254206179259711;0.033339426835901485;0.001111517381746428;0.024200783052146457;2.9396389237743534;0.36588159893735767;1
0.053886967292687625;-1.6496361751841597;0.002903805244003186;0.0744366268991536;0.051489287608742294;2.0815839034706953;0.0026511467384557827;0.017334556949117896;0.028672772844959265;0.8107245695740524;0.031100234526358704;0.0672988681553991;0.03336938741550615;0.00111351601648614;0.04356141645350168;-1.5107699580607203;0.4191378842982846;1
0.04324091714735465;-2.223676164104912;0.0018697769157443895;0.0693382277964719;0.029676011442551737;-2.8753012577204973;0.0008806656551384616;0.05098399102681761;0.02134640707194696;-1.6673127218297843;0.031100234526358704;0.0479249515652085;0.03214592295784894;0.0010333603628119596;0.05510615095196901;-2.670946178452413;0.5191993118519378;0
0.045504461581900045;2.442135162817653;0.002070656023858617;0.0285510349750177;0.022909916051772995;3.410367445581047;0.0005248642534992859;0.01223615784643628;0.01946226628462931;-1.569506841339199;0.025491995513408798;0.0479249515652085;0.029624756960905954;0.0008776262249927458;0.022625626760063737;2.2872136137664754;0.5840499599899085;0
0.03479932839632996;1.0006027233875585;0.0012109932568356166;0.0285510349750177;0.04093731930774288;-0.34697411898084357;0.0016758641121040981;0.05098399102681761;0.019661584650197607;-0.07757645590109045;0.020393596410726997;0.0479249515652085;0.030791224110703844;0.0009480994822355898;0.022625626760063737;2.4787465034048872;0.6004372991298329;1
0.03455947490707971;-0.3630799966612936;0.0011943573058530723;0.0356887937187723;0.041970695248759;-0.47191072819484486;0.0017615392596642013;0.05098399102681761;0.02233541090038558;-2.740389953364998;0.040787192821453995;0.0479249515652085;0.029719541896744004;0.0008832511705523221;0.022625626760063737;2.487050433275023;0.5566646127383713;1
0.046702003688335;-1.771633766494664;0.002181077148505256;0.0662791883348628;0.03866724834477113;-1.6134253841198867;0.0014951560945562058;0.05302335066789021;0.017918533811758036;-2.0303900775844603;0.0285510349750178;0.040787192821453995;0.03685428373550397;0.0013582382296570324;0.06758789982628137;-3.1759431091126658;0.5907929348247277;1
0.04428862828690527;1.63317134192915;0.001961482595535665;0.0316100744366269;0.03848936781756238;-0.8957219209189636;0.001481431434995607;0.05302335066789021;0.01696472669977405;0.42667646764215306;0.020393596410726997;0.040787192821453995;0.03174438053370333;0.0010077056954685627;0.056200563768655724;-2.6814210248312516;0.43823570583444943;1
0.019328245503712222;1.6521262506846501;0.0003735810742517717;0.00713775874375451;0.03922786593590558;-0.948682888970063;0.0015388254658853814;0.05302335066789021;0.01899453044784053;-2.673944638688518;0.0336494340776995;0.040787192821453995;0.023957943902513195;0.0005739830760359691;0.0317158416140528;-0.7189355210007354;0.3009369082982753;1
0.020779963972314255;-0.0674205615450667;0.0004318069026906784;0.021413276231263406;0.029465041861527222;-2.8112804331456895;0.0008681886919015517;0.05302335066789021;0.02066456064820147;-1.7855474173946735;0.0285510349750178;0.0499643112062811;0.02053746031157279;0.00042178727604942753;0.014052440942798783;0.9367207719574561;0.2854621407782101;1
0.0459116430133148;2.980289720596339;0.002107878964182058;0.021413276231263406;0.027170210246709927;0.5671592937908668;0.0007382203248504211;0.028551034975017986;0.023745626199673634;-1.6103010755673768;0.0336494340776995;0.0571020699500356;0.017145545765641104;0.00029396973960169357;0.014052440942798783;1.4003807794237655;0.23086000912612556;1
0.04270864140361279;3.7816944571070366;0.0018240280505423885;0.021413276231263406;0.062085858432893194;1.807770246727209;0.0038546538173492547;0.05812174977057183;0.023567622142034478;-1.6185428397353203;0.0336494340776995;0.0571020699500356;0.03360083044671194;0.0011290158067086844;0.014052440942798783;3.933323279334722;0.4094280729522956;1
0.04146349670918212;0.6141500618723216;0.0017192215593523565;0.04180687264199039;0.06174790687269319;1.7387120859279352;0.0038128040031587904;0.05812174977057183;0.021381691419040255;0.6797580446576011;0.0168247170388497;0.0571020699500356;0.04306763301689399;0.001854821013677857;0.012866986241933824;2.5391065568442692;0.6078349639974092;1
0.042902960288597025;-1.6272603667646;0.001840664001524933;0.060161109411644695;0.06251976214000281;3.9021013829893434;0.003908720658042528;0.031610074436627;0.022060225601436084;-0.5038712883696567;0.0244723156928724;0.0571020699500356;0.04649402949660478;0.002161694778831155;0.03262316901708965;2.501745153249935;0.7346852494580721;1
0.04020565335913773;0.7947697598895687;0.0016164945620351428;0.032629754257163204;0.057542385302848074;3.08201151141562;0.003311126106341426;0.033649434077699714;0.017015214792740697;-1.458262188837325;0.0244723156928724;0.040787192821454;0.04895068319637683;0.002396169385392049;0.028220663795768257;3.510803424865351;0.8723747238522083;1
0.03199748128028186;2.061610375105816;0.001023838808281988;0.0101967982053635;0.058889930540335624;2.838409486559385;0.0034680239190455547;0.033649434077699714;0.0205035528644084;0.03938116114602034;0.0244723156928724;0.0504741511165493;0.04931836893011612;0.002432301513927043;0.040699524772446774;2.1358491929513477;0.841498902491873;1
0.039760976054543165;2.766782504716732;0.0015809352168099549;0.0101967982053635;0.020609139320289394;0.6441124872469205;0.0004247366235230983;0.015295197308045516;0.020449601898905528;-0.11935836922187922;0.0244723156928724;0.0504741511165493;0.033257188459755296;0.0011060405842476808;0.040699524772446774;-0.6987182258160303;0.6580523613762131;0
0.06519933559601326;-0.9591902102283439;0.004250953362161563;0.0764759865402264;0.02260149707116247;-1.0329967363324926;0.0005108276698577658;0.027531355154481463;0.028358283939011138;-0.15323331930309436;0.0275313551544814;0.0749464668094217;0.052208559367738515;0.002725733671254677;0.068218347287377;-0.36900177813086427;0.6793466332134471;0
0.05468612370470704;-1.8958170785673438;0.002990572125846521;0.07647598654022639;0.022930329821920482;-1.4423677648467812;0.0005258000257420558;0.030590394616090477;0.029216095691330952;0.09949161922398513;0.0305903946160905;0.0749464668094217;0.04682875336144604;0.0021929321413871436;0.04080733514327045;0.15215134332309907;0.5062302589899246;0
0.049322367209170395;-1.5080249413389073;0.002432695907116247;0.06525950851432649;0.018391021679446225;1.2737061554190998;0.00033822967841386106;0.012236157846435836;0.0358638947645792;-0.8127418927555562;0.043846232283063;0.0892219842969307;0.0365913548702981;0.0013389272512440882;0.04080733514327045;0.10268740194536481;0.36846022390591937;1
0.05304859154031625;-1.3869035393522016;0.002814153064411313;0.06525950851432649;0.014029401094210291;3.1906607293699807;0.00019682409506222893;0.007137758743754441;0.02190057674504248;1.8121235244616247;0.013255837666972501;0.058121749770572;0.04568875976270357;0.0020874627686540406;0.04748693652663186;-0.4963732658322731;0.4942108942920494;0
0.05356838224290439;-1.021991851391378;0.0028695715761219145;0.06525950851432649;0.027747659476267412;0.032353087339496746;0.0007699326064108926;0.030590394616090477;0.013992296027665621;-0.36563556476390957;0.013255837666972501;0.0367084735393087;0.04636331641203443;0.002149557108722421;0.04748693652663186;-0.27225476097521667;0.5359451842310798;0
0.03394860073202733;2.365237083697096;0.0011525074916626068;0.020393596410727;0.03492012610258617;-3.2557953854908734;0.00121941520702052;0.060161109411644764;0.020904679795986463;-0.27708871148878816;0.0214132762312634;0.0550627103089629;0.02716489432063691;0.0007379314834513715;0.009789841387640913;2.0470181917722763;0.40054946914926953;1
0.02107680902273313;-0.7504150573089111;0.00044423187858076463;0.0239624757826042;0.03223220654655694;-2.8711488005456505;0.0010389151388599078;0.05914142959110813;0.022759655615122755;-1.6065374489063455;0.0316100744366268;0.0550627103089629;0.022794186197932713;0.0005195749244260263;0.027625059653877883;-1.01175659158836;0.4657248642738365;1
0.020331045092897123;0.27220405337517306;0.00041335139456941616;0.0168247170388498;0.03717009186295267;-2.0384762738766056;0.00138161572910034;0.05914142959110813;0.01968800797168911;0.3382951081260295;0.0183542367696542;0.0520036708473538;0.02164874058391399;0.0004686679688696046;0.025570285556824314;-0.6604200953849405;0.4626605555317989;0
0.03163802104558666;-0.3415011593384267;0.0010009643756809846;0.0336494340776996;0.034379998797408474;2.217469336250615;0.0011819843173098083;0.028551034975017875;0.01987591126184204;0.08194166259338331;0.020393596410727;0.0514938309370856;0.02116891983397864;0.00044812316693741423;0.008703304695465298;3.2834772214621424;0.4084354360065633;0
0.025383679333238554;-1.688668920025479;0.0006443311764926821;0.035688793718772205;0.06690218689888738;0.8796084746342553;0.004475902611853659;0.06322014887325411;0.03152443689932886;1.541362160737658;0.020393596410727;0.0851432650147852;0.040182985151108255;0.0016146722956541866;0.008703304695465298;2.3914296534826334;0.6363808283823615;0
0.05182140858136994;2.932885971719687;0.002685458387357282;0.028551034975017698;0.0618131219233907;-1.9778022927675198;0.003820862041915964;0.09584990313041708;0.03206645806386677;0.15930034924763228;0.0295707147955541;0.0851432650147852;0.05271534433040465;0.002778907527873126;0.0750616070949445;-2.1957670876871;0.6669725369379274;1
0.07470851059045251;0.9986468813542496;0.0055813615546437545;0.046905271744672;0.05855129032504671;-1.4947467402153134;0.003428253598727909;0.07953502600183548;0.056534326697808876;-0.1898546118676722;0.06423982869379;0.1432650147853573;0.04249671293526844;0.0018059706103026119;0.07171286266515339;-3.1214885140434316;0.4155345336403673;1
0.07335000006677181;1.6346087884508134;0.005380222509795424;0.028296115019883498;0.05950248959379839;-1.603810613293689;0.003540546267860086;0.07953502600183548;0.058917290624641065;-1.148103988924672;0.0805547058223717;0.1432650147853573;0.03451053108733832;0.0011909767559301445;0.046818597650481436;-1.6064680800657811;0.31686358753108046;1
0.0753180409842219;0.9052342306942206;0.005672807297700929;0.052768430712756;0.050748922761820345;-1.4239077021720863;0.002575453161485207;0.06627918833486302;0.038360837309679846;-0.7350243844450061;0.0458855919241358;0.092790863668808;0.024631721491129587;0.0006067217036165751;0.038758340532221755;-2.7296844268093587;0.21325464020287493;0
0.07531269145253815;0.9196954331703276;0.005672001493825212;0.052768430712756;0.03211586774349677;4.098567776079601;0.0010314289609177762;0.01223615784643628;0.03648117430406511;3.8884307861327962;0.012236157846436196;0.092790863668808;0.02972940750203045;0.0008838376704217844;0.046818597650481436;-2.6502360777357765;0.28409842140889824;0
0.0655893737295084;-2.641415808317665;0.004301965946229128;0.1080860609768532;0.007527696064154797;-1.5350559717187717;5.6666208034291626e-05;0.010196798205363233;0.01237136811510411;-0.017574432903610198;0.012236157846436196;0.032629754257163295;0.023402214863390326;0.000547663660512287;0.027520633157037955;-0.8189274989862968;0.23601089532758124;1
0.05465938014273362;0.592197064331233;0.002987647837587862;0.0479249515652084;0.019198705397943012;3.229885354727936;0.0003685902889570061;0.010196798205363233;0.04374889896376558;4.4112870828226605;0.014275517487508903;0.1060467013357804;0.023920823439922922;0.0005722057940439659;0.02050844605804067;0.3815983752511561;0.29012731018028015;0
0.0543815429279847;0.49829697495202296;0.002957352211228243;0.0479249515652084;0.026580219022610502;1.6252276134737424;0.0007065080432899452;0.010196798205363233;0.05792284017902357;-2.7980063583331813;0.0938105434893442;0.1223615784643621;0.024883921783569254;0.0006192095633307924;0.027159569503328;-0.6743366878989624;0.31647039654077225;0
0.0425672055235018;2.060484992099005;0.0018119669860800424;0.030590394616090498;0.028810240876038142;-0.16191914394561616;0.000830029979335339;0.028551034975017542;0.057091143763766686;-3.155765868625157;0.10298766187417141;0.116243499541144;0.025466261846985062;0.000648530492459207;0.019637832459928367;2.3224559013091493;0.3607104703564793;0
0.0401189264258305;2.610158393926761;0.0016095282575612011;0.030590394616090498;0.029186720696233223;-0.7159754446497276;0.0008518646649999287;0.03161007443662678;0.04971082924035146;3.361209125304183;0.022432956051799798;0.12745997756704391;0.025520683699289944;0.0006513052964792035;0.012986709014641037;3.3210789188873022;0.369027573529075;0
0.015055392128309683;1.5757932833988815;0.00022666483213716919;0.0142755174875088;0.029754739393116864;-1.2928385506010034;0.0008853445163523006;0.035688793718772205;0.015872324426243225;0.6153659838197321;0.014275517487509;0.041806872641990504;0.014115566626498013;0.0001992492211871045;0.017054408725899764;0.040929040274973495;0.2664318029357694;0
0.006285728564259037;2.000000000173337;3.951038358354197e-05;0.0040787192821453;0.020462309041061843;-1.9972726929086282;0.0004187060912919212;0.03161007443662678;0.012707190847088509;0.02619195799491673;0.012236157846436196;0.03364943407769971;0.013901547073806362;0.00019325301104525423;0.012419293297540837;1.8595373721311528;0.25551412193138445;0
0.014158503075525382;4.303908550135129;0.0002004632093396617;0.006118078923218;0.020629309757532324;0.05458062184673788;0.0004255684210722183;0.018354236769654086;0.026991677946023012;1.2020919609251404;0.024472315692872504;0.069338227796472;0.028164969155939714;0.0007932654875550355;0.012419293297540837;2.2603129602526657;0.4482965012867097;0
0.014081183926545483;-0.9194260980298937;0.0001982797407732029;0.017334556949118;0.017578759612121807;-1.640205398433886;0.0003090127895007648;0.023452635872336036;0.027706410145502517;-1.288066752073212;0.0356887937187723;0.069338227796472;0.030613159056799743;0.0009371655074369202;0.03914653998108702;-1.391488466666278;0.43023152258771236;1
0.020072417339685372;-1.7089365244519605;0.000402901937858502;0.029570714795554197;0.02998621601013607;-0.37886313808176314;0.0008991731506065407;0.037728153359844696;0.02931468647183665;-2.220978630944289;0.0418068726419904;0.069338227796472;0.030705691600713673;0.0009428394966781382;0.03914653998108702;-1.1350715983922146;0.4130502799925251;1
0.021396274818315898;-0.4730546023233586;0.000457800576100899;0.0265116753339451;0.02989766615023411;-0.46960867470436085;0.0008938704412308545;0.037728153359844696;0.023946198767854466;-2.351636392628483;0.0356887937187723;0.054043030488426694;0.019733963394870935;0.000389429311270106;0.017478236470129235;0.19452302789038356;0.23654208221801687;1
0.06022847426046814;4.1580261113744115;0.003627469111743873;0.0265116753339451;0.03168071523365045;-2.078797808238864;0.0010036677177156519;0.0499643112062812;0.026269374596565656;-2.4434368770465995;0.0418068726419904;0.059141429591108394;0.014146757027259595;0.00020013073438831874;0.0252622509997706;-2.7540778964121735;0.15106335636017892;1
0.060987594768248346;0.07709134139198426;0.0037194867156160726;0.07443662689915351;0.038148837294100374;-1.851103602258463;0.0014553337868917437;0.05506271030896304;0.018391021679446375;3.1638576379987597;0.010196798205363497;0.0469052717446721;0.013358691579522646;0.00017845464071680923;0.017478236470129235;-0.8378213339461217;0.15347221908452147;1
0.07539634225497394;-2.90094560268302;0.005684608425429168;0.14071581523401638;0.03497516648545429;1.1554541778189353;0.0012232622706852448;0.027531355154481574;0.0060754437074608016;-1.2057131520329054;0.007137758743754399;0.015295197308045197;0.019359125020496422;0.00037477572155921054;0.029436591922673977;-2.1968975391258447;0.21116732734884888;1
0.08852618021690475;-0.03251799537115474;0.0078368845837959;0.08055470582237179;0.027506796353353555;2.6656121684618306;0.0007566238456248645;0.009177118384827265;0.029565440119150695;4.208543637324692;0.011216478025899798;0.0723972672580808;0.043861514417652556;0.0019238324470099428;0.040646467106564915;1.7747216066162868;0.3915216225968216;0
0.055490634815033364;1.7606562626588722;0.003079210552175393;0.020393596410726994;0.029544331996432034;-1.1719155556801415;0.0008728675531153977;0.03568879371877254;0.04033474967567338;-2.4846878648482793;0.061180789232180996;0.0882023044763943;0.04063234213315346;0.0016509872272256383;0.020106640759575425;2.614063463423887;0.349867724411233;1
0.07611689598080129;-0.4655074667493662;0.005793781853752124;0.08055470582237179;0.026525398241459157;-1.3464631567118641;0.0007035967518680046;0.03568879371877254;0.04563337774305159;-2.497718863528103;0.0683185479759354;0.10349750178443962;0.04529709367740068;0.002051826695619213;0.0427451848282812;1.840414411566852;0.4146582268219233;0
0.0836156105311403;-1.5121498143928076;0.006991570324495341;0.11726317936168029;0.022766507149756487;1.0967486209883173;0.0005183138477999132;0.015295197308045294;0.04944606085037564;-2.65276510925154;0.0836137452839807;0.10757622106658501;0.044123344832395536;0.0019468695591984856;0.03606449780585702;2.113162167216199;0.3990328333419705;0
0.0813094760477333;0.28946409417207875;0.006611230895156914;0.0968695829509533;0.04318076170081242;0.42363169122396016;0.0018645781810623487;0.04282655246252698;0.048389689895059165;-2.603925300465575;0.0836137452839807;0.10757622106658501;0.044868791697905315;0.002013208468430017;0.015957857046281596;4.164765051199137;0.4286652965481568;0
0.042162250143683536;-0.5245259794286348;0.0017776553371785424;0.0540430304884265;0.04917035236025833;-0.367739765509197;0.0024177235512319616;0.0622004690527177;0.046954567310417854;-2.2236449409630574;0.0754563067196899;0.10757622106658501;0.018392127899936505;0.0003382703686876228;0.016169408698916782;0.8830248703091369;0.23592385607131558;1
0.03889513841696874;-1.180380486767857;0.0015128317924751576;0.0540430304884265;0.051342676282775286;3.8149614743105125;0.002636070407877856;0.02549199551340875;0.03906584893818638;-3.067751013763686;0.0744366268991536;0.0795350260018353;0.01742037562860534;0.00030346948704170683;0.016169408698916782;1.1626869865659313;0.22565991653048373;0
0.036481174304065035;-0.9089324951170271;0.0013308760786035752;0.0499643112062811;0.05199167323020332;4.658197712913245;0.0027031340852762403;0.010196798205363455;0.03272203225831239;3.134858739189705;0.023452635872336;0.0795350260018353;0.026254239906340054;0.0006892851130596586;0.03875509826378721;-2.086714583291265;0.37735373390022603;0
0.04032830467464539;-0.9736586953960646;0.001626372157931025;0.0499643112062811;0.05234047409080811;0.4785897928553595;0.0027395252280505546;0.05710206995003564;0.01010461029210777;-0.7163360032399773;0.013255837666972501;0.0244723156928723;0.030777264840028518;0.0009472400310332556;0.054283716923634075;-2.9158222694781646;0.5242879354879874;0
0.0515316764290538;0.3489592691367361;0.0026555136755886987;0.046905271744672;0.0427147272496336;-1.2173496418875256;0.0018245479240105913;0.05710206995003564;0.015901775213311313;2.452095010605879;0.0101967982053634;0.040787192821454;0.029536583078302345;0.0008724097399414565;0.04883883862223921;-2.586435415678384;0.5126632453750336;0
0.05226741899183413;2.685982467541282;0.0027318830880679436;0.029060874885285998;0.0418665186682433;-2.1083874078949023;0.0017528053853983646;0.06016110941164465;0.017010631158268046;3.049102469966494;0.0122361578464362;0.040787192821454;0.03000818932291077;0.000900491426439656;0.04883883862223921;-2.6879676845036755;0.530994969352219;0
0.021308624712304443;-1.0725241101659115;0.00045405748712983154;0.027531355154481497;0.03221284592419968;-1.1736167726233937;0.0010376674425362279;0.03976751300091752;0.02262218915358401;-3.1993606560594468;0.0397675130009177;0.0448659121035994;0.02287043017674138;0.0005230565764692027;0.030569867100773064;-1.1953676741592254;0.45156257058758836;0
0.028106933704756757;0.9508345362982856;0.0007899997222835913;0.027531355154481497;0.02660367906161922;-1.5329156858528836;0.0007077557396136368;0.03976751300091752;0.03392945339954794;-0.57928095842448;0.040787192821454;0.0825940654634444;0.023506589220499145;0.0005525597367812866;0.03468426473949831;-1.6340354042794836;0.39447856257479447;1
0.06092789580365639;0.9440957500204116;0.0037122084870612093;0.06423982869379;0.027518133908146968;-1.3989575335164364;0.0007572476937867078;0.03976751300091752;0.029424433281676182;1.8050577331530526;0.009177118384827099;0.0825940654634444;0.020535202159435655;0.0004216945277288908;0.018268971521466143;0.21290030155153636;0.27822278629911135;1
0.0640396271169515;-2.8107952909284593;0.004101073841278191;0.1147139798103394;0.021381691419040134;1.9513361421553104;0.0004571767279390545;0.010196798205363455;0.030260620067927343;1.7491579033777036;0.016314877128581595;0.0825940654634444;0.024063537568313392;0.0005790538403016301;0.03391255426899914;-1.2081534445236695;0.3101570535082113;0
0.06801501355929529;-0.47960339700746485;0.004626042069471122;0.07545630671969;0.014624498104869791;0.676010794921274;0.0002138759448193401;0.010196798205363455;0.02062174815555898;-2.5093286147262908;0.0336494340776996;0.0469052717446721;0.030388128511354143;0.0009234383544225746;0.0230129380035851;1.1884577362010458;0.3109053679066248;0
0.05137810352820825;-2.4400425919119044;0.002639709522155285;0.07545630671969;0.015447392074582542;0.3892235180200541;0.00023862192190587554;0.015295197308045294;0.01731355081335799;-1.9616265719280872;0.022432956051799707;0.0418068726419904;0.033153860746368585;0.0010991784823895995;0.0230129380035851;0.9189918437752181;0.34594516296499006;0
0.06099611842201506;-2.5618191816283264;0.0037205264625524846;0.0907515040277352;0.018619978945895614;-2.9299505631868357;0.0003467036159455959;0.032119914346895095;0.01590504415675487;0.4536827418711944;0.013255837666972609;0.0418068726419904;0.03336913238370281;0.0011134989960410835;0.024631902257628915;0.7889414518624456;0.34937182017768675;0
0.0677507992584959;-2.237020040798621;0.00459017080016501;0.10298766187417141;0.018345737469930387;-2.640788075664736;0.0003365660833156078;0.032119914346895095;0.012350339087296675;0.7990236463203205;0.012236157846436307;0.030590394616090505;0.03415384466001114;0.0011664851050601716;0.024631902257628915;1.1848589851989537;0.373655929636445;1
0.06479983026743148;4.043511834963385;0.004199018002687929;0.0336494340776996;0.016482896422767557;-1.5462479398468278;0.00027168587448368357;0.02039359641072691;0.012845537700233353;-1.8653568752746625;0.018354236769654295;0.029570714795554204;0.03368318136118122;0.0011345567066102264;0.014693554091820327;2.5742106464048007;0.3766983228092752;1
0.013999724908479626;1.4861006550458196;0.0001959922975131049;0.013255837666972602;0.013945775864229;-1.1325261354328404;0.00019448466445531212;0.02039359641072691;0.01426458816283356;-1.8386181805078625;0.018354236769654295;0.034669113898236;0.015410814595029434;0.0002374932064823722;0.014693554091820327;0.8931085781123933;0.19472797918571313;0
0.012000206277087625;0.45169362302384997;0.00014400495069265322;0.013255837666972602;0.015462529160110301;-1.2485151271575912;0.00023908980802726137;0.02039359641072691;0.010423701590833551;-2.529200338848169;0.017334556949117896;0.02345263587233609;0.007881296189061911;6.21148296197218e-05;0.01383705242974305;-3.083947017611185;0.09364366612090363;0
0.018903994869968337;0.9870482179396021;0.00035736102204378915;0.011216478025899902;0.012185067193873498;-0.3015323776571404;0.00014847586251921216;0.014275517487509104;0.016807713783329917;0.1789154804266128;0.018354236769654295;0.0418068726419904;0.00790856784689796;6.254544538898823e-05;0.01383705242974305;-3.0768578103405133;0.0939950331573939;0
0.022270143436159427;-0.4188784726331936;0.0004959592886671149;0.028551034975017903;0.01697698002509835;1.91644334501465;0.00028821785077258835;0.014275517487509104;0.028027286890761206;-1.1146137239330365;0.0367084735393086;0.06525950851432649;0.021740844590984187;0.0004726643235293264;0.014815917587599328;2.9768440413987967;0.28426575935707243;1
0.027118499370763792;1.0907712062745805;0.0007354130081221162;0.020393596410727;0.020525726750420956;-2.9449632565396353;0.00042130545863294636;0.03874783318038144;0.035623182562584746;-2.1505047595184443;0.055062710308963;0.08412358519424899;0.026492336105427883;0.0007018438723229577;0.04049719571009083;-2.6939124094036164;0.40853264528069105;0
0.027732666818424963;3.6945649275332997;0.0007691008088617689;0.0091771183848271;0.020626789531543253;-2.9537929670367666;0.0004254644463785824;0.03874783318038144;0.0320307709788826;-0.48602990125879586;0.0423167125522586;0.0764759865402264;0.027854853483749876;0.0007758928626011726;0.043349899840693006;-2.4958947863868075;0.5621412602467546;0
0.028282102435630136;4.116058009218698;0.0007998773181794761;0.007137758743754399;0.024616346490476417;-2.605003935748629;0.0006059645145391906;0.04282655246252676;0.0183613165140911;-0.7794911333841531;0.0229427959620679;0.0448659121035995;0.022094897838496573;0.00048818451049360053;0.006041539523657914;2.7994127726614386;0.5424645014271413;0
0.00941755879597734;0.46504372544193373;8.869041367569017e-05;0.007137758743754399;0.032309533022850695;-2.303458476849579;0.0010439059241546798;0.05302335066789021;0.017039640019443657;-1.2728388244174471;0.0214132762312634;0.041806872641990296;0.010243357633084663;0.00010492637559927382;0.006041539523657914;2.659379405598694;0.30076185038469166;0
0.018163471664926524;1.391743028782308;0.00032991170292258874;0.0112164780258999;0.031007321588577136;-2.1985036776341977;0.0009614539920974417;0.046395431834403866;0.01490617054479832;2.117487494990435;0.0025491995513409;0.041806872641990296;0.010874262706235375;0.00011824958940422149;0.009757465515531978;1.9913160604160325;0.31246785710378316;0
0.02568905176410409;1.0761178102432976;0.0006599273805388195;0.015295197308045199;0.026754696379716305;-1.7630105680997232;0.0007158137783708047;0.03874783318038111;0.030459254609359533;1.5128313697694165;0.018354236769654197;0.0820842255531762;0.01684219697539146;0.0002836595989578852;0.007552171595550189;1.3763402488575995;0.41244973025428955;0
0.028864324349351506;0.44629788462003245;0.0008331492201445664;0.0336494340776995;0.02584139063418819;-1.041092700175091;0.0006677774699087091;0.031610074436627;0.04479285281368594;-1.4386990581025536;0.0586315896808401;0.11114510043846221;0.023175318287428987;0.0005370953777236404;0.02040915724191951;1.1395675771733345;0.41334364633805143;0
0.030219360255439934;-1.4147380003926955;0.0009132097342480626;0.0448659121035994;0.025771890558864672;-1.5940837516159476;0.000664190342978098;0.031610074436627;0.034503018054099784;-1.0830062271927166;0.0402773529111859;0.0876924645661261;0.021204455320421263;0.00044962892543574164;0.02017948529343354;1.7969455414661166;0.363449460693515;1
0.0304199732643546;-1.4183752051505512;0.0009253747734040487;0.0448659121035994;0.019506291071828333;1.8355948272692935;0.00038049539137888975;0.011216478025899868;0.0329705235326292;2.2133683196484384;0.019373916590190707;0.0876924645661261;0.019767872219898973;0.0003907687721022535;0.02091964184333659;0.32190701382820325;0.3123377432605966;1
0.01876875760553648;1.4577824504592687;0.0003522662620553834;0.0163148771285816;0.023815582164018877;1.3976548394874502;0.000567181953811134;0.011216478025899868;0.013997868057896719;1.0017489171927825;0.011726317936168108;0.0367084735393086;0.01640525530238793;0.0002691324015365274;0.006897645987354276;1.6801726446370182;0.23861699000231332;1
0.016692878090899217;2.744667520609371;0.0002786521789576231;0.006118078923218102;0.023805757028285197;1.418552976403974;0.0005667140676897501;0.011216478025899868;0.027030171516559724;1.3632665595750737;0.019373916590190707;0.0723972672580809;0.025829850709002355;0.0006671811876493494;0.023257705082585754;-0.11753977274946455;0.4236708904962846;1
0.01359658064711592;3.0830573906124408;0.0001848670052935272;0.007137758743754399;0.020143516126377586;-2.747660893471126;0.00040576124193363386;0.03415927398796792;0.03334368604551979;-1.6235545367754323;0.0469052717446721;0.078515346181299;0.018633620586441475;0.0003472118161594556;0.02091964184333659;-0.41071901776347036;0.3585970658276357;1
0.009389916943588242;1.351709905694997;8.817054020748555e-05;0.007137758743754399;0.02575978444817145;-1.3728333681644262;0.0006635664948162556;0.03415927398796792;0.033116839651818525;-2.1001738409773325;0.0469052717446721;0.078515346181299;0.022479043909423197;0.0005053074150817761;0.04348274061449317;-2.97399369440825;0.4748025716703377;1
0.028970393975045985;3.2783740316344256;0.0008392837270693807;0.0122361578464362;0.026613447974320147;-1.1306630994094284;0.0007082756130818451;0.03415927398796792;0.026819711605604105;2.0178477804801958;0.018354236769654298;0.0703579076170081;0.025721623912619073;0.0006616019367022174;0.045820803853742334;-2.635103506211968;0.5169454140054995;1
0.030193544241169327;-0.7607249653681158;0.0009116501138434495;0.0367084735393086;0.025855469300792053;-0.9249090137775925;0.0006685052927642003;0.029060874885286303;0.012998418256329082;-2.3785088757354615;0.021413276231263302;0.0295707147955541;0.023712875499596;0.0005623004644593403;0.033456492985553185;-1.0658278965490027;0.5014980662351297;1
0.05169283921948227;0.2023505276386158;0.002672149626571244;0.0489446313857447;0.024412761907446425;2.552863078399709;0.0005959829439496672;0.013255837666972692;0.0185149821748243;1.015727480493646;0.0112164780258998;0.0509839910268175;0.022240295345992887;0.0004946307370769929;0.025710935944537362;-0.21219845963373274;0.38969496417715993;1
0.054982399161998166;0.21515116788869668;0.0030230642176092967;0.058121749770571905;0.022309792882476802;-1.402605823192335;0.0004977268584590125;0.033649434077699825;0.01947561763852482;-0.2712959155695174;0.020393596410727;0.0509839910268175;0.021681993270729987;0.0004701088321919804;0.015478279090601628;1.9239585533462364;0.3642885340315566;1
0.06533355262068681;-3.14580863123865;0.004268473098040052;0.1121647802589986;0.03247484130214796;1.5019177258838876;0.0010546153175996947;0.033649434077699825;0.02167389364811053;0.3683862748802677;0.020393596410727;0.0571020699500356;0.009704201493372006;9.417152662396345e-05;0.014653617929495863;-2.601435717195281;0.1393323225393096;1
0.05799818349457628;-3.1595245442748188;0.00336378928867054;0.10298766187417141;0.03173645943232236;-1.7039374541450616;0.0010072028572994428;0.04486591210359958;0.027212272380499954;-2.6377360561751466;0.0448659121035994;0.061180789232180996;0.00913165288335565;8.338708438209753e-05;0.015478279090601628;-3.0201056997296862;0.1412298858727035;1
0.048057110765752135;3.8608416678804125;0.0023094858951517696;0.023452635872336106;0.0276161977443679;-1.6869478910956275;0.0007626543778560307;0.041806872641990345;0.029042085235310086;-2.731113523102417;0.0448659121035994;0.061180789232180996;0.013398821962199136;0.00017952842997470992;0.01833625252536815;-1.107183343073583;0.21763102611616175;0
0.04414989899972633;3.970536731441731;0.0019492135816860357;0.013255837666972602;0.02335712348586232;-0.44280360374734684;0.0005455552175338211;0.02447231569287245;0.020106059009060834;4.002946705279577;0.008157438564290801;0.0489446313857448;0.01522157059688921;0.00023169621143608217;0.017462781196213986;-0.6897980827643669;0.2817418254612227;0
0.01259211689122916;0.3866702499435384;0.00015856140780237871;0.013255837666972602;0.022834909428529174;2.050098955377172;0.0005214330886091305;0.013255837666972359;0.004444681292485693;2.4847645433449905;0.0010196798205364017;0.0122361578464362;0.015223699221267551;0.00023176101797962225;0.012598962274796927;1.2319605360779609;0.2994873030146102;0
0.010694492180790768;0.7190340909302092;0.00011437216300499487;0.008157438564290798;0.018284710208322296;2.86801563073008;0.0003343306274023256;0.010706638115631884;0.011693020231650546;2.2833639347187344;0.008157438564290801;0.0295707147955541;0.013258238315392294;0.00017578088322773628;0.00825707134647298;1.2915581938924892;0.3337360568598654;0
0.008930206605816778;1.1554291343632066;7.974859002257361e-05;0.008157438564290798;0.020727359555047425;-2.50725037637446;0.0004296234341242158;0.03161007443662711;0.015474292211762157;1.2264336819094577;0.008157438564290801;0.0428265524625267;0.013211937353130188;0.00017455528862303672;0.00825707134647298;1.3011496606629898;0.3328312795619278;1
0.01764517554765859;1.6906936663925254;0.0003113522201076886;0.011216478025899902;0.018938339571205845;-2.1546487502227714;0.00035866070571430114;0.026511675333945273;0.03388805823979578;1.5543479174152448;0.0254919955134088;0.0887121443866625;0.03237512846342287;0.001048148943023134;0.019208293244074352;2.320952910894153;0.6210872262405014;1
0.02444149345506157;-2.036046818688643;0.0005973866023138176;0.0356887937187723;0.020417799444435874;-1.4260353975059747;0.0004168865341532059;0.02906087488528608;0.03247484130214796;1.4725827061662287;0.018354236769654402;0.0887121443866625;0.0331705294544353;0.0011002840242875598;0.0373297565023538;-0.7882166730119771;0.5416135510243608;1
0.0239244788552056;-0.44336025955990976;0.0005723806884931798;0.0265116753339451;0.017962000845332563;-2.5076492097664613;0.0003226334743677277;0.02906087488528608;0.03284730424116514;0.6011468253939896;0.0244723156928724;0.0887121443866625;0.03369273280818814;0.0011352002440839575;0.03487754545919048;0.12057622672547315;0.47852429651666795;1
0.016514406481012007;-2.731863566799872;0.00027272562142009136;0.0265116753339451;0.017193023411287853;4.257065969337471;0.00029560005402109215;0.006118078923218029;0.025016208429494285;-0.1183382661726391;0.0244723156928724;0.0644947486489243;0.0248113444159727;0.0006156028117280197;0.03487754545919048;-1.9452953746947241;0.3285308230021702;1
0.01343406396021691;2.261628603980416;0.00018047407448719887;0.006627918833486304;0.039383936823723084;2.628246372209007;0.001551094479735011;0.009177118384827043;0.02449063121081743;-0.07587956207925473;0.0244723156928724;0.0644947486489243;0.026592214265699986;0.0007071458595528978;0.023332796811560585;1.3095687717799933;0.30508828293463003;1
0.018762524323626916;-2.070738402845469;0.00035203231899469167;0.0270215152442133;0.048654864348964266;0.6830594816534171;0.002367295824816114;0.041806872641990345;0.01515820161198863;0.18627757541716505;0.014275517487508896;0.040022432956051804;0.025570391579843452;0.0006538449255465288;0.02295455797132684;0.1520863046808453;0.32121715062972883;1
0.02665980142566351;0.16294476913224779;0.0007107450120558103;0.029060874885285998;0.05201666514317558;-1.734420038647303;0.0027057334526172576;0.07443662689915354;0.032305711325666356;2.099403240144177;0.015295197308045204;0.08794738452126041;0.03159989845413135;0.0009985535823114132;0.04627820189114143;-1.6566960209209978;0.3616167250078436;1
0.071155644104063;3.1739038948233875;0.005063125687864075;0.0402773529111858;0.05068434428682912;-1.4083609791403333;0.0025689027557858277;0.0672988681553991;0.03233667418133589;1.9824023634519392;0.016314877128581602;0.08794738452126041;0.03931658436339284;0.0015457938060037864;0.05335738848852992;-1.9255738996009637;0.40469322601649205;1
0.06835981732472829;1.552028965261833;0.004673064624670221;0.0535331905781584;0.05100183230199998;-1.4346560485505673;0.002601186898161328;0.0672988681553991;0.02588059072808634;3.9379499888242058;0.011216478025899902;0.0632201488732538;0.03496028494597023;0.0012222215235034323;0.05335738848852992;-2.5535533826994956;0.34982814769561954;1
0.0559566431413556;2.475237300021187;0.0031311459116490185;0.0254919955134088;0.03415166358930186;0.9854957756525712;0.0011663361259168466;0.02294279596206794;0.024935289610762697;2.001789689153417;0.020393596410727008;0.0632201488732538;0.0350390457045887;0.0012277347238882558;0.05335738848852992;-2.2570398950958457;0.37696159810976754;1
0.045857825572459446;4.034181671075994;0.002102940166234115;0.005608239012949899;0.025706247595375858;-0.17644970922456812;0.0006608111654347671;0.024472315692872337;0.022181258988361353;3.0765300763363066;0.010196798205363504;0.05710206995003571;0.03369915096813643;0.0011356327759732506;0.04511306888894383;-2.0081232520766803;0.3562274428766702;1
0.04564476871643063;4.09171670853533;0.0020834449111764445;0.005608239012949899;0.028791287658805956;0.6852220429645696;0.0008289382450521123;0.02294279596206794;0.021320819885690036;2.9350629348035326;0.010196798205363504;0.05506271030896301;0.03315677148241981;0.0010993714951374072;0.04220084095592773;-1.670084085977096;0.3526653843103017;1
0.029171576578991745;2.2781642366153156;0.0008509808801039797;0.0244723156928724;0.03169219999575826;2.397934871018329;0.0010043955405711399;0.024472315692872337;0.021432689903638263;2.913019314172923;0.011216478025899902;0.05506271030896301;0.02168259716826777;0.0004701350199613734;0.0031120648876994117;3.091250240105355;0.2654955718731372;1
0.02825911595412998;0.30868581925729544;0.0007985776345089636;0.032119914346895;0.03337485420155437;2.7881024431043286;0.0011138808929750115;0.024472315692872337;0.01887922799801469;1.0743785477274876;0.020393596410727;0.0458855919241359;0.017601014145238122;0.0003097956989408725;0.009500949038743559;3.7367814272665356;0.20176300491565366;1
0.027233279085350115;0.6865799877437352;0.000741651489740568;0.0270215152442132;0.06699304181039734;2.2955329054560387;0.004488067651009646;0.0030590394616092365;0.02095435828761027;0.5948038124855716;0.0214132762312634;0.04996431120628131;0.032882519500388556;0.0010812600886934336;0.04040430409308307;-0.05316749037203176;0.3224305233640531;1
0.034512057356862656;-1.358893461314582;0.001191082103003378;0.0428265524625267;0.07723830653914017;0.7226971911024016;0.005965755997034183;0.07851534618129918;0.02258769181868569;0.12641780691340898;0.025491995513408805;0.05404303048842671;0.030061624600854445;0.0009037012736426971;0.030903355054339512;0.5049327496448655;0.2843059181822917;1
0.04764153203701702;-1.326513881820701;0.002269715574834119;0.062200469052717304;0.06844550950484801;2.2229001826470642;0.00468478777137824;0.022432956051799957;0.03702856039657232;3.495964153348872;0.008157438564290805;0.0978892627714896;0.03461121631058138;0.0011979362944978544;0.016971574896928646;2.901073054835585;0.3662810464553981;1
0.058905377311279976;-1.9957109091371794;0.003469843476184258;0.0856531049250534;0.08405588829451738;0.8851960613811123;0.007065392356980383;0.07647598654022636;0.03651393564869877;1.6779048584453946;0.0224329560517997;0.0978892627714896;0.034455530711762106;0.001187183596629182;0.0320614160356508;0.060233805843452615;0.33515071843228394;1
0.059450918924229074;-1.946590061839526;0.0035344117609352587;0.0856531049250534;0.0835870055007826;1.441556475117969;0.00698678748858786;0.0642398286937903;0.03722599517603218;-3.054239290253818;0.0683185479759354;0.0774956663607626;0.04341600118538348;0.0018849491589292197;0.05737450652860646;-1.2858490311013664;0.4602753461085126;1
0.05693156527681203;3.275923794234996;0.003241203124867909;0.0336494340776996;0.04043258720532165;-1.6798456603745702;0.0016347941081159396;0.05710206995003564;0.034363361239549146;-2.394589550625883;0.0520036708473538;0.0734169470786172;0.029011232371537608;0.0008416516037153516;0.03278371635114075;-0.6334489674401999;0.3703145813350557;1
0.058500658468006714;3.170728492497325;0.0034223270411903655;0.0367084735393087;0.04177826207670516;3.771798661498598;0.0017454231821498606;0.016314877128581706;0.023811215937533516;-0.40305181645054705;0.0285510349750177;0.0550627103089629;0.02769078789253882;0.0007667797341095744;0.01777528538446773;1.676803620982195;0.3675421485260072;1
0.019727576594653067;-2.375011679115642;0.00038917727829790343;0.028551034975017903;0.0412775157282206;3.463555341525757;0.001703833304693499;0.016314877128581706;0.03438755866266178;-0.2100985959818118;0.0316100744366268;0.0907515040277352;0.026776158394140714;0.0007169626583481123;0.007490328497304105;2.0925675494447176;0.3459566713637982;1
0.016241422282761223;-2.3479123089413156;0.0002637837977669727;0.025491995513408805;0.01651440648101207;-2.524666325297049;0.00027272562142009347;0.028551034975017986;0.02433811475180919;1.159979597181118;0.0137656775772408;0.06729886815539911;0.014470783150482568;0.0002094035649882902;0.007490328497304105;3.7876786362881276;0.20818000666946979;1
0.0219397093009585;0.15485182910198722;0.0004813508442105649;0.025491995513408805;0.019204120348099506;-2.7747118738747614;0.00036879823834428944;0.029570714795554176;0.028376610349053037;-0.636684401006922;0.0387478331803814;0.06729886815539911;0.007838883218874979;6.144809011915975e-05;0.007490328497304105;1.2577121275434575;0.10787194274134135;0
0.03185091970185951;0.16829344849877378;0.0010144810858543026;0.028551034975017903;0.018091775357370794;-2.4600419943523;0.00032731233558156917;0.028551034975017986;0.027586532519169364;0.9893591129092508;0.028041195064749704;0.06729886815539911;0.0190107452718807;0.0003614084357923344;0.0076569678360145915;2.4711447057945435;0.23627436538804894;0
0.03403806709025347;0.7438025891359352;0.0011585900112405963;0.035688793718772295;0.021156820558016216;-2.603349965804275;0.00044761105612409766;0.03568879371877243;0.013791146012664242;-3.1492713587779537;0.024982155603140602;0.028041195064749704;0.020975653618237406;0.0004399780447122759;0.018606131638890147;2.228981253295595;0.2732180856241768;0
0.04405559676357547;-2.736297096855439;0.0019408956061947615;0.07749566636076269;0.04731687942129748;2.015117196830855;0.002238887078169605;0.041806872641990456;0.012773499442047571;-2.801552986494043;0.020903436320995197;0.028041195064749704;0.038128543574660806;0.0014537858351248076;0.05056795576356256;-0.38354994880049037;0.41308123793197665;1
0.05713210618793002;-2.5956150644520513;0.003264077557468912;0.08973182420719891;0.04504746492078705;-0.19930633084318217;0.00202927409578954;0.048944631385744786;0.012086539809452125;-2.451612188294463;0.017334556949118;0.028041195064749704;0.04641840899210064;0.0021546686933579294;0.0886001948944022;-2.9483685808742117;0.4307010654166147;1
0.08138169349146238;-0.30774753901650814;0.00662298003553833;0.08973182420719891;0.045068233161230944;-0.18289460832017213;0.0020311456402750767;0.048944631385744786;0.026209937063744696;2.7183841678618967;0.017334556949118;0.0647496686040584;0.038527511728030754;0.001484369159953547;0.04319460039723548;-0.30604292749344825;0.329345181170175;1
0.10936892008486951;-2.1544034737166626;0.011961560680530572;0.1697766901193024;0.04354044773718593;0.46196159478375165;0.0018957705891546194;0.03772815335984503;0.029033133508920703;-3.1117665477356695;0.056082390129499296;0.0581217497705721;0.04067280250563647;0.0016542768636625081;0.04319460039723548;0.30849129957739524;0.327060644425349;1
0.11159229860516293;-2.4751178604497284;0.012452841107983847;0.1697766901193024;0.027214182750987845;0.38691132878252193;0.0007406117428041643;0.028551034975017875;0.03414785775393156;-1.5784664391065384;0.0407871928214541;0.0846334251045171;0.021262626562270046;0.0004520992883265517;0.026165093661608185;-1.2183844614615147;0.15537674618595151;1
0.09686528946708674;3.180863948584374;0.009382884303542505;0.029060874885285998;0.02085488296538496;-0.694181319388143;0.0004349261434999038;0.023452635872336036;0.032729975077629356;-0.6854977855348707;0.032629754257163295;0.0846334251045171;0.03511316951901211;0.0012329346736708812;0.04204452469714519;-0.2939830329731296;0.29067464449009284;1
0.1441352683662186;4.081300619644317;0.020774975587001858;0.029060874885285998;0.022807573134497366;0.604345367994045;0.0005201853922854459;0.02549199551340886;0.04725311149478331;1.5346848611090078;0.032629754257163295;0.1233812582848984;0.0723909587261521;0.005240450905291456;0.04204452469714519;2.394482423519481;0.5116001552162989;1
0.17399216016960584;-3.0151483390473715;0.030273271800485772;0.2875497093912511;0.02861106015223561;-0.07004422051330768;0.0008185927630348443;0.027531355154481463;0.058034922685481515;-2.4439415505774633;0.0948302233098806;0.1325583766697256;0.08442625726751554;0.00712779291620072;0.13364627324507264;-2.3269338215201985;0.49189632609536826;1
0.14394650680800722;-3.055308636591438;0.020720596822227665;0.27735291118588756;0.01732105592915256;1.416679084930453;0.00030001897850083097;0.013765677577240565;0.055302473960035306;0.14268905844601912;0.0632201488732537;0.1325583766697256;0.08371175817025386;0.007007658455955064;0.13364627324507264;-2.143245002371908;0.48024571439355795;1
0.11988720438583277;2.713304627487043;0.014372941775450438;0.09534006322014887;0.011706350678956862;-1.1689428906625565;0.00013703864621871377;0.013765677577240565;0.0327498236980407;2.406208838497578;0.0219231161415315;0.0846334251045171;0.079044721993359;0.006248068075007413;0.09525117846173697;0.3054075262898633;0.41531840038845846;1
0.04434669483592759;-2.491291112505801;0.0019666293428708868;0.07239726725808099;0.012641562566632032;-2.2795438604212515;0.00015980910412607225;0.019883756500458816;0.032855216775724824;2.444860065865536;0.0214132762312634;0.08514326501478531;0.042103856250664595;0.0017727347111766282;0.05940269554872932;-1.830974501969995;0.19493823127799245;1
0.05065972130932471;0.4585999212073955;0.002566407363138448;0.04231671255225858;0.02297562881870426;0.1761013637956097;0.0005278795196148736;0.023962475782604242;0.03528887793253154;-1.9615838915293768;0.0499643112062812;0.08514326501478531;0.045728528156740736;0.00209109828738183;0.04166951570439889;0.1055295592331807;0.2391204100512557;1
0.0540490424171258;-0.4832182068578845;0.0029212989862082636;0.06423982869379019;0.01915600917550839;2.0355271365794834;0.0003669526875321616;0.00866727847455917;0.04479923575244956;-0.8314619921906612;0.0509839910268176;0.1147139798103394;0.03523854439665962;0.0012417550111953508;0.06096102945012927;-2.681031271198126;0.21382262426986354;1
0.06989122330161716;-2.511276805895078;0.004884783094596515;0.1157336596308759;0.018717444543073315;2.1659145401052116;0.00035034273022302497;0.00866727847455917;0.033156061826840666;-1.2160771273356932;0.0448659121035995;0.0805547058223717;0.060125550629705614;0.0036150818385252935;0.07276587433731754;-0.44988419697802584;0.4181875452992849;1
0.05767436523522738;0.3004317960750254;0.0033263324052864043;0.061945549097583305;0.019439547938104557;2.93991282796411;0.00037789602403786514;0.009432038339961313;0.028637395064716194;-0.10659959162219697;0.030080554705822403;0.07443662689915359;0.05581391878506766;0.003115193530146129;0.06294641120588779;-0.47597801210744234;0.473678410477681;1
0.028812947460747505;2.512818560569959;0.0008301859413757961;0.015040277352911108;0.01945057633205592;2.629845513046277;0.000378324919649134;0.010961558070766042;0.02904432273581303;2.2158714021528234;0.019628836545324803;0.07443662689915359;0.0342417684119279;0.0011724987039761034;0.05114156631869951;-2.368379288692599;0.360622950912601;1
0.028812947460747505;2.512818560569959;0.0008301859413757961;0.015040277352911108;0.01945057633205592;2.629845513046277;0.000378324919649134;0.010961558070766042;0.02904432273581303;2.2158714021528234;0.019628836545324803;0.07443662689915359;0.0342417684119279;0.0011724987039761034;0.05114156631869951;-2.368379288692599;0.360622950912601;1
0.028812947460747505;2.512818560569959;0.0008301859413757961;0.015040277352911108;0.01945057633205592;2.629845513046277;0.000378324919649134;0.010961558070766042;0.02904432273581303;2.2158714021528234;0.019628836545324803;0.07443662689915359;0.0342417684119279;0.0011724987039761034;0.05114156631869951;-2.368379288692599;0.360622950912601;0
0.08714713734605738;2.5917951375300015;0.007594623547612587;0.039767513000917604;0.045387780350081494;-1.1329471414740766;0.0020600506051072437;0.05608239012949923;0.03131263899823408;-2.339456313698445;0.049964311206281205;0.0713775874375446;0.051733468294420014;0.0026763517417697606;0.04949505411951871;0.4331117212628091;0.5652082699248464;1
0.08714713734605738;2.5917951375300015;0.007594623547612587;0.039767513000917604;0.045387780350081494;-1.1329471414740766;0.0020600506051072437;0.05608239012949923;0.03131263899823408;-2.339456313698445;0.049964311206281205;0.0713775874375446;0.051733468294420014;0.0026763517417697606;0.04949505411951871;0.4331117212628091;0.5652082699248464;1
0.08714713734605738;2.5917951375300015;0.007594623547612587;0.039767513000917604;0.045387780350081494;-1.1329471414740766;0.0020600506051072437;0.05608239012949923;0.03131263899823408;-2.339456313698445;0.049964311206281205;0.0713775874375446;0.051733468294420014;0.0026763517417697606;0.04949505411951871;0.4331117212628091;0.5652082699248464;1
0.07377015294253456;4.266646397580622;0.005442035465164939;0.024472315692872303;0.04884681432469757;-2.0834859065075073;0.0023860112696714795;0.07545630671968995;0.026042790300189043;-2.9010561726781705;0.046905271744672204;0.0560823901294993;0.05130719814117;0.002632428581097278;0.0021262634836206745;4.4491824844654415;0.6294175215758724;1
0.11563277067005288;1.9343226509094436;0.013370937652833044;0.0193739165901907;0.0504581839069227;-2.214287641837958;0.0025460283231848327;0.07545630671968995;0.02287926124539721;-2.339505391742295;0.0367084735393087;0.0530233506678903;0.06668355532503432;0.0044466965507869135;0.1086136696752179;-3.1197362465498384;0.6349344931920489;1
0.11702708531358313;1.6173967257565316;0.013695338696992665;0.0458855919241358;0.045709643060452575;4.015432914110832;0.0020893714687139804;0.01325583766697247;0.02070853987904293;-1.4543278597665825;0.031100234526358704;0.046905271744672204;0.06435687580317263;0.004141807463144988;0.1086136696752179;-2.940367088961395;0.5925668101904482;1
0.07636714323790267;-2.6955813157298305;0.005831940566318344;0.13255837666972578;0.0205130588934157;0.2348223789305166;0.00042078558516474095;0.02549199551340875;0.026446885716892344;0.5787328759018541;0.031100234526358704;0.0622004690527174;0.06115831378847136;0.0037403393454491264;0.09469290492543356;-2.496248150482304;0.5779313499789046;1
0.08130500029088884;-2.121842667801335;0.006610503072301434;0.11930253900275321;0.020033529830109618;2.7988469489114394;0.0004013423174538919;0.014275517487508882;0.029925474705158984;-2.865845627228801;0.052003670847353904;0.0622004690527174;0.06340907564128846;0.004020710873682641;0.1011800197144377;-2.5720349526666104;0.45688071938033253;1
0.06509359964892202;1.5625580589623749;0.004237176715254141;0.0591414295911083;0.022909916051773026;2.445933460333914;0.0005248642534992874;0.014275517487508882;0.030140121073754522;-2.8635350240725708;0.052003670847353904;0.0632201488732537;0.05706350442810344;0.0032562435376161814;0.0501838244951561;1.2715963063658542;0.3318616131892156;1
0.06624152791892297;-0.6396464618487497;0.004387940021033453;0.08157438564290809;0.0222537966606067;0.9141239316343169;0.0004952314658116299;0.01937391659019072;0.030680334117005756;-2.928830843084682;0.052003670847353904;0.0632201488732537;0.058403439806940245;0.0034109617812828927;0.06991371554777626;-0.7817592468550529;0.35828549590738956;1
0.04146976528533235;-2.484091184902926;0.0017197414328205558;0.0591414295911083;0.02612649734948293;-0.3055634991116361;0.0006825938637525387;0.028551034975017986;0.029279196523628453;-2.8378034577068614;0.0458855919241358;0.0632201488732537;0.03835526663107932;0.0014711264783411869;0.0501838244951561;-2.034028601614988;0.21507154325983432;1
0.0521215003184823;-2.36747350248782;0.00271665079544955;0.08157438564290809;0.01884339615843412;-2.771473711062775;0.00035507357878368967;0.03161007443662678;0.022975628818704207;3.9738924637790283;0.009177118384827099;0.0571020699500356;0.04650904715683626;0.0021630914674368187;0.06991371554777626;-2.206328782141192;0.2725951427145684;1
0.051785280711667554;-2.3101151018820842;0.0026817152983862075;0.08004486591210361;0.0161612013917887;2.46752213578662;0.00026118443042595293;0.010196798205363233;0.01944623255985511;3.593801040825807;0.009177118384827099;0.0489446313857448;0.046082610133700734;0.0021236069567346577;0.0677584120311939;-2.066978597053391;0.2707798688431937;1
0.0511168860411386;0.21699569416728673;0.0026129360385427503;0.0499643112062812;0.016730208464968862;-0.5096245769203094;0.00027989987528131575;0.02039359641072691;0.01916618356985331;3.718862283388797;0.007137758743754399;0.0489446313857448;0.042997621283070775;0.001848795436002381;0.039050825661992236;0.41576347620027104;0.3012016908336409;1
0.06787767388444145;-0.7402369136689361;0.004607378611962585;0.07851534618129899;0.011271959706687438;-0.8193886762324697;0.00012705707562918515;0.015295197308045183;0.022323769991219107;2.63589291863639;0.013255837666972498;0.05812174977057201;0.05136269735245838;0.002638126679320235;0.06647878665962956;-0.7144105315146424;0.3912597006799624;1
0.0860591041981524;0.8622665625773228;0.00740616941538845;0.06831854797593559;0.038885781072516376;3.5318469747322445;0.0015121039696196726;0.016314877128581595;0.027902732948281106;-3.0521623058431473;0.0489446313857448;0.05812174977057201;0.05092825196634901;0.0025936868483479314;0.02742796099763732;3.4438664744461014;0.43008167801706715;0
0.0860418859429504;2.451431957696054;0.007403206136619685;0.039767513000917805;0.04407683235760364;2.971084560451793;0.0019427671506802948;0.026511675333945273;0.026982045972713274;-2.8363214623217927;0.0428265524625267;0.05812174977057201;0.05457157403904785;0.0029780566930992817;0.013266040748117422;4.574221534301967;0.4987496144814665;0
0.036091480461921364;0.3977248052481788;0.0013025949619332516;0.030590394616090602;0.04439356181493571;2.999295495485299;0.0019707883306165175;0.026511675333945273;0.027395060479948732;1.797283598982581;0.015295197308045308;0.0734169470786173;0.008201242842488618;6.72603841614708e-05;0.011086766204858697;-1.249758569193445;0.09545768037002315;1
0.025755747813429333;1.4669863700226327;0.00066335854542897;0.020393596410727;0.04255315825063003;1.545719196579262;0.0018107712771031625;0.03211991434689476;0.027432988035809496;2.1432205803990825;0.015295197308045308;0.0734169470786173;0.009881992487821772;9.765377552936594e-05;0.014119158442776142;-1.7825315954598875;0.12119899452808743;0
0.02436159993313827;2.171932924393276;0.0005934875513022825;0.0081574385642908;0.04301792181661974;1.7412936320901373;0.0018505415974208084;0.03211991434689476;0.02631880333593657;2.2387065421928334;0.0050983991026817;0.0734169470786173;0.013896069874833076;0.00019310075796624335;0.018452942471457304;-1.6220655853882608;0.17966747858550947;0
0.027418771350492043;1.442455305473345;0.0007517890223705632;0.0244723156928725;0.0208984616811529;-0.4129713246708799;0.00043674570063861613;0.02549199551340897;0.014010860844146157;-1.614787192980194;0.020393596410727105;0.031610074436626896;0.019936899003125657;0.00039747994186083277;0.018452942471457304;0.5751057735406206;0.24674310337097233;0
0.029445185966437627;-1.7594205649111387;0.0008670189765980954;0.04027735291118591;0.019562843699696634;-0.09263981650991582;0.00038270485361876025;0.024982155603140876;0.012865757353390425;-1.6782833569529056;0.0163148771285817;0.031610074436626896;0.020644158434235994;0.0004261812774578372;0.02686815194853974;-1.4370646333400394;0.24199812275257152;0
0.03190270023645972;-1.6874948032654018;0.001017782282377407;0.04027735291118591;0.020122858752784214;-0.003797603702969591;0.00040492944438450424;0.024982155603140876;0.009272921418896404;-2.1626130051695363;0.014785357397777095;0.0214132762312634;0.021551541618386114;0.0004644689461290288;0.02686815194853974;-1.65406564106571;0.26397028498713;0
0.031396784496760304;-1.5344438349066227;0.0009857580767360082;0.03823799327011321;0.015005239054389658;-2.4804021695571508;0.0002251571990793806;0.024982155603140876;0.011352384452964064;0.9220989998943558;0.008157438564290798;0.030590394616090498;0.020718051079039526;0.0004292376405136909;0.02673163268860948;-1.5179278230786473;0.2416114009207705;0
0.033185448036316345;-1.9587977240683472;0.0011012739613710525;0.049454471296013006;0.018814405239083714;-2.7674661112290377;0.00035398184450046073;0.032119914346895206;0.013727859710243926;1.8583686087932076;0.008157438564290798;0.0367084735393086;0.022204895000510434;0.0004930573619836933;0.02673163268860948;-1.1624954209961231;0.2617601461144891;0
0.0230400260065747;-1.1201077210166328;0.0005308427983836386;0.030590394616090505;0.018601821965520727;-2.76622422348113;0.0003460277804369294;0.03161007443662667;0.017024378359400405;-2.1826258320100798;0.0260018354236769;0.0397675130009177;0.01785531360674182;0.0003188122239950996;0.02745893028602185;-2.381894731434842;0.23753076091059042;0
0.01752247900046084;-0.320775568572967;0.0003070372703215911;0.020393596410726997;0.01641019367740492;-2.224519610620027;0.00026929445652994037;0.02549199551340886;0.02262908230975034;-0.4704372697058143;0.022432956051799804;0.0591414295911084;0.02271640553023333;0.0005160350802140154;0.01488637270095388;1.0904808501814074;0.36968868044503433;0
0.017886590852732743;-1.389029216426355;0.00031993013233306265;0.0244723156928724;0.017433244950735918;0.5136243524495008;0.0003039180295123594;0.01835423676965442;0.0225554467032898;2.4340368872409144;0.013255837666972595;0.0591414295911084;0.02223482079848996;0.0004943872559409618;0.007819219708927634;1.6506733796529893;0.37910271462579936;0
0.017886590852732743;-1.389029216426361;0.00031993013233306265;0.0244723156928724;0.017468993269105407;-0.724330975798793;0.00030516572583605005;0.01937391659019061;0.010058199486617937;-0.7681501253287853;0.013255837666972595;0.0234526358723361;0.01346213260638147;0.00018122901431179912;0.0009052991528016169;4.029907013204951;0.26079872567676327;0
0.016832440113407926;2.217894116650078;0.0002833310401714642;0.011216478025899899;0.016714664274615446;0.9559556280643436;0.0002793800018131059;0.01325583766697247;0.010587007119337195;-0.9752296305625935;0.014275517487508896;0.024982155603140703;0.013780231105525611;0.00018989476932169562;0.0033400840274608948;4.144973742292301;0.2634330334769536;0
0.01905737665282604;-2.728095756360791;0.0003631836048876791;0.0295707147955541;0.015921378806388695;1.2398071012630727;0.0002534903030965231;0.01325583766697247;0.02013577209477472;0.9660186378159518;0.0158050372183135;0.0530233506678903;0.019172955815420518;0.00036760223470006745;0.0033400840274608948;1.9451358807272736;0.34139416514046916;0
0.017787495404054863;-1.7265540723234498;0.0003163949927492729;0.0234526358723361;0.015901775213311178;1.4551592797783464;0.00025286645493467774;0.01223615784643628;0.016043358566960323;1.3920425420575526;0.009177118384827203;0.0438462322830631;0.011220199106301914;0.00012589286798505827;0.004077222286848287;4.400339227167343;0.17936017635992738;0
0.015072647597730693;-1.529368640994124;0.00022718470560537682;0.020393596410726997;0.009389916943588341;-2.7162691349234502;8.81705402074874e-05;0.016314877128581706;0.012496799184136632;-1.2385610796760425;0.017844396859386102;0.029570714795554204;0.011702243461278225;0.00013694250202702897;0.016371603070292333;-1.9779246090873468;0.17639430408470916;0
0.013969985682311151;-1.1585241414805363;0.00019516049996397855;0.018354236769654298;0.01154536951542219;0.8391845814238211;0.00013329555724764003;0.008157438564290853;0.010569806446532068;-0.03442790819038777;0.010196798205363504;0.0280411950647496;0.010118110285321566;0.00010237615574593007;0.014845719817985152;-2.1523930961767532;0.14481564265446456;0
0.011074211084743133;0.350466613715426;0.0001226381511494477;0.009177118384827201;0.011436789960485343;1.9497600097057948;0.00013080016460025834;0.0040787192821454266;0.007437374336213034;1.2194018881774795;0.004078719282145399;0.020393596410727;0.007966924493348007;6.347188588270839e-05;0.0020741193114494905;2.215151707682478;0.10952925329289312;0
0.016663265567350115;2.4173920533068802;0.0002776644193680359;0.009177118384827201;0.01260449649463644;-1.3520651160877908;0.0001588733318833023;0.014275517487508882;0.012354547756387021;3.153709657055733;0.004078719282145399;0.032629754257163295;0.012909980034906877;0.00016666758450169418;0.0020741193114494905;2.4510251902855664;0.17104304908138293;0
0.017060983407990067;0.528565829353416;0.00029107715484771234;0.0152951973080452;0.017265440818828644;0.5208433068453336;0.0002980954466684743;0.014275517487508882;0.018126224976681087;-1.0960082518803642;0.02243295605179979;0.041806872641990386;0.016588446607394478;0.0002751765608463774;0.02297106890860863;-1.3043739323573398;0.1944530548194266;0
0.016489203251551163;-2.95009212917827;0.0002718938238709655;0.0311002345263585;0.020278557970175734;-2.2513677097434694;0.00041121991334977775;0.033649434077699714;0.024198873415627688;-2.056779112698331;0.03772815335984499;0.05659223003976749;0.023112832334019482;0.0005342030185004964;0.036332438016299734;-1.784391847968654;0.24200871608737326;0
0.01904919108011565;-0.6398977635692743;0.00036287168080675766;0.0193739165901907;0.015237305893764156;-0.6562856665548485;0.00023217549090013987;0.01937391659019083;0.026769265745871913;-0.604344248624764;0.0300805547058223;0.0693382277964719;0.027968509386908542;0.0007822375173255913;0.030035201986145968;-0.46913164829959325;0.2539295230792914;0
0.019740748510786353;-0.24445481560639473;0.0003896971517661136;0.018354236769654402;0.008427022947443389;1.465350737102155;7.101471575673744e-05;0.008157438564290742;0.01756396640945775;0.09368600612182713;0.014785357397777102;0.046905271744672114;0.019920789068692494;0.0003968378371193384;0.024951874686199416;-1.2215184574515199;0.16275198965985638;0
0.020106059009060928;-0.5735160100119311;0.00040425360887584013;0.020393596410727;0.003648117430406357;0.14770507812294772;1.330876078603468e-05;0.0040787192821454266;0.013294998277154245;0.07008001729547549;0.014785357397777102;0.032629754257163204;0.015947246436481547;0.00025431466890587335;0.024693630789041465;-1.7524045041916014;0.12745195928440636;0
0.01715972996264932;-0.5497701809887658;0.0002944563323910448;0.020393596410727;0.008965067662010022;2.632123294434217;8.037243818441784e-05;0.005098399102681617;0.011617192102478571;2.0015985538403043;0.0025491995513408916;0.032629754257163204;0.013400918198479574;0.00017958460856234103;0.008942326231359238;0.7313907042454986;0.10442911537607319;0
0.01814915506172088;-2.6757154882203937;0.0003293918294543886;0.030590394616090498;0.012542476289739923;1.6276517810611573;0.00015731371147868816;0.006118078923217918;0.012013195860118649;1.9128657327138814;0.006118078923218098;0.032629754257163204;0.013401486552534337;0.00017959984181775866;0.008942326231359238;0.7296722621560802;0.10443572610492112;0
0.018206353927330055;-2.6511431670570302;0.00033147132332720655;0.030590394616090498;0.012509273117554072;1.9999999999999598;0.00015648191392956097;0.0040787192821453155;0.0059018236477973;-1.2078413906477188;0.008157438564290798;0.014275517487508896;0.009460613816196128;8.950321377920106e-05;0.009172610728443234;-0.49558821764409683;0.0772561995409652;0
0.017901117445602955;0.7349218695005829;0.0003204500058012705;0.014275517487508903;0.013462090885746441;-0.4866379706186675;0.0001812278910160974;0.013255837666972692;0.013006414823222748;2.5648806688128176;0.008157438564290798;0.0336494340776996;0.014686231279784797;0.00021568538920332942;0.015751304557682227;1.1315887107116491;0.12922055046796216;0
0.018920488106960603;-1.1141684302439134;0.0003579848702056376;0.023452635872336102;0.015027742165343558;-2.4143671845588783;0.00022583303458804469;0.02447231569287245;0.019365864813189717;-2.301598507477099;0.028551034975017903;0.0438462322830631;0.019302603018042024;0.000372590483272125;0.03508378336277988;-3.0343164731429546;0.17714645333171522;0
0.024316744904197773;0.5781333226789572;0.0005913040827358283;0.020393596410726997;0.025250204383450606;2.0088499839793115;0.0006375728214060281;0.015295197308045405;0.02588661624306328;-1.2044373799673522;0.0356887937187723;0.062200469052717505;0.017414425030994277;0.00030326219916012003;0.02656205307136375;-2.250185681396674;0.16887004449403625;0
0.039982632663806826;0.07918778504837103;0.0015986109147289123;0.037728153359845;0.02649598330810519;2.8882968325340883;0.000702037131463389;0.016314877128581595;0.021498081617526196;1.2228980376325491;0.012236157846436196;0.05914142959110841;0.019578384600216655;0.00038331314355400064;0.02656205307136375;-1.2948643243429754;0.18756483187382794;0
0.03923846662950171;0.39663473114953973;0.0015396572634345193;0.030590394616090505;0.026800320588966278;2.8870699999899494;0.0007182571836713697;0.016314877128581595;0.015757270335133484;0.9811094837655112;0.012236157846436196;0.0418068726419905;0.018310702918887162;0.00033528184138374283;0.012844714855617459;2.701577369740704;0.18015520168694565;0
0.03436336123954927;0.6135639707378099;0.001180840595679757;0.030590394616090505;0.028660078153472407;2.260983816696047;0.0008214000797631463;0.016314877128581595;0.01919328892008148;-0.48658515688411796;0.02039359641072709;0.0489446313857449;0.017310517194702398;0.0002996540055480873;0.013013054996675516;1.3145587117925703;0.16420992473057336;0
0.053748831269270735;0.23871109329455228;0.0028889368628125358;0.047924951565208505;0.028583791606961954;2.7371958784069768;0.0008170331426302286;0.013255837666972803;0.026556738259173557;-0.4522330359549874;0.02753135515448149;0.0693382277964719;0.015623006737924838;0.0002440783395332449;0.024361240703212356;-2.4585679266016007;0.13742963714868447;0
0.05996462982611835;-0.06767183968315749;0.0035957568301834024;0.0734169470786173;0.011207204375677886;1.5657345072582995;0.00012560142991821356;0.008157438564290964;0.020964279859324992;-0.9642312599608651;0.027531355154481407;0.050983991026817596;0.013487588431179242;0.00018191504168888013;0.0217806061647228;-2.5993839647018007;0.11180143919449291;0
0.03333432991587423;-2.29650913381985;0.001111177550940348;0.0560823901294993;0.011193279494289901;2.409083865635916;0.00012528950583729078;0.00611807892321814;0.013165326213177678;-2.1446088706549418;0.020393596410727008;0.030590394616090505;0.011808015427484803;0.0001394292283357191;0.01831342601859362;-2.20038862022569;0.10051593342133044;0
0.025074588180996112;-2.1353274549202204;0.00062873497244655;0.040787192821454;0.012459302452620329;2.5047318385553425;0.00015523421760587096;0.010196798205363566;0.00908030462359237;0.6869216616213952;0.008157438564290798;0.023452635872336106;0.009183543060905845;8.43374631515119e-05;0.013164768912395333;-2.2052102886584692;0.07671276631115684;0
0.030683722898605225;-0.49513906823232173;0.0009414908509183906;0.040787192821454;0.004750000896849965;0.07581388434540177;2.2562508520075473e-05;0.005098399102681839;0.012341917443570945;2.4100222483740423;0.008157438564290798;0.0316100744366269;0.011939469932971163;0.00014255094228032242;0.013164768912395333;-0.3445604864729586;0.10115246234458815;0
0.030798719617639518;-1.2839402656736827;0.0009485611300859734;0.0438462322830631;0.004479633452939391;-0.29074606029859257;2.006711587269369e-05;0.005098399102681839;0.018920488106960426;-0.9963372626977277;0.021413276231263406;0.0469052717446722;0.017118490728697495;0.0002930427248285021;0.015707045662318564;-0.12370591171861516;0.15606575297188344;0
0.019738114830765183;-1.752052295696463;0.00038959317707247244;0.028551034975017903;0.00676379074203193;0.5356404958674368;4.574886520199685e-05;0.005098399102681839;0.01646396144072972;-2.5719945812922043;0.027531355154481504;0.0367084735393087;0.014396223589496304;0.00020725125363876986;0.026709034488500275;-2.9024068927399838;0.1425093733790081;0
0.01369183598479601;-2.4341110166881705;0.0001874663726345549;0.021413276231263403;0.004582890803353484;0.09851975296470054;2.1002888115461937e-05;0.0040787192821452045;0.014402413471831762;-1.5592741251714746;0.019373916590190693;0.0356887937187723;0.012388498860662275;0.0001534749040206305;0.01981256430666642;-2.2898050975887876;0.12487464872881168;0
0.011507596151603555;-2.964516279794935;0.00013242476918840095;0.019628836545324803;0.004831388902001357;-0.7539397126009048;2.3342318722381882e-05;0.00560823901294949;0.014240879184466825;-1.6187355190211836;0.019373916590190693;0.035178953808504096;0.012455693043364394;0.00015514428919051614;0.01981256430666642;-2.252095354577063;0.12549649983921385;0
0.020295855304269778;2.6513486875071415;0.00041192174253185565;0.0050983991026817;0.0078107074899652264;-0.979017716367982;6.1007151493798884e-05;0.009686958295095138;0.019916411731033454;-1.6634272006960558;0.0270215152442133;0.04894463138574488;0.018709416369356257;0.0003500422608819358;0.026928239919800118;-1.5418537239783323;0.17798534995910312;0
0.021363448170572813;-3.129596051607891;0.0004563969177367509;0.0359437136739063;0.014245441667903173;-0.11494202332171237;0.00020293260831363193;0.016314877128581262;0.015514554965537674;0.9754407120437764;0.013255837666972609;0.040787192821454085;0.01681101282321785;0.00028261015214239507;0.0182132278842613;0.29670898932007006;0.14864526148238957;0
0.02031377772319418;-2.8958247876527548;0.0004126495653873401;0.0359437136739063;0.015178337439747178;-0.3295113632467637;0.00023038192743483093;0.016314877128581262;0.010209536246813658;-1.186080932345675;0.013255837666972609;0.02549199551340879;0.011772721901905613;0.00013859698097960812;0.0182132278842613;-2.2390203386967293;0.10145460069761426;0
0.017081539275773387;-1.7992914221720209;0.0002917789840297888;0.024982155603140502;0.015178337439747178;-0.3295113632467637;0.00023038192743483093;0.016314877128581262;0.009508206777345625;1.1309418506127678;0.006627918833486304;0.02549199551340879;0.01082627156704334;0.00011720815604337103;0.011097552271127603;0.3373570676729922;0.09116206424635981;0
0.0204394304971825;-0.34430668946251924;0.0004177703190491541;0.024982155603140502;0.014979231918795763;-0.21340056526097348;0.00022437738887706976;0.014785357397776977;0.011090629494180437;-2.4643494875920893;0.01631487712858161;0.02549199551340879;0.01210383058493597;0.00014650271482883145;0.01904862451166915;-2.515565375905755;0.10330294379481893;0
0.02478472291615268;-0.819527840337282;0.0006142824900304639;0.0295707147955541;0.01577375801395099;3.553750325900012;0.000248811441882683;0.008157438564290853;0.00925046879171319;-3.2528210071315757;0.01631487712858161;0.01835423676965431;0.009791315533566396;9.586985987785861e-05;0.014431430200267187;-2.1064582043020863;0.08641826391473394;0
0.0233237131934264;0.5052534859561462;0.0005439955971292126;0.016314877128581498;0.004421226346217722;-3.021163422362823;1.9547242404489715e-05;0.008157438564290853;0.010733310791834814;-2.8323547811114995;0.01733455694911791;0.022432956051799804;0.009666541376496904;9.344202218352664e-05;0.014431430200267187;-2.179216726391451;0.08537695282732796;0
0.024725921592703457;1.1177287241412148;0.000611371198608519;0.020393596410727105;0.004326135094441988;-1.7500000000001623;1.8715444855362592e-05;0.006118078923218251;0.011679674569818357;-2.9727635789203983;0.020393596410727105;0.0249821556031406;0.010501864580985086;0.00011028915967734905;0.014464600211768014;-1.7287872288161903;0.08809321376228499;0
0.02625155746716594;-1.5529019732686902;0.0006891442694519158;0.037728153359845;0.0074233811453864535;0.6169455322177259;5.51065876296791e-05;0.006118078923218251;0.01193722403387215;-2.957986876570654;0.020393596410727105;0.0249821556031406;0.011580883488663396;0.00013411686237799648;0.01767041277671541;-2.0818130769798984;0.09938719222000628;0
0.017355537660288776;-0.7129642284125298;0.00030121468747770194;0.020393596410727105;0.011834437558849095;-1.3168089444001108;0.00014005391233429815;0.016314877128581706;0.010934847858431091;-2.5642485822448307;0.017334556949117993;0.0249821556031406;0.010390891811167417;0.00010797063263138608;0.014464600211768014;-1.6652316322914313;0.08802139055097462;0
0.014413689143700656;-0.041733193539984136;0.00020775443473123416;0.014530437442643002;0.01035866226099744;-1.6152206429150933;0.00010730188383741261;0.013765677577240565;0.014327317924878711;-0.6952055197040785;0.017334556949117993;0.03568879371877229;0.015240889890035554;0.00023228472464018797;0.01767041277671541;-0.6360300290121105;0.13304348800158733;0
0.014416393992655197;0.0338853954917416;0.00020783241575146486;0.014530437442643002;0.00781902294796801;1.0159286929054474;6.113711986085034e-05;0.008157438564290742;0.022796743462403724;0.5532481309183469;0.0188640766799225;0.06067094932191289;0.023125965088840766;0.0005348102612902819;0.020916977301404155;0.1831537346525375;0.2231151874706633;0
0.01182345024094902;-1.0798300318468712;0.00013979397560019745;0.014530437442643002;0.00781902294796801;1.0159286929054474;6.113711986085034e-05;0.008157438564290742;0.017332307509445484;0.2909339160066035;0.0178443968593862;0.0438462322830631;0.016747090956860472;0.00028046505551735783;0.014665483793729284;0.40287522075945387;0.17486213550469193;0
0.01263127734601568;-0.48610424319202156;0.00015954916739196892;0.0137656775772407;0.009773778684960072;-3.118756073858199;9.552674978257983e-05;0.018354236769654197;0.01704192808963981;-0.31439049890832865;0.0178443968593862;0.0438462322830631;0.016000933729897745;0.0002560298802285794;0.010335881551333956;0.9092480990794284;0.17611859263574026;0
0.014205241521480255;-1.4826533781762887;0.0002017888866835867;0.0209034363209952;0.01365666894664906;-0.4891306195292285;0.00018650460671836873;0.014275517487508882;0.010700566871528091;-2.3779576660059747;0.014785357397777102;0.0249821556031406;0.009979446599152212;9.958935442533064e-05;0.016494243190892127;-2.225220918390567;0.11981480708843827;0
0.01314754456839775;-1.1356097009630624;0.00017285792817800516;0.0168247170388498;0.014368081090528822;-0.07909871118616134;0.00020644175422401188;0.016314877128581484;0.011823450240948883;-1.8511839967228358;0.014785357397777102;0.02855103497501779;0.011198248600639093;0.0001254007717217154;0.016494243190892127;-1.9898480860585803;0.13304975433218924;0
0.02111377510028415;-0.12657821146229628;0.0004457914989853789;0.0209034363209952;0.008845391849136937;-3.3297976843522297;7.824095696477817e-05;0.016314877128581484;0.009896674260059801;-2.7900599415968688;0.016314877128581692;0.021413276231263392;0.008615984216129923;7.423518401259997e-05;0.0099341914598354;-1.1774893096362458;0.0973171366129165;0
0.028672772844959244;-0.9607646587298208;0.0008221279026186322;0.0316100744366269;0.011202564671742285;-2.110907685010581;0.00012549745522456832;0.016314877128581484;0.012270100097066361;-2.7677631177266964;0.021413276231263392;0.02651167533394519;0.014960526349771583;0.00022381734866220988;0.014712265723152748;0.3350931228472736;0.1608409275232686;0
0.027900869722814234;-0.24861275505299574;0.000778458531289452;0.0265116753339451;0.0111140422909665;-1.941800687855018;0.00012352193604539188;0.016314877128581484;0.013343300417188429;0.9574113544374091;0.010196798205363497;0.03594371367390639;0.016342654569175875;0.00026708235836740506;0.022242532296745957;-0.9761271201509286;0.16444472911871508;0
0.027175949825743798;0.4721414902438023;0.0007385322489313444;0.0224329560517997;0.010451096386014581;1.0327588163747758;0.00010922541566976705;0.010706638115631328;0.008432419202913806;-2.1056203995103075;0.013255837666972609;0.0196288365453247;0.010529590529000285;0.00011087227670841251;0.017119787900660682;-2.4889085138911233;0.09896141953781604;0
0.02852006361060218;-0.8229768336193809;0.0008133940283527948;0.0326297542571631;0.0051993673025314355;-3.1104844674562995;2.7033420346633017e-05;0.009177118384827043;0.009353165659930935;0.23333379160393974;0.009432038339961202;0.02345263587233601;0.009676625313697023;9.363707746168199e-05;0.003291458110410206;4.524678322743131;0.08820932285159701;0
0.02074240300172722;0.6515675600638412;0.0004302472822860624;0.016314877128581703;0.00776230216913144;-0.9677014712482794;6.0253334964902665e-05;0.010706638115631328;0.0052602533537065505;-1.2789000931836416;0.006372998878352201;0.013255837666972511;0.0019647869670278858;3.860387825802638e-06;0.003291458110410206;-2.8845170853731354;0.017327430829414556;0
0.015082991403773309;-0.09635405353214092;0.00022749662968629954;0.0163148771285816;0.0071231769946253735;-0.16691056671585494;5.073965049676017e-05;0.007647598654022314;0.003947557119210044;-0.5283072299898931;0.004333639237279502;0.010196798205363511;0.002994935002181653;8.969635667292819e-06;0.0031664790585117786;0.1623947696082825;0.02679170857110522;0
0.016854045894886843;-0.9655747509659278;0.0002840588630269521;0.0224329560517998;0.013070211232111174;1.3485603913983983;0.00017083042165200508;0.008157438564290631;0.008753819121580141;2.067073047296359;0.005098399102681811;0.02345263587233601;0.004543116367340123;2.0639906327193718e-05;0.0042389568329887495;0.20724012131218691;0.04155897659531835;0
0.021271997243447003;-1.0887320231429953;0.00045249786672521693;0.0244723156928725;0.014103318366081403;-1.1979634760268034;0.000198903588935049;0.017334556949117785;0.01266621302078534;-1.3608716890391257;0.015295197308045197;0.0316100744366269;0.006096186166814854;3.716348578046479e-05;0.008555258401881677;-1.7247520962407303;0.05704803778145474;0
0.01380150856791162;2.4770754276067435;0.00019048163875013782;0.007137758743754399;0.0189479449318928;-1.877919778140272;0.000359024617142042;0.027531355154481463;0.016368957984936268;-0.6407582433074227;0.021413276231263392;0.03976751300091769;0.011065817415972743;0.00012245231508364567;0.008044815070849587;2.120555410814488;0.1101048568347274;0
0.014366271850316492;3.2791147713497772;0.00020638976687719604;0.007137758743754399;0.02009053908470328;-2.525878614251807;0.00040362976071399014;0.033139594167431397;0.01532236464261183;-0.1779285304629082;0.016314877128581692;0.03976751300091769;0.010124948725825825;0.000102514586700602;0.013221821854083798;-1.466214425698368;0.10530683245069969;0
0.012641562566631973;2.831382396205605;0.00015980910412607076;0.007137758743754399;0.020032232279680408;-2.4716880888145205;0.0004012903301070698;0.033139594167431397;0.00982285679925953;-0.9453032104693536;0.012236157846436196;0.02447231569287249;0.012095227456507165;0.0001462945272246448;0.01683602986009787;-1.4360272169035018;0.1354562396336568;0
0.024292146339073322;-0.16022401175981335;0.0005901083737589534;0.0275313551544815;0.015064022333735204;-0.8510724562377577;0.000226924768871273;0.017844396859386213;0.007049815852939135;-2.2040055321128427;0.011216478025899895;0.016314877128581595;0.00976951716854939;9.544346570658129e-05;0.007499849263408215;0.46252002289796107;0.11473548585331068;0
0.021719419537565548;-0.9355945644996014;0.0004717331850487841;0.0265116753339452;0.009713754911419186;-2.3250475263529276;9.435703447912036e-05;0.014785357397777199;0.006850662547678347;-2.190336061265859;0.011216478025899895;0.0155501172631793;0.005857962668931288;3.431572663059258e-05;0.002173040586607111;1.978403689978536;0.07136465100122574;0
0.019713077321485892;1.0301025715559196;0.0003886054174828814;0.0142755174875089;0.010388731010054079;-1.8311420796579476;0.00010792573199925924;0.014785357397777199;0.006207706567699488;-1.4726815659822161;0.007392678698888502;0.015295197308045294;0.006538819505498671;4.275616052548988e-05;0.00674333774990131;0.9920835850831496;0.07849444469334335;0
0.014094099907441732;-2.4436092337138526;0.00019864365220094904;0.0239624757826041;0.018308506642038584;1.9448235134741552;0.00033520141546157094;0.006372998878352298;0.006276417135053769;3.131318942212521;0.004078719282145399;0.015295197308045294;0.007056078431293441;4.978824282856451e-05;0.00674333774990131;0.5560178731440644;0.0842848321022067;0
0.011937224033872405;0.4076629813789137;0.00014249731763486096;0.010706638115631599;0.020275032629961907;1.3754887562304958;0.00041107694814602005;0.01835423676965431;0.0019778897462289216;-2.9601770565231154;0.003823799327011393;0.004078719282145399;0.003761774692865696;1.4150948839884802e-05;0.0045702971632941986;-0.9809607768836403;0.043601735427857315;0
0.014822230859868299;-0.6200611946663758;0.00021969852766323211;0.0173345569491179;0.0204473773371252;2.716213536730386;0.00041809523996678115;0.015040277352911025;0.005946796841545135;3.5646369230842367;0.003823799327011393;0.014275517487508896;0.006329378193955803;4.0061028322123226e-05;0.0045702971632941986;1.8094686720431241;0.07458371695151196;0
0.010181491519418195;-0.42739049651358724;0.00010366276955998462;0.013255837666972602;0.020452143958943722;3.471016672774413;0.00041829019251735816;0.011216478025899423;0.008080600695894226;2.1895411578020103;0.0020393596410726994;0.022432956051799693;0.00794102383769486;6.305985959083801e-05;0.005515656316503831;1.6253988036272442;0.09101424297459572;0
0.0059194148154178726;0.7922056190615123;3.503947175698861e-05;0.006118078923218102;0.01989551855797992;-1.4727981282872034;0.00039583165869092334;0.02549199551340886;0.008028966935874071;2.0000000000430553;0.0020393596410726994;0.022432956051799693;0.007910414194123746;6.257465272259444e-05;0.005515656316503831;1.2502351058336447;0.09104188688399019;0
0.007582743934976554;-3.2138687875401613;5.749800558342371e-05;0.013255837666972602;0.014007149849287161;2.4196936111274034;0.00019620024690038533;0.011216478025899423;0.012620983743665354;-0.5837520195818277;0.012236157846436196;0.032629754257163295;0.012156768769372224;0.00014778702691198384;0.011995135658652109;-0.47347543613769244;0.14916366296769853;0
0.03140382093287345;4.167437473756692;0.0009861999691839806;0.014275517487508903;0.01614832906685355;1.2553799134636172;0.0002607685316513873;0.012236157846435836;0.01313765547743969;-1.112207867624176;0.016314877128581595;0.032629754257163295;0.012769008240567677;0.00016304757144768525;0.0159879527166554;-1.0611479773582768;0.1548263119948092;0
0.03061927191427054;0.1465516400576483;0.0009375398125600369;0.037728153359844904;0.021016291266219175;-2.5547848372647395;0.0004416844985865604;0.034669113898235904;0.016096736829343226;-1.729399246128801;0.022432956051799798;0.0387478331803814;0.015625058898635743;0.00024414246558583603;0.02629276842894046;-2.9536755164494313;0.1954488918859747;0
0.03488288749056627;-2.534715977251848;0.0012168158396795047;0.058121749770571995;0.021016291266219175;-2.554784837264742;0.0004416844985865604;0.034669113898235904;0.011038946550606235;2.2164061316874446;0.007137758743754503;0.028551034975017903;0.013730727640825167;0.00018853288154652026;0.02245691547330249;-3.130300659835487;0.1757204491279054;0
0.026875866436700487;-0.7141535899253965;0.0007223121967233637;0.033649434077699596;0.024546554740921187;-2.54689674014595;0.0006025333496490404;0.03976751300091752;0.008591974888524962;0.8127355683174736;0.007137758743754503;0.022432956051799804;0.01482953835258705;0.00021991520775085024;0.02629276842894046;-3.146350953763625;0.18701810414831405;0
0.01861579044534867;-2.54034674395049;0.0003465476539051349;0.031610074436626896;0.022356349262163264;-1.0287174384108084;0.0004998063523318279;0.027531355154481685;0.008753819121580459;-0.9154241129246744;0.010196798205363504;0.022432956051799804;0.012937643864203105;0.00016738262875695226;0.016841865526787625;-0.7661374960539516;0.15936032643600867;0
0.01694939758604475;-0.10767773153241815;0.0002872820785298195;0.0193739165901907;0.017990920524090376;-2.3162692248674985;0.0003236732213041364;0.027531355154481685;0.009549125945502793;-1.4697534484070474;0.013255837666972609;0.022432956051799804;0.012390866948909741;0.0001535335837455838;0.016526745338893645;-1.729181697133922;0.16068593998300754;0
0.023622704772543173;0.33569430310270576;0.0005580321807707341;0.0193739165901907;0.016015791245271416;2.786612223383443;0.00025650556921211253;0.008157438564291297;0.011549871511894912;-0.9640001239238151;0.013255837666972609;0.029570714795554204;0.01731060307933128;0.00029965697897015356;0.016526745338893645;0.5809766988619481;0.23301780840783518;0
0.0381869752443642;2.098311838103965;0.0014582450783136845;0.0193739165901907;0.015379935891708298;3.0255766211809743;0.00023654242803305715;0.0020393596410728243;0.017504668581831157;-1.1287329404718065;0.022432956051799707;0.0438462322830631;0.022648330394441574;0.000512946869655786;0.022145059991774532;-0.34945962259380653;0.28890065092173695;0
0.03917880041834706;0.2303411444682967;0.0015349784022206717;0.037728153359845;0.0063515495064331365;-1.9580986289721949;4.0342181132671024e-05;0.009177118384827265;0.020566211457903525;-0.7116229119718073;0.023452635872335995;0.05302335066789031;0.021856527642618532;0.000477707800592548;0.010525491452277574;2.105769428988882;0.30119967467199205;0
0.04162867063590854;-0.5291458219556565;0.0017329462189129541;0.052003670847353904;0.007548386060292282;-2.5053945335392833;5.697813211521484e-05;0.01223615784643628;0.0255368220128456;-0.5140065133995826;0.0305903946160906;0.06423982869379;0.032036996116166075;0.0010263691201472403;0.0223864204845238;0.8543030530693633;0.5187014639162036;0
0.04400836986811858;-0.571053438629716;0.0019367366184491275;0.052003670847353904;0.006893216592701271;-0.3966023299130524;4.751643499389212e-05;0.008157438564290853;0.020616705546813774;0.21945764607167226;0.016314877128581703;0.0550627103089629;0.036056414271166674;0.001300065010093992;0.042210475950597556;0.46090097291507465;0.6944503272256559;0
0.07309618017939652;0.9662387258716313;0.005343051556818802;0.052003670847353904;0.023020838679068376;3.927801821819763;0.0005299590134876907;0.008157438564290853;0.01474134015988692;2.4055539021526235;0.003059039461609101;0.040787192821454;0.04265812052580301;0.0018197152467939366;0.08301863173802698;-2.983306139419597;0.675410986001537;0
0.0558985464327693;2.019893911613979;0.0031246474932964657;0.0224329560517997;0.03840417984147345;1.8253105614178224;0.001474881029296236;0.010196798205363233;0.020872325370101755;-0.44692727883794464;0.0244723156928723;0.0479249515652084;0.03600733579801428;0.0012965282312709608;0.051971719633287075;-1.5933668425661516;0.6395779427574084;0
0.04230503990827682;3.5759724750532933;0.0017897164016408944;0.023452635872336;0.04098681647988896;0.5045341950802703;0.0016799191251560973;0.036708473539308284;0.03482322288263786;0.6331601524121938;0.0275313551544814;0.0927908636688079;0.0364517675539836;0.0013287313578096514;0.051971719633287075;-1.9302146671914688;0.632528095341719;1
0.0394828137517843;3.789508388113551;0.0015588925817580873;0.004078719282145399;0.04053788392349187;1.7109905092324122;0.0016433200329945003;0.02651167533394505;0.04756891062140279;-0.6737057693880809;0.04792495156520861;0.1233812582848984;0.03262523319720351;0.0010644058411719097;0.027255676398511702;1.458915165614832;0.44627358900440517;1
0.03668297268625585;4.679073393637052;0.0013456404851005929;0.004078719282145399;0.040514793452626215;2.371892094306118;0.001641448488508964;0.0203935964107268;0.05044272695622448;-0.5260363005279048;0.0611807892321811;0.1233812582848984;0.014948358463832233;0.00022345342076322475;0.02414495326228598;-2.3804574585023084;0.1753926214137341;0
0.01568783286015071;3.0698776962188483;0.00024610809984802436;0.011216478025899802;0.03335927376365682;3.9377790998495974;0.0011128411460386025;0.0030590394616090144;0.0497578677696022;4.078484221649002;0.016314877128581595;0.1233812582848984;0.010711395159591934;0.00011473398626492951;0.01125459997346906;0.14114147401677832;0.131800898473789;0
0.016961661985324002;-2.4022643345947174;0.0002876979773043853;0.0285510349750177;0.008753819121580245;4.5789984332683105;7.662934921334395e-05;0.0030590394616090144;0.01872438695811244;0.01684375831012967;0.016314877128581595;0.0489446313857449;0.01824249686298804;0.00033278869179612845;0.01436532310969478;0.798134521011909;0.2387691438924064;0
0.01562141497993077;-1.2306330194527142;0.00024402860597520545;0.0193739165901906;0.0013294998277151163;2.6643598615671835;1.7675697918945238e-06;0.0010196798205364122;0.022101427798334;-2.6590293850760234;0.0336494340776996;0.0489446313857449;0.021756683728135374;0.0004733532868461106;0.03403118624081938;-2.639515284242975;0.300220290358314;0
0.01691869769200374;1.5085309965917493;0.0002862423315934126;0.0081574385642908;0.009657396139534171;4.65464592118645;9.326530019588952e-05;0.0030590394616090144;0.02609264827419106;-1.3691194091730747;0.034669113898236;0.0611807892321811;0.01790603971268996;0.00032062625819242996;0.03141524693217615;-3.2301585843899754;0.2820224309571447;0
0.012312396327622068;-0.7861550012390867;0.0001515951033284414;0.0163148771285816;0.03169219999575818;3.05948523076529;0.0010043955405711347;0.022432956051799624;0.02293713037463449;1.3728421003293174;0.015295197308045301;0.0611807892321811;0.019081466028788924;0.0003641023458078258;0.03403118624081938;-3.277008008408448;0.2964697923471299;0
0.014239053781756938;-1.2911242603691047;0.00020275065259976657;0.0183542367696543;0.037440443636082524;1.6623813372749652;0.0014017868196666723;0.022432956051799624;0.011617192102478862;-1.5676593538527588;0.0158050372183134;0.027531355154481497;0.01729688072773419;0.0002991820829094624;0.003593740112994244;4.127875272634259;0.30936841170546386;0
0.022472318238532418;-0.5337596584133012;0.0005050050870138768;0.0275313551544815;0.040605796282765644;0.8548023660803103;0.0016488306917574642;0.04384623228306317;0.012062859683775237;0.20579812036285716;0.012236157846436196;0.0305903946160906;0.017836735903230757;0.00031814914768160115;0.020622203810800863;-0.8813657550935888;0.29557101668823016;0
0.021655896556534045;-0.07710144017411717;0.00046897785566730316;0.022942795962067903;0.04301187887029142;0.6913604007865608;0.0018500217239526212;0.04435607219333171;0.009973855229596033;-1.4620602080021097;0.0137656775772408;0.023962475782604298;0.022110613360354057;0.0004888792231710672;0.02885082016081611;-1.351583597585292;0.391360004732008;0
0.027522856510922216;0.8957302310485803;0.0007575076305208133;0.0224329560517997;0.042036292872078745;4.300917836537242;0.0017670499184271786;0.015805037218313833;0.012599339804777702;-1.386003691767461;0.015295197308045298;0.0311002345263588;0.023184156550802765;0.0005375051149721307;0.02982894814132339;-1.7497189275678704;0.427367738931381;0
0.03406859998757538;1.1485617173172322;0.0011606695051134212;0.0280411950647496;0.009608825524127475;-2.9519579757115277;9.232952795312365e-05;0.015805037218313833;0.014124497988370783;-2.004575114857554;0.0224329560517998;0.0321199143468951;0.014883784838185414;0.00022152705110939803;0.006896780797173138;2.4102119653047773;0.3191687054028906;0
0.036280044659201066;-1.5416251848075848;0.0013162416404736237;0.049454471296013;0.007824007980637787;-3.037121181385226;6.121510088108379e-05;0.015295197308045294;0.017377240977974665;-2.9092166630840564;0.0311002345263588;0.0372183134495768;0.014738496014409743;0.00021722326476677185;0.006896780797173138;2.3208150894355604;0.31284235451128817;0
0.0320173780669044;-1.5787246123624545;0.0010251124982790908;0.044356072193331195;0.007400585779203386;-2.8503604839231595;5.4768669875347387e-05;0.01325583766697247;0.02955884545001606;-0.4051520166593103;0.0361986336290405;0.0713775874375445;0.007878996627078146;6.207858784950879e-05;0.006896780797173138;0.9911302869925448;0.18212626126439818;0
0.04523575972833688;-1.9046102361990194;0.0020462739581998245;0.0657693484245946;0.006767632713794198;-3.1434135443526094;4.5800852548817427e-05;0.01325583766697247;0.029661993486435435;-0.622423327896802;0.0361986336290405;0.0713775874375445;0.012288033866661477;0.00015099577630821944;0.007205814505217047;3.089143256069027;0.2385249984663001;0
0.05043241969055032;-2.9568628198428777;0.0025434289558438072;0.09075150402773521;0.007349479801077715;-2.925459532513269;5.401485334644934e-05;0.01325583766697247;0.025406198025732605;1.7941092816404662;0.0076475986540226;0.0713775874375445;0.01233572443064823;0.0001521700972288916;0.01936695264974196;-2.5594403890442856;0.2172949224607126;1
0.04373641990673839;0.5008955148473279;0.0019128744262585423;0.05098399102681761;0.012371368115103936;0.043682826714720825;0.0001530507490394103;0.015295197308045294;0.018106137331020573;3.9731567476996568;0.0076475986540226;0.0448659121035994;0.019767475540167972;0.00039075308923113906;0.022892583727894336;-0.22395999468037905;0.3822384591147937;0
0.04942345068594232;-2.8477399672431236;0.002442677477705772;0.09075150402773521;0.012434241812190385;0.019342709670856568;0.00015461036944402362;0.015295197308045294;0.02416662686807917;-3.1010679354738575;0.0418068726419903;0.0499643112062812;0.01961226104289315;0.0003846407832145843;0.021008896282620274;0.17164655340713134;0.3764944032582291;0
0.046490019968951225;-3.000973671868641;0.0021613219567134835;0.09075150402773521;0.011921971573825966;0.29131118126142636;0.00014213340620711438;0.012236157846436058;0.020309298601218946;2.388699078971501;0.016314877128581498;0.0499643112062812;0.021809661071855266;0.000475661316069199;0.03650853140552411;-2.5522753744717703;0.4550560149470376;0
0.04569485526508042;0.4225135396471818;0.002088019797696648;0.040787192821453905;0.012748036953222651;-3.001278362517054;0.00016251244616073023;0.025491995513408527;0.01993467529445972;2.193230631220698;0.016314877128581498;0.0499643112062812;0.01752922292541775;0.0003072736563689913;0.020402067907984243;-0.8829762495323644;0.4010182312628743;0
0.027261898505885306;1.0041716767219466;0.0007432111101451915;0.026001835423676997;0.01284553770023318;-3.0588917754486595;0.00016500783880811192;0.025491995513408527;0.01857385349087602;0.9435464620066405;0.014275517487508799;0.0499643112062812;0.013520731691530454;0.00018281018547435595;0.020402067907984243;-2.040030471021294;0.32999619477376657;0
0.013234249938629407;-3.001560506515751;0.00017514537143811245;0.024982155603140696;0.014769526304476203;-2.483817262979565;0.0002181389072586145;0.025491995513408527;0.020157705790805166;0.8808218503571178;0.014275517487508799;0.0550627103089629;0.008957260709414898;8.023251941642788e-05;0.008437595582895766;1.1574768592472147;0.19908814768472394;1
0.02367216955366919;1.0803091289813764;0.0005603716113776625;0.024982155603140696;0.01221489604436713;0.8510240503101573;0.00014920368537469573;0.009177118384827043;0.02476793678289215;1.7324906636022064;0.014275517487508799;0.0672988681553991;0.009074303579242998;8.234298544826228e-05;0.008437595582895766;1.322181401768874;0.1999442940707567;0
0.04692134003307384;0.22823875172675182;0.002201612150499338;0.056592230039767495;0.034613586852912846;4.2621025564866954;0.001198100394824141;0.015295197308045183;0.04033861618201797;-0.8863191417693711;0.0489446313857448;0.1009483022330987;0.0362779536229097;0.001316089919065987;0.0053482644965737736;4.759411632427645;0.5569320588257715;0
0.04343285469235166;-0.8269614868223473;0.0018864128667269338;0.0499643112062811;0.04148856533100627;2.640519812553818;0.0017213010532251753;0.016314877128581595;0.03799863906235654;-0.04038413125680999;0.034669113898236;0.1009483022330987;0.03618548128514901;0.0013093890558378688;0.0053482644965737736;4.740110169190831;0.5538223057009121;0
0.03376818717609523;1.2931619614095748;0.0011402904651598024;0.0203935964107269;0.04074510931835039;1.9027766798834105;0.0016601639333643236;0.0203935964107268;0.038415007833467435;-0.35389191813443804;0.037728153359845;0.1009483022330987;0.040727414060068474;0.0016587222560202632;0.009431539177977698;3.807695342630884;0.6856224902084442;1
0.025902677430427123;-1.5413968888379894;0.0006709486980647587;0.034669113898235904;0.04515121059525666;1.3139310780132523;0.002038631818217217;0.04588559192413577;0.025650572339806645;1.6404530623431188;0.011216478025899895;0.0713775874375446;0.039686634022379756;0.0015750289200263101;0.011889370462048833;3.1849240655242568;0.6311514529133603;1
0.029106456393489247;-2.040050848696083;0.000847185803786091;0.0458855919241357;0.04752517511762968;1.271193680067756;0.002258642269961367;0.04588559192413577;0.028441573735049304;1.1683903754269405;0.026511675333945103;0.0713775874375446;0.04242407540166213;0.0017998021736859138;0.031834852838004885;2.5706773171016253;0.7203874646356166;0
0.022583088192464688;-2.738346628762047;0.000509995872308638;0.0397675130009176;0.04184043399430642;0.3301257995457488;0.0017506219168319124;0.04588559192413577;0.01596702692449364;-2.9125074181225705;0.026511675333945103;0.034669113898235904;0.022053768875279982;0.0004863687216042681;0.031834852838004885;-1.8310849480688927;0.4567749096768095;0
0.0279194963820242;-2.7942568250465105;0.0007794982782258623;0.043846232283062996;0.0399956330324364;0.6158493583972025;0.0015996506616653182;0.043846232283062725;0.015082991403773503;2.033261031584979;0.0081574385642908;0.040787192821454;0.023569712126594627;0.0005555313297305419;0.032166595116624966;-1.7756620756168975;0.5425872485656872;0
0.03443288299848319;-2.3615364700805634;0.0011856234315872328;0.0499643112062811;0.042623348319759315;4.428989833990305;0.0018167498219875291;0.007137758743754441;0.017813780199386273;0.7852874337168672;0.018354236769654298;0.0448659121035994;0.023204048454191186;0.0005384278646644524;0.04241362229514861;-3.0011508850429807;0.43947831056813375;1
0.07927772894395849;1.926664752149236;0.006284958306511753;0.0683185479759354;0.04171599750057311;2.0565087351452127;0.001740224447467822;0.030590394616090366;0.017813780199386238;1.2057838874957543;0.0142755174875089;0.0469052717446721;0.06230361005104406;0.0038817398253925585;0.04821024952644873;2.5237077975123703;0.8104905726863159;1
0.07342544391876822;1.0142234701745352;0.0053912958146681775;0.0535331905781584;0.04294413977609432;-1.551502892699034;0.0018441991411087262;0.058631589680840146;0.016660145397756856;1.6578016476512591;0.0142755174875089;0.042316712552258495;0.05623194559300151;0.0031620317051742814;0.02695601730478575;2.096740584814114;0.619667118447294;1
0.07283701505420798;1.167781844676444;0.005305230762006919;0.04792495156520849;0.030726897103453707;0.2742528596211393;0.0009441422056062318;0.028551034975017986;0.015412014392111458;2.4564951189069952;0.0040787192821454;0.042316712552258495;0.059799573227180935;0.003575988958152975;0.0522749732274049;1.547682287665051;0.7075006147871071;1
0.06946126746170087;1.2799113908079995;0.0048248676773859425;0.04792495156520849;0.03147905363483214;-1.348985118894139;0.0009909308177446384;0.03976751300091774;0.031581280036603654;1.7038230895707696;0.0178443968593861;0.0856531049250534;0.054051426776221996;0.002921556736545288;0.04048042026974797;2.488778025867879;0.5981357740929855;1
0.06938038923552335;1.2667948279903634;0.004813638410472725;0.04792495156520849;0.03180355042662254;-1.3013089330572913;0.0010114658197387229;0.03976751300091774;0.03203969647666242;0.09482502377574538;0.0295707147955541;0.0856531049250534;0.05356279984724242;0.0028689735274757527;0.04048042026974797;2.423624416922808;0.5847793201625666;1
0.03668899531942184;1.7273439400982618;0.0013460823775485577;0.0209034363209952;0.031964970114316885;-1.2585136492126985;0.0010217593144091718;0.03976751300091774;0.033076785119422095;0.2129095121998894;0.0295707147955541;0.0887121443866625;0.019884602463964632;0.00039539741514990834;0.019666453690723597;-0.07038806090290588;0.28558480158303895;1
0.031109427002269548;3.1225011358635606;0.0009677964484095377;0.0209034363209952;0.02388533324045628;0.5564113317994549;0.0005705091440076458;0.02753135515448135;0.03325313318878424;0.03740344273996854;0.0295707147955541;0.0887121443866625;0.013171793521514447;0.00017349614457340997;0.016544524998581035;-0.809149582877622;0.20314150387800503;1
0.03552380690072022;-2.7211976253451517;0.0012619408567196575;0.0560823901294993;0.02692997378656936;0.21395922457321248;0.000725223488145313;0.028551034975017986;0.03479335221074648;0.16274756324801132;0.0367084735393086;0.0887121443866625;0.008719448476548913;7.602878173519116e-05;0.014075679469172826;-2.677388625141742;0.12880840462303775;0
0.025275927383115692;0.2649949141324157;0.0006388725050765376;0.0280411950647496;0.01612900131717851;-3.0117710388041465;0.0002601446834895461;0.02600183542367729;0.03674669163767581;0.06705694624378229;0.0367084735393086;0.095849903130417;0.006485499616969273;4.206170528170859e-05;0.003893591102054894;2.10610596590123;0.0923553138979707;0
0.033837395384007346;-0.10368892514571353;0.0011449693263736417;0.030080554705822292;0.016600750750951552;-2.712183807029375;0.00027558492549521854;0.02651167533394494;0.0416661188463983;-2.257754084547642;0.0672988681553991;0.095849903130417;0.014904703571976407;0.00022215018856848627;0.003893591102054894;3.095021473174756;0.19931912509077745;0
0.05398239285798316;-0.5502158753051916;0.0029140987386736313;0.06169062914244929;0.03403653972640233;1.6904951025325812;0.0011584860365469643;0.02651167533394494;0.03414024481040734;-0.3863020544452039;0.0367084735393086;0.0887121443866625;0.036979577402158945;0.0013674891448422646;0.029789217644546923;1.8876885522046127;0.4065578667994967;1
0.07094693021197612;-2.2443649378398476;0.00503346690650301;0.11063526052819411;0.031271935997624685;2.561840815007282;0.0009779339810395344;0.0030590394616090144;0.036271087640686615;-1.7817393175968814;0.0499643112062811;0.0887121443866625;0.049942342784401086;0.002494237602794619;0.08171872860838823;-2.448454216032767;0.4505104017188129;1
0.05620230605112085;0.23605473691983883;0.0031586992054638556;0.05914142959110841;0.031049208676526222;-3.267936501535241;0.0009640533594384713;0.05455287039869483;0.03693015104880765;-0.4707152112825905;0.0448659121035994;0.0887121443866625;0.04438118719251284;0.0019696897766168656;0.062163180868986215;-1.7675474345382358;0.33805443509350597;1
0.050627898905994256;-0.5919038809621888;0.0025631841476355744;0.05914142959110841;0.02869995684706254;-3.0169177886310443;0.0008236875230232519;0.053023350667890545;0.02857469630918282;1.28106487589359;0.017334556949118;0.07851534618129899;0.04214679312399793;0.0017763521706370793;0.062163180868986215;-2.1811620873908786;0.31784725956348553;1
0.05587622124525851;-2.7411852662928147;0.0031221521006490785;0.0876924645661263;0.023798112451663266;1.8210690200263382;0.0005663501562620101;0.01937391659019083;0.02940322393248952;0.7229246495023792;0.024472315692872504;0.07851534618129899;0.04707429211303631;0.002215988977943473;0.08340460157640965;-3.1470136761742844;0.36675791484139597;1
0.06501208577259132;-2.8046213967675158;0.00422657129650277;0.1060467013357806;0.025761802528353837;-2.051716075981176;0.0006636704695098981;0.03670847353930895;0.016489203251551263;0.4400420065136572;0.015295197308045301;0.0428265524625268;0.05866581725642328;0.0034416781143640513;0.08536924159855427;-2.5314270299579413;0.554346067597794;0
0.05194365505027033;3.2402174034101727;0.002698143299981474;0.03670847353930871;0.020578846595458326;1.6804037101198712;0.0004234889271994067;0.009177118384827265;0.016217397681646428;0.48836283739470215;0.015295197308045301;0.0418068726419904;0.050837046339465855;0.0025844052805209985;0.03944718137310414;2.175818509034445;0.649056754784554;0
0.016282980955104765;0.3614763552362561;0.00026513546878430445;0.0183542367696544;0.020904679795986467;-2.588071842229585;0.00043700563737272477;0.033649434077699714;0.02385484224002902;-0.10475569669501894;0.023452635872336102;0.0632201488732537;0.021731649012284252;0.00047226456879311516;0.03761401563051583;-3.280185122677168;0.4044764354937836;0
0.016903326836016738;4.670065724646264;0.00028572245812520365;0.0030590394616090005;0.02399391336755404;-2.309256242561382;0.0005757078786896885;0.03670847353930873;0.028697239605627364;-0.4102562783408352;0.0331395941674313;0.0723972672580809;0.01798195112987738;0.0003233505664372984;0.0172447277980858;1.0113309688929952;0.3621451260145938;1
0.017581716759020025;4.6831133752308345;0.0003091167641944056;0.004078719282145399;0.018453106016981587;1.0031350154421201;0.000340517121673962;0.013255837666972248;0.02317389247958305;0.639622608798053;0.021413276231263302;0.060670949321912804;0.015491950477464256;0.000240000529596205;0.0032312399898195357;2.092193111887127;0.42421228036734493;0
0.04266601617522956;1.6951120983681338;0.0018203889362649506;0.039767513000917604;0.02019635420449119;-1.522374144805994;0.00040789272315326896;0.027531355154481574;0.021599408565207173;-2.5198631174261656;0.0356887937187723;0.0489446313857448;0.023815467191764004;0.0005671764775619876;0.020344493508349028;0.10609520262344081;0.541152706823812;1
0.04702371539618186;0.9839603029846877;0.0022112298096611106;0.0418068726419903;0.01517576839618353;0.24712482611395714;0.0002303039464146028;0.013255837666972248;0.018077401973551687;-2.081301426975829;0.027531355154481504;0.0387478331803813;0.02471484574571783;0.0006108236002346267;0.02518092189810129;0.1181408509461986;0.497631929107271;0
0.04662401655746088;1.0594334558698992;0.002173798919950386;0.0387478331803813;0.014716632999908762;2.0236447625188254;0.00021657928685400355;0.005098399102681395;0.0407208596935913;1.6438694285396427;0.0387478331803813;0.0938105434893442;0.024566006513309552;0.0006034886760119673;0.008272890051532825;3.474977986782951;0.4485431518644135;1
0.06729346054515485;-1.742885922707816;0.004528409832142312;0.0968695829509533;0.011693020231650619;1.4818488051008802;0.0001367267221377907;0.005098399102681395;0.04273541264340957;-2.661762593154696;0.07545630671969;0.0938105434893442;0.03876987718755376;0.0015031033771380012;0.012397746370565815;1.678330733918249;0.5714355369910951;1
0.06696820484986239;-1.7783948575407476;0.0044847404608131325;0.0968695829509533;0.012958361402201322;0.10599162265555151;0.00016791913023006105;0.01427551748750866;0.061463099043694375;-1.874893880564862;0.0907515040277352;0.1427551748750891;0.027081750835416175;0.0007334212283115647;0.04701215688435305;-2.748441633790995;0.30925359039393313;1
0.06262112719096258;1.3061633342823502;0.003921405570666712;0.0540430304884265;0.0216114396520672;2.9716438603822675;0.0004670543238349424;0.01427551748750866;0.05537621907959403;1.4533135504555734;0.0469052717446721;0.1427551748750891;0.026390617065262734;0.0006964646690853367;0.04701215688435305;-2.671566715151169;0.29027187233417445;1
0.052987061178983545;2.7972696668566734;0.002807628652385345;0.023452635872336;0.023657890351191237;-2.154035956281948;0.0005596957758689875;0.037728153359844696;0.027582292025328435;-2.107366720791127;0.0407871928214541;0.0642398286937901;0.02171474057836878;0.00047152995838585564;0.018223328488302118;1.0267089937237408;0.22177278663731775;0
0.047776107517238965;3.9068585189393943;0.0022825564494987774;0.023452635872336;0.023628205973049137;-2.393410032407129;0.0005582921175048349;0.037728153359844696;0.024913388643245157;3.1085994969783144;0.012745997756704402;0.0642398286937901;0.014427387216971514;0.00020814950190843306;0.018223328488302118;-1.2351382889165698;0.14129695777531506;0
0.03201372448214035;3.2379674367288183;0.0010248785552183924;0.007137758743754399;0.018770834906194522;1.312303482090827;0.00035234424307561073;0.011726317936167963;0.011448148380168612;-0.7555408035527797;0.012745997756704402;0.02957071479555419;0.00950821528254607;9.040615785924266e-05;0.005861807823879642;1.2333859662500164;0.09774583538848941;0
0.03817335892186166;-2.78233847863714;0.001457205331377275;0.0622004690527174;0.01053161926967709;-1.8532594281339396;0.00011091500444143381;0.01580503721831339;0.035218831720958174;4.091330011784294;0.012236157846436196;0.0876924645661262;0.00844510388199985;7.131977957776896e-05;0.011994975739205882;-1.4455817954072998;0.09301281167202599;0
0.035049408060155385;-2.809410991035469;0.001228461005367285;0.0571020699500357;0.009736474050039584;-1.287672617096451;9.479892692709421e-05;0.011726317936167963;0.04374979018877694;-3.077680022072943;0.0749464668094218;0.09228102375853979;0.018842542474558157;0.00035504140690552827;0.018344405626591703;1.4645313535283968;0.22800796717913177;0
0.033921791440368956;-2.837024140623388;0.0011506879345238885;0.0571020699500357;0.011499122429029958;1.1800633204763358;0.00013222981663781985;0.00866727847455906;0.06192131122418381;-0.482458481107552;0.0708677475272764;0.1524421331701845;0.017120291244818828;0.00029310437230742017;0.017368740339978622;-0.2015192829236566;0.22400414839599242;0
0.04336577318442547;-1.6582281124178806;0.001880590283883035;0.058121749770572;0.014888722135979601;-2.635760437310213;0.00022167404684240896;0.02447231569287245;0.05635749243885448;-0.2885208316743923;0.058121749770571995;0.1437748546956255;0.01751134706012029;0.00030664727585998357;0.018691206826304256;-0.0007036555477171191;0.24518715244999037;0
0.04625459189149644;-2.3437291637357;0.002139487271048888;0.0764759865402263;0.015096772120584682;-2.7746841533912856;0.00022791252846086294;0.02447231569287245;0.03352638402221467;-2.1925239419941733;0.0535331905781584;0.0774956663607627;0.01594538111840447;0.0002542551790111697;0.015580968314009673;-0.002969566592932201;0.2688152367591237;0
0.03197472693504998;1.1199207172674204;0.0010223831625710104;0.030590394616090498;0.013287175388405802;-0.35051239870652395;0.0001765490298022569;0.014785357397777199;0.027271431638500463;0.21719314801117307;0.022432956051799798;0.07290710716834911;0.01631338537569088;0.0002661265424158051;0.023479772251862353;-1.9269027668655336;0.33134647761923797;1
0.015151769651070958;-2.725427792227247;0.00022957612355911492;0.0265116753339451;0.013448567938198989;-0.48020186986500235;0.0001808639795883538;0.01580503721831339;0.017831281870743426;-1.9136438277894239;0.026511675333945196;0.041806872641990504;0.016493393412572877;0.00027203202626190233;0.023479772251862353;-2.0410778238096405;0.3312913076060575;0
0.013691835984795793;-1.1151777911419067;0.00018746637263454896;0.017334556949118;0.013718388953883692;-0.49999046121918767;0.0001881941954900381;0.01580503721831339;0.01297039144787077;-2.864246632068752;0.020393596410727098;0.028551034975017896;0.013064257840744184;0.00017067483292944587;0.018328458392635902;-1.6856581025441078;0.2845929075572162;0
0.011432243432791981;0.8255250311563991;0.00013069618990661536;0.009177118384827201;0.013810922325617554;0.629734174216536;0.00019074157548424137;0.01121647802590009;0.01682317199848347;-2.261700320841944;0.026511675333945196;0.03874783318038139;0.01583658251212602;0.0002507973456633757;0.018328458392635902;-0.7391871041044796;0.33209180534526467;0
0.014624498104869713;1.6331749797634316;0.00021387594481933782;0.013255837666972501;0.013699427799066443;0.8029270033226226;0.00018767432202183444;0.010196798205363677;0.01581983209751842;1.3011437178871006;0.016314877128581595;0.03874783318038139;0.01673242619519472;0.0002799740863776385;0.019960905557159084;0.24944355830555173;0.30968894694032567;1
0.015507851765844604;3.7906705627548214;0.0002404934663914096;0.009177118384827201;0.01009431522036476;-0.7004373177834715;0.00010189519976808766;0.012236157846436058;0.0077857078286219395;-0.7626901724333545;0.010196798205363497;0.017334556949117993;0.009322913405925906;8.6916714374393e-05;0.013383634438808759;-1.733895308104125;0.15100890920954693;1
0.014857263361724379;4.01381234039459;0.00022073827459963757;0.0061180789232181;0.013744890626902938;-0.9411885818791094;0.00018892201834552424;0.016314877128581484;0.014546082000293347;-0.05494750949609184;0.017334556949117993;0.032629754257163295;0.01592535364021306;0.0002536168885658474;0.019960905557159084;-0.5604416099753943;0.2775602572134236;1
0.02902597014007015;0.34854789567571015;0.000842506942572244;0.0316100744366268;0.01390844770342484;-1.1058479582423288;0.0001934449175189037;0.016314877128581484;0.014231749829606318;1.2865351289562905;0.014275517487508896;0.032629754257163295;0.01737622150880839;0.00030193307392317525;0.002099807153604971;3.89075180392904;0.27416989367105793;1
0.03246683606592247;-2.901143738990837;0.0010540954441314839;0.0601611094116446;0.013833489207213175;-2.5003979774993907;0.00019136542364608336;0.02294279596206794;0.019582100759307566;0.4878356138908598;0.014275517487508896;0.0530233506678903;0.02477523026846605;0.0006138120348555164;0.011466598529714947;1.495628920846438;0.35420567057276914;0
0.05550936899342488;-0.41853523589939573;0.0030812900460481995;0.06423982869379;0.015657979678274304;-3.1058074456077613;0.0002451723276052511;0.028551034975017875;0.02037319260730895;-0.01082324970667159;0.020393596410726994;0.0530233506678903;0.037649056105946876;0.0014174514256687356;0.03494140081875115;0.011929505369584112;0.45373264706850414;0
0.07161209274349906;-0.5616997410045753;0.00512829182710351;0.0703579076170083;0.016915624638179038;-2.675069393242563;0.00028613835689976974;0.028551034975017875;0.04246081944255545;2.113025466649065;0.0183542367696544;0.11624349954114391;0.05708050364280746;0.0032581838961165555;0.05510612932728007;-0.04904342417829355;0.5358237454651535;1
0.052138952354149455;-0.19622380230018285;0.0027184703525882674;0.0662791883348629;0.016504959779992508;-2.5577863688013642;0.0002724136973391703;0.028551034975017875;0.05683560312018893;-2.388471632989068;0.081574385642908;0.13255837666972559;0.040661435830221616;0.00165335236377523;0.03163132703824387;1.1483574797696754;0.335677298482983;1
0.09483433483292926;1.386436330154363;0.008993551063204139;0.0703579076170083;0.015737462319339635;-1.6583582631702711;0.00024766772025263485;0.02447231569287245;0.056444597283926146;-2.305414664653032;0.0785153461812989;0.13255837666972559;0.038834810196637454;0.001508142483008856;0.03163132703824387;1.4137333718451852;0.316761959932998;1
0.10612853828277416;-2.1634174332597147;0.01126326663803826;0.1529519730804526;0.013777002694398792;-0.6997475056078848;0.00018980580324147158;0.014785357397777088;0.04572442607328511;-2.8855350294801725;0.07545630671968989;0.0948302233098806;0.05172335016569542;0.002675304952363144;0.04777196392195475;0.1711989561273164;0.46341577161368686;0
0.11275164656946957;-1.455759647852685;0.012712933804126577;0.1662078107474253;0.010058199486617847;0.17447046620583487;0.00010116737691259951;0.010196798205363233;0.04714296423194388;-2.884105468349249;0.0785153461812989;0.098908942592026;0.05068350517277801;0.002568817696599015;0.02044980444068925;2.3691897831568505;0.49180997639832086;1
0.07119015727007919;-0.48687577072205696;0.005068038492138608;0.095849903130417;0.007926330086018082;2.0232445361433506;6.28267086325154e-05;0.0030590394616090144;0.04077508232566666;2.463186670684699;0.033139594167431397;0.098908942592026;0.032346994065042295;0.0010463280250438815;0.0437706478114976;-1.9588464726993575;0.4498096021864517;1
0.06104042223495681;-1.7741840698990252;0.0037259331466218096;0.095849903130417;0.020161573966065237;4.217156761052597;0.00040648906478911955;0.00866727847455917;0.01630531482798801;-2.475452334411029;0.0265116753339451;0.037218313449576795;0.028250623946214293;0.0007980977533504166;0.040960764755334764;-2.022060170703842;0.4138868524885024;1
0.05279440891260856;-0.18510827620920386;0.0027872496124317224;0.0520036708473538;0.02448930445971751;2.370008066468934;0.00059972603292074;0.010196798205363233;0.03433006193439885;1.9806327781916184;0.0239624757826043;0.0897318242071988;0.02827753078175657;0.0007996187471131903;0.046537265919559236;-2.8697310729786296;0.4761839715169762;0
0.05162944141545466;0.5138394913045788;0.002665599220871865;0.0387478331803813;0.02501958518970825;2.186862887515151;0.0006259796430650685;0.015295197308045072;0.04015519330028375;-2.1048034247377907;0.059141429591108303;0.0927908636688079;0.028625129028836255;0.000819398011917524;0.046537265919559236;-2.9638705134286156;0.48687172449388394;0
0.033068139545813384;-0.9956887199364992;0.0010935018530213868;0.0428265524625267;0.025044507170011537;3.279166464150149;0.0006272273393887592;0.007137758743754441;0.030256324796005027;-3.176510908596361;0.052513510757622006;0.0622004690527174;0.023263709006321825;0.0005412001567308192;0.008306300033283733;3.879731197283211;0.4868009536364851;0
0.03353026039772274;-1.5117906694739887;0.0011242783623390943;0.0428265524625267;0.026328677948273684;-0.7662650465796558;0.0006931992825039129;0.030590394616090588;0.031117781442091094;-3.205392811963129;0.057102069950035604;0.0622004690527174;0.020859625397451877;0.00043512397172201935;0.0076270568496305535;3.9978803460015704;0.40276169869761025;0
0.022702479080002662;-2.957434338785541;0.0005154025563779584;0.041806872641990296;0.016826261937346158;-0.5674691549750944;0.000283123090784184;0.01835423676965431;0.027298106698530708;-2.731509815784737;0.0479249515652084;0.0601611094116447;0.010394569341244584;0.00010804707178994185;0.008306300033283733;1.401821801988845;0.2693651153766373;0
0.020727359555047346;-0.9062259567885368;0.00042962343412421256;0.0285510349750178;0.013287175388405837;-2.2094794541068232;0.0001765490298022578;0.021413276231263545;0.02717594982574393;0.7116533854570714;0.0275313551544814;0.0683185479759355;0.011021459706547592;0.00012147257406305213;0.010953604978411677;1.0225405654232098;0.2780089291278937;0
0.030771700229069453;1.9894314569519598;0.000946897534987713;0.0285510349750178;0.009689641291489536;-1.5099539004335856;9.3889148357739e-05;0.013255837666972914;0.013767565743710011;-0.5637810761466836;0.015295197308045301;0.0356887937187722;0.010927949570052888;0.00011942008180561909;0.010953604978411677;1.033058952341057;0.2770300716868063;0
0.0323288357426983;-2.6844291498775372;0.001045153620478367;0.0550627103089629;0.006623995827026485;-2.4863547539271216;4.387732071646429e-05;0.010196798205363677;0.03371888602791164;1.9836921376658907;0.0275313551544814;0.0856531049250534;0.017085121700264962;0.0002919013835128647;0.005986088661249257;1.695187644640864;0.3691995322346373;0
0.0371421086534881;-1.8844393982128043;0.0013795362352275152;0.0550627103089629;0.012938286469307137;2.7899000810157637;0.00016739925676185612;0.005098399102681617;0.03189984837994587;0.608522685755819;0.026511675333945002;0.0856531049250534;0.01747044994763806;0.00030521662137292677;0.011275068440766596;1.049326188773141;0.36908947320639385;0
0.08522900927404067;1.5911740456018262;0.007263984021834512;0.0795350260018353;0.01309008384695113;2.8540110401549277;0.00017135029512021087;0.005098399102682061;0.035623182562584725;-1.74239004873899;0.0520036708473538;0.0856531049250534;0.05763924887751802;0.0033222830111644627;0.023192997614806726;4.343994749206909;0.7295570512500141;0
0.0903455885746057;-1.6763252490114553;0.008162325374891925;0.13663709595187098;0.016219000428863806;-2.448827508631517;0.0002630559749114843;0.026511675333944718;0.03009869607961781;-0.7114517028601858;0.035688793718772295;0.0754563067196899;0.057896239459970675;0.0033519745436062652;0.07456953310750042;-0.8609961310195912;0.6065748496807623;0
0.07460196663973874;0.6666698837290367;0.005565453426516692;0.057102069950035694;0.015986550502511156;-2.7652817951842805;0.00025556979696933973;0.026511675333944718;0.020334880294948305;0.7613282282091021;0.023452635872336106;0.048944631385744904;0.05003546432293056;0.002503547690011257;0.05901696840357844;-0.35134204811979686;0.46511628472571076;1
0.06013777322874186;0.3444922328342024;0.0036165517689115806;0.057102069950035694;0.017280489580352748;1.307216055896485;0.0002986153201366799;0.011216478025899757;0.021952737984715986;0.5552448480143598;0.023452635872336106;0.0499643112062813;0.04850381416944093;0.002352619988983659;0.0501353233574451;0.046600496030020366;0.4435543811194212;1
0.07981396834291671;-0.7996577512837865;0.006370269542644111;0.0917711838482716;0.017289512550028776;1.3936332703213274;0.00029892724421760257;0.011216478025899757;0.0167690059023134;1.9878062147960616;0.0010196798205363983;0.047415111654940306;0.038730874707480954;0.001500080655606588;0.026989373269106734;1.4840954370666626;0.3258292948086064;0
0.05656742157943607;-1.6529640167529323;0.003199873184145649;0.0734169470786173;0.013244066904550407;0.3352004185568032;0.0001754053081722074;0.011216478025899757;0.011050713899166722;4.644314827579436;0.0010196798205363983;0.0270215152442132;0.023175685240034376;0.0005371123863451472;0.02493291945998566;-0.6643959829710878;0.23940539196050648;0
0.04550160532469712;0.8236853087246168;0.002070396087124505;0.047415111654940195;0.013650005531299353;-0.4651065748566481;0.00018632265100450296;0.014275517487508993;0.017639282035287043;-1.6504272376857898;0.0239624757826042;0.0397675130009177;0.01924816717476389;0.00037049193958765814;0.02493291945998566;-1.8951325771119325;0.20396260275589198;0
0.022460748285523906;-1.9763885176850604;0.000504485213545665;0.0341592739879676;0.014373507444756826;-1.4853543503331406;0.0002065977162644799;0.01937391659019083;0.01953957714612565;-1.8005263845335098;0.0270215152442132;0.04588559192413591;0.021874240444743943;0.0004784823950344716;0.031928199830596055;-1.7454115886415593;0.25205378000559675;0
0.01572920161732723;0.9275092666716702;0.00024740778351852957;0.014785357397776998;0.011090629494180685;-1.7852444713751072;0.00012300206257719054;0.016314877128581595;0.02303438433406744;-2.0741440321151003;0.03313959416743141;0.05404303048842671;0.024153132450987207;0.0005833738071949312;0.0361482311954176;-2.08996336243424;0.28834091967346065;0
0.021127313123073643;-1.910641264616121;0.00044636335980039984;0.0305903946160904;0.011053065865544423;-1.8330466274334067;0.00012217026502806327;0.016314877128581595;0.022656633962377184;3.4969918112223817;0.014275517487509007;0.05506271030896301;0.024302600365577142;0.0005906163845289502;0.006308426121697686;4.131722784993123;0.32638121364475864;0
0.02122306228734195;1.9590312894036461;0.00045041837285239605;0.020393596410727;0.010413721979554817;-2.2297487978573174;0.00010844560546746308;0.016314877128581595;0.03214013972157537;1.9671746574169642;0.009177118384827099;0.08973182420719901;0.02796396855803;0.0007819835375144904;0.010377286606061083;3.401996408683156;0.40374452219485546;0
0.025952804576881008;-2.582001961469254;0.0006735480654057758;0.0418068726419903;0.008074164533426737;0.1128637164896773;6.519213291284618e-05;0.007137758743754441;0.016887941989982107;3.6104988151969954;0.0050983991026817;0.0438462322830631;0.008688238732721591;7.548549227676366e-05;0.009791928653345973;-0.3865014593893541;0.1532531037398069;0
0.04447838234362266;-0.23568323321244714;0.001978326495905484;0.0499643112062811;0.011869528629369613;-0.6993096499230163;0.00014088570988342487;0.012236157846436058;0.01939269106903817;-3.196990312925049;0.034669113898236;0.0387478331803813;0.012032016244220943;0.00014476941490119667;0.009791928653345973;0.41761708444243933;0.20474835158178498;0
0.039461740796115696;1.8430716197006813;0.0015572289866598217;0.009177118384827099;0.017623064713760246;1.2830478777077527;0.0003105724099053815;0.012236157846436058;0.02827291008565046;-0.7017433144456504;0.0336494340776996;0.0693382277964718;0.014233477697128622;0.0002025918873546579;0.011398876865081557;1.3062585411556153;0.2642166076954697;0
0.03998003208279877;1.836306729670813;0.0015984029653416194;0.014275517487508896;0.018458739693198004;-0.8803304376151194;0.00034072507106124353;0.022432956051799624;0.027884095091049423;-0.8328894292118143;0.0346691138982358;0.0672988681553991;0.015223066386821821;0.00023174175021758436;0.012834447425265127;2.199307786078394;0.29847398997866254;0
0.04075786648367068;1.8945224073805587;0.0016612036803007257;0.014275517487508896;0.01965365072641622;-1.5228756867597124;0.00038626598687596084;0.028551034975017875;0.037882168914038825;-0.11502641294847275;0.0336494340776995;0.0999286224125624;0.015905208198914344;0.000252975647850812;0.02492422815104415;-1.9405185725404028;0.287097021327832;0
0.04076806934170237;1.8448263733328514;0.001662035477849853;0.015295197308045298;0.02066456064820146;-2.561361234885054;0.0004270240667831964;0.03161007443662711;0.028298641140914453;-0.8195097962598545;0.034669113898236;0.06831854797593549;0.015920419333606443;0.0002534597517578698;0.02492422815104415;-2.0965293321392253;0.2832678310652585;0
0.031555754483119834;3.9246028483383903;0.0009957656409989375;0.015295197308045298;0.021857806781101306;-2.3972667456821077;0.0004777637172799582;0.03161007443662711;0.032791863040002;0.3407615421842429;0.034669113898236;0.0805547058223718;0.026406100865770266;0.0006972821629332332;0.02492422815104415;1.676070584955762;0.42687961653435336;0
0.04601795937875014;1.7046338732713988;0.0021176525853842977;0.016314877128581703;0.017053363835724967;-2.4839972957388703;0.00029081721811361215;0.028551034975017875;0.027912047209964957;2.1167310763232465;0.0030590394616090005;0.0785153461812991;0.0279990705776206;0.0007839479532105796;0.04442784620945474;-2.432970678513674;0.3759141855098796;0
0.04691967805152618;0.9001704987598546;0.0022014561884588675;0.0326297542571633;0.03958801027141119;2.3316974531637222;0.0015672105572493579;0.03161007443662711;0.02152708084152439;4.133349818062475;0.0030590394616090005;0.055062710308962995;0.021022983199290236;0.0004419658225976395;0.03635102942356337;-2.6087902487709136;0.25112977113389817;1
0.03354886076549827;2.578320861489985;0.001125526058662789;0.023452635872336102;0.03714070893957037;2.678136251405403;0.0013794322605338821;0.017334556949118007;0.03568588022893384;1.6712096798964435;0.012236157846436196;0.0999286224125624;0.037764912248613836;0.0014261885971455033;0.04442784620945474;0.4272167096513755;0.5144553339402846;1
0.033099567170798594;0.8170881984218615;0.001095581346894208;0.0316100744366269;0.04167859410607073;2.862329295265617;0.0017371052066585937;0.028551034975017986;0.045037077209192575;-1.0852505256540976;0.0571020699500356;0.1111451004384622;0.03826328919437875;0.0014640792999726614;0.048852223986108334;-0.24756717267330094;0.5276044039890528;1
0.038012317970989966;0.4949456239866829;0.0014449363175276465;0.0407871928214541;0.040482701505308846;-0.5539221674211987;0.0016388491211679352;0.042826552462526646;0.04521219389700287;-1.017041226796561;0.0560823901294992;0.1121647802589985;0.03402670223777806;0.0011578164651784102;0.033732023647480805;0.4441925601011268;0.5138854571730671;1
0.02775140637514028;1.1009032592773866;0.0007701405557981765;0.0173345569491179;0.0391310019453834;0.0016265337210891555;0.0015312353132495996;0.035688793718772205;0.047401404299661276;-0.8963926798761861;0.0550627103089629;0.1203222188232894;0.030467795282846464;0.0009282865493974412;0.03364032781427584;1.087730199212558;0.48229762349616034;1
0.027856114923694344;0.9097463786185109;0.0007759631386420669;0.0173345569491179;0.02478262527128273;1.6119833721996717;0.0006141785153368214;0.009177118384827154;0.0323545547887253;-1.8983859694483496;0.0438462322830631;0.07545630671969;0.031548196467035404;0.0009952887003226653;0.05123244672931463;-2.428946905316387;0.6302323066765191;1
0.028810240876038107;0.037584093932750307;0.0008300299793353369;0.0275313551544814;0.031096055229890698;-1.3776101283385411;0.0009669646508604126;0.041806872641990345;0.030965377839716764;-1.9077692773653254;0.0438462322830631;0.0693382277964719;0.02579907840397036;0.0006655924464942099;0.031884984614421484;-1.1010603169555881;0.4659765034567186;0
0.02218360261549952;0.9263382120533628;0.0004921122250023971;0.0224329560517996;0.028142054677346717;1.5227433008698128;0.0007919752414627723;0.01937391659019083;0.03062776005567892;-1.8641146710957024;0.0418068726419904;0.0693382277964719;0.027385422980669268;0.0007499613918301684;0.03787152612447053;-2.0051077622223965;0.5300055600126665;0
0.023837401300215985;-1.8899459171706081;0.0005682217007475388;0.0346691138982358;0.022720791225815502;-0.05547594490741048;0.0005162343539270947;0.02447231569287245;0.045533014299512814;1.905168112159932;0.008157438564290801;0.12847965738758022;0.024816456202980643;0.0006158564984744565;0.01763547363736078;1.6958716408994003;0.521103895149438;1
0.015454121498589095;1.484620870770538;0.00023882987129315367;0.013255837666972501;0.02446594186396044;-0.7171829604452071;0.0005985823112906921;0.033649434077699714;0.0286383027332183;0.8084664126368075;0.0316100744366268;0.0672988681553991;0.011926571670292934;0.000142243111806634;0.01277087705440623;-0.25885978870144183;0.33275063666026156;1
0.024028555382875984;0.5727227717600805;0.0005773714737879384;0.0183542367696543;0.026046782450178114;-2.5204738626855074;0.0006784348760069066;0.04282655246252676;0.02606673402908995;0.12954668786553944;0.0254919955134087;0.0662791883348627;0.011017898436942642;0.00012139408596678311;0.01763547363736078;-2.1537631957053236;0.26098676446915897;1
0.029663746093219066;-1.834522256588021;0.0008799378322829694;0.0438462322830631;0.021856617531840032;-3.1995225806722174;0.00047771172993313707;0.04027735291118584;0.026693418206013345;-0.5021681787703022;0.029570714795554103;0.0662791883348627;0.01672802202673346;0.0002798267209268799;0.018508781295025548;-0.9690894043177695;0.34761272825813405;1
0.029593560862750754;-1.7061095061642402;0.0008757788445373331;0.0438462322830631;0.017821074651270148;4.2637436330518215;0.0003175907017261435;0.006627918833486124;0.017699597507854655;-3.0487238120385896;0.029570714795554103;0.0356887937187723;0.017937419124622142;0.00032175100485236016;0.02403081088783275;-1.620331840239043;0.3814996797407501;1
0.02209907545648289;-2.782855657941024;0.0004883691360313244;0.037728153359845;0.037384860999086764;0.46693692011578253;0.0013976278319210388;0.04027735291118584;0.013988580107794727;4.495641351985434;0.002039359641072701;0.034669113898235904;0.02038112902079253;0.00041539042016219135;0.038758133236270996;-2.9985248971488176;0.4064981893311279;1
0.01850374735450889;-2.4716712672840955;0.00034238866615949465;0.0265116753339452;0.03635269393285588;4.163915495830547;0.0013215183561758968;0.01580503721831339;0.01798369496432932;-3.1566496190623727;0.030590394616090505;0.0372183134495769;0.016446450478458344;0.0002704857333403827;0.016848016165682177;0.511131759555326;0.3002668198436971;1
0.02921698538165467;-0.3650267565336591;0.0008536322347918228;0.0316100744366269;0.0424644923649654;-3.2167700739287746;0.0018032331118142044;0.08055470582237167;0.017485353489451964;-3.0180277886303184;0.030590394616090505;0.0372183134495769;0.028115050805148846;0.0007904560817761008;0.019129808724634663;0.8434895661794192;0.43085820537799774;1
0.029086802542665928;-0.16578013162892566;0.0008460420821560372;0.0305903946160906;0.03854335769936555;-2.9492519858636768;0.0014855904227412417;0.06525950851432638;0.04326435510059522;2.672778285492072;0.0331395941674315;0.1040073416947079;0.03902839199444799;0.001523215381672292;0.05452478134181401;-1.8212586184276904;0.5129780536439731;1
0.03080547076187171;-0.5439192316449516;0.0009489770288605328;0.0407871928214541;0.04259772709219435;-2.291206294318858;0.0018145663534210685;0.06525950851432638;0.045413544628383505;-2.3928809460459455;0.0734169470786174;0.1040073416947079;0.029504477102978027;0.0008705141691201547;0.03767676517613183;-1.5182176867563975;0.32862335699162715;1
0.04801111299139014;0.535196801989232;0.0023050669706720307;0.0407871928214541;0.03539625768881366;2.578884661076747;0.0012528950583729002;0.016314877128581706;0.04156743267179934;-1.8995670707243935;0.0637299887835219;0.09381054348934441;0.029139480414075613;0.0008491093188022963;0.021673626433326112;2.531581739390217;0.29120494591210233;1
0.053768172339083146;-2.031672387602202;0.002891016356685346;0.081574385642908;0.038575715358093184;2.0544078018859806;0.001488085815388626;0.034669113898236015;0.03807790833045369;3.433197904845779;0.022432956051799707;0.09381054348934441;0.012780470072716092;0.00016334041527959166;0.021673626433326112;-2.5898699808005503;0.11722143235435258;1
0.0499871967365466;-0.7733449635084094;0.0024987198375782146;0.057611909860303796;0.02436159993313831;-1.220615013585738;0.0005934875513022846;0.034669113898236015;0.03676932065476191;3.3259935654908452;0.022432956051799707;0.0907515040277353;0.01723974053354299;0.00029720865366388515;0.023447557398631386;-2.0551339269236686;0.16490525876967477;1
0.03788216891403873;-0.2715343886035069;0.0014350587216317618;0.0458855919241359;0.029389075862894944;-3.0204747109207446;0.0008637177800749941;0.055062710308962926;0.033287509821720476;3.0212995322452607;0.014275517487508993;0.0876924645661262;0.015454645000238226;0.0002388460520833884;0.02182815725512169;-1.95944193092913;0.14972844345600708;1
0.025223939899668826;-2.8395239840440287;0.0006362471440621051;0.0458855919241359;0.031249485158565026;-2.793788898232279;0.0009765303226753758;0.055062710308962926;0.037140708939570534;-2.2333247235667906;0.0540430304884266;0.0876924645661262;0.025802628806843638;0.0006657756533437571;0.03454528496895687;-0.6548963010609583;0.2711407458394856;1
0.04578010375392031;0.16303671743110945;0.0020958178997197083;0.046395431834404005;0.07773345046336987;2.0987045114299554;0.006042489320941177;0.0652595085143266;0.043327394263751276;-1.1118307464016226;0.0540430304884266;0.10706638115631689;0.057746730957853674;0.003334684936318736;0.03454528496895687;2.530328775187421;0.5114183545860577;1
0.045967093927835566;1.1799824548273452;0.0021129737241704573;0.046395431834404005;0.07873816773157871;2.5673551086427544;0.006199699057726223;0.0652595085143266;0.04337895809621416;0.6172385018729128;0.0448659121035994;0.10706638115631689;0.061037971867918754;0.0037256340097488413;0.04994400625188698;2.247107739371831;0.5688974869572038;1
0.04187893423112356;1.4886574657036533;0.0017538451323347725;0.022942795962067896;0.07873816773157871;2.5673551086427557;0.006199699057726223;0.0652595085143266;0.03834050363121386;1.4343588843883843;0.034669113898235904;0.095849903130417;0.06300845071818054;0.003970064861905386;0.05076260592095842;2.0983720107217145;0.6055696887983103;1
0.03160102759522328;1.1892423679167952;0.000998624945074063;0.0224329560517997;0.08779614976221033;1.627685469276147;0.007708163913068464;0.0652595085143266;0.03977796988066759;4.322523090665285;0.015295197308045197;0.095849903130417;0.06312520761467544;0.0039847918363958785;0.013460446501302653;4.663428392350082;0.6535526502269058;1
0.03185091970185949;1.1228932549521282;0.0010144810858543011;0.023452635872336106;0.09036515099570037;3.343396065584121;0.008165860514475728;0.040787192821454266;0.03705382341308599;3.2215606259088694;0.023452635872336106;0.0917711838482716;0.06025300831570548;0.003630425011092474;0.014106998702654402;4.73835033862277;0.5937085410291223;1
0.03185091970185949;1.1228932549521329;0.0010144810858543011;0.023452635872336106;0.04845679009687441;0.4501263156363405;0.002348060506492546;0.040787192821454266;0.01250927311755454;-2.172139380359461;0.019373916590190596;0.029570714795554204;0.010062420665031819;0.00010125230964005939;0.014106998702654402;-1.763308188956735;0.12902831890071415;1
0.04075276409675989;-1.6056144938663373;0.001660787781526162;0.0622004690527173;0.04726411210289294;2.125626827555943;0.002233896292874831;0.022432956051799846;0.017901117445603177;-1.4784280499148121;0.025491995513408694;0.042826552462526805;0.010332368050428666;0.00010675782952951907;0.014925598371725843;-1.8688768871534538;0.13285822006585293;1
0.03629114829196415;-0.7201891515960833;0.0013170474443493323;0.0397675130009176;0.07225566615699248;-1.3861920199318714;0.00522088129179075;0.09279086366880795;0.018117618712853698;-1.515617736713858;0.025491995513408694;0.042826552462526805;0.020147134386148815;0.00040590702397354;0.010181225721746748;2.212984654232534;0.22761354072454373;1
0.03493352228538215;-0.03279705900499271;0.0012203509792632914;0.0326297542571631;0.05917833751646761;-0.9938259275115892;0.0035020756312129577;0.07035790761700811;0.05064329933999361;2.7119829718422346;0.038747833180381296;0.1213418986438258;0.024142982850531538;0.00058288362092106;0.02390436909320412;0.6219883498953381;0.28681646932493515;1
0.02232376999121901;1.6910558198478707;0.0004983507066208504;0.009177118384827099;0.05126667831891193;-0.46839158056827657;0.0026282723058547943;0.06627918833486279;0.0474748294789343;0.2304544324663572;0.055062710308963;0.11726317936168029;0.03523006980752565;0.0012411578186431308;0.03187590788363427;0.031298320229506515;0.48160889421367964;1
0.02227131060386726;2.3042385566658594;0.0004960112760139302;0.0030590394616090005;0.04903430231072027;2.914657990568081;0.0024043628030991073;0.0361986336290403;0.04138819974019045;0.004980761304294627;0.0392576730906494;0.1101254206179259;0.0362524552622349;0.0013142405125403432;0.027916509055409176;1.772931003809563;0.5773914894867553;1
0.01530539070958184;2.1559410651042783;0.00023425498477295408;0.0030590394616090005;0.07039151946651058;1.3607186294866622;0.004954966012804138;0.0361986336290403;0.039916916122115925;1.802239653072462;0.0163148771285815;0.1101254206179259;0.03982896525322171;0.001586346473142342;0.05974425096372294;-2.0393584040887647;0.5759612598257788;1
0.019056012634883955;1.555051754725806;0.00036313161754085693;0.0178443968593862;0.04935450471104218;2.7975027478305514;0.0024358671352722847;0.0361986336290403;0.02341936183920827;-2.3016767368210367;0.0321199143468951;0.0550627103089629;0.03089690251403681;0.0009546185849618942;0.04954412348836614;-2.3974628180833064;0.49292789997680836;1
0.034338389788029874;1.6157848934590386;0.0011791250132346745;0.0178443968593862;0.05217632991692493;-0.9204863892036196;0.002722369403599796;0.0698480677067399;0.018061578040091973;2.8743067570350007;0.007137758743754401;0.0479249515652084;0.03136071508023379;0.0009834944503436028;0.04954412348836614;-2.5531408621483807;0.5141311848209197;1
0.04275608802959387;0.39560669380990987;0.0018280830635943799;0.043336392372795005;0.06086813828684386;-2.9907791252358256;0.0037049302585063478;0.11573365963087567;0.018317377988653127;2.743155202236821;0.007137758743754401;0.0489446313857448;0.03517789506203102;0.0012374843009952665;0.04821364235457594;-1.782908709660352;0.43703066301121307;1
0.04541526172725002;-1.6637944105072116;0.0020625459977546205;0.0642398286937902;0.051488277925777835;2.1067969103669326;0.002651042763762141;0.04588559192413577;0.02740265019071346;1.0684685958723026;0.0173345569491179;0.07545630671968989;0.027998793189488978;0.0007839324200677743;0.027964389122620226;-0.20809837280933982;0.3223849727178802;1
0.04522139178010013;-1.7332057797016074;0.002044974274529308;0.0642398286937902;0.049100521600606795;-0.5101323863761245;0.0024108612214516546;0.055062710308962926;0.029759980518024903;0.8520224922088483;0.0295707147955541;0.07545630671968989;0.03428752321145954;0.0011756342479763765;0.03801351487921914;-0.14264949442328265;0.46048639114158707;1
0.04696287045646661;-2.0537289670804526;0.0022055112015108643;0.072397267258081;0.03983673868480117;-1.5782166101390693;0.0015869657490411339;0.055062710308962926;0.03586751851493086;1.9778335425300344;0.0295707147955541;0.0907515040277352;0.03546781500748411;0.001257965901405115;0.047169246054025574;-1.2785376753476367;0.46490468483746156;1
0.035989064431918;-1.7161711409675877;0.0012952127586847455;0.049964311206281205;0.04910687395480909;-2.0041217124893165;0.002411485069613507;0.07035790761700844;0.047797865468779975;-2.9590504644710944;0.0836137452839807;0.10196798205363511;0.03470931361475567;0.0012047364516074633;0.03906959524207228;-0.30143462589434006;0.3937337376983711;0
0.032007228190579544;-1.6812332601540874;0.00102446265644383;0.046905271744672204;0.042530550728515366;1.113764820396901;0.0018088477452708187;0.0336494340776996;0.05058783583613335;-3.149912112297301;0.0846334251045171;0.10196798205363511;0.02856959074261634;0.0008162215152005892;0.030907323902327394;-0.6334353917249645;0.3728675475185676;0
0.029575988531254992;-1.764432818641885;0.0008747390976009269;0.037728153359845;0.032208003950187726;-0.3599059635296828;0.001037355518455308;0.0336494340776996;0.045401523117962965;-2.8843572940403956;0.0836137452839807;0.095849903130417;0.0313637940588469;0.0009836875777657602;0.04076442400711104;-0.5553655594036684;0.3734820801798276;0
0.021689479048106912;2.3814426510816182;0.0004704335013782687;0.004588559192413591;0.032764900607850804;-0.7621619403291197;0.001073538711842342;0.03772815335984492;0.040057976071689774;-1.152033431673318;0.0520036708473539;0.095849903130417;0.017180610074517395;0.0002951733625326086;0.011323322716775261;2.7948570058198903;0.17921828674052567;1
0.06382128669993742;2.7369207319179956;0.004073156636035608;0.03925767309064959;0.03605545166257431;-1.7191672127138549;0.0012999955945922324;0.05200367084735391;0.05209556078414819;-1.0879998656244563;0.0632201488732538;0.1325583766697256;0.02256297380402062;0.0005090877868809207;0.01361582503199403;1.4564724451787245;0.2214070965029994;1
0.07628574958947604;-2.9366751012892855;0.0058195155904282436;0.13918629550321188;0.0386309303256847;2.7736839386163674;0.001492348777827906;0.022432956051799846;0.062424062414054765;-2.266129063928188;0.09992862241256241;0.1447945345161618;0.030177121981723058;0.000910658691099793;0.03168135674844459;-0.30568107828009516;0.27671628433218204;1
0.07882461381188728;-3.0262709938547503;0.006213319742593172;0.13918629550321188;0.0154238159691559;-0.9045330761895158;0.00023789409905038855;0.020393596410727022;0.050040209301659436;-1.1518326281846143;0.0693382277964719;0.1121647802589986;0.020240036818822804;0.0004096590904273028;0.02771652501712507;-1.7603437485471976;0.16488752233689302;1
0.05830259575572319;4.140964323355997;0.0033991926718552716;0.0244723156928724;0.027055162968128026;-0.4082246890738131;0.0007319818432319661;0.034669113898236015;0.03273632794552222;-2.5395918222189215;0.0540430304884266;0.0703579076170082;0.02880260477301681;0.0008295900417106107;0.03903984773390033;-1.6486033910500655;0.24703807309439368;1
0.06612605947028931;4.328152433727347;0.004372655741068238;0.0244723156928724;0.030115963418585957;-2.738329314074514;0.0009069712526296075;0.05302335066789021;0.024451063135069923;-1.8355992438552111;0.037728153359845;0.0550627103089629;0.026709964765510366;0.0007134222177748051;0.00735849098545574;3.7760785950917657;0.21704812244768346;0
0.1250274664465953;0.18014989118854055;0.01563186736605451;0.133578056490262;0.03053000394929365;-2.9370558769220168;0.0009320811411438858;0.05302335066789021;0.056288727462248264;1.7144005782902003;0.0540430304884266;0.1376567757724073;0.05722209509997919;0.003274368167631063;0.01701008347641761;2.3009279033512335;0.3961258138078672;0
0.11637669717033966;-1.6373191729800662;0.013543535644276941;0.1733455694911797;0.023941856361658867;2.0533027092370637;0.0005732124860423052;0.016314877128581595;0.051890583357854916;-0.10973581484774068;0.0509839910268176;0.136637095951871;0.05721929036151407;0.0032740471894752566;0.014149193624553857;2.421759360927838;0.397681598863147;0
0.09848861415994876;1.6327858063862155;0.009700007119147262;0.05302335066789031;0.01759354037619978;0.32308794137655283;0.00030953266296897193;0.016314877128581595;0.03953413202297565;-1.2401490477844916;0.0504741511165495;0.098908942592026;0.05717826505048366;0.003269353994183361;0.026436852639300318;1.749865421432914;0.38678414501186137;1
0.05134166371655875;0.1816568813961439;0.0026359664331842055;0.0458855919241358;0.013361307906841757;2.2138985627638803;0.00017852454898143206;0.005098399102681728;0.040562883767312256;-1.5347605188124607;0.0555725502192312;0.098908942592026;0.043798222596035434;0.0019182843025718692;0.0554898380415032;-1.0163756686917544;0.25446300902460545;1
0.04237134686433145;0.6158376919680547;0.0017953310350974907;0.0458855919241358;0.01461027193603104;1.8594365723334103;0.00021346004604477618;0.005098399102681728;0.04396700472140094;-0.5520505366472387;0.0479249515652084;0.1142041399000713;0.04160746990257995;0.0017311815516940965;0.0554898380415032;-0.9152196475884983;0.23910420158732149;1
0.025721410840719224;1.3175230771470747;0.0006615909756370684;0.019373916590190693;0.014517462037495148;1.9464827200820463;0.00021075670401011278;0.0030590394616091254;0.05216337539483493;-1.8346181564822206;0.07443662689915359;0.1244009381054348;0.027520817434340632;0.0007573953922543073;0.0169680054524238;2.639869215516915;0.18044064092459844;1
0.04679097267632423;1.007805914464921;0.002189395123996521;0.034669113898236;0.014801171558406635;2.0937665913044667;0.00021907467950138548;0.005098399102681839;0.05690644797202505;-0.432569878525855;0.0688283878862036;0.1345977363107983;0.041235498832987015;0.0017003663640052737;0.02759551736772603;0.9302063435322019;0.2925120903835129;1
0.05718576802311676;-1.1926771355302155;0.0032702120643937236;0.07341694707861732;0.007115874914802777;2.9901462670078396;5.063567580311944e-05;0.005098399102681839;0.07198101786939087;2.35166400073906;0.020393596410727;0.19883756500458852;0.040485527676878956;0.0016390779512753318;0.010627511915302229;2.0380118459648338;0.2961572594918534;1
0.04178572759102925;-2.8131871945227016;0.0017460470303117027;0.0713775874375446;0.007115874914802762;-1.7457171890086478;5.063567580311921e-05;0.009177118384827043;0.035369810769742445;-1.2956306177761654;0.0469052717446722;0.08463342510451721;0.021888721296654708;0.0004791161200026253;0.025215157589914786;0.05973309059086063;0.18432312113452487;1
0.029736388181301785;2.5129074455911606;0.0008842527820690645;0.0249821556031406;0.005067716382089922;-0.4135455424610548;2.5681749329302574e-05;0.005098399102681839;0.03099893737903392;-0.8197103101760881;0.03670847353930869;0.07443662689915372;0.020719700241284028;0.00042930597808866545;0.0324106259899241;-2.243183159729098;0.18811418268994284;1
0.029736388181301785;2.5129074455911606;0.0008842527820690645;0.0249821556031406;0.005067716382089922;-0.4135455424610548;2.5681749329302574e-05;0.005098399102681839;0.03099893737903392;-0.8197103101760881;0.03670847353930869;0.07443662689915372;0.020719700241284028;0.00042930597808866545;0.0324106259899241;-2.243183159729098;0.18811418268994284;1
0.029736388181301785;2.5129074455911606;0.0008842527820690645;0.0249821556031406;0.005067716382089922;-0.4135455424610548;2.5681749329302574e-05;0.005098399102681839;0.03099893737903392;-0.8197103101760881;0.03670847353930869;0.07443662689915372;0.020719700241284028;0.00042930597808866545;0.0324106259899241;-2.243183159729098;0.18811418268994284;1
0.030402023602398878;3.786215787784954;0.0009242830391208184;0.004078719282145399;0.021976406711789884;0.0897315423021136;0.00048296245196200344;0.023452635872336258;0.00712317699462546;3.32509427069544;0.0030590394616090977;0.0183542367696543;0.006219444876794569;3.8681494575486215e-05;0.011336612701773531;-2.995993524082916;0.10046627030260885;1
0.030402023602398878;3.786215787784954;0.0009242830391208184;0.004078719282145399;0.021976406711789884;0.0897315423021136;0.00048296245196200344;0.023452635872336258;0.00712317699462546;3.32509427069544;0.0030590394616090977;0.0183542367696543;0.006219444876794569;3.8681494575486215e-05;0.011336612701773531;-2.995993524082916;0.10046627030260885;1
0.030402023602398878;3.786215787784954;0.0009242830391208184;0.004078719282145399;0.021976406711789884;0.0897315423021136;0.00048296245196200344;0.023452635872336258;0.00712317699462546;3.32509427069544;0.0030590394616090977;0.0183542367696543;0.006219444876794569;3.8681494575486215e-05;0.011336612701773531;-2.995993524082916;0.10046627030260885;1
0.026803230135784582;2.982033449616457;0.0007184131457118308;0.0178443968593861;0.02379374301943112;0.0563966739773735;0.000566142206874727;0.027531355154481685;0.01249679918413668;1.5452188914560299;0.006118078923218098;0.034669113898236;0.015437122548521998;0.00023830475257808633;0.0036930309296594743;3.2311448619333327;0.22085629628674056;1
0.043461572214708394;-1.091703717516431;0.0018889082593743127;0.0606709493219129;0.02342380110791273;4.724244991216007;0.0005486744583430536;0.0040787192821454266;0.009272921418896447;-1.2884816991228014;0.012236157846436203;0.022432956051799798;0.031469968968017126;0.000990358946847961;0.031871650315050196;0.4912591465887104;0.37989060031528354;1
0.07875203188675628;0.9285691271532599;0.006201882526292678;0.0795350260018354;0.025149116513659527;4.391969772954755;0.0006324780614176223;0.006118078923218251;0.017816698338516082;1.0941507330532556;0.0163148771285817;0.0458855919241358;0.0681418262526664;0.004643308485048576;0.06427518734999517;1.9023609969205886;0.5783822074789337;1
0.0669519005872625;2.078257745661663;0.004482556992246681;0.0367084735393086;0.004922001992922292;0.8762364383183817;2.422610361833101e-05;0.005098399102682061;0.03309642575123377;2.1602361013720426;0.0163148771285817;0.0897318242071989;0.06143814948595379;0.0037746462122584036;0.04888076677208339;1.1994174319069895;0.45861340399435335;1
0.05523992495445001;-0.3387774885403883;0.0030514493089732688;0.0632201488732538;0.007303356614446851;1.5958186564525327;5.3339017837784566e-05;0.0030590394616090144;0.034028901878825804;0.2990400867370617;0.030590394616090602;0.0897318242071989;0.051056222207100696;0.002606737826060842;0.050550819473628716;-0.17482704048735206;0.3253434861095038;1
0.047879369726372405;-1.613745519407767;0.002292434045394666;0.0652595085143266;0.0076441989656332665;1.58565621002755;5.8433777826188706e-05;0.005098399102681617;0.03332653113470021;0.6330164454314987;0.023452635872336106;0.0897318242071989;0.03931906749261796;0.0015459890684890465;0.05028206540248928;-1.227705339264599;0.22243974590525808;1
0.07084243440664069;-0.7206921224318185;0.005018650512659188;0.0815743856429082;0.007650996831774903;1.2517627906825268;5.85377525198296e-05;0.005098399102681617;0.03421629802296832;-0.23723376734002363;0.03466911389823601;0.0897318242071989;0.05490258422883643;0.0030142937550044794;0.05028206540248928;0.3479593770398992;0.3277956419957278;1
0.06617085686770106;-2.7972372919572526;0.004378582298605781;0.12032221882328951;0.005626748102914825;-0.3661417004389212;3.1660294213655587e-05;0.005098399102681617;0.022004775579080402;0.5144112208756452;0.0183542367696543;0.0591414295911084;0.04961653002614334;0.002461800051835184;0.08758384088616313;-2.769354267874347;0.35296991496183405;1
0.07370811144049584;-3.115406935734565;0.005432885692124554;0.12440093810543491;0.014286438451100981;2.41129937205597;0.0002041023236170966;0.009177118384827154;0.017534342562416053;1.435337000902565;0.0183542367696543;0.04180687264199041;0.05481608948295959;0.003004803666203833;0.09536295798890429;-3.1367714114386156;0.4247680818882625;0
0.06705354335986763;4.611112952894326;0.004496177677113648;0.009177118384827099;0.01595236856037734;3.0174596036688706;0.0002544780626861154;0.010706638115631661;0.017325557438111247;2.9932407244887216;0.013255837666972602;0.04180687264199041;0.04979239391585765;0.0024792824918719383;0.00932946451755097;4.518064268308407;0.4648957883031125;0
0.014445664060101329;-2.0809155995993507;0.00020867721013730322;0.0214132762312634;0.017288009048782346;-1.6656074955187552;0.00029887525687078033;0.024982155603140432;0.00952732425964971;-0.6818137086896338;0.013255837666972602;0.022432956051799707;0.015448552181121776;0.00023865776449284238;0.014362215569757267;0.42916378304762165;0.19506329989504512;0
0.014355411620579923;-1.8478058327294253;0.0002060778427962811;0.020393596410727098;0.02132935235832953;-2.774046646982948;0.0004549412720257774;0.037218313449576934;0.011015374141577574;-3.0152457358931675;0.021413276231263406;0.022432956051799707;0.016778820203731306;0.0002815288074291419;0.02624810019008863;-2.2273294731981736;0.22595277201937636;0
0.009822856799259996;3.151382282938163;9.648851569876833e-05;0.006118078923218102;0.017973574300686287;2.1832994611562775;0.0003230493731422905;0.012236157846436502;0.009870374255393142;1.578609267516735;0.009177118384827106;0.023452635872336106;0.013602040586757288;0.00018501550812379254;0.017293304358781708;-0.060121891192642586;0.20495638817072992;0
0.014231749829606018;4.098216883306425;0.0002025427032124909;0.006118078923218102;0.01757875961212188;2.4257380232551626;0.0003090127895007674;0.009177118384827265;0.00707925153776276;-1.001962776123489;0.009177118384827106;0.016314877128581706;0.013438356877405695;0.00018058943556451695;0.017293304358781708;-0.1597742448523789;0.2027523242994228;0
0.014268232201253941;2.4286367131491935;0.00020358245014889988;0.011216478025899899;0.007506949044276918;1.540079791941866;5.635428395337013e-05;0.006118078923218029;0.009964729420664885;-2.4560182012449303;0.015295197308045308;0.021413276231263406;0.014529424672976203;0.00021110418132768967;0.023945452266997874;-2.4354165055950716;0.21490021532115616;0
0.013010411263576611;2.7469302561251916;0.00016927080124740115;0.009177118384827196;0.014231749829605617;2.276730938697726;0.00020254270321247948;0.006118078923218029;0.009439613999007364;-2.64419993762786;0.014275517487509007;0.021413276231263406;0.013024253661801455;0.0001696311834469486;0.018538032528547528;-2.0529985218573983;0.18197629120725758;0
0.01560809748818374;1.2649934449269058;0.00024361270720064758;0.011216478025899899;0.013169274429254927;2.9189310422165584;0.00017342978899302769;0.006118078923218029;0.01212947614292885;-1.9735793929267504;0.016314877128581706;0.028551034975017806;0.01654930409537175;0.0002738794660410882;0.02397356069949888;-2.222286002889452;0.24002003668853736;0
0.029740758544515657;1.260433448558236;0.0008845127188031811;0.020393596410726997;0.01499310800506803;-2.4578905166268625;0.00022479328765163506;0.023452635872336036;0.011693020231650572;4.042533504897264;0.005098399102681797;0.028551034975017806;0.014899579654186422;0.00022199747387144594;0.004140159820981898;3.6021575324849144;0.20324757012803862;0
0.025033087675589243;-1.8665309244302968;0.0006266554785737381;0.0387478331803812;0.014066408283518616;-1.5587386014669917;0.00019786384199864114;0.017334556949118007;0.011768359780771698;4.157096285466134;0.005098399102681797;0.028551034975017806;0.012881487420436684;0.00016593271816286854;0.008316210076614913;3.129807658479175;0.18467736764975598;0
0.02396356052381873;-1.6196562043706575;0.0005742522329787235;0.0367084735393086;0.020689703084375205;-1.5468620102705135;0.00042806381371960484;0.029570714795554287;0.018303181770145747;-1.3916949001675079;0.024472315692872407;0.041806872641990504;0.014366831844531828;0.0002064058572490538;0.026664336383593237;-3.1089459831897397;0.2259276638514373;0
0.030737892593912616;0.43180366831365075;0.000944818041114908;0.0367084735393086;0.01686946165398167;0.06054729241855602;0.00028457873649515795;0.014275517487509104;0.0177582444462527;-2.063294528403945;0.024472315692872407;0.041806872641990504;0.012980558587104405;0.0001684949012332499;0.02030404532579655;-2.3668956921393196;0.2105208743930503;0
0.03310898964112412;-2.1324092662844585;0.0010962051950560642;0.0530233506678902;0.01663985003435219;0.5756088673747707;0.00027688460916573053;0.01223615784643628;0.017558045638546547;-1.831775435163852;0.023452635872336106;0.041806872641990504;0.011272713024543362;0.00012707405893370955;0.013465612846260806;-1.1345596434084524;0.17837948575420395;0
0.03096705668044786;-2.218774467317907;0.0009589585994500704;0.0448659121035994;0.021210810908218383;1.2023102795507998;0.0004498984993841959;0.01223615784643628;0.015574753939123113;-1.2120089165871957;0.018354236769654295;0.03874783318038141;0.011473540534645202;0.0001316421324001465;0.013465612846260806;-1.0450662927764611;0.1811915605343802;0
0.030764941674138804;-2.1067477673134314;0.0009464816362131625;0.0438462322830631;0.02140842006242192;1.5739418266079284;0.00045832044956910933;0.01223615784643628;0.01446724086683917;-1.107562394361647;0.018354236769654295;0.034669113898235994;0.01115704721861156;0.00012447970263832793;0.01017010935196478;-0.30556838457473035;0.17807368976297752;0
0.02370179887143203;-2.226292115873355;0.0005617752697418166;0.034669113898236;0.01654271421692527;0.6412080450106181;0.00027366139366286144;0.01835423676965453;0.00980696648397642;-3.2616508400216677;0.017334556949117896;0.019373916590190693;0.008093288003908626;6.550131071421126e-05;0.0029470569363804627;1.8764011796924625;0.1236250666449396;0
0.021814952963378792;-2.5547477868701782;0.0004758921727944291;0.034669113898236;0.017424296411374614;-1.9191217864515149;0.00030360610543144227;0.026511675333945273;0.007541495701886653;3.6936388945765466;0.004078719282145399;0.018354236769654295;0.008881735977200687;7.888523396870105e-05;0.010901936678471377;-1.1728845578499627;0.1324498001136633;1
0.02130862471230463;-2.4795344310869076;0.0004540574871298395;0.034669113898236;0.016416528436829312;-1.7336819844536133;0.0002695024059172254;0.02447231569287245;0.0037186871681066055;0.2018203408831075;0.004078719282145399;0.009177118384827196;0.00831786819086193;6.918693124055271e-05;0.010901936678471377;-1.5582945570424194;0.1233840387523407;0
0.023357123485862625;-2.690378329397588;0.0005455552175338354;0.0397675130009177;0.011299598390696552;-1.5753350168171945;0.0001276809237910321;0.016314877128581706;0.008906890099693088;2.5043758771040743;0.005098399102681797;0.023452635872336106;0.012721036845791;0.00016182477843197223;0.010901936678471377;1.2217854097583078;0.18216381801613826;0
0.019352437740360974;-2.0227503321192706;0.0003745168464945478;0.027531355154481504;0.009743146067577278;-0.820603933207772;9.49288952941466e-05;0.01121647802590009;0.010333538134115047;-2.6350180946982227;0.016314877128581706;0.023452635872336106;0.014063503146606385;0.0001977821207546077;0.022602201400095098;-2.370746035570523;0.19063086260374815;0
0.014606713228893927;3.2939907435785636;0.00021335607135114482;0.004078719282145399;0.011746251251419764;1.7745008458603664;0.00013797441846148038;0.007137758743754441;0.016372133648558253;-0.7436529541284974;0.019373916590190707;0.0407871928214541;0.019634352814534274;0.0003855078104456099;0.01638723802745537;0.3344473184404926;0.23580618213098406;0
0.026456712524245682;-0.451925409067145;0.0006999576375905783;0.030590394616090602;0.005566368538373015;1.0992748074411256;3.098445870498894e-05;0.005098399102681617;0.01647974210326254;0.09586160235702816;0.018354236769654295;0.0407871928214541;0.019308834975843066;0.00037283110812434054;0.009454870947245855;1.9089084613906084;0.22068294310274877;0
0.025775924665574827;0.9135386130017622;0.0006643982923653887;0.0244723156928725;0.007137758743754341;-2.99999999999998;5.0947599884041555e-05;0.012236157846436058;0.01340403933937393;-1.4614880722691694;0.017334556949117993;0.03262975425716319;0.011767263530108703;0.00013846849098702636;0.020167360892012792;-2.790902128017231;0.11976278143724298;0
0.03468860229969199;-2.0332444417595887;0.0012032991295061967;0.0520036708473539;0.014857263361724361;1.5175003866097825;0.00022073827459963706;0.014275517487508882;0.019582100759307153;0.6399602862768295;0.014275517487508896;0.053023350667890295;0.01839844362120727;0.0003385027276827424;0.01630000133759278;0.12691302082184444;0.1719891027149502;0
0.037569355413359005;-0.9528443372712054;0.0014114564661752876;0.0499643112062811;0.015773758013950954;-1.4177075531451127;0.00024881144188268196;0.023452635872336147;0.01990857936064578;-2.3074314392437736;0.0326297542571633;0.04486591210359951;0.01985276687308494;0.0003941323525170588;0.023431196364578855;-1.4959626854726338;0.1671756319566307;0
0.023754381961844415;1.489959249061408;0.0005642706623891992;0.021413276231263403;0.013857895192082687;-0.08243807763899487;0.00019204125915474847;0.013255837666972914;0.017743600884393845;-0.8669939219963325;0.020393596410727105;0.04486591210359951;0.019590012266604395;0.00038376858060571063;0.02253065827758466;-0.80421491688663;0.1599212757573658;1
0.023754381961844415;1.489959249061408;0.0005642706623891992;0.021413276231263403;0.013857895192082687;-0.08243807763899487;0.00019204125915474847;0.013255837666972914;0.012013195860118918;-0.9802423406639692;0.014275517487508993;0.030590394616090616;0.013604094917187358;0.00018507139851584292;0.018605232417423415;-1.6111558760054916;0.10750576468695251;0
0.010606630875045639;3.3702392706991042;0.00011250061851947141;0.006118078923218102;0.010006379463931542;0.8992860447134419;0.00010012762997619088;0.009177118384827265;0.013326243909619385;-0.5727558424751559;0.014275517487508993;0.034669113898236015;0.013823377347533113;0.0001910857612922916;0.018605232417423415;-1.585763199299868;0.10937033181142407;0
0.015322364642612283;1.8720604468142774;0.000234774858241175;0.0050983991026817;0.008640244790176431;-0.1417950473693589;7.465383003417097e-05;0.009177118384827265;0.012825286169903331;0.6647237170047285;0.010196798205363594;0.034669113898236015;0.01368140506436122;0.00018718084453512885;0.017445770290436965;-1.347327727646924;0.1084460185235185;0
0.021149447558817817;-0.4708425972961739;0.00044729913204318494;0.021413276231263295;0.011027166644838531;1.7026575598513578;0.00012159840421303946;0.006118078923218473;0.007582743934976449;1.4949527320782774;0.0050983991026817;0.020393596410727105;0.011223247892723559;0.0001259612932615238;0.017445770290436965;-2.4891318186311167;0.09015053324135956;0
0.020752425907846064;0.41442947269267566;0.00043066318106064046;0.018354236769654295;0.011626138728450558;-0.7218750000000824;0.00013516710173317795;0.013255837666972914;0.007878635167566867;-2.8282955817828817;0.013255837666972609;0.01733455694911791;0.012381751461909602;0.00015330776926450056;0.021945640928027726;-2.9741520250700404;0.10248449819641646;1
0.011965498449439541;-0.1677259300661357;0.00014317315314354005;0.013255837666972498;0.012278570999074454;0.3454369797860319;0.00015076330577931224;0.014275517487508771;0.02515325050177225;3.22758321748533;0.015295197308045308;0.06220046905271741;0.02387857317346104;0.0005701862568003333;0.02213307391489258;0.7897499383827302;0.21126444748685788;1
0.025962818392347167;2.4523748189017325;0.0006740679388740003;0.019373916590190707;0.012024009793229491;2.9662426536674147;0.0001445768115076787;0.00713775874375433;0.03267274368049258;-3.0751434032837413;0.060161109411644806;0.06729886815539911;0.023959946738070424;0.0005740790476911715;0.021945640928027726;1.6950158312622012;0.20866543983135716;1
0.025553103061368036;2.108232078379127;0.0006529610760648965;0.019373916590190707;0.01421347352846162;1.658160825948195;0.00020202282974427922;0.00713775874375433;0.02813835979717883;-2.250345652069498;0.0448659121035995;0.0652595085143265;0.021871879901709745;0.00047837913043481477;0.011276861404918348;1.7291228948408193;0.19894291985612422;1
0.03289633127591206;1.6330341955954886;0.00108216861141455;0.020393596410727;0.009549125945502735;0.5195097311374776;9.11858063230735e-05;0.00713775874375433;0.021308624712304432;-2.2683621970870043;0.030590394616090602;0.0499643112062812;0.017507775259773515;0.00030652219454673754;0.020891787594449818;-1.1380486617263064;0.17389030957358895;1
0.04030638396258276;-0.07373107200020594;0.0016246045881391485;0.0438462322830631;0.009508206777345927;0.580963856935624;9.040599612076701e-05;0.00713775874375433;0.027080131355835434;-0.4141463283135482;0.030590394616090602;0.0672988681553992;0.019192866082850892;0.0003683661084742482;0.029693179894376046;-1.6819850856711334;0.18721310621393505;1
0.049763091528214315;-0.6366024773978237;0.0024763652784454354;0.058121749770572;0.00941755879597744;1.0569911174820856;8.869041367569203e-05;0.006118078923217918;0.03258192170627197;-0.768391688354356;0.034669113898236;0.08361374528398081;0.01758921304361186;0.00030938041549356555;0.011655206601162302;0.7385686762275713;0.15321977386424845;1
0.0317004008498213;1.5058676741716717;0.0010049154140393509;0.0295707147955541;0.009513672835157196;0.9074006930201103;9.050997081440795e-05;0.00713775874375433;0.024359465852285107;-3.0275740609051294;0.0448659121035995;0.05098399102681761;0.019477825464093858;0.00037938568480970307;0.02519787306188727;-0.7314593891996791;0.1656538541226082;0
0.015373173993869466;-0.6945533452052857;0.00023633447864578446;0.020393596410726997;0.005093298151827074;1.7530250882523137;2.5941686063405083e-05;0.0015295197308043962;0.019204120348099502;2.9177776158017728;0.013255837666972595;0.04792495156520851;0.018965688914825734;0.0003596973560139437;0.013542666460724967;2.6330027590110157;0.15633822104737746;0
0.009494527865390309;-2.246181599105691;9.014605938667304e-05;0.0152951973080453;0.0032645682866486985;3.472337894108103;1.065740609819242e-05;0.0015295197308043962;0.011772776504432874;0.13369996660850822;0.013255837666972595;0.029570714795554218;0.012303743723132029;0.00015138210960451078;0.013542666460724967;0.07741984575133642;0.0987178688640085;0
0.012809061892478914;0.23582336979385468;0.0001640720665653555;0.0152951973080453;0.004116779695765485;-3.253039256277057;1.6947875063466965e-05;0.00713775874375433;0.020989063270106023;-0.47205605071706574;0.026511675333945203;0.04996431120628121;0.020827409675500955;0.00043378099379115086;0.026996630145673217;-0.8721775061108433;0.17611429768589834;0
0.01872438695811262;-0.9265808437120562;0.000350602666957138;0.0244723156928723;0.004728060821604751;1.9999999999994647;2.23545591327938e-05;0.0010196798205364122;0.02233541090038555;-2.7231881214906593;0.0397675130009177;0.0489446313857449;0.021016440293218752;0.0004416907625984287;0.037970106123664124;-2.7516117943865663;0.193677511710104;0
0.02386573635496891;-1.2666677863516718;0.0005695733717648848;0.0305903946160904;0.007231823483836854;-1.0403977724113211;5.229927090137422e-05;0.008157438564290742;0.018934221496376354;-0.20254352367017367;0.022432956051799693;0.0438462322830631;0.016224613020415203;0.0002632380676622266;0.017519180101848067;1.033975002491702;0.16098741102613548;0
0.018045740230961005;-1.0648209313870431;0.00032564874048332456;0.022432956051799804;0.007610118550849485;-1.6142840105851153;5.791390435798346e-05;0.010196798205363566;0.010925335157319459;3.918054729305157;0.004078719282145399;0.02753135515448149;0.008166040937174697;6.668422458761299e-05;0.006762660790008285;2.0343675076492347;0.08807660679751031;0
0.01144587759796307;0.30687830684676126;0.00013100811398755285;0.010196798205363601;0.014191510898506628;0.6389098630612722;0.0002013989815824324;0.013255837666972359;0.002697819222050659;0.6734693886307094;0.0020393596410726994;0.0071377587437544965;0.0031263685062166337;9.774180036663225e-06;0.0013842380487732592;3.011285036815901;0.035006520661304066;0
0.01038873101005468;-0.1399423079530576;0.00010792573199927171;0.010196798205363601;0.014677723434645955;-0.7513258225130812;0.00021543556522395506;0.017334556949117896;0.007479196827120481;3.6705545804536848;0.0020393596410726994;0.019373916590190693;0.005567607429572263;3.099825248982826e-05;0.0058624415135244;-0.1794426908027944;0.06066102579541374;0
0.011900148433482869;-1.75994747297113;0.00014161353273892477;0.018354236769654402;0.014645811448369352;-0.617022821359825;0.00021449979298118678;0.017334556949117896;0.018961658435122458;1.8776102288038092;0.016314877128581595;0.045885591924135896;0.015698753218542492;0.0002464508526166982;0.010986296677098314;2.8284777292167553;0.15831002832553331;0
0.017448148984364458;2.042930607805656;0.00030443790298057845;0.009177118384827102;0.00938437880276828;-2.473944430582867;8.806656551384661e-05;0.013255837666972692;0.02211788718617712;-2.922703028073503;0.0407871928214541;0.0469052717446722;0.019259376977459056;0.0003709236015598799;0.03642764841006245;-3.0442463251053287;0.1826604712435497;0
0.01971439587787839;-2.5215542598845353;0.00038865740482970843;0.0285510349750177;0.014373507444756775;0.34648212880446866;0.00020659771626447846;0.013255837666972692;0.020064645867235824;-1.7056646894848828;0.027531355154481504;0.0448659121035995;0.01859881522423501;0.000345915927745236;0.02575965243486633;-2.118441223598687;0.1625241691552965;0
0.016435518065430053;-2.3577649888867724;0.00027012625407907764;0.0275313551544814;0.012008867560262943;2.137039322288628;0.00014421290007993567;0.005098399102682061;0.013010411263576301;4.610509269558354;0.004078719282145399;0.030590394616090602;0.012613801284849607;0.00015910798285367358;0.0030910589560135537;4.3638062269333915;0.10310365735523207;0
0.015423815969156172;-2.028155411032113;0.00023789409905039695;0.0224329560517996;0.010513091806898774;-2.2684073633878037;0.00011052509934028214;0.014275517487508771;0.009412036919926044;4.262299146981469;0.004078719282145399;0.022432956051799804;0.00938612584849508;8.80993584437875e-05;0.0030910589560135537;3.8897385212596567;0.07580554477620403;0
0.012735796876513805;-1.71609960554328;0.0001622005220798188;0.016314877128581498;0.012666213020785532;-2.34069023276991;0.00016043295228791694;0.01937391659019083;0.012371368115104017;-3.188864233796879;0.022432956051799804;0.024472315692872504;0.012548496267083181;0.00015746475856500054;0.021144950314500713;-3.0070410953068545;0.1049021386574383;0
0.011684124817482735;3.5858939458597425;0.00013651877275051597;0.003059039461609;0.012500958544938908;-2.2045197695095773;0.00015627396454228107;0.01937391659019083;0.011750676285011098;-2.9244878611173752;0.022432956051799804;0.024472315692872504;0.012047755102579084;0.00014514840301172035;0.021144950314500713;-2.7398177256616356;0.10217544898202453;0
0.0070424377076919046;1.9723639621756266;4.959592886672081e-05;0.003059039461609;0.009603413625346096;-1.027023179611876;9.222555325948305e-05;0.010196798205363677;0.011160720540440242;-0.28565973892024604;0.013255837666972609;0.026511675333945203;0.010884943133307793;0.00011848198701534449;0.012762969360108442;-0.1084153124966581;0.09707531760197152;0
0.014228096447481964;0.9183184908418885;0.0002024387285188489;0.0122361578464362;0.009428592846388762;1.999999999999999;8.889836306297334e-05;0.006118078923218029;0.013558291129678565;1.2013536270840153;0.013255837666972609;0.032629754257163315;0.014353834739074488;0.0002060325717166616;0.012762969360108442;1.8339813735477886;0.12604921937697122;0
0.01625741895982223;0.631842945664656;0.0002643036712351874;0.0122361578464362;0.008048368414671605;3.4771171440423054;6.477623413828351e-05;0.0010196798205364122;0.013086111738273166;0.12827871617549746;0.013255837666972609;0.032629754257163315;0.013993197675529223;0.00019580958118643648;0.014217309130472047;0.43363504238700185;0.12049431927363366;0
0.01603525545084845;0.9023895597646453;0.0002571294173739649;0.010196798205363499;0.0036481174304064203;1.905517578123901;1.3308760786035143e-05;0.0010196798205364122;0.02025803830089804;0.47823745704938264;0.015295197308045308;0.05404303048842671;0.02121297583209778;0.00044999034365316457;0.016427166691733747;0.45719877651655355;0.19055631262637976;0
0.023308105334276605;-0.7816945582765852;0.0005432677742737335;0.026511675333945002;0.005067716382089951;-0.3545378550707774;2.5681749329302858e-05;0.005098399102681617;0.021781563926482644;-1.1545298396101853;0.028551034975017903;0.05404303048842671;0.02158575641923428;0.00046594488019051394;0.020735425845933103;-0.2023252084628512;0.20086298270721073;0
0.023512410469551964;-0.9364687678394846;0.0005528334460886968;0.026511675333945002;0.006505205631788066;-2.226575469818748;4.231770031184718e-05;0.010196798205363233;0.02398307747603479;-1.6391968323142099;0.034669113898236;0.05404303048842671;0.024149944394452907;0.0005832198142551674;0.03513058224175698;-1.4171561626979887;0.23282800593436948;0
0.023854842240029123;-1.2584620098569275;0.0005690534982966777;0.0285510349750177;0.006310491871832635;0.34883324584648295;3.982230766446576e-05;0.007137758743754441;0.017953315857712926;2.604630593131951;0.008157438564290798;0.0479249515652085;0.017716695906517057;0.0003138813138439983;0.017533382238224274;0.6176236621847622;0.19434148601093607;0
0.018752130916073133;-2.583369149860586;0.00035164241389354584;0.029570714795554204;0.006505205631788095;4.2352806234868225;4.231770031184754e-05;0.0030590394616092365;0.00765099683177503;-1.1674012283870212;0.009177118384827099;0.019373916590190596;0.008774714172329359;7.699560880607768e-05;0.003138225842400394;2.806339714316517;0.10501712133732068;0
0.01816060924718543;-2.679854384761889;0.00032980772822895695;0.029570714795554204;0.006740692925884907;-0.014819159130690688;4.543694112107483e-05;0.008157438564290853;0.007931247673143836;-1.7866265965452328;0.010196798205363497;0.019373916590190596;0.00861665187268321;7.424668949501507e-05;0.0030267079767658106;2.3924502890127974;0.10232756039154352;0
0.014391580515450331;-2.613662481262922;0.0002071175897326896;0.023452635872336;0.006227564590436374;-0.8023488992232023;3.878256072805696e-05;0.007137758743754441;0.006686487737638616;-2.1238507300705414;0.010196798205363497;0.014275517487508896;0.004540147533400405;2.061293962504178e-05;0.0030267079767658106;1.6466591479301194;0.05544301252292856;0
0.012865757353390735;-0.7139892300897017;0.00016552771227632777;0.0152951973080452;0.006408588299162108;-0.6534209261337125;4.1070003988157486e-05;0.008157438564290853;0.00654504192347577;-2.038834951357798;0.010196798205363497;0.014275517487508896;0.004482588219727475;2.0093597147639535e-05;0.0030267079767658106;1.686450186331971;0.05483013684489567;0
0.012865757353390735;-0.7139892300897017;0.00016552771227632777;0.0152951973080452;0.007409361527311185;-2.9642303719008933;5.489863824239913e-05;0.014275517487509326;0.005278751547076718;2.3991980396068358;0.0020393596410726994;0.014275517487508896;0.004419026429293828;1.9527794582797363e-05;0.003477313488078587;1.364564059385111;0.05181102700471052;0
0.011926331409983762;-2.343445419130102;0.00014223738090076527;0.020393596410726997;0.00851905723430438;-3.2117552401048157;7.25743361613538e-05;0.014275517487509326;0.008724074492182208;3.682589805615798;0.004078719282145399;0.021413276231263392;0.008376867506294518;7.017190921801295e-05;0.00847981501692198;1.3262654762924637;0.09329342680020038;0
0.0102831057289521;-0.787816558089767;0.00010574226343280753;0.011216478025899798;0.011020092657168523;-2.1398098845937965;0.00012144244217257962;0.01631487712858215;0.012990416766955165;-1.9707576963673965;0.019373916590190693;0.029570714795554204;0.01229807160105304;0.00015124256510462726;0.01678393342591361;-1.318914583555075;0.12867183482181133;0
0.012723545024830758;-1.980007004251668;0.00016188859799889552;0.0173345569491179;0.011812452703232182;-2.918203806405939;0.0001395340388660973;0.020393596410727466;0.012095139269671682;-1.7821492597784605;0.015295197308045294;0.029570714795554204;0.011994814456851898;0.00014387557385430328;0.015118196362243402;-1.1443261909779732;0.12023737641041991;0
0.01895343152385161;-1.443068938872975;0.000359232566529332;0.0265116753339451;0.013672838007025059;-2.220357312104414;0.000186946499166349;0.020393596410727466;0.008549515169268778;1.1945755743060407;0.005098399102681797;0.023452635872336106;0.007700484573924107;5.9297462673243134e-05;0.007272370048068591;0.1120401709382115;0.0746294941818343;0
0.019648359664070844;-0.20823684612316265;0.0003860580374886861;0.0244723156928724;0.012265862452285569;2.883343227581849;0.00015045138169838897;0.007137758743754552;0.005901823647797682;1.0376475836837145;0.005098399102681797;0.015295197308045308;0.006077803673734563;3.6939697496461345e-05;0.007272370048068591;-0.7198468220231812;0.05833280730207472;0
0.020080185804405175;-1.4389086317874547;0.0004032138619394351;0.0265116753339451;0.012764338797419037;2.9189990262631604;0.00016292834493529686;0.008157438564290742;0.016048218472731562;2.9142996471806106;0.006118078923218098;0.0428265524625268;0.01628977161484725;0.0002653566592638832;0.010073192813592771;2.5903895719008596;0.16681069324885897;0
0.023534510681658637;-3.00300395437611;0.0005538731930251046;0.0458855919241357;0.011724101031348834;3.5306268181204152;0.0001374545449932748;0.007137758743754552;0.019816972974743132;-2.400804753825888;0.02957071479555419;0.04384623228306309;0.018473378144147883;0.0003412657000566807;0.02954389565087788;-2.873604834680913;0.20884700970022738;0
0.022828078423910766;-2.9741382055791603;0.0005211211645282203;0.0428265524625267;0.019373916590190658;-0.8259835329685572;0.0003753486440436649;0.024472315692872337;0.01861579044534879;-3.0151016901858996;0.0316100744366269;0.039767513000917694;0.015370657522897211;0.00023625711268619663;0.0267430728853537;-2.901065657404468;0.18631889150055075;0
0.02074240300172739;1.764593958874947;0.00043024728228606933;0.0193739165901906;0.018348571007281444;2.8973058121954245;0.00033667005800924917;0.01223615784643628;0.014606713228893795;1.3788715616249252;0.01223615784643621;0.037728153359844994;0.012006712818365739;0.00014416115270270816;0.012610724419389305;0.3870081730866725;0.15177262425988922;0
0.00895926690587936;-1.7751818841611744;8.026846349078512e-05;0.013255837666972498;0.01998936586442895;2.2793127523038677;0.0003995747476619974;0.016314877128581595;0.007296234860813388;-0.9978485106574885;0.00917711838482721;0.0183542367696543;0.006465277951384796;4.179981898866239e-05;0.0070282024617359246;-1.0830393749736669;0.08607652843344292;0
0.012013195860119084;0.6795692182217591;0.0001443168747735823;0.013255837666972498;0.019547557369920324;2.4655837845341964;0.00038210699913032633;0.013255837666972692;0.007548386060292691;-1.0988198625668406;0.00917711838482721;0.0183542367696543;0.006108724670269399;3.731651709715798e-05;0.004448124155120192;0.5941023343897301;0.08077457237033768;0
0.013341839285242347;-2.783976766546955;0.00017800467551323603;0.0244723156928724;0.02284173839028154;1.233725983827668;0.0005217450126900616;0.01937391659019083;0.004836766075510427;2.948148148508482;0.0030590394616090977;0.01223615784643621;0.0036911278457642666;1.3624424773776354e-05;0.002630218123748279;0.5956014621506007;0.047157455560425145;0
0.02752757830349266;2.1364744355176177;0.0007577675672549197;0.014275517487508903;0.012404940410519427;-1.4395401524835592;0.00015388254658853787;0.01784439685938588;0.0016755049174231507;-1.6872427665735839;0.0020393596410726994;0.004078719282145399;0.004439451651418863;1.9708730965285667e-05;0.005862949175597279;-0.7936567556409138;0.05580896458862552;0
0.02397440523656278;-1.2969619471785852;0.0005747721064469288;0.0275313551544814;0.010224800949452634;0.8783874171914808;0.00010454655445592747;0.00611807892321814;0.007267678059021597;4.521436542951624;0.0020393596410726994;0.017334556949117993;0.0076407363030911515;5.8380851253375034e-05;0.006654789917802634;0.8382508489210873;0.09368373102903758;0
0.027298106698530757;-0.822593180467487;0.0007451866293243699;0.0275313551544814;0.012958361402201364;0.050458165994148395;0.0001679191302300621;0.01172631793616774;0.015065747781577246;2.3858139217228724;0.0030590394616090977;0.0418068726419904;0.013640059319499733;0.0001860512182394715;0.010822486854978927;0.9046195516510688;0.17611600309959877;0
0.026790619817450498;-0.23241348435363088;0.0007177373102031714;0.0275313551544814;0.012908115530918944;0.8617507258792804;0.00016661944655955082;0.01172631793616774;0.01591158002888488;-0.35578848837547855;0.015295197308045301;0.0418068726419904;0.015599053832501215;0.00024333048046927083;0.023233705077994264;-2.320584751794744;0.20807881173476275;0
0.03181825878299272;-2.3941147506529625;0.0010124015919814936;0.0530233506678901;0.00660434584060833;-0.380859499858443;4.361738398236054e-05;0.006627918833485902;0.01679997934189925;-0.4098112980150965;0.019883756500458906;0.0418068726419904;0.01626472363926177;0.0002645412350615607;0.023233705077994264;-2.210145586942341;0.2281094159041573;0
0.026399666124308996;-2.081068218490813;0.0006969423714749879;0.037728153359844904;0.007374195873055902;-1.7768865458507161;5.437876477419469e-05;0.011216478025899868;0.02928896054632684;1.7070988761434573;0.012236157846436203;0.0815743856429081;0.0204471782122978;0.0004180870968454658;0.004854182166208976;2.1211308682817944;0.33118630036439295;0
0.016900250987235972;3.8826842109450985;0.0002856184834315704;0.0071377587437545;0.007206619143095691;-1.9544018492967485;5.193535947363327e-05;0.011216478025899868;0.020425436549414016;1.7493638454603644;0.016824717038849794;0.052003670847353904;0.011164645206732502;0.00012464930259221502;0.01621289368299097;-1.511481462669849;0.2147183484441368;0
0.016451326011822896;2.036299615274404;0.00027064612754728066;0.013255837666972602;0.006111702601607401;-0.6915503332009791;3.7352908690494673e-05;0.006627918833485902;0.020405064584191134;-0.09825684461743951;0.0219231161415316;0.052003670847353904;0.012674003210480352;0.00016063035737926627;0.024581728305413032;-3.064790328147018;0.26483865329538814;0
0.007278399989698835;-1.9691561992405677;5.2975106410048e-05;0.010706638115631703;0.007136848257272859;1.0258972178446442;5.0934603047338645e-05;0.006118078923218251;0.0162366202063891;1.9312084705620514;0.005098399102681804;0.0453757520138676;0.010605762650772517;0.00011248220140452129;0.008368834622422064;2.8702893917046737;0.24251137689433877;1
0.007326454503518356;2.4666733109071095;5.3676935592124396e-05;0.006118078923218102;0.007426881914807914;2.448586561412353;5.515857497650086e-05;0.005098399102682283;0.012438944528149514;4.008987749692234;0.005098399102681804;0.0308453145712246;0.003866140589085171;1.4947043054571833e-05;0.006848505454514153;-2.630836283456714;0.0966309585602289;1
0.014602263625345594;4.400782449370122;0.00021322610298409104;0.0030590394616090977;0.007290888980358532;0.27545417590736915;5.3157062123913475e-05;0.00764759865402298;0.028612650015190613;4.805412510342383;0.0053533190578159;0.06729886815539929;0.026477599670534917;0.0007010632843131107;0.004399668093152155;4.71424699978058;0.5022583255224857;1
0.01365857218252331;0.9525336662645666;0.00018655659406519956;0.013255837666972501;0.004547303288525675;-2.3687986438487143;2.0677967197836414e-05;0.00764759865402298;0.03219448291860068;-2.8221617518658886;0.0530233506678903;0.06729886815539929;0.02975333284643036;0.0008852608154704718;0.04661188059660531;-2.6723866860895082;0.4864872143724948;1
0.013045327892266933;-0.45496430285474193;0.0001701805798167576;0.014785357397777001;0.01253833070169432;2.6239885602677795;0.00015720973678505037;0.00994187825022963;0.030864269735428218;-2.785920349191393;0.0479249515652085;0.0652595085143266;0.027515304962597506;0.0007570920071847429;0.043732541671361064;-2.5476458336049235;0.4317197069143353;0
0.014675066752956531;-0.47049786772892926;0.00021535758420373016;0.014785357397777001;0.012896027391356972;0.10362969984858121;0.00016630752247862932;0.016314877128581706;0.027325469173382126;-2.542316989681049;0.0476700316100744;0.06016110941164479;0.02425497248994827;0.0005883036904881473;0.03780056512703257;-2.2769284302759387;0.34347601939241784;0
0.014633382437203307;1.4597471401927429;0.00021413588155345017;0.0112164780258998;0.013634762639295958;-2.300346831223807;0.00018590675222994086;0.022432956051799957;0.022782486050811054;1.1953428370005323;0.018354236769654295;0.06016110941164479;0.018822526716777203;0.0003542875120037916;0.012201802978596521;1.5611407909310226;0.2401947565668403;0
0.014503130877005731;-2.5175704314007654;0.00021034080523555705;0.0224329560517997;0.011661856596713304;-0.3369525573043468;0.0001359988992823056;0.01223615784643628;0.019674800746769784;-1.6824244958529881;0.027531355154481504;0.0479249515652085;0.0161493432024238;0.00026080128586967175;0.02443336131368678;-2.1582587891007194;0.23108032542409462;0
0.014237228145005986;-2.2013585401351157;0.00020269866525295056;0.0224329560517997;0.00828391802246966;-0.42424242424228825;6.862329780299764e-05;0.010196798205363455;0.01662109385702066;-1.8164684958121053;0.023452635872336106;0.0397675130009177;0.015548650872102868;0.00024176054394254526;0.025598762148436052;-2.443567550984659;0.25110168003942884;0
0.015201439294254902;-0.45460388880976293;0.00023108375661691697;0.017844396859386102;0.009445119752755691;1.5214272906581077;8.921028714389573e-05;0.006118078923218029;0.014409630918274512;-1.6331031349199658;0.019373916590190707;0.0336494340776996;0.01426048415447625;0.0002033614083200682;0.01778099146165754;-1.7967474302940722;0.22462660372858542;0
0.015045029347138413;-0.3915583303143085;0.0002263529080562561;0.0168247170388498;0.01728048958035274;0.5006580682955845;0.0002986153201366796;0.015295197308045294;0.01353910576400529;4.4637115935500065;0.0020393596410726994;0.0336494340776996;0.012845501559631345;0.00016500691031849134;0.0034697484496912234;2.812097788448509;0.21189142174326314;0
0.008265069492876724;4.280969607134057;6.831137372208151e-05;0.0010196798205363011;0.015574753939123151;1.0103402806855233;0.0002425729602642321;0.015295197308045294;0.008860073007537295;3.578878119402345;0.005098399102681797;0.0214132762312634;0.007905108322252812;6.249073758655067e-05;0.010393814943595064;-1.750163278339161;0.1502786226266214;0
0.012976402288440804;-1.8421763508590594;0.00016838701635145175;0.017844396859386102;0.020118983133947003;0.041699193471618656;0.00040477348234404403;0.01835423676965431;0.011583580713388915;-2.7051309745494034;0.0193739165901907;0.0249821556031406;0.009301557011427965;8.651896283684473e-05;0.015112868264658186;-2.495288769676075;0.1901142070725208;0
0.011904516262014159;2.6257139611813165;0.00014171750743255957;0.008157438564290801;0.020118983133947003;0.04169919347162221;0.00040477348234404403;0.01835423676965431;0.024644313324374466;1.3481903980182988;0.0239624757826042;0.0606709493219128;0.014853890463677358;0.00022063806190692517;0.017830401005760874;-0.8217580273349311;0.33592592514064595;0
0.024436175346803375;1.2523894437228666;0.0005971266655797211;0.0254919955134087;0.01960067583026527;3.0766844710238246;0.00038418649300314515;0.0030590394616090144;0.024858551807804777;-1.6515249026251588;0.0326297542571631;0.0606709493219128;0.013291756574791631;0.00017667079284351653;0.005805702290941989;1.7736001721366013;0.33201136019330857;0
0.05211152510254477;1.4909737349761205;0.0027156110485131537;0.0499643112062811;0.007188561938213365;3.8458922549385313;5.167542273952989e-05;0.00203935964107238;0.020528892493264374;-2.9724292807734725;0.0356887937187722;0.043846232283063;0.032212965326842195;0.0010376751351483377;0.005805702290941989;4.174835518911574;0.6568603511031281;0
0.05179029997841704;1.5424010366697019;0.002682235171854424;0.0499643112062811;0.011684124817482468;-1.3088576418715736;0.0001365187727505097;0.015295197308045294;0.0176208521044007;-2.640818345418443;0.0290608748852859;0.039257673090649495;0.031956048390250104;0.0010211890287200064;0.013488340267287187;3.474210365732356;0.6318254048298555;0
0.052336749258522046;1.5364718293032844;0.002739135322949408;0.0499643112062811;0.013710807638602359;2.5602017245135626;0.0001879862461027568;0.005098399102681395;0.03620222387290057;2.514613580709908;0.0290608748852859;0.0876924645661262;0.032554756698519;0.0010598121836997677;0.0377128220280068;-0.3679887037330178;0.5661473252379859;1
0.04868183630298427;0.7530505593572308;0.002369921185830557;0.041297032731722104;0.01617647397366771;0.8851548898727835;0.0002616783102207487;0.014785357397776755;0.04894675567260541;-2.299174892934451;0.0764759865402263;0.11216478025899859;0.03152232913260462;0.0009936572339442542;0.05521123091756213;-2.5505384547802437;0.42750921033006795;1
0.048704257045940204;0.6965746142897977;0.002372104654397016;0.041297032731722104;0.01921426926649682;0.6056415586612225;0.0003691881434454442;0.018864076679922293;0.048148029723492525;-1.7449114461212016;0.06806362802080149;0.11216478025899859;0.02378358029089106;0.0005656586914532618;0.03098674915684252;-0.2778824776149295;0.2791400169566789;1
0.030790700711272927;-3.013620325564474;0.0009480672502911832;0.0576119098603037;0.019098932403820577;4.155332233974508;0.0003647692189657077;0.004078719282145538;0.030530642503131346;2.304040134197141;0.020138676455592988;0.0795350260018354;0.021299656568815856;0.00045367536994950046;0.02143787955244421;-0.5145146003506902;0.27133586049934727;0
0.03046352126875518;-2.991548599749361;0.0009280261280918993;0.0560823901294992;0.007959056608714456;1.630580998149603;6.334658210072128e-05;0.004078719282145538;0.014761164160093387;-1.294136174258206;0.020138676455592988;0.035688793718772295;0.016019809110694373;0.00025663428394308643;0.02143787955244421;-1.6392789885025845;0.19515473207425568;0
0.034778407253993796;-3.2186498703153066;0.0012095376111246484;0.0611807892321809;0.009195510839723163;-1.9418647253088277;8.45574196034662e-05;0.012745997756704486;0.022208488379949275;-0.7343672384530274;0.024217395737738394;0.057102069950035694;0.020437908867425907;0.00041770811887320645;0.025910135361670014;-1.556507862741178;0.26151176533621157;0
0.027039786346841697;2.4117284903327714;0.0007311500456828467;0.020393596410727;0.012118756321000066;-0.8595661367374466;0.00014686425476777905;0.013255837666972692;0.019471279452692895;-0.9378030229724068;0.025491995513408805;0.046650351789538094;0.018207147427910044;0.00033150021746165137;0.017864308636851844;0.1792691973673648;0.2741499249039119;0
0.01068476549193857;-1.5354793116562948;0.00011416421361772128;0.014275517487508901;0.010363679777523768;-1.4135934303511775;0.00010740585853105512;0.013255837666972692;0.012645674312574968;-2.9190206997026937;0.0214132762312634;0.026511675333945106;0.012037699641410337;0.00014490621265681055;0.021339782698502792;-2.677413926207708;0.21132444281726837;0
0.015773758013951304;-0.044500527298893644;0.00024881144188269297;0.015295197308045301;0.009250468791713434;2.2747734114441385;8.557117286646421e-05;0.0030590394616090144;0.011882661064103314;2.309349927669724;0.004078719282145399;0.0326297542571633;0.01241556256646482;0.0001541461938418025;0.008038307979446796;0.800683047702563;0.2517535850123446;0
0.01570439343993376;1.1783802882899426;0.0002466279733162345;0.0122361578464362;0.00920539924812265;2.000000000000066;8.473937531733705e-05;0.0030590394616090144;0.01934168937088958;3.405481891769026;0.011216478025899902;0.0469052717446721;0.016793143463288796;0.0002820096673785992;0.01242191875766125;1.556023956674892;0.4413044866866876;0
0.010094315220365116;-0.7004373178364839;0.00010189519976809485;0.0122361578464362;0.023325942035057296;2.059617834153009;0.0005440995718228529;0.017334556949117896;0.019206827250692365;-0.584707836733808;0.0244723156928725;0.0469052717446721;0.014934482667941982;0.00022303877255905945;0.012331340649091208;2.517918301263144;0.41405311514866194;0
0.012375569632669874;-2.669102915640688;0.00015315472373306075;0.0214132762312633;0.025342684992318145;1.48725673417729;0.0006422516826198674;0.017334556949117896;0.019016413554692062;-1.3094366925122347;0.0254919955134087;0.0469052717446721;0.013915981526136453;0.00019365454183577102;0.012155819184444479;1.5136643205940647;0.41838627286818336;0
0.015100215334706719;0.6881677367817455;0.00022801650315451197;0.0112164780258998;0.026511675333945148;-0.6948351773397418;0.0007028689290125155;0.028551034975017875;0.012825286169903622;-1.0729029649243966;0.0152951973080452;0.0326297542571631;0.012090401225174309;0.00014617780178569642;0.002081277655676596;2.859084707487059;0.3918926556913621;1
0.01606440754017193;-0.8490430048890568;0.00025806518961673283;0.019373916590190603;0.025966822837252664;-0.4229569571914216;0.0006742758882612665;0.02549199551340886;0.010508145633110139;-1.74029387041778;0.0152951973080452;0.0244723156928724;0.012236662190816022;0.00014973590157214635;0.009125830861167212;0.7926073678085478;0.4204930284594787;1
0.01784294011446705;-2.390694640402517;0.0003183705119284573;0.0285510349750177;0.027897142898550928;-1.3532395452226875;0.0007782505819021705;0.03874783318038122;0.0068629830408752255;3.0172653246813232;0.004078719282145399;0.017334556949118;0.007501496339420823;5.6272447330344003e-05;0.008534378714882232;-0.7699357820061827;0.21447217349058295;1
0.018500937583427093;-2.1379178360931435;0.0003422846914658652;0.0285510349750177;0.02292125927970563;-0.33740235945053243;0.0005253841269674915;0.023452635872336036;0.008112704917270437;-2.991921415330695;0.0132558376669725;0.017334556949118;0.007840520115436275;6.147375568056086e-05;0.009125830861167212;-1.01602208176084;0.2591805807543033;0
0.023234384204957628;-2.186592624425819;0.0005398366093835845;0.0326297542571631;0.016683532445999037;-0.7545327600784605;0.0002783402548767026;0.022432956051800068;0.017904021349823038;2.6635944933194438;0.0132558376669725;0.0428265524625267;0.00956898660868999;9.156550471728836e-05;0.015578931920372848;-2.3684820718383826;0.2958776968312222;0
0.0296093670445708;-1.5557386877142523;0.0008767146167801153;0.0387478331803812;0.018391021679446277;3.2665980533563848;0.00033822967841386296;0.007137758743754441;0.0187826019369948;-2.333302844597837;0.0305903946160905;0.0428265524625267;0.010819566040961185;0.0001170630093147205;0.01749372178414876;-2.731650303281;0.31598932384447487;0
0.029426200037406487;-1.455774346879539;0.0008659012486414615;0.0387478331803812;0.017904021349822778;2.3722076081056316;0.0003205539804949098;0.009177118384827487;0.015504499079228051;-0.8638508578657375;0.0183542367696543;0.039767513000917604;0.016715939306883715;0.00027942262691142;0.021920157918922965;-0.9742547451914328;0.5492409540837377;1
0.02737607699732832;0.6792366602150347;0.0007494495917636488;0.0224329560517996;0.010473457012426822;-2.2263201635183876;0.00010969330179115257;0.016314877128581706;0.01201319586011933;-1.4706022805539287;0.0183542367696543;0.0275313551544814;0.015878972312681795;0.00025214176170691504;0.021920157918922965;-1.4411537171130522;0.5857110095248533;0
0.026437055256858133;1.4430189262493076;0.0006989178906541702;0.0132558376669725;0.009954289680322768;-1.6996418225320344;9.908788303978036e-05;0.013255837666972692;0.010458555240101036;-0.3090076479234476;0.0101967982053635;0.0275313551544814;0.016823869278307244;0.00028304257749357033;0.028505594013047964;-2.5049067264680382;0.6522521582750157;0
0.028514594583684393;1.4652458448065826;0.0008130821042718834;0.0132558376669725;0.014136455042825168;-1.6144678897393956;0.00019983936117781711;0.01937391659019072;0.009233593492544222;-0.58402736464526;0.0101967982053635;0.023452635872336;0.018011876314333375;0.0003244276883628437;0.0296340507331708;-2.517613331322535;0.6746456466627405;0
0.02694541307336829;-2.118785481954113;0.0007260552856944466;0.0387478331803814;0.0128171765983241;0.6156064733215606;0.00016428001595262696;0.010196798205363455;0.01307816390168364;-0.8144603246413004;0.0152951973080452;0.0336494340776995;0.02409412669446102;0.0005805269411687391;0.0330294539481915;-1.4975491863662735;0.7820855927889118;0
0.02379811245166345;-1.937863165888609;0.0005663501562620189;0.0336494340776996;0.012404940410519379;1.5382121986851789;0.00015388254658853668;0.005098399102681617;0.014626275403060576;-0.012707266332904274;0.0173345569491179;0.0361986336290404;0.019723921776475875;0.0003890330902445392;0.0230587850997953;-0.6771870425142232;0.5461905153596921;1
0.024028555382876314;-1.9365676444568127;0.0005773714737879543;0.0336494340776996;0.009684274555385989;-3.0014355878289947;9.378517366409649e-05;0.016314877128581595;0.029872442286714377;3.683717578456182;0.012745997756704399;0.07545630671969;0.028084032533175908;0.0007887128833244828;0.03167547194433367;-0.6480443023990006;0.5771064804618531;1
0.038393348795684824;-0.06638244344274824;0.0014740492317471135;0.0397675130009177;0.013294998277154371;-1.8122837370242533;0.0001767569791895377;0.020393596410727022;0.03843462579371852;-2.6371909033207004;0.0581217497705721;0.0846334251045172;0.031622020160323075;0.0009999521590198788;0.03969982100627382;-1.0194757765078002;0.46323519238549377;1
0.03562026370621035;1.528398800404272;0.0012688031864999665;0.0173345569491179;0.03259308891358901;2.81896518830983;0.001062309444929119;0.020393596410727022;0.046607288051825076;-1.6649706013162546;0.0581217497705721;0.11420413990007129;0.029489812710236107;0.000869649053684803;0.022548950430237802;0.3341962226742628;0.40970122454534813;1
0.029711902267578003;-2.1893020546347928;0.0008827971363581069;0.0438462322830631;0.03138394928718001;1.0489185657907416;0.0009849522728602865;0.026511675333945273;0.04549646360985814;-0.9873834061789483;0.0555725502192312;0.11420413990007129;0.02916075647544862;0.0008503497182204187;0.02112281437405779;0.861014405288247;0.39200019265117325;1
0.03083583261963392;-2.6807819675778357;0.0009508485733460794;0.051493830937085705;0.031234508967368187;-0.08956801780594977;0.0009755945504326036;0.030590394616090477;0.04440351467522015;-0.018033686078949767;0.0418068726419904;0.11420413990007129;0.01741620116796879;0.0003033240631231574;0.014873355689462825;0.5507734786206555;0.20225471118852797;1
0.029670755485116086;-2.7960221077428478;0.0008803537310575463;0.051493830937085705;0.03657084199608963;-2.2680802500138326;0.0013374264843029528;0.060161109411644764;0.04056608776126449;1.9070864188489385;0.008157438564290798;0.11420413990007129;0.027004136158089224;0.0007292233696446217;0.025501336678475872;0.024164391680801128;0.35169890209099325;0
0.04006316694589495;-2.1252877228126295;0.00160505734573465;0.055572550219231104;0.03819786480764093;-2.268797908223879;0.0014590768758628138;0.060161109411644764;0.025640436577629766;-1.9879783880715323;0.0397675130009177;0.056082390129499296;0.02315043549901159;0.000535942663793896;0.03614648005859692;-2.1261994116989427;0.37411923937794067;0
0.03920300932810677;-1.4767840020741712;0.001536875940379626;0.055572550219231104;0.03244921759459605;-2.96373930026162;0.0010529517225014418;0.060161109411644764;0.027432988035809753;-1.3964014796792565;0.0397675130009177;0.061180789232180996;0.02329126046764494;0.0005424828141716801;0.03614648005859692;-1.90790095031117;0.39102742797174694;1
0.03484933871786655;0.7623436245501504;0.0012144764090725928;0.0260018354236769;0.03276172709817143;-3.086034821276831;0.0010733307624550598;0.060161109411644764;0.024931119481189385;-1.5781513368799633;0.0316100744366269;0.061180789232180996;0.026764749160581476;0.0007163517976288468;0.016539812255043515;1.751226098465737;0.5545439678979246;1
0.026625165938331617;0.34154800253839923;0.0007088994612436941;0.0260018354236769;0.02879941199353722;3.1943845890519547;0.0008294061311734957;0.0193739165901905;0.01886545457530321;1.9734496982964593;0.0040787192821454;0.0530233506678902;0.013564740122262695;0.00018400217458452338;0.013621340800332588;0.5638270753751478;0.3368874593120417;1
0.034540289930878605;1.2089329836399472;0.001193031628509154;0.0244723156928725;0.028134664431768267;2.345362362032953;0.0007915593426882064;0.020393596410727133;0.02280757313449759;2.451663920696596;0.0040787192821454;0.0632201488732536;0.022430493811373884;0.0005031270526220822;0.016539812255043515;0.6491145394351475;0.4638699237346726;1
0.02127749538328975;0.2279912290217645;0.00045273180978591665;0.0244723156928725;0.02634841607080623;0.451945209053554;0.00069423902944032;0.020393596410727244;0.02287357992097089;2.4424296584534253;0.005098399102681799;0.0632201488732536;0.025602089579633135;0.0006554669908435596;0.03356097716825916;-1.1253776166836502;0.5695567201092625;1
0.022323769991219294;-2.0575037841432624;0.0004983507066208631;0.0336494340776996;0.037934282120400266;2.3171699062781883;0.0014390097599901192;0.020393596410727244;0.02347922114730569;2.2969496432814096;0.005098399102681799;0.0652595085143263;0.03294367038176195;0.0010852854182221796;0.06007150403218417;-2.7616252026457073;0.6302605352753982;1
0.020689703084375368;-1.1349484789988284;0.00042806381371961156;0.025491995513408798;0.03695970136586878;1.8985599452129012;0.0013660195250542026;0.01937391659019061;0.028436089612415484;0.6620639102432264;0.0275313551544814;0.0723972672580808;0.029018565722743944;0.0008420771566052097;0.04132142709896503;-1.8892929382338661;0.5166533755852948;1
0.0237817229413621;-2.327732551403058;0.0005655703460597084;0.039767513000917805;0.04291992133305821;1.4619214248499321;0.0018421196472359056;0.01937391659019061;0.030675250242666235;-1.975757760751976;0.046905271744672;0.0723972672580808;0.03140216248137145;0.0009860958085064525;0.046129070343032215;-2.1246751605765852;0.4983383454910336;1
0.02488729093370505;-2.046608212756883;0.0006193772500188776;0.037728153359845;0.043240917147354646;1.4650548152657272;0.0018697769157443888;0.021413276231263656;0.021805418455509314;-1.3000574924002468;0.0275313551544814;0.0540430304884265;0.031547254928286944;0.0009952292935103248;0.04908929530707248;-2.7902219879605883;0.5825104209866944;1
0.024887290933705026;-1.525296182150066;0.0006193772500188764;0.0356887937187723;0.0445834522926744;1.5645817779919244;0.0019876842183331744;0.029570714795554287;0.02251853860459645;-0.9449278160311477;0.0275313551544814;0.0540430304884265;0.025941559870070525;0.0006729645284924535;0.046129070343032215;-3.0784006244143;0.39688363178438385;1
0.024380798254877947;-1.6354878363001362;0.0005944233235450595;0.0356887937187723;0.03951440211372897;-2.4495132015905567;0.0015613879744054682;0.06423982869379041;0.021262219262124623;-1.0000886533070197;0.0244723156928724;0.0540430304884265;0.022296274944806713;0.0004971238764144156;0.03727857315386655;-2.6381353018973903;0.39045642150087545;0
0.026209937063744825;-2.698076114814302;0.0006869608008854647;0.0458855919241358;0.03917216522931142;-2.4048073154421807;0.0015344585287524746;0.06423982869379041;0.027328560599172262;0.3468436940293718;0.023452635872336;0.0723972672580809;0.019916986060178575;0.0003966863337213477;0.027172730080559877;-1.6318730222706475;0.32656833864830925;1
0.035297715987000704;0.24399060871540357;0.0012459287538989653;0.0316100744366269;0.029899404942648984;0.742254605048616;0.0008939744159245025;0.028551034975017986;0.026546948478084337;2.6301924865663544;0.008157438564290801;0.0723972672580809;0.014897076049682509;0.0002219228748300242;0.009479196540448168;1.0663096022784242;0.27714105398411915;1
0.03749733033305115;1.0963345201753423;0.0014060497821059578;0.0367084735393087;0.03917216522931142;-2.4048073154421794;0.0015344585287524746;0.06423982869379041;0.029193844621332572;-1.5635892998399423;0.037728153359845;0.0723972672580809;0.01532195442230457;0.00023476228731917855;0.027172730080559877;-2.723657930001375;0.24361618172401264;1
0.04029090333829025;0.7235124551058156;0.0016233568918154486;0.0367084735393087;0.03201859583584709;-0.5474029928121418;0.0010251904792993244;0.03568879371877243;0.021225511714586653;-1.5730814706808165;0.0295707147955542;0.052003670847353904;0.01615839291923767;0.00026109366173247004;0.030730910547425723;-3.074142421863153;0.25404095309184;1
0.051625413529552584;-0.403245646699349;0.0026651833220973113;0.05710206995003571;0.030330975739905366;0.277798243756731;0.0009199680893347278;0.02651167533394516;0.01889299137958947;-1.511725987779407;0.028551034975017903;0.0438462322830631;0.020601909102267325;0.0004244386586580853;0.023317408915750647;-1.0918247960500196;0.27839854471627623;1
0.06670374101184455;1.100961662744093;0.004449389064975233;0.0479249515652085;0.031555754483119994;-0.7022283262814829;0.0009957656409989475;0.035688793718772316;0.020704773891097275;0.7930976934177482;0.0142755174875089;0.056082390129499296;0.03698825547386792;0.00136813104300012;0.021249250617200913;1.4696087544125678;0.4012764514104574;0
0.036355553985095386;1.386201909881014;0.001321726305563185;0.02753135515448149;0.025334478164061383;-0.34134399400156684;0.000641835783845303;0.03161007443662678;0.03263453365629418;-1.0690301815449021;0.040787192821454;0.0815743856429081;0.028551306602740308;0.0008151771087236823;0.019340515232004404;3.268908100582877;0.28412806259748147;0
0.036355553985095386;1.3862019098815341;0.001321726305563185;0.02753135515448149;0.014801171558406651;-1.8496957617938736;0.00021907467950138597;0.0193739165901905;0.02846897850171059;-2.2814570449221905;0.0448659121035993;0.06627918833486279;0.032982105372092355;0.0010878192747758035;0.021249250617200913;1.9161553325110152;0.34203721775884327;0
0.04769115665817716;-0.09124205714293628;0.002274446423394795;0.0479249515652085;0.011368401127495712;-3.171180978726234;0.00012924054419564577;0.019373916590191054;0.025900670326675396;0.19674162079749516;0.0254919955134088;0.0672988681553991;0.036546264167327897;0.0013356294245881147;0.039635748093223275;0.7875140777662418;0.39549609086136445;0
0.04832249651857242;1.7815720463694085;0.002335063669787444;0.034669113898235904;0.01904100198849399;2.2545923985430227;0.00036255975672583204;0.004078719282145538;0.017726012641957046;-0.7134510172685893;0.022432956051799798;0.0438462322830631;0.03626341052122465;0.0013150349426308665;0.02905345642882924;2.2692602798348127;0.4052893045379308;0
0.026778974252971835;-0.47247187741079105;0.0007171134620413285;0.029570714795554197;0.019049191080115574;2.1339479971428665;0.0003628716808067548;0.00509839910268195;0.026846835499156254;2.0895658060215503;0.022432956051799798;0.06729886815539911;0.027303582199529292;0.0007454856009264529;0.02670683074815086;0.6009828030675332;0.42632206177813803;0
0.01980647669594835;-2.7378842050794483;0.00039229651910714517;0.0336494340776996;0.019000003587400137;1.6048334005818994;0.00036100013632121803;0.008157438564290631;0.02903850487590129;-2.0473468233489434;0.0458855919241358;0.06729886815539911;0.027598480372914607;0.0007616761188941527;0.038278018269844664;-1.7715592881148094;0.5456595727359947;0
0.015671254780004987;-1.5595467610669946;0.0002455882263798292;0.022432956051799697;0.029749497344852396;2.5708773814235037;0.0008850325922713797;0.008157438564290631;0.04121575602491246;-2.008365826091955;0.0632201488732537;0.095849903130417;0.027783039964993803;0.0007718973096964429;0.04004468264737301;-1.9219368770631675;0.5454977893980297;1
0.050690498162354714;3.261484196852763;0.0025695266039476865;0.0265116753339451;0.03202184299328506;-1.0329237865015248;0.0010253984286865993;0.035688793718772094;0.04287144340339244;0.23062473317782306;0.0458855919241358;0.1091057407973895;0.03520337736617667;0.0012392777779854402;0.06325995446620583;-2.765460228898956;0.6002316505259229;1
0.05803940148363039;2.070893918198608;0.0033685721245780374;0.0265116753339451;0.028326184191077713;-1.3361551431050256;0.0008023727108268609;0.035688793718772094;0.032557979078392356;-1.7512738961509935;0.0458855919241358;0.07953502600183529;0.03522569829726404;0.0012408498205298704;0.06337296892871558;-2.7701169824149705;0.6003808515348896;1
0.07180023161594497;-2.452292207996212;0.0051552732601033435;0.11726317936168029;0.02800501944533056;-1.8150324985483586;0.0007842811141333427;0.035688793718772094;0.03253721454967685;-1.7327497529638407;0.0458855919241358;0.07953502600183529;0.029999319214506725;0.0008999591533338724;0.024108147982064024;1.5167941979611779;0.4183566073085809;1
0.07370458478721902;-2.272376548008134;0.005432365818656356;0.11726317936168029;0.04311931668854064;-0.6509961330338557;0.001859275471686659;0.04690527174467207;0.05567956034570369;-0.15413204232978236;0.06627918833486279;0.1376567757724073;0.022666862761415867;0.0005137866674448613;0.011770737376472856;1.3115448871714352;0.24581174070770584;1
0.0668376593866174;1.72042337308507;0.004467272712281484;0.0652595085143265;0.03542268486236521;-0.49179168009276353;0.0012547666028584373;0.04486591210359947;0.062167027937906315;-1.9517091269461133;0.0968695829509532;0.1447945345161618;0.01585997940799086;0.00025153894682189404;0.01099087567575141;2.7325392792478005;0.16002146539264764;1
0.06510398133963459;-1.4078711946665916;0.004238528386271489;0.0876924645661261;0.03618067706579008;-0.5895111984813267;0.0013090413929389886;0.04486591210359947;0.04610261041858011;-1.1327089864048514;0.0591414295911084;0.1040073416947077;0.01600471087610398;0.00025615077022768097;0.0103882905365201;3.324501602356932;0.16276329539687626;1
0.04436251797672286;-0.6193264447775005;0.001968033001235059;0.044865912103599505;0.035466686392552425;1.2059433377759536;0.0012578858436676635;0.034669113898235904;0.04557067649365966;4.82946066710916;0.0071377587437544965;0.1070663811563168;0.014643530485438741;0.0002144329850779738;0.00391744978588883;3.533331824713381;0.14543403268767838;0
0.03522252183650805;-0.4448241397872093;0.0012406260445232866;0.039767513000917604;0.03266876555483945;2.1694963694711773;0.0010672482428770642;0.015295197308045183;0.005741078111658811;-1.5208629797930335;0.0071377587437544965;0.014275517487508993;0.015005323872871203;0.00022515974452975843;0.00391744978588883;3.265872119178527;0.1494827304659993;0
0.030479729127429776;-1.7096370635532498;0.0009290138876814912;0.0428265524625266;0.017215686574267024;1.4198158719373215;0.0002963798642233978;0.015295197308045183;0.022351697987950458;3.81158847497818;0.011216478025899895;0.055062710308962995;0.01043390098562321;0.00010886628977778899;0.011922374243891781;0.5610490892170171;0.11598376384781094;0
0.02445744084151352;1.704286027778225;0.0005981664125161335;0.009177118384827099;0.01579681185360424;1.7699707031249627;0.00024953926473817145;0.006627918833486457;0.040861052733448366;-0.05137676520447224;0.0458855919241358;0.0978892627714897;0.031541529970651586;0.0009948681128895123;0.020826280079822207;3.2035277676928167;0.42296865628449415;0
0.029024179021612598;-0.6125001150178839;0.0008424029678786168;0.0346691138982359;0.017771413335304798;2.158685159782516;0.00031582313193424913;0.006627918833486457;0.05981619477675602;-1.340990033063586;0.0836137452839807;0.1447945345161619;0.0297795064145912;0.0008868190022966784;0.0122031715604137;3.313895796051007;0.4174364678327828;0
0.03795072405519845;1.3418508052910028;0.0014402574563138182;0.0346691138982359;0.0196800847003353;-1.1553173280482614;0.00038730573381237155;0.023452635872336147;0.04859071251996279;0.2548930243948071;0.0428265524625267;0.1305190170286529;0.027177716823362383;0.0007386282917308747;0.033570801957343833;-0.8711189252198063;0.44841361929015594;0
0.04324692808989559;-2.7217922911473322;0.0018702967892125998;0.0774956663607626;0.024380798254877798;-2.7365740559573344;0.0005944233235450523;0.04282655246252698;0.0408215925091463;-2.3310994558540075;0.06627918833486279;0.0927908636688079;0.023602705054640072;0.000557087685896332;0.02890839904838153;-0.28132465062718737;0.42048416444937764;0
0.036933670183477006;-0.6512179876145746;0.0013640959932218586;0.0428265524625267;0.02665443831050098;-2.819720346732885;0.0007104590816483025;0.047924951565208485;0.043060198695527026;-1.2860754576950875;0.0499643112062812;0.1080860609768532;0.029354488856891944;0.0008616860160493933;0.033570801957343833;-0.6880249004975525;0.48350793128498254;1
0.03782105032603876;1.222013076705564;0.0014304318477647564;0.0331395941674313;0.02663980614505285;-2.8107542492089865;0.0007096792714459956;0.047924951565208485;0.04486938815015037;1.212383910586856;0.0418068726419904;0.11114510043846229;0.02219900197993921;0.0004927956889053449;0.03277021547002791;-1.220323963276171;0.29289023589983504;1
0.018517789814870452;-1.7393987011304415;0.0003429085396277198;0.0234526358723361;0.020902192772029506;-0.38945885959880516;0.00043690166267908257;0.02396247578260413;0.049317096768241135;1.93418959894388;0.0418068726419905;0.1182828591822167;0.024866611156032302;0.0006183483503853101;0.033075152793084;-1.5295856814134297;0.3099462233195882;1
0.01431188829164754;-2.2658194619933965;0.00020483014647259791;0.0214132762312634;0.012774516885949144;-2.8581728941947673;0.00016318828166939978;0.02039359641072691;0.020528259383752214;-1.4249407782091115;0.02651167533394519;0.0489446313857449;0.016755822236649096;0.00028075757882618427;0.024314692884532557;-2.3836004774585775;0.19545601441463198;1
0.015656319499117537;-2.397401627674624;0.00024512034025844803;0.0234526358723361;0.01361186629629065;-2.5891785891083976;0.00018528290406809333;0.02192311614153153;0.015440659717726379;-2.8414718642516843;0.02549199551340879;0.03364943407769959;0.013892180485251591;0.00019299267863480516;0.023606388631670472;-3.2076601253106536;0.15854930301258313;1
0.021357363624817143;0.027121285719974964;0.00045613698100266246;0.0234526358723361;0.02651167533394515;3.159667712308739;0.0007028689290125158;0.005098399102681839;0.021905323808444316;-1.4457331538185905;0.02651167533394519;0.0540430304884266;0.015149404525654593;0.00022950445748192385;0.02400975556147647;-2.955695456383856;0.18494488292931385;1
0.03198285534531321;-0.06255827016129108;0.0010229030360392301;0.0295707147955541;0.026358279589315484;2.578111498895261;0.0006947589029085251;0.010196798205363455;0.020175750930365974;0.1581793181743881;0.016314877128581595;0.0540430304884266;0.01607197275560625;0.00025830830825694965;0.027673403502194258;-3.219908472703531;0.194468096144072;1
0.04874560158389267;-0.9474767366128987;0.0023761336737755994;0.0601611094116447;0.026032807246845598;2.620383461909396;0.0006777070531514167;0.006118078923218029;0.013710807638603077;0.20484792270653784;0.011216478025899902;0.0367084735393086;0.019426341209895392;0.00037738273280327997;0.027673403502194258;-2.1756909242078883;0.22907857356141187;1
0.08334596140275086;0.7490418907050641;0.006946549282148835;0.0703579076170083;0.02691066222167162;-3.1952325209268526;0.0007241837412089041;0.047924951565208485;0.027648181633661745;1.272732594211887;0.021413276231263406;0.0734169470786173;0.053371431233598714;0.002848509671922756;0.03833320235976684;2.8359104397784685;0.4833635174782917;1
0.07289819333828952;1.4247432229509596;0.005314146591986639;0.0703579076170083;0.05029048056509492;1.0050388629803517;0.00252913243546819;0.0489446313857449;0.04517538363737148;-0.2619594645862134;0.046905271744672204;0.116243499541144;0.051447640684132455;0.002646859731963601;0.025961139574129807;3.2224338991347543;0.45572777443651247;1
0.09319867981583403;0.34614153444735746;0.00868599391941435;0.0825940654634445;0.045553561174568775;0.9122958725649882;0.0020751269356851796;0.029570714795554065;0.04473827055874455;-0.20530814639902792;0.046905271744672204;0.116243499541144;0.050296999960382824;0.00252978820501475;0.025961139574129807;3.478728560633762;0.4412548849378794;1
0.10088030067453438;-0.4033206371095612;0.010176835064184462;0.12032221882328939;0.04742607468668344;0.021081341690461386;0.0022492325601868755;0.04690527174467218;0.03412501382824842;0.28635602678581523;0.029570714795554204;0.08973182420719891;0.0626398560521163;0.003923751566229851;0.03778875429618245;1.8602386794534975;0.6235536581834227;1
0.09697551806041423;3.3489697763746;0.009404251103085725;0.0418068726419903;0.04761970265511236;0.04756254009211484;0.002267636080961315;0.04690527174467218;0.026586085973134183;2.3107189351681163;0.010706638115631698;0.0723972672580809;0.07004944728885344;0.004906925065473857;0.05305712970878922;2.5558268822810652;0.8389990357315736;1
0.036029488618445724;-0.8910816327613963;0.0012981240501067101;0.0418068726419903;0.039144285153595686;0.8505234219770076;0.0015322750601860114;0.041806872641990345;0.029274757254931547;-1.6082917080985137;0.038237993270113096;0.0723972672580809;0.026208875025375226;0.0006869051300957372;0.04122951498673658;-2.4928654176501346;0.5088063094342821;1
0.04348070669242373;-1.459113959770626;0.0018905718544725816;0.058121749770572;0.02390708871745057;1.115966507472642;0.0005715488909440523;0.01733455694911812;0.025675894240126597;-1.9476684026459867;0.038237993270113096;0.0601611094116446;0.020766836143972612;0.00043126148343060723;0.0332452423220825;-2.5620727429297303;0.43675393471846014;0
0.03551795261477087;-2.5236003996995784;0.0012615249579451088;0.058121749770572;0.013558291129678572;0.8097768780327653;0.00018382725835712065;0.013255837666972692;0.018389608235823092;-2.686588865301376;0.0295707147955541;0.0412970327317221;0.01563679161576676;0.0002445092520349137;0.009815812429590839;2.9288858264094344;0.40127347251616174;0
0.03272520961737801;-1.6541568479597533;0.0010709393445013302;0.0448659121035994;0.015369791929370338;-2.624258424667713;0.00023623050395213757;0.02549199551340897;0.019753911643882727;-2.999176198608558;0.0367084735393086;0.0412970327317221;0.015267482477960254;0.00023309602121482335;0.009815812429590839;2.730924051961383;0.3827036244274169;0
0.0353109689210271;-2.3546605842635535;0.0012468645261417416;0.0530233506678902;0.015780348261998842;-2.009745424749711;0.00024901939126996994;0.022432956051799735;0.0167146642746159;-1.5667482436541427;0.0244723156928724;0.039767513000917604;0.013362662416318838;0.00017856074685249998;0.010012561277435383;1.6990026262715456;0.30381432595095553;0
0.03154916389105099;3.762985661352521;0.0009953497422243956;0.0112164780258998;0.02137682807508591;-2.048659079701937;0.0004569687785517812;0.030590394616090588;0.018355652936993604;-1.2298014675527718;0.024982155603140502;0.044865912103599304;0.01566787884829654;0.0002454824276048981;0.016313304602139738;0.6040828139498077;0.3809761590276184;0
0.008700205570594338;0.6340191401059391;7.569357697060074e-05;0.0081574385642908;0.01996203930911801;-1.3724531283708739;0.0003984830133787726;0.02549199551340897;0.012214896044367735;-1.6384288992157288;0.016314877128581602;0.0300805547058222;0.009008392515694434;8.115113571681948e-05;0.010771805069330207;0.16512094081830023;0.27268487161966204;1
0.023290254973370658;4.420368761697834;0.0005424359767246167;0.0030590394616090005;0.022123762571374786;-2.494772384154382;0.0004894608703145638;0.03568879371877243;0.022719647149114838;0.26369725808658967;0.024982155603140502;0.057102069950035604;0.011992759401575275;0.00014382627806407215;0.02078436634676559;-2.5749242060955866;0.3218437967194913;1
0.02586250576011447;-2.544406780202847;0.0006688692041919541;0.0387478331803812;0.020995254551698556;-0.6445830712150501;0.000440800713690619;0.02804119506474967;0.028463499659211574;-1.351909607936283;0.0356887937187723;0.07137758743754449;0.014481452713727968;0.00020971247269993911;0.02560487168008718;-3.037884561078678;0.3531500423092634;0
0.021948001176378806;-2.4682971181203706;0.00048171475563832546;0.0356887937187722;0.011937224033872408;1.0957428783210499;0.00014249731763486104;0.01121647802590009;0.03697235855740041;-1.6622265159945175;0.0499643112062812;0.09075150402773521;0.019479014657818008;0.00037943201203948884;0.02949102968629985;-2.1967582464759587;0.42757919125087623;0
0.019068285283744255;-0.04556624335220268;0.00036359950366225767;0.019373916590190603;0.010388731010054084;0.5452731186028927;0.00010792573199925934;0.008157438564290853;0.026654438310501093;-0.601912546846903;0.029570714795554197;0.0693382277964719;0.02023032272571654;0.0004092659575866432;0.030551672858573922;-2.274517397494023;0.44977129866421867;0
0.01781523932870044;-0.8359060422996075;0.00031738275233887485;0.021413276231263403;0.013287175388405818;1.7161532794765684;0.0001765490298022573;0.008157438564290853;0.01819778555886093;0.5798816568056075;0.014275517487508896;0.048944631385744904;0.01940506052821526;0.00037655637410369795;0.01792945453213437;1.5184202004474645;0.3575394763933613;0
0.020164152337323042;-2.577790500111;0.00040659303948277037;0.0336494340776996;0.026749838160944225;2.7934173451230677;0.0007155538416367079;0.008157438564290853;0.02739506047994887;-0.4964187388734776;0.029570714795554197;0.0713775874375446;0.02003079059369588;0.0004012325718084953;0.014043296525921699;3.041260027548683;0.34990084339983096;0
0.020140289808406233;-2.559675282153665;0.00040563127356659195;0.0336494340776996;0.029915049526405044;2.105850762324637;0.0008949101881672666;0.02651167533394516;0.026703154289134667;0.09229471133861249;0.0234526358723361;0.0713775874375446;0.020017528813758137;0.0004007014598096373;0.010511660725763018;3.8574877560470733;0.34540746841603237;0
0.02221580241719786;-0.7187861187495402;0.0004935418770399742;0.025491995513408798;0.030277795062254077;0.9254443388481578;0.0009167448738318573;0.033649434077699825;0.05340144120235983;3.085204927905442;0.0234526358723361;0.1396961354134801;0.046274203793586904;0.002141301936730413;0.012390512466896951;2.6990701118284357;0.6259157789187101;0
0.037307254559275284;2.6499848045928367;0.0013918312427505667;0.025491995513408798;0.030671860524964994;-0.8174300869867229;0.0009407630280629059;0.03976751300091785;0.05729021866045229;-1.8391738183536919;0.0734169470786173;0.1396961354134801;0.03860781795537044;0.0014905636072750242;0.047941419608198754;-0.7827879639337958;0.41878446965392646;0
0.0418450931643493;-2.801721081128845;0.0017510118219330722;0.0723972672580808;0.02711658225935704;0.7821361663356434;0.0007353090334284769;0.020393596410727133;0.058518429020806687;-1.272041537023263;0.0723972672580809;0.1396961354134801;0.03782417353396733;0.0014306681035276749;0.05015477049866228;-1.824156981756906;0.37363618173540464;0
0.0451382554261213;-1.3055833857898282;0.002037462102913769;0.0576119098603037;0.016403856471655112;1.022362156570896;0.00026908650714266134;0.014275517487509104;0.03693859640876446;3.6734131344881624;0.015295197308045294;0.09381054348934431;0.03415007208881386;0.0011662274236711836;0.01914944814439637;2.2421319482236703;0.2978616012867433;1
0.04378631479573814;4.206346344081719;0.001917241363391477;0.014275517487509003;0.007548386060292388;3.237785710480047;5.697813211521644e-05;2.220446049250313e-16;0.013979285986704582;-0.6933643904532486;0.015295197308045294;0.03619863362904051;0.01746707711599555;0.0003050987829761355;0.01914944814439637;-0.5722697668923544;0.14088930934095156;1
0.00992814230214314;-0.3209955670049827;9.856800957160407e-05;0.0122361578464363;0.007496554002534067;2.8496629615398894;5.6198321912909537e-05;0.0015295197308043962;0.01186076559485684;-0.9417214436025224;0.014785357397777102;0.029570714795554204;0.013175937216736554;0.00017360532153938343;0.010970224205574225;0.6998246696897018;0.11575560501844788;1
0.01543729243828007;-0.12801184179021993;0.00023830999782497903;0.014275517487509003;0.009051632923900163;1.9656382056997306;8.193205858903342e-05;0.0015295197308043962;0.017966341764760713;-0.4618370597233484;0.01835423676965431;0.0469052717446722;0.019972558456780802;0.0003989030913095263;0.017965093732935006;0.1566367456596313;0.1867402214480321;1
0.02014222566120323;-2.124131167476213;0.00040570925458683396;0.030590394616090602;0.0051187520742372655;3.797418272864609;2.620162279750831e-05;0.0020393596410728243;0.031270273525280945;1.0964414904591895;0.0209034363209952;0.0846334251045172;0.034207748246068787;0.0011701700400664223;0.025602000586239418;0.8161879590931646;0.3723493335488699;1
0.015674571798728054;-2.0073233688661354;0.00024569220107348083;0.0214132762312634;0.01154536951542209;2.5232374154560318;0.0001332955572476377;0.0035688793718772205;0.03771161438629078;-1.4677807372397236;0.055062710308962995;0.08718262465585801;0.03291776330819557;0.0010835791412143864;0.05745322753977448;-2.8293640940627394;0.45802531413906716;1
0.015386694817938014;-2.6561137525317364;0.00023675037742036052;0.0254919955134087;0.013969055311314553;-2.325960713830613;0.00019513450629056535;0.021923116141531418;0.045037077209192505;-1.9407808045470094;0.0662791883348628;0.1085959008871213;0.03266845352328347;0.0010672278556029323;0.04649751209818132;-2.039613668838174;0.5923560593021516;0
0.016282980955105428;1.2472895040292116;0.00026513546878432603;0.0132558376669725;0.013915921345932602;-1.8532408450069653;0.00019365286690618263;0.021923116141531418;0.03529771598700068;0.2575857415993544;0.032629754257163204;0.09126134393800331;0.024394849153799324;0.0005951086652366236;0.019146127597216695;2.5711061881211017;0.6199510599816949;0
0.017696660059073947;2.7639243821471453;0.00031317177724642315;0.0142755174875089;0.00925046879171341;1.934696801701996;8.557117286646376e-05;0.008667278474558948;0.01941278643321114;1.9901804637640115;0.008157438564290801;0.0535331905781583;0.009469826738053872;8.967761844876003e-05;0.012619351059042733;-1.2728162900404527;0.3440287653698874;0
0.018444652276284786;4.276339288378341;0.00034020519759305753;0.0081574385642908;0.004409452087374294;0.5927035374182701;1.944326771084952e-05;0.0040787192821452045;0.012517582167369753;-2.8572583638606335;0.0209034363209951;0.0275313551544814;0.005901129810852039;3.4823333044526624e-05;0.007588330391329275;-1.0255950950334476;0.23614175468373944;0
0.029270317312954958;4.7163331251759955;0.0008567514756010708;0.0081574385642908;0.0059194148154175855;-1.9373574655057173;3.50394717569852e-05;0.008667278474558948;0.011027166644838958;-2.8327762363868465;0.0173345569491179;0.023452635872336;0.013854537213306952;0.00019194820139490715;0.007588330391329275;3.728090939687507;0.4803536082714571;0
0.029408527703798114;4.846143448787555;0.0008648615017050613;0.006118078923218098;0.006592527735390895;-0.6363178498661372;4.34614219418982e-05;0.008157438564290853;0.0137751158214609;-2.1890035653931057;0.0193739165901906;0.0326297542571632;0.013446842265046222;0.00018081756690103341;0.007588330391329275;3.535924769937715;0.45207517884117177;0
0.049330798743436;1.9989319092152382;0.002433527704665387;0.006118078923218098;0.007711907984577958;-2.837791579050384;5.947352476259726e-05;0.014275517487508882;0.026281245972300162;2.6063404961165966;0.0112164780258999;0.0703579076170082;0.03765394717376124;0.0014178197377644024;0.02624602264974822;2.8138503837862103;0.7814653297082521;0
0.049357664646468326;1.9398685592551341;0.0024361790593532295;0.009177118384827099;0.009051632923900124;-3.1649875028988146;8.193205858903269e-05;0.016314877128581484;0.022784767836189445;-1.0644034434104388;0.0316100744366269;0.05302335066789031;0.03449817810265171;0.001190124292402278;0.024293992643390556;2.7054596016069326;0.6372271562782381;0
0.04935397803546829;1.9324353353328618;0.002435815147925486;0.009177118384827099;0.01586904874270264;2.4057650725765476;0.00025182670799827223;0.0040787192821454266;0.021176469339180198;-1.4020037341204248;0.025491995513408798;0.05302335066789031;0.031413413130281516;0.0009868025244937433;0.007533487536536723;2.87621197941561;0.5228494793620315;0
0.03175692902297022;3.2090243701146215;0.0010085025409699684;0.019373916590190703;0.020889753210865857;0.24974270229103132;0.00043638178921088036;0.01835423676965431;0.01701063115826854;0.5361810561511126;0.018354236769654406;0.04180687264199041;0.03220676208193939;0.001037275523802649;0.02940691292833339;0.14364843610115585;0.49140406099986317;1
0.03190147804345727;-2.1867822265001755;0.001017704301357186;0.05098399102681761;0.024080424963761133;-0.08028922292174911;0.0005798668664353304;0.029570714795554398;0.009034386227527018;-2.9949288003482;0.015295197308045308;0.019373916590190707;0.025102403080440348;0.0006301306404129011;0.035201289622446855;-1.5816507609325303;0.3180975449970839;1
0.038751858023269005;1.4641764401726434;0.0015017065002555985;0.019373916590190703;0.02379811245166333;-0.18594086669045615;0.0005663501562620133;0.029570714795554398;0.019328245503712673;3.0462462612276275;0.005098399102681797;0.05200367084735401;0.02150541229223476;0.00046248275785900185;0.02940691292833339;-1.702762562998937;0.3318816060802777;1
0.04038369806936458;1.334482904740258;0.0016308430697576002;0.0305903946160905;0.0249081712888619;-1.7074646267560307;0.0006204169969552843;0.03772815335984525;0.039574875998706044;0.4972596968851555;0.0387478331803814;0.0973794228612215;0.020607406276973363;0.0004246651934642411;0.022768256958740872;-1.1560898038086005;0.3116376477047766;1
0.04525471843515226;-2.2237255645552594;0.00204798954064491;0.06525950851432641;0.029282747454030707;-0.3626839977040686;0.0008574792984565418;0.03772815335984525;0.05625177198607754;-1.8275251980368143;0.0841235851942489;0.133578056490262;0.020831913542749343;0.0004339686218525835;0.022768256958740872;-1.033890902332228;0.2955912024161713;1
0.045996489716120054;-2.385725403727188;0.002115677066205138;0.06525950851432641;0.028153136408304788;-1.3163011563784377;0.0007925990896246167;0.03670847353930873;0.05412233417544358;-1.6412143516939632;0.081574385642908;0.1264402977465075;0.02217953939449774;0.0004919319677520772;0.03155359406594601;-1.5556638195118069;0.30705768007184675;1
0.03873709822154404;-2.9664293071324614;0.00150056277862555;0.061180789232181;0.019472948100079213;0.4665026992373349;0.0003791957077083786;0.016314877128581595;0.03555745033988519;1.0840400421058536;0.03619863362904051;0.0876924645661261;0.01881669147592151;0.0003540678781000173;0.022641036087393908;-1.0901252143066635;0.2846278112773462;1
0.031656090998590666;-2.960306700827381;0.0010021080973110531;0.061180789232181;0.012265862452285515;-0.966291576738931;0.00015045138169838765;0.015295197308045405;0.02523681806205697;-1.5890296522080867;0.03619863362904051;0.06016110941164471;0.02654999176519094;0.0007049020627317067;0.022641036087393908;1.2142834084645717;0.42900371413385846;0
0.027423511064498654;0.5069619903649816;0.0007520489591046801;0.0295707147955541;0.021755293734017855;1.4161690645259821;0.0004732928054533965;0.015295197308045405;0.046081180195695924;0.11076693510284603;0.05404303048842661;0.1101254206179259;0.02761453282644981;0.000762562423223074;0.03490377941116872;-0.8027212943922409;0.4646172962747411;1
0.028142054677346953;-2.5612579767193773;0.0007919752414627854;0.0489446313857448;0.018699382201408758;-1.3005066681733293;0.0003496668947143626;0.027531355154481463;0.04445032174527104;-1.5251106749502636;0.0591414295911083;0.1101254206179259;0.027145611124359034;0.0007368842033149248;0.03170023151058333;-0.4469837181456171;0.5465929038576769;1
0.02127444103657898;-0.8254342046981277;0.0004526018414188757;0.0295707147955541;0.016324433827904692;0.2964803152519207;0.00026648713980163905;0.01325583766697247;0.03281721921084262;1.2815469561023984;0.018354236769654298;0.0907515040277352;0.020168529973792426;0.0004067696013037636;0.02491936667832497;-0.7949905353472649;0.5874955888882291;1
0.019306715844561964;-0.7263761722231775;0.00037274927670265994;0.020393596410727;0.015065747781577026;0.2177258199525897;0.00022697675621809307;0.01325583766697247;0.020729867554277102;-1.6119266660332083;0.0295707147955541;0.0499643112062812;0.012575642911582323;0.00015814679463963072;0.01244072537652443;-0.460934575906992;0.44460715702447223;1
0.03161336355524967;-0.4913184622016189;0.000999404755276388;0.0367084735393086;0.016764354950649433;-1.4180856310023937;0.00028104359691136417;0.02447231569287256;0.01994771045919195;-2.001186131653872;0.0316100744366269;0.0458855919241358;0.02279938963330359;0.0005198121676511912;0.013954727308290317;1.3231498867248075;0.5839133415169837;1
0.02526667012004485;-0.007594245033105314;0.0006384046189551673;0.023452635872336102;0.01427733822822002;-0.00414947313495162;0.0002038423868829928;0.012745997756704264;0.023437113868924057;-1.823513712191577;0.0336494340776996;0.0571020699500356;0.025132010831042807;0.000631617968411653;0.03119004018601068;-1.7257740539218294;0.5914401357885773;1
0.029417365197672993;-1.3473955812868823;0.0008653813751732623;0.0438462322830631;0.015734984564098043;1.8004753342840385;0.0002475897392324037;0.013255837666972359;0.02422249360028071;0.7620521885054442;0.0275313551544815;0.058121749770571995;0.02469668084937305;0.0006099260449757896;0.029713954179520906;-0.9115993450271146;0.5227925101756113;1
0.03138726210180787;-1.4817022994833084;0.0009851602222475846;0.0448659121035994;0.018713972369755624;-2.9859633498753237;0.0003502127618559769;0.034669113898235904;0.01579681185360477;-2.6179687499980937;0.0275313551544815;0.034669113898236;0.020338532749632897;0.0004136559144078898;0.029713954179520906;-2.116000834971986;0.4077039437014374;1
0.050895201568280146;-0.9444918732636106;0.002590321542675866;0.06831854797593541;0.024875276793041665;-1.491834715136503;0.0006187793955304373;0.03619863362904052;0.014286438451101563;2.7233234086872926;0.011216478025899798;0.034669113898236;0.03640168815489155;0.0013250829005259721;0.019105270354305003;1.7812410371006233;0.532440694310813;1
0.05301354514757209;1.6046342227548536;0.0028104359691136643;0.0509839910268175;0.026392280431479065;-0.9689750396324529;0.0006965524663738328;0.03313959416743162;0.022439907337217714;-2.012378441476097;0.0336494340776996;0.0489446313857449;0.03676947636015867;0.0013519943918002672;0.008981148155034507;2.909663369445352;0.5723651175601032;1
0.05287411051371603;1.8433037014882234;0.002795671562616656;0.0489446313857448;0.0264576950042401;-1.0411373078889063;0.0007000096249373916;0.0336494340776996;0.02069221564775655;-2.1385388919061215;0.0295707147955542;0.0489446313857449;0.03820919685232065;0.0014599427240993906;0.013545705978300585;3.3867096361842095;0.636383313213336;1
0.050438604302713075;0.7409911459255802;0.0025440528040056656;0.0509839910268175;0.03125780216431702;-2.7472221435479653;0.0009770501961435816;0.05608239012949956;0.039449882311827986;1.9596983273920923;0.0295707147955542;0.09992862241256249;0.0436373595519238;0.001904219148663875;0.06753110990582101;-2.549408520161922;0.6160141004412855;1
0.044926125505737206;2.1376788418148727;0.0020183567529572515;0.0193739165901907;0.031859079699867475;-1.4881613249675307;0.001015000959322508;0.04384623228306295;0.03769093046364999;1.3231154194000123;0.0254919955134088;0.09992862241256249;0.03559800507842433;0.0012672179655635245;0.05551161863381237;-2.2311237486585207;0.438710490217279;1
0.02056368349876972;0.7095056258584383;0.00042286507903757404;0.021413276231263403;0.032565961910209607;-1.6080305651672298;0.0010605418751372228;0.04384623228306295;0.03900458585030401;-0.5465001437863286;0.0448659121035995;0.09992862241256249;0.026249590156623485;0.0006890409833907046;0.02784888860647359;-0.5225998655521202;0.3626803618836407;1
0.019008210341906386;0.23843486361587315;0.00036131206040215694;0.0193739165901907;0.03472455215195102;-1.8111687800726273;0.001205794522153566;0.0520036708473538;0.03244280850553628;0.25947339866248714;0.035688793718772295;0.0815743856429082;0.02502869053709387;0.0006264353500016122;0.015941214838479975;1.5316967874061203;0.31171533513534627;1
0.054270536636059886;2.980486481021115;0.002945291146765918;0.023452635872336102;0.04716501426319256;-2.4686002461736116;0.002224538570447158;0.07545630671968995;0.03376202846964707;-2.473897485849868;0.05608239012949939;0.07647598654022641;0.02476100991219457;0.0006131076118717977;0.02766273002733878;0.4954604818030906;0.2485495951809056;1
0.06478217779164148;-2.5081311300331364;0.004196730559427848;0.09890894259202601;0.04302879698136581;0.524141296256945;0.0018514773696635956;0.04894463138574501;0.029530251532391118;-0.4769403794778775;0.0326297542571633;0.07647598654022641;0.025309260351929624;0.0006405586595617568;0.03255343125038372;-0.5647462342779654;0.25158273262024744;1
0.06267340725033316;-1.4713939210932996;0.003927955976366112;0.0948302233098806;0.046004400757542946;-2.6883948455808433;0.002116404889060618;0.08055470582237179;0.035736104637249334;-0.5172578481287703;0.04078719282145411;0.0912613439380035;0.024000248355105;0.0005760119211067203;0.03689452890289267;-2.1456581589727945;0.21589306272344544;1
0.05884003185633793;1.7403181771139415;0.0034621493488548624;0.054043030488426604;0.04360606835412786;-2.002735504313615;0.0019014891973048711;0.06729886815539943;0.03972107738536215;-2.488223909092573;0.0652595085143265;0.0912613439380035;0.031793015720968446;0.0010107958486337467;0.03689452890289267;-0.02311926374527573;0.2979813556076184;1
0.02505592145988271;-2.4849904110132974;0.0006277992002038108;0.0428265524625267;0.033237495692886046;-1.7393893425605285;0.0011047311199346185;0.04690527174467207;0.03670564098607819;-2.6110178961957096;0.0652595085143265;0.0800448659121036;0.033900045307698815;0.0011492130718640326;0.05114231691220976;-2.0173573086881;0.32644822510075727;1
0.02136466487178302;0.5382122991241083;0.00045644890508359935;0.019883756500458802;0.032840972840905744;-1.7126832876128297;0.0010785294971371088;0.04690527174467207;0.03477467001123895;0.86502456287322;0.037728153359845;0.0800448659121036;0.02939592231646179;0.0008641202488354563;0.038417693299207786;-1.8727990072242247;0.3219095841951647;1
0.011858573824425555;-0.3407224931162662;0.00014062577314935093;0.011216478025899895;0.030342971380374346;2.5318129689033135;0.0009206959121902167;0.024472315692872337;0.03475074214016596;4.892723397769861;0.0050983991026817;0.0800448659121036;0.029118657264767388;0.0008478962009029905;0.019612448935528624;3.1491996279114196;0.3622553328858207;1
0.011690797012650453;-0.04080000685768089;0.00013667473479099675;0.011216478025899895;0.030483140210102525;2.5008294419145436;0.0009292218370687695;0.024472315692872337;0.02316940532832055;4.759651176413866;0.0050983991026817;0.0540430304884266;0.020136363602087697;0.00040547313911548215;0.019612448935528624;1.3891468136914042;0.26479766794653037;1
0.0134775290684416;0.6001051274591743;0.0001816437897906883;0.011216478025899895;0.025208992989272885;2.741988659336407;0.0006354933275332095;0.0030590394616092365;0.025518493416990837;-2.8617041777435452;0.0397675130009177;0.0540430304884266;0.02474077890965466;0.0006121061410564127;0.0328075256199233;-1.9426791395909337;0.2809211027318797;1
0.009896674260061293;2.350805306446015;9.794416140975975e-05;0.005098399102681797;0.030449012187523373;1.1670255120525574;0.000927142343195947;0.02549199551340875;0.026560653161275226;-3.127266625358503;0.0489446313857449;0.054043030488426694;0.02524652358595741;0.0006373869531763038;0.0328075256199233;-1.7788407825042256;0.26957520921299555;1
0.031254475627601266;3.621235350747343;0.0009768422467563214;0.018354236769654402;0.030729434873532833;2.323997204554047;0.0009442981676466958;0.022432956051799513;0.05071510619721775;1.4698797088999314;0.0489446313857449;0.1213418986438258;0.03310576326707127;0.0010959915614953655;0.04906854319352796;-2.6020630630992536;0.37786532596147543;1
0.04011633468020155;-2.998549592191143;0.0016093203081739417;0.0723972672580809;0.029024179021612497;1.5417171497863151;0.000842402967878611;0.01835423676965453;0.05007136694522279;2.981598107360154;0.035688793718772295;0.1213418986438258;0.02956721015604248;0.0008742199164115816;0.026124337289673213;1.0450452369992753;0.3206805675550467;1
0.03698782257618096;-2.8571865725122696;0.0013680990189270418;0.0581217497705719;0.029456218671671877;1.7459183266853213;0.000867668818433351;0.01835423676965453;0.058547738640816464;-3.009817477004892;0.10706638115631681;0.1223615784643621;0.034795762445792376;0.001210745084184015;0.06146728584462825;-2.703762951162256;0.4399801976072613;1
0.03845423374559638;-2.8325275038303164;0.0014787280929609633;0.061180789232181;0.049068747494127436;3.5590756111186317;0.0024077419806424376;0.022432956051799735;0.07542736430926794;-1.1009431020249671;0.081574385642908;0.1916998062608341;0.03804559242938743;0.0014474671033030623;0.06146728584462825;-2.116830280223192;0.4683839796214873;1
0.03976751300091789;1.9852180420851273;0.0015814550902781732;0.009177118384827203;0.052110527475928654;-0.973840610681202;0.0027155070738195154;0.06322014887325378;0.06758254465657285;-1.2738647641688072;0.081574385642908;0.1651881309268889;0.04042112952152184;0.0016338677117956446;0.0737625755219623;-2.810466615948734;0.48300706701743173;1
0.04829559299197416;0.1611945763857688;0.0023324643024464236;0.050474151116549404;0.05157705436337513;-0.9124849443483617;0.002660192536802554;0.06322014887325378;0.06690218689888745;-0.2607609292001338;0.081574385642908;0.1651881309268889;0.034306691358460664;0.0011769490719646795;0.03687744661944532;0.279231392762964;0.3630780456740458;1
0.04843532814609334;-0.07164322146224815;0.0023459810126197416;0.050474151116549404;0.04411573773122757;-0.7718394224165799;0.0019461983155704555;0.05608239012949934;0.060818580436205416;0.9226984254756788;0.0418068726419903;0.1651881309268889;0.040768853232703454;0.001662099393909715;0.07297517046577634;-2.946777593527131;0.467163427579976;1
0.03466086550670433;-2.560212236230914;0.001201375597673846;0.050474151116549404;0.03659500039752498;1.3355803450870074;0.0013391940540948533;0.020393596410727022;0.06108980012123952;0.7154382059309382;0.0448659121035994;0.1651881309268889;0.04264273502398639;0.0018184028503259154;0.07297517046577634;-2.8315651753135493;0.4961472077016273;1
0.03961295339189628;-2.8766126672832404;0.0015691860764285468;0.06984806770674011;0.02087979622592887;1.1847377851255072;0.0004359658904363134;0.015295197308045405;0.0384691020767447;1.2250551193075527;0.033649434077699505;0.09890894259202601;0.042616319119616594;0.0018161506553049987;0.06318977730864861;-2.342286376759752;0.664960605343997;1
0.037151905174338265;-2.0871014076417524;0.0013802640580830225;0.05812174977057201;0.04129010839934808;2.019718516227421;0.0017048730516299147;0.035688793718772316;0.02417738049601677;-2.2297541257147393;0.0367084735393086;0.057102069950035604;0.04098117170143489;0.0016794564340224878;0.06318977730864861;-2.5783081316148184;0.6499560328023396;1
0.02562826837165574;-0.2387809050768439;0.0006568081397296099;0.0295707147955542;0.041237193339229525;4.287207341019022;0.001700506114496996;0.014275517487508993;0.01998156209061442;0.9822387695320387;0.021413276231263403;0.0489446313857448;0.0357276139126309;0.001276462395890017;0.022900079602099013;2.342182154077156;0.6496605225890171;1
0.0286292247532354;-2.6681674197823804;0.0008196325099712664;0.04894463138574491;0.039324491332008;4.670841511810011;0.0015464156185211724;0.007137758743754441;0.013782661763314722;-0.00899659638938862;0.012236157846436203;0.0367084735393087;0.037358116408834914;0.0013956288616160605;0.048172820158853054;-1.119810995709938;0.5964370583037825;1
0.026953129400294394;1.4162343942058655;0.000726471184469014;0.027531355154481407;0.03709589020818035;1.908954531357472;0.0013761050703373703;0.0336494340776996;0.02139627481831611;-0.8470485689221393;0.023452635872336102;0.0540430304884266;0.03445488159304035;0.0011871388655904308;0.02527274055675404;0.8069055735350806;0.48568144839681787;1
0.020583898478828033;1.5554518423710324;0.00042369687658669905;0.009177118384827099;0.04792820575202566;0.7014052751239058;0.0022971129066085057;0.035688793718772205;0.02050291897243369;3.6472850079558676;0.0030590394616090977;0.0540430304884266;0.02626394820413414;0.0006897949752694408;0.0362314871624467;-1.8931208144752258;0.28758124681108677;1
0.02076494773720474;1.936732600442511;0.0004311830545288443;0.0081574385642907;0.0356713092103078;-1.8045084256755501;0.0012724423007773901;0.04894463138574501;0.020864851839264818;0.28760361164355314;0.0193739165901907;0.0540430304884266;0.023227972906660517;0.000539538725352555;0.014032450467815663;1.4598620451283832;0.2673346625932576;1
0.04698500500567919;3.337899031207286;0.0022075906953836987;0.0081574385642907;0.03467960901371788;-1.0283069409014363;0.0012026752813443424;0.04180687264199057;0.03236580044479229;-0.06739281690044763;0.031610074436626896;0.0856531049250535;0.017370637306925597;0.0003017390404487553;0.007388857471081825;3.428586831311255;0.18742116027384734;1
0.04676318805059721;2.9138558140533184;0.002186795756655518;0.01631487712858161;0.034594056191877956;-0.9424683405281193;0.0011967487238068097;0.040787192821454044;0.057794351222364794;-0.03776178291873933;0.0632201488732538;0.14581421433669822;0.0317382236799254;0.0010073148423569772;0.034481031164876275;-0.09240439068327433;0.29694390157847644;1
0.047135244284069046;0.24898238123707608;0.002221731253718864;0.040787192821454106;0.023666678572278586;-2.923497771467455;0.0005601116746435503;0.03772815335984503;0.04870292276681096;-0.8320149871211733;0.057102069950035694;0.12338125828489852;0.027795000874839416;0.0007725620736323238;0.03079504686090373;0.6044363309154074;0.2490889518458562;1
0.03954465061622392;0.6797286137672943;0.001563779392359219;0.040787192821454106;0.02299824485805989;4.049250916884802;0.0005289192665512783;0.0030590394616090144;0.04710104073389435;1.1079189565555296;0.0397675130009177;0.12338125828489852;0.03137440604292534;0.0009843533545463498;0.05256191640957748;-2.813257835019961;0.2706089395953387;1
0.037035579629740197;0.9639597486538077;0.0013716341585108271;0.0326297542571632;0.009286926745437907;-1.1989673292807481;8.624700837512991e-05;0.01325583766697258;0.036556623713993895;-0.4822095553509899;0.0397675130009177;0.09483022330988071;0.038372037308355735;0.0014724132471938443;0.05624790071355003;-2.1136379158965455;0.3474841538148441;1
0.02777013328622326;-0.8300465741150802;0.000771180302734605;0.0326297542571632;0.012041291885933258;-0.7679088351114594;0.00014499271028224213;0.01325583766697258;0.04811441108352815;-2.2728603042109206;0.0744366268991537;0.113184460079535;0.049783784435370626;0.002478425192707451;0.08012119698546397;-2.3052919987356177;0.4938627195941056;1
0.07022700081499308;2.6851814720398175;0.00493183164346904;0.037728153359845;0.030649818222064074;2.231518714192988;0.000939411357045571;0.023452635872336258;0.08774758109594764;1.9387578720381409;0.06627918833486289;0.22636892015907;0.0532195276813248;0.0028323181266232964;0.08012119698546397;-2.066231040379597;0.5157007596584497;1
0.07807911508365839;-2.21339197451792;0.006096348212247172;0.1182828591822167;0.03438377893780589;1.6404898978064608;0.001182244254043904;0.031100234526358794;0.08246997414291152;1.2766744515063084;0.0499643112062811;0.22636892015907;0.054388944770424365;0.0029581573132402717;0.08012119698546397;-2.303585727394392;0.5510845750166661;1
0.061803869784067156;-1.6579254181481378;0.003819718320285929;0.0805547058223717;0.03556768333092399;1.4458434890068734;0.0012650600975288883;0.032629754257163746;0.06008588259560758;0.26861601957636455;0.0652595085143264;0.1519322932599163;0.04850460677736651;0.0023526968786269494;0.014525106500984528;3.4554984137079594;0.5736909375143437;1
0.04453211573474805;-1.1112649833934032;0.001983109331812995;0.0530233506678903;0.039780583671114866;0.6814780503555937;0.0015824948372145705;0.03772815335984514;0.05117787139146391;-0.3972725765397165;0.054552870398694796;0.133578056490262;0.04822191473997356;0.002325353061189279;0.01171157630695413;3.4697442958889986;0.566576567049553;1
0.03857975815721991;-0.5644738798911616;0.001488397739469576;0.04588559192413581;0.045936547622151123;-2.9291283210487156;0.002110166407442158;0.07341694707861712;0.04310243410731809;-0.14087729321412942;0.054552870398694796;0.1040073416947078;0.044622106553377165;0.0019911323932609456;0.06238301904535519;-1.7308717897121373;0.42776544064423666;1
0.041050187086518454;-0.5632443932810306;0.0016851178598381662;0.0530233506678903;0.0358820098566861;4.067471647680532;0.0012875186313553188;0.01427551748750866;0.03584577051779347;-1.6513097690884255;0.054552870398694796;0.0836137452839807;0.02753601531270537;0.0007582321393015447;0.014922647560382932;3.4248000635527944;0.3109693191878885;1
0.05213645956386174;0.5096997336255326;0.00271821041585419;0.04180687264199039;0.036233802679317244;4.158026063651394;0.0013128884566036977;0.01427551748750866;0.055982186592916906;0.6866610040698511;0.047924951565208505;0.1488732537983073;0.03760264078479557;0.0014139585939903709;0.06238301904535519;-2.6938137189627542;0.3658478535955579;1
0.051629441415454926;3.438662506437339;0.0026655992208718922;0.0071377587437545;0.03654239989970735;1.6962039332835204;0.0013353469904301316;0.03262975425716319;0.053911080598929066;1.3442809364261603;0.027021515244213305;0.1488732537983073;0.040412638977085434;0.0016331813890922446;0.06896045323423049;-2.709584439072882;0.4031597373260662;1
0.07356762010619905;1.3505358073132203;0.0054121947280900235;0.0387478331803813;0.04004499594236046;1.0766802166078715;0.0016036017000236658;0.03262975425716319;0.05382422213944708;1.3737922441202375;0.025491995513408805;0.1488732537983073;0.035829041334157506;0.001283720202924767;0.04746037148497226;-1.2954858397146414;0.329969490966704;1
0.07356762010619905;1.3505358073132203;0.0054121947280900235;0.0387478331803813;0.04004499594236046;1.0766802166078715;0.0016036017000236658;0.03262975425716319;0.05382422213944708;1.3737922441202375;0.025491995513408805;0.1488732537983073;0.035829041334157506;0.001283720202924767;0.04746037148497226;-1.2954858397146414;0.329969490966704;1
0.07356762010619905;1.3505358073132203;0.0054121947280900235;0.0387478331803813;0.04004499594236046;1.0766802166078715;0.0016036017000236658;0.03262975425716319;0.05382422213944708;1.3737922441202375;0.025491995513408805;0.1488732537983073;0.035829041334157506;0.001283720202924767;0.04746037148497226;-1.2954858397146414;0.329969490966704;1
