acc_X;acc_X_std;acc_Z;acc_Z_std;class;lat;lon
-1.7730411522206688;2.353252903472509;-0.0402773529111858;0.04376567240478508;30.0;53.727334580000004;86.85419794
-3.027739289399076;2.353252903472509;-0.0061180789232181;0.04376567240478508;30.0;53.727334580000004;86.85419794
0.454700738583098;2.353252903472509;-0.0091771183848271;0.04376567240478508;30.0;53.727334580000004;86.85419794
0.9639698124999796;2.353252903472509;-0.0530233506678902;0.04376567240478508;30.0;53.727334580000004;86.85419794
1.9949173226704404;2.353252903472509;-0.0152951973080452;0.04376567240478508;30.0;53.727334580000004;86.85419794
1.8067845710834096;2.353252903472509;-0.1407158152340165;0.04376567240478508;30.0;53.727334580000004;86.85419794
2.272655305007506;2.329001265206879;-0.0632201488732537;0.05088425517733001;30.0;53.72719309;86.85414605000001
-2.9392254402108757;2.176076730666029;-0.0247272356480065;0.048293327928005524;30.0;53.72705982;86.8540563
-1.9625441231440588;2.182476381164457;-0.020393596410727;0.04687817867479169;30.0;53.726940330000005;86.85393169
-3.90246116120436;2.1633511536502232;-0.0999286224125624;0.04776529284931397;30.0;53.72683733;86.85377493000001
-1.210797766036919;1.9608770286586985;-0.130519017028653;0.04372526662536407;30.0;53.72676054;86.85359574
-1.092306060223339;2.138634082580407;-0.0851432650147853;0.040569442783687855;30.0;53.72671718;86.85339366000001
0.5972885543126647;1.8680800156238349;-0.0214132762312633;0.04118225541417361;30.0;53.726704600000005;86.85317628
-1.6291584616036392;1.7541627366979655;-0.0989089425920261;0.041751050044513134;30.0;53.72672057999999;86.85294394
-0.8308198912566113;1.7989586420120136;-0.0774956663607627;0.04008349139735319;30.0;53.726770349999995;86.85269931
2.843707780693752;1.4621207421395714;-0.0193739165901906;0.03826615627460299;30.0;53.72687742999999;86.85245823
-0.2856656698980217;1.385985017119935;-0.0418068726419904;0.029896313686217126;30.0;53.72701137;86.85222096999999
-0.2635792917065326;1.3047838648891352;-0.0193739165901906;0.028006102299998285;30.0;53.72716577;86.85199392999999
1.1851379601162026;1.4781424858970353;-0.0392576730906495;0.0258654649686888;30.0;53.727333;86.85178228
1.8356635490828972;1.4231947924824235;-0.0744366268991536;0.02195201437181369;30.0;53.72750788;86.85158596
0.2241758420492189;1.7748292548383637;-0.0703579076170082;0.020640297145727706;30.0;53.727679550000005;86.85139923
0.6684643444720629;1.9910124558872266;-0.058121749770572;0.03738706271585539;30.0;53.727848519999995;86.85122004
-1.7874581095430075;2.085503839328117;-0.0530233506678902;0.04133251046293248;30.0;53.728017550000004;86.85104091
1.985853951017364;2.1181254010428736;-0.0723972672580809;0.04163189666835828;30.0;53.728186429999994;86.85086675
4.403025747062502;2.151104728477003;-0.0642398286937901;0.04164490232825966;30.0;53.72835669999999;86.85069653999999
4.345904467941416;2.174470948925305;0.0499643112062812;0.039731909947325436;30.0;53.72853676;86.85052844
3.986649591473723;2.0995372252927873;0.0112164780258998;0.037815475305994925;30.0;53.728714460000006;86.85036822
4.307445865845901;2.1212473399393326;-0.0142755174875089;0.0372154420942678;30.0;53.72889065;86.85021673
0.6451553234208096;1.6962364422368186;-0.0418068726419904;0.03861941502094622;30.0;53.72906349;86.85007725
1.0503931765209338;1.6922191432512923;-0.0387478331803813;0.036222003721040875;30.0;53.729243139999994;86.84993946
1.393367803783187;1.5594435912159308;-0.037728153359845;0.03435176060061318;30.0;53.729421890000005;86.84981101000001
0.4026110428155546;1.4131001393348561;-0.0489446313857448;0.02362686135343159;30.0;53.729600149999996;86.84969487000001
1.026793548564767;1.2613388226449171;-0.0693382277964719;0.017683925475997366;30.0;53.72977465;86.84959033
2.574181035971133;1.0419211975331266;-0.040787192821454;0.013495089932412992;30.0;53.7299459;86.84949789999999
2.9468277349397107;1.1239906634259418;-0.0387478331803813;0.016457293951036404;30.0;53.73011368;86.8494148
3.027349520012479;1.0936056168707209;-0.0683185479759355;0.019444227414627195;30.0;53.73026154;86.84935018
2.3417473902286536;1.693288874577908;-0.0693382277964719;0.01966577070839453;30.0;53.73039867;86.84929787
3.009095882880098;1.5015615850941746;-0.0499643112062812;0.023487153971258903;30.0;53.73052749;86.84925517
3.85759385509203;1.80660158315001;-0.0825940654634444;0.02461593583916019;30.0;53.73065145;86.84921785
3.210975584282955;2.344261240120186;-0.0933007035790761;0.02180098083945416;30.0;53.73076244;86.84919572
6.720834347202639;2.5766757912920344;-0.0887121443866625;0.019360868046271417;30.0;53.73087206;86.8491799
4.474142457413997;2.6072025794725704;-0.1111451004384623;0.023336649887880593;30.0;53.73097955000001;86.84917219
7.645203554685122;2.402804351534887;-0.0948302233098807;0.029692016912141607;30.0;53.731082549999996;86.84917535000001
9.11304635011683;2.131710721226636;-0.0713775874375446;0.03433632904263196;30.0;53.731182190000006;86.84918283
8.689270720331645;1.8708955756195702;-0.0530233506678902;0.03984300948984389;30.0;53.73127831000001;86.84919703
8.182279352821721;1.4566065658114586;-0.0367084735393086;0.0407317809020544;30.0;53.73137384;86.84921576
8.07160006741934;1.714936856781765;-0.0173345569491179;0.042018287792311475;30.0;53.73147632;86.84923376
7.690665896047844;1.6516393376962075;-0.0132558376669725;0.033583966686282295;30.0;53.73158859;86.84924875
7.067663133350758;1.7876855976150978;0.0020393596410727;0.02525660900102558;30.0;53.73171257;86.84925753
5.335904834031989;1.6560761030898;-0.0061180789232181;0.020307307563222195;30.0;53.73184567999999;86.84925496
4.429738924046586;1.493317375833202;0.0101967982053635;0.016034895217313314;30.0;53.73198575;86.84923631
4.870838475757923;1.2987792394587752;-0.026511675333945;0.01550747928090418;30.0;53.732127379999994;86.84919873999999
4.806630987236748;1.1718478811361162;-0.0101967982053635;0.016911526364433008;30.0;53.732269859999995;86.84914153999999
5.183628751394273;0.9713629067773929;0.0101967982053635;0.017432250895427936;30.0;53.73241535000001;86.84904638999998
5.105089267532289;0.827166530281852;0.0081574385642908;0.017327557733382872;30.0;53.7325519;86.84892438
6.071849681985452;0.8537859926476355;0.0244723156928724;0.01761847528854439;30.0;53.7326785;86.84878218
7.316278851440387;0.7705532897150177;-0.0275313551544814;0.01734088713858757;30.0;53.732794309999996;86.84861639
5.992688406292443;0.7146003119474897;-0.0193739165901906;0.016109650378816304;30.0;53.732894280000004;86.8484322
5.487740407590401;0.7611091950286843;-0.0050983991026817;0.016562256709524235;30.0;53.732976789999995;86.84823311
6.156828085363002;0.714883734856069;-0.0142755174875089;0.015510831323346725;30.0;53.733043599999995;86.84802088
6.084888111395783;0.6153830726883741;-0.020393596410727;0.014589698535967293;30.0;53.73309428;86.84780020000001
5.617554222421084;0.7526791715570791;-0.003059039461609;0.008463956753113913;30.0;53.73313528999999;86.84756985
7.255132251266237;0.8155522097403025;-0.0183542367696543;0.007227029433933922;30.0;53.73316787;86.84733107000001
6.563819083864576;1.0861573073939255;-0.0112164780258998;0.00652116935059423;30.0;53.73318784000001;86.8470976
6.030405484725332;1.1045136753505562;-0.0020393596410727;0.006424117746246198;30.0;53.73320595;86.84685459
4.892388236861513;1.1673266046384785;-0.0081574385642908;0.008515157537289491;30.0;53.7332216;86.84659888
4.367451472015526;1.1501204465425372;-0.003059039461609;0.011665323334072969;30.0;53.73323414;86.8463375
3.554024385675268;1.1859685131344988;-0.0091771183848271;0.014249597325431596;30.0;53.73324823;86.84605975
4.967103521832303;0.9593291070516426;-0.0066279188334862;0.015303126096014795;30.0;53.73326151;86.84577607
4.109125741979351;0.8026126725026101;-0.0275313551544814;0.01649480729716991;30.0;53.73327349;86.84547829
4.734079457514394;0.7783144103169837;-0.0372183134495767;0.01763756272322741;30.0;53.733284100000006;86.84517658
6.185196621632306;0.8528890697788282;0.0142755174875089;0.01737025896145765;30.0;53.73329219;86.84486723
5.197439151714433;0.8909052311835686;-0.0295707147955541;0.01654594380935806;30.0;53.73329758;86.84453726
4.718941645504424;0.7588281533831938;-0.0316100744366268;0.01670705962911713;30.0;53.733301000000004;86.8441874
5.870785689942585;0.8492560394143366;-0.0392576730906494;0.016137236336978913;30.0;53.73330286;86.84383854000001
5.959550437423364;1.012114583418633;-0.0142755174875089;0.017883118864948564;30.0;53.73330207;86.84348702999999
6.0844708993694026;1.036651569032595;-0.023452635872336;0.018993313980424417;30.0;53.73330314;86.84312202
4.355502230309874;1.0082290582922941;-0.0361986336290404;0.011384648962320077;30.0;53.73330377;86.84275913
4.008378425120669;0.9962756528585217;-0.0372183134495768;0.012777003629957893;30.0;53.7333073;86.84238378
3.161565179368606;0.999815995166819;-0.0504741511165493;0.013750352868712682;30.0;53.73331723;86.84201483
4.279778955085615;0.9508260552341419;-0.0499643112062812;0.01479424274168968;30.0;53.733337430000006;86.84164335
3.750502403445178;0.8379884333247757;-0.0254919955134087;0.014693162029177562;30.0;53.73336991;86.84126623
4.829872651286552;0.6402827752330615;-0.0152951973080452;0.015710737033815543;30.0;53.73341563;86.84090491
4.96655140387942;0.6476257447585854;-0.0163148771285816;0.015762035213863466;30.0;53.733474150000006;86.84056407
5.412199449244464;0.6531051934912533;-0.0101967982053635;0.01692185552689139;30.0;53.73354644;86.84023187999999
4.552741809658761;0.4899526133839959;-0.0152951973080452;0.013383769710205058;30.0;53.733631439999996;86.8399124
4.221241798209935;0.5083266972240571;-0.0101967982053635;0.006962421469872172;30.0;53.73372359;86.83961287
4.046118874334321;0.48441994525818666;-0.0142755174875089;0.0053784821576023855;30.0;53.733816260000005;86.83931642
4.797610933373495;0.5387332597327879;0.0010196798205363;0.008982447454081862;30.0;53.733906680000004;86.83902028
4.724336209598601;0.8252883436093525;-0.0122361578464362;0.011988648165783478;30.0;53.733990029999994;86.83870683
4.06076351044527;0.74584834844986;-0.0061180789232181;0.012063099109363014;30.0;53.734064790000005;86.83837711000001
3.899076619511205;0.7808657136900011;-0.0071377587437544;0.023490535368441853;30.0;53.734131760000004;86.8380268
3.7128008582920393;1.2899463834760827;0.0132558376669725;0.03342120626633278;30.0;53.734208890000005;86.83763033
2.3187717939805;1.2993680736343738;-0.0336494340776996;0.05005279009227491;30.0;53.73427755;86.83722538999999
3.2352276423122985;1.1947506227429705;-0.0050983991026817;0.05123669852772043;30.0;53.73432168000001;86.83680616
2.904270450461988;1.153612585384846;-0.0723972672580809;0.0538191779011984;30.0;53.73433723000001;86.83637626999999
0.46263178097415;1.0726856209039262;0.0601611094116447;0.057276832379516494;30.0;53.7343288;86.83594032
2.4894906444083595;0.9801245529816514;0.1111451004384623;0.05734625079009693;30.0;53.73429111;86.83548791
3.6443697578314738;0.9889936011799584;-0.0295707147955541;0.058196637060669985;30.0;53.73422945;86.83503456999999
1.516219961454508;0.999691405283516;-0.0509839910268175;0.059519087585742245;30.0;53.73414458;86.83459642
2.3944206987887564;0.9431293709348645;-0.0637299887835219;0.06326252995771466;30.0;53.73403035;86.83419035
2.5677573989114544;1.0005806245649467;-0.0168247170388498;0.05908856623508338;30.0;53.7338789;86.83383666
1.0077835737615892;0.8996294864790275;0.0285510349750178;0.05892567262355184;30.0;53.73366373;86.83355749
1.780099643157352;0.9157110860961746;0.0448659121035994;0.04445149129052645;30.0;53.733411860000004;86.83331074
2.5580931392480517;0.8466671725408456;0.0693382277964719;0.04396542813673992;30.0;53.73313763;86.83310307
3.407646809161275;0.8570410075651761;-0.0367084735393086;0.04281845900077772;30.0;53.73281243;86.83291867
3.6911787305048303;0.8618897548636552;-0.0458855919241358;0.03911819413943261;30.0;53.73246119;86.83275431
1.9668965930850275;0.9718338357541065;-0.0081574385642908;0.040065473785223724;30.0;53.73210326000001;86.83262934000001
3.051991275812011;0.9762969498434356;-0.0091771183848271;0.038205727561940024;30.0;53.73173537;86.83253537
1.4294899280769275;1.4478071569384756;-0.0387478331803813;0.03573828670606457;30.0;53.731322969999994;86.83245577
2.095681696900662;1.6313476250574561;-0.0305903946160905;0.021555840074638673;30.0;53.73090433;86.83237761000001
0.8927878973673145;1.6527898249773187;-0.0336494340776996;0.021140774168168334;30.0;53.73048497;86.83229616999999
0.9750450278087632;1.4458138891573171;-0.0142755174875089;0.021093177926028654;30.0;53.73007269;86.83220645
-1.180731721809794;1.507608633953145;0.0275313551544814;0.02119644055382933;30.0;53.729657859999996;86.83210650000001
-0.6764426214381523;1.2190408434684044;-0.0280411950647496;0.02116644255279696;30.0;53.72920601;86.83198489
-0.8516661961099825;1.114509675179139;-0.0101967982053635;0.024235665563527277;30.0;53.72879041;86.83184577
-0.4190452526463147;0.8016698070987717;0.0132558376669725;0.023145271986117388;30.0;53.728383789999995;86.83169771
-1.3376106952632163;0.7073371163860291;-0.0050983991026817;0.020529173869002475;30.0;53.72797601;86.83153825
-0.8068800557945488;0.627624446230866;-0.0112164780258998;0.02133652782752694;30.0;53.72756787000001;86.83136563000001
0.0572586688356003;0.7311994729831227;0.0367084735393086;0.024025910879856904;30.0;53.72719388;86.83119131999999
-0.6793087146750878;0.95883410284499;0.0132558376669725;0.022124676379952798;30.0;53.72681945000001;86.83100888999999
-1.351796552314717;1.0361377168797505;-0.0101967982053635;0.025785111108130462;30.0;53.726436220000004;86.83082534
-2.255966923317477;1.0668326858160375;0.0280411950647496;0.02558360210114076;30.0;53.726051340000005;86.83065805999999
-2.1382795752647303;1.3904289412063533;-0.0397675130009177;0.02797447601046598;30.0;53.72566711;86.83051191000001
0.916884846866543;1.6208842485638568;0.0035688793718772;0.030578165455290362;30.0;53.72531196999999;86.83039484999999
0.3519282878930932;1.775359717486051;-0.040787192821454;0.027423142449455366;30.0;53.724947900000004;86.83031238
-1.6961331609327512;1.7831796667806763;-0.0152951973080452;0.026532855732864926;30.0;53.724576320000004;86.83025312
2.017916399405708;1.8781925640173283;-0.0397675130009177;0.02760788214065783;30.0;53.724201400000005;86.83022124
2.117927695817101;1.682150215122291;0.032119914346895;0.026000169226794413;30.0;53.723788160000005;86.83022016
2.016607559959582;1.375079652289533;0.0040787192821454;0.02737164562362197;30.0;53.72337691;86.83023131
0.8559217930349142;1.445089391968746;-0.0081574385642908;0.03218992978438619;30.0;53.722967100000005;86.83024646
2.696971915554467;1.3926192840993097;-0.0326297542571632;0.03188486062568289;30.0;53.72257098;86.83024458
2.315895038027288;0.6117966904242875;-0.0469052717446721;0.03303445264668262;30.0;53.72218474;86.8302065
2.822162845468689;0.729720479526437;-0.0520036708473539;0.03669592209323845;30.0;53.721808620000004;86.83013502
3.02119736653654;0.7846999838177732;-0.0815743856429081;0.03468593786545754;30.0;53.72144687;86.83004207
2.569689878149316;0.8375766803705247;-0.0285510349750178;0.0347032530313099;30.0;53.721095690000006;86.82993409
2.558680048405437;0.7721606116661407;0.0020393596410727;0.03731727861068629;30.0;53.72072197;86.82982405
3.626599719466824;1.0655213845687126;0.0295707147955541;0.042259137233797865;30.0;53.7203566;86.82971212
3.486737014846632;1.0239916100955617;0.0173345569491179;0.041387362337692815;30.0;53.720036830000005;86.82958947
3.790141982429716;1.1170328756475398;-0.0489446313857448;0.03910929633629493;30.0;53.71968031;86.82948127
4.855951399795559;1.9405387354542898;0.020393596410727;0.030307541996258344;30.0;53.71932778;86.82939497999999
5.609140267679999;2.4938508405043613;0.0428265524625267;0.02965089123780724;30.0;53.718975490000005;86.82933709
2.7192020514135127;3.0878809203226876;-0.0346691138982359;0.029611903053480007;30.0;53.718620939999994;86.8293179
1.9790301035218083;3.3733425003403634;-0.0122361578464362;0.029141562062245288;30.0;53.718262870000004;86.82933614999999
-1.571453142446058;3.5442919131023145;-0.0193739165901906;0.02823795186503611;30.0;53.71790178;86.82937954
-1.966559818542053;3.5140605990167724;-0.020393596410727;0.03285275530252432;30.0;53.717544950000004;86.82944511
-3.255294346164385;3.1266169427343558;-0.0020393596410727;0.03757458262525833;30.0;53.71719609;86.82954169
-2.952838054110492;2.5294925816939164;0.0254919955134087;0.033572268791536;30.0;53.71685483;86.82964587000001
-3.207269353959242;1.9477199596839876;-0.0050983991026817;0.03503440745448878;30.0;53.716515830000006;86.82977278999999
-2.9840569673911586;1.1048234144537823;-0.0723972672580809;0.05168669292637769;30.0;53.71622275;86.82990722999999
-2.70358379848709;0.9613736579395148;-0.0764759865402263;0.053165028699161905;30.0;53.71593579;86.83004267
-5.728660048969631;0.9424958049817503;0.0163148771285816;0.06103713368742769;30.0;53.71563684;86.83019171999999
-3.5204406222693967;1.0721645301747058;-0.0540430304884266;0.06384569671214266;30.0;53.71536204;86.83035212
-3.3348190576953107;1.1442999504686364;-0.1437748546956255;0.06415004941964605;30.0;53.71512478;86.83051934
-3.3728938674735547;1.2443049567801465;-0.0800448659121036;0.07144474546033944;30.0;53.714930200000005;86.83068827999999
-4.809195045125739;2.131751369377745;0.0540430304884266;0.07216009043238449;30.0;53.714776979999996;86.8308525
-1.9659979106624212;2.6230960423376217;0.0316100744366268;0.06954338062101213;30.0;53.71469673;86.83098729
-2.130673856453369;2.324820612071055;0.0285510349750178;0.07024700597451299;30.0;53.714658899999996;86.83111842
-1.837633200613911;2.3672826408683183;0.0703579076170082;0.06886427713370402;30.0;53.714666720000004;86.83123888
2.2138494712461307;2.266381040391792;0.0469052717446721;0.050660091882620925;30.0;53.71471976;86.83134824
2.1128087411441365;2.202443315410063;-0.0438462322830631;0.039978876214717726;30.0;53.714823079999995;86.83145412
-1.311022135124173;2.002123151555056;-0.0509839910268175;0.03992321050532683;30.0;53.71499145;86.83154313
0.7762333737368471;1.90217412267157;-0.003059039461609;0.042015297652417155;30.0;53.715189269999996;86.83160783000001
-1.4793896283053918;1.872081263643242;0.0316100744366268;0.041084366571318136;30.0;53.71540041000001;86.83165001
0.8174679789626091;1.6089236968232217;0.0193739165901906;0.03581013973231918;30.0;53.7156206;86.83167820000001
3.1243630776093863;1.6624652413744876;-0.0244723156928724;0.03327935292603264;30.0;53.71585022000001;86.83169278
1.2669591596086542;1.711763539229274;-0.0392576730906495;0.032091757403683814;30.0;53.71608631;86.83170359
3.179829755931832;1.6282036296065014;0.0005098399102681;0.02894905151277718;30.0;53.71634098999999;86.83169715
1.182104798322907;1.586961915187852;-0.0509839910268175;0.03170058306692604;30.0;53.716607950000004;86.83167227
2.820786049940852;1.1814049216975246;0.0316100744366268;0.02846390553556209;30.0;53.71687782;86.83163494
2.7607058302303638;1.1099833832621273;-0.0295707147955541;0.03586316997056991;30.0;53.71714813;86.83158781
3.996045831126098;1.086167675041747;-0.0091771183848271;0.04410159429370734;30.0;53.717419899999996;86.83153446
2.2511657244029406;1.2731095976043731;-0.0489446313857448;0.04668830348316678;30.0;53.717690340000004;86.83147466
0.4672313276455727;1.6632657514386486;0.003059039461609;0.04699388663559065;60.0;53.717961630000005;86.83141315
1.515450117267999;1.655738346617345;0.0601611094116447;0.047812757910805435;60.0;53.71823395;86.83135010999999
2.7979239825601145;1.7613797652542713;0.0734169470786173;0.04655126579978455;60.0;53.7185016;86.83129776
4.68403447500653;1.9851328502848622;-0.061180789232181;0.047729324590425046;60.0;53.71876206999999;86.83125359
-0.9556013091010248;1.947571891795649;-0.0209034363209952;0.04771358893619541;60.0;53.718996759999996;86.83123739999999
1.3050332417642136;2.518796684134552;-0.058121749770572;0.04734168536643284;60.0;53.719209279999994;86.83125024
0.0561429397956313;2.8138672320294265;-0.0336494340776996;0.062358166288934334;60.0;53.71940463;86.83128687
-1.2626329076252003;3.393913697072472;-0.0489446313857448;0.0555548511225401;60.0;53.71957870999999;86.83134831000001
-1.3042992196251073;3.471961703244809;-0.0193739165901906;0.04311318746811291;60.0;53.71973293999999;86.83143854
-4.440734309622594;2.7780036268251367;-0.0438462322830631;0.04295721878144852;60.0;53.719870590000006;86.83155827
-3.7056990564183527;2.7342550255891385;-0.1468338941572346;0.042070083115994576;60.0;53.719992309999995;86.83171327
-6.587324426397855;2.2431527763239445;-0.0846334251045171;0.04471437794486138;60.0;53.72009776;86.83190064
-6.112867045311116;1.8657748418866462;0.0122361578464362;0.05013039788947346;60.0;53.7201907;86.83210878
-5.5651576271137335;1.5729148804865332;-0.0469052717446721;0.05483153821560345;60.0;53.720276549999994;86.83233799
-4.501546780811749;1.2423023605370647;-0.0672988681553992;0.05777875738704449;60.0;53.72037345;86.83260897
-2.8509847784846225;1.3274050581476913;-0.0050983991026817;0.06114310612261328;60.0;53.72047123;86.83288851
-5.153065721169276;1.2805607842936497;0.023452635872336;0.04354402959345327;60.0;53.72057323;86.83317995
-4.928126988135974;1.1631862860162072;0.0285510349750178;0.03526382474924151;60.0;53.72068105999999;86.83346954
-3.0226552174657413;1.1145575056010415;0.023452635872336;0.03507001312205351;60.0;53.720798519999995;86.83376364
-6.218037342411033;1.2655446996052826;0.0356887937187723;0.031629358867987234;60.0;53.72091983;86.83405647
-5.653801377254018;1.3163787039201797;0.0152951973080452;0.022471049048535034;60.0;53.72104504;86.83433784
-4.771296266255897;1.6237303765682591;-0.0295707147955541;0.023880753001593282;60.0;53.721184689999994;86.83463108999999
-3.859780911622528;1.8599563309361808;-0.0114713979810339;0.03299794157909124;60.0;53.72133028999999;86.83491493
-2.401126157854246;2.02827886623299;-0.0050983991026817;0.03365656807609854;60.0;53.72148343;86.83519607
-5.477959636661992;2.247366199272009;-0.0193739165901906;0.03790839637337832;60.0;53.721632150000005;86.83543695
-1.126869346451797;2.1012933251088266;-0.0214132762312633;0.03422643623089235;60.0;53.72178362;86.83566522
-1.1271846222627702;1.965574878993108;-0.0734169470786173;0.033749290496590416;60.0;53.72193599;86.83588159000001
-0.9190834328458406;2.0875770484295066;-0.0530233506678902;0.033898124213454776;60.0;53.72208594;86.83609041999999
-6.604697412177393;2.0997939447826504;0.0509839910268175;0.04362513945425408;60.0;53.7222315;86.83628206
-2.670980380689527;2.750588129189866;-0.0091771183848271;0.04367979024179099;60.0;53.72237373;86.83646013
-2.5732468173175547;2.4729008952979306;0.0101967982053635;0.04595238898200102;60.0;53.722511409999996;86.83662853
-0.1138503768654792;3.0852496969460197;-0.0326297542571632;0.047502927466181864;60.0;53.722628025000006;86.836757945
-1.071211778322734;3.3647751449048227;-0.1040073416947078;0.04415853329508053;60.0;53.72273708499999;86.836874685
3.208915563325569;3.3583046630837425;-0.0040787192821454;0.043250133584328956;60.0;53.722839355;86.836969275
-0.1153780800611085;2.48698610817046;0.0193739165901906;0.04085172149859715;60.0;53.722926144999995;86.83703302500001
4.505718100559747;2.2774453950901523;0.0163148771285815;0.041656863949146236;60.0;53.723000485;86.83706896499999
3.560972047685205;1.9651098978652757;0.0152951973080453;0.04417273205853109;60.0;53.723062334999995;86.83708729499999
0.0570328463238203;1.9249706590845237;0.0356887937187723;0.045622434984919344;60.0;53.72311091499999;86.837100035
0.4959263045829117;1.7318478426389892;-0.040787192821454;0.036099251959715487;60.0;53.723140445;86.837111645
-0.7451045069387128;1.7318478426389892;-0.0351789538085041;0.036099251959715487;60.0;53.723140445;86.837111645
1.4696469271764816;1.7318478426389892;-0.0670439482002651;0.036099251959715487;60.0;53.723140445;86.837111645
1.8409780297209275;1.7318478426389892;-0.0571020699500356;0.036099251959715487;60.0;53.723140445;86.837111645
1.6239850908813935;1.7318478426389892;-0.0351789538085041;0.036099251959715487;60.0;53.723140445;86.837111645
-1.9214106249070495;1.6941593360638614;-0.0866727847455898;0.04397331049478893;60.0;53.727497930000006;86.85416417
-2.2286121525675213;1.6941593360638614;0.0387478331803813;0.04397331049478893;60.0;53.727497930000006;86.85416417
-0.6645309435044543;1.6941593360638614;-0.0356887937187723;0.04397331049478893;60.0;53.727497930000006;86.85416417
0.7873733723130082;1.6941593360638614;-0.07545630671969;0.04397331049478893;60.0;53.727497930000006;86.85416417
1.0650599735094508;1.6941593360638614;-0.1029876618741715;0.04397331049478893;60.0;53.727497930000006;86.85416417
1.0697930828970594;1.6941593360638614;-0.0723972672580809;0.04397331049478893;60.0;53.727497930000006;86.85416417
3.163563359819673;1.9171024071997869;-0.0040787192821454;0.04494617871388343;60.0;53.72738143;86.85419614999999
1.7904689073537008;2.04178188380785;-0.037728153359845;0.043508463290649384;60.0;53.72725418;86.85418922
1.1094225605967152;2.0286425272505997;-0.0479249515652085;0.04370821336397206;60.0;53.72712444;86.8541414
-0.7481051729016223;2.2180992070812917;-0.0020393596410727;0.05307368436280729;60.0;53.726996510000006;86.85404675
-3.197937890813435;2.226338471683913;-0.0948302233098807;0.05230959135751189;60.0;53.726874710000004;86.85390447
-3.021825562649431;2.1972873066539256;-0.1366370959518711;0.052354626036625815;60.0;53.72677102;86.85372654
-0.2807912773702076;1.963097836995404;-0.0948302233098807;0.0515211665809624;60.0;53.726709099999994;86.85351613999998
-2.8117879237308627;1.8065868252992812;-0.1616192515550117;0.050278964517066795;60.0;53.726681510000006;86.85328118999999
1.1910455533342013;1.7061875432882851;-0.061180789232181;0.050278964517066795;60.0;53.726693260000005;86.85303182
0.4779160271900017;1.8605125650447267;-0.0642398286937901;0.04530106041592937;30.0;53.72674060000001;86.85276939999999
1.5106561035500277;1.6415500657794448;-0.0101967982053635;0.04490841082144132;30.0;53.726844070000006;86.85251959
-0.7568979415238215;1.5634745466912987;-0.0642398286937901;0.03955345048373672;30.0;53.72698059;86.85226954999999
-0.2943848328234621;1.5503243361172685;-0.0479249515652085;0.03859581287180563;30.0;53.72714157;86.85202860999999
1.5484389131529297;1.6399450732775285;-0.0418068726419904;0.017695354369761943;30.0;53.727320580000004;86.85180313999999
0.6776520151718658;1.6193368077288504;-0.0734169470786173;0.01786591046473253;30.0;53.72751098;86.85159417999999
2.878105623148853;2.1079809842573276;-0.0601611094116447;0.022279219795539096;30.0;53.72770078;86.85138974
0.0593491523978245;2.6014189346255727;-0.0530233506678902;0.023287030533239047;30.0;53.72788490000001;86.85119241999999
-3.1870406431716085;2.6906209379054857;-0.0601611094116447;0.02410224400580728;30.0;53.72806563;86.85100451000001
0.6075005100516733;2.708060146559292;-0.0642398286937901;0.02419242754468127;30.0;53.72824137;86.85082441
4.608147938972799;2.7143186334958553;-0.0091771183848271;0.028661892025070308;30.0;53.72841619;86.85064594999999
5.573546714242976;2.6675618834625117;-0.0050983991026817;0.027358558332510833;30.0;53.72859559;86.85046951000001
4.437150357560651;2.667027955879314;-0.0193739165901906;0.027588783380685246;30.0;53.72878023;86.85029831
4.321219704154033;2.627568384406473;-0.0346691138982359;0.030782585890800598;30.0;53.728998790000006;86.85012775
1.330863123657206;1.7047867595177522;-0.0907515040277353;0.031073012577426683;30.0;53.72922793;86.84996521000001
1.9920448804922648;1.4892197463035766;-0.0326297542571632;0.03127479893728282;30.0;53.72946891;86.84981707
1.530312153590948;1.5328350336802874;-0.0632201488732537;0.028242042780345335;30.0;53.72972454999999;86.84968871
4.143239139842027;1.743728754135863;-0.0866727847455898;0.02334648687818145;30.0;53.729989769999996;86.84958017
3.845058893743396;1.9851898865143718;-0.0652595085143265;0.01897931900114031;30.0;53.73025243000001;86.84948699
4.820978019028968;2.241957837585852;-0.0672988681553992;0.018210478000200783;30.0;53.730510200000005;86.84941196000001
5.112925739995026;2.063195085155332;-0.0520036708473539;0.01990770890705194;30.0;53.73076109;86.84935053
6.849514131848917;1.7892189769718634;-0.0693382277964719;0.02410344228184351;30.0;53.73101766;86.84930758
6.845325111750765;1.2439887202125055;-0.0601611094116447;0.023895488261272982;30.0;53.73126695999999;86.84927784
7.357747368806508;1.194781903815795;-0.0397675130009177;0.020551882244713472;30.0;53.73147965;86.84926525
6.67207311256295;1.0212830898176006;-0.0193739165901906;0.02197614386598033;30.0;53.731682;86.84924488
5.325078997348779;0.9622687024572908;-0.0081574385642908;0.02556943022047894;30.0;53.73187302;86.84921574
4.924847201436979;0.9275970439794008;-0.0469052717446721;0.028079844164384644;30.0;53.73205151;86.84916895
4.574423928907091;1.0628188585247045;-0.0540430304884266;0.02475399798099283;30.0;53.73221654;86.84910614
5.513877069426855;1.0762870394597157;-0.0152951973080452;0.021877684092385788;30.0;53.7323757;86.84902466000001
6.017771773694164;0.9913484230126342;0.0086672784745589;0.021175173627162182;30.0;53.73252649;86.84891433
6.393192893996652;0.9649736992076179;0.0071377587437544;0.0218486214538827;30.0;53.73266815000001;86.84877695
7.825292371621015;0.9471222368712219;-0.0387478331803813;0.021196440553829295;30.0;53.73278133;86.84860597
7.012482468089512;1.0499080370325644;-0.0295707147955541;0.020162934814204746;30.0;53.732877380000005;86.84841786
5.929145562742061;0.8736074216783272;-0.0173345569491179;0.016650000808410198;30.0;53.732957;86.84821076
6.050478880662004;0.8437971617019616;-0.0387478331803813;0.016897516429394594;30.0;53.733019209999995;86.84799905
6.415581332304673;0.9609186740535062;-0.023452635872336;0.013909174483787434;30.0;53.73306613999999;86.84777718000001
8.105463103415476;1.2090611980341657;-0.0091771183848271;0.009221229966588985;30.0;53.73310057;86.84754792999999
7.391333229808666;1.2042116427323386;-0.0244723156928724;0.008544953400067513;30.0;53.73312853;86.84730197
7.854196780380672;1.2835311748303877;-0.0280411950647496;0.013721020375263605;30.0;53.733150390000006;86.84704735
5.244321407264363;1.3721765224860822;-0.0295707147955541;0.014271571752428974;30.0;53.733167630000004;86.84679323
4.500885237511637;1.4353979573503877;-0.0193739165901906;0.015327735802767067;30.0;53.733182469999996;86.84653415
5.220501532344239;1.525116153117086;-0.0336494340776996;0.015239296007518322;30.0;53.73319669;86.84626933000001
4.726834601184762;1.2555128560224846;-0.0591414295911083;0.01513660800825392;30.0;53.73321066;86.84599658
4.614965938385693;1.0649155046812528;-0.0469052717446721;0.014205038201698604;30.0;53.73322425;86.84570809
4.675274705756775;0.5277831016072302;-0.0499643112062812;0.013522883591411832;30.0;53.73323756999999;86.84538349
4.077918151623496;0.7021862242163557;-0.0418068726419904;0.01341437797518737;30.0;53.73324962;86.8450525
5.34398735064604;0.7496306518426916;-0.0642398286937901;0.011427695096255235;30.0;53.73325937;86.84472177
5.943856170104483;0.7904538426146275;-0.037728153359845;0.014194766765689915;30.0;53.73326639;86.84439599
5.02748630934672;0.7646037421777018;-0.0469052717446721;0.013611017543909644;30.0;53.73327035999999;86.84406972
6.407268071567084;0.7321112395048436;-0.0305903946160905;0.015153294510899884;30.0;53.73327134;86.84374045999999
6.14799331989639;0.8577907168094695;-0.0316100744366268;0.015203909018775608;30.0;53.73326965;86.84341109
6.01131446233188;0.8093963945325479;-0.0163148771285816;0.01520086930084274;30.0;53.733266119999996;86.84308244
5.342902018922524;0.8331847988213976;-0.0540430304884266;0.013799101799524635;30.0;53.73326617;86.84271129
4.99740441831825;0.8096558403824683;-0.0632201488732537;0.013752978174289287;30.0;53.733271349999995;86.84234527
3.852303131916401;0.8543526313172446;-0.0509839910268175;0.019666945582120735;30.0;53.73328253999999;86.84200317999999
4.41192278859265;0.73285261163726;-0.0458855919241358;0.02189879633096899;30.0;53.73330223000001;86.84165422999999
4.724044699832491;0.6662704019761492;-0.0514938309370857;0.023964343917492557;30.0;53.73333322999999;86.84130123
4.830622712044536;0.48027925422714685;-0.0479249515652085;0.025009366928306347;30.0;53.733378359999996;86.84094956
4.313833782929611;0.4160688896022611;0.0010196798205363;0.02610332763932587;30.0;53.73346219;86.84054187000001
4.548546972968583;0.35550363599806684;-0.0081574385642908;0.022986499859298595;30.0;53.73355698;86.8401349
3.814002830322782;0.4390806994624793;-0.0061180789232181;0.024195113532936796;30.0;53.733651789999996;86.83972795
4.336598280357386;0.5334297791367377;-0.0061180789232181;0.024754464678729625;30.0;53.73374727;86.83930375
3.909604422302025;0.49117381026099605;0.0020393596410727;0.024131225582380875;30.0;53.73383739999999;86.83890492
4.192088417395903;0.7394191511867036;-0.0183542367696543;0.024020621000394454;30.0;53.73392692;86.83849268
3.391442844040776;0.7212569254200584;-0.0591414295911083;0.0233652831799055;30.0;53.73401724;86.838071
3.253771423455428;0.9799125736192532;-0.0509839910268175;0.02247540255342998;30.0;53.73411093;86.83764245
4.089631299402724;1.3644508874003574;-0.0458855919241358;0.043331393654008704;30.0;53.73420384999999;86.83720545
2.0408899272143626;1.3573700412580858;-0.0469052717446721;0.04686646352312179;30.0;53.734281980000006;86.83674598
3.4573849551746725;1.3304754569721247;-0.0479249515652085;0.04679047887147098;30.0;53.73430949;86.83633573
1.311230696080536;1.2975201668741596;-0.0418068726419904;0.047594283072110874;30.0;53.734310470000004;86.83592199
0.2903725225361773;2.063313322062769;0.0856531049250535;0.0476725004678709;30.0;53.73429642999999;86.83551115
4.268777584988584;2.0659768457647583;0.0346691138982359;0.04695942636666471;30.0;53.73427058;86.83512945999999
3.4247298824741192;1.9183630623011134;-0.0428265524625267;0.04656413796823682;30.0;53.73423825;86.83477969
1.8507534478133392;1.958655864834105;-0.0520036708473539;0.04751897599939139;30.0;53.73419543;86.83447063
-2.459592391167206;2.2982168740591806;-0.0601611094116447;0.04760556885823172;30.0;53.73413915;86.83419675
0.7630001506552684;2.3397123504185466;-0.0173345569491179;0.04645596307180921;30.0;53.73406078000001;86.83394942
1.7935013711083752;2.2571156084956443;-0.0050983991026817;0.03271179200192548;30.0;53.73395318;86.83371126
2.9479792365656703;2.1765583519366114;0.0265116753339451;0.029608586690437522;30.0;53.733817910000006;86.83349663
5.818385201247067;2.1491092301862476;-0.0489446313857448;0.028766499286504814;30.0;53.73366587;86.83330874999999
3.6624012980643097;2.1528550844705623;-0.0112164780258998;0.029287086895401042;30.0;53.733495930000004;86.83315160999999
3.388555381338751;1.363594567041596;-0.0336494340776996;0.02583546636311514;30.0;53.73330491;86.83302459000001
2.0492125007067483;1.1317574548049454;0.0163148771285816;0.029456218671671797;30.0;53.73304734;86.83291806
2.7572250348617824;1.0724718312125003;-0.0193739165901907;0.03423469438251219;30.0;53.732765529999995;86.83282569
2.9064788188784973;1.0732037390517848;-0.0560823901294993;0.02831210997981156;30.0;53.73245034;86.83272810000001
3.876018204277168;0.7992327684378434;-0.0163148771285816;0.028409059779024286;30.0;53.73209985;86.83262592999999
2.63427013608967;0.9085603971025052;-0.061180789232181;0.029550001399048877;30.0;53.731717290000006;86.83252241
2.2994822201561336;1.1065050606428761;-0.0805547058223717;0.030256420253116718;30.0;53.73132181;86.83243925000001
2.924163773227128;1.5802736871052412;-0.0295707147955541;0.023393202391283577;30.0;53.73092285;86.83236796999999
1.1747366648103188;1.7725050686224515;-0.0142755174875089;0.022502436450685497;30.0;53.7305185;86.83229386000001
0.9777243576427538;1.8466573409354672;-0.0662791883348628;0.022536295356392077;30.0;53.730106580000005;86.8322045
0.1714470279107867;1.668427562399955;-0.0571020699500356;0.020211578532052122;30.0;53.72968229000001;86.83210276999999
-1.379333106043403;1.754286466966269;-0.0489446313857448;0.021672361144857155;30.0;53.729302440000005;86.8319994
-1.0063751232096547;1.5846809010579768;-0.0678087080656673;0.02133551257752704;30.0;53.728912279999996;86.83187548
-0.9997073873728282;1.1782461273195608;-0.0571020699500356;0.02186500696425257;30.0;53.72852831;86.83174239
-1.1089383657863008;0.96728621182104;-0.0336494340776996;0.0229402151457602;30.0;53.728155900000004;86.83160038000001
-2.525340626213721;0.8063850175174667;-0.0774956663607627;0.02187028999399804;30.0;53.727795119999996;86.83145464
-0.9508927016018014;0.7479217567177125;-0.0224329560517997;0.021583155959791014;30.0;53.72742607;86.83128527
-1.8039170190335223;0.7400648813811642;-0.0244723156928724;0.02285292588708195;30.0;53.727057130000006;86.83110832999999
-0.8036698771727013;0.8490037499537885;-0.0081574385642908;0.024058105936829315;30.0;53.726688149999994;86.83092879
0.1476197757328802;0.8624103795307257;-0.040787192821454;0.022522642491202;30.0;53.72632864;86.83075872
-0.2309100089514831;0.990924237264296;-0.0326297542571632;0.024494964763609;30.0;53.72598586;86.83060794000001
-1.0960350991838752;1.0404855764074963;-0.0152951973080452;0.025884607893920063;30.0;53.7256437;86.83047058
-2.3574916845082954;1.133642580904915;0.0061180789232181;0.02613180303006755;30.0;53.725308150000004;86.83036031
-0.6759515104851256;1.1288095622677212;-0.0152951973080452;0.035011317049831715;30.0;53.72497069;86.83027629
0.3996397760379691;1.5896578475654937;-0.0571020699500356;0.03458386916524524;30.0;53.72462663;86.83021639
1.160367063928584;1.6353891044983817;-0.0836137452839808;0.034629103366846874;30.0;53.72427911;86.83017863
0.8850775086563304;1.894340084415779;-0.0438462322830631;0.034629103366846874;30.0;53.72393767;86.83017766999998
1.1960564395566415;1.7704163475229662;0.0418068726419904;0.0347789055226851;30.0;53.72356394999999;86.83019563
3.552539025532979;1.4261940613025192;-0.0336494340776996;0.03232454724553251;30.0;53.72319202999999;86.83022563
1.5407005116615349;1.1814175482037008;-0.0418068726419904;0.03498111160983604;30.0;53.722822859999994;86.8302507
3.624800859118282;1.0852572202148023;-0.0326297542571632;0.03535151491221729;30.0;53.72245759;86.83024639
1.1061503634912062;1.1219513885501937;-0.0458855919241358;0.03616390956252532;30.0;53.72209392;86.83020528
3.230426951918011;1.1655650057924578;-0.0305903946160905;0.03561929070093241;30.0;53.72173941999999;86.83013494
2.0077976972914917;1.0489694674252716;-0.0836137452839808;0.027870419407679956;30.0;53.72139227;86.83004123
2.7342931275608287;1.0250571406512823;-0.0152951973080452;0.02854314350485793;30.0;53.721051880000005;86.82993891999999
3.5902468653908604;1.0111859060835338;0.0254919955134087;0.029490712119771098;30.0;53.72071439;86.82983439
4.415927229935442;1.180809016462216;-0.0254919955134087;0.02971608184718274;30.0;53.72038015;86.82972287
3.3252013300734418;0.9094032518033086;-0.0101967982053635;0.03012305934243584;30.0;53.720085440000005;86.82961248000001
2.7452626627961134;0.9114819914143657;-0.0489446313857448;0.03167050305988727;30.0;53.71979727;86.82950607
4.308380679400608;0.8777762922795642;-0.0560823901294993;0.025056382534022262;30.0;53.71950503000001;86.82941095
5.0631817803262615;1.4043907611353816;-0.0438462322830631;0.025088866904631166;30.0;53.71921318999999;86.82934183
3.615536774109113;2.0285419111880256;-0.0112164780258998;0.019319875709411526;30.0;53.718876019999996;86.82932209999998
3.173430679330264;2.669539108686694;0.0010196798205363;0.01958593515296751;30.0;53.718539;86.8293358
2.2012187580450084;3.0163990503122124;-0.0356887937187723;0.019825132905137287;30.0;53.71820451;86.82936995
0.0300417405669189;3.319522919916184;-0.0142755174875088;0.02005226285975859;30.0;53.71787365;86.82941797000001
-1.4359096682568908;3.204266272300785;-0.0418068726419904;0.030929354102777706;30.0;53.717528879999996;86.82949304000002
-3.2350194458047934;2.8958887283100765;-0.0397675130009177;0.033303470728364114;30.0;53.71716739;86.82960259000001
-2.8564905150983635;2.7038420241039076;-0.0081574385642908;0.03437529404216265;30.0;53.7168051;86.82972158
-3.4373579245419803;2.0901360840297656;-0.0509839910268175;0.03261488053648031;30.0;53.71644546;86.8298509
-2.5130799394900665;1.383801712891583;-0.1070663811563169;0.03480629931596589;30.0;53.71609237;86.82999189
-3.971658737022722;1.001473776354486;-0.0744366268991536;0.03101346856836228;30.0;53.715740919999995;86.83013708
-5.051336665216966;0.8007368774767689;-0.0815743856429081;0.040109710569411705;30.0;53.715453419999996;86.83028222
-2.3798074437859884;0.8853289605506567;-0.0887121443866625;0.052159194937291396;30.0;53.715194399999994;86.83043792
-3.057462136855989;0.8768918817353321;-0.0999286224125624;0.05345476885496554;30.0;53.71497263;86.83060527
-3.9433552112338255;1.5431701506105915;-0.078515346181299;0.05356811266287591;30.0;53.71479201;86.83077281
-3.7985804830211527;2.029742304874569;0.0152951973080452;0.04982216889291286;30.0;53.714678760000005;86.83092068
-2.2327910927567816;2.5324382643776766;0.0443560721933312;0.04963631859045682;30.0;53.71463808;86.8310464
-3.0277693893042645;2.2767569231352978;0.0040787192821454;0.047372270621394014;30.0;53.71465386;86.8311697
0.686281932809871;2.4570773420534913;-0.040787192821454;0.04551766150855457;30.0;53.71472055;86.83127991
1.2198706967772406;2.402656954102945;-0.0377281533598449;0.03881024575805762;30.0;53.714843110000004;86.83137943
2.6424328790119778;2.1726585555130615;-0.0091771183848271;0.03551453716897625;30.0;53.71501455;86.83146895
-1.6380824685727924;1.8464700398132328;-0.0474151116549403;0.0348908350627915;30.0;53.71522407;86.83153767
1.6016580097312405;1.87170108149604;-0.0723972672580809;0.027631933009152808;30.0;53.71545075;86.83158771000001
0.407442851005063;1.3242431222615982;-0.0265116753339451;0.02640168999050169;30.0;53.71568552;86.83162792
0.809291161102237;1.408762014657555;0.0142755174875089;0.025804201717206557;30.0;53.715925330000005;86.83165269
1.3625029107640334;1.64458860616827;0.0081574385642908;0.026181987904219172;30.0;53.716170209999994;86.83166460999999
3.305218665110373;1.8250762364231077;-0.0254919955134087;0.02603951849880265;30.0;53.71641886;86.83165726
1.1304500500401755;1.3865253532462316;-0.0101967982053635;0.025617221849498766;30.0;53.716666090000004;86.83163057
2.8102988795079327;1.3669124144596108;-0.020393596410727;0.018478444033974542;30.0;53.71690961;86.83159505
4.069489666737658;1.1940522306745711;-0.0428265524625267;0.023354464788100847;30.0;53.71715038;86.83155422
4.274418877453953;1.0412191100436214;-0.037728153359845;0.02164242227913816;30.0;53.71739222;86.83150934
2.9850739020482133;0.9265592786273124;-0.0050983991026817;0.024465469662428505;30.0;53.71763491;86.83146531
2.206652244018793;1.3284155942169704;-0.0193739165901906;0.02545684897972017;30.0;53.7178779;86.83140877999999
2.9569240163093475;1.403412368619565;0.0311002345263587;0.0345094629844546;30.0;53.718122859999994;86.83134142
2.079760696561498;1.3983420310246946;-0.011726317936168;0.040113022761541495;30.0;53.71836892;86.83127515999999
2.7574603579498267;1.438146967014522;0.0275313551544814;0.040113022761541495;30.0;53.7186102;86.83121692
-0.2432531101778797;1.4906249196369274;0.0173345569491179;0.0415087484883267;60.0;53.718840979999996;86.8311789
0.5638745710351745;2.140653908460418;-0.0805547058223717;0.05023939928857323;60.0;53.71905675000001;86.83117195
2.2582140219697195;2.8816140586336965;-0.078515346181299;0.050167947805500976;60.0;53.71927445;86.83121813
0.0577642506559378;3.0645071823297405;-0.0428265524625267;0.04589468631512123;60.0;53.71947802999999;86.83129883000001
-1.0893057275438272;3.2459725766522802;-0.0571020699500356;0.04790023663888639;60.0;53.71966522;86.83141434
-3.864791702810877;2.898033361567243;-0.1152238197206077;0.039803954941140786;60.0;53.71983573999999;86.83157206
-5.697595147069341;2.9729561591553044;-0.0469052717446721;0.031148766108498937;60.0;53.71999751;86.83177223
-5.025492943984933;2.7742770323160446;-0.0805547058223717;0.03347146361790125;60.0;53.72014667;86.83201355
-5.815336212676604;1.9876497996370068;-0.1091057407973896;0.04024557397769691;60.0;53.720284420000006;86.83228698
-3.56818075730109;1.5779372159097234;-0.0254919955134087;0.04662872423959753;60.0;53.72040842;86.8325825
-5.5195052868529295;1.1416988539591162;-0.0305903946160905;0.05030879742246253;60.0;53.720524409999996;86.83289049
-4.658236584494023;1.1187370227302411;-0.023452635872336;0.04283168595950989;60.0;53.72063811;86.83319875
-4.667566546144832;1.0569770383317647;0.0142755174875089;0.05042068545405898;60.0;53.72074158;86.83349422
-2.0744889137731146;1.451059524436715;0.0224329560517997;0.05591818341696322;60.0;53.72084242999999;86.83377171
-4.284376414858488;1.3960611796438698;0.0173345569491179;0.05080927685063651;60.0;53.72095673;86.83406264999999
-4.506330213211536;1.6068519723433883;-0.0079025186091567;0.04811651950189904;60.0;53.72107026;86.83432722
-4.017768785740028;2.029161335221063;0.0622004690527174;0.0760212594940438;60.0;53.72118005;86.83457269
-7.562239654437766;2.052727563783179;0.095849903130417;0.07486785416332886;60.0;53.72129496;86.83481048
-4.786803342120695;2.1658478509064456;0.1121647802589986;0.08155732280931947;60.0;53.72140723;86.83503539
-1.9265334336653164;2.240365323394812;0.0112164780258998;0.08482333131073228;60.0;53.72151705;86.83525273000001
-0.1649027213071966;2.2627830755510208;-0.1631487712858162;0.088207252928233;60.0;53.72162323;86.83546131
-2.4580996540546924;2.2756183598880066;0.0188640766799225;0.08874939785307877;60.0;53.721722369999995;86.83566541
-1.0689247784681064;2.268435010196249;-0.0836137452839808;0.08476983555831404;60.0;53.72181121999999;86.83584898000001
-1.1628749810378185;1.8146760247694222;-0.0683185479759355;0.07449342870834892;60.0;53.721895610000004;86.83602809
-4.646764382728921;1.632589354047657;-0.0815743856429081;0.06074419162450313;60.0;53.72196457;86.83617385
-4.698683639002773;1.642952552244901;-0.0418068726419904;0.05894892520300792;60.0;53.72202989;86.83630829
-3.798440184615582;1.9088352271218094;-0.0071377587437544;0.04152687016786875;60.0;53.72209339999999;86.83643068
-0.5845790928291272;2.0829555586124324;-0.0132558376669725;0.03885814148006093;60.0;53.722150920000004;86.83653428
-2.3917120588562484;2.677559166433452;0.0356887937187723;0.04002378601149827;60.0;53.72221955;86.83664643
-1.6215520089824385;2.8861677586202386;-0.0132558376669725;0.03766854840088679;60.0;53.72228861999999;86.83675134
1.3625736040497445;2.7107103082111177;-0.0020393596410727;0.03196370512320194;60.0;53.722355730000004;86.83684405
-4.7329896967517335;2.4877732175087477;-0.0132558376669725;0.041539908710352895;90.0;53.722423479999996;86.83691947999999
3.0280191171573123;2.3557575394083905;-0.0907515040277353;0.0416311682312692;90.0;53.72249283;86.83697603
1.5010552743333894;2.3917018385494684;-0.020393596410727;0.043790074407198586;90.0;53.72255809999999;86.83701058
-0.2282433586594538;2.330152920006747;-0.0152951973080452;0.04443384738000225;90.0;53.7226084;86.83702248
-2.6682680315258884;2.3879770681334214;0.0723972672580809;0.05345865890678854;90.0;53.72264070999999;86.83702663
1.0797234531248905;2.5366265250045124;0.0020393596410727;0.06238317195949252;90.0;53.72265033;86.83702345
0.7889072792705971;1.7612186169753188;0.0387478331803813;0.07030552895700762;90.0;53.722630790000004;86.83699367
1.2658398615515214;1.9596971429921541;-0.0514938309370857;0.07818744061554314;90.0;53.72257757;86.83692253000001
2.58108040448491;2.1936861834957937;-0.1029876618741715;0.08203493326542219;90.0;53.72250792;86.8368196
3.2008252970687736;2.172997572309736;-0.1233812582848985;0.08043143604694072;90.0;53.722435940000004;86.83668874
2.4148049689783524;1.7171425995822311;-0.1366370959518711;0.06405705588774391;90.0;53.72236816000001;86.83654416
4.433712068763271;1.8087527338617182;-0.1580503721831345;0.05856630860795309;90.0;53.72231252;86.83641172
-1.6884383089288524;2.050000907419387;-0.1376567757724074;0.038279324614254484;90.0;53.72227382;86.83630134
0.1125567116628542;2.3540363104319186;-0.0662791883348628;0.04414427271691441;90.0;53.722262369999996;86.83620797
1.0425709643436814;2.6478744748578618;-0.0917711838482716;0.04507156544443803;90.0;53.72228599;86.83612919
-0.2911258662183816;2.5403726077406295;-0.0458855919241358;0.049254745700079434;90.0;53.72233933;86.83605965000001
-1.6699823797966311;2.369941280916493;-0.1080860609768532;0.04774127416923719;90.0;53.72242192;86.83601168
-2.535651905624124;1.8124437323573006;-0.0183542367696543;0.04817967669576196;90.0;53.722530830000004;86.83598746999999
-3.777231521636932;1.8158519717612178;-0.0693382277964719;0.04320376433813678;90.0;53.7226622;86.83599084
-2.689173041739028;2.2116014858857995;-0.0224329560517997;0.044479161551988826;90.0;53.72279797;86.83602933
-2.1516634439178968;2.1462296940378125;-0.037728153359845;0.046446014742174344;90.0;53.72292541;86.83609533
1.960298988415594;2.1360114904072396;0.0275313551544814;0.05230779689400179;90.0;53.72302887000001;86.83617575000001
-1.7870952645666822;2.5111865210282502;-0.1070663811563169;0.05124887288852511;90.0;53.72310448;86.83625648
2.920160201629766;2.517521707301748;-0.0887121443866625;0.04849992370845198;90.0;53.72315757;86.83633261
0.2280823499156808;2.3616928970923703;-0.1101254206179259;0.048522785642657974;90.0;53.72319021;86.83639341
-0.6721815043715937;2.5607973299478526;-0.1366370959518711;0.047122620057822015;90.0;53.723220100000006;86.83644890000001
-5.182959492922076;2.5607973299478526;-0.0938105434893443;0.047122620057822015;90.0;53.723220100000006;86.83644890000001
0.1750101672499175;2.5607973299478526;-0.0662791883348628;0.047122620057822015;90.0;53.723220100000006;86.83644890000001
-1.922890393378162;2.5607973299478526;-0.07545630671969;0.047122620057822015;90.0;53.723220100000006;86.83644890000001
2.986415575365746;2.5607973299478526;-0.0367084735393086;0.047122620057822015;90.0;53.723220100000006;86.83644890000001
6.199741557487737;1.1470540366983655;-0.1060467013357805;0.050968580202652915;30.0;53.72973003;86.84459211
6.247396865001227;1.1470540366983655;-0.092790863668808;0.050968580202652915;30.0;53.72973003;86.84459211
5.767650382335794;1.1470540366983655;-0.0917711838482716;0.050968580202652915;30.0;53.72973003;86.84459211
3.745100011247854;1.1470540366983655;-0.1233812582848985;0.050968580202652915;30.0;53.72973003;86.84459211
5.342692529679627;1.1470540366983655;-0.0305903946160905;0.050968580202652915;30.0;53.72973003;86.84459211
6.5270247086665885;1.1470540366983655;-0.0173345569491179;0.050968580202652915;30.0;53.72973003;86.84459211
4.689415539307124;1.3891064750472915;-0.0305903946160905;0.0471381853656731;30.0;53.72982913;86.84469377
5.283873272430225;1.6365624992495136;-0.0173345569491179;0.04731785603891516;30.0;53.72991922;86.8448069
7.209791644375268;1.6568773421676213;0.0367084735393086;0.04667874497758623;30.0;53.730005989999995;86.84493719
7.550634107243923;1.3692230837891848;-0.020393596410727;0.030977127814113197;30.0;53.730087839999996;86.84507792
8.325052203724654;1.5282287179926972;-0.0285510349750178;0.029245836205818325;30.0;53.73016345;86.84523033
8.792482100444628;1.6681265131802738;0.0224329560517997;0.028522898989498318;30.0;53.73023548;86.8453894
7.409971595317578;2.028406374440854;0.040787192821454;0.027827743367652234;30.0;53.73030937;86.84556825
7.554482559782675;2.6296758881169873;0.037728153359845;0.026834837634227653;30.0;53.73038441;86.84577897
4.302856334341654;2.725215227801996;-0.0050983991026817;0.024676871977815512;30.0;53.73045869;86.84600685000001
4.659921334809809;2.733271146767084;-0.0020393596410727;0.02436877144626605;30.0;53.73053372;86.84625852
2.578095336465109;2.6356841408931864;-0.0249821556031405;0.0265891818973268;30.0;53.73061061000001;86.84654277
1.0597656323060212;2.2385047795335313;0.0101967982053635;0.038804775639970694;30.0;53.73069339999999;86.84685596
3.1404019677563952;1.8928869250685998;0.0020393596410727;0.0388672453981289;30.0;53.730787369999994;86.84718545
2.980487494112296;1.5317160898274311;-0.0173345569491179;0.04141293036675187;30.0;53.730888990000004;86.84751747
1.934469620722898;1.7948638847235556;0.0560823901294993;0.04071663935123995;30.0;53.730996340000004;86.84784497999999
1.9541793196292896;1.9342375575408053;0.1009483022330988;0.039339948459544055;30.0;53.73110892;86.8481598
4.831939120913117;1.9183678442332945;0.0418068726419904;0.03395059994170244;30.0;53.73122171999999;86.84844412
5.865076481692177;1.651529212784542;0.0672988681553992;0.032737607193393074;30.0;53.731340620000005;86.84868334000001
6.372394628570741;1.6101238726574914;0.0458855919241358;0.03550742060172868;30.0;53.731469960000005;86.84887668
6.011488266804622;1.530799975647531;0.0346691138982359;0.03787576410311445;30.0;53.731607239999995;86.84902164
4.726219310733286;1.2065435607514567;0.0412970327317222;0.038225377371886166;30.0;53.7317571;86.84911262
4.790776881880764;0.7622739002121944;0.0285510349750178;0.02969274643915443;30.0;53.73193478;86.84913925999999
4.831417928558167;0.7734972711337129;-0.0163148771285816;0.029260645774792742;30.0;53.732108329999996;86.84911825
4.910064343178809;0.7880214719718928;-0.0300805547058223;0.02587746583462869;30.0;53.73227414;86.8490639
5.136856738439444;0.8288924921319095;0.0081574385642908;0.025877465834628684;30.0;53.732432429999996;86.84897387000001
6.785733576441021;0.8166926893476751;0.0305903946160905;0.025554007259915818;30.0;53.73258313;86.84885321
6.2721889397936;0.7962892020229737;0.0326297542571632;0.022508083138716446;30.0;53.73272515;86.84869058999999
6.115500406582516;0.8931698807107592;-0.0010196798205363;0.020816971580749875;30.0;53.73285145;86.84850200999999
4.32298029994199;0.8626052001338815;-0.0173345569491179;0.020558977858345692;30.0;53.732959019999996;86.84829726000001
4.796332076584131;0.8447677268864333;-0.0142755174875089;0.018979319001140266;30.0;53.733049359999995;86.84807784
5.514442980393293;0.8246430169501074;-0.0050983991026817;0.018747817885855625;30.0;53.73311926;86.84784821999999
6.830621233356224;0.9561799290883263;-0.0142755174875089;0.017440532958444745;30.0;53.73315063;86.84761847000001
5.953662501264073;0.93181724484648;-0.0122361578464362;0.00975736445685287;30.0;53.7331718;86.84738364
6.377589913631903;0.9344513893291048;-0.0173345569491179;0.008863983876413076;30.0;53.73318956000001;86.84713516
6.359188667525858;0.9534539372411286;-0.0061180789232181;0.01998416368714776;30.0;53.73320536999999;86.84687961
4.037908656245385;1.0940976668675113;-0.0356887937187723;0.02025261992112703;30.0;53.73321900999999;86.84661677
5.514411850761799;1.1449782027570734;-0.0061180789232181;0.019551693981408755;30.0;53.73323149;86.84635789000001
4.890402714618152;1.0507464259100117;-0.0112164780258998;0.02004390720963495;30.0;53.73324332999999;86.84609325
4.1881616396346;1.024436087784371;-0.0703579076170082;0.0201051971053413;30.0;53.73325595;86.84579355000001
3.674236775459085;0.8513856763838352;-0.0316100744366268;0.020095713724604912;30.0;53.73326794;86.84548554
4.228008009923138;0.8175779141901773;-0.0285510349750178;0.019738407479232164;30.0;53.733279059999994;86.84517154
3.933158442839853;1.204492271359257;-0.0071377587437544;0.01967421355321764;30.0;53.73328954;86.8448569
3.91481064784759;1.1909174447829654;-0.0112164780258998;0.018846154872475474;30.0;53.73329796;86.84454276
4.950586997227898;1.1945882067527105;-0.0285510349750178;0.01820643324523338;30.0;53.733304340000004;86.8442317
6.211894985027296;1.186027642018973;-0.0101967982053635;0.009746258112669218;30.0;53.733308380000004;86.84392086
7.467080866468962;1.2116995862192388;-0.0346691138982359;0.009746258112669218;30.0;53.73330971;86.84360987
5.209521801206859;1.2976650786312294;-0.0173345569491179;0.010254558093262898;30.0;53.733307360000005;86.84329008
5.161239329473495;1.4042246765365152;-0.0260018354236769;0.013133367892222393;30.0;53.73330276;86.84296292
4.331149740515637;1.377136060998218;-0.023452635872336;0.01255317938892754;30.0;53.733298000000005;86.84265864
3.4656262636761896;1.4122384070279066;-0.0316100744366268;0.012542130876405577;30.0;53.73329691;86.84234778999999
3.319275674405919;1.304834125496741;-0.0336494340776996;0.01128949764614036;30.0;53.73330097;86.84202673
2.9432057479311973;0.8219812082563807;-0.0550627103089629;0.015725804292275724;30.0;53.73331151;86.84169935
4.8368377213789095;0.818781075181255;-0.0418068726419904;0.015411920692655817;30.0;53.733332610000005;86.84136205
3.766216841265658;0.7313014630876794;-0.0295707147955541;0.018819163425306578;30.0;53.73337783000001;86.84098999
4.610803517458495;0.7811373311724766;-0.0183542367696543;0.024024708736801296;30.0;53.73343844;86.84062564
3.462877445105701;0.7813252881160361;0.0040787192821454;0.02539528236549688;30.0;53.73351151000001;86.84026607
5.187826532706247;0.7611764360071276;-0.023452635872336;0.024633235924017748;30.0;53.733597429999996;86.83992703
4.101993006484404;0.699475585423856;0.0061180789232181;0.028397671099561216;30.0;53.73369280000001;86.8395488
3.024257541006764;0.8547452711983132;0.0224329560517997;0.024999144490247305;30.0;53.733787359999994;86.83916208
4.3716803360000265;0.8687570185675718;0.0101967982053635;0.02317788032920778;30.0;53.73388304;86.83876624
3.5867678905744587;0.8338410947043143;-0.0112164780258998;0.021775463576637698;30.0;53.73397620000001;86.83836276
4.776019049635197;0.8466261657519566;0.0550627103089629;0.02185093466977489;30.0;53.734068730000004;86.83794329
2.378815270068668;1.1473663591714993;-0.0071377587437544;0.01908524187196913;30.0;53.73415993;86.83751737
3.4217799086358567;1.1343419880640988;0.020393596410727;0.04115660548482647;30.0;53.73423348;86.83710708
3.605332024466964;1.160482835771129;-0.0010196798205363;0.04556120047250051;30.0;53.73428073;86.83666537
3.238050908495014;1.073494404672045;0.0010196798205363;0.04741386292664989;30.0;53.734299299999996;86.83621289999999
0.6993960435236709;1.0693376074120844;0.0050983991026817;0.04735876431514682;30.0;53.73428641;86.83574433
2.5575589021886485;1.0211129208191048;0.1259304578362394;0.04497139320655862;30.0;53.734242159999994;86.83531096
2.3913452197910114;1.0474229109366693;-0.0397675130009177;0.044651970930256205;30.0;53.734171790000005;86.83488731
2.749975164320544;1.0834176391733912;-0.0254919955134087;0.04750514662045107;30.0;53.73406938000001;86.83448282
2.2155869200103635;0.9680856949553714;-0.0101967982053635;0.04735534901817284;30.0;53.733930580000006;86.83410594
0.6358878081361926;0.8871370889727901;0.0142755174875089;0.048074446210392904;30.0;53.733750210000004;86.83377197000002
3.1283596618713903;0.7736774177514434;0.0071377587437544;0.049190935847694704;30.0;53.733524;86.83347152
0.9799966418169432;0.7719309600041724;0.061180789232181;0.029405188403774908;30.0;53.73325674;86.83321450000001
2.1188373439025043;0.7661128541809357;0.0040787192821454;0.028952044394921297;30.0;53.73296417;86.83300641
2.36410913060047;0.7312460851540556;-0.0142755174875089;0.02816011155716008;30.0;53.73264398;86.83282702
1.7353507245447335;0.7392299625786329;-0.020393596410727;0.030621016891011456;30.0;53.732308939999996;86.8326763
2.5310324439442367;0.6107504058741785;0.0285510349750178;0.030804955101659433;30.0;53.73196113;86.83255889
2.2133098199617613;0.8866063151677274;-0.0367084735393085;0.033099087250994225;30.0;53.731597969999996;86.83246709
1.7603500543167214;1.1731835530273058;-0.0163148771285816;0.023442843423885303;30.0;53.73119106;86.83238274
1.5015921666905976;1.8417724996178615;-0.0372183134495768;0.023373748940856632;30.0;53.73078350000001;86.83230542000001
2.5151638670982006;1.9505916308238689;0.0173345569491179;0.023595118328041648;30.0;53.73038027;86.83222475
-0.3710085345154807;1.9460360470764908;-0.040787192821454;0.02396675419895737;30.0;53.729982369999995;86.83213661
-0.7515420265419549;1.8357310939843259;-0.0081574385642908;0.018657710537353763;30.0;53.72958619999999;86.83204252
-3.032383765660149;1.7086368311005367;-0.0316100744366268;0.023145771121283156;30.0;53.72918529;86.83193345000001
-1.6037549813358876;1.555468822607774;-0.0265116753339451;0.023000254096448236;30.0;53.72879852999999;86.83181293
-0.6009799400429405;1.4223428462832328;-0.003059039461609;0.027057351290458567;30.0;53.728408159999994;86.83168112000001
-0.9808144881738556;0.9251798129216159;-0.0316100744366268;0.026181105393808864;30.0;53.72802239;86.83153599
-1.2660312816460564;0.8973763945301232;-0.0662791883348628;0.026365346174364365;30.0;53.72764502;86.83137878000001
-0.1165241804268465;0.9712302533202424;-0.029060874885286;0.02647946395086657;30.0;53.72730519;86.83121815000001
-1.6050784433944056;0.721658871308285;0.0224329560517997;0.027454930451697373;30.0;53.72696431000001;86.83104623
0.1732623467857139;0.6916002079335964;0.0112164780258998;0.03068395821676306;30.0;53.72661887;86.83086463
-1.0093407108775023;0.8926865432208395;-0.0428265524625267;0.031890657329676254;30.0;53.72626811;86.83069307
0.1141710045290736;0.9015637451942756;-0.037728153359845;0.03381079689295218;30.0;53.72591239999999;86.83053960000001
-1.7205735397256638;1.2321937160507448;0.0020393596410727;0.031009044728546837;30.0;53.72555958;86.83041462
-1.2843211333616529;1.9499031707206913;0.0244723156928724;0.031491070519426144;30.0;53.72519831999999;86.83031192000001
0.9478378094122056;1.9215952874622253;-0.0469052717446721;0.029918524989620488;30.0;53.72483744;86.83023776
-0.1163911041033133;2.0092088484365527;-0.0560823901294993;0.0283488106519791;30.0;53.72446893;86.83018925
2.2477844206217195;1.9093617314937033;-0.0418068726419904;0.027546247683624393;30.0;53.724095950000006;86.83016699
4.530511488426381;1.9391437310004231;0.0020393596410727;0.02873354887979329;30.0;53.72372236;86.83017228
2.178280513764549;1.6151338232735444;0.0091771183848271;0.028107344730000157;30.0;53.72333908;86.83020116
2.5713080047007786;1.2098565989282206;-0.0101967982053635;0.023461254770178224;30.0;53.72295820000001;86.83023755999999
1.6324329378604587;1.1363553531759591;-0.0316100744366268;0.022710619634381965;30.0;53.72258430000001;86.83025534
2.7604737300541347;0.8811367882792531;-0.0499643112062812;0.020854328999333153;30.0;53.72222236;86.83023388
2.277314801869447;0.8680644051598989;-0.037728153359845;0.021022886681811112;30.0;53.72187554;86.83017378
2.4341239524506637;0.6142276475910834;-0.0071377587437544;0.026921607142582158;30.0;53.72154412;86.83008812
2.5007375971625656;0.616880488058814;-0.0367084735393086;0.026832415889895406;30.0;53.7212264;86.82998288
4.0088895088202765;0.6176809604184048;-0.0050983991026817;0.026877155972792027;30.0;53.72091689;86.82986793
2.566274591273196;0.5378900663853207;0.0061180789232181;0.02697390962785286;30.0;53.72061277;86.82974813
2.1370244396161326;0.5831018998864281;0.0387478331803813;0.022880649799026497;30.0;53.7203119;86.82962646
2.135980601696959;0.5956287917478928;0.0081574385642908;0.02395246974252909;30.0;53.72002089;86.82950697
2.6202446697934287;0.5953020864594858;-0.0183542367696543;0.02369619287218591;30.0;53.7197364;86.82939656
2.7562060950382543;1.216457247841732;0.0101967982053635;0.023500615191719348;30.0;53.719453650000005;86.82930581000001
3.3329762353250225;1.4273426773832263;-0.0010196798205363;0.024179052852734514;30.0;53.71917035;86.82924779
2.13413982761542;1.6540731970381137;0.0428265524625267;0.02581936336648382;30.0;53.71888483;86.82922595
2.9342008122036654;2.0158615167349794;0.0;0.022639035385528927;30.0;53.71859558999999;86.82923111
-0.6267130375949934;2.4499870883623363;-0.0356887937187723;0.022725875314316222;30.0;53.71830809000001;86.82925593
-0.740507984758305;3.0561648317382417;-0.0152951973080452;0.024923472431464595;30.0;53.71802622;86.8292915
-0.8838317036465768;3.014638906272614;-0.0254919955134087;0.026333284833503088;30.0;53.71775024;86.82934320000001
-2.1779328289523185;2.6487469765069456;-0.020393596410727;0.026974766200775924;30.0;53.71748157;86.82940477
-3.499009976098227;2.3254704213466506;-0.023452635872336;0.025904238403607237;30.0;53.7172272;86.8294704
-5.845277970434694;1.65491715058775;0.0265116753339451;0.02578354292281156;90.0;53.716977459999995;86.82954577999999
-3.550230682630753;1.5195989520282953;0.0254919955134087;0.0315248033666705;90.0;53.71670661;86.82965381
-2.50971388806659;1.3670715695535207;-0.0214132762312633;0.03215469411400383;90.0;53.716436269999996;86.82977003
-1.7588069628385647;1.180189222255923;-0.0571020699500356;0.03385719191910683;90.0;53.71616478000001;86.82989278
-3.7233595987989423;1.2019711874493078;-0.0305903946160905;0.04028903952872105;90.0;53.71588902;86.8300215
-2.3145149186629297;1.5116180865304345;-0.0764759865402263;0.05393593280820671;90.0;53.715614089999995;86.83015617
-3.5001723144688;1.3474407066646195;-0.0438462322830631;0.06344633975278878;90.0;53.71536080999999;86.83030993
-4.011900927410482;1.8724419189292492;-0.058121749770572;0.0630445676353116;90.0;53.71514287;86.83046575
-4.841949508957211;2.3596905240547423;0.040787192821454;0.06452459995406035;90.0;53.714967089999995;86.83063045
-6.461163339407778;2.344071789206205;0.0917711838482716;0.061647401670761236;90.0;53.71483384;86.83079416
-3.1690759612888537;2.561343589955197;0.0989089425920261;0.061135075391328564;90.0;53.714746330000004;86.83095753
0.5238201367374525;2.650853305159894;-0.0285510349750178;0.05417476562151006;90.0;53.71473085;86.83109565
1.3503173242288775;2.765283686166053;0.0387478331803813;0.05495350046249447;90.0;53.714768590000006;86.83122298999999
-3.6668149000365697;2.6956139957764935;0.0112164780258998;0.05064580859658993;90.0;53.71486281999999;86.83133769999999
0.4680803117441638;2.457106161444627;-0.0214132762312633;0.050083709241060426;90.0;53.71501792;86.83143648000001
-0.4124332766752645;1.7785646545091438;0.0295707147955541;0.04285675454841207;90.0;53.715221269999994;86.83152463
0.5404423755661865;1.6115428506481437;-0.0499643112062812;0.027636113632293968;90.0;53.71545651;86.83158834999999
-0.5779992230987132;1.7674717084406848;-0.0224329560517997;0.026950396787178088;30.0;53.71571098;86.83163546
-0.5677948413193598;1.9701123899241284;0.0112164780258998;0.0228402842454634;30.0;53.71597488;86.83165872
1.7258699298587192;1.3717276735591566;-0.0122361578464362;0.025827919333513874;30.0;53.716246219999995;86.83166382
1.9192974822601072;1.4823122149879138;0.0015295197308045;0.02600933198875228;30.0;53.716519760000004;86.83165576
2.423229350600077;1.4089115772275473;-0.020393596410727;0.026097960836248293;30.0;53.716842029999995;86.83162475
3.186345938679972;1.6136910774574338;0.0040787192821454;0.027165107380621757;30.0;53.717165439999995;86.83157952
2.182660136181291;1.6296480654286687;-0.0520036708473539;0.026984828895922307;30.0;53.71748905;86.83152681
3.063450657812165;1.76335213047145;0.0010196798205363;0.030410667354743997;60.0;53.71783897;86.83147737
2.8497922130451965;1.8022329676936126;0.0300805547058223;0.036846531605182524;60.0;53.71818314000001;86.8314401
-0.988280444554424;3.104959449742448;-0.0560823901294993;0.03893317586657925;60.0;53.71851309;86.83142189
-0.6864002048031238;3.291257792834412;-0.0173345569491179;0.04443514735461905;60.0;53.7188255;86.83141686
-1.3999910446250616;4.213389586865212;-0.0642398286937901;0.04407568563474188;60.0;53.719118949999995;86.83143895
0.1712779664682352;4.449322069009528;0.0469052717446721;0.05014505837266088;60.0;53.71939102;86.83149854
-6.827492271805276;4.100050133389802;0.0285510349750178;0.05292982476930082;60.0;53.71964511;86.83159135000001
-3.948596865777783;3.482778758712932;-0.0774956663607627;0.04861115525391855;60.0;53.71984321;86.83175616999999
-9.768842281203549;3.367054281814748;-0.0050983991026817;0.04907851727968835;60.0;53.72002067;86.83196691
-8.072338980984297;3.116490623985118;-0.0978892627714897;0.051824641020712124;60.0;53.720178090000005;86.83221393
-6.217274391704422;2.8862643700562614;-0.0825940654634444;0.050323750287177824;60.0;53.72029189;86.83248900999999
-2.521051987496828;2.1641452099073746;-0.0356887937187723;0.04603518436437856;60.0;53.72039944000001;86.83278088
-6.224750755144502;2.1379958234287884;-0.003059039461609;0.044931043226317476;60.0;53.72050638;86.83307982
-6.4549808990533695;2.0439258492001247;0.0224329560517997;0.057244147635021635;60.0;53.72061582;86.83339406
-3.717407859461692;1.5423812829755341;-0.0086672784745589;0.057240514844693606;60.0;53.72073028999999;86.83370565
-4.842767401890292;1.661413824784317;0.0112164780258998;0.049562715716261835;60.0;53.72085305;86.83400249
-5.57396360170467;1.8867327006656474;0.0193739165901906;0.03869446448915439;60.0;53.72098614;86.83428661999999
-5.980827929577548;2.037789616137765;0.1060467013357805;0.034362688845676725;60.0;53.721117619999994;86.83453074
-5.14255740532208;1.9596748169961873;-0.0091771183848271;0.03637747358186108;60.0;53.721259569999994;86.83475973
-1.7014237838602992;1.8293190611180243;0.0448659121035994;0.03695766956107495;60.0;53.72140925;86.83497597
-1.468158582375498;2.2459664883464328;0.0305903946160905;0.03506345500333555;60.0;53.72156467999999;86.83517492
-1.3868744920652831;2.21857395165008;0.0045885591924136;0.03924733514832205;60.0;53.72172305;86.83535121
-2.728029886602024;2.1280405768085053;0.0713775874375446;0.03993424136956462;60.0;53.72188153;86.83550457
-1.8488902451308888;2.302314882189623;0.0520036708473539;0.031199212563213854;60.0;53.72203948;86.8356318
-7.54038118694874;2.201264181508783;0.0632201488732537;0.03614589579731093;60.0;53.722198330000005;86.83573688999999
-3.453006013031176;3.3475792661654733;-0.0214132762312633;0.03762270798916863;60.0;53.72235381;86.83582581
-2.7778973017094466;3.4531308537395624;0.0081574385642908;0.07584954675020766;60.0;53.72250364;86.83589116
0.8744018156904872;3.6633990204123426;0.023452635872336;0.08184133157135286;60.0;53.72265093;86.83593861
-0.8013609018643543;3.8982037463382966;0.1009483022330988;0.08753132831155895;60.0;53.7227903;86.83597302
5.6537646543390645;3.930737066498949;0.003059039461609;0.0864094673141168;60.0;53.72291758;86.83600557999999
1.124207397934;3.3494312848316286;-0.1743652493117161;0.08166674184510987;60.0;53.72302624;86.83604
2.5923878962054774;3.1804627142652464;-0.0836137452839808;0.08228506577682065;60.0;53.72311301;86.83607300999999
-5.368575615175248;3.2365828301359714;-0.1264402977465075;0.07964505207870262;60.0;53.72317905999999;86.83610578
-2.8500196055762337;3.3215326882531215;-0.0836137452839808;0.07520948039764469;60.0;53.723225049999996;86.83613385
1.985082590570661;3.3098426870921895;-0.0897318242071989;0.048629807689188134;60.0;53.72325906;86.83616018
1.1541488452980364;3.1401779898699416;-0.0876924645661262;0.0554296007954684;60.0;53.72328567000001;86.83618935
-3.2896339821687626;3.1433832650568005;-0.0509839910268175;0.055010232636299894;60.0;53.723305;86.83622915999999
2.5316684477455538;3.1433832650568005;-0.0326297542571632;0.055010232636299894;60.0;53.723305;86.83622915999999
1.1989315620752934;3.1433832650568005;-0.0723972672580809;0.055010232636299894;60.0;53.723305;86.83622915999999
4.608233770081956;3.1433832650568005;0.0356887937187723;0.055010232636299894;60.0;53.723305;86.83622915999999
1.2366328757468634;3.1433832650568005;0.040787192821454;0.055010232636299894;60.0;53.723305;86.83622915999999
-7.184431313576223;4.326519004378007;-0.1070663811563169;0.03498903687098611;30.0;53.729464310000004;86.84435967
0.0593649193060123;4.326519004378007;-0.0479249515652085;0.03498903687098611;30.0;53.729464310000004;86.84435967
3.478940965578224;4.326519004378007;-0.0316100744366268;0.03498903687098611;30.0;53.729464310000004;86.84435967
7.01042860429389;4.326519004378007;-0.1244009381054349;0.03498903687098611;30.0;53.729464310000004;86.84435967
7.287169316363914;4.326519004378007;-0.0418068726419904;0.03498903687098611;30.0;53.729464310000004;86.84435967
6.108846760169344;4.326519004378007;-0.0591414295911083;0.03498903687098611;30.0;53.729464310000004;86.84435967
4.5882716314534;2.292551668195519;-0.0285510349750178;0.0371496117760721;30.0;53.729581640000006;86.84443092000001
4.600099108455424;1.5889810864502536;-0.0418068726419904;0.04028420038980167;30.0;53.72969893;86.84452261000001
4.949327367114009;1.5108953126647484;-0.0550627103089629;0.04293650571368843;30.0;53.72981592;86.84463192000001
5.68076229736412;1.5933734055459765;-0.0122361578464362;0.03874186968158796;30.0;53.72993116;86.84476508
8.103060747340868;1.5753351058966152;0.0209034363209952;0.03946554646773574;30.0;53.730038969999995;86.84491641000001
8.024804525903678;2.0155884657714247;0.0081574385642908;0.03700562162311476;30.0;53.730144210000006;86.84508053
8.56828284813576;2.485711940900713;0.0101967982053635;0.03605228741568841;30.0;53.73025044;86.8452994
8.135107695978714;2.7243516618986328;0.0616906291424492;0.03331253207751261;30.0;53.73035341;86.84555852999999
6.4683119781303215;2.9765149184365485;0.0285510349750178;0.026678320255319694;30.0;53.730453409999996;86.84585565
2.566095765349102;3.263305218690273;-0.0397675130009177;0.026164111266655153;30.0;53.73055312;86.84618576
1.4201441975641311;3.2268929182452415;-0.0015295197308045;0.04430623224717125;30.0;53.730645259999996;86.84652622
2.2002822424813653;2.9574215992013624;0.0091771183848271;0.05070212011157855;30.0;53.730746069999995;86.84689327000001
1.8229515593286545;2.5665253854333763;-0.0040787192821454;0.05398624489115904;30.0;53.730860729999996;86.84727417
1.0050726279711542;2.1949702236824145;-0.0050983991026817;0.05367691277856642;30.0;53.730981220000004;86.84764809999999
1.17377873514311;2.1638849127023034;0.1213418986438258;0.053918499968452875;30.0;53.73110744;86.84800727999999
5.114268451160445;2.2312837938697614;0.0989089425920261;0.04720360762601222;30.0;53.73123957;86.84835701
5.756250738758668;2.0969004514392644;0.0917711838482716;0.04553352174140046;30.0;53.731395709999994;86.84863603
5.90104061755065;2.014285752210608;0.0550627103089629;0.04571330767164389;30.0;53.731558289999995;86.84885749
6.267417201940113;1.89648089976504;0.0183542367696543;0.043210615953742475;30.0;53.73172542;86.84901950000001
5.322284807173669;1.5405252693017397;0.040787192821454;0.04000880964901855;30.0;53.73189803;86.84911531
4.043210276970534;0.8601386970169236;0.0183542367696543;0.03451753837342401;30.0;53.73206904;86.84914552000001
3.961104862887016;0.9248854487585745;0.0071377587437544;0.03068772306188291;30.0;53.73223263999999;86.84911967999999
5.484113295762056;0.9291308348956243;0.0239624757826042;0.021563877750431035;30.0;53.73238357;86.84905301
6.20121966047812;0.9371633125471187;0.0265116753339451;0.017140278919556096;30.0;53.73252719;86.84895854999999
6.346556130834622;0.910119201809431;-0.0040787192821454;0.016998826858278956;30.0;53.73266298;86.84883578
6.6101640658517065;0.9166695446972096;-0.0152951973080452;0.014244022385216649;30.0;53.732789260000004;86.84868302
5.907102156675996;0.8117219550816173;-0.0040787192821454;0.01501784110439294;30.0;53.73288056;86.8485132
6.079922716478866;0.5072881914821937;0.0020393596410727;0.015554434979920718;30.0;53.732956879999996;86.84832584
5.669800907466485;0.683065056808132;0.0071377587437544;0.014617781917096615;30.0;53.73301912000001;86.84812695999999
5.15229067280592;0.6828728318505028;-0.0101967982053635;0.009480524578349744;30.0;53.733063900000005;86.84792342
6.698649013149957;0.8249394382729934;-0.0173345569491179;0.009480524578349744;30.0;53.733099059999994;86.8477077
6.474619487426666;0.8187658376023644;-0.0132558376669725;0.010231295666185965;30.0;53.73312721;86.84747985
7.709512550038466;0.9929018485537211;-0.0244723156928724;0.010379274317394042;30.0;53.73315083999999;86.84724236
6.216595464264198;1.2046330092794768;-0.0122361578464362;0.010946595189153958;30.0;53.73317058;86.84698562000001
4.814740776485991;1.234587932818485;-0.0040787192821454;0.010700027038671884;30.0;53.73318518;86.84670582
5.657018680053051;1.3669003566358136;-0.0224329560517997;0.015042437536384184;30.0;53.73319833000001;86.84641945
4.270459071267966;1.289476191874026;-0.0020393596410727;0.0160867755598942;30.0;53.73321173000001;86.84612565
3.6824118113296014;1.218835056571738;-0.0280411950647496;0.016462996576460814;30.0;53.73322393000001;86.84581017
4.775015396371185;0.7924233808500436;-0.0356887937187723;0.016487539183826432;30.0;53.73323626;86.84548457999999
3.68283813073887;0.7669855156901585;-0.0520036708473539;0.016378571298482348;30.0;53.733250010000006;86.84515017
5.076973557383953;0.78361452231383;-0.003059039461609;0.01604722861129744;30.0;53.73326228;86.84480404
4.748980784080765;0.7634309180163519;-0.0336494340776996;0.0165874359997935;30.0;53.733272320000005;86.84446080000001
5.029712781729584;0.763594071385609;-0.0173345569491179;0.015609300228318666;30.0;53.73327967;86.84411743
6.085548063768432;0.853099007745115;-0.0142755174875089;0.015544683593481852;30.0;53.733286;86.84377815999999
5.287834094757766;0.9207582163567579;-0.0071377587437544;0.015278193192384769;30.0;53.73329096;86.84345288
5.467684503465013;0.8948096401768486;-0.0081574385642908;0.012907444264607316;30.0;53.73329215;86.84312383
4.268387586532401;1.0145020832732674;-0.0316100744366268;0.011328699403907377;30.0;53.73329302;86.84277398
3.198584196447175;1.0331778145066484;-0.0193739165901906;0.010863831277508219;30.0;53.73329834;86.84242346
3.665107656607113;1.0181558873990437;-0.0326297542571632;0.013023280340059954;30.0;53.73330873;86.84207033
3.930211637791188;0.814099649488673;-0.0397675130009177;0.018673725310824247;30.0;53.73332504;86.84171544
3.0553022397200973;0.7095737908877271;-0.0214132762312633;0.018904911538407225;30.0;53.73335113;86.84136521
3.753261149234173;0.5229289970191043;-0.0142755174875089;0.02095794161920803;30.0;53.73338907;86.84101403
3.829732019168547;0.6265308789148535;0.0020393596410727;0.020394729356835544;30.0;53.73344005;86.84066053000001
4.684605045421269;0.6201067375199494;0.023452635872336;0.024593809203544603;30.0;53.73350465;86.84031553
4.31267547848096;0.6274979110390039;-0.003059039461609;0.022357899471870238;30.0;53.73358298000001;86.83997914
3.308215587594371;0.7049587335950391;0.0142755174875089;0.025975719393517883;30.0;53.73366946;86.83965346
4.957354054966978;0.7953109161791629;0.0050983991026817;0.025754850697568017;30.0;53.73376072999999;86.83934280999999
4.633715312374103;1.1719259023133304;0.037728153359845;0.028901123247935156;30.0;53.733850960000005;86.83904136000001
4.5432504798172975;1.2588133127734689;0.0071377587437544;0.02927919652362848;30.0;53.73393562;86.83873178
3.0863145158987413;1.2603583897676596;-0.0560823901294993;0.030665079965464644;30.0;53.73401363000001;86.83840531
5.703112159538632;1.2595282673897839;0.0224329560517997;0.036265831826872735;30.0;53.73408345;86.83806297
1.5554583985575148;1.825330841889165;0.0520036708473539;0.036790993735539526;30.0;53.73415124;86.83770836000001
5.5630922720958695;2.063915677976747;-0.0061180789232181;0.03854515605969313;30.0;53.73422039999999;86.83734488
3.647463111453857;2.012290264937348;-0.0244723156928724;0.049046022276031886;30.0;53.73427991;86.83696919
4.251601403937015;1.9551219116576253;-0.0560823901294993;0.04947064570203095;30.0;53.7343203;86.83658206
-0.0595419857329461;1.967538851547767;0.023452635872336;0.045849196321070554;30.0;53.734339999999996;86.83618192
0.3466638532730391;1.7220540787040333;0.0367084735393086;0.04634541690922704;30.0;53.73433454999999;86.83577967
3.239451659861148;1.6785099342191059;0.1029876618741715;0.04571292858755783;30.0;53.73430252000001;86.83537900000002
3.0589845588426634;1.4933606978870708;-0.0101967982053635;0.04711612277868096;30.0;53.73424807;86.83498151
2.3341689278326903;1.4159547082825743;-0.0254919955134087;0.04921638169123368;30.0;53.73413768;86.83457672
3.1124079124802377;1.4311192679427513;-0.0142755174875089;0.04327803806208775;30.0;53.73399107;86.83420483
2.444630464849254;1.2175856705706292;-0.0397675130009177;0.04353341582895265;30.0;53.73378979;86.83387042999999
0.5902731152898133;1.0767615205209866;0.0356887937187723;0.04303926676507328;30.0;53.73353913;86.83357113000001
2.117203184696681;1.061404618304579;0.0601611094116447;0.030168280555412017;30.0;53.733247289999994;86.83330489
4.342021312225066;1.0609245307423127;0.0295707147955541;0.02966647216463908;30.0;53.732926140000004;86.83307333999998
1.777362526809683;1.0675855150405245;0.0040787192821454;0.027209512719670863;30.0;53.732582060000006;86.83287262
3.844367171183865;1.0596047762760934;0.0132558376669725;0.026900142318689407;30.0;53.732220410000004;86.83270297
2.8475008981437604;1.122721908040453;0.0081574385642908;0.020276848790858774;30.0;53.731844020000004;86.83255442000001
2.154488207987408;1.3843430481900356;0.0132558376669725;0.030572261600498318;30.0;53.73145264;86.83243696
3.0314439237020205;1.5498212536703009;0.0071377587437544;0.024168359720367037;30.0;53.73107915000001;86.83236299000001
2.222686388675758;1.6627743807491528;-0.0112164780258998;0.023690402676443914;30.0;53.73070606;86.83229453999999
1.3693485774148784;1.8272131826050437;0.0040787192821454;0.027185566217856918;30.0;53.73034443;86.83221963000001
-0.6425402239695881;1.7034521454871883;-0.061180789232181;0.02703294948545622;30.0;53.7299848;86.83213648
0.1139072709124145;1.8507012726825423;-0.0035688793718772;0.027534292347081005;30.0;53.72959244;86.83203852
-1.273034268657772;1.7934948909422843;-0.0316100744366268;0.029367054206650534;30.0;53.729202570000005;86.83193025
-0.8908390298766629;1.4163089534557831;0.0367084735393086;0.030269781277618497;30.0;53.72881832;86.83181224
-0.9473625353861226;1.0596543669182081;0.0107066381156316;0.031390206532410314;30.0;53.7284357;86.8316805
-2.6565407202859386;0.8035264513501459;-0.0244723156928724;0.03270737710951139;30.0;53.72805561;86.83154105
-1.5134443122868086;0.876503913143707;-0.0469052717446721;0.02678393501984518;30.0;53.727679179999996;86.83138734
-0.8477303387693015;0.7376538086001764;0.0173345569491179;0.026858075269442772;30.0;53.72730564999999;86.83122373
-1.414254887659609;0.7450544099400538;0.0152951973080452;0.02561908205658967;30.0;53.726929580000004;86.83104734
-2.310821561521537;1.003153110034541;0.0224329560517997;0.02411140930272316;30.0;53.72655182;86.8308667
-2.594488216089639;1.0019205405187037;-0.0132558376669725;0.023733277520602326;30.0;53.72617097999999;86.83069834
-0.7599761595265944;1.032102482368329;-0.0081574385642908;0.02748100701086183;30.0;53.72582357;86.83055573
-1.117632635509683;1.3935007233329126;-0.0193739165901906;0.02544260649592981;30.0;53.72547094;86.8304335
0.6576136990941878;1.5812640048784479;0.0265116753339451;0.02648382649844996;30.0;53.7250999;86.83033382
-0.9758582815308208;1.7602193361099152;-0.0076475986540226;0.025619082056589682;30.0;53.7247175;86.83026118000001
0.4379099830118469;1.6850297637852794;-0.0509839910268175;0.024067768056119203;30.0;53.724336140000005;86.83021774
2.014685328419868;1.4244870862807837;-0.0326297542571632;0.024689041157644594;30.0;53.72394617;86.83020153
1.69612535883017;1.3589554389511953;0.0265116753339451;0.03277917759927952;30.0;53.72354977;86.83020961
2.347694741467345;1.1194144958821508;-0.0101967982053635;0.034981111609836045;30.0;53.72315041;86.83023009
2.1030575987502838;1.1603702811944114;-0.0265116753339451;0.03236205232697114;30.0;53.72272538;86.83020954
2.393187314640698;1.0025093265395058;0.0061180789232181;0.03777348350730086;30.0;53.7223118;86.83015692
2.284594810978908;0.7875102959694595;-0.0780055062710309;0.03856047618628817;30.0;53.72191034;86.83007546
2.217200572943544;0.8793511743311065;-0.0550627103089629;0.03773431533603641;30.0;53.72152155;86.82997338999999
2.9721498688136445;0.8018715516180431;0.0050983991026817;0.03707209717201619;30.0;53.72115208;86.82986248
4.450312314969215;0.8060314125469477;0.0397675130009177;0.037067422440996284;30.0;53.72079767;86.82975127
3.125422578141386;0.8395344408312907;0.0305903946160905;0.04308477401574965;30.0;53.720446749999994;86.82963586999999
3.998971798102392;0.8265760886054074;-0.0010196798205363;0.04666454280648864;30.0;53.72010977;86.82951649
2.5740475011130157;0.8015190616344562;-0.0387478331803813;0.03880775267060979;30.0;53.719780639999996;86.82939472000001
2.290339301285061;1.0945301599173163;-0.0152951973080452;0.031391172613523054;30.0;53.71946346;86.82928233999999
1.8168041916692963;2.4297801380184367;0.0591414295911083;0.030947511201121148;30.0;53.71917784;86.82922455999999
2.889875170554293;2.54072909185108;0.0520036708473539;0.030373415204554614;30.0;53.718890550000005;86.82920351
2.9861956008996;2.6092990727357;0.0361986336290404;0.030719282535320525;30.0;53.71860246;86.82920981999999
0.5242698921113376;2.584308615925834;0.0336494340776996;0.03353956187103441;30.0;53.71831794;86.82923762
-4.124268212882276;2.7363869172143223;0.023452635872336;0.0280964505294345;30.0;53.71804111;86.82927566999999
-1.764029988599673;2.7002431343493045;0.0137656775772407;0.02557818270752997;30.0;53.717752059999995;86.8293271
-1.4158785347396068;2.5617330162179814;-0.0010196798205363;0.022830102638361428;30.0;53.71747190999999;86.82938487
-2.5158928541022085;2.1579606086701153;-0.0285510349750178;0.021478189174071877;30.0;53.717198859999996;86.82945742
-3.709115200980024;1.3855170711861393;0.0224329560517997;0.02018183394561982;30.0;53.716938479999996;86.82953495999999
-3.1067036600117968;1.0123300553446057;0.0356887937187723;0.02743683054119195;30.0;53.71668409;86.82962617
-2.336558815174066;1.0411851175373048;0.0091771183848271;0.028898974601136905;30.0;53.71641339;86.82973947
-3.193014702149293;0.9956444655622769;-0.0101967982053635;0.028436699011603454;30.0;53.716145559999994;86.82985564
-3.704216766009349;0.9595432247304401;0.0010196798205363;0.02884570704588372;30.0;53.71587435;86.82997611
-1.2611628387047809;0.9602214265072496;-0.0571020699500356;0.028264123491283887;30.0;53.715605589999996;86.83009903
-4.303029047726747;1.1992546962285804;-0.0397675130009177;0.027452773821314082;30.0;53.71534465999999;86.83023234
-3.3145049745645223;1.3706564239446963;-0.0214132762312633;0.02237855867327666;30.0;53.715126170000005;86.83037225
-4.450212219051033;2.1147878920300114;-0.0275313551544814;0.02475510637375152;30.0;53.71494034;86.83052178
-2.507244200626601;2.5679583596277196;-0.0050983991026817;0.03258653085878918;30.0;53.71479074;86.83067170000001
-5.475175805071323;2.6531702387084657;0.0152951973080452;0.0325242521875419;30.0;53.71468181;86.83082901
-1.275564352189183;2.72047924883394;-0.0081574385642908;0.02752191205519685;30.0;53.71464746;86.83098922
1.9026793711674344;2.617133845946156;0.0254919955134087;0.04968828143011418;60.0;53.71468606999999;86.83113023
1.9220524533989307;2.5559998793306185;0.0540430304884266;0.05311869651605205;60.0;53.71477291;86.83126059
0.5746209525309611;2.223603839193071;-0.0122361578464362;0.0535395025096993;60.0;53.714912229999996;86.83137687
0.1194881649462362;2.4286883777398103;-0.0061180789232181;0.053744532308533655;60.0;53.715097809999996;86.83148053
0.3350763126413886;1.4479144978093728;-0.1356174161313347;0.05309911887867465;60.0;53.71535458999999;86.83156067
0.5227112660113217;1.2450249842790153;-0.0713775874375446;0.05341852914485454;60.0;53.715641229999996;86.83161179
0.083276188548821;1.3327805902198924;0.0081574385642908;0.05092606296360007;30.0;53.71594646;86.83164054
3.746145505748798;1.363225320885804;0.003059039461609;0.04244517195398589;30.0;53.7162665;86.8316457
2.424655043008129;1.3771902459713823;-0.0326297542571632;0.051493662672814036;30.0;53.71659665;86.83163281
2.3554273484308474;1.48628159391839;-0.0397675130009177;0.06453041862234034;30.0;53.71690391999999;86.83159703999999
2.9475517640068096;1.6467640486533752;-0.0316100744366268;0.05352169771475254;30.0;53.717215669999995;86.83154783
2.475119872611247;1.5934722680756004;-0.0438462322830631;0.050791588283759244;120.0;53.71753120999999;86.83149217
2.923724623038169;1.9180995061684976;0.0571020699500356;0.051682669502368966;120.0;53.717849810000004;86.83143445
4.544975001637923;1.8818868942331979;0.0938105434893443;0.05227112113761446;120.0;53.71816612;86.83137956
-0.6332733618668903;2.05390003272103;-0.0672988681553992;0.051592283434161876;120.0;53.71844575;86.83133151000001
3.5427618657325533;2.4024173088299663;-0.0438462322830631;0.05027939533941789;120.0;53.71871097;86.83129465
-1.5704575108531813;2.80277140497052;0.0244723156928724;0.05331277731808545;120.0;53.71897626;86.83129626
0.9749744413165246;3.3422667442458027;0.0183542367696543;0.050593316419098304;120.0;53.71921925;86.83132932999999
-0.6934601847522791;3.60995500984471;-0.0152951973080452;0.048248206349316376;120.0;53.719438839999995;86.83139020000002
-2.3979355374233537;3.017991080911352;0.0122361578464362;0.04469939011577577;120.0;53.719637660000004;86.83148406000001
-3.9373586787670543;3.379261544164754;0.0703579076170082;0.04218361726075248;120.0;53.719826669999996;86.83166539000001
-5.846834036657557;2.591815812334593;-0.0122361578464362;0.03925789379994697;120.0;53.71999645;86.83189149
-6.282284866206199;2.5469970958174453;0.0081574385642908;0.0438338468253582;120.0;53.720151290000004;86.83215641
-3.2631679439878094;1.9276726640534814;-0.07545630671969;0.04865866328430866;120.0;53.72029633;86.83245505
-7.208922061380843;1.4418452459593845;0.0448659121035994;0.05113886044095791;120.0;53.72043804;86.83278107999999
-4.137360284294392;1.207780074650308;-0.0101967982053635;0.05218540723790809;120.0;53.72057801;86.83312585
-5.055949250810711;1.7916605055486492;0.0693382277964719;0.048139736007205454;120.0;53.720702689999996;86.83346045
-4.820966504304583;2.170691042747815;0.0774956663607627;0.04785861441236833;120.0;53.72083428999999;86.83379685
-5.288994511762245;2.0435870005638246;-0.040787192821454;0.048708141072662824;120.0;53.72097092;86.83412804
-4.061830113731983;2.050878981281876;-0.0183542367696543;0.03846895192031175;120.0;53.721125040000004;86.83447928000001
-0.7620175988875161;1.744000860636881;0.020393596410727;0.041525583476448004;120.0;53.721274099999995;86.83477425999999
-0.4533660556974683;2.0652643308951366;-0.0040787192821454;0.04484479255069535;120.0;53.721428089999996;86.83505113
-3.3083021365848206;1.922897332189759;0.0356887937187723;0.04240704957854088;120.0;53.721583710000004;86.83531683
-3.060818388205708;1.795141158586212;0.0112164780258998;0.0338257851320478;120.0;53.72174216999999;86.83555977
-1.836401461198174;1.997052749062762;-0.0418068726419904;0.043692351575784515;120.0;53.721899050000005;86.83578321
0.4428662042698734;1.806702056823316;-0.0458855919241358;0.04457191968202067;120.0;53.72206243000001;86.83599523000001
-1.871370030249677;1.8612281394737527;0.0520036708473539;0.04510862049252268;120.0;53.722217539999995;86.83619386
-3.618627718179324;2.2784205004981484;0.0010196798205363;0.04538844849751824;120.0;53.72236342;86.83637814
2.194425353921869;2.130610563169669;-0.095849903130417;0.05068425881107491;120.0;53.72250279;86.83655591
-1.5618395161095548;2.1713577325662903;0.0224329560517997;0.05060555995193501;120.0;53.722622630000004;86.83669367
0.1212094164488296;2.2214486294214013;0.0280411950647496;0.04926954949942606;120.0;53.72273395;86.83679987000001
2.870963726854037;2.3043543213921174;0.0122361578464362;0.051227030250103174;120.0;53.722831760000005;86.83687208
-1.2264884030374668;2.2687833204022145;0.0764759865402263;0.0502433370940836;120.0;53.72291176;86.83690856000001
2.385924340082379;2.2588742662977928;-0.0040787192821454;0.05185263777080026;120.0;53.72296807;86.83692647000001
-2.367231082316871;2.1689141449096905;0.0346691138982359;0.04328034037912586;120.0;53.72300276000001;86.836933
-2.4312561840636326;2.5308826983727113;0.0887121443866625;0.052726228210151375;120.0;53.723014590000005;86.83692690999999
-1.1299279818227317;2.5314891214892365;0.0061180789232181;0.05354198392002361;120.0;53.72299884;86.83691372000001
-3.5537766918547407;2.3412766195130637;-0.0254919955134087;0.06383707848748933;120.0;53.722962329999994;86.83689257
1.4204590339316876;2.500867108123068;-0.0560823901294993;0.06212603804077657;120.0;53.72290459;86.83685531
3.8413780048013786;2.3493792765930674;-0.0774956663607627;0.06219991184813392;120.0;53.72282719;86.83678814999999
-0.2468340929016639;2.352558558645597;-0.0305903946160905;0.06618098229007609;60.0;53.72275058;86.8366885
-1.4717109801826969;2.369781744065707;-0.1091057407973896;0.058564409957285866;60.0;53.72268692;86.83659668
2.5068361890930806;2.433286058333597;-0.1029876618741715;0.05501653259997499;60.0;53.72264356000001;86.83651748
0.1756346090060216;2.128579881449117;-0.058121749770572;0.06481409138209059;60.0;53.72262212;86.83644996
-2.39994480793409;2.4537973568951013;0.0632201488732537;0.07298142589491616;60.0;53.7226198;86.83638108
2.4086624394767795;2.632064072734247;-0.1325583766697257;0.07191044480301842;60.0;53.72262713;86.83630649
-1.9579636791976145;2.9071961132566995;-0.0723972672580809;0.0790150617401463;60.0;53.72265828;86.836225
-1.0519569628881162;2.8953174753208653;0.0509839910268175;0.07855403445511473;60.0;53.72271006;86.8361411
-3.8481366954719713;2.725814742105873;0.0540430304884266;0.07402380778232337;60.0;53.72278301;86.83606301
4.756632194030644;2.71398888018847;-0.0305903946160905;0.08064923247693752;60.0;53.72287435;86.83601355
-4.004710571176894;2.6951577493618366;0.0662791883348628;0.07452736500304516;60.0;53.722959530000004;86.83601425
-1.0892268655514814;2.602441283921436;-0.1050270215152442;0.06688258472147408;60.0;53.72303108;86.8360218
0.3473887770998424;2.6764791104690295;-0.0346691138982359;0.06646882152508087;60.0;53.72308616;86.83603592
-0.2783015225713192;2.718439500708961;-0.1254206179259712;0.06033091243135372;60.0;53.72312502999999;86.83604407
1.0569258158785968;2.644439848904259;-0.058121749770572;0.05125473358645591;60.0;53.72315152;86.8360552
-2.817583732810041;2.029583809777864;-0.0356887937187723;0.05098897588447018;60.0;53.723171359999995;86.83607248000001
-3.076382346050794;1.792866669544599;-0.0662791883348628;0.032499200659274474;60.0;53.72318877;86.83608989
-2.500475453986229;2.124948445521255;-0.0346691138982359;0.028656500459089566;60.0;53.72320035;86.83610659
1.40210078506123;2.256158741787539;-0.0367084735393086;0.028720529087578557;60.0;53.7232048;86.83612384
1.4195038492087535;2.3035169346024897;-0.0428265524625267;0.011774371025259701;60.0;53.72320349;86.83613276999999
0.9472375225663896;2.29163046481122;-0.037728153359845;0.01050498435839621;60.0;53.72319849;86.83614057
3.2855124873997674;2.4538782528569967;-0.032119914346895;0.016306466142513586;60.0;53.723193200000004;86.8361532
2.3699758592135227;2.1964243590757078;-0.0336494340776995;0.014018382901292321;60.0;53.72318842999999;86.83616379
1.787391776557719;2.027490511972753;-0.0520036708473539;0.017404477268596827;60.0;53.723184630000006;86.83617535
0.2283057506515107;2.0487177352749395;-0.0418068726419904;0.023156749372986108;60.0;53.723180189999994;86.83618371
-3.790807529995143;2.0487177352749395;-0.0020393596410727;0.023156749372986108;60.0;53.723180189999994;86.83618371
-0.5850311485933076;2.0487177352749395;-0.0520036708473539;0.023156749372986108;60.0;53.723180189999994;86.83618371
-1.12771528833861;2.0487177352749395;-0.0040787192821454;0.023156749372986108;60.0;53.723180189999994;86.83618371
1.7969455182557363;2.0487177352749395;0.0152951973080452;0.023156749372986108;60.0;53.723180189999994;86.83618371
4.066561113312247;2.2432125634906246;-0.1116549403487305;0.04331702745873626;30.0;53.72917527;86.84480023
4.23929023355877;2.2432125634906246;-0.1004384623228306;0.04331702745873626;30.0;53.72917527;86.84480023
3.65644150206048;2.2432125634906246;-0.0616906291424492;0.04331702745873626;30.0;53.72917527;86.84480023
-0.7946701071811558;2.2432125634906246;-0.0836137452839808;0.04331702745873626;30.0;53.72917527;86.84480023
2.857286817873969;2.2432125634906246;-0.0774956663607627;0.04331702745873626;30.0;53.72917527;86.84480023
3.323011320527774;2.2432125634906246;-0.1193025390027531;0.04331702745873626;30.0;53.72917527;86.84480023
3.108360695464988;2.2952028888446723;0.0285510349750178;0.04268388335705124;30.0;53.729263270000004;86.84482935
4.520731530769304;2.3837861313462656;-0.0723972672580809;0.04290097433106617;30.0;53.72935271;86.84485735
6.954755261756445;2.3934755577606963;-0.1213418986438258;0.042939835273427755;30.0;53.729446589999995;86.84488211
7.259445526977658;1.795548458435244;-0.07545630671969;0.04329671999848046;30.0;53.72955373;86.84491757
5.447528691576787;1.7783759547593438;-0.1029876618741715;0.043958727021107084;30.0;53.72965959;86.84496199
6.082892707616262;1.7702896910082688;-0.1040073416947078;0.04367860003334835;30.0;53.7297632;86.8450144
5.247649933326083;1.5338353132975833;-0.1009483022330988;0.03536605435698748;30.0;53.7298635;86.84507886
7.854762354053449;1.343200625551229;-0.0652595085143265;0.055253830852624176;30.0;53.72995890999999;86.84514867
8.091944274767531;1.401062261737471;-0.0571020699500356;0.058640111023391915;30.0;53.73005071;86.84523279
8.7503546805402;1.625788516872681;-0.0326297542571632;0.05827251851542734;30.0;53.73013956;86.84533188
8.929525825619805;2.0451421994740238;-0.0071377587437544;0.05370840745327575;30.0;53.730229310000006;86.84547026999999
8.439399434724717;2.4807628953555776;0.0601611094116447;0.047372026749328694;30.0;53.73031937;86.84564481
8.66393818596503;2.8448116705674225;0.037728153359845;0.03961237010649039;30.0;53.73040941000001;86.84586797
4.881647516408817;3.254448574910217;-0.0142755174875089;0.03590164433687313;30.0;53.73049352;86.84614408
3.038443470592461;3.235482245998467;-0.0316100744366268;0.04536779501298677;30.0;53.730584820000004;86.84646066
2.544550297909009;2.9724547089448405;-0.0142755174875089;0.05985876642196363;30.0;53.73068594;86.84681266
2.1308198335110355;2.5788547999538083;-0.0428265524625267;0.06041271878251752;30.0;53.730797519999996;86.84716999999999
0.8865172981256615;2.3048707572887097;-0.0010196798205363;0.05963020401912824;30.0;53.730919889999996;86.84753045
2.869342388867174;1.7536476764238982;0.0968695829509534;0.05946286865275689;30.0;53.73105459999999;86.84788019999999
4.742586254490673;1.7414548061658444;0.1396961354134801;0.05802218110267282;30.0;53.73119723;86.84821482999999
3.923346916097153;1.7966246398889358;0.0672988681553992;0.05471711666502151;30.0;53.73134667000001;86.84850763
6.688810296017205;1.7290251725660142;0.0122361578464362;0.052861982634609235;30.0;53.7315064;86.84875952
5.537548382201193;1.635675610369995;0.0224329560517997;0.04669247891510399;30.0;53.73167232000001;86.84895616
4.7036175914981255;1.066136983683795;0.0356887937187723;0.04710631386764094;30.0;53.73184304;86.84908336
5.36289177628354;0.8403057306601095;0.0081574385642908;0.04259406565872922;30.0;53.73201425;86.84914705
4.225453125057946;1.0204336401795138;0.0112164780258998;0.023550704323051373;30.0;53.73217787;86.84914683000001
5.6231613097251385;1.1603192881036344;0.0071377587437544;0.025762250969147873;30.0;53.73232971;86.84910411000001
5.440259594248603;1.1275019687275643;-0.0050983991026817;0.02768179797971439;30.0;53.732471999999994;86.8490288
6.057502411423861;1.1244724537483197;0.0305903946160905;0.028013681110670284;30.0;53.73260219;86.84892603
7.194086548874342;1.1130943433770344;-0.0173345569491179;0.026900142318689233;30.0;53.732722880000004;86.84880096
8.1028370325301;1.1065842345265249;-0.0530233506678902;0.026045895358615373;30.0;53.732830469999996;86.84865767
5.632473006296778;0.9929785499452424;-0.0285510349750178;0.024368475144552513;30.0;53.73292166;86.84849542
5.719865654652415;1.0232744922553085;-0.0285510349750178;0.022799720551567374;30.0;53.7329968;86.84831456
4.812348954725163;1.0313842415754901;-0.0448659121035994;0.022220807081582576;30.0;53.73305243;86.84811419
5.535619471292171;1.047710968748884;-0.0214132762312633;0.014074311077832165;30.0;53.733091869999996;86.84789763
6.913439040113903;1.059834846763228;-0.0193739165901906;0.015758828242460145;30.0;53.73312165;86.84767397
7.102687384068747;1.0498503491059874;-0.0142755174875089;0.013001639687307241;30.0;53.733146999999995;86.84744332
7.330313886164192;1.1434442491021426;-0.0173345569491179;0.01401508605814941;30.0;53.73316762999999;86.84720539
7.203866381888268;1.33724358293296;-0.0076475986540226;0.015196783722423456;30.0;53.733183569999994;86.84695253
5.611855801673619;1.3528532974393304;-0.0020393596410727;0.016293708579766943;30.0;53.73319771;86.84669531
4.367435681978764;1.3840013509066398;-0.0040787192821454;0.019877872861773737;30.0;53.73320921;86.84642009000001
4.569362185650574;1.3076979968289535;0.0020393596410727;0.020621818183109545;30.0;53.73322105;86.84612729
3.735055345602783;1.2285898946803164;-0.037728153359845;0.020822520516702577;30.0;53.733232550000004;86.84582903
4.621786332201656;0.9741040661740418;-0.0499643112062812;0.021088795866983256;30.0;53.73324575;86.84552735
4.776307148814034;0.731896662116302;-0.0530233506678902;0.020880626156021275;30.0;53.73325926;86.84522086
5.5161045939146405;0.828303790244844;-0.003059039461609;0.019935906757818086;30.0;53.73327184;86.84491088
4.19431723103914;0.8168969324195672;-0.0295707147955541;0.017995816198387124;30.0;53.733282210000006;86.84460125
5.14484828792839;0.8000578613552559;-0.0316100744366268;0.013771446161784853;30.0;53.73329079;86.84429238999999
6.142699390271623;0.6504761185349409;-0.0356887937187723;0.015079256958976757;30.0;53.733296949999996;86.84399135
6.264276094209773;0.7738869536676322;-0.0423167125522585;0.013752138131032422;30.0;53.733298409999996;86.84368817000001
5.451642061346572;0.8491679118583302;-0.0305903946160905;0.011243354044314025;30.0;53.733298500000004;86.84339385999999
5.149662645383379;0.8681555478151048;-0.0305903946160905;0.011611348225204873;30.0;53.73329744;86.84306255999999
4.891787281806103;0.9011215198921768;-0.0142755174875089;0.011602390194252498;30.0;53.733298389999995;86.84271279000001
3.8004938927814855;0.9104100860287432;-0.0336494340776996;0.013621305099595037;30.0;53.73330436;86.84234244
3.998513540448759;0.8354180022596733;-0.0295707147955541;0.013972983123015339;30.0;53.733318829999995;86.84196011
4.237388230971373;0.5908850002273269;-0.0601611094116447;0.015651706966388776;30.0;53.73335626000001;86.84154441999999
3.89233241333368;0.4627910263948711;-0.0387478331803813;0.017243010550307896;30.0;53.73340685000001;86.84113165
4.376023611111316;0.39296324399238425;-0.0122361578464362;0.019131191138026814;30.0;53.73346953;86.84071816999999
3.75209632331433;0.33944173980494724;-0.0428265524625267;0.019506439135597072;30.0;53.733545379999995;86.84030762
4.48670792106356;0.39825641670910394;-0.0081574385642908;0.020546137218475365;30.0;53.73363141;86.83989445
4.208631833551355;0.9402902358382743;-0.0071377587437544;0.023977070477322986;30.0;53.7337241;86.83946746000001
4.76363924214025;0.9836315962221169;-0.0010196798205363;0.019778915715235237;30.0;53.7338167;86.83907622
3.806129068405307;1.0879140417601791;-0.0091771183848271;0.019651611631524565;30.0;53.73390961;86.83869041
3.4142603964203646;1.1270990837237422;-0.0461405118792698;0.019862410929977304;30.0;53.733997650000006;86.83828949
1.408483897851014;1.1634687759501345;0.0142755174875089;0.017789464052021812;30.0;53.734086000000005;86.83787608
2.772865861352539;1.7434539268362432;-0.0101967982053635;0.0414868336460488;30.0;53.73416493;86.83748397000001
5.152620047816673;1.7073095473184616;-0.037728153359845;0.04289818878657599;30.0;53.73423271;86.83707303
2.630235966337476;1.5857185680766057;-0.0265116753339451;0.04321767532365051;30.0;53.73427909000001;86.83664837
2.705811606209976;1.5673857518075096;-0.0183542367696543;0.04533181990920858;30.0;53.734299580000005;86.83621318
-0.8108691909792198;1.5479417834924094;0.1029876618741715;0.044448404924001116;30.0;53.73429427;86.83577267
3.606828296766432;1.490353083947009;-0.0382379932701131;0.04370798208758847;30.0;53.734254480000004;86.83533096
2.461429056929937;1.504727629740063;0.0101967982053635;0.043715910865418636;30.0;53.73418425;86.83488953
3.538172723667967;1.2817757326071102;-0.0489446313857448;0.045989990342646093;30.0;53.73407261999999;86.83446046
2.820508453630233;1.2831495085925957;-0.0346691138982359;0.046514521769182686;30.0;53.733924189999996;86.83408675000001
3.061149880616821;1.289236575640487;-0.0112164780258998;0.046669741488201896;30.0;53.73369673;86.83376201
2.139647252003239;0.7867616240692353;-0.0142755174875089;0.028232070135744993;30.0;53.73342133;86.83347125
1.4465874065568285;0.8454418297108952;0.0448659121035994;0.027398012283966343;30.0;53.73310618000001;86.83321753999999
1.9757616771680304;0.8567887361377236;-0.0346691138982359;0.02612649734948277;30.0;53.732761679999996;86.83299592
1.6442846534430984;0.8555133532356622;-0.0224329560517997;0.02637646262558268;30.0;53.73239306000001;86.83279882
1.7006475760819295;0.9257033517341241;-0.0387478331803813;0.025948797968663017;30.0;53.73199307;86.83262923
3.9346267357454594;1.0934733902382512;-0.0152951973080452;0.025784663064914178;30.0;53.73158281999999;86.83249545999999
2.913141683401077;1.3715739457207243;-0.0336494340776996;0.027104011170819974;30.0;53.73116228;86.83238980000002
3.5285037107855888;1.7021917382235936;-0.0509839910268175;0.0160366963040678;30.0;53.73074154;86.83230954
1.3146530808194885;1.781618522612198;-0.0214132762312633;0.01694155734942457;30.0;53.73031741;86.83222333
0.2925720105719599;2.144898819308894;-0.0183542367696543;0.01694155734942457;30.0;53.729927169999996;86.83213516999999
-0.5354485933474283;2.1653791006222916;0.0061180789232181;0.01658882889242603;30.0;53.729534560000005;86.83203696000001
-1.3517678130868975;1.87927568789118;-0.0122361578464362;0.02316572770922271;30.0;53.72914329;86.83192729
-0.2384919133662764;1.6215713809223762;-0.0438462322830631;0.022897368942704287;30.0;53.72875180999999;86.83180205000001
-2.509655199685607;1.0286730500165644;-0.0224329560517997;0.022795729896533057;30.0;53.72836082;86.83166194
-0.4737135372834772;0.8301007218614641;-0.0341592739879677;0.02341868354349756;30.0;53.727980509999995;86.83150691
-0.8757065257687927;0.7850871949294185;0.0265116753339451;0.02334902278846808;30.0;53.727603;86.83133932000001
0.057676733155743;1.1260549578464523;-0.0285510349750178;0.026452836830654157;30.0;53.72722589;86.83116445
0.1156150823748806;1.1552203135574994;0.0173345569491179;0.02863593264939219;30.0;53.72684781;86.83097837
-0.7733958662372228;1.1795217587276734;0.0071377587437544;0.02673563630692058;30.0;53.72647123;86.83080147000001
-1.2990924993004993;1.1363050759690876;-0.0163148771285816;0.027995375035237295;30.0;53.72609045;86.83063829
-3.384648848273021;1.708691587737892;-0.0550627103089629;0.027046621480000848;30.0;53.725694309999994;86.83049815000001
-0.1699897108315717;1.8464447676847184;0.0183542367696543;0.025096003219918575;30.0;53.72529411000001;86.83037955
0.0613304349889227;1.9084765527065184;-0.020393596410727;0.02597927716297315;30.0;53.72489220999999;86.83028997
0.6995936988295011;2.179942589640211;-0.0387478331803813;0.024900285212587064;30.0;53.724487499999995;86.83023342
3.419260322470993;2.185973057098904;-0.0020393596410727;0.022633931790841545;30.0;53.7240833;86.8302081
2.1900810013476883;2.056300930167385;-0.0367084735393086;0.024586292183668857;30.0;53.72367883;86.83021067
1.622069960850372;1.2686706106993748;-0.0397675130009177;0.023209758459611762;30.0;53.7232782;86.83022988
3.597517288033194;1.0926132398614647;-0.0499643112062812;0.01760240287716111;30.0;53.72288361;86.83025769
2.354485418178867;0.9767842795406453;-0.0183542367696543;0.01686124166974191;30.0;53.72249703;86.83025767
1.8745727251839484;0.8851492385470612;-0.0591414295911083;0.02123965842993724;30.0;53.72212207;86.83022319
1.985602231952824;0.8977348920986165;-0.037728153359845;0.024374163508116237;30.0;53.721774;86.8301516
2.6549218123537472;0.8987562429491543;-0.0540430304884266;0.027528417648492943;30.0;53.72144195;86.83005763
0.6962276119541653;0.9010131768322052;-0.0316100744366268;0.029543464384107865;30.0;53.72112091;86.82994907
3.1307797832081774;0.8854349062689801;-0.0774956663607627;0.028944973212792557;30.0;53.72079708;86.8298326
3.51041485213242;0.9163083223797075;0.0122361578464362;0.028635894827315548;30.0;53.72047339999999;86.82971628
2.1468597156386204;0.8856958572528643;0.0010196798205363;0.033581397369313364;30.0;53.72015226999999;86.82959482999999
3.2805074989271894;1.0437277265565517;-0.0007647598654023;0.03454184727884715;30.0;53.71983877;86.82947845
3.474621441749898;3.1746519237862363;-0.037728153359845;0.03212316250131099;30.0;53.71953405000001;86.82937597
3.294087852554909;3.65410223223325;-0.0316100744366268;0.031775760761833846;30.0;53.7192375;86.82930982
2.3592297796804376;3.6513008592300915;0.0346691138982359;0.021684035421897858;30.0;53.71895088;86.82927408
0.8302710064212332;3.5900947142394486;0.0101967982053635;0.02114700639324643;30.0;53.718671240000006;86.82926324
-6.957174086033308;3.5764566761337244;-0.0193739165901906;0.022188305398027987;30.0;53.71837454;86.82928654000001
-4.130538104503459;3.573677220605612;0.0005098399102681;0.0229084662346213;30.0;53.71808632;86.82932088
-1.3499325634710655;3.193924552328862;0.0061180789232181;0.022556279001690056;30.0;53.71781948;86.8293638
-2.05959708456532;3.0009152716188985;-0.0101967982053635;0.019587483445324527;30.0;53.71757014;86.82940374
-2.2017769634987734;2.5055776324397914;-0.0275313551544814;0.016655550751021667;30.0;53.71733802999999;86.82945067
-4.753729002867823;2.061297728066551;0.0112164780258998;0.01677993917049447;30.0;53.717114190000004;86.82950330999999
-2.4983871588500497;1.8075282324782147;0.0295707147955541;0.01573535166356738;30.0;53.71689628;86.82956188
-6.712965506583245;1.7996328735124396;0.0071377587437544;0.020522349419793078;30.0;53.71668022;86.82962742
-5.5329041334422415;1.680822021787504;-0.0081574385642908;0.02472802404767009;30.0;53.71646414000001;86.82970574
-2.2180736866512825;1.6542328904670909;-0.0142755174875089;0.029517925616661663;30.0;53.71624944;86.82979567999999
-4.967231303132741;1.6127308625694643;-0.0040787192821454;0.031265747458269724;30.0;53.71605846;86.82987862
-3.684393787366945;1.6147520454475217;-0.0428265524625267;0.031171011522414648;30.0;53.71586924;86.82996588
-2.39731112724564;1.5378824952412884;-0.0520036708473539;0.024828732520950723;30.0;53.715680139999996;86.8300507
-5.449183148329356;1.5125354713079446;-0.0622004690527174;0.025571406850379636;30.0;53.71549192;86.83014152
-2.565819627597467;1.5668124091970086;-0.0499643112062812;0.023432677122292512;30.0;53.7153005;86.8302317
-3.209855626683354;1.6011581762386111;-0.0540430304884266;0.020565368839385798;30.0;53.71511309;86.83032333
-4.372352391247743;1.616146403519247;-0.0428265524625267;0.013128858921061595;30.0;53.714926289999994;86.83042069
-6.576000367726699;1.617262027068948;-0.0846334251045171;0.012525885705375075;30.0;53.71475994;86.83052058
-1.884579151186052;1.7254056241179119;-0.0632201488732537;0.022927306706571383;30.0;53.71461898;86.83062026
-1.9209861448476853;2.830673475700499;-0.0428265524625267;0.022991462382161598;30.0;53.71450802;86.83072433999999
-1.995075291056888;2.9658384176338908;-0.0458855919241358;0.039544066323334084;30.0;53.71443403000001;86.83083210999999
-3.011171421677391;3.0881278274783517;-0.0560823901294993;0.03944651443804738;30.0;53.714400999999995;86.83094243999999
-1.2730137897389175;2.9132849899454225;0.0050983991026817;0.0398486270030427;30.0;53.71440842;86.8310497
4.535216142485801;2.201395019990676;-0.0632201488732537;0.03782463928767301;30.0;53.714455740000005;86.83115846000001
0.6344723549111868;2.290905434021948;0.0520036708473539;0.03661409477355853;30.0;53.71455035;86.83127611
1.319252981511618;2.203027091796429;-0.0244723156928724;0.03646470338909712;30.0;53.71468508;86.83139036
-1.2660425821335883;2.1165229128729317;-0.0550627103089629;0.03634093357550527;30.0;53.71485847;86.83149207
-0.3994238969122544;1.8320303632219013;-0.0662791883348628;0.036396205955567223;30.0;53.71506063;86.83157903
2.134646107102979;1.7161284717261742;-0.0367084735393086;0.03910693309402208;30.0;53.71528405;86.83164629000001
-0.1155680352529889;1.3720887503347705;-0.0336494340776996;0.037897109263347106;30.0;53.71552208000001;86.8317
1.492067805012189;1.554626769361923;-0.0193739165901906;0.02730360783232761;30.0;53.715769980000005;86.83173286
2.5663961365023327;1.6426555367547775;0.003059039461609;0.03118212827814645;30.0;53.71602531999999;86.83174756000001
2.6461647916140336;1.4424712534938169;-0.0825940654634444;0.03179160623243102;30.0;53.716294819999995;86.83174826
2.3664891232507914;1.2593212077948968;-0.0142755174875089;0.030327214224948086;30.0;53.716582040000006;86.83172572
3.5718399342252827;1.2933265922546007;-0.0672988681553992;0.03604187147694245;30.0;53.716917980000005;86.83167510000001
3.126355097700204;1.0181466730282611;0.0091771183848271;0.0367148066523789;30.0;53.71726297;86.83160537
3.945121282694753;2.0162030865904943;-0.0056082390129499;0.04357032068600784;30.0;53.717612450000004;86.83152477
0.6909677361927004;2.017632176171334;-0.003059039461609;0.04144917990664332;60.0;53.717954969999994;86.83144489
1.3150725285235796;2.4239378141397254;-0.0866727847455898;0.041293360881887675;60.0;53.71829195;86.83138251
2.600197431755604;2.905321785757117;-0.0071377587437544;0.04134229206551167;60.0;53.718617130000005;86.83133905
-3.0648619430235966;2.954081382586949;-0.1029876618741715;0.04043001556676245;60.0;53.718924560000005;86.83131879999999
2.608979629523376;2.9447094300013856;-0.0326297542571632;0.039752258453900145;60.0;53.7192081;86.83131562
-2.4052964863299025;3.6210552636290667;0.0122361578464362;0.03890883618260735;60.0;53.71946445;86.83133645000001
-3.784357540373177;3.8866140405222978;-0.0499643112062812;0.03781566624493053;60.0;53.71968678;86.83138213999999
-2.895349901595491;3.828075101744561;-0.0555725502192311;0.03585286020304042;60.0;53.71983759;86.83146127
-3.2596811854011167;3.257278300882586;-0.0764759865402263;0.03570999029026384;60.0;53.71995864;86.8315772
-9.155731245216714;3.3411154379192953;-0.0152951973080452;0.03117212337639091;60.0;53.72005908999999;86.83172373
-7.220221483392117;2.320340451715518;-0.0142755174875089;0.03278763510508984;60.0;53.72014868;86.83192084
-6.654235810914711;2.168775384918734;-0.0076475986540226;0.028891727986339825;60.0;53.72022442;86.83213226
-5.675821084634883;2.1120044972376038;-0.0672988681553992;0.031516923379773396;60.0;53.72029316;86.83235204
-6.914670975046931;1.9109852493122312;-0.07545630671969;0.03138454746013444;60.0;53.720361319999995;86.83258404
-3.042894526559292;1.9187182143501247;-0.0061180789232181;0.033591404771934986;60.0;53.720437960000005;86.83283476
-3.9284970552905953;1.8903985591791848;-0.020393596410727;0.03749967948460293;60.0;53.720526199999995;86.83310732
-5.8991964426303225;1.9441181505077674;0.0040787192821454;0.050359320820727624;60.0;53.72062888000001;86.83339944000001
-5.499813724500689;1.872260138957953;-0.0081574385642908;0.050501895719791495;60.0;53.72074529;86.83370017
-3.206149087706324;1.7967028264224025;0.0418068726419904;0.05184024306510319;60.0;53.72087365;86.83400261
-1.6641498117257578;1.74358157780453;0.0356887937187723;0.04140061922153543;60.0;53.72101349;86.83430885
-1.838246767391215;1.8068913156958688;0.0948302233098807;0.039923933934061705;60.0;53.72115623;86.83458215
-2.3545601369140314;2.186577538264002;-0.0142755174875089;0.03784830263726434;60.0;53.721313599999995;86.83484960000001
-2.9887941115516647;2.3657084558631856;0.0876924645661262;0.040917842483057035;60.0;53.72147787;86.83509579
-0.1227340183321209;2.348975442309887;0.0356887937187723;0.05311521657458269;60.0;53.72164772;86.83531172
-4.555113796236783;2.328059755446182;0.0275313551544814;0.053466087038835514;60.0;53.72181964;86.83550668000001
-7.101293264289448;2.736211329069124;0.0703579076170082;0.05331258770746567;60.0;53.72198847;86.83567295
0.6301386869866024;2.737545753667614;-0.020393596410727;0.05508287466674536;60.0;53.72215195;86.83580571
0.2057885197153575;2.7431577725059033;-0.0774956663607627;0.053597650564616565;60.0;53.72231001;86.83590745
-2.0075388641120715;2.960357182683614;0.0020393596410727;0.05391678583658563;60.0;53.72246175;86.83597471
2.345426789381768;2.944756128241728;0.0229427959620679;0.05613924193794033;60.0;53.722603570000004;86.83600133
-1.493827868597272;2.6876700850870163;0.1060467013357805;0.09126639156164577;60.0;53.72273863;86.83600838999999
-0.8004096329185989;1.510613401903954;0.0142755174875089;0.08561143425885438;60.0;53.72286164;86.83599828
2.4147809169690677;1.8704809031437335;-0.0499643112062812;0.08566997990791538;60.0;53.72297511000001;86.83599655
-0.7815175542365127;2.1627349679055428;-0.0448659121035994;0.08578600866189807;60.0;53.7230715;86.8360187
-1.1003343480941494;2.45317939405887;-0.22636892015907;0.08691970537806035;60.0;53.723148859999995;86.83603717999999
-0.364188320303883;2.1070821541570743;-0.0428265524625267;0.08495027048836738;60.0;53.72321128;86.8360484
-3.755831667388661;3.1527082559617847;-0.0489446313857448;0.0674070149528316;60.0;53.72326081999999;86.83605442
-4.146160428401942;3.6089018191004247;-0.0795350260018354;0.06255338405524605;60.0;53.723297;86.83605988
-4.692615403868536;3.5647861771009866;0.0214132762312633;0.06234619243217875;60.0;53.72332064999999;86.83608097000001
-1.379885005557714;3.6730240821101616;-0.0601611094116447;0.061896258950187;60.0;53.723329785;86.83612594499999
5.794262633422822;3.979213018362123;-0.0571020699500356;0.028311344876567154;60.0;53.723329865;86.836172105
4.6644799823276255;4.135387156036697;-0.0713775874375446;0.029327540972113028;60.0;53.723322815;86.836203455
-3.123781631140889;4.267052747884191;-0.0601611094116447;0.029607855089758432;60.0;53.723313565;86.83621468499999
-3.701914231135717;4.101099796221911;-0.0627103089629855;0.02791603069507281;60.0;53.723309095000005;86.836197415
-6.030822214933131;3.8994359408271326;-0.0703579076170082;0.013664491665536656;60.0;53.723311355;86.836174075
2.0266092125404165;3.9810969637813036;-0.0275313551544814;0.013972983123015464;60.0;53.723314835;86.836151955
3.032308881553246;3.9810969637813036;-0.0387478331803813;0.013972983123015464;60.0;53.723314835;86.836151955
0.1723240440471712;3.9810969637813036;-0.0550627103089629;0.013972983123015464;60.0;53.723314835;86.836151955
-2.563988243829552;3.9810969637813036;-0.0632201488732537;0.013972983123015464;60.0;53.723314835;86.836151955
2.9321715540699347;3.9810969637813036;-0.0662791883348628;0.013972983123015464;60.0;53.723314835;86.836151955
4.798292763905833;2.4945682693902738;-0.0774956663607627;0.07264466345498372;30.0;53.729406;86.84449336
0.0938168324549169;2.4945682693902738;0.0122361578464362;0.07264466345498372;30.0;53.729406;86.84449336
-0.168818183539941;2.4945682693902738;-0.1600897318242072;0.07264466345498372;30.0;53.729406;86.84449336
2.2543748661731198;2.4945682693902738;-0.1070663811563169;0.07264466345498372;30.0;53.729406;86.84449336
7.453633774005877;2.4945682693902738;-0.1366370959518711;0.07264466345498372;30.0;53.729406;86.84449336
5.995359707832344;2.4945682693902738;-0.1254206179259712;0.07264466345498372;30.0;53.729406;86.84449336
4.676792459478411;2.812428107718921;-0.1651881309268889;0.07698460717688907;30.0;53.729534539999996;86.8445579
3.699739517734264;2.6816575716136892;-0.0938105434893443;0.07417591529474304;30.0;53.72966026;86.8446401
5.819470820323604;2.166311968360731;0.0183542367696543;0.0716054579898144;30.0;53.72978044;86.84474236
4.222767464809206;1.7775239504528013;0.0173345569491179;0.08390002288241855;30.0;53.72989847;86.84486551
8.013806965654943;1.771557280411272;-0.0015295197308045;0.07973493414341186;30.0;53.730011239999996;86.84501412
8.36340857597233;1.9151431520034452;-0.0132558376669725;0.07161705328232511;30.0;53.730119560000006;86.84518643999999
8.513272152610018;2.0401607164521534;0.0020393596410727;0.04638005316134512;30.0;53.730222819999994;86.84538698
7.348745273305756;2.1546712409793476;0.0922810237585398;0.03392809139993278;30.0;53.730324870000004;86.84562215
7.358346096327059;2.4124236331496576;0.037728153359845;0.03473569570318131;30.0;53.73041321000001;86.84587177
4.101715673741871;2.449295721615061;0.0132558376669725;0.03464828084511008;30.0;53.73050171999999;86.84615484
3.579900853766511;2.6528447475545223;-0.0071377587437544;0.04871398135426331;30.0;53.730592709999996;86.84647111000001
2.915248422165433;2.543191990517139;-0.0316100744366268;0.0501132549524167;30.0;53.73069232;86.84681392
2.6078580956421664;2.0860338327650276;-0.0122361578464362;0.050314796322301444;30.0;53.73080728;86.8471644
3.746577414282193;1.9019442885366369;0.0122361578464362;0.051649128780355394;30.0;53.73092964;86.84750692
1.2388589061843158;1.7368117086916732;0.1193025390027531;0.051938205740459646;30.0;53.73105780000001;86.8478322
1.6931032702682287;1.8513386240080685;0.078515346181299;0.06187075306477391;30.0;53.73119316;86.84813908
4.646539966815567;1.8958015178767418;-0.0010196798205363;0.06524437088632454;30.0;53.73133523;86.84841939
6.215444020747115;1.8592446339924544;-0.0550627103089629;0.06609174230541352;30.0;53.73149586000001;86.84864658000001
6.50356931810296;1.7739642067284955;-0.0173345569491179;0.06706060693208897;30.0;53.731658270000004;86.84881155000001
5.752965579705905;1.88650520824581;-0.0968695829509534;0.06866769514564341;30.0;53.731822460000004;86.84890662000001
5.260430539964493;1.6100121685566715;-0.0662791883348628;0.049606488815783965;30.0;53.73198499;86.84893859
4.674568089894368;1.181756320305492;-0.0474151116549403;0.027731208766579304;30.0;53.73214005;86.84891701000001
4.8223053441487895;1.2106645545490975;-0.0443560721933312;0.021841680336273216;30.0;53.732280700000004;86.84885542
6.711323886805423;1.225527027277678;-0.0683185479759355;0.02251238137196908;30.0;53.73241332;86.84876532000001
7.502087891847457;1.2261580036091833;-0.0723972672580809;0.015595879797474932;30.0;53.732537990000004;86.84865447000001
7.980807208457459;1.2265180801816085;-0.0642398286937901;0.015804488993848027;30.0;53.732655810000004;86.84849837
7.883455993816079;1.164667990524031;-0.0805547058223717;0.017517203727244322;30.0;53.73276145999999;86.84832242
6.958706413601907;0.9958863772708607;-0.0805547058223717;0.01592799863980841;30.0;53.73283927999999;86.84814168
6.559780333427064;0.7362632358726062;-0.0632201488732537;0.012665300896561312;30.0;53.73290207;86.84794590999999
5.746947610536529;0.7319250976284745;-0.0978892627714897;0.013388516416575676;30.0;53.73295227;86.84774523
6.147058130154017;1.0300373932000266;-0.092790863668808;0.014309466447430932;30.0;53.732992880000005;86.84752472
7.380629409704231;1.093643305046001;-0.0866727847455898;0.014704460268847913;30.0;53.73302663;86.84728967
6.557890286624763;1.11678122116945;-0.0632201488732537;0.014759354183751737;30.0;53.73305494;86.84703893999999
7.018564503606124;1.281862805907412;-0.061180789232181;0.015038500969601402;30.0;53.73307753;86.84677481
4.548977950308798;1.320514507067989;-0.0601611094116447;0.015723508386826155;30.0;53.733095780000006;86.84649866
4.677399308103917;1.3159189573162462;-0.0601611094116447;0.013085228883710493;30.0;53.733108519999995;86.84623492
4.327377361125799;1.28898133350162;-0.0662791883348628;0.009079668458346733;30.0;53.73312009;86.84596232999999
3.623840337549181;1.0585800037683069;-0.0601611094116447;0.01271764177551379;30.0;53.7331312;86.84567648
4.141725013292988;0.9722648570997973;-0.0550627103089629;0.0132989079958911;30.0;53.73314156;86.84538476
5.265450998226441;0.7783309870324917;-0.0540430304884266;0.014092357965935285;30.0;53.73315090999999;86.84508690999999
5.068217213041166;0.8501839721630217;-0.0632201488732537;0.014268333411258062;30.0;53.73315935000001;86.84479583
5.39677771312607;0.9063096152192297;-0.0989089425920261;0.015790319931427002;30.0;53.733165150000005;86.84450723
5.900151211285352;0.8533942502142945;-0.0520036708473539;0.015954088448384196;30.0;53.73316805;86.84422597
6.057163110055338;0.6531133858969049;-0.0484347914754767;0.016165579220576615;30.0;53.73316767;86.84394911
6.089949998078273;0.7185016603153177;-0.0693382277964719;0.015786661334792798;30.0;53.733165959999994;86.84367347999999
6.1745561222661225;0.8896300395651683;-0.0846334251045171;0.015220331981197613;30.0;53.73316191;86.84339807
5.16523658376009;1.0446590409664338;-0.0723972672580809;0.015216536339801119;30.0;53.73315592;86.84311304
4.83837706998193;1.4331706513229174;-0.0560823901294993;0.011763941398869713;30.0;53.73315144000001;86.8428244
3.853021329593546;1.4465618818160721;-0.0632201488732537;0.02572433014299236;30.0;53.733148830000005;86.84252739
3.729859197990734;1.3393902147323555;-0.0703579076170082;0.03293849052548641;30.0;53.73315458;86.8422285
3.504330844209373;1.1918588868354008;-0.0734169470786173;0.04167415888604084;30.0;53.733169350000004;86.84192838999999
1.9110020784603157;0.974765991265822;-0.0790251860915672;0.04700335033150892;30.0;53.7331945;86.84162074
3.1429828755488285;0.8808147735502135;-0.1427551748750892;0.0495616667846971;30.0;53.73322896;86.84130704
3.802491606303031;0.8044378692257438;-0.0071377587437544;0.05090203920754117;30.0;53.73327572000001;86.84099284
4.773206860422763;0.88592803210657;0.0086672784745589;0.05422733278517628;30.0;53.73333413;86.84068261
4.672457772813075;0.8857072312215266;0.0107066381156316;0.0529962448768331;30.0;53.73341988;86.8403562
3.4682274939131608;0.9241740440732906;0.0010196798205363;0.052405023340545726;30.0;53.73351775;86.84004703
4.001691484766441;0.6701487291340515;-0.0081574385642908;0.0478689026913653;30.0;53.733618490000005;86.83974329
4.855616845698107;0.6476297164461222;0.023452635872336;0.01596603202934954;30.0;53.733720229999996;86.83944054999999
3.7947335659309496;0.7422050631442779;-0.0112164780258998;0.020767242586936407;30.0;53.733813340000005;86.83912406
4.718495209259387;0.746785101867833;0.0214132762312633;0.022308757192727145;30.0;53.733898509999996;86.83877403
5.087209381601604;0.7678828183603073;-0.0096869582950953;0.03169771302585102;30.0;53.733976770000005;86.83841197000001
3.272579665820091;0.7575732514057433;-0.0275313551544814;0.03174869728533458;30.0;53.73405269999999;86.83803478
3.046474089142214;1.0764336993057686;-0.0418068726419904;0.036251215067319625;30.0;53.73412896;86.83764512
3.381670858697557;1.2114134774214944;-0.0336494340776996;0.047853907013596785;30.0;53.73420847999999;86.83724848
3.0478824354241034;1.2053598567852246;-0.0836137452839808;0.04858809713124629;30.0;53.73426321000001;86.83685777
3.71306146116814;1.179496764207709;-0.0397675130009177;0.048146695026556344;30.0;53.73429374999999;86.83644543
1.458426503837877;1.1749605641153578;0.0346691138982359;0.04867317367439356;30.0;53.73429914999999;86.83602587
1.284253578198922;1.2229129280129694;0.087182624655858;0.048998919292080265;30.0;53.73427578999999;86.83559035
3.647826207596093;1.192612090069346;0.0163148771285816;0.0493489450742844;30.0;53.734229119999995;86.83515711999999
1.6942047252957484;1.1497413864127997;-0.0356887937187723;0.05133446266968209;30.0;53.73414871;86.83473878999999
0.3902805025789684;1.118249583497756;-0.0367084735393086;0.041381255765538826;30.0;53.7340327;86.83434374
1.029129696888918;0.9323556232515459;0.0071377587437544;0.04096457835534795;30.0;53.73387405;86.83398797
2.3000767913493183;0.9559907752026958;0.0280411950647496;0.04038688052209223;30.0;53.73366737;86.83366865
1.2053240397801388;0.9346322629762598;0.0520036708473539;0.030209418921483613;30.0;53.733412269999995;86.83338282999999
2.695581805905072;0.7419774268200354;0.0076475986540226;0.03035363019211257;30.0;53.73312166000001;86.83313574
1.9925378368754991;0.7452142752277829;-0.0367084735393086;0.030578873841267066;30.0;53.732806319999995;86.83292792
2.556674740017184;0.5462925844019739;-0.0020393596410727;0.028865725165855966;30.0;53.73247282999999;86.83275059
1.7620205885687523;0.6836069006187983;-0.020393596410727;0.029135020145596977;30.0;53.73212672;86.8326144
2.3875344003555736;0.7569870316430017;-0.0265116753339451;0.026958111687596056;30.0;53.73176334;86.8325019
2.062854844331656;1.2040955863168492;-0.037728153359845;0.01707342139643009;30.0;53.73139195;86.83242491000001
1.8606843414141911;1.3322296599076502;0.0071377587437544;0.017002819157323983;30.0;53.73101416000001;86.83235944
0.4129626703224602;1.470863948662514;-0.0193739165901906;0.016708096830042856;30.0;53.730627489999996;86.83228509
0.7718118970495113;1.464367099794751;0.0020393596410727;0.016413801270676254;30.0;53.730240179999996;86.83220242
-1.193404884764003;1.4686008967218105;-0.0122361578464362;0.01647702539981266;30.0;53.729848690000004;86.83211045
-0.8176004561424897;1.2585523523456112;0.0071377587437544;0.029713020119715047;30.0;53.72944123999999;86.83200508
-1.0791090850846718;1.1521072842316882;-0.0346691138982359;0.030024766236226567;30.0;53.7290326;86.83188828000002
-1.134398145386941;0.8232065449904332;-0.0066279188334862;0.032767941599554526;30.0;53.72862311;86.83175271
-1.0787688862936269;0.8344730610408421;-0.0050983991026817;0.03285420583583442;30.0;53.72821479;86.83160038999999
-0.2971386461801035;0.6161874421240868;-0.0907515040277353;0.03573574094615918;30.0;53.72780959000001;86.83144095
-1.9988649329653263;0.628333937343183;-0.0418068726419904;0.03616506756856136;30.0;53.727406499999994;86.83126569999999
-0.358314663445462;0.6523969941588604;0.0285510349750178;0.03554969242004653;30.0;53.726969180000005;86.83106902
-2.0845829149130988;0.9360123122741426;-0.0091771183848271;0.037602436015035726;30.0;53.726538579999996;86.8308893
-1.7454710976083954;1.017397973933574;0.0305903946160905;0.03767207522470614;30.0;53.72609318;86.83073062
-1.566279243218843;1.7421118284055606;0.0040787192821454;0.04121000949055755;30.0;53.72564839;86.83058790999999
-0.5502631167259409;1.754489728813196;-0.0132558376669725;0.02972774268209301;30.0;53.72517507;86.83047043
0.9244568840610504;1.8125757549190067;0.0336494340776996;0.025161286867641075;30.0;53.72470389;86.83037557
0.2983810933630942;1.9038054448770914;-0.0142755174875089;0.02778510572741651;30.0;53.724235500000006;86.83031166
3.6596803980277137;1.7670956375020213;0.0448659121035994;0.04456051371664788;30.0;53.72376885;86.83027509000001
0.2829553124335209;1.5877865932165836;-0.0305903946160905;0.04247659715663291;30.0;53.72330532000001;86.83025188
2.235032365084176;1.4083248275033975;0.0071377587437544;0.04217361989335022;30.0;53.722848139999996;86.83023502
2.074840493818362;1.2031186294403815;-0.037728153359845;0.04229520781473664;30.0;53.72242970999999;86.83021851
2.145654550631237;1.147446436006957;-0.1080860609768532;0.03872695691700233;30.0;53.722017949999994;86.83016771
2.409904225487939;0.9294606009522967;-0.020393596410727;0.04135832190229666;30.0;53.721633069999996;86.83009003
3.5008489477601685;0.8221570196711822;-0.0265116753339451;0.034822725248071146;30.0;53.72125736;86.82999336
2.8873013650609813;0.5759796822240828;-0.0061180789232181;0.035207430921602105;30.0;53.72092854;86.82988981999999
2.648750045203913;0.5611284818320488;-0.0326297542571632;0.0344265076260313;30.0;53.72059801;86.82977944999999
2.359497695886506;0.5309703612428862;0.023452635872336;0.03965026581027451;30.0;53.72026815;86.82966463
2.1547766493808598;0.5464428757622136;-0.0275313551544814;0.028393602606997474;30.0;53.719949150000005;86.82954530999999
3.687559502167129;0.9067855767207244;-0.0081574385642908;0.028295783290269813;30.0;53.719639099999995;86.82943237999999
2.723490075174498;1.24860609834704;-0.0020393596410727;0.026695149324755946;30.0;53.71933559;86.82933879
2.4203744230179294;1.6690625997910766;0.040787192821454;0.02677616993471475;30.0;53.71903553;86.82927937000001
2.0214649227232515;1.8833947858877897;0.0448659121035994;0.023038647058650736;30.0;53.71873464;86.82926264
0.4034030884519835;2.0661878134544267;0.020393596410727;0.023880737883838925;30.0;53.718425419999996;86.82927598
-0.5740726745677269;2.284763005694902;-0.0071377587437544;0.020964830920080803;30.0;53.71811229;86.82931613
-1.6346032828848496;2.4492646926588177;0.0193739165901906;0.02224808543334441;90.0;53.7177664;86.82938496
-1.4794143474745272;2.356830542495648;0.0020393596410727;0.03325209091784439;90.0;53.71742708000001;86.82947060000001
-1.895543603272528;2.1768832968809644;-0.0152951973080452;0.03887597572451361;90.0;53.717091190000005;86.82957247
-2.809783486435066;1.6871108919053723;0.0224329560517997;0.035192497672362474;90.0;53.71675034;86.82969242
-4.78948661329812;1.3738352888863774;-0.0183542367696543;0.03426100593221278;90.0;53.71641131;86.82982187
-3.906217945589559;1.2476741767678763;-0.0672988681553992;0.035145030224471144;90.0;53.71606732;86.82995916000002
-4.500261802773691;1.1675687359038598;-0.07545630671969;0.06391439732731395;90.0;53.71572904;86.83010216
-2.822929858036131;1.5213623416478972;-0.0387478331803813;0.06782587092988986;90.0;53.715415310000004;86.83026459
-2.3667548432910706;1.4930308145731845;-0.0509839910268175;0.07283051171741424;90.0;53.71515243;86.83045227
-4.380345191355639;2.173470820786663;-0.0550627103089629;0.07358671709625479;90.0;53.714943559999995;86.8306402
-3.970700171838416;2.789393836518291;0.1437748546956255;0.07353331943590252;90.0;53.71482268;86.83081372000001
0.1901955620367868;2.7167792968539195;0.0571020699500356;0.06984225785380761;90.0;53.714760379999994;86.83098438
-2.2555000071375546;2.514870915874191;0.0749464668094218;0.06385257236151869;90.0;53.71475927;86.83114710999999
1.8098461872325848;2.7633567800739303;0.0387478331803813;0.06463803653018155;90.0;53.71481758;86.83130270000001
3.529831111751609;2.9163339213862374;0.0224329560517997;0.06089975542115907;90.0;53.71492625;86.83144721000001
-0.5757806664621238;2.7106358566948274;0.0469052717446721;0.056357133704549284;90.0;53.71509837999999;86.83157326
-0.6590574969618539;2.201625695449882;-0.0224329560517997;0.04427114780390026;90.0;53.715338710000005;86.83168303
3.106415802415895;2.1955945903398297;-0.0458855919241358;0.042674679985492285;90.0;53.715628960000004;86.831748
3.2119694759732558;1.763016713204273;-0.0122361578464362;0.03384563112513916;90.0;53.71593736;86.83176712000001
3.968998094412573;1.7870150513993985;-0.0168247170388498;0.03594076057911931;90.0;53.71626728;86.83175912
3.2446269714726865;1.878807231816985;-0.0489446313857448;0.03385565639525528;90.0;53.71660964;86.83172772
0.2801637846112964;1.6301899032681038;-0.0336494340776996;0.02518675666676102;90.0;53.716956720000006;86.83167544
2.943045392087284;1.5525129595175458;0.003059039461609;0.02668346209376086;90.0;53.717306810000004;86.83160825
1.1440125668432397;1.9572443838284175;-0.07545630671969;0.02573129021952725;90.0;53.717656350000006;86.83152514999999
4.337841496219941;1.9082512949837396;0.0015295197308045;0.038941743078717624;90.0;53.718007130000004;86.83144329000001
2.0558498914419;2.2425657290255105;-0.0061180789232181;0.038679533447659946;90.0;53.7183488;86.83137536000001
-0.2682362380967349;2.4411880875575247;0.0020393596410727;0.05467278657567773;90.0;53.718669829999996;86.83133287
-1.5250164453150528;2.989773166819913;-0.0091771183848271;0.05605995783701979;90.0;53.71896367000001;86.83132975
1.4727922445782928;3.045954458461623;-0.113184460079535;0.05391414087776243;90.0;53.71923826;86.83139186
-2.9371937697396486;3.1174646089726687;-0.0316100744366268;0.05429044328324614;90.0;53.7194832;86.83151136
-3.0541797123276857;2.4464998792257457;-0.1529519730804527;0.052863300720188404;90.0;53.71970431;86.83168126999999
-4.998192676554715;2.2415914693773296;-0.0825940654634444;0.06313992724871373;90.0;53.71992341;86.83194389
-4.252590210787835;2.083985406371233;-0.0777505863158967;0.06403606975718475;90.0;53.72012960000001;86.83225248
-4.032918870725034;2.35460881114621;-0.0214132762312633;0.07465402446437096;90.0;53.72032767;86.83261182999999
-3.4288204198972725;1.4197953337242912;-0.0142755174875089;0.06928222796800092;90.0;53.720519880000005;86.83300884
-5.976409410317282;1.4510313432234918;0.0642398286937901;0.07040370954215182;90.0;53.720712320000004;86.8334368
-4.509304738687312;2.33245812705533;0.0122361578464362;0.05245436048965098;90.0;53.72090021;86.83387045
-7.525112364188629;2.3313213488735527;0.0805547058223717;0.047715382154907234;90.0;53.721096110000005;86.83429419000001
-3.7015589568507594;2.3345734115493646;-0.0163148771285816;0.04416206502025982;90.0;53.72130354000001;86.8346757
-6.529973899352232;2.6368766792332003;0.0173345569491179;0.0440343509286696;90.0;53.721524020000004;86.83502162
1.097255922150773;2.7994827407191907;0.0040787192821454;0.05164856958378462;90.0;53.72175585;86.83533281
-4.958053238010553;2.9878182432826668;0.0601611094116447;0.053297172816853124;90.0;53.72197672;86.83555368
-4.811229355783788;3.036171455045128;0.1009483022330988;0.05987336027023672;90.0;53.72218881;86.83572737
-0.5798807294980308;2.630318936605843;-0.020393596410727;0.0553358619333843;90.0;53.72239396;86.83584547999999
-1.1028079095722507;2.5780392736813336;-0.0642398286937901;0.05660485979941581;90.0;53.72259751;86.83593639
0.4289904734966984;2.107311571140666;-0.0418068726419904;0.05631265858398217;90.0;53.72277722;86.83600601999999
-0.8469909165974262;2.007977327628955;-0.0729071071683491;0.06052107310912654;90.0;53.72293776;86.83605648
-0.345823000979377;2.038609565129503;-0.0469052717446721;0.052417477346449276;90.0;53.723075089999995;86.83608373
-2.514860888979903;1.5832675561096081;-0.0458855919241357;0.022492166113285344;90.0;53.7231865;86.83609018
-3.2745103237125206;1.768074291938688;-0.0397675130009177;0.022653893054174173;90.0;53.72327318;86.83608214
0.3464792827879284;1.768074291938688;-0.0927908636688079;0.022653893054174173;90.0;53.72327318;86.83608214
2.306325654705744;1.768074291938688;-0.0265116753339451;0.022653893054174173;90.0;53.72327318;86.83608214
-1.6555272633649063;1.768074291938688;-0.0703579076170082;0.022653893054174173;90.0;53.72327318;86.83608214
-3.233670324245507;1.768074291938688;-0.0193739165901906;0.022653893054174173;90.0;53.72327318;86.83608214
1.213657993540314;2.4448901886645547;-0.0224329560517997;0.06574343963346867;60.0;53.727673159999995;86.85379668
-1.7425661151963665;2.4448901886645547;0.0142755174875089;0.06574343963346867;60.0;53.727673159999995;86.85379668
3.0281101646658324;2.4448901886645547;-0.0132558376669725;0.06574343963346867;60.0;53.727673159999995;86.85379668
-0.3338233540377474;2.4448901886645547;-0.0282961150198837;0.06574343963346867;60.0;53.727673159999995;86.85379668
-2.501742009082542;2.4448901886645547;0.1111451004384623;0.06574343963346867;60.0;53.727673159999995;86.85379668
-0.6723583007550213;2.4448901886645547;0.0509839910268175;0.06574343963346867;60.0;53.727673159999995;86.85379668
1.3338867651681523;2.3500677365607903;-0.0601611094116447;0.06577848736168196;60.0;53.72761290999999;86.85386955
-2.051972818655888;2.3639988414487165;-0.1391862955032119;0.06528340841582309;60.0;53.727546589999996;86.85391843
0.1147905679294712;2.026016051829015;-0.023452635872336;0.06545505801004219;60.0;53.72747746499999;86.853956825
-5.715049344214931;2.077334532907607;-0.0214132762312633;0.06552806025421883;60.0;53.72740570999999;86.85397979000001
-0.5880532063194074;2.3686368339731674;-0.0244723156928724;0.050115560226347576;60.0;53.72732774;86.85398374
0.4067367383201974;2.4991032916018647;-0.0336494340776996;0.03991977403980219;60.0;53.72724376;86.85396632
0.4054898643236106;2.309396625010592;-0.0346691138982359;0.04231531337006929;60.0;53.72714379;86.85391243000001
0.5795930913814002;2.5370097616113343;-0.0326297542571632;0.028914710988811782;60.0;53.727051419999995;86.85381238
-4.717687780815682;2.6453608176085246;-0.095849903130417;0.033662134762757576;60.0;53.72698063;86.85371343
-3.699453189218674;2.34203058153652;-0.0887121443866625;0.03363741550249955;60.0;53.72691870999999;86.85361055
-1.4527645633594848;2.424758136235465;-0.0101967982053635;0.03310794283240243;60.0;53.7268867;86.8534659
-4.977652414598977;2.4868038708101063;-0.0540430304884266;0.032934412956748635;60.0;53.72687262000001;86.8533059
1.1139927296416756;2.5297571649095287;0.0142755174875089;0.0327823494196555;60.0;53.72687710499999;86.85313118500001
0.3456249210293627;2.5560780210733407;-0.058121749770572;0.03245598137113524;60.0;53.72690145;86.85293025
0.7880050402215726;2.347159591628259;-0.0479249515652085;0.027855492822975777;60.0;53.72696036999999;86.85270245000001
1.144242190367015;2.101428764038449;-0.0499643112062812;0.02346519378336806;60.0;53.727054370000005;86.85244573
0.97319474566326;2.05591285413264;-0.0397675130009177;0.02164562484737712;60.0;53.72719085999999;86.85219565999999
0.9284264603733052;2.167306192965126;-0.0520036708473539;0.027044272097827556;60.0;53.72735404;86.85195180000001
2.151720400367339;2.8677396186417585;-0.0479249515652085;0.019571478517809802;30.0;53.72753461;86.85171765
-1.7849741586821115;3.537150731021728;-0.0550627103089629;0.019571478517809802;30.0;53.72772371999999;86.85150228
-0.5907812270523831;3.6905648868014045;-0.0601611094116447;0.01977933552826051;30.0;53.727897129999995;86.85132753
-5.387041251323145;3.78142882405889;0.0081574385642908;0.02548723656336944;60.0;53.728068959999995;86.85115376
5.914469564667669;3.8586020428682426;-0.0438462322830631;0.02669861122550809;60.0;53.728239540000004;86.85097874
7.008593360441246;3.835449372740821;-0.058121749770572;0.03200488198346056;60.0;53.72841015;86.85081143
4.50050079252528;3.8568589667449054;-0.0540430304884266;0.03339544384313249;60.0;53.72856971;86.85065867
4.156925647487502;3.5631922010240533;-0.095849903130417;0.033990007130960974;60.0;53.72875481;86.85049817
4.468656018685743;3.4176231375518786;-0.023452635872336;0.04836001686642723;60.0;53.728948349999996;86.85033843
2.4152837481240583;1.4519566625911096;0.0081574385642908;0.045111021454668034;60.0;53.72915725;86.85018125
3.5920531505193813;1.3912642818870997;-0.0723972672580809;0.0493695418536835;60.0;53.729417680000005;86.85003207999999
2.5281064482774847;1.0209776502874683;-0.020393596410727;0.05181561197827265;60.0;53.72969653;86.84989621
5.376062722410964;1.243080449773522;-0.1498929336188436;0.05182675871648447;30.0;53.72998255;86.84977007
5.363362583150655;1.4770122103455257;-0.0907515040277353;0.04917317172078349;30.0;53.730270059999995;86.84966078
3.583511310992658;1.721636889057391;0.0040787192821454;0.050571733188773955;30.0;53.73055591;86.84957030999999
4.358572989899574;1.562745237791003;-0.0050983991026817;0.04835523882240281;30.0;53.7308358;86.84949436000001
6.283994072143615;1.4658357559931068;-0.0438462322830631;0.051174428785060205;30.0;53.73111205;86.84943013
6.74213521946243;1.125072730189103;-0.037728153359845;0.052804583301067236;30.0;53.731353250000005;86.84939485
7.268718838145469;1.1250259720928515;-0.0020393596410727;0.0325817444181538;30.0;53.73158321;86.84937137
6.24267458394057;1.14364260657262;-0.0183542367696543;0.02218672706658766;30.0;53.73179702;86.84934966
5.300884332070392;0.94751925387609;0.0214132762312633;0.022335928133313223;30.0;53.73196182;86.84932246000001
4.7828364835837744;0.8334060910968466;0.0081574385642908;0.02257899529228057;30.0;53.73211148;86.84926988000001
5.379160820195732;1.037114563663999;-0.0101967982053635;0.0222262654302384;30.0;53.73225179;86.84920539
4.873242018170681;1.0831336088664714;0.0214132762312633;0.02373516369511475;30.0;53.73238377;86.84912745
6.281064615393442;1.1721524120345919;-0.0214132762312633;0.02453925863984412;30.0;53.732506449999995;86.84903253000002
6.508162553455157;1.188092760705992;0.0020393596410727;0.025208076415273215;30.0;53.732621099999996;86.84892190000001
7.91467592890181;1.2195236575933714;-0.0418068726419904;0.022273774423735244;30.0;53.73272781000001;86.84879565
7.2609759135725955;1.1745881139679766;-0.0469052717446721;0.021042935031243486;30.0;53.732824660000006;86.84865442
7.9225692358024515;1.4174016272820176;-0.0305903946160905;0.022982667304721843;30.0;53.73290863999999;86.84849263999999
6.8604562189738845;1.266924854457949;-0.0305903946160905;0.0190958320934802;30.0;53.732978700000004;86.84831694
5.002626745173051;1.2624824607241738;-0.0091771183848271;0.01922245966863495;30.0;53.73303632;86.8481288
5.146226123013762;1.2826395198863052;-0.0050983991026817;0.018292448431631702;30.0;53.73308367;86.84794063
9.134535270858448;1.3109504463562547;0.0122361578464362;0.01832399912676521;30.0;53.73312462;86.84774606
6.698527855059007;1.3233581358742228;-0.0183542367696543;0.014269446673928978;30.0;53.733161730000006;86.84754253000001
7.504599292866715;1.3604076184320995;-0.0112164780258998;0.012397487757151883;30.0;53.7331947;86.8473195
7.947258131763746;1.4477383374758244;-0.0081574385642908;0.010821211139569013;30.0;53.733222950000005;86.84707383
5.837929141556863;1.3882240395796308;0.0091771183848271;0.015032738282050786;30.0;53.73324479;86.84681407000001
6.216134512216817;1.3850699884343365;-0.0050983991026817;0.0153099189317844;30.0;53.73326215000001;86.84651143
5.131864973093502;1.0965369177173072;-0.0010196798205363;0.014891922541372699;30.0;53.733273069999996;86.84620491
4.909276743154807;1.083278068475503;-0.0224329560517997;0.0161369678700092;30.0;53.73328278;86.84589206
5.752527596752806;0.9520677845510824;-0.0387478331803813;0.01602561641494538;30.0;53.733291359999996;86.84556784
5.177276319537547;0.7657901034280322;-0.0193739165901906;0.020359649640919783;30.0;53.73329907;86.84523763000001
4.765544771132242;0.9085329721202162;-0.0351789538085041;0.018601899597161128;30.0;53.73330499;86.84490819
5.3469581995619135;0.9037042953847673;-0.0346691138982359;0.016904779125622736;30.0;53.73330767;86.84457807
6.496377776554783;0.8721713311777903;-0.0163148771285816;0.013596686856711135;30.0;53.73330864;86.84425904
7.163055585104312;0.8372199711245336;-0.0591414295911083;0.013031815726626273;30.0;53.73330885;86.84394949
7.218033288600703;0.9657204593324096;-0.0489446313857448;0.013447171939527065;30.0;53.733309;86.84364244
6.102791603706469;1.0544010908129513;-0.037728153359845;0.013785699934135767;30.0;53.733308439999995;86.8433526
5.922428581100928;1.1064776963845668;-0.023452635872336;0.013748252263303336;30.0;53.7333118;86.84305388
5.233016004473478;1.1965237612483217;-0.0367084735393086;0.01425932290772099;30.0;53.733313009999996;86.84274789000001
4.4030274289206135;1.182168333980061;-0.0458855919241358;0.01267214022793731;30.0;53.73332316;86.84239964000001
4.352072248796035;0.9989480551572214;-0.058121749770572;0.01616584721239638;30.0;53.73334053999999;86.84205094000001
4.319571797213976;0.686993066591878;-0.0438462322830631;0.01686166989284034;30.0;53.733364630000004;86.84168847000001
4.209680688727005;0.5463845732579965;-0.0275313551544814;0.018144141581803008;30.0;53.733401060000006;86.84131785999999
4.551088057520363;0.3315462182710272;-0.0265116753339451;0.029999360415959707;30.0;53.73345111;86.84094295
4.875019903457562;0.217245365453478;-0.0010196798205363;0.029534799082745925;30.0;53.73351424;86.84057344
4.459088405547486;0.22085689495611022;-0.011726317936168;0.03165869112754505;30.0;53.73358981;86.84020869
4.227585327257411;0.22220087025534804;-0.0081574385642908;0.028096296335907933;30.0;53.73367254;86.8398639
4.204234776270524;0.36087181678806113;0.0469052717446721;0.0358229209109119;30.0;53.73375768000001;86.83952408
4.142491688762843;0.4832950627459366;-0.0152951973080452;0.0390102500607428;30.0;53.73384608;86.8391824
4.500953201979779;0.5260842847819515;0.0305903946160905;0.04378456679626883;30.0;53.73392523;86.83887243
4.472758936311823;0.4812742374694251;0.0173345569491179;0.044274964095175916;30.0;53.73399920000001;86.83854192
3.5015444345061524;0.48164672176596535;-0.0825940654634444;0.044192530773249236;30.0;53.73407089;86.83820145
3.302851638056466;0.5910364184024391;-0.0591414295911083;0.04396332593590971;30.0;53.73413769;86.83785097
4.9385114441162585;0.5903815229637793;-0.0744366268991536;0.041328003159877835;30.0;53.73420089;86.83748665
4.085901164595696;0.7004515632268558;-0.0438462322830631;0.04323797816020249;30.0;53.73425545;86.83710089
4.464892009344707;0.8677616163453444;-0.0244723156928724;0.03931626463528609;30.0;53.73427953;86.83665905000001
3.0950372341578647;0.8574366525574075;-0.0193739165901906;0.03610876151652033;30.0;53.734275049999994;86.83620145
4.1752914056854005;1.0577607116786973;0.0305903946160905;0.03140290122688168;30.0;53.734245380000004;86.83573658
2.8648989185424645;1.1855710885518889;0.0163148771285816;0.03443774762024411;30.0;53.73418914;86.83527074
2.142484819120401;1.042741515647938;-0.0326297542571632;0.028705189328071434;30.0;53.734104560000006;86.83481752
2.876954353667686;0.9642215201145354;-0.0265116753339451;0.026849417298027155;30.0;53.733974880000005;86.83439088
1.5903320782918526;0.7645004910543332;-0.0316100744366268;0.026628203087253412;30.0;53.733806470000005;86.83399975
1.6651401382911728;0.8968425094798432;0.0346691138982359;0.026568481234878594;30.0;53.733595130000005;86.83364505
2.226253016145556;0.7371900009930207;-0.0316100744366268;0.023494715332166887;30.0;53.73333718;86.83333078
2.463449758675277;0.7490838836091839;0.003059039461609;0.021860185085529196;30.0;53.73302689999999;86.83306146
2.954856276797664;0.7430834841934104;0.0081574385642908;0.020619227005337873;30.0;53.732689119999996;86.83286192
4.130488339389323;0.8142845200794182;-0.0183542367696543;0.021744936156439174;30.0;53.732334370000004;86.83269405
2.759416791321676;1.2326766790834816;-0.0061180789232181;0.02267498313239216;30.0;53.7319627;86.83255534
3.069185020354316;1.357423379688916;-0.0152951973080452;0.02010261117245664;30.0;53.731577990000005;86.83244199
3.031483075605966;1.473928434573606;-0.0050983991026817;0.018931780733040728;30.0;53.7311865;86.83234746000001
1.578248201533653;1.8003711606206838;0.0224329560517997;0.019093411989282674;30.0;53.730801819999996;86.83226742
-0.4603415028450333;1.8656400215980298;-0.037728153359845;0.01872222737152183;30.0;53.730417149999994;86.83218739
0.4685782660662513;1.698415555078912;0.0193739165901906;0.01872222737152183;30.0;53.73003427;86.83210403
0.4054778968788802;1.6217852351394486;0.0152951973080452;0.018710808273098727;30.0;53.729656;86.83201504
-1.3099845320150902;1.3322623723497315;-0.0112164780258998;0.019790138085870147;30.0;53.72929035;86.83191563
-0.5912664099345002;1.1149862606668843;-0.0010196798205363;0.020563964398463957;30.0;53.72893734;86.8318135
-0.9737767279280432;0.9132541060660929;-0.0183542367696543;0.01803549424561738;30.0;53.72858688;86.83170623999999
-0.9057756067434832;0.9623343041417761;-0.0050983991026817;0.019253986439300617;30.0;53.72824044;86.83158508
-0.0588646604750038;0.897056882239836;-0.0265116753339451;0.01919870539794293;30.0;53.727866819999996;86.83143418
-2.476749805328667;0.8482946189433298;-0.0224329560517997;0.019099461674802292;30.0;53.727493270000004;86.83127823
0.2926208467609851;0.8415080206234862;-0.0020393596410727;0.03468177427717523;30.0;53.72712017;86.83111249
-1.5381402854441728;0.8791847851605661;0.0326297542571632;0.035199062518322194;30.0;53.72674743;86.83094199
-1.4142559895255005;0.8983841779078824;-0.0275313551544814;0.03605897606636191;30.0;53.72637801999999;86.83077482
0.0594643324526458;0.9004950672830363;-0.0326297542571632;0.03748407990259989;30.0;53.726004409999994;86.83061881
-1.1635494243681834;0.9517204893706127;-0.1029876618741715;0.03997410790559773;30.0;53.72562796999999;86.83048301
-1.7742961357655966;1.1968949124365138;0.0061180789232181;0.04208216409401519;30.0;53.7252463;86.83036758
-0.4130428138662483;1.3621855243620358;-0.0448659121035994;0.041739668981042415;30.0;53.724848339999994;86.8302717
-1.1413639717434574;1.7288590992296944;-0.0622004690527174;0.03609612155760851;30.0;53.7244362;86.83020772
0.3358888776380577;1.800664322331527;-0.0723972672580809;0.03959428399693675;30.0;53.72405063;86.83019591
2.121010404043239;1.973922252884025;0.0091771183848271;0.04374497075568308;30.0;53.72366409999999;86.8301985
1.6740944180708597;1.9072483310260167;-0.0071377587437544;0.03741918530936744;30.0;53.72327818;86.8302145
3.435581170539144;1.7374894162107186;-0.0152951973080452;0.03642892479000734;30.0;53.722892619999996;86.83023086
2.7231991996147675;1.540530649606452;0.0163148771285816;0.03640671884738733;30.0;53.72250783;86.83022751
3.267459043367138;1.022100224604192;-0.0892219842969307;0.038021928259480316;30.0;53.722134440000005;86.83019204
2.780435878818524;0.6858122345248333;-0.0479249515652085;0.033596563170421395;30.0;53.721773340000006;86.83012022
3.985191640687504;0.6914468745709084;-0.0040787192821454;0.03516905938819882;30.0;53.72142372;86.83002404
2.2624928575656944;0.5854132398529585;-0.0163148771285816;0.03708300258599698;30.0;53.721097570000005;86.82991548999999
2.717403764175668;0.5542992001980391;0.0254919955134087;0.0378727519426031;30.0;53.72078765;86.82979757000001
2.32537400870638;0.5833315486753092;-0.0285510349750178;0.03547161279341173;30.0;53.72046044;86.82967260000001
2.065845296038295;0.7695608986616741;0.0244723156928724;0.03536997408298594;30.0;53.7201445;86.82955122
2.7615432591124454;0.8024521416424822;-0.0530233506678902;0.03383688325100914;30.0;53.719836029999996;86.82942963
3.0728157005771264;1.3273450311994148;-0.0438462322830631;0.03378494685575379;30.0;53.71953175;86.82932758999999
3.3846773745613814;1.618769779502333;-0.0214132762312633;0.034648447559239286;30.0;53.719222869999996;86.82925423
4.467193101092343;2.082575322948313;0.0520036708473539;0.03280648044768709;30.0;53.718908279999994;86.82921612
3.757959920814416;2.574225928340509;-0.0316100744366268;0.03234259083230942;30.0;53.71858973999999;86.82921758
-0.5120274874196327;2.889759849483072;-0.0122361578464362;0.030466460175409733;30.0;53.71827051;86.82924395
-0.2873059970757174;2.940666424453021;0.0152951973080452;0.03213043313060901;30.0;53.71795229000001;86.82928925
-1.823366300397352;3.0173691915032284;-0.020393596410727;0.028773526499741128;30.0;53.717637690000004;86.82934585000001
-2.9295420320569123;2.892312481134637;-0.0163148771285816;0.027946793025305373;30.0;53.717343930000006;86.82942329
-2.897088705261733;2.211293252666041;0.0040787192821454;0.03077939566464825;30.0;53.717044509999994;86.82951811000001
-1.9997383626032108;1.311265323445247;0.0469052717446721;0.03292599315292149;30.0;53.71672163000001;86.82963810999999
-3.5091833223660696;1.1553314537226782;0.0081574385642908;0.03511428180099955;30.0;53.71640262;86.82976198
-3.6007120943460404;0.848506587291275;-0.0101967982053635;0.03616965929644724;30.0;53.71609188;86.82989411999999
-2.6519798667500942;1.5233424093562102;-0.0693382277964719;0.03635809606487917;30.0;53.71578664;86.8300292
-4.32879432981759;1.8827062579109661;-0.0509839910268175;0.03880205890020847;30.0;53.715493560000006;86.83016364
-1.7700301900035156;2.610556351860578;-0.0489446313857448;0.037250348959611386;30.0;53.71522833;86.83029265
-3.4174912722576885;2.8511031129907365;-0.0601611094116447;0.024659485383660407;30.0;53.71499016;86.83041288
-7.185108937134104;2.907414897722737;-0.0336494340776996;0.02628959668991838;30.0;53.714779039999996;86.83053455999999
0.0578626987808143;2.8521943775605423;-0.0672988681553992;0.04334192361621665;30.0;53.714606679999996;86.83065148
2.5684932735857555;3.1488915983607124;-0.0418068726419904;0.0422109951783801;30.0;53.714476000000005;86.83077168
1.0336783341563716;2.968284916601843;-0.0356887937187723;0.041458063176498944;30.0;53.71441476;86.83088196
0.1160873061305151;3.0702602790862104;0.0152951973080452;0.042591895771852364;30.0;53.714401439999996;86.83099152
-1.1686254808386516;2.9354822421427436;0.0703579076170082;0.04029653008643737;30.0;53.714439909999996;86.83110423
2.7911199141601326;1.360280485340358;-0.0010196798205363;0.045188711647029124;90.0;53.714559480000005;86.83122124
0.4829660368594829;1.3481876411346558;-0.0091771183848271;0.04053863200576848;90.0;53.71472313;86.83132601
2.251956503859633;1.2994865981395178;0.0254919955134087;0.038559577373862196;90.0;53.71491403;86.83142218999998
2.182929550829233;1.3667003143923755;0.0188640766799225;0.037381500234002586;90.0;53.715144339999995;86.83151425999999
2.4672646429346408;1.2805349013848677;-0.0744366268991536;0.03859102335305219;90.0;53.71540527;86.83159599000001
2.6434319426340944;0.9715918868984993;0.0050983991026817;0.031133602317775472;90.0;53.71570332;86.83164828
1.2664712958659887;1.1640629184023288;-0.0163148771285816;0.03264218808735781;90.0;53.71602321;86.83167121
2.849553454010831;0.9292637363066191;0.0295707147955541;0.03573186134420212;90.0;53.71635771;86.83167035
2.380283514452852;0.9813138885662048;-0.0265116753339451;0.033685506944683724;90.0;53.71670047;86.83164959000001
4.153807719873577;1.0011643133649675;-0.0285510349750178;0.03265735890891925;90.0;53.717046270000004;86.83160371
4.384265387037276;1.4130728863190316;0.023452635872336;0.04183380672533265;90.0;53.71736786;86.83153874
2.358247310809717;1.4097241984184345;-0.0509839910268175;0.04360037189433284;30.0;53.717695490000004;86.83146701
1.63138628932121;1.3636229202814123;-0.0040787192821454;0.05120602434991223;30.0;53.718023460000005;86.83139818
1.8802376570696795;1.4801818914216558;-0.0387478331803813;0.05425573993031832;30.0;53.71834049;86.83133889
-0.5405977547017907;2.3189024810759338;0.0917711838482716;0.05448999096465661;90.0;53.71864985;86.83130009
2.4873164033365183;3.6359716602001555;-0.0418068726419904;0.055140704637406994;90.0;53.71893111000001;86.83129463
2.447648200791366;4.220404204725908;-0.0907515040277353;0.0518540580984023;90.0;53.71918686;86.83131998
0.4666510491173406;4.194763352578379;-0.092790863668808;0.051608403434413176;90.0;53.71941626;86.83138041999999
-3.50886803718819;4.074010765371428;-0.0418068726419904;0.050893385609291596;90.0;53.71962560000001;86.83148223999999
-8.018128230944088;3.8783650434095747;-0.0540430304884266;0.05211363114046232;90.0;53.71981708999999;86.83163020999999
-8.20759774589989;3.8573324064853494;-0.0387478331803813;0.030063939513587486;90.0;53.719986649999996;86.83182024999999
-4.571766800379403;3.3540012808407655;-0.0305903946160905;0.03284308344327552;90.0;53.720133759999996;86.83205184
-3.640936666333568;2.4994761396260166;-0.0571020699500356;0.03868591717309339;90.0;53.720265330000004;86.83231909
-4.615244318201071;1.8440483786041897;-0.0040787192821454;0.03526447996100563;90.0;53.720380850000005;86.83261125
-5.141535444800186;1.763761702191196;-0.0050983991026817;0.034544972214980964;90.0;53.72048844;86.8329134
-5.880917125933928;1.7522683465081192;-0.0040787192821454;0.03363093227390062;90.0;53.72060331;86.83323306999999
-6.332852863906615;1.2760488426195133;0.0479249515652085;0.031128035771138176;90.0;53.72073161000001;86.83356361
-2.773622431707036;1.4170094428926914;0.0305903946160905;0.030969528141458428;90.0;53.720868700000004;86.8338927
-4.500980973829554;1.4261833529906534;0.0056082390129499;0.03587448314032653;90.0;53.72100845999999;86.83421421999999
-2.1991979631112315;1.425236851155928;0.0346691138982359;0.03774992627463917;90.0;53.72115097;86.83451801000001
-4.238625570988064;1.7254496770722705;0.0081574385642908;0.04616296253371337;90.0;53.721303680000005;86.83480128
-2.410463239015256;1.698862610497605;0.0418068726419904;0.05468152870480045;90.0;53.72146725;86.83507493
-3.451001787365885;1.2887144337560956;0.1111451004384623;0.056312145697686306;90.0;53.72163291;86.83533787
-3.6183158909067057;1.4412043169103916;0.0805547058223717;0.05629942462276105;90.0;53.72180492;86.83558156000001
-0.6299223491245682;2.240180333245583;-0.0555725502192311;0.0573256985998266;90.0;53.72197786;86.83579802
-1.0069848128442578;2.647125802650346;-0.0662791883348628;0.05811469307832223;90.0;53.72214554;86.83598106
-3.480197927464705;2.559042178719579;-0.0290608748852859;0.06182015355757563;90.0;53.72230886;86.83613926000001
-4.87859868192199;2.828314204024868;-0.0010196798205363;0.06327140903266855;90.0;53.72246937;86.83628185
2.781429954971565;2.864102195503741;0.0489446313857448;0.0495131585851922;90.0;53.722635000000004;86.83641164000001
2.135616400431447;2.7036023156350995;-0.020393596410727;0.0352476453469037;90.0;53.72280058;86.83653113999999
-3.1288855999253884;2.712992030495107;-0.0545528703986948;0.04310806236903571;90.0;53.7229588;86.8366356
2.1774983257786107;2.9691055868962675;-0.0571020699500357;0.04196739203017618;90.0;53.723109410000006;86.83672220999999
1.702245496556559;2.893386613447981;-0.0479249515652085;0.05388785163781369;90.0;53.72325501;86.83680380999999
-1.4334573313386034;2.576260846342339;-0.0101967982053635;0.06301993897524678;90.0;53.72338556999999;86.83688829
-1.2858127638120715;2.3821868378484727;-0.1101254206179259;0.06601286106595917;90.0;53.723501340000006;86.83698358
-4.437447819628596;2.274124778886228;-0.0152951973080452;0.06282807870714865;90.0;53.72359647;86.83708895000001
1.0949772773240312;2.545490643651872;-0.1366370959518711;0.062251524956694;90.0;53.72366739;86.83719059
-2.4993669919092207;2.4212257876927192;-0.1570306923625981;0.061326863372608106;90.0;53.723721209999994;86.83728536999999
0.790157134537707;2.3115978713801466;-0.1998572448251249;0.059540143873107854;90.0;53.723755170000004;86.83736797
-2.64258174762558;2.3297380440769753;-0.1080860609768532;0.052041312067693614;90.0;53.72377530999999;86.83744186999999
3.6160003921525385;2.3458170964594465;-0.0652595085143265;0.05234312269916906;90.0;53.723782789999994;86.83751591000001
-1.7304815005981118;1.8849948798798482;-0.078515346181299;0.04406110327070534;90.0;53.72377619;86.83758355
0.4063105753635731;1.8563894906819456;-0.0795350260018354;0.04342514027139277;90.0;53.72375911500001;86.837635595
0.4051153355156093;1.7043428328508126;-0.078515346181299;0.04050327893457677;90.0;53.723738665;86.837671465
0.5785396679153998;1.8276491594342004;-0.0825940654634444;0.022891818279378636;90.0;53.723721284999996;86.837687365
0.4634165733510188;1.6130881418134932;-0.0795350260018354;0.023247867552344596;90.0;53.723716735;86.837682815
0.4634165733510188;1.6130881418134932;-0.0795350260018354;0.023247867552344596;90.0;53.723716735;86.837682815
1.7464272098586575;1.6130881418134932;-0.0565922300397674;0.023247867552344596;90.0;53.723716735;86.837682815
2.4966551481343577;1.6130881418134932;-0.0193739165901906;0.023247867552344596;90.0;53.723716735;86.837682815
3.270927910694508;1.6130881418134932;-0.0275313551544814;0.023247867552344596;90.0;53.723716735;86.837682815
0.8020099299506298;1.3957772666360657;-0.0142755174875089;0.03251097372833387;60.0;53.72794785;86.85324193
1.7238037477500432;1.3957772666360657;-0.0214132762312633;0.03251097372833387;60.0;53.72794785;86.85324193
0.1160935017830564;1.3957772666360657;-0.0112164780258998;0.03251097372833387;60.0;53.72794785;86.85324193
2.5523983053824426;1.3957772666360657;0.0101967982053635;0.03251097372833387;60.0;53.72794785;86.85324193
1.905199531943216;1.3957772666360657;-0.0107066381156316;0.03251097372833387;60.0;53.72794785;86.85324193
1.2877729324328977;1.3957772666360657;-0.0367084735393086;0.03251097372833387;60.0;53.72794785;86.85324193
4.280269344057711;1.398157242262632;-0.0632201488732537;0.04282119071513511;60.0;53.72796631999999;86.85335
0.523467529859346;1.4966774139639956;0.0112164780258998;0.04293865818585163;60.0;53.727980020000004;86.85346866
3.99522295462384;1.372157251724873;0.0571020699500356;0.042963941656045994;60.0;53.727986480000006;86.85359544
2.546125275494828;1.6227524509593518;-0.0316100744366268;0.043128994393814866;60.0;53.72798177;86.85372896999999
0.7767076984940886;1.854242875077917;-0.0989089425920261;0.044102511135454894;60.0;53.72796872;86.85387208
0.2872170364620715;2.0896030986233773;-0.0295707147955541;0.04579915243783589;60.0;53.72794278;86.8540151
1.8128223944721844;1.8407529437232264;-0.0101967982053635;0.04405467894547181;60.0;53.72790264;86.8541516
-0.8732787040907772;1.9543595289754039;0.0122361578464362;0.04873943917507894;60.0;53.72784928;86.85425952
-1.224481641207388;1.4800866574673137;-0.0520036708473539;0.03936442511732993;60.0;53.727787379999995;86.85433585999999
-1.7001364973292632;1.2527953112280406;-0.0642398286937901;0.03939830768727669;60.0;53.72771877;86.85438757
-1.095660323070074;1.2088682125550718;-0.0305903946160905;0.03623794734723374;60.0;53.72764584;86.85440679999999
-1.5737917444938418;1.2096459821704757;-0.1040073416947078;0.036606994722579014;60.0;53.727566030000006;86.85440123000001
0.6674921871935178;1.6876611090069715;0.0020393596410727;0.04432656589409319;60.0;53.7274801;86.85437162
1.1001837438623645;1.690828910873924;-0.0530233506678902;0.054315434313123995;60.0;53.72738796;86.85431532
-0.5213819289338534;1.720136623740935;0.0020393596410727;0.059050428361359604;60.0;53.7272926;86.85423532
0.3011942400234433;1.7810932654708087;-0.0163148771285816;0.05909110788481648;60.0;53.727198869999995;86.85413135
-4.9530875845797695;1.8248501362573344;-0.116243499541144;0.05983482963218176;60.0;53.72710804;86.85400724
-1.350780689382389;1.8881799949327445;-0.1641684511063526;0.05926085767532555;60.0;53.72702131999999;86.853877
-2.03574989342806;1.8357024478942934;0.0132558376669725;0.058431598243737906;60.0;53.72694256999999;86.85373937
-2.649798062625768;1.654231023543066;-0.037728153359845;0.0584572954103202;60.0;53.72687396;86.85359908000001
-2.486629175848376;1.6184832402415004;-0.0897318242071989;0.05700325354478108;60.0;53.726818460000004;86.85345654
0.2280388772427484;1.90206542949458;-0.0050983991026817;0.055226224744622944;60.0;53.72677924;86.85331235999999
0.113862740939269;1.9232608769457753;-0.095849903130417;0.05334927834570427;60.0;53.72675733999999;86.85316246
-2.070172439136844;2.0070688676489197;-0.0632201488732537;0.03737218895026797;60.0;53.72675819;86.85300715
-1.3135371502149054;1.926057538976065;-0.0122361578464362;0.0336058033208556;60.0;53.72678614;86.85284566
1.978910199517123;1.7497429135376867;-0.078515346181299;0.037108500947628416;60.0;53.72684943;86.85266575
2.9258046888812714;1.6501269862476113;-0.0244723156928724;0.034307339331621715;60.0;53.72693891;86.85248131
1.37803460045589;1.6496580428586372;-0.0469052717446721;0.033281826238560026;60.0;53.72704709999999;86.85229766
-0.5912135258032948;1.6464052720548912;-0.0132558376669725;0.027135374754429748;60.0;53.727174389999995;86.85211263
-0.7798905311920089;1.7453165750729602;0.003059039461609;0.0301023902042704;30.0;53.72731367;86.85192935
2.175733189012288;1.6880013117864614;-0.0101967982053635;0.03227594919623424;30.0;53.72745755;86.85174811
0.2725345453872806;1.638923715576041;-0.0576119098603038;0.0343716390110923;30.0;53.727602590000004;86.85157315000001
0.4599586288133811;1.3225472454873328;-0.0458855919241358;0.0351197510687262;30.0;53.727745219999996;86.85140602
-2.617163083552525;1.2954658831985935;-0.0836137452839808;0.037278754511152715;30.0;53.72788071;86.85124711
-0.6909348520964812;2.107208491282983;-0.0856531049250535;0.039313509776243157;30.0;53.728003810000004;86.85109629
-0.8360082142053767;2.3324997548783712;-0.0938105434893443;0.03648912994271591;30.0;53.72810912999999;86.85096609
-0.2293854487917975;2.548066156088542;-0.0152951973080452;0.040594165282179316;30.0;53.72820786;86.85084466
1.153822917489128;2.713562849884013;-0.0050983991026817;0.040144978567409374;30.0;53.72830517999999;86.85071926
5.155275147242562;3.0207030568894573;0.0061180789232181;0.04086981649821043;30.0;53.728399030000006;86.85060319
3.9645204853775855;2.6455340752591225;-0.0387478331803813;0.05047386501028943;30.0;53.72849659;86.85049339
4.285328535723716;2.3516201078942465;0.020393596410727;0.04852135708735358;30.0;53.72860602000001;86.85038266
4.270937868018662;1.9102333563615614;-0.0428265524625267;0.04631536955751557;30.0;53.728730840000004;86.85026428
5.956697700179708;1.4031610382514959;-0.0632201488732537;0.047788559113074114;30.0;53.72887741000001;86.85013949
4.9113291219183095;1.3335199219308371;-0.1407158152340165;0.04725910103230467;30.0;53.72904844;86.84999819999999
2.626798594920696;1.258024440901682;-0.0458855919241358;0.04771065305711696;30.0;53.72924443000001;86.84985627
2.812678004319474;1.3298873059493042;-0.0010196798205363;0.05262575357958432;30.0;53.72946254;86.84972366
3.3704457371003502;1.4139645960067415;-0.0764759865402263;0.04350434740181616;30.0;53.729697740000006;86.84960558
1.490766598683379;1.442784415427428;-0.0723972672580809;0.04232128516651752;30.0;53.729945889999996;86.84950812999999
3.550309529702969;1.2537806744740851;-0.1121647802589986;0.04460974585572037;30.0;53.73019781000001;86.84943237
2.3075861241797204;1.5101207525173985;-0.1325583766697257;0.04075262235467099;30.0;53.73044319;86.84937567
5.197835216824794;1.6649026072868722;-0.0520036708473539;0.04214799938110711;30.0;53.730679640000005;86.84933564
4.720679381431028;1.7751194196329716;-0.0907515040277353;0.04198473102838063;30.0;53.73090424000001;86.84930936
4.548269285157231;1.7841999664002632;-0.0326297542571632;0.047166116494161275;30.0;53.73111377;86.84929360999999
6.4623269656236;1.3779246225765016;-0.0244723156928724;0.05407925225537191;30.0;53.73130803;86.84929587
6.350817379487133;1.3064599582512033;-0.0265116753339451;0.05039013785855849;30.0;53.73148791;86.84930167
6.625861305068498;0.8917464153517273;-0.0020393596410727;0.03685123435712641;30.0;53.73165329999999;86.84930066000001
5.923791453243996;0.9026105697836022;0.0091771183848271;0.03563923199954356;30.0;53.73180595;86.84928947
5.175057713963588;0.9004866792840323;0.0346691138982359;0.022195056785844627;30.0;53.731950270000006;86.84926995000001
4.259862244636264;0.8627133754907605;0.0101967982053635;0.01969299506263169;30.0;53.73208942;86.84923246
4.520490623607893;0.9652420712925313;0.0122361578464362;0.018950078795303422;30.0;53.73222725000001;86.84917829
4.913560203838819;1.1169529292485487;0.0142755174875089;0.019897260493679784;30.0;53.73236095;86.84911487
6.091390229200377;1.2305782501429134;0.0183542367696543;0.021663297170699227;30.0;53.73249072;86.84903984
6.241255945627235;1.2431915877008257;-0.0142755174875089;0.021493043043941788;30.0;53.73261384;86.84895048
7.202738074951237;1.2122419613265463;-0.0193739165901906;0.017835897503410088;30.0;53.7327267;86.84884574
7.567860848399344;1.1348531358332545;-0.0316100744366268;0.01727656144600994;30.0;53.73282659;86.84872290999999
7.611857829851978;0.9882065910067825;-0.0239624757826042;0.01801121684799658;30.0;53.73291081;86.84858184999999
6.513182617293236;0.8693183165057659;-0.003059039461609;0.016304340575273604;30.0;53.73297973;86.84842549
5.786018142341134;0.9000842964860467;0.0040787192821454;0.016512744953136555;30.0;53.73303413;86.84825717
4.777894973951155;0.9007169565501887;-0.0101967982053635;0.016566528556790947;30.0;53.73307614;86.84807646
6.064975664856772;0.8836796409066152;-0.0326297542571632;0.016998147224632137;30.0;53.733108349999995;86.84789107
6.723346522951695;0.8155075700359063;-0.0010196798205363;0.015661022882975738;30.0;53.73313337;86.84769849
7.341615222571161;0.7540833179616284;0.0193739165901906;0.014850749682828486;30.0;53.733152589999996;86.84749754999999
7.015566589215779;0.7981117790975356;-0.0163148771285816;0.014886491143513812;30.0;53.73316877;86.84728845000001
6.357421359071992;0.7867942897244439;-0.0254919955134087;0.015769820857812616;30.0;53.73318305;86.84707489
6.702925952957877;0.8616030578035369;-0.0040787192821454;0.017397838202441833;30.0;53.73319587000001;86.84685731
5.595932594682606;1.1489059436959403;-0.0035688793718772;0.016061620586128776;30.0;53.73320808;86.84663656000001
5.399100966551091;1.3799204407836592;-0.0020393596410727;0.016288744606937827;30.0;53.733220970000005;86.84640625
6.313944303949737;1.298613607745413;0.0122361578464362;0.015166630494770206;30.0;53.73323447;86.84616887
4.432537933011528;1.1598301735984047;-0.0295707147955541;0.015101362898285583;30.0;53.73324791;86.84592631000001
3.80145073009475;1.0857554833022405;-0.0224329560517997;0.018221576633942;30.0;53.73326307;86.84567523
3.3260586139506927;0.9822209832090325;0.003059039461609;0.018669703567960702;30.0;53.733277550000004;86.84541579
4.236379587810186;1.0481378662698932;-0.032119914346895;0.01813968399196035;30.0;53.73329139;86.84515315000002
4.748438991383712;1.239513030441968;-0.0132558376669725;0.017224995003253946;30.0;53.733304180000005;86.84488946
5.512274707109486;1.3433858746754115;-0.0458855919241358;0.013034474964307985;30.0;53.73331469;86.84462605
6.005955756727502;1.322033336038765;-0.0316100744366268;0.012907108618359827;30.0;53.73332207;86.84436719
6.232975761647497;1.2354224237333276;-0.0214132762312633;0.012907108618359827;30.0;53.73332746999999;86.84411403
7.0952993946696905;0.967011522454182;-0.0183542367696543;0.011481275810428267;30.0;53.733330839999994;86.84387164
7.116405296180029;1.124903263204748;-0.020393596410727;0.011066645217284564;30.0;53.7333315;86.84362142
5.8490674653640085;1.0999930412477308;-0.0183542367696543;0.010620781037976588;30.0;53.73332981;86.84337141
6.523105303603501;1.2142071170651965;-0.0224329560517997;0.00991008953116482;30.0;53.733324849999995;86.84310021
5.007929528845735;1.3017213852901717;-0.0040787192821454;0.013076065750313896;30.0;53.7333186;86.84282004
3.4706215490669825;1.3511751160637746;-0.0254919955134087;0.013052189369783392;30.0;53.73331406;86.84251853999999
5.031762491737587;1.1959103599002672;-0.0224329560517997;0.014145543811603196;30.0;53.733312090000005;86.84220937
4.161111053463348;0.9250147733839231;-0.0428265524625267;0.02023500016663738;30.0;53.733317060000005;86.84189178
4.073993247552136;0.8612495837391486;-0.0504741511165493;0.020262956364512235;30.0;53.733331820000004;86.84157117999999
3.935760415050914;0.503069500764668;-0.0275313551544814;0.020262956364512235;30.0;53.73335837;86.84123677
4.421478387621408;0.5496278679316157;-0.0071377587437544;0.023753713232753892;30.0;53.733398939999994;86.84089334
4.723852077386673;0.46493880851751623;0.0214132762312633;0.025856530476785707;30.0;53.733452820000004;86.8405581
3.934726129874724;0.6258347063522207;-0.0163148771285816;0.02575580388213311;30.0;53.733532170000004;86.84020992999999
4.147829692939383;0.6617568518095432;-0.0224329560517997;0.024835536562580123;30.0;53.73362218999999;86.83988779
5.2718207126313565;0.6679922854973304;0.0214132762312633;0.03287314480303234;30.0;53.733715919999995;86.83957192
4.250804119062456;0.8438384729390952;0.0173345569491179;0.053633823094729485;30.0;53.73380490000001;86.83926410000001
5.826293831406014;0.846661405487163;-0.0040787192821454;0.05700902929434645;30.0;53.733889520000005;86.83895192
3.745426978705965;1.2619997426915204;0.020393596410727;0.055822128369260225;30.0;53.73397428;86.83861171999999
3.9809618929405626;1.2956833196329358;-0.0846334251045171;0.057088411890454174;30.0;53.73405453;86.83825677000002
2.7598007851687174;1.3252852126039512;-0.1417354950545528;0.057163642409447026;30.0;53.73413026000001;86.83789986000001
4.040322660716123;1.2518618677371596;-0.0836137452839808;0.057163642409447026;30.0;53.73420056;86.83753752
1.2151524167953234;1.414976664301793;0.0071377587437544;0.06823047406627827;30.0;53.73426472;86.83716136000001
2.986997067062136;1.3008005153871818;0.0101967982053635;0.06809242374713995;30.0;53.73430449;86.83678129
2.834300517288041;1.310086650881191;-0.0163148771285816;0.0667179414771487;30.0;53.73432481;86.83638433
4.6074487808329305;1.3708801456578084;0.0214132762312633;0.06322279852335522;30.0;53.73432431;86.83597679
1.3565789591108572;1.3561774907643867;0.0968695829509534;0.04749076587594212;30.0;53.7343071;86.83556278
5.193879129130441;1.4571609870655204;-0.0132558376669725;0.04059825607509953;30.0;53.73427019999999;86.83514699999999
3.939949310254288;1.509136446989712;-0.023452635872336;0.046953152553961416;30.0;53.73420252999999;86.83475676999998
4.703777825651855;1.5792948386425236;-0.0295707147955541;0.05125788906932501;30.0;53.73410008999999;86.83438041
3.208515508152653;1.5843971321768548;-0.0448659121035994;0.04985772073947555;30.0;53.733959500000005;86.83402989999999
1.5127106615322437;1.4838519646491521;0.0336494340776996;0.05166333034391458;30.0;53.73377763999999;86.83371236
0.8832208525434622;1.4401851248817905;0.078515346181299;0.044447332767581615;30.0;53.73355434;86.83343018000001
1.658110292557592;1.1648569054972708;0.0764759865402263;0.044669270057069235;30.0;53.73329679999999;86.83319312
2.56976330297911;1.092078143931424;0.0275313551544814;0.04459485239107875;30.0;53.733012880000004;86.83299368
2.278775310415379;0.6676582451389766;-0.020393596410727;0.04507861369338941;30.0;53.73271052;86.83282956
1.8566882650131689;0.5368281313571132;-0.0173345569491179;0.04320322953218083;30.0;53.732356349999996;86.83269811
2.378347911083452;0.5235588081088155;-0.0173345569491179;0.04231159336801563;30.0;53.7319873;86.83259274
1.3792658649439469;0.9429728778403546;-0.0224329560517997;0.03452151261205928;30.0;53.731605439999996;86.8325104
2.0570433441005624;1.4226211351792228;-0.0346691138982359;0.019466124283030874;30.0;53.73121769000001;86.83244264999999
2.382630626246109;1.8668737717758426;-0.0275313551544814;0.013336642852996081;30.0;53.73078451;86.83236531
1.7373585416753778;2.0150618181928444;0.0132558376669725;0.019307912566551337;30.0;53.730349950000004;86.83227891
-0.7005848588905673;2.1033182796776213;-0.0265116753339451;0.02204568838364541;30.0;53.72991692000001;86.83218636000001
-1.599321326957488;1.9956940979483102;-0.0071377587437544;0.022512381371969044;30.0;53.72947974;86.83207941999999
-2.717894339065172;2.1734934301670954;-0.0112164780258998;0.024217008137043878;30.0;53.72904969;86.83195401
-2.0902235023751863;1.9303143590125866;0.0275313551544814;0.027037222726418897;30.0;53.72863592;86.83181928
-2.1383603307604853;1.5867948917094727;-0.0458855919241358;0.028485408706452088;30.0;53.72827237;86.83168613000001
-1.6620741253957916;1.2718270749886393;-0.0295707147955541;0.03182025568977412;30.0;53.7279102;86.83154668
-3.848624747609709;1.4468671584495587;0.0132558376669725;0.03039641809787054;30.0;53.72756233;86.83140105
-0.4669531539466359;1.4522836005360789;0.0346691138982359;0.03155410696415444;30.0;53.72722402000001;86.83124962000001
0.2281456273005066;1.4399776536309756;0.0336494340776996;0.031120008913922192;30.0;53.72693276;86.83110172
-0.0598040974730139;1.3945938134159304;0.0458855919241358;0.030244008302310877;30.0;53.726643720000006;86.83094836000001
0.7626995847513354;1.3320557572617442;-0.0081574385642908;0.025172533469614945;30.0;53.726353759999995;86.83079408
-0.8548735890341483;1.2923862278262483;-0.023452635872336;0.025009309186155647;30.0;53.72606841;86.83065209
0.3507831819680445;0.681470087616135;0.0040787192821454;0.028726310804781496;30.0;53.72577642;86.83053162000002
-1.3452273321435024;0.6879181952463683;-0.0061180789232181;0.02831313008530908;30.0;53.72546646000001;86.83043414
-0.3447986982586515;0.7526667982804516;0.0061180789232181;0.02576023292409691;30.0;53.7251399;86.83035078
-0.4074201462815028;1.1475746254100272;-0.0285510349750178;0.024843385064286374;30.0;53.72481209;86.83029177
0.7532914350019574;1.2542117823489085;-0.0387478331803813;0.026151027098518343;30.0;53.724472760000005;86.83025452000001
-0.5726078479914971;1.316306188720021;-0.0346691138982359;0.03023503033295267;30.0;53.724128050000004;86.83024005
0.8618953096373704;1.637027740800457;0.0122361578464362;0.032079155244414445;30.0;53.723781880000004;86.83024716
2.651056769579692;1.534978828760667;0.0418068726419904;0.032428917800557566;30.0;53.7234369;86.83027338
1.845447961119406;1.4772859950961068;0.0183542367696543;0.03178974380542627;30.0;53.723097110000005;86.83030735
2.217200572943544;1.3222327344343177;-0.0550627103089629;0.03301061950844952;30.0;53.72276293;86.83033925
3.718945762854307;1.3218527395272384;-0.0458855919241358;0.03278675421669295;30.0;53.72243763;86.83034674999999
2.979660369327962;1.1629380185721365;0.003059039461609;0.03224152418131446;30.0;53.72211962;86.8303129
2.936896835966217;1.0480126374973608;-0.0132558376669725;0.0312635303700566;30.0;53.72181854;86.8302499
2.997367069556068;1.1642812607700848;-0.0448659121035994;0.02545889107305972;30.0;53.72153028;86.83015875999999
3.6067124589538953;1.1237573237982024;-0.0356887937187722;0.026475918851656486;30.0;53.72125425;86.83005168999999
0.1140207932496543;1.0978223077100737;-0.003059039461609;0.02294946697128564;30.0;53.72098445;86.82993549
3.1571137083071386;1.0768042339063468;-0.0040787192821454;0.019841151569703255;30.0;53.720711130000005;86.82981321
4.223387056678359;1.078158785871624;0.003059039461609;0.019354228554942798;30.0;53.72041571;86.82969187
3.271168443891515;1.1151509416240664;0.0244723156928724;0.027428565856682494;30.0;53.720125710000005;86.82957850999999
2.806871014089893;1.1441971925565544;-0.0071377587437544;0.02347085495666883;30.0;53.7198394;86.82947396
3.362759080699007;1.1726770143745802;-0.0163148771285816;0.02043914788599112;30.0;53.71955493;86.82938405
3.116804117939841;2.0485529341902464;-0.0112164780258998;0.020608018161583176;30.0;53.71926427;86.82933403
3.8628957154531607;3.122856342408107;0.0509839910268175;0.02054738474601477;30.0;53.71896272;86.82931664
3.8703302077701234;3.1848734360527153;0.003059039461609;0.02320478038850544;30.0;53.71865379999999;86.82932516000001
2.1230664714594174;3.176156032160114;-0.0122361578464362;0.02155148508195331;30.0;53.718339119999996;86.82935352
-2.888816597985299;3.4113191756746573;-0.0071377587437544;0.022581809240845713;30.0;53.71802063;86.82939599
-4.83291863393529;3.418160328227109;-0.0020393596410727;0.023509216499494282;30.0;53.71771156;86.829453
-1.627102536481163;3.2519063671163817;-0.0316100744366268;0.02411566129644364;30.0;53.71743025999999;86.82951729999999
-0.9638114496689502;2.7575546718815196;-0.0112164780258998;0.015087586374604488;30.0;53.71714815;86.82958847
-3.809678612990848;1.92672779718522;0.0173345569491179;0.02146985037538316;30.0;53.71685584000001;86.8296776
-3.684441788075746;1.1943063726093137;-0.0265116753339451;0.02804088606916212;30.0;53.71656170999999;86.82978539
-3.099751345418552;1.277405390421268;-0.0214132762312633;0.031709692587125006;30.0;53.716243139999996;86.82991482
-2.529669894482661;1.3033866620899108;-0.0244723156928724;0.042244782419282034;30.0;53.715929960000004;86.83004452
-2.3748249802314843;1.290418308942448;-0.0642398286937901;0.04219662398648436;30.0;53.7156287;86.8301887
-4.299857844114959;1.058706649549957;-0.0764759865402263;0.04445733855529309;30.0;53.715353959999995;86.8303466
-4.464265022097835;1.136686195516248;-0.0774956663607627;0.05832007999930216;30.0;53.71511977;86.83051177
-5.006108498006411;1.553277618570934;0.0591414295911083;0.06304896541595903;30.0;53.71492578;86.83067618
-4.991222014308801;2.064039504353837;-0.023452635872336;0.06277231573823425;30.0;53.71478423;86.83084695
-2.1822958275919597;2.5499438615529537;0.020393596410727;0.0636768072860564;30.0;53.7146922;86.83102116
-2.3045546119196536;2.556191806256045;0.1009483022330988;0.06010145448970984;30.0;53.71465985;86.83118081
-0.1182432716597934;2.5030964033303698;0.0652595085143265;0.05290348996694008;30.0;53.714724509999996;86.83132483
1.1573307071158423;2.4326931893976163;0.0020393596410727;0.03989657920429858;30.0;53.71487841;86.83143521000001
2.007670365361644;2.5424899290514116;0.0428265524625267;0.05076246583835356;30.0;53.71508473;86.83153401
-2.824256503234398;2.1761496649187313;0.0509839910268175;0.05127591667480251;30.0;53.715335829999994;86.83161103
-0.5844695875556811;2.3466557117071742;-0.023452635872336;0.057479660906072844;30.0;53.71561489;86.83166225
0.4593473781911201;2.1458601811575613;0.0418068726419904;0.050295132185824536;30.0;53.71591327;86.83169183
3.5592627011646347;2.265770987626876;-0.0723972672580809;0.0444000021557606;30.0;53.71622664;86.83170568
2.498834496894094;2.408073959475835;-0.0285510349750178;0.04425157190783286;30.0;53.71654078;86.8316947
4.2390054101380565;2.4566783437955273;-0.0622004690527174;0.040046871109891455;30.0;53.716864980000004;86.83165793999999
2.8717267674389784;1.8617347413584;-0.0438462322830631;0.03325417542705642;30.0;53.71719339;86.83160747
4.2920403324100365;1.4964689724267757;0.0010196798205363;0.0334964777934408;30.0;53.717495140000004;86.83154826
4.502086234448243;1.6527570989420306;-0.0152951973080452;0.028596772657336383;60.0;53.71779445000001;86.83148917
3.653884519191672;1.6653022698703845;-0.0214132762312633;0.027006065991887554;60.0;53.71809934;86.83142798
0.3212801147719584;2.5600767070973065;0.003059039461609;0.027801160942260348;60.0;53.71840175999999;86.83138992
2.6065715728485706;3.0731379026194947;-0.0091771183848271;0.026105540432700674;60.0;53.718692669999996;86.83137363
-0.3324161683780169;3.4097546299772024;-0.06984806770674;0.026244570292504946;60.0;53.718965479999994;86.83137764
1.6958061464133225;3.9853070402515383;-0.061180789232181;0.026359210953088217;60.0;53.71921537000001;86.83140225000001
-3.500648914037941;3.6791188828199997;-0.0520036708473539;0.02650214135638813;60.0;53.71944523999999;86.83145548
-4.117525013566219;3.3086378623808868;-0.0183542367696543;0.027810301516918677;60.0;53.719649950000004;86.83154755000001
-4.014039345584431;3.164146549066939;-0.0081574385642908;0.025670438075625183;60.0;53.71984277;86.83169429
-7.669272553630987;2.5558034190102266;0.0020393596410727;0.03907298264973567;60.0;53.72000025;86.83187993
-4.385121196197998;2.338373774181314;-0.0122361578464362;0.03960726599277903;60.0;53.72014014;86.83209406
-4.957771137057733;1.4717017268344317;-0.0520036708473539;0.03635682504720508;60.0;53.72025637;86.83234085000001
-2.910819747201834;1.454593496176514;-0.0367084735393086;0.035523156472147925;60.0;53.72035903;86.83259455
-2.49488708309384;1.4979225706427273;0.0622004690527174;0.03481476212762678;60.0;53.720455820000005;86.83285518
-3.645301661539429;1.4978711900375947;0.0346691138982359;0.03644331177116351;60.0;53.720551549999996;86.83312499000002
-5.454371416954511;1.0032002803546425;0.0071377587437544;0.037849065724805474;60.0;53.72065308;86.83340316
-3.841506607961024;1.0007463896204614;0.040787192821454;0.03792575386647966;60.0;53.72075975;86.83368391
-3.214838699250113;1.0011540545664985;0.0010196798205363;0.045849070334569815;60.0;53.72087011;86.83395811
-4.555091299085481;1.0400345797745254;0.0418068726419904;0.04379495482480018;60.0;53.72097546;86.83420938
-5.179177910913591;1.3202576121101333;0.0428265524625267;0.04142084523242571;60.0;53.7210991;86.83447382
-4.307876008577148;1.8360253614154136;-0.0132558376669725;0.043009058538104696;60.0;53.721231290000006;86.83472889
-4.961836139918728;1.8588119962459844;-0.0887121443866625;0.043368570318855715;60.0;53.721372929999994;86.83497804999999
-2.630075205844405;1.8717934904839097;-0.0132558376669725;0.048472165316135095;60.0;53.72152029;86.83522013
-1.1138149021432733;1.9270247662812099;0.0397675130009177;0.04928147724603758;60.0;53.721674240000006;86.83545344000001
0.1262939539402986;1.9989203259569617;-0.0397675130009177;0.04953167543250257;60.0;53.7218338;86.83567443999999
-0.9536568912022072;2.1277503807839646;-0.0173345569491179;0.04800190814724016;60.0;53.72199721;86.83588137
-4.08672992794387;2.181282299305402;-0.0876924645661262;0.047924228382574395;60.0;53.72216479;86.83607199
-1.6181829672871584;2.123377988187882;0.0173345569491179;0.04509975183118622;60.0;53.72233140000001;86.83624372
-0.2792437812176616;2.733715010209662;0.0438462322830631;0.05120737800989869;60.0;53.72249508;86.83639203999999
1.5622145614408844;2.8986642360563653;-0.0642398286937901;0.04508120845295215;60.0;53.722644149999994;86.83650271
-4.698495621854541;2.9180198133481015;-0.0285510349750178;0.046740237852477676;60.0;53.72279516;86.83660764000001
1.5356132068422914;2.900114711404025;-0.0672988681553992;0.052187759334835715;60.0;53.72294749;86.83670109
4.608535015728004;2.6231763417504954;-0.0999286224125624;0.06641955071678522;60.0;53.723096610000006;86.83678365
2.702800756855782;2.5879249541019758;-0.0514938309370857;0.08246473832819744;60.0;53.72323788;86.8368558
0.9567352787185284;2.835163179125732;-0.078515346181299;0.0876695550065497;60.0;53.72336954;86.83692601999999
-0.0592798634873002;2.7877157813669315;0.0326297542571632;0.08898456858426464;60.0;53.72348341000001;86.83700917
-1.9173442146409436;2.41590570164781;0.1080860609768532;0.08803408025491741;60.0;53.72357362;86.83709682
-1.1248121365576278;2.3787874493205012;-0.1825226878760069;0.08845981195774949;60.0;53.723643;86.83718412
-3.327247064260132;1.8513906488205691;-0.1794636484143978;0.08773475988083024;60.0;53.723703310000005;86.83726491
0.3566240565943519;2.4482086181454705;-0.1091057407973896;0.08786283853381163;60.0;53.72375569;86.83733265
-2.192368158657964;2.5587198456235223;-0.0734169470786173;0.08832859345746846;60.0;53.723794729999995;86.83738193
-0.7593045592301876;2.5587198456235223;-0.0428265524625267;0.08832859345746846;60.0;53.723794729999995;86.83738193
1.5897475165046604;2.5587198456235223;-0.061180789232181;0.08832859345746846;60.0;53.723794729999995;86.83738193
5.393754250720124;2.5587198456235223;-0.0448659121035994;0.08832859345746846;60.0;53.723794729999995;86.83738193
2.406503307642885;2.5587198456235223;-0.0280411950647496;0.08832859345746846;60.0;53.723794729999995;86.83738193
4.017944085390748;2.197890067783688;0.0520036708473539;0.06859522901963885;90.0;53.727861129999994;86.85352385
-2.1842384800629024;2.197890067783688;0.020393596410727;0.06859522901963885;90.0;53.727861129999994;86.85352385
-1.3168319183264758;2.197890067783688;0.0458855919241358;0.06859522901963885;90.0;53.727861129999994;86.85352385
2.397146840253695;2.197890067783688;0.0346691138982359;0.06859522901963885;90.0;53.727861129999994;86.85352385
-0.4795814429485157;2.197890067783688;-0.0846334251045171;0.06859522901963885;90.0;53.727861129999994;86.85352385
-3.3246753606100508;2.197890067783688;-0.0591414295911083;0.06859522901963885;90.0;53.727861129999994;86.85352385
-0.9337776514371846;1.5771719206743702;-0.0499643112062812;0.07864171127623458;90.0;53.72780678;86.8536743
-0.4508442990636354;1.5711391534311743;-0.1101254206179259;0.0953399723395511;90.0;53.72774497;86.85381729000001
-2.0457447859231306;2.3472193372813197;0.061180789232181;0.087236772119846;90.0;53.72768022;86.8539343
0.3444169246359522;2.180096514631657;-0.1029876618741715;0.08048971266132297;90.0;53.72760736;86.85401504000001
-1.6870576508744175;2.2332895418169247;-0.1723258896706434;0.08154754382040723;90.0;53.72752439;86.85405495
0.4460405620610189;2.3268077962452476;-0.2324869990822881;0.08126335683732881;90.0;53.72742896;86.85405424
4.919103215137074;2.331257766364183;-0.1101254206179259;0.08070622456251109;90.0;53.727320199999994;86.85399156
-0.4933152371932502;2.3479266173996307;-0.020393596410727;0.0821586094768377;90.0;53.72721129;86.85386473
-1.89540312013484;2.304516342291591;-0.0469052717446721;0.06148743533993836;90.0;53.72712632;86.85367991999999
-3.9453501984290753;2.3271107617654927;-0.1050270215152442;0.06384316339150381;90.0;53.727074110000004;86.85345106999999
-1.1399731200040328;2.335578019341846;-0.1244009381054349;0.060258989142189086;90.0;53.72706347999999;86.85317676
-1.5083364629030989;2.376614306369826;-0.1458142143366982;0.03801372357987612;90.0;53.72709225999999;86.85288041999999
-0.0881360861893636;1.5995209664906214;-0.0693382277964718;0.03952423176257623;90.0;53.7271567;86.85258134
0.7925396278813224;1.630809562027317;-0.0586315896808402;0.03558542166087473;90.0;53.72725794;86.85228321999999
1.1775809953545362;1.9498493648549484;-0.0774956663607627;0.04001689397218034;90.0;53.72739713;86.85198464999999
1.3092824962661962;1.8054092742995707;-0.0734169470786173;0.04826798635564674;90.0;53.72757725;86.85168605
-0.8527207735280314;1.9792223417883636;-0.0346691138982359;0.04539201178441565;90.0;53.72779518;86.85140478
0.3397679738484518;1.7230139661397257;-0.1101254206179259;0.040384735075888405;30.0;53.72804111000001;86.85114127
3.2468622444811466;1.6670817810823524;-0.0173345569491179;0.04217430472014307;30.0;53.72829521999999;86.85088594
3.990007287334069;1.698739120379845;0.0101967982053635;0.042510614911187614;30.0;53.7285547;86.85063342000001
4.232569447606294;1.7585810689601267;-0.0948302233098807;0.04425173507608242;30.0;53.72881369;86.85039065
1.6254916208838994;1.7384094348643475;-0.116243499541144;0.049278693386573806;30.0;53.72907818;86.85016618
2.9985953339234217;1.385346269949107;-0.1024778219639033;0.04713625530156897;30.0;53.7293493;86.84997138
3.601745428561507;1.178988654854278;-0.0489446313857448;0.05089738630806904;30.0;53.72962916;86.84980068
0.4665108472675353;1.1998800388205348;-0.1060467013357805;0.04760086677252848;30.0;53.72990703000001;86.84965871
1.9416719320531213;1.859066541989051;-0.1376567757724074;0.04095625798276638;30.0;53.73017272;86.8495404
2.0818135493574377;2.2847647902176416;-0.07545630671969;0.04548252727562422;30.0;53.73042726999999;86.84945191
3.155205700845492;2.479765871631171;-0.0071377587437544;0.043519912707416834;30.0;53.730666150000005;86.84939383000001
3.5835138120266468;2.5967879980011475;-0.0642398286937901;0.04303782396543725;30.0;53.73088887;86.84935799
7.323235789952509;2.63929185318085;-0.0295707147955541;0.04851674375696125;30.0;53.731089970000006;86.84934149
7.359476346122283;2.2187366268964848;-0.0112164780258998;0.04884566132646826;30.0;53.731274080000006;86.84934128
7.250930220222187;1.9156015627846128;-0.0346691138982359;0.034332627801577614;30.0;53.73146068999999;86.84934101
6.753373746912051;1.5226093285166353;-0.0168247170388498;0.028589499954368335;30.0;53.73163502;86.84933102
6.143877545880445;1.2798661327153418;0.0173345569491179;0.028803272756588855;30.0;53.73179620999999;86.84931301
5.9165975184351645;1.159382542026154;0.0285510349750178;0.021459691495108766;30.0;53.73194939;86.84927931
5.935245627253551;1.1997111194792518;0.0163148771285816;0.01971153889421783;30.0;53.73210017;86.84923297
4.777843091503608;1.1779368390599327;0.0112164780258998;0.022434500968027127;30.0;53.73224589;86.84917644999999
4.714744542118613;1.2485270507578583;0.0020393596410727;0.023883156602802883;30.0;53.73238764;86.84910316
4.210182630480863;1.2290749656694977;0.0122361578464362;0.024327966414754917;30.0;53.73253013;86.84898709000001
7.624662812015778;1.2371342590086891;-0.0152951973080452;0.02342361615518096;30.0;53.732665999999995;86.84884647999999
7.165927453321502;1.2640718632460095;-0.0341592739879677;0.020420840485846647;30.0;53.73279148;86.84868268
7.7854119878297565;1.2637856961759508;-0.0428265524625267;0.018582637017149125;30.0;53.73288501;86.84850229
5.828999139939088;1.209489079793466;-0.0224329560517997;0.017188067112126445;30.0;53.73296087;86.84829911
5.525649853865043;1.0846645886607584;0.003059039461609;0.01674478959868547;30.0;53.73302026;86.8480769
6.773672322736818;0.745683562042466;-0.0091771183848271;0.013732697796759747;30.0;53.73306763000001;86.84784267
6.114969646013628;0.8200345249172449;-0.0132558376669725;0.013676639713759814;30.0;53.733107139999994;86.84759801999999
7.007458129270156;0.8187470387542602;-0.023452635872336;0.013735326476843997;30.0;53.733142699999995;86.84734174
6.8259201172852695;0.6271916800481259;-0.0295707147955541;0.011925483788895994;30.0;53.7331728;86.84707488000001
6.301780111191653;1.032993520489537;-0.0076475986540226;0.011962239427603005;30.0;53.73319215;86.84681775
5.09884396747684;1.0574417253544086;-0.0224329560517997;0.00929112422666743;30.0;53.73320648;86.84655304
5.572358308055479;1.0949725346068464;-0.0346691138982359;0.009649766977147109;30.0;53.73321716;86.84628212
5.993880049018955;1.079687238559992;-0.0305903946160905;0.010376630465761294;30.0;53.733228329999996;86.84600401
3.5213936109409345;0.9466061706102588;-0.023452635872336;0.010376630465761294;30.0;53.733240779999996;86.84572462
5.099519369614725;0.810699730695278;-0.0152951973080452;0.010581686089345886;30.0;53.733253669999996;86.84544567
4.346039741033677;0.7412689346947938;-0.037728153359845;0.008290191342583313;30.0;53.73326489;86.84516248999999
5.42893480256055;0.9610934028819195;-0.0418068726419904;0.008852898594119996;30.0;53.73327391;86.84488479
5.544900674060578;1.0547599347776713;-0.023452635872336;0.008941842059098405;30.0;53.733279870000004;86.84460659
4.746588688424393;1.1927774820747852;-0.0336494340776996;0.011100000538940405;30.0;53.73328342999999;86.84433367
4.320371513592633;1.0155169861587574;-0.023452635872336;0.011666932540544728;30.0;53.73328597;86.84407509
6.892659316031393;1.0495339642958699;-0.0173345569491179;0.010107039542628647;30.0;53.73328784;86.84381584
6.552603859005194;1.0205523884523855;-0.0356887937187723;0.010287177495547762;30.0;53.733288370000004;86.84355525
7.109507051958392;1.234498633129533;-0.0489446313857448;0.011571481672972936;30.0;53.73328657;86.84327441
5.0681982202306575;1.511881747473152;-0.0443560721933312;0.01178515903171067;30.0;53.73328547999999;86.84298404
4.601955575329148;1.612118527245672;-0.0305903946160905;0.015920743883216903;30.0;53.73328653;86.84269069
4.617982745875818;1.663556250683329;-0.040787192821454;0.019369816566433284;30.0;53.73328864;86.84240095999999
3.2974851210983847;1.4863867762017329;-0.0520036708473539;0.02315275788374876;30.0;53.73328872;86.8421092
2.4689726049453777;1.4960278012484594;-0.0509839910268175;0.02673385379252504;30.0;53.733286410000005;86.84181760999999
3.205654701223635;1.0597580911204432;-0.0040787192821454;0.02852654406254658;30.0;53.73328464;86.84153168
3.459365265533992;0.9222959335257473;0.0010196798205363;0.02854906231197884;30.0;53.73328434;86.8412549
4.03173113261246;0.8673197894831236;-0.0774956663607627;0.02839609462786899;30.0;53.73328637000001;86.84100605
1.8004130523521946;0.9754321816424566;-0.0810645457326399;0.028292976191689762;30.0;53.73329086;86.84078525999999
2.592923850455594;0.9709763549599493;-0.0744366268991536;0.02849640758975422;30.0;53.733296589999995;86.84061179
3.847566288912125;0.9548375463191534;-0.0418068726419904;0.028595712170022373;30.0;53.73330106000001;86.8404729
4.164832766082137;1.174252866855276;-0.0601611094116447;0.023452635872336137;30.0;53.73330244;86.84035908
1.2123530398777036;1.3646412971928887;-0.0520036708473539;0.01453416386473978;30.0;53.73330061;86.84025229
3.104965519311955;1.6843345696654952;-0.0601611094116447;0.014262968291358641;30.0;53.73329529;86.84015225
2.8953108197957174;2.1882187363514887;-0.0576119098603038;0.01576249329937203;30.0;53.733285650000006;86.84007093
5.182183110608577;2.4302320086116014;-0.0520036708473539;0.023364356085459805;30.0;53.733264559999995;86.84001656000001
0.990176702616614;2.6423108404032254;-0.0856531049250535;0.02287717825692889;60.0;53.73323062000001;86.83997494
-0.4671027287706012;2.840127106931951;-0.0509839910268175;0.025364841551809052;60.0;53.73318089000001;86.83993801
-1.8779247280176072;3.1984862464796966;-0.0897318242071989;0.026503449076231818;60.0;53.7331044;86.83989224000001
5.493885431190269;3.2170596871100186;-0.1172631793616804;0.030051688332993202;60.0;53.733025610000006;86.83984417
5.926588087639372;3.221510876016778;-0.092790863668808;0.03133089661442494;60.0;53.7329469;86.83979618000001
6.187687206058282;3.0844723850912827;-0.1101254206179259;0.03428308528876579;60.0;53.73286838;86.83975606
-1.9526870951351127;3.074174306266316;-0.0428265524625267;0.03832829824623506;60.0;53.73279166;86.8397331
3.741104736051098;3.5443466941537873;-0.0295707147955541;0.03844491933727005;60.0;53.732713409999995;86.83972653
1.959354803661471;3.3005801704876574;-0.0418068726419904;0.03778246656811774;60.0;53.73263969999999;86.83973218
2.5673529206998293;3.1664975508887423;-0.0244723156928724;0.03173318307248999;60.0;53.73257678;86.83972814
3.5580039725014023;2.844382000559357;-0.0091771183848271;0.0283541588643516;60.0;53.73252514000001;86.83972258000001
-3.642652600394407;2.3259474479209548;-0.0764759865402263;0.017333307296451005;60.0;53.73249004;86.83971564
0.6980887259920675;2.1420757948798506;-0.0418068726419904;0.018359271535013075;60.0;53.732483294999994;86.839719135
0.4606512829444797;2.113387508677816;-0.0458855919241358;0.018027485517682667;60.0;53.732478825;86.83973258500001
1.1121511323912605;2.5082129807453812;-0.0382379932701131;0.02432529509605983;60.0;53.732476795000004;86.83975871499999
0.1168123228357878;2.5993360727660124;-0.0448659121035994;0.02591471678846996;60.0;53.732476335;86.839783855
2.425191113785496;2.226821091906235;-0.0586315896808402;0.0203587984731368;60.0;53.73247621;86.83980933000001
-1.4492385877275182;2.0316826308314186;-0.0489446313857448;0.01991416386585403;60.0;53.73248149;86.83981973
-3.818370970063208;2.01692445525439;-0.0948302233098807;0.020857721810476362;60.0;53.732486570000006;86.83981713
-3.45945402673246;2.2137446874601374;-0.0897318242071989;0.0212609287759943;60.0;53.73248966999999;86.83981255
-2.006340582389241;2.1619282143085305;-0.0576119098603038;0.020976124475241758;60.0;53.73249253;86.83980517
0.1162205523520092;2.1483845255046896;-0.0448659121035994;0.024684127403361403;60.0;53.73249436;86.83979932
0.4693748145141667;2.1598579572300767;-0.0326297542571632;0.03438369493920106;60.0;53.732489595000004;86.839789435
2.396869465797621;2.340057272632796;-0.0397675130009177;0.03470325303130999;60.0;53.732477395000004;86.83977211499999
-1.3481191574121496;2.493126345064426;-0.0418068726419904;0.0358617203386055;60.0;53.732453684999996;86.839738165
-0.3503953564664827;2.3762925274376014;-0.0137656775772407;0.033553164936504;60.0;53.732420315;86.839697115
-4.595476619467701;2.3767678410968127;0.0244723156928724;0.03193373729973449;60.0;53.732379890000004;86.83965413
-4.247553666119594;3.05019114865884;-0.0275313551544814;0.032940945592224484;60.0;53.732334609999995;86.83961909
2.1611877294428803;3.05019114865884;0.0295707147955541;0.032940945592224484;60.0;53.732334609999995;86.83961909
-1.946695736820028;3.05019114865884;-0.0764759865402263;0.032940945592224484;60.0;53.732334609999995;86.83961909
-2.0157932665011336;3.05019114865884;-0.020393596410727;0.032940945592224484;60.0;53.732334609999995;86.83961909
5.104428427321384;3.05019114865884;0.0122361578464362;0.032940945592224484;60.0;53.732334609999995;86.83961909
