acc_X;acc_Z;acc;acc_X_std_ws4;acc_X_max_ws4;acc_Z_std_ws4;acc_Z_max_ws4;acc_std_ws4;acc_var_ws4;acc_max_ws4;acc_range_ws4;fb_tilt_max_ws4;fb_tilt_var_ws4;fb_tilt_range_ws4;tilt_max_ws4;tilt_var_ws4;tilt_range_ws4;acc_X_std_ws6;acc_X_max_ws6;acc_Z_std_ws6;acc_Z_max_ws6;acc_std_ws6;acc_var_ws6;acc_max_ws6;acc_range_ws6;fb_tilt_max_ws6;fb_tilt_var_ws6;fb_tilt_range_ws6;tilt_max_ws6;tilt_var_ws6;tilt_range_ws6;acc_X_std_ws10;acc_X_max_ws10;acc_Z_std_ws10;acc_Z_max_ws10;acc_std_ws10;acc_var_ws10;acc_max_ws10;acc_range_ws10;fb_tilt_max_ws10;fb_tilt_var_ws10;fb_tilt_range_ws10;tilt_max_ws10;tilt_var_ws10;tilt_range_ws10;class
-2.8622600445853394;-0.0367084735393086;4.419376020648526;4.7455634180469595;4.703639026655487;0.034789803364831694;-0.0367084735393086;1.6344093156696422;2.671293811147708;7.617525300475978;3.5857300896908866;0.013969613541347958;0.00030707192855280405;0.03976751300091774;0.0851432650147853;0.0069710483193379654;0.2013867645559293;5.0802163060440915;6.035593474892398;0.03151893937789832;-0.0367084735393086;1.4173220828602027;2.008801886563183;7.617525300475978;3.5857300896908866;0.0211073722851024;0.00037996685335288063;0.04690527174467218;0.0851432650147853;0.007960345867936664;0.2258590802488018;4.010323632956749;6.035593474892398;0.039998846361032535;-0.0254919955134087;1.4396359493107624;2.0725516665479002;7.617525300475978;4.345005057259391;0.0211073722851024;0.000312758766657774;0.048944631385744786;0.0851432650147853;0.0050158576368605455;0.2258590802488018;0.0
-6.721852783339429;-0.1014581421433669;7.617525300475978;4.7455634180469595;4.703639026655487;0.034789803364831694;-0.0367084735393086;1.6344093156696422;2.671293811147708;7.617525300475978;3.5857300896908866;0.013969613541347958;0.00030707192855280405;0.03976751300091774;0.0851432650147853;0.0069710483193379654;0.2013867645559293;5.0802163060440915;6.035593474892398;0.03151893937789832;-0.0367084735393086;1.4173220828602027;2.008801886563183;7.617525300475978;3.5857300896908866;0.0211073722851024;0.00037996685335288063;0.04690527174467218;0.0851432650147853;0.007960345867936664;0.2258590802488018;4.010323632956749;6.035593474892398;0.039998846361032535;-0.0254919955134087;1.4396359493107624;2.0725516665479002;7.617525300475978;4.345005057259391;0.0211073722851024;0.000312758766657774;0.048944631385744786;0.0851432650147853;0.0050158576368605455;0.2258590802488018;30.0
-1.658104177309402;-0.116243499541144;4.031795210785091;4.7455634180469595;4.703639026655487;0.034789803364831694;-0.0367084735393086;1.6344093156696422;2.671293811147708;7.617525300475978;3.5857300896908866;0.013969613541347958;0.00030707192855280405;0.03976751300091774;0.0851432650147853;0.0069710483193379654;0.2013867645559293;5.0802163060440915;6.035593474892398;0.03151893937789832;-0.0367084735393086;1.4173220828602027;2.008801886563183;7.617525300475978;3.5857300896908866;0.0211073722851024;0.00037996685335288063;0.04690527174467218;0.0851432650147853;0.007960345867936664;0.2258590802488018;4.010323632956749;6.035593474892398;0.039998846361032535;-0.0254919955134087;1.4396359493107624;2.0725516665479002;7.617525300475978;4.345005057259391;0.0211073722851024;0.000312758766657774;0.048944631385744786;0.0851432650147853;0.0050158576368605455;0.2258590802488018;30.0
4.703639026655487;-0.0764759865402263;5.954676948348024;5.918718265566963;6.035593474892398;0.016871002455158858;-0.0764759865402263;1.5689998612322955;2.4617605645469625;7.617525300475978;3.5857300896908866;0.013969613541347958;0.0003762800840075305;0.03976751300091774;0.0851432650147853;0.010895053257345704;0.2258590802488018;5.0802163060440915;6.035593474892398;0.03151893937789832;-0.0367084735393086;1.4173220828602027;2.008801886563183;7.617525300475978;3.5857300896908866;0.0211073722851024;0.00037996685335288063;0.04690527174467218;0.0851432650147853;0.007960345867936664;0.2258590802488018;4.010323632956749;6.035593474892398;0.039998846361032535;-0.0254919955134087;1.4396359493107624;2.0725516665479002;7.617525300475978;4.345005057259391;0.0211073722851024;0.000312758766657774;0.048944631385744786;0.0851432650147853;0.0050158576368605455;0.2258590802488018;30.0
6.035593474892398;-0.090241664117467;6.990663837678785;3.396618501404003;6.035593474892398;0.029720868201703145;-0.0448659121035994;1.2439007497869108;1.5472890753204387;6.990663837678785;2.9588686268936932;0.0211073722851024;0.00030055184880573683;0.03976751300091752;-0.0061180789232181;0.0034935497063343928;0.13459773631079838;4.869368991883577;6.035593474892398;0.02690373887071003;-0.0448659121035994;1.391803062952178;1.9371157660430647;7.617525300475978;3.5857300896908866;0.0211073722851024;0.00034440750812769175;0.04690527174467218;0.0851432650147853;0.00735022236565184;0.2258590802488018;4.010323632956749;6.035593474892398;0.039998846361032535;-0.0254919955134087;1.4396359493107624;2.0725516665479002;7.617525300475978;4.345005057259391;0.0211073722851024;0.000312758766657774;0.048944631385744786;0.0851432650147853;0.0050158576368605455;0.2258590802488018;0.0
4.058609520117888;-0.0448659121035994;5.237431967971644;1.1149791812990282;6.035593474892398;0.020063782184482733;-0.0448659121035994;1.0378800942991866;1.0771950901424885;6.990663837678785;2.425396205521082;0.0211073722851024;5.846410377850057e-05;0.017334556949118007;-0.0948302233098807;0.00039536377256953913;0.0458855919241358;2.6539060791805262;6.035593474892398;0.04110924485086111;-0.0448659121035994;1.2580853119111062;1.5827786520464655;6.990663837678785;3.3634600689158436;0.0211073722851024;0.0002703775262553672;0.03976751300091752;-0.0061180789232181;0.0021209451173496;0.13459773631079838;4.010323632956749;6.035593474892398;0.039998846361032535;-0.0254919955134087;1.4396359493107624;2.0725516665479002;7.617525300475978;4.345005057259391;0.0211073722851024;0.000312758766657774;0.048944631385744786;0.0851432650147853;0.0050158576368605455;0.2258590802488018;0.0
3.4285490117802357;-0.0576119098603038;4.565267632157703;1.506045329225926;6.035593474892398;0.0501762948107617;-0.0448659121035994;1.419913023673705;2.0161529947982038;6.990663837678785;3.3634600689158436;0.0211073722851024;0.00025722905978869574;0.03874783318038133;-0.0805547058223717;0.0006591995576833353;0.06016110941164479;1.2174461361720896;6.035593474892398;0.03936104993152376;-0.0448659121035994;1.2226439614271218;1.4948582564142052;6.990663837678785;3.3634600689158436;0.0211073722851024;0.0002788341346714946;0.04078719282145393;-0.0805547058223717;0.00042231054733814254;0.06016110941164479;3.781920616241367;6.035593474892398;0.04324816356901375;-0.0132558376669725;1.4272701233462752;2.037100004996892;7.617525300475978;4.345005057259391;0.0211073722851024;0.00031714880927816776;0.048944631385744786;0.0851432650147853;0.004461464570367243;0.2258590802488018;0.0
2.4732749283022173;-0.1570306923625981;3.627203768762941;0.6709442212602157;4.058609520117888;0.05050311098531372;-0.0448659121035994;0.6686984479080619;0.4471576142346509;5.237431967971644;1.610228199208703;0.0211073722851024;0.0003731825045928115;0.04078719282145393;-0.0805547058223717;0.00010839361812064247;0.02345263587233609;1.2679814441190156;6.035593474892398;0.04609358838122983;-0.0254919955134087;1.335768774204581;1.784278218140009;6.990663837678785;3.7181435944621977;0.0211073722851024;0.0003612514084975177;0.048944631385744786;-0.0805547058223717;0.0004555824493032323;0.06016110941164479;2.0493010662941913;6.035593474892398;0.05100879720108296;0.0173345569491179;1.1313848778110134;1.2800317417394416;6.990663837678785;3.7181435944621977;0.04048128887529323;0.0004643307644987379;0.06831854797593562;-0.0061180789232181;0.0012574468394056229;0.13459773631079838;30.0
3.638951112653401;-0.0744366268991536;4.2660110763166905;0.548623272107492;3.638951112653401;0.05606442698314211;-0.0254919955134087;0.5888982173352061;0.34680111038058364;4.565267632157703;1.2927473889411156;0.003772815335984392;0.00018186906829354733;0.03161007443662678;-0.0805547058223717;8.343969164682553e-05;0.02039359641072709;0.8085202756050501;4.654805520884982;0.05139471217978129;-0.0132558376669725;0.7386908382578877;0.5456641545261409;5.237431967971644;1.9649117247550572;0.0211073722851024;0.00034505734996294693;0.048944631385744786;-0.0805547058223717;0.0001677804973052079;0.0356887937187723;1.2375978261388478;6.169810918450263;0.049033183172557615;0.0173345569491179;1.1974577496686571;1.4339050622415246;6.990663837678785;3.7181435944621977;0.04048128887529323;0.00042851725891131573;0.06831854797593562;-0.0805547058223717;0.00043541135873689335;0.06118078923218109;0.0
2.7621839997885536;-0.0254919955134087;3.272520243216587;0.9825155688235211;4.654805520884982;0.06524556608990942;-0.0132558376669725;0.6856060777240756;0.47005569381219114;4.81930295203817;1.5467827088215826;0.003772815335984392;0.00018186906829354733;0.03161007443662678;-0.0805547058223717;0.00025993673410226064;0.0356887937187723;0.7874195231784479;4.654805520884982;0.06095412790689956;0.0173345569491179;0.5814663732745807;0.3381031432490941;4.81930295203817;1.5467827088215826;0.04048128887529323;0.0006183375030824603;0.06831854797593562;-0.0805547058223717;0.00015790290140932207;0.0356887937187723;1.5106568958422772;6.9231967436448265;0.05259446176028267;0.0173345569491179;1.3274935556856593;1.7622391403869548;6.990663837678785;3.7181435944621977;0.04048128887529323;0.0004263222376011187;0.06831854797593562;-0.0805547058223717;0.0006566695068047386;0.0744366268991537;0.0
4.654805520884982;-0.0132558376669725;4.81930295203817;0.7797356068307498;4.654805520884982;0.03816654893894743;0.0173345569491179;0.6455073357634004;0.4166797205243633;4.81930295203817;1.5467827088215826;0.04048128887529323;0.000937505154328824;0.06831854797593562;-0.0856531049250535;0.00015700178739776473;0.030590394616090505;1.3501647137318058;6.169810918450263;0.0621207380530122;0.0173345569491179;1.0383808435768693;1.0782347763074107;6.172234347469202;2.8997141042526153;0.04048128887529323;0.0006567041650359537;0.06831854797593562;-0.0805547058223717;0.0004990785294763433;0.06118078923218109;1.4167190612442773;6.9231967436448265;0.052451187507522805;0.0173345569491179;1.129281964301786;1.2752777548973;6.9334295813296425;3.6609093381130555;0.04048128887529323;0.0004360467596424778;0.06831854797593562;-0.0805547058223717;0.0005674823251483179;0.0744366268991537;0.0
3.8844132715421766;0.0173345569491179;3.9500644829589593;1.4307668093915649;6.169810918450263;0.019191934561760594;0.0173345569491179;1.2511322410496373;1.5653318845938877;6.172234347469202;2.8997141042526153;0.04048128887529323;0.0007933269124801032;0.06831854797593562;-0.0856531049250535;0.0005867638544468364;0.056082390129499296;1.5903772936202967;6.9231967436448265;0.03313828685982449;0.0173345569491179;1.3937652064501893;1.942581450711139;6.9334295813296425;3.6609093381130555;0.04048128887529323;0.0006130347937067732;0.06831854797593562;-0.0856531049250535;0.0007242530576713292;0.0693382277964719;1.4481479548483236;6.9231967436448265;0.057358664169821695;0.0397675130009177;1.1479077026805253;1.3176920938732812;6.9334295813296425;3.6609093381130555;0.04048128887529323;0.000403005912552146;0.06831854797593562;-0.0805547058223717;0.0005957634418186442;0.0744366268991537;0.0
6.169810918450263;-0.020393596410727;6.172234347469202;1.3862173322996203;6.9231967436448265;0.018845695114845712;0.0173345569491179;1.3377049588292098;1.789454556876258;6.9334295813296425;2.983365098370683;0.04048128887529323;0.0002526585055474009;0.03670847353930884;-0.0989089425920261;0.0006338990488973806;0.05608239012949931;1.508004873642952;6.9231967436448265;0.01851966133842969;0.0173345569491179;1.3586447654801221;1.845915598766536;6.9334295813296425;3.6609093381130555;0.04048128887529323;0.00048608169277122973;0.06831854797593562;-0.0856531049250535;0.0006669630014751911;0.0693382277964719;1.42321065630326;6.9231967436448265;0.05652262649609091;0.0397675130009177;1.1563924687809028;1.3372435418531916;6.9334295813296425;3.6609093381130555;0.04048128887529323;0.0004157716943825015;0.06831854797593562;-0.0805547058223717;0.0005708095153448273;0.0744366268991537;0.0
6.9231967436448265;0.0132558376669725;6.9334295813296425;1.3389095938350173;6.9231967436448265;0.017072660147342777;0.0173345569491179;1.300944473466543;1.692456523043141;6.9334295813296425;2.983365098370683;0.04048128887529323;0.0001850749546808124;0.027531355154481685;-0.0989089425920261;0.0006061724639264727;0.05608239012949931;1.0888231854134185;6.9231967436448265;0.021818924445317786;0.0397675130009177;1.049838041537629;1.102159913459564;6.9334295813296425;2.983365098370683;0.04048128887529323;0.00020853857721244226;0.041806872641990456;-0.0989089425920261;0.00039039031639038536;0.05608239012949931;1.8283425656420482;6.9231967436448265;0.031032088344398957;0.0397675130009177;1.3501776335435924;1.8229796421213753;6.9334295813296425;4.562872551785089;0.04048128887529323;0.0003909910590647527;0.06831854797593562;-0.0418068726419904;0.0010010336921434141;0.113184460079535;0.0
4.956993600442967;0.0081574385642908;5.08369505706671;0.8844953962624348;6.9231967436448265;0.024655737171846093;0.0397675130009177;0.7995538572592309;0.6392863706581146;6.9334295813296425;1.8497345242629324;0.013969613541347958;5.363361280309883e-05;0.015295197308045183;-0.1203222188232894;0.0002317769212411828;0.034669113898236;1.232782902038991;6.9231967436448265;0.021095300158638877;0.0397675130009177;1.1230693526332385;1.2612847708240416;6.9334295813296425;2.983365098370683;0.04048128887529323;0.0002909905092696791;0.04996431120628131;-0.0989089425920261;0.00047554559048228597;0.05608239012949931;2.2344081606719963;6.9231967436448265;0.020653935763460564;0.0397675130009177;1.5180695627558614;2.304535197365772;6.9334295813296425;4.562872551785089;0.04048128887529323;0.00033827588938881446;0.06831854797593562;-0.0387478331803813;0.0015020877407989337;0.1162434995411441;0.0
5.305949733070879;0.0397675130009177;5.560803446864863;1.2805406123337528;6.9231967436448265;0.020263597763071014;0.0397675130009177;1.096660366908;1.202663960346789;6.9334295813296425;2.6075583192198764;0.013969613541347958;0.00012988172147309536;0.023452635872336036;-0.1029876618741715;0.0004688392227424447;0.05200367084735391;2.300304028936875;6.9231967436448265;0.023126733969344018;0.0397675130009177;1.5980593245693944;2.5537936048431886;6.9334295813296425;4.562872551785089;0.016008973182420783;0.00010799504846168589;0.02549199551340886;-0.0418068726419904;0.0016051266621970733;0.113184460079535;2.5534230368911817;6.9231967436448265;0.018717290237936664;0.0397675130009177;1.5727403794439605;2.4735123011335327;6.9334295813296425;4.562872551785089;0.04048128887529323;0.0003538027769725238;0.07035790761700844;-0.0346691138982359;0.0019584211184451262;0.1203222188232895;0.0
3.824934046156315;-0.0091771183848271;4.325871262109766;2.2235407448299167;5.305949733070879;0.025908363379998935;0.0397675130009177;1.4050216703087635;1.9740858940372277;5.560803446864863;3.1902464173203096;0.016008973182420783;0.0001504167234671752;0.02549199551340886;-0.0418068726419904;0.001536399389700431;0.0866727847455899;2.735199570470914;6.9231967436448265;0.020373192607308473;0.0397675130009177;1.790161438470856;3.2046779757880444;6.9334295813296425;4.562872551785089;0.016008973182420783;0.0001284087466465172;0.02549199551340886;-0.0387478331803813;0.0022737186005393046;0.1162434995411441;2.7433846675495532;6.9231967436448265;0.017883684118196196;0.0397675130009177;1.6264222972439806;2.645249488972387;6.9334295813296425;4.562872551785089;0.04659936779851115;0.0005226576794453521;0.07647598654022636;-0.0346691138982359;0.0022787671495527527;0.1203222188232895;0.0
0.432394404484004;-0.0193739165901906;2.3705570295445537;2.527070155612794;5.305949733070879;0.02581455288514913;0.0397675130009177;1.5394276273777618;2.369837419933925;5.560803446864863;3.1902464173203096;0.016008973182420783;0.00012962178473899512;0.02549199551340886;-0.0387478331803813;0.002007751334205867;0.089731824207199;2.522044932363326;5.305949733070879;0.020071553991340318;0.0397675130009177;1.4072728015576026;1.9804167380037836;5.560803446864863;3.1902464173203096;0.016008973182420783;0.00028561848343156655;0.04588559192413599;-0.0346691138982359;0.0019383655553161737;0.0938105434893444;2.833428332994415;6.9231967436448265;0.037164496906668565;0.1070663811563169;1.6826952481357178;2.831463298098525;6.9334295813296425;4.562872551785089;0.04659936779851115;0.00042422830279862804;0.07647598654022636;-0.0346691138982359;0.002444329520060287;0.1203222188232895;0.0
0.204809481294971;0.0040787192821454;2.479844604087547;1.8299224457709649;3.824934046156315;0.011667056316464256;0.0050983991026817;0.9101716707926999;0.8284124703135748;4.325871262109766;1.9553142325652124;0.016008973182420783;0.0003528207937548054;0.04588559192413599;-0.0346691138982359;0.0010511841527095433;0.06831854797593559;2.3195239247458606;5.305949733070879;0.02001968495642405;0.0397675130009177;1.2640901158694462;1.5979238210388298;5.560803446864863;3.1902464173203096;0.04659936779851115;0.000682663180214966;0.07647598654022636;-0.0346691138982359;0.0016938517341039804;0.0938105434893444;2.585870683330075;6.9231967436448265;0.039439924287996364;0.1070663811563169;1.535116474435374;2.3565825900828923;6.9334295813296425;4.562872551785089;0.04659936779851115;0.00042746307104523393;0.07647598654022636;-0.0346691138982359;0.002044154029723921;0.1203222188232895;0.0
-0.07198287166377204;0.0050983991026817;2.7512946884037666;0.2074445252085686;0.432394404484004;0.012264449578646933;0.0061180789232181;0.29441228995014324;0.08667859647368721;3.028094992876392;0.6575379633318383;0.04659936779851115;0.0010628813057441476;0.07647598654022636;-0.0346691138982359;1.0397469364086601e-05;0.007137758743754503;1.4697905512946894;3.824934046156315;0.04590447099999081;0.1070663811563169;0.7064246824711642;0.4990358320044851;4.325871262109766;1.9553142325652124;0.04659936779851115;0.0007256047286886592;0.07647598654022636;-0.0346691138982359;0.0006901493581571137;0.06831854797593559;2.1026296720320525;5.305949733070879;0.04067387928398162;0.1070663811563169;1.121941964816696;1.2587537724167481;5.560803446864863;3.1902464173203096;0.04659936779851115;0.00042424274372830054;0.07647598654022636;-0.0346691138982359;0.0013641017695937153;0.0938105434893444;0.0
0.14371676844891068;0.0061180789232181;3.028094992876392;0.33761819088539563;0.7242858024447325;0.0509907884391572;0.1070663811563169;0.23431629696810205;0.05490412702484379;3.028094992876392;0.548250388788845;0.04659936779851115;0.0010926873845878721;0.07647598654022636;-0.0346691138982359;3.07591802020969e-05;0.012236157846436203;0.8201046763586027;2.1822226947883694;0.04923867634377876;0.1070663811563169;0.38696661450963865;0.14974316074505128;3.434867969246304;1.0643109397017505;0.04659936779851115;0.0006856784463305518;0.07647598654022636;-0.0346691138982359;0.0002107220457789023;0.03874783318038141;2.0766018588555917;5.305949733070879;0.04019660108988891;0.1070663811563169;1.1776525044856325;1.386865421321283;5.560803446864863;3.1902464173203096;0.04659936779851115;0.00042424274372830054;0.07647598654022636;-0.0346691138982359;0.0013319042727962488;0.0938105434893444;30.0
0.7242858024447325;0.1070663811563169;2.8917304943645816;1.015716482298236;2.1822226947883694;0.05075916575773892;0.1070663811563169;0.29476981157817284;0.08688924181783152;3.434867969246304;0.6835732808425377;0.04659936779851115;0.0010515307350216804;0.07647598654022636;-0.0346691138982359;0.0003253541455179943;0.03874783318038141;1.375063218973701;3.347895535014244;0.04367119356307884;0.1070663811563169;0.6275795665820115;0.3938561123912654;4.245119740803024;1.765275136715477;0.04659936779851115;0.0006718584766341147;0.07647598654022636;-0.0346691138982359;0.0005746334735220675;0.058121749770572;1.917699780954139;4.780435553712858;0.04006259021530802;0.1070663811563169;1.0812086374182688;1.1690121176278694;5.4382365173660325;3.067679487821479;0.04659936779851115;0.0004178656291849919;0.07647598654022636;-0.0346691138982359;0.0011231577461965259;0.0825940654634445;30.0
2.1822226947883694;0.0734169470786173;3.434867969246304;1.4470380542218646;3.347895535014244;0.04204556728871046;0.1070663811563169;0.6088498357649477;0.37069812251100376;4.245119740803024;1.3533892464384425;0.04659936779851115;0.00041665692337141346;0.047924951565208374;-0.0356887937187723;0.0006661312039260584;0.0571020699500356;1.9398021221378252;4.780435553712858;0.04114969261616128;0.1070663811563169;1.0359158344082426;1.0731216159777255;5.4382365173660325;2.686941828962266;0.04659936779851115;0.0006351207515476618;0.07647598654022636;-0.0346691138982359;0.001132388388443094;0.0825940654634445;1.8949743789908824;4.780435553712858;0.03825064276078599;0.1070663811563169;1.078883177215052;1.1639889100776455;5.4382365173660325;3.067679487821479;0.04659936779851115;0.0003888913478903931;0.07647598654022636;-0.0346691138982359;0.0010876330592025497;0.0825940654634445;30.0
3.347895535014244;0.0571020699500356;4.245119740803024;1.7229561067995987;4.780435553712858;0.035601285306609755;0.1070663811563169;1.1069806837219076;1.2254062341334222;5.4382365173660325;2.546506023001451;0.020087692464565987;8.11652452234297e-05;0.021413276231263212;-0.0469052717446721;0.0008879438836933241;0.0703579076170083;1.8877293001113615;4.780435553712858;0.0385739184224752;0.1070663811563169;1.0533355183431057;1.1095157142031393;5.4382365173660325;2.546506023001451;0.04659936779851115;0.00027453651400100303;0.047924951565208374;-0.0356887937187723;0.0010994977270213542;0.0815743856429081;1.835465805877751;4.780435553712858;0.03599696836281969;0.1070663811563169;0.9903303010901942;0.9807541052573947;5.4382365173660325;2.9583919132784855;0.04659936779851115;0.0003877129680291292;0.07647598654022636;-0.0346691138982359;0.0010195180821240195;0.0825940654634445;0.0
4.780435553712858;0.0214132762312633;5.4382365173660325;1.1409271938270393;4.780435553712858;0.026464243938747342;0.0734169470786173;0.8741065101499257;0.7640621910864822;5.4382365173660325;2.0033685481197283;0.013969613541347958;4.286789973236408e-05;0.015295197308045183;-0.0734169470786173;0.0003752619984656303;0.0438462322830631;1.4812883472664975;4.780435553712858;0.03318858102960013;0.1070663811563169;0.9404356649650739;0.8844192399383008;5.4382365173660325;2.546506023001451;0.020087692464565987;5.993274632617719e-05;0.021413276231263212;-0.0469052717446721;0.0006618682414867872;0.0703579076170083;1.6947118496165243;4.780435553712858;0.03821528921228526;0.1070663811563169;0.9076758226099196;0.8238753989505944;5.4382365173660325;2.686941828962266;0.04659936779851115;0.0005083467181400549;0.07647598654022636;-0.0346691138982359;0.0008739535110267532;0.0825940654634445;0.0
4.267850557503281;0.020393596410727;4.962671199445385;0.6494437662552507;4.780435553712858;0.01783893345255516;0.0571020699500356;0.5716823700042332;0.3268207321736569;5.4382365173660325;1.1931167765630084;0.013969613541347958;2.3112707940592136e-05;0.011216478025899757;-0.0927908636688079;0.00012156374598182395;0.024472315692872504;0.9275812923185269;4.780435553712858;0.027573651965079087;0.0734169470786173;0.7572235473390547;0.5733875006447416;5.4382365173660325;2.0033685481197283;0.013969613541347958;3.955370637256068e-05;0.015295197308045183;-0.0734169470786173;0.00024690523916593636;0.0438462322830631;1.4465907494949295;4.780435553712858;0.03967476941280602;0.1070663811563169;0.8364028991471695;0.6995698097017902;5.4382365173660325;2.546506023001451;0.04659936779851115;0.0003692516835359996;0.07647598654022636;-0.0356887937187723;0.0006469536493211827;0.0815743856429081;0.0
3.600913645927254;0.0433363923727949;4.2944278656271235;0.7974972278292952;4.780435553712858;0.018529834439481023;0.0433363923727949;0.7710813300247473;0.5945664175127333;5.4382365173660325;1.7636446188980335;0.013969613541347958;4.254297881473609e-05;0.015295197308045183;-0.0866727847455898;0.00017771008054791247;0.030590394616090602;0.8336787076197983;4.780435553712858;0.027021354916721797;0.0571020699500356;0.7951215782039923;0.6322183241256074;5.4382365173660325;2.1549999597692855;0.013969613541347958;0.00025013711922660796;0.04384623228306317;-0.0815743856429081;0.00018368862543226652;0.0356887937187723;1.1363053648432095;4.780435553712858;0.03936343460367308;0.1070663811563169;0.7814581848068244;0.6106768946015769;5.4382365173660325;2.546506023001451;0.0211073722851024;0.00021502255463532502;0.05098399102681761;-0.0469052717446721;0.0003818066277931386;0.0703579076170083;0.0
2.947070034204647;-0.0020393596410727;3.674591898467999;0.7620426454242939;4.267850557503281;0.02578054630346244;0.0433363923727949;0.7351905447733126;0.5405051371240801;4.962671199445385;1.6794346418486379;0.006831854797593628;0.00027726584970908153;0.03670847353930884;-0.0815743856429081;0.00015041672346717422;0.027531355154481504;0.8787124904025241;4.780435553712858;0.02254488024598391;0.0433363923727949;0.8519020469779465;0.7257370976452153;5.4382365173660325;2.1549999597692855;0.013969613541347958;0.00025220794854162183;0.04384623228306317;-0.0815743856429081;0.00021030614700433826;0.0356887937187723;0.8767188831525528;4.780435553712858;0.028905370103092756;0.0734169470786173;0.726969352377641;0.5284844392963668;5.4382365173660325;2.1549999597692855;0.0211073722851024;0.00021178778638871962;0.05098399102681761;-0.0734169470786173;0.0002110108643723458;0.0438462322830631;0.0
2.5283269428665127;-0.0152951973080452;3.283236557596747;0.446504136359703;3.600913645927254;0.026818338536651484;0.0433363923727949;0.4253143573638629;0.1808923025798357;4.2944278656271235;1.0111913080303765;0.010910574079738833;0.0003146967394198053;0.040787192821454044;-0.0815743856429081;5.0601017571905186e-05;0.016314877128581595;0.6324879991345903;4.267850557503281;0.02185007550388833;0.0433363923727949;0.6031162680652946;0.36374923280500837;4.962671199445385;1.6794346418486379;0.0211073722851024;0.0002990312189112423;0.05098399102681761;-0.0815743856429081;0.00010622747866979268;0.027531355154481504;0.8092827623445193;4.780435553712858;0.02284888132273995;0.0571020699500356;0.6971527790032657;0.48602199727197615;5.4382365173660325;2.1549999597692855;0.0211073722851024;0.00022634424349844598;0.05098399102681761;-0.0815743856429081;0.00017541686091594312;0.0356887937187723;0.0
2.8904570184523957;-0.0101967982053635;3.576693071562624;0.44246299584192567;3.592019799868078;0.011566363840232102;0.0112164780258998;0.33506188721084706;0.1122664682612944;4.093281590203662;0.8100450326069151;0.0211073722851024;0.0004862549839272972;0.05098399102681761;-0.0815743856429081;3.7777472022860286e-05;0.014275517487508896;0.7518460671011031;4.637516257578353;0.023360276432792513;0.0433363923727949;0.5917060744905295;0.3501160785889921;4.927431424863013;1.6441948672662656;0.0211073722851024;0.0003489390718588767;0.05098399102681761;-0.0815743856429081;0.0001441782418487224;0.032629754257163204;0.8164986178406328;4.780435553712858;0.020242991591374968;0.0433363923727949;0.6970262174891374;0.48584554786721434;5.4382365173660325;2.1549999597692855;0.0211073722851024;0.00022806271412945532;0.05098399102681761;-0.0815743856429081;0.0001803267770045413;0.0356887937187723;0.0
3.592019799868078;0.0112164780258998;4.093281590203662;0.9286517743186595;4.637516257578353;0.021078864394430647;0.0305903946160905;0.7206958550199666;0.5194025154429607;4.927431424863013;1.6441948672662656;0.0211073722851024;0.0005694347388400222;0.05098399102681761;-0.0815743856429081;0.00021791362875572766;0.032629754257163204;0.9057418389977001;4.637516257578353;0.01727346845651387;0.0305903946160905;0.6787263053551335;0.4606693975810299;4.927431424863013;1.6441948672662656;0.0211073722851024;0.00039194993679499715;0.05098399102681761;-0.0815743856429081;0.000210202172310697;0.032629754257163204;0.7604088188553468;4.637516257578353;0.020060111117930313;0.0433363923727949;0.6551145275445972;0.42917504419998087;4.962671199445385;1.6830309966469272;0.0211073722851024;0.0002248279458828493;0.05098399102681761;-0.0815743856429081;0.00015509558468101498;0.032629754257163204;0.0
4.637516257578353;0.0305903946160905;4.927431424863013;0.8422797676450473;4.637516257578353;0.016827291790879332;0.0305903946160905;0.6350944328376418;0.40334493862136583;4.927431424863013;1.3507383533003887;0.0211073722851024;2.1748040086555893e-05;0.010196798205363566;-0.0846334251045171;0.00020448356416044523;0.029570714795554204;0.8991424885674952;4.637516257578353;0.019290552831393776;0.0305903946160905;0.6622392121497964;0.438560774108783;4.927431424863013;1.6441948672662656;0.0211073722851024;0.0003837359359973659;0.05098399102681761;-0.0815743856429081;0.00021418786890026463;0.032629754257163204;0.7301623994825196;4.637516257578353;0.019549699652997854;0.0433363923727949;0.5921787037878811;0.35067561721989504;4.927431424863013;1.647791222064555;0.0211073722851024;0.00022621427513139447;0.05098399102681761;-0.0815743856429081;0.00014168284920133823;0.032629754257163204;0.0
4.587938108129157;0.0152951973080452;4.811214044247605;0.4817160393535415;4.637516257578353;0.01954312431455764;0.0305903946160905;0.38033157200684614;0.1446521046651988;4.927431424863013;0.8341498346593506;0.0211073722851024;8.491266647340464e-05;0.01937391659019061;-0.095849903130417;7.234905765846228e-05;0.01835423676965431;0.7472552223941995;4.637516257578353;0.01744119535358946;0.0305903946160905;0.6632208657107648;0.4398619167141363;4.927431424863013;1.647791222064555;0.0211073722851024;9.125512278549978e-05;0.021413276231263212;-0.0846334251045171;0.00016084885106248047;0.029570714795554204;0.7305470653516841;4.637516257578353;0.014747706323195877;0.0305903946160905;0.5965122823594933;0.3558269030057318;4.927431424863013;1.647791222064555;0.0211073722851024;0.0002260438721612608;0.05098399102681761;-0.0815743856429081;0.0001417781593371757;0.032629754257163204;0.0
4.294389845265333;-0.0163148771285816;4.425494355608618;0.6784739935041341;4.637516257578353;0.02027428475171706;0.0305903946160905;0.7521160738259967;0.565678588507432;4.927431424863013;1.647791222064555;0.020087692464565987;0.00011948425210900462;0.0203935964107268;-0.0907515040277353;0.00012130380924772089;0.02345263587233601;0.5924612972998233;4.637516257578353;0.01580668177762465;0.0305903946160905;0.6294949081455846;0.39626383938121795;4.927431424863013;1.647791222064555;0.0211073722851024;0.00011343639076222538;0.021413276231263212;-0.0907515040277353;9.690441447332378e-05;0.02345263587233601;0.8327402416535172;4.637516257578353;0.016862355027178002;0.0305903946160905;0.7909215605956113;0.6255569150149971;4.927431424863013;2.621370395651006;0.0211073722851024;0.00022239320514009128;0.05098399102681761;-0.0734169470786173;0.00019073868729830372;0.040787192821454;0.0
3.183893916796934;-0.0010196798205363;3.2796402027984577;0.6244247669395909;4.587938108129157;0.013347033694348774;0.0152951973080452;0.6785394054702518;0.4604157247759228;4.811214044247605;1.5315738414491475;0.020087692464565987;9.453032563518672e-05;0.0203935964107268;-0.0907515040277353;0.00010432127595303999;0.022432956051799707;0.6027557380129334;4.637516257578353;0.01652306121236627;0.0305903946160905;0.6796888045439078;0.46197687102232654;4.927431424863013;1.647791222064555;0.020087692464565987;9.008540748203926e-05;0.0203935964107268;-0.0907515040277353;9.528414216408625e-05;0.02345263587233601;0.7578248685999105;4.637516257578353;0.01626887356951079;0.0305903946160905;0.7696984822370179;0.592435753557969;4.927431424863013;2.621370395651006;0.0211073722851024;7.650515721816332e-05;0.021413276231263212;-0.0734169470786173;0.00016520712363759266;0.040787192821454;0.0
3.7104868188422326;0.0061180789232181;3.78552904040607;0.46530282275255963;4.294389845265333;0.009404439046444705;0.0061180789232181;0.4828219208524397;0.23311700725563952;4.425494355608618;1.14585415281016;0.003262975425716408;2.3177692124115566e-06;0.0035688793718772205;-0.0907515040277353;6.643549695763513e-05;0.01937391659019061;0.8464594879118278;4.587938108129157;0.014534461937234058;0.0152951973080452;0.882981067179356;0.7796555649971945;4.811214044247605;2.5051530150355985;0.020087692464565987;5.847710061520433e-05;0.0203935964107268;-0.0734169470786173;0.0002075768112962634;0.0397675130009177;0.8326223040923807;5.0887427875906965;0.01575296237777393;0.0305903946160905;0.8550767805799907;0.7311563006870416;5.106857955308842;2.800796926096835;0.0211073722851024;7.643584075573606e-05;0.021413276231263212;-0.0734169470786173;0.0002025224859109391;0.0499643112062812;0.0
3.5218334813666106;-0.0056082390129499;3.599673826684906;0.667939588319022;3.7104868188422326;0.01307402248991276;0.0061180789232181;0.6584706567794483;0.4335836058395579;3.78552904040607;1.4794680111940632;0.003262975425716408;2.8376426806160657e-06;0.0035688793718772205;-0.0734169470786173;0.00013817803556985924;0.026511675333945092;0.703782772877219;4.294389845265333;0.012794510173500159;0.0081574385642908;0.7056071304136642;0.49788142249060563;4.425494355608618;2.119433326396611;0.01498929336188437;3.144368026857013e-05;0.015295197308045183;-0.0734169470786173;0.00015080662856832949;0.0367084735393086;0.8291142658291183;5.0887427875906965;0.01588805648462315;0.0305903946160905;0.8548680687208263;0.7307994149184754;5.106857955308842;2.800796926096835;0.020087692464565987;7.142194997349717e-05;0.0203935964107268;-0.0734169470786173;0.00019873318596491492;0.0499643112062812;0.0
2.2092357381211674;-0.0244723156928724;2.3060610292120067;0.7292880759536692;3.7338869188874764;0.014965198221995109;0.0081574385642908;0.7108069858915598;0.505246571192244;3.78552904040607;1.4794680111940632;0.01498929336188437;4.1828152795954695e-05;0.014275517487508771;-0.0734169470786173;0.00015827980967376761;0.026511675333945092;0.9333939157169691;5.0887427875906965;0.011942666620228037;0.0081574385642908;0.9055526188150854;0.8200255454428593;5.106857955308842;2.800796926096835;0.01498929336188437;3.2483427204979156e-05;0.015295197308045183;-0.0734169470786173;0.0002607425379779793;0.0499643112062812;0.8416128015246308;5.0887427875906965;0.013038905821906685;0.0152951973080452;0.8530921820815901;0.7277662711287289;5.106857955308842;2.800796926096835;0.020087692464565987;6.899587378854248e-05;0.022432956051799402;-0.0734169470786173;0.0002055261992827876;0.0499643112062812;0.0
3.7338869188874764;0.0081574385642908;3.76807765921059;1.1788002645976323;5.0887427875906965;0.014344392159880705;0.0081574385642908;1.1455597848147479;1.3123072205848116;5.106857955308842;2.800796926096835;0.01498929336188437;3.21238480561373e-05;0.012236157846436169;-0.0734169470786173;0.0004173500879956882;0.0499643112062812;0.9279597376371116;5.0887427875906965;0.01355988868487253;0.0132558376669725;0.9000326308846842;0.8100587366572063;5.106857955308842;2.800796926096835;0.019068012644029797;5.4872644568987004e-05;0.018354236769654197;-0.0734169470786173;0.0002562369679202067;0.0499643112062812;0.7942062307897025;5.0887427875906965;0.013095378117682056;0.0132558376669725;0.788564792887355;0.6218344325814772;5.106857955308842;2.800796926096835;0.019068012644029797;5.3789574843560525e-05;0.021923116141531307;-0.0734169470786173;0.000185987621436101;0.0499643112062812;0.0
5.0887427875906965;0.003059039461609;5.106857955308842;1.1910517243822885;5.0887427875906965;0.01683758686176648;0.0132558376669725;1.1566720856485884;1.3378903137186555;5.106857955308842;2.800796926096835;0.019068012644029797;5.294044817882659e-05;0.016314877128581595;-0.0734169470786173;0.0004235235854306169;0.0499643112062812;0.9888925278077507;5.0887427875906965;0.013860708501912119;0.0132558376669725;0.9676943795264622;0.9364324121671046;5.106857955308842;2.800796926096835;0.019068012644029797;6.547806332035902e-05;0.021413276231263212;-0.0734169470786173;0.00028680552785063267;0.0499643112062812;0.8718502511009525;5.0887427875906965;0.015853753270480796;0.0132558376669725;0.8661350705064068;0.7501899603611384;5.106857955308842;2.966400834651795;0.019068012644029797;5.5453169941814946e-05;0.021923116141531307;-0.0723972672580809;0.00022232100049172863;0.050983991026817596;0.0
4.051858691815604;0.0132558376669725;4.071301135162958;0.9110309575719063;5.0887427875906965;0.010543541938918434;0.0132558376669725;0.9108923514011641;0.8297248758411419;5.106857955308842;2.207366104500297;0.019068012644029797;8.803190728263074e-05;0.021413276231263212;-0.0856531049250535;0.0002446871123682615;0.037728153359845;0.9980060035345177;5.0887427875906965;0.01596187088687383;0.0132558376669725;0.9794879611204167;0.959396665979831;5.106857955308842;2.800796926096835;0.019068012644029797;8.232196369018486e-05;0.021923116141531307;-0.0734169470786173;0.00029054861682170527;0.0499643112062812;0.9274904354170044;5.0887427875906965;0.016243556083241212;0.0132558376669725;0.9265276646742486;0.8584535134067168;5.106857955308842;2.966400834651795;0.019068012644029797;8.290248906301403e-05;0.03161007443662689;-0.0723972672580809;0.00024860349249540174;0.050983991026817596;0.0
2.883909143231781;-0.0112164780258998;2.8994918508085448;0.9759775176414189;5.0887427875906965;0.01549988795101476;0.0132558376669725;0.9800814826532364;0.9605597126397661;5.106857955308842;2.207366104500297;0.019068012644029797;0.00010698562747758684;0.021923116141531307;-0.0856531049250535;0.000273691719615172;0.037728153359845;1.0174507110699298;5.0887427875906965;0.018692198731622058;0.0132558376669725;1.0235130065042342;1.0475788744833365;5.106857955308842;2.966400834651795;0.019068012644029797;8.856044530863912e-05;0.021923116141531307;-0.0723972672580809;0.0003000449721742416;0.050983991026817596;0.916622387920701;5.0887427875906965;0.018569265750976477;0.0132558376669725;0.9136542644058162;0.8347641148669331;5.106857955308842;2.966400834651795;0.019068012644029797;8.244037931349888e-05;0.03161007443662689;-0.0723972672580809;0.00024190290112743236;0.050983991026817596;0.0
3.2562060065458507;-0.0219231161415315;3.2578971403221675;0.7964623179487155;4.051858691815604;0.020331364720699855;0.0132558376669725;0.8018822615546591;0.6430151613960148;4.071301135162958;1.9308440145059116;0.019068012644029797;0.00011045145059895054;0.021923116141531307;-0.0723972672580809;0.00017404930487597124;0.03161007443662689;1.1087381689448141;5.0887427875906965;0.017595756419921265;0.0132558376669725;1.1138370265929225;1.2406329218093628;5.106857955308842;2.966400834651795;0.019068012644029797;0.00011663361259168455;0.03161007443662689;-0.0723972672580809;0.0003524482177692575;0.050983991026817596;0.9115078146038151;5.0887427875906965;0.018594678468071436;0.0132558376669725;0.9063333873302999;0.8214402089896153;5.106857955308842;2.966400834651795;0.019068012644029797;8.29746937113757e-05;0.03161007443662689;-0.0723972672580809;0.00023891362868525633;0.050983991026817596;0.0
2.137096113038278;-0.0346691138982359;2.1404571206570466;0.5032481936682697;3.2562060065458507;0.009649991450365906;-0.0112164780258998;0.5033189365960755;0.2533299519362043;3.2578971403221675;1.1174400196651209;-0.0003059039461608126;2.9871063027252013e-05;0.01223615784643628;-0.0723972672580809;7.717954863386161e-05;0.0198837565004589;0.6837885888558476;4.051858691815604;0.01972933335823414;0.0132558376669725;0.6874346614087141;0.4725664137061134;4.071301135162958;1.9308440145059116;0.019068012644029797;0.00011039513097323001;0.03161007443662689;-0.0723972672580809;0.00012599133501936744;0.03161007443662689;0.8420329829414469;5.0887427875906965;0.021379800250069983;0.0132558376669725;0.8469140872118173;0.7172634711178256;5.106857955308842;2.966400834651795;0.019068012644029797;0.00012895461378813186;0.03670847353930873;-0.0723972672580809;0.00020127478958724895;0.050983991026817596;0.0
2.3757590652633924;-0.020393596410727;2.384892104605078;0.5561750462559442;3.2562060065458507;0.010911050555232334;-0.020393596410727;0.5545822479554989;0.3075614697473745;3.2578971403221675;1.1174400196651209;0.004792495156520804;5.2918786784318215e-05;0.017334556949117896;-0.0723972672580809;9.13894234314519e-05;0.0198837565004589;0.4831464115360525;3.273827002001437;0.014259727996367757;-0.0050983991026817;0.482093789531869;0.232414421905198;3.2775192129226545;1.1370620922656078;0.005812174977057216;4.3712694118196884e-05;0.01835423676965431;-0.0723972672580809;6.73496078058975e-05;0.0198837565004589;0.833058221064632;5.0887427875906965;0.01965071142321779;0.0132558376669725;0.8371392072501543;0.7008020523154168;5.106857955308842;2.966400834651795;0.019068012644029797;0.0001071199281235421;0.03670847353930873;-0.0723972672580809;0.000198894924377246;0.050983991026817596;0.0
3.147230229361729;-0.0433363923727949;3.151189806620345;0.5617835118711404;3.273827002001437;0.016772493269701216;-0.0050983991026817;0.5608173846444798;0.31451613891947444;3.2775192129226545;1.1370620922656078;0.005812174977057216;7.096272840991683e-05;0.01835423676965431;-0.0723972672580809;8.829184401673309e-05;0.019373916590190693;0.49902479997866345;3.273827002001437;0.0160698002717144;-0.0050983991026817;0.500447600426115;0.25044780077225653;3.2775192129226545;1.1370620922656078;0.005812174977057216;8.946155932019566e-05;0.023452635872336147;-0.0723972672580809;7.5459633909888e-05;0.0198837565004589;0.5567704104427325;4.051858691815604;0.018932085845666205;0.0132558376669725;0.5585170983385259;0.31194134913648663;4.071301135162958;1.9308440145059116;0.019068012644029797;0.00010547943851276328;0.03670847353930873;-0.0723972672580809;8.711057596953574e-05;0.03161007443662689;0.0
3.273827002001437;-0.0050983991026817;3.2775192129226545;0.4112033179403928;3.273827002001437;0.020074036017752667;-0.0050983991026817;0.41201568192300986;0.16975692215048285;3.2775192129226545;0.8926271083175763;0.005812174977057216;0.00014313849491231185;0.023452635872336147;-0.0774956663607627;4.713519445054178e-05;0.014275517487508896;0.5493834015808473;3.530630778237163;0.01685327473678454;-0.0050983991026817;0.5551226461486493;0.3081611522670784;3.5559669992781244;1.4155098786210778;0.005812174977057216;9.14977304039967e-05;0.023452635872336147;-0.0723972672580809;9.066593285487034e-05;0.02447231569287249;0.43758243635342703;3.530630778237163;0.014873971983985004;-0.0050983991026817;0.4408963485677292;0.19438959018035656;3.5559669992781244;1.4155098786210778;0.00887121443866623;7.278517373456771e-05;0.02651167533394516;-0.0723972672580809;5.78359233377523e-05;0.02447231569287249;0.0
3.147341079325745;-0.0479249515652085;3.1762484890578686;0.18071169428679787;3.530630778237163;0.02096086984875266;-0.0050983991026817;0.1853839952639733;0.03436722570003288;3.5559669992781244;0.40477719265777923;0.005812174977057216;0.00011818456843849517;0.023452635872336147;-0.0897318242071989;9.271076849646355e-06;0.0071377587437544965;0.4194680207626096;3.530630778237163;0.017146849271602847;-0.0050983991026817;0.4179886471458804;0.1747145091428433;3.5559669992781244;1.1710748946730463;0.006831854797593628;0.00010872287131717334;0.02447231569287256;-0.0774956663607627;5.2299270901376305e-05;0.019373916590190693;0.5246527975274888;3.8897275046584925;0.01477226375559225;-0.0050983991026817;0.5325841887240353;0.28364591807883893;3.9387912903676385;1.798334169710592;0.00887121443866623;7.320107250913134e-05;0.02651167533394516;-0.0723972672580809;8.297469371137549e-05;0.030590394616090588;0.0
3.530630778237163;-0.0152951973080452;3.5559669992781244;0.3509043311132806;3.530630778237163;0.01973723685932904;-0.0050983991026817;0.3396007613930855;0.11532867713876337;3.5559669992781244;0.8178991452761686;0.006831854797593628;0.00012823545549044986;0.02447231569287256;-0.0815743856429081;4.115664956619019e-05;0.015295197308045294;0.27192981703777674;3.530630778237163;0.018190404007453337;-0.0050983991026817;0.26409863947203427;0.06974809137097955;3.5559669992781244;0.8178991452761686;0.00887121443866623;9.634988277390559e-05;0.02651167533394516;-0.0815743856429081;2.4849951780177433e-05;0.015295197308045294;0.620780807447128;3.8897275046584925;0.014905104839125934;-0.0050983991026817;0.6142878251977684;0.37734953218620404;3.9387912903676385;1.8603635622691503;0.016008973182420783;9.916875224594754e-05;0.033649434077699714;-0.0683185479759355;0.00012111896534791521;0.03466911389823599;0.0
2.6921096715019512;-0.037728153359845;2.738067854001956;0.34363396421131936;3.530630778237163;0.017332057553683024;-0.0122361578464362;0.3359466729297694;0.11286016705258144;3.5559669992781244;0.8178991452761686;0.00887121443866623;0.00014513134320709656;0.02651167533394516;-0.0815743856429081;4.046348494191746e-05;0.015295197308045294;0.40229727469337634;3.8897275046584925;0.01697289656622381;-0.0050983991026817;0.40215408245540835;0.16172790603555137;3.9387912903676385;1.2007234363656827;0.00887121443866623;9.375051543288306e-05;0.02651167533394516;-0.0815743856429081;5.143281512103532e-05;0.021413276231263392;0.5808451121311557;3.8897275046584925;0.015005527769364986;-0.0050983991026817;0.5688074708242613;0.32354193886549293;3.9387912903676385;1.8603635622691503;0.02212705210563881;0.00014135937237667894;0.03976751300091774;-0.0683185479759355;0.00011021317525935809;0.03466911389823599;0.0
3.1727768265394296;-0.0122361578464362;3.2253794650362853;0.5114908942814733;3.8897275046584925;0.012320838149887403;-0.0122361578464362;0.5093269559671462;0.25941394807475926;3.9387912903676385;1.2007234363656827;0.00887121443866623;1.836886254322605e-05;0.009177118384827043;-0.0815743856429081;8.525924878554092e-05;0.021413276231263392;0.6714947052592684;3.8897275046584925;0.015198589113430073;-0.0122361578464362;0.648920895459674;0.4210983285641851;3.9387912903676385;1.8603635622691503;0.016008973182420783;0.00013118140514360897;0.033649434077699714;-0.0683185479759355;0.0001494809512244088;0.03466911389823599;0.6614725848646974;3.8897275046584925;0.015166344846636336;-0.0050983991026817;0.6535513843741778;0.4271294120174043;3.9387912903676385;2.09479104719654;0.02212705210563881;0.00011363278740577115;0.03976751300091774;-0.0662791883348628;0.00014566854579090667;0.036708473539308686;0.0
3.8897275046584925;-0.0122361578464362;3.9387912903676385;0.8081181044246281;3.8897275046584925;0.013408563473419914;-0.0122361578464362;0.7852675645809453;0.616645147982889;3.9387912903676385;1.8603635622691503;0.016008973182420783;3.50048135257713e-05;0.014275517487508993;-0.0683185479759355;0.00021141521040317118;0.03466911389823599;0.7108802980294098;3.8897275046584925;0.01136687670226212;-0.0122361578464362;0.6931637300552115;0.4804759566640541;3.9387912903676385;1.8603635622691503;0.02212705210563881;7.305955139834223e-05;0.022432956051799624;-0.0683185479759355;0.00016871626954797648;0.03466911389823599;0.8428179792754869;3.8897275046584925;0.013874974653959019;-0.0050983991026817;0.8453097003269728;0.7145484894668767;3.9387912903676385;2.722160380142201;0.02212705210563881;0.00011540035719766653;0.03976751300091774;-0.0560823901294993;0.00022763526261115316;0.04690527174467219;0.0
1.9695003565908062;-0.0326297542571632;2.078427728098488;0.8369038654407646;3.8897275046584925;0.009903675799145797;-0.0122361578464362;0.8183808213977244;0.6697471688316141;3.9387912903676385;1.8603635622691503;0.02212705210563881;7.789437465264435e-05;0.020393596410727022;-0.0683185479759355;0.00023177692124118173;0.03466911389823599;0.7703882078003293;3.8897275046584925;0.011898692134335472;-0.0122361578464362;0.7701619875060306;0.5931494869992392;3.9387912903676385;2.09479104719654;0.02212705210563881;5.143281512103435e-05;0.020393596410727022;-0.0662791883348628;0.0001915907021489756;0.036708473539308686;0.9485403770231549;3.8897275046584925;0.013468096726279783;-0.0081574385642908;0.9549531451605775;0.911935509452079;3.9387912903676385;2.760873151887454;0.02212705210563881;0.00011900481324388447;0.03976751300091774;-0.0550627103089629;0.0002841974959518056;0.047924951565208596;0.0
2.47132381992311;-0.0142755174875089;2.506480608780885;0.9395407190831293;3.8897275046584925;0.011216478025899845;-0.0122361578464362;0.9388681906507356;0.8814734794157859;3.9387912903676385;2.09479104719654;0.02212705210563881;7.34754501729058e-05;0.020393596410727022;-0.0662791883348628;0.0002855838252003493;0.036708473539308686;0.9722066130471338;3.8897275046584925;0.00973780881926233;-0.0122361578464362;0.984418386057704;0.9690795588084548;3.9387912903676385;2.722160380142201;0.02212705210563881;6.477623413828395e-05;0.020393596410727022;-0.0560823901294993;0.0002929660284488577;0.04690527174467219;1.046117324527935;3.8897275046584925;0.01028085854672895;-0.0081574385642908;1.0464487605796826;1.0950550085187538;3.9387912903676385;2.9868313052275544;0.02212705210563881;5.6654655290555024e-05;0.022432956051799624;-0.0499643112062812;0.0003358267077163836;0.053023350667890295;0.0
1.8355364047931153;-0.0326297542571632;1.844000243171099;0.5169615526021386;2.47132381992311;0.00956544460043524;-0.0142755174875089;0.5382892677461898;0.2897553357707292;2.506480608780885;1.2898496985554473;0.02212705210563881;7.34754501729058e-05;0.020393596410727022;-0.0560823901294993;7.035620936367475e-05;0.020393596410727;1.0111245382272467;3.8897275046584925;0.010531207902402733;-0.0081574385642908;1.0235789749122148;1.0477139178823407;3.9387912903676385;2.760873151887454;0.02212705210563881;8.442745123641462e-05;0.022432956051799624;-0.0550627103089629;0.00031182010622907554;0.047924951565208596;0.9515133204968474;3.8897275046584925;0.012055914273345177;-0.0081574385642908;0.9550322078357719;0.912086518003669;3.9387912903676385;2.9868313052275544;0.02212705210563881;4.963058709792515e-05;0.022432956051799624;-0.0499643112062812;0.0002744469802370361;0.053023350667890295;0.0
1.214941773846598;-0.0183542367696543;1.2166309102254378;0.6181558066865448;2.47132381992311;0.010398734605063265;-0.0081574385642908;0.6262605319127661;0.39220225383166074;2.506480608780885;1.3285624703007004;0.02212705210563881;0.00010674735213799463;0.022432956051799624;-0.0550627103089629;0.00010076880725363921;0.021413276231263406;0.6053591690891066;2.47132381992311;0.00987388497016008;-0.0081574385642908;0.6082908128372241;0.3700177129821708;2.506480608780885;1.554520623640801;0.02212705210563881;7.929803301679684e-05;0.022432956051799624;-0.0499643112062812;9.915719950221154e-05;0.026511675333945106;0.9609809547834619;3.8897275046584925;0.01146403126138901;-0.0081574385642908;0.9652026425606802;0.9316161412061201;3.9387912903676385;2.9868313052275544;0.02212705210563881;6.0547929930220246e-05;0.02447231569287245;-0.0499643112062812;0.00027800522530830273;0.053023350667890295;0.0
1.1506118633277693;-0.0081574385642908;1.1779181384801847;0.40689254298748123;1.8355364047931153;0.010072833358986713;-0.0081574385642908;0.38249182304994145;0.14629999470006771;1.844000243171099;0.8920402580310146;0.011930253900275356;2.8766331907316747e-05;0.012236157846436169;-0.0499643112062812;4.6701966560368e-05;0.01631487712858161;0.669135319408467;2.47132381992311;0.01238256899391718;-0.0081574385642908;0.6673024957228397;0.44529262079793047;2.506480608780885;1.554520623640801;0.02212705210563881;6.820739902843352e-05;0.022432956051799624;-0.0499643112062812;0.0001256014299182151;0.026511675333945106;0.8743165190479292;3.8897275046584925;0.020342548529886827;0.0305903946160905;0.8772848991896467;0.7696287943461886;3.9387912903676385;2.9868313052275544;0.02212705210563881;6.025911133677333e-05;0.02447231569287245;-0.0499643112062812;0.00023037326287703047;0.053023350667890295;0.0
0.8705179975580268;-0.0214132762312633;0.9519599851400843;0.6507303272737306;2.345327558739478;0.014104547038677424;-0.0081574385642908;0.6532155507217196;0.4266905557046794;2.4009097410327107;1.4489497558926265;0.00785153461813004;1.2130380924772183e-05;0.008157438564290853;-0.0499643112062812;0.00012546279699335384;0.025491995513408805;0.5357544612346897;2.345327558739478;0.01212804738078908;-0.0081574385642908;0.5332939847709225;0.2844024741928489;2.4009097410327107;1.4489497558926265;0.011930253900275356;2.8281116670326604e-05;0.014275517487508993;-0.0499643112062812;8.376894484335805e-05;0.025491995513408805;0.5871534872625608;2.475990386913165;0.02050122849801324;0.0305903946160905;0.58783009917431;0.345544225495279;2.5125267772608906;1.5605667921208064;0.02212705210563881;0.00011073304872756338;0.03772815335984492;-0.0499643112062812;0.0001030966851168252;0.029570714795554204;0.0
2.345327558739478;-0.0418068726419904;2.4009097410327107;0.6407862498285268;2.345327558739478;0.0145282011305955;-0.0081574385642908;0.638377213159275;0.40752546628100234;2.4009097410327107;1.4489497558926265;0.00785153461813004;2.044835641604471e-05;0.010196798205363677;-0.0499643112062812;0.00012156374598182005;0.025491995513408805;0.5722136275119222;2.345327558739478;0.025324215888692322;0.0305903946160905;0.5676529202747099;0.32222983789640625;2.4009097410327107;1.4489497558926265;0.00785153461813004;1.7745014381381747e-05;0.010196798205363677;-0.0499643112062812;9.624590808026656e-05;0.025491995513408805;0.5993466051874929;2.475990386913165;0.022283367757090642;0.0305903946160905;0.601569777772242;0.3618861975289445;2.5125267772608906;1.5605667921208064;0.02212705210563881;0.00013544436758288484;0.03772815335984492;-0.0499643112062812;0.00011044423013411573;0.029570714795554204;0.0
1.37492732959877;-0.0326297542571632;1.4124913363939195;0.6657748414844586;2.345327558739478;0.03236312326207164;0.0305903946160905;0.6491645834516273;0.42141465640792486;2.4009097410327107;1.4489497558926265;0.00785153461813004;2.322101491313598e-05;0.010196798205363677;-0.0499643112062812;0.00013066153167539944;0.025491995513408805;0.6691622914509051;2.475990386913165;0.026000169226794365;0.0305903946160905;0.6603607388922037;0.43607630547025716;2.5125267772608906;1.5605667921208064;0.00785153461813004;7.725319737519266e-05;0.023452635872336147;-0.0499643112062812;0.00014168284920134207;0.029570714795554204;0.5602179610710838;2.475990386913165;0.02518790334881654;0.0305903946160905;0.5562192507285455;0.30937985488102454;2.5125267772608906;1.5605667921208064;0.011930253900275356;0.00010166414489332903;0.027531355154481463;-0.0499643112062812;0.00010009297174497689;0.029570714795554204;0.0
2.054402068124589;0.0305903946160905;2.0618416864564626;0.49118475033063574;2.475990386913165;0.03304140256147573;0.0305903946160905;0.4949113851996076;0.24493727920019434;2.5125267772608906;1.100035440866971;0.00785153461813004;0.00012364323985464306;0.023452635872336147;-0.0591414295911083;7.789437465264148e-05;0.020393596410727105;0.6282058184872232;2.475990386913165;0.028614693994906182;0.0305903946160905;0.6211026576080687;0.3857685112878058;2.5125267772608906;1.5605667921208064;0.00785153461813004;0.00011936294829975888;0.023452635872336147;-0.0499643112062812;0.00012785421494710149;0.029570714795554204;0.6732714481916136;2.8670254053921918;0.02428298978966646;0.0305903946160905;0.6803284372501318;0.46284678253120654;2.9785308828341215;2.0265708976940373;0.018048332823493385;0.00012342951409549137;0.03364943407769949;-0.0499643112062812;0.0001364263508006041;0.0336494340776996;0.0
2.475990386913165;-0.0295707147955541;2.5125267772608906;0.4671193417794885;2.475990386913165;0.03125586172759165;0.0305903946160905;0.4742041176241723;0.22486954517171984;2.5125267772608906;1.100035440866971;0.00785153461813004;0.00012962178473899458;0.023452635872336147;-0.0591414295911083;7.520836173358464e-05;0.020393596410727105;0.47594063672522485;2.475990386913165;0.03151948917318995;0.0305903946160905;0.4486183899849567;0.20125845983269466;2.5125267772608906;1.100035440866971;0.00785153461813004;0.00012379920189510476;0.023452635872336147;-0.0591414295911083;7.101471575674041e-05;0.020393596410727105;0.6508266965348555;2.8670254053921918;0.030012595297618485;0.0489446313857448;0.6458653523647647;0.4171420533852617;2.9785308828341215;2.0265708976940373;0.02212705210563881;0.00017611002554021612;0.03772815335984492;-0.0499643112062812;0.0001287553289586529;0.0336494340776996;0.0
2.1915909265810347;0.0122361578464362;2.285428304679873;0.455745741591141;2.475990386913165;0.02657043789292411;0.0305903946160905;0.391890429910537;0.15357810905546554;2.5125267772608906;0.9179526575910306;0.00785153461813004;0.0001278888731783133;0.023452635872336147;-0.0601611094116447;6.74969052885505e-05;0.0193739165901907;0.5911404528297279;2.8670254053921918;0.026397040336941645;0.0305903946160905;0.5823953560899547;0.33918435079514514;2.9785308828341215;1.566039546440202;0.018048332823493385;0.00019380882894664596;0.03364943407769949;-0.0591414295911083;0.00010040489582590286;0.024472315692872504;0.6300400592531473;2.8670254053921918;0.031138564982612568;0.0489446313857448;0.6165012920214861;0.3800738430641617;2.9785308828341215;2.0265708976940373;0.02212705210563881;0.00019681254231849413;0.03772815335984492;-0.0499643112062812;0.00011880841660033946;0.0336494340776996;0.0
1.3995251011226588;0.0214132762312633;1.59457411966986;0.6211351235361523;2.8670254053921918;0.02222145695530018;0.0214132762312633;0.5762217191423376;0.332031469611351;2.9785308828341215;1.3839567631642615;0.018048332823493385;0.0002682547095935321;0.03364943407769949;-0.0601611094116447;0.00010466785826517428;0.0234526358723361;0.5603926775082079;2.8670254053921918;0.027122333187050762;0.0489446313857448;0.5186783799395503;0.26902726181671655;2.9785308828341215;1.3839567631642615;0.02212705210563881;0.0003036061054314406;0.03772815335984492;-0.0601611094116447;9.565671814963463e-05;0.0234526358723361;0.5238586757055776;2.8670254053921918;0.030706493334646232;0.0489446313857448;0.5012393984926576;0.2512409346012812;2.9785308828341215;1.566039546440202;0.02212705210563881;0.0002019881715130636;0.03772815335984492;-0.0591414295911083;8.051107110927305e-05;0.024472315692872504;0.0
2.8670254053921918;-0.0010196798205363;2.9785308828341215;0.6789596339840743;2.8670254053921918;0.021144530797723705;0.0489446313857448;0.6362997770895172;0.40487740632416935;2.9785308828341215;1.3839567631642615;0.02212705210563881;0.00039328427869671966;0.03772815335984492;-0.0601611094116447;0.00013265437997018385;0.0234526358723361;0.578360482771113;2.8670254053921918;0.030340686862122126;0.0489446313857448;0.5302482983004861;0.2811632578505613;2.9785308828341215;1.3839567631642615;0.02212705210563881;0.0003379870707953663;0.03772815335984492;-0.0601611094116447;9.939980712070716e-05;0.0234526358723361;0.5541974333927181;2.8670254053921918;0.029101891530966133;0.0489446313857448;0.5244138257954969;0.2750098606854698;2.9785308828341215;1.566039546440202;0.03334353013153879;0.00029932003750468843;0.0489446313857449;-0.0560823901294993;9.565671814963146e-05;0.027531355154481497;0.0
1.5161471483236961;0.0489446313857448;1.7008422922924331;0.7139903912639819;2.8670254053921918;0.03293634219197339;0.0489446313857448;0.6650850923186781;0.4423381800245445;2.9785308828341215;1.3839567631642615;0.02212705210563881;0.0002509255939867157;0.034669113898235904;-0.0601611094116447;0.00014027919083718353;0.0234526358723361;0.589494449767124;2.8670254053921918;0.027175312154603257;0.0489446313857448;0.5518071192136975;0.3044910968149198;2.9785308828341215;1.3839567631642615;0.02212705210563881;0.000279657267662819;0.03772815335984492;-0.0601611094116447;9.718168032303452e-05;0.0234526358723361;0.8461154223919778;2.8670254053921918;0.02922291595826745;0.0489446313857448;0.6441670524703597;0.41495119148835113;2.9785308828341215;2.246231857083063;0.03334353013153879;0.0007146642803688904;0.09279086366880818;-0.0346691138982359;0.00020545399463442677;0.048944631385744904;0.0
2.4422440363770646;-0.0285510349750178;2.5243547618929387;0.6569496095426809;2.8670254053921918;0.033410402299480634;0.0489446313857448;0.6237209486718954;0.3890278218121692;2.9785308828341215;1.2776885905416884;0.02212705210563881;0.00014001925410308375;0.02651167533394505;-0.0601611094116447;0.00012234355618412788;0.0234526358723361;0.6392085992414893;2.8670254053921918;0.03044730478223484;0.0489446313857448;0.5986507372885655;0.3583827052561432;2.9785308828341215;1.4666934988680274;0.03334353013153879;0.00029629321864536466;0.04588559192413588;-0.0560823901294993;0.0001183925178257789;0.027531355154481497;0.8435624858865598;2.8670254053921918;0.02861651074320145;0.0489446313857448;0.6486855112543479;0.4207928925113147;2.9785308828341215;2.246231857083063;0.03334353013153879;0.0007537587651778696;0.09279086366880818;-0.0346691138982359;0.0002056850495091844;0.048944631385744904;0.0
1.6014167372092238;-0.0122361578464362;1.739825471724043;0.4960142231109603;2.4422440363770646;0.03684041713018375;0.0489446313857448;0.4479649862743997;0.20067262892782312;2.5243547618929387;1.0125173779268446;0.03334353013153879;0.00025049236609654577;0.03772815335984503;-0.0560823901294993;7.789437465264008e-05;0.020393596410727;1.0375072026137868;2.8670254053921918;0.030995583060203186;0.0489446313857448;0.7905758136350669;0.625010117104748;2.9785308828341215;2.246231857083063;0.03334353013153879;0.001125318109275514;0.09279086366880818;-0.0346691138982359;0.000292550129674294;0.048944631385744904;0.8267406625156174;2.8670254053921918;0.02878797708732651;0.0489446313857448;0.6444568289598489;0.4153246043929839;2.9785308828341215;2.246231857083063;0.03334353013153879;0.0007229822558601621;0.09279086366880818;-0.0346691138982359;0.0001916484658676623;0.048944631385744904;0.0
1.3189560035079761;-0.0285510349750178;1.5118373839660941;1.06942696709835;2.4422440363770646;0.00932231273709423;-0.0122361578464362;0.7375019530255987;0.5439091307165724;2.5243547618929387;1.7920557361418803;0.03334353013153879;0.0016229583221564932;0.09279086366880818;-0.0346691138982359;0.00030533901699211855;0.04180687264199041;0.8350788622203051;2.4422440363770646;0.03250471009788665;0.0489446313857448;0.5723442696404154;0.3275779629902205;2.5243547618929387;1.7920557361418803;0.03334353013153879;0.0011372405408130036;0.09279086366880818;-0.0346691138982359;0.00018493632175595735;0.04180687264199041;0.9447435159749586;2.8670254053921918;0.033530949484231014;0.0489446313857448;0.6875398449440252;0.4727110383856542;2.9785308828341215;2.246231857083063;0.03334353013153879;0.0007154036559681143;0.09279086366880818;-0.0336494340776996;0.00024617741631044785;0.0499643112062812;0.0
-0.1266787240329048;-0.0336494340776996;0.7322990257510585;0.8104636302662822;1.6014167372092238;0.01089913241890075;-0.0122361578464362;0.4675097706034586;0.2185653856096985;1.739825471724043;1.0075264459729842;0.03334353013153879;0.0016804909859711242;0.09279086366880818;-0.0346691138982359;0.00016670609213757892;0.0285510349750178;0.8455837430607416;2.4422440363770646;0.008579864981324507;-0.0122361578464362;0.5929835528833619;0.3516294939901749;2.5243547618929387;1.7920557361418803;0.03334353013153879;0.001064146331183448;0.09279086366880818;-0.0346691138982359;0.0001904816387501388;0.04180687264199041;1.0548882365348877;2.8670254053921918;0.04758751638491796;0.1024778219639033;0.746479744567275;0.5572320090492241;2.9785308828341215;2.246231857083063;0.03334353013153879;0.0006970463461686262;0.09279086366880818;-0.0326297542571632;0.00030887415657591353;0.0509839910268176;0.0
1.5107728853447435;-0.0367084735393086;1.6884316560262056;0.7320634912064938;1.5107728853447435;0.003432753794351693;-0.0285510349750178;0.4163592236276485;0.17335500309981822;1.6884316560262056;0.956132630275147;0.03334353013153879;0.001684736619294795;0.09279086366880818;-0.0346691138982359;0.00012572273372745598;0.025491995513408805;0.7868131149304751;1.6014167372092238;0.03237864784053277;0.0479249515652085;0.43482725483198614;0.189074741544721;1.739825471724043;1.0075264459729842;0.03334353013153879;0.001037008936143172;0.09279086366880818;-0.0336494340776996;0.0001642800159526303;0.029570714795554093;0.9043558369171827;2.4422440363770646;0.051606752485299966;0.1024778219639033;0.5976160828648897;0.35714498249877463;2.5243547618929387;1.7920557361418803;0.03334353013153879;0.0006710873309896138;0.09279086366880818;-0.0326297542571632;0.00022492036783275203;0.04384623228306311;0.0
0.9836170760144567;-0.0316100744366268;1.254524336066952;0.8147017872991564;1.5107728853447435;0.041010697570507904;0.0479249515652085;0.44071341217471965;0.19422831167068433;1.6884316560262056;0.956132630275147;0.020087692464565987;0.00116659606265095;0.07953502600183537;-0.0336494340776996;0.00017147159892945342;0.0265116753339451;0.783786379774078;1.5107728853447435;0.058355403969585294;0.1024778219639033;0.41980116703642956;0.17623301984514822;1.6884316560262056;0.956132630275147;0.03334353013153879;0.0010375288096113764;0.09279086366880818;-0.0326297542571632;0.00015804153433417634;0.027531355154481504;0.9365227533331929;2.4422440363770646;0.04934569678610301;0.1024778219639033;0.6198039644666598;0.3841569543685884;2.5243547618929387;1.7920557361418803;0.03334353013153879;0.0006643289759029546;0.09279086366880818;-0.0326297542571632;0.0002522657122603101;0.04384623228306311;0.0
-0.10064511935946352;0.0479249515652085;0.8179975944717958;0.8215850788544352;1.5107728853447435;0.06698447280602189;0.1024778219639033;0.43867728582438603;0.1924377610982501;1.6884316560262056;0.9492179033824693;0.020087692464565987;0.00020682299476736547;0.03364943407769949;-0.0326297542571632;0.00018672122066345275;0.027531355154481504;0.6962425583773602;1.5107728853447435;0.06304591906930625;0.1024778219639033;0.3948003746553081;0.15586733582797166;1.6884316560262056;0.956132630275147;0.020087692464565987;0.0007181185507465149;0.07953502600183537;-0.0326297542571632;0.00012920588596443202;0.027531355154481504;0.8247320934650094;1.871456290275209;0.050423742775657414;0.1024778219639033;0.5181469575472568;0.2684762696154787;1.958430755788369;1.4135082622702866;0.03334353013153879;0.0006324087449551968;0.09279086366880818;-0.0326297542571632;0.00020083289713927622;0.03670847353930871;0.0
-0.1507291457815385;0.1024778219639033;0.7392137526437363;0.5234413680063502;0.9836170760144567;0.07429141951664943;0.1024778219639033;0.2473062709102491;0.06116039163153352;1.254524336066952;0.5153105834232157;0.002753135515448202;4.540228288986201e-05;0.016314877128581706;-0.0326297542571632;7.928070390118465e-05;0.0193739165901907;0.8553545930062338;1.871456290275209;0.06394762471916657;0.1024778219639033;0.5267303244773122;0.2774448347239745;1.958430755788369;1.2192170031446325;0.020087692464565987;0.00022198597092333065;0.04384623228306295;-0.0326297542571632;0.00022583303458804629;0.03670847353930871;0.7982861047424431;1.871456290275209;0.050423742775657414;0.1024778219639033;0.4965386295914481;0.24655061067655332;1.958430755788369;1.4135082622702866;0.03334353013153879;0.0006956600169200808;0.09279086366880818;-0.0326297542571632;0.00018508650742454856;0.03670847353930871;30.0
0.2656166720207791;-0.0601611094116447;0.7393271330688508;0.9516274978848912;1.871456290275209;0.07654888722556825;0.1024778219639033;0.5976124362272077;0.35714062393341844;1.958430755788369;1.2192170031446325;-0.003364943407770049;8.595241340981283e-05;0.02039359641072691;-0.0326297542571632;0.0002987539530615281;0.03670847353930871;0.8078788822678857;1.871456290275209;0.06526939919015767;0.1024778219639033;0.5213557050896604;0.271811771229537;1.958430755788369;1.4135082622702866;0.006831854797593628;0.0001242151006696682;0.030590394616090588;-0.0326297542571632;0.00021321743842628313;0.03670847353930871;0.7498259230275335;1.871456290275209;0.05118258343628487;0.1024778219639033;0.4745544157204016;0.22520189347973174;1.958430755788369;1.4135082622702866;0.020087692464565987;0.0005165953771689004;0.07953502600183537;-0.0326297542571632;0.00016894732442273268;0.03670847353930871;0.0
1.871456290275209;-0.0418068726419904;1.958430755788369;0.9440042462472916;1.871456290275209;0.07660206798649741;0.1024778219639033;0.6484758811563356;0.42052096844148584;1.958430755788369;1.4135082622702866;0.006831854797593628;0.00016220052207981106;0.030590394616090588;-0.0326297542571632;0.00029875395306152804;0.03670847353930871;0.7933731165214953;1.871456290275209;0.06417053131884914;0.1024778219639033;0.5193127167796612;0.2696856978090726;1.958430755788369;1.4135082622702866;0.006831854797593628;0.00018632265100450212;0.03670847353930884;-0.0326297542571632;0.00020697895680782882;0.03670847353930871;0.7848832365050631;1.871456290275209;0.05234974363379954;0.1024778219639033;0.4660181956503695;0.21717295867722605;1.958430755788369;1.4135082622702866;0.020087692464565987;0.0002720931087004439;0.0499643112062812;-0.0275313551544814;0.00018795158787154268;0.041806872641990504;0.0
-0.061763068335222826;-0.0479249515652085;0.5449224935180822;0.9391534028367906;1.871456290275209;0.020348936518277853;-0.0122361578464362;0.6556953466250307;0.4299363875857191;1.958430755788369;1.4135082622702866;0.006831854797593628;0.00029528812994017044;0.03670847353930884;-0.0336494340776996;0.00029138907892863026;0.0356887937187723;0.7729936831148175;1.871456290275209;0.06069657871637861;0.1024778219639033;0.5184485451536974;0.26878889397198547;1.958430755788369;1.4135082622702866;0.006831854797593628;0.00022913423111114469;0.03670847353930884;-0.0326297542571632;0.00019744794322407925;0.03670847353930871;0.7031755794791889;1.871456290275209;0.050959512834948026;0.1024778219639033;0.41351206286827125;0.17099222613757312;1.958430755788369;1.4135082622702866;0.006831854797593628;0.00017699092225023055;0.03670847353930884;-0.0275313551544814;0.0001588386736520898;0.041806872641990504;0.0
-0.12875738991297525;-0.0122361578464362;0.6879472818600253;0.9280090063041136;1.871456290275209;0.03089899066891349;0.0193739165901906;0.6447322232439034;0.41567963968902655;1.958430755788369;1.4135082622702866;0.006831854797593628;0.00029223387331446976;0.03670847353930884;-0.0336494340776996;0.000283157749015392;0.0356887937187723;0.8238059010540617;1.871456290275209;0.03928845006002981;0.0372183134495768;0.5109623340541075;0.26108250682202133;1.958430755788369;1.4135082622702866;0.006831854797593628;0.00021859812882220043;0.03670847353930884;-0.0275313551544814;0.00022153541391755575;0.041806872641990504;0.6734183764067505;1.871456290275209;0.050485193578978876;0.1024778219639033;0.40230827380544565;0.16185194717231743;1.958430755788369;1.4135082622702866;0.006831854797593628;0.00015134383115214046;0.03670847353930884;-0.0275313551544814;0.00014867225916275715;0.041806872641990504;0.0
0.5002144380814122;0.0193739165901906;0.8441441348279457;0.3976809409287396;0.5002144380814122;0.03743390538203006;0.0372183134495768;0.17307336256460124;0.02995438882941791;0.9374704620255775;0.3925479685074953;0.006831854797593628;0.000286168682852084;0.03670847353930884;-0.0275313551544814;5.224728355454928e-05;0.017334556949118;0.8518273305023806;1.871456290275209;0.03386874876690124;0.0372183134495768;0.5195306288113147;0.2699120742730801;1.958430755788369;1.4135082622702866;0.006831854797593628;0.00023003534512270062;0.03670847353930884;-0.0275313551544814;0.00023817136490010072;0.041806872641990504;0.6771364413487819;1.871456290275209;0.04798878969831036;0.1024778219639033;0.4156763494411643;0.17278682748473292;1.958430755788369;1.4296992478575234;0.049658407260120385;0.00054600866272554;0.0795350260018356;-0.0275313551544814;0.0001530998482002991;0.041806872641990504;0.0
-0.45749782557446017;0.0372183134495768;0.9374704620255775;0.40563201723324926;0.5002144380814122;0.020902918184583456;0.0372183134495768;0.13423548740354577;0.018019166078467496;0.9374704620255775;0.2865922158184726;-0.0013255837666972248;0.00016763753210145157;0.028551034975017986;-0.0275313551544814;5.501994205164018e-05;0.017334556949118;0.3316252008246849;0.5002144380814122;0.03086518209774539;0.0372183134495768;0.1434398508866489;0.020574990822384072;0.9374704620255775;0.3925479685074953;0.006831854797593628;0.0002170731666488013;0.03670847353930884;-0.0275313551544814;3.677238331766782e-05;0.017334556949118;0.753165719463805;1.871456290275209;0.03146909724470757;0.0372183134495768;0.437475530620277;0.1913848398914929;1.958430755788369;1.4296992478575234;0.049658407260120385;0.0005899090889294774;0.0795350260018356;-0.0275313551544814;0.000182082794052701;0.041806872641990504;0.0
-0.19190796135388166;0.0061180789232181;0.6508782462071049;0.42695318759150086;0.5002144380814122;0.02602140524533367;0.0372183134495768;0.14143523085423051;0.020003924526789483;0.9374704620255775;0.2865922158184726;-0.0013255837666972248;0.0001293401866103847;0.026001835423677067;-0.0275313551544814;6.125842367009448e-05;0.017334556949118;0.33183333281559046;0.5002144380814122;0.021963983810328793;0.0372183134495768;0.14750359003189648;0.021757309072297792;0.9374704620255775;0.40873895409473204;0.049658407260120385;0.0008852145479852554;0.0795350260018356;-0.0275313551544814;3.8652592361007503e-05;0.017334556949118;0.762615165443839;1.871456290275209;0.026505192602324434;0.0372183134495768;0.49777616934355534;0.2477811147663439;1.958430755788369;1.826998774382446;0.049658407260120385;0.0005899293062310187;0.0795350260018356;-0.0275313551544814;0.00018650821695079205;0.041806872641990504;0.0
-0.3276729279309778;-0.0244723156928724;0.6590435005104607;0.1286878169956069;-0.18709615653331002;0.025185523925323458;0.0372183134495768;0.17289011831222698;0.029890993010015843;0.9374704620255775;0.40873895409473204;0.049658407260120385;0.0010157461112936066;0.07137758743754474;-0.0275313551544814;2.837642680610848e-06;0.004078719282145399;0.6463148463769852;1.2257635426944198;0.020394658549547574;0.0372183134495768;0.2708431539784638;0.07335601405700184;1.2816339626862416;0.7529024547553962;0.049658407260120385;0.0008077187429915663;0.07698582645049468;-0.0275313551544814;0.00012546279699335967;0.028041195064749697;0.5012606261143019;1.2257635426944198;0.02860035782322898;0.0372183134495768;0.3181715486572592;0.10123313437495866;1.2816339626862416;1.1502019812803188;0.049658407260120385;0.0005709250427822094;0.0795350260018356;-0.0275313551544814;7.544591502669917e-05;0.028041195064749697;0.0
-0.18709615653331002;0.0061180789232181;0.5287315079308454;0.7335613471070183;1.2257635426944198;0.014741340159886693;0.0061180789232181;0.339644603016584;0.11535845635829295;1.2816339626862416;0.7529024547553962;0.049658407260120385;0.0007337147547926507;0.06220046905271748;-0.0295707147955541;0.00015890799011451104;0.026001835423676997;0.6175815195516753;1.2257635426944198;0.02086339834182921;0.0372183134495768;0.38765027520573875;0.150272735867085;1.2816339626862416;1.1502019812803188;0.049658407260120385;0.0006531430317787548;0.07137758743754474;-0.0275313551544814;0.00010947885398552131;0.028041195064749697;0.6071966176437691;1.2257635426944198;0.026568046402410287;0.0372183134495768;0.3412798940085973;0.11647196605451941;1.2816339626862416;1.1502019812803188;0.049658407260120385;0.000590749551036408;0.0795350260018356;-0.0163148771285816;0.0001103063192557469;0.039257673090649495;0.0
1.2257635426944198;0.0020393596410727;1.2816339626862416;0.7250690460815009;1.2257635426944198;0.013981145305192209;0.0061180789232181;0.47702617258638047;0.22755396933241126;1.2816339626862416;1.1502019812803188;0.049658407260120385;0.0007930453143514945;0.06220046905271748;-0.0295707147955541;0.00015498186235984128;0.026001835423676997;0.5966512401060736;1.2257635426944198;0.023731208640694126;0.0061180789232181;0.39075526723233706;0.15268967886981516;1.2816339626862416;1.1502019812803188;0.049658407260120385;0.0005021717766121607;0.06220046905271748;-0.0295707147955541;0.00010445341045954425;0.026001835423676997;0.7683814043311112;1.2257635426944198;0.02703893183370767;0.0372183134495768;0.454033244275045;0.20614618690692266;1.6648272282930356;1.5333952468871128;0.049658407260120385;0.0005128956109868458;0.07698582645049468;-0.0071377587437544;0.00017773968445374263;0.0484347914754767;0.0
-0.12962418860301206;-0.0122361578464361;0.13143198140592283;0.716743384444263;1.2257635426944198;0.027736337645229047;0.0061180789232181;0.5012766859740062;0.25127831590108246;1.2816339626862416;1.1502019812803188;0.049658407260120385;0.0005580625067230512;0.056592230039767766;-0.0295707147955541;0.00015498186235984128;0.026001835423676997;0.7503675529425529;1.2257635426944198;0.022797123537987362;0.0061180789232181;0.43942149204053205;0.19309124766712737;1.2816339626862416;1.1502019812803188;0.049658407260120385;0.0006350514350852364;0.06933822779647192;-0.0163148771285816;0.00016345904910075723;0.039257673090649495;0.7992966982058429;1.2257635426944198;0.02607166414887013;0.0372183134495768;0.5019655748530507;0.25196943833755364;1.6648272282930356;1.5333952468871128;0.049658407260120385;0.00046784279859505483;0.07137758743754474;-0.0071377587437544;0.0001873631199873953;0.0484347914754767;0.0
-0.2883825358942187;-0.0545528703986948;0.33898656066692084;0.9588300777912765;1.2257635426944198;0.024657054967507388;0.0020393596410727;0.5595442226927355;0.31308973714881755;1.2816339626862416;1.1502019812803188;0.013969613541347958;0.0002575756421008324;0.03364943407769949;-0.0163148771285816;0.00026610481618855736;0.039257673090649495;0.9640374904170732;1.2257635426944198;0.0256514168058737;0.0112164780258998;0.5974992682682383;0.35700537558108014;1.6648272282930356;1.5333952468871128;0.049658407260120385;0.0005957490008889749;0.06933822779647192;-0.0071377587437544;0.0002721126039555025;0.0484347914754767;1.4013443499197635;1.2257635426944198;0.020798580156374032;0.0112164780258998;1.1356346761611127;1.2896661176995552;4.091634630889942;3.9602026494840192;0.049658407260120385;0.00042458932604043815;0.06933822779647192;0.0367084735393086;0.0005931243619210246;0.0922810237585397;0.0
-1.0838146305002956;-0.0326297542571632;1.0843196363863425;0.6877264990592254;-0.12962418860301206;0.028114870567201022;0.0112164780258998;0.7043163767983487;0.4960615586263535;1.6648272282930356;1.5333952468871128;0.011930253900275356;0.00016919715250606374;0.03161007443662689;-0.0071377587437544;0.0001426348674899826;0.0257469154685429;1.0526283731471542;1.2257635426944198;0.023838855199232397;0.0112164780258998;0.6255210917408045;0.391276636212608;1.6648272282930356;1.5333952468871128;0.013969613541347958;0.00020459620341189023;0.03364943407769949;-0.0071377587437544;0.0003261794446487726;0.0484347914754767;2.094732602597816;1.2257635426944198;0.02290083742409267;0.0112164780258998;1.8350125471094287;3.3672710480490338;5.84942463407427;5.7179926526683476;0.049658407260120385;0.000702432812936412;0.10196798205363533;0.0708677475272764;0.0013930883256785375;0.1264402977465075;0.0
-1.5936789993077138;0.0112164780258998;1.6648272282930356;0.5799362772607389;-0.2883825358942187;0.027477801349253414;0.0112164780258998;0.5888245522426563;0.3467143533237646;1.6648272282930356;1.3258406676261147;0.011930253900275356;0.00020968229884249113;0.03161007443662689;-0.0071377587437544;9.877595895885239e-05;0.0224329560517997;1.427440471902462;-0.12962418860301206;0.022814410278733203;0.0112164780258998;1.42343376010184;2.026163669397663;4.091634630889942;3.9602026494840192;0.011930253900275356;0.0001260606514817938;0.03161007443662689;0.0367084735393086;0.0006272901574328306;0.06959314775160591;2.17382159875255;1.2257635426944198;0.023439331927308432;0.0112164780258998;1.8896622309162747;3.5708233469514727;5.84942463407427;5.7179926526683476;0.049658407260120385;0.0007110742652523444;0.10196798205363533;0.0708677475272764;0.0014905819300824923;0.1264402977465075;0.0
-1.4260227528020497;-0.0198837565004588;1.486453171045899;1.3748728203632379;-1.0838146305002956;0.018918541737256128;0.0112164780258998;1.3617031563584379;1.8542354860365322;4.091634630889942;3.0073149945035995;-0.0064239828693790635;4.3322789017043205e-05;0.01325583766697247;0.0367084735393086;0.0005887567027416128;0.0530233506678902;2.12215273352825;-0.2883825358942187;0.025845749136204126;0.0112164780258998;2.1029392319150793;4.422353413127583;5.84942463407427;5.510438073407349;0.011930253900275356;0.00045225525910672375;0.0642398286937903;0.0708677475272764;0.0014674728323743147;0.10043846232283049;2.1364313495992393;1.2257635426944198;0.02175184175615495;0.0112164780258998;1.835891202893952;3.3704965088634022;5.84942463407427;5.7179926526683476;0.013969613541347958;0.0003510445594051047;0.0662791883348629;0.0708677475272764;0.00144545691304234;0.1264402977465075;30.0
-4.084642533814445;-0.0050983991026817;4.091634630889942;2.1226819074584857;-1.4260227528020497;0.026447459047603667;0.0112164780258998;2.088547801768788;4.362031920273236;5.84942463407427;4.362971463028371;-0.0064239828693790635;0.00045367624658648243;0.04588559192413588;0.0708677475272764;0.0014962608256761309;0.0810645457326399;1.8891021585578929;-1.0838146305002956;0.02239217040676175;0.0112164780258998;1.871042342926878;3.500799449025301;5.84942463407427;4.765104997687928;-0.0064239828693790635;0.0002756369128420403;0.04588559192413588;0.0708677475272764;0.0011759971078676463;0.087182624655858;1.839957886224125;-0.12962418860301206;0.024731527742099312;0.0214132762312633;1.8320244410008475;3.356313552424468;5.84942463407427;5.7179926526683476;0.011930253900275356;0.0002792327043304536;0.0642398286937903;0.0708677475272764;0.0010891125324474851;0.10375242173957369;30.0
-5.848264135208213;-0.0509839910268175;5.84942463407427;1.8186647677376644;-1.4260227528020497;0.019686137486870356;-0.0050983991026817;1.7936236099639495;3.2170856542201105;5.84942463407427;4.362971463028371;-0.008463342510451666;0.0003791610494771689;0.04384623228306328;0.0708677475272764;0.0011063557245227398;0.0810645457326399;1.6585800447423442;-1.4260227528020497;0.021804027658100935;0.0112164780258998;1.631209505661983;2.660844451362011;5.84942463407427;4.362971463028371;-0.0003059039461608126;0.0003421460585410061;0.05200367084735413;0.0708677475272764;0.0009129411329561581;0.0810645457326399;1.6505359587717465;-0.2883825358942187;0.0251959286619912;0.0214132762312633;1.637097203714976;2.6800872544113936;5.84942463407427;5.510438073407349;0.011930253900275356;0.00028055838167437546;0.0642398286937903;0.0708677475272764;0.0008809227036866321;0.10043846232283049;30.0
-3.665140138291173;-0.0346691138982359;3.673434520661752;1.2196872618452577;-2.992644845071542;0.02005946321291524;-0.0050983991026817;1.208922852530093;1.4614944633694968;5.84942463407427;2.8247255498578605;-0.0003059039461608126;0.0005249855573085384;0.05200367084735413;0.0708677475272764;0.0005261769340064939;0.0535331905781585;1.4457819923425155;-1.4260227528020497;0.02485680897467069;0.0214132762312633;1.4245125284331601;2.0292359436630347;5.84942463407427;4.362971463028371;-0.0003059039461608126;0.00032772823435613406;0.05200367084735413;0.0708677475272764;0.0007018725048651231;0.0810645457326399;1.5091673343618335;-1.0838146305002956;0.021793030611874768;0.0214132762312633;1.4991869510177656;2.2475615141019443;5.84942463407427;4.765104997687928;0.0017334556949117896;0.00023203685797528644;0.054043030488426735;0.0708677475272764;0.0007398637026471401;0.087182624655858;0.0
-2.992644845071542;-0.0173345569491179;3.02469908421641;1.2892013179757356;-2.992644845071542;0.03107375615550624;0.0214132762312633;1.270678708602248;1.6146243804950766;5.84942463407427;2.8247255498578605;-0.0003059039461608126;0.0005111222648230836;0.05200367084735413;0.0708677475272764;0.0005870021297864236;0.0535331905781585;1.1207115705328061;-2.7440558617069772;0.025509663840733093;0.0214132762312633;1.093221012724216;1.1951321826617602;5.84942463407427;3.0034113494572034;-0.0003059039461608126;0.0003292878547607477;0.05200367084735413;0.0708677475272764;0.0004356279726819813;0.0576119098603039;1.3307925993125604;-1.4260227528020497;0.02085633705626488;0.0214132762312633;1.3097837260083898;1.7155334089164205;5.84942463407427;4.362971463028371;0.0017334556949117896;0.0002298533894088274;0.054043030488426735;0.0708677475272764;0.0005789801933534479;0.0810645457326399;0.0
-3.329233879150587;0.0214132762312633;3.394623663459734;0.4011443164576255;-2.7440558617069772;0.023715320934350755;0.0214132762312633;0.37114296656096435;0.13774710162767312;3.673434520661752;0.8274212360446849;-0.0003059039461608126;7.867418485495084e-05;0.020393596410727133;0.0295707147955541;5.094759988403446e-05;0.016314877128581602;1.1717701706493204;-2.7440558617069772;0.02505730465685019;0.0214132762312633;1.1499849470595747;1.322465378463613;5.84942463407427;3.0034113494572034;0.0017334556949117896;0.00038612735395110855;0.054043030488426735;0.0708677475272764;0.00046744422893609823;0.0576119098603039;1.1981937185153095;-1.4260227528020497;0.02957506081258625;0.0560823901294993;1.1746590981165972;1.3798239967880976;5.84942463407427;4.362971463028371;0.01498929336188437;0.0003154938787377191;0.06729886815539932;0.0708677475272764;0.0004743556578772886;0.0810645457326399;0.0
-2.7440558617069772;-0.003059039461609;2.846013284617067;0.8397061814057909;-2.7440558617069772;0.017807942486563526;0.0214132762312633;0.8343395990317961;0.6961225665125382;4.693348517574724;1.847335232957657;0.0017334556949117896;0.00010674735213799571;0.022432956051799735;0.0458855919241358;0.0002117617927153009;0.0326297542571633;0.6879665670622113;-2.7440558617069772;0.018628818243305815;0.0214132762312633;0.6746480516997011;0.4551499936622026;4.693348517574724;1.847335232957657;0.0017334556949117896;8.65069451092322e-05;0.022432956051799735;0.0458855919241358;0.00014265327967532214;0.0326297542571633;1.1423228060261903;-1.7364019747997732;0.030119223915518703;0.0560823901294993;1.087551944788587;1.1827692326134378;5.84942463407427;3.87370422159674;0.01498929336188437;0.0003344403784678394;0.06729886815539932;0.0708677475272764;0.0004323874280635109;0.07545630671968989;0.0
-4.631455165868477;-0.0152951973080452;4.693348517574724;0.842457652229775;-2.7440558617069772;0.016847875641743826;0.0214132762312633;0.8231486184610013;0.677573648074255;4.693348517574724;1.847335232957657;0.0017334556949117896;9.565671814963108e-05;0.022432956051799735;0.0458855919241358;0.0002117617927153009;0.0326297542571633;0.6957756532937608;-2.7440558617069772;0.028939272607414815;0.0560823901294993;0.6825706412878968;0.4659026803481707;4.693348517574724;1.847335232957657;0.01498929336188437;0.00017568257402191472;0.035688793718772316;0.0458855919241358;0.00014616242558570272;0.0326297542571633;1.1238958685592122;-1.7364019747997732;0.030190483102190406;0.0560823901294993;1.073131373294283;1.1516109443484739;5.84942463407427;3.87370422159674;0.020087692464565987;0.0004295425649180523;0.07239726725808093;0.0708677475272764;0.00041979493738922356;0.07545630671968989;0.0
-2.976781448780015;-0.0132558376669725;3.0877434056477076;0.8815107846969202;-2.7440558617069772;0.033736868750015366;0.0560823901294993;0.8570306540547419;0.7345015419894986;4.693348517574724;1.847335232957657;0.01498929336188437;0.00027544629257036116;0.035688793718772316;0.0458855919241358;0.000234181336031621;0.0326297542571633;0.9402919682709913;-1.7364019747997732;0.02695505813688107;0.0560823901294993;0.8860234556022103;0.785037563877282;4.693348517574724;2.7176281050971935;0.01498929336188437;0.0001832727266577007;0.035688793718772316;0.0458855919241358;0.0002687399248305246;0.0504741511165493;0.7644186981766709;-1.7364019747997732;0.026694932941052386;0.0560823901294993;0.7227207177741313;0.5223252358999555;4.693348517574724;2.7176281050971935;0.020087692464565987;0.00023222170187508953;0.04078719282145393;0.0458855919241358;0.0001763410804149794;0.0504741511165493;0.0
-2.917777217280994;0.0560823901294993;3.042828530722552;1.1900154201721367;-1.7364019747997732;0.03331821042272106;0.0560823901294993;1.1204544739900546;1.25541822828433;4.693348517574724;2.7176281050971935;0.01498929336188437;0.00016982533294680798;0.03161007443662667;0.0458855919241358;0.0004305418772513692;0.0504741511165493;0.9572583705848826;-1.7364019747997732;0.027525060114921736;0.0560823901294993;0.9070731612928161;0.8227817199377432;4.693348517574724;2.7176281050971935;0.020087692464565987;0.00026853197544324063;0.04078719282145393;0.0458855919241358;0.0002763300774663107;0.0504741511165493;0.7651069239615313;-1.7364019747997732;0.02446192786039448;0.0560823901294993;0.7280038767737627;0.5299896445976279;4.693348517574724;2.7176281050971935;0.020087692464565987;0.00021419942164400038;0.04078719282145393;0.0458855919241358;0.00017535909719725964;0.0504741511165493;0.0
-1.7364019747997732;0.0152951973080452;1.9757204124775303;0.7611985827709434;-1.7364019747997732;0.03230416910930445;0.0560823901294993;0.7073382648506619;0.500327420921945;3.6740632855368736;1.6983428730593433;0.020087692464565987;0.00026652179803284703;0.036708473539308284;0.0265116753339451;0.00017207811797568734;0.0311002345263586;0.9756569785406661;-1.7364019747997732;0.03001682922729952;0.0560823901294993;0.9196172297952826;0.8456958493363496;4.693348517574724;2.7176281050971935;0.020087692464565987;0.00019689341152465692;0.036708473539308284;0.0458855919241358;0.00028634630628705094;0.0504741511165493;0.8385424068921256;-1.7364019747997732;0.026738390868161786;0.0560823901294993;0.7919735195709863;0.6272220557016555;4.693348517574724;2.7176281050971935;0.020087692464565987;0.0003591054863482073;0.05812174977057183;0.0458855919241358;0.0002176074810466806;0.0504741511165493;0.0
-3.5496664338510318;-0.0112164780258998;3.6740632855368736;0.9170188784401399;-1.7364019747997732;0.03552209950031678;0.0560823901294993;0.8550099209223218;0.7310419648755948;3.876841497569581;1.9011210850920506;0.020087692464565987;6.333791754291657e-05;0.017334556949117785;0.0305903946160905;0.0002475464164433768;0.035178953808504;0.7208154284147011;-1.7364019747997732;0.02952496962717052;0.0560823901294993;0.6748707159563785;0.45545048325547494;3.876841497569581;1.9011210850920506;0.020087692464565987;0.00024763306202141896;0.036708473539308284;0.0305903946160905;0.00015253087557120672;0.035178953808504;0.8486855159925362;-1.7364019747997732;0.02645059849541989;0.0560823901294993;0.7986389620925358;0.6378241917722429;4.693348517574724;2.7176281050971935;0.020087692464565987;0.00036073442321524825;0.05812174977057183;0.0458855919241358;0.00022315279804086216;0.0504741511165493;0.0
-3.7856365461409966;-0.0244723156928724;3.876841497569581;0.9302485150067199;-1.7364019747997732;0.016620051226535558;0.0152951973080452;0.8709495781636362;0.7585531677034157;3.876841497569581;1.9011210850920506;0.020087692464565987;0.0002128015396517175;0.030590394616090477;0.0305903946160905;0.0002537632366673226;0.035178953808504;0.8978300906240729;-1.7364019747997732;0.03206024271746498;0.0560823901294993;0.8353058708159599;0.697735897819609;4.283283848974404;2.3075634364968733;0.020087692464565987;0.000508921467141013;0.05812174977057183;0.040787192821454;0.0002537675689462338;0.0453757520138675;1.079710010465625;-1.1591910804467978;0.031341035138765974;0.0560823901294993;1.0598108597600244;1.123199058465282;4.693348517574724;3.5199915347325983;0.020087692464565987;0.00047857240934160773;0.061180789232181065;0.0458855919241358;0.00036483564724220036;0.061180789232180996;0.0
-2.693724274138826;-0.0101967982053635;2.818249687354618;0.6519252350879471;-2.693724274138826;0.028785268154734468;0.040787192821454;0.6175774386940377;0.38140189278388786;4.283283848974404;1.4650341616197857;0.020087692464565987;0.0007673332390698727;0.05812174977057183;0.040787192821454;0.00014001925410307538;0.028551034975017802;0.9108327612728063;-1.7364019747997732;0.02398018707801562;0.040787192821454;0.8407935798039801;0.7069338438395918;4.283283848974404;2.3075634364968733;0.020087692464565987;0.0004818880467943782;0.05812174977057183;0.040787192821454;0.0002610198038276865;0.0453757520138675;1.329479977148042;-0.009313397095189524;0.034267074959232896;0.0560823901294993;1.3256511760179959;1.7573510404778954;4.283283848974404;4.210204977502509;0.020087692464565987;0.0005075813488674204;0.061180789232181065;0.040787192821454;0.0005589217420385547;0.0764759865402263;30.0
-4.248416868807626;0.040787192821454;4.283283848974404;0.6536456578506318;-2.693724274138826;0.028906918800881067;0.040787192821454;0.6177657687359783;0.3816345450219542;4.283283848974404;1.4650341616197857;0.019068012644029797;0.0005443941667881687;0.05710206995003564;0.040787192821454;0.00014027919083717754;0.028551034975017802;1.1143834629370102;-1.1591910804467978;0.031082677704973926;0.040787192821454;1.1256754975001881;1.267145325672296;4.283283848974404;3.109926866132278;0.020087692464565987;0.0007009627262957649;0.061180789232181065;0.040787192821454;0.0003962128992342724;0.0560823901294992;1.443878529156637;-0.009313397095189524;0.03557060650194437;0.0560823901294993;1.4511270507291298;2.1057697173578225;4.283283848974404;4.210204977502509;0.020087692464565987;0.0005108738808327165;0.061180789232181065;0.040787192821454;0.0006542434306197879;0.0764759865402263;30.0
-3.674282873244806;0.0163148771285816;3.6932801312662606;1.3519118836939799;-1.1591910804467978;0.03799248194669378;0.040787192821454;1.353619763061504;1.8322864629506828;4.283283848974404;3.109926866132278;-0.01050270215152449;0.00027345344427557753;0.030590394616090588;0.040787192821454;0.0005964681591866443;0.0560823901294992;1.6776962262904604;-0.009313397095189524;0.03497813917395437;0.040787192821454;1.679907148407155;2.8220880272694595;4.283283848974404;4.210204977502509;0.019068012644029797;0.0004935332124821617;0.060161109411644875;0.040787192821454;0.0008972669478897914;0.0764759865402263;1.5073031627167814;-0.009313397095189524;0.02859652016392404;0.040787192821454;1.5197047899739604;2.309502648669799;4.283283848974404;4.210204977502509;0.020087692464565987;0.00045874790108740957;0.061180789232181065;0.040787192821454;0.0007113284256145785;0.0764759865402263;30.0
-1.1591910804467978;-0.0479249515652085;1.1733569828421255;2.019134524455911;-0.009313397095189524;0.04442633928243993;0.040787192821454;2.008566180345419;4.034338100827386;4.283283848974404;4.210204977502509;-0.011522381972060902;0.00018117590366927472;0.029570714795554176;0.040787192821454;0.0013172727228522153;0.0764759865402263;1.6922010969603782;-0.009313397095189524;0.03583706762351589;0.040787192821454;1.6956570173299603;2.8752527204203373;4.283283848974404;4.210204977502509;0.002753135515448202;0.00029611992748929735;0.04384623228306328;0.040787192821454;0.0009180618866179721;0.0764759865402263;1.7651229664489683;0.6409613911264818;0.027115091078997174;0.040787192821454;1.6104529782596897;2.5935587951855044;4.283283848974404;4.210204977502509;0.020087692464565987;0.0004484313009294836;0.061180789232181065;0.040787192821454;0.0009762183985944543;0.0876924645661261;0.0
-0.009313397095189524;-0.0448659121035994;0.07307887147189421;1.5799738900137175;-0.009313397095189524;0.029868091191754428;0.0163148771285816;1.5687637859849164;2.461019816217729;3.6932801312662606;3.6202012597943662;0.002753135515448202;0.00035446705973745247;0.04384623228306328;0.0295707147955541;0.0007870017852836039;0.06525950851432641;1.7198282780276417;-0.009313397095189524;0.035833682593810465;0.040787192821454;1.7180554435670654;2.9517145071704256;4.283283848974404;4.210204977502509;0.002753135515448202;0.0003475874008415458;0.04384623228306328;0.040787192821454;0.0009471748008374253;0.0764759865402263;1.8149389968048815;0.6409613911264818;0.027115091078997174;0.040787192821454;1.607623338202766;2.584452797534205;4.283283848974404;4.210204977502509;0.019068012644029797;0.0003899744176158206;0.060161109411644875;0.040787192821454;0.0010295343109447623;0.0876924645661261;0.0
-0.8291366247774572;-0.0336494340776996;0.8347984667814174;0.5038687490138666;-0.009313397095189524;0.013841003324664224;-0.0173345569491179;0.4787523587745435;0.22920382103218917;1.1733569828421255;1.1002781113702313;0.002753135515448202;0.00043071516840745045;0.04384623228306328;-0.0152951973080452;8.248659028844529e-05;0.0203935964107271;1.4753287384021845;0.6409613911264818;0.023507250763757835;0.0163148771285816;1.2635721484802833;1.596614574415079;3.6932801312662606;3.6202012597943662;0.002753135515448202;0.0002624321267496457;0.04384623228306328;0.0295707147955541;0.0006848813070126372;0.07647598654022619;1.7442905821857837;0.6409613911264818;0.027227339438805107;0.040787192821454;1.4853635262288825;2.2063048050511;4.283283848974404;4.210204977502509;0.009890894259202643;0.0002812399935549095;0.05098399102681772;0.040787192821454;0.0009598135024866664;0.0876924645661261;0.0
-0.9500467436433495;-0.0173345569491179;0.9582223352365409;0.7464951982578637;0.6409613911264818;0.012075781872465555;-0.0173345569491179;0.3915776387881002;0.15333304719886387;0.9582223352365409;0.8851434637646467;0.002753135515448202;0.00017701691592364043;0.028551034975017986;-0.0183542367696543;0.00018186906829354292;0.0285510349750178;0.7434243346423743;0.6409613911264818;0.014908495456384615;-0.0112164780258998;0.393769118890972;0.15505411899217242;1.1733569828421255;1.1002781113702313;0.009890894259202643;0.0003737890236390548;0.05098399102681772;-0.0152951973080452;0.00017110768750171684;0.0316100744366269;1.8306808332210718;1.33700150188873;0.027492525913367268;0.040787192821454;1.4169644560649233;2.0077882697513636;4.283283848974404;4.210204977502509;0.02977465075966157;0.0004744971789880732;0.07086774752727665;0.040787192821454;0.0010389642380208037;0.09737942286122139;0.0
0.6409613911264818;-0.023452635872336;0.6438229280952148;0.7989827538004901;0.6409613911264818;0.009565444600435192;-0.0112164780258998;0.22958528813029594;0.05270940452587101;0.9582223352365409;0.5253163360886375;0.009890894259202643;0.00012546279699335598;0.02651167533394494;-0.0183542367696543;0.00020058451314890584;0.0285510349750178;0.6626421240924495;0.6409613911264818;0.01547317230640793;-0.0020393596410727;0.3131432298783992;0.09805868241867596;0.9582223352365409;0.8851434637646467;0.009890894259202643;0.00017135029512021176;0.03568879371877243;-0.0183542367696543;0.0001386675830857545;0.0285510349750178;1.5579005425346808;1.8512977194858071;0.024382826823674646;0.0163148771285816;1.0217498718632572;1.0439728006525826;3.6932801312662606;3.6202012597943662;0.02977465075966157;0.00038034231752436567;0.07086774752727665;0.0295707147955541;0.0007447620659919953;0.0978892627714896;0.0
0.2998886004944361;-0.0112164780258998;0.4329059991479034;0.709755502114936;0.6409613911264818;0.009134532918919443;-0.0020393596410727;0.2207536916923509;0.04873219239580152;0.9582223352365409;0.5253163360886375;0.009890894259202643;0.0001237298854326754;0.02651167533394494;-0.0183542367696543;0.0001587346989584421;0.0285510349750178;0.8823147425942156;1.33700150188873;0.011297010136574087;-0.0020393596410727;0.33299038328068964;0.1108825953574206;1.3684983518818445;0.9355923527339411;0.02977465075966157;0.00025540517037108;0.046395431834403866;-0.0183542367696543;0.00022712405370075347;0.038237993270113096;0.992669420295974;1.8512977194858071;0.019370207969803186;-0.0020393596410727;0.5034976755030386;0.2535099092369631;1.8541456375944658;1.7810667661225716;0.02977465075966157;0.00038034231752436556;0.07086774752727665;-0.0152951973080452;0.000298202309548049;0.05302335066789031;0.0
0.3762905706098518;-0.0020393596410727;0.5857018968188018;0.47216337676408693;1.33700150188873;0.011228782751726719;-0.0020393596410727;0.41678015807018437;0.17370570016100786;1.3684983518818445;0.9355923527339411;0.02977465075966157;0.00041838983493209945;0.046395431834403866;-0.0397675130009177;5.638460990567651e-05;0.016824717038849697;0.9646782956388055;1.8512977194858071;0.023048156987243808;-0.0020393596410727;0.5446299989699438;0.29662183577800094;1.8541456375944658;1.4212396384465624;0.02977465075966157;0.00029491555395462363;0.046395431834403866;-0.0183542367696543;0.00028576578091422396;0.049964311206281205;0.9464241833965522;1.8512977194858071;0.01842336378258186;-0.0020393596410727;0.5522397704467945;0.30496876406312834;1.8541456375944658;1.7810667661225716;0.03232385031100238;0.00035455659350142055;0.05812174977057216;-0.0183542367696543;0.0002649304075829588;0.049964311206281205;0.0
1.33700150188873;-0.026256755378811;1.3684983518818445;0.7556135954702737;1.8512977194858071;0.029325306614495856;-0.0020393596410727;0.6693389055891438;0.44801457053527277;1.8541456375944658;1.4212396384465624;0.02977465075966157;0.00036674907042378636;0.04231671255225866;-0.0397675130009177;0.0001801144953383532;0.028551034975017806;0.6011628102623231;1.8512977194858071;0.022906748397711944;-0.0020393596410727;0.5495484916436622;0.3020035446678242;1.8541456375944658;1.4212396384465624;0.02977465075966157;0.0002957473515037509;0.046395431834403866;-0.0397675130009177;0.00011212804253391367;0.028551034975017806;0.9318743615832407;1.8512977194858071;0.0271444868233795;0.0387478331803813;0.46771723448318225;0.21875941143259608;1.8541456375944658;1.4212396384465624;0.03232385031100238;0.0002683962307043237;0.048944631385744675;-0.0183542367696543;0.0002586226095020772;0.049964311206281205;0.0
1.8512977194858071;-0.0683185479759355;1.8541456375944658;0.64227316812677;1.8512977194858071;0.02738412680992196;-0.0020393596410727;0.5736040484515441;0.32902160440000133;1.8541456375944658;1.268443740775664;0.02977465075966157;0.0003636298296145588;0.04231671255225866;-0.0418068726419904;0.00012864702198610593;0.026511675333945106;0.6522458490301419;1.8512977194858071;0.022837423103319498;-0.0020393596410727;0.5870128224422044;0.344584053711563;1.8541456375944658;1.4212396384465624;0.03232385031100238;0.00036728194072869574;0.04486591210359947;-0.0397675130009177;0.00012619928440664934;0.028551034975017806;0.8446644474997738;1.8512977194858071;0.031802290366875124;0.0387478331803813;0.5270464550415364;0.2777779657718502;1.8541456375944658;1.4212396384465624;0.03232385031100238;0.0002816125695404566;0.048944631385744675;-0.0183542367696543;0.0002099393473906579;0.049964311206281205;0.0
0.7940611325662945;-0.0326297542571632;0.7963400718505973;0.45519101761919917;1.8512977194858071;0.020142844019415275;-0.026256755378811;0.45608550520824825;0.20801398806106305;1.8541456375944658;1.0578055657438685;0.03232385031100238;0.0005123136415210502;0.04486591210359947;-0.0489446313857448;6.608891464549572e-05;0.019373916590190707;0.5613081240456924;1.8512977194858071;0.0356318465088568;0.0387478331803813;0.5071927763070111;0.2572445123380138;1.8541456375944658;1.268443740775664;0.03232385031100238;0.0003666580925668503;0.04486591210359947;-0.0418068726419904;9.25114836669966e-05;0.026511675333945106;0.5944852707326528;1.8512977194858071;0.03242803830087656;0.0387478331803813;0.5263277232309113;0.2770208722414347;1.8541456375944658;1.4212396384465624;0.03232385031100238;0.00027599793608384785;0.048944631385744675;-0.0397675130009177;0.00010259125257829276;0.028551034975017806;0.0
1.6163253705634686;-0.0265116753339451;1.6302201212890108;0.5431386072094944;1.8512977194858071;0.04460540783802719;0.0387478331803813;0.5323772965737513;0.2834255859071759;1.8541456375944658;1.0578055657438685;0.03232385031100238;0.0003698033270494844;0.04486591210359947;-0.0489446313857448;9.17576671380939e-05;0.019373916590190707;0.45961532267445987;1.8512977194858071;0.04207597817426154;0.0387478331803813;0.46134685907763406;0.21284092438079832;1.8541456375944658;1.0578055657438685;0.03232385031100238;0.0003140468975845501;0.04486591210359947;-0.0489446313857448;6.429968345909832e-05;0.019373916590190707;0.5960960589939358;1.8512977194858071;0.032140600262412895;0.0387478331803813;0.5025625024252751;0.2525690688439547;1.8541456375944658;1.4212396384465624;0.03232385031100238;0.00022682657054950395;0.04486591210359947;-0.0397675130009177;0.00010381584341450781;0.028551034975017806;0.0
0.8220758234905299;0.0387478331803813;0.8745819539818981;0.502657287316563;1.7328053441647175;0.03866164593839779;0.0387478331803813;0.5154025065696721;0.26563974377830096;1.8053758851603101;1.0090358133097128;0.03232385031100238;0.0002145344512124;0.034669113898236015;-0.0489446313857448;6.472424679145854e-05;0.015295197308045294;0.6014195555824582;1.8512977194858071;0.042250217315607554;0.0387478331803813;0.4901964491899295;0.24029255879841513;1.8541456375944658;1.0578055657438685;0.03232385031100238;0.00023692366857640878;0.04486591210359947;-0.0418068726419904;0.00010927740301659254;0.026511675333945106;0.6107008516568936;1.8512977194858071;0.036038796196459916;0.0387478331803813;0.43440327237876536;0.18870620305337982;1.8541456375944658;1.268443740775664;0.03232385031100238;0.0002587121432660484;0.04486591210359947;-0.0387478331803813;0.00010663471288655024;0.029570714795554204;30.0
1.7328053441647175;0.0356887937187723;1.8053758851603101;0.6345692633334804;1.7328053441647175;0.03035546179846391;0.0387478331803813;0.4625956619514768;0.213994746456325;1.8053758851603101;0.930793931178412;0.03232385031100238;0.00013308760786035664;0.024472315692872337;-0.0418068726419904;0.00011021317525935375;0.022432956051799693;0.5445179647717318;1.7328053441647175;0.03080997070284623;0.0387478331803813;0.4160221904354494;0.17307446293470932;1.8053758851603101;1.0090358133097128;0.03232385031100238;0.00017756278306525454;0.0361986336290403;-0.0418068726419904;7.877815954859353e-05;0.022432956051799693;0.5792952554401832;1.8512977194858071;0.03609221067386363;0.0387478331803813;0.384152088827396;0.14757282735045152;1.8541456375944658;1.0578055657438685;0.03232385031100238;0.0003671577487335115;0.061180789232181176;-0.0387478331803813;9.54516569482841e-05;0.029570714795554204;0.0
0.4128144083867977;0.0076475986540226;0.9856005820823995;0.5822626199860547;1.7328053441647175;0.024454606510660972;0.0387478331803813;0.41528984690114273;0.17246565693917457;1.8053758851603101;0.930793931178412;0.016008973182420783;6.69553704258397e-05;0.019883756500458705;-0.0418068726419904;9.591665488372937e-05;0.022432956051799693;0.6374369907527554;1.7328053441647175;0.038433949479026064;0.0387478331803813;0.35988465350923887;0.1295169638314649;1.8053758851603101;0.930793931178412;0.03232385031100238;0.0002277479018625985;0.04282655246252687;-0.0387478331803813;0.00010789107376804675;0.02549199551340879;0.5779003207543878;1.8512977194858071;0.03783838109881279;0.0387478331803813;0.44473914861226965;0.19779291030836646;2.066585415687548;1.2702453438369505;0.03232385031100238;0.0003000969595210619;0.061180789232181176;-0.0387478331803813;9.59455367430784e-05;0.029570714795554204;0.0
0.6168708680987001;-0.0127459977567043;1.2472989315316387;0.6851398463139223;1.7328053441647175;0.04084026661465582;0.0356887937187723;0.3418926061204029;0.11689055411980094;1.8053758851603101;0.8197753030779106;0.016008973182420783;0.00014025752944267923;0.026511675333945273;-0.0387478331803813;0.00013057488609736424;0.02549199551340879;0.5318440117345173;1.7328053441647175;0.03910663767869654;0.0387478331803813;0.37016457895735416;0.13702181551467527;1.8053758851603101;0.930793931178412;0.016008973182420783;0.0002630992977005083;0.04486591210359958;-0.0387478331803813;7.929803301679813e-05;0.02549199551340879;0.5062785594254557;1.7328053441647175;0.036968139975065664;0.0489446313857448;0.4611166125271549;0.2126285303485183;2.066585415687548;1.2702453438369505;0.03232385031100238;0.00027417260257326303;0.061180789232181176;-0.0387478331803813;6.794168592246152e-05;0.02549199551340879;0.0
0.19192703791274957;-0.061180789232181;1.3414957981500875;0.25428748972805026;0.7789576784302961;0.029255512639854864;0.0076475986540226;0.28930223867518423;0.08369578530247328;1.6855373375594218;0.6999367554770223;0.00785153461813004;0.00023556766528017728;0.03670847353930884;-0.0387478331803813;2.3827533959368952e-05;0.011216478025899895;0.5792127492290872;1.7328053441647175;0.035669365958095375;0.0356887937187723;0.3998465719790605;0.159877281123406;2.066585415687548;1.0809848336051484;0.016008973182420783;0.00029325195885636964;0.04486591210359958;-0.0387478331803813;9.26067938028338e-05;0.02549199551340879;0.5499609459802891;1.7328053441647175;0.03634331773924006;0.0489446313857448;0.4019693190059047;0.1615793334220708;2.066585415687548;1.1920034617056499;0.03232385031100238;0.00027733805435744153;0.061180789232181176;-0.0387478331803813;8.114647201485636e-05;0.02549199551340879;0.0
0.7789576784302961;-0.0316100744366268;1.6855373375594218;0.4637813131552693;1.3136507373608985;0.034196983863077166;0.020393596410727;0.37209692570887615;0.1384561221219969;2.066585415687548;0.8192864841559091;0.013969613541347958;0.0003130288120426488;0.04282655246252676;-0.0387478331803813;5.8918993063174154e-05;0.018354236769654295;0.4435013789729773;1.3136507373608985;0.03908669198241562;0.0489446313857448;0.4320847077444544;0.18669719466661058;2.066585415687548;1.0809848336051484;0.013969613541347958;0.00023835332061397158;0.04282655246252676;-0.0387478331803813;5.600770164123544e-05;0.018354236769654295;1.2000253922663358;1.7328053441647175;0.035397889567180096;0.0489446313857448;0.62675821764935;0.39282586339099007;3.034554712622222;2.159972758640324;0.016008973182420783;0.00018406120141781226;0.04486591210359958;0.0112164780258998;0.00043139100391611184;0.07545630671968989;0.0
1.3136507373608985;0.020393596410727;2.066585415687548;0.5125927072082341;1.3136507373608985;0.049720066239804316;0.0489446313857448;0.33047290102385624;0.10921233831112348;2.066585415687548;0.7250896175374604;0.013969613541347958;0.0003516944012403596;0.04282655246252676;-0.0387478331803813;7.104937398794661e-05;0.018354236769654295;0.46942778237378374;1.3136507373608985;0.041432662415060245;0.0489446313857448;0.33253698184864433;0.11058084429700561;2.066585415687548;0.8192864841559091;0.013969613541347958;0.00021131990026733582;0.04282655246252676;-0.0387478331803813;6.19689174099806e-05;0.018354236769654295;1.7504081190225769;1.7328053441647175;0.03416544562173136;0.0489446313857448;0.8633440768260618;0.745362994990645;3.8203017421719707;2.8347011600895713;0.016008973182420783;0.00019328029092063935;0.04486591210359958;0.0285510349750178;0.0009318558626409991;0.0927908636688079;0.0
1.2214615027190878;0.0489446313857448;1.9912015418344164;0.4797399241487599;1.3136507373608985;0.0344132497821681;0.0489446313857448;0.23339251383794307;0.05447206551559445;2.066585415687548;0.48275797010850363;0.013969613541347958;0.00033921743800345095;0.04282655246252676;-0.0397675130009177;6.333791754291255e-05;0.017334556949117896;1.4654346769674291;1.3136507373608985;0.042872251818077994;0.0489446313857448;0.5942805978505293;0.3531694289815826;3.034554712622222;1.6930589144721346;0.013969613541347958;0.0002480489607959856;0.04282655246252676;0.0112164780258998;0.0006519906455908981;0.0683185479759354;1.808412858838739;1.3136507373608985;0.032593620589930386;0.0489446313857448;0.88758297420911;0.7878035361058897;3.8203017421719707;2.8347011600895713;0.013969613541347958;0.0007568924469167691;0.09381054348934426;0.0285510349750178;0.0010086007392917252;0.0856531049250534;0.0
0.26639848371864927;0.0295707147955541;1.5838274455790442;1.852789624235182;1.3136507373608985;0.011920517940756447;0.0489446313857448;0.6147392158864339;0.3779043035486675;3.034554712622222;1.450727267043178;0.013969613541347958;6.264475291864417e-05;0.018354236769654197;0.0112164780258998;0.0010303025684033215;0.0683185479759354;2.134977808351233;1.3136507373608985;0.028852915169034585;0.0489446313857448;0.8794171535771638;0.7733745300057608;3.8203017421719707;2.2364742965929265;0.013969613541347958;0.00025148012568613565;0.04282655246252676;0.0285510349750178;0.0013976971483834642;0.0856531049250534;2.1488444189930322;1.3136507373608985;0.033688936358916045;0.0489446313857448;1.0501216497021841;1.1027554791732366;4.284014554782069;3.0367156232504304;0.023146731926175224;0.0008418051133901745;0.10298766187417152;0.0387478331803813;0.0014092614448650818;0.0958499031304169;0.0
-2.648718543576064;0.0316100744366268;3.034554712622222;2.306028364481402;1.2214615027190878;0.02170066166307505;0.0489446313857448;1.013408946463921;1.0269976927731144;3.8203017421719707;2.2364742965929265;0.009890894259202643;9.080456577972401e-05;0.021413276231263545;0.0285510349750178;0.0016271173099021141;0.0846334251045171;2.1832173519300326;1.3136507373608985;0.01911729709315045;0.0489446313857448;0.8164407137236317;0.666575439025553;3.8203017421719707;2.2364742965929265;0.013969613541347958;0.001218444776546547;0.09381054348934426;0.0285510349750178;0.0014529077107067842;0.0856531049250534;2.220266738612385;1.3136507373608985;0.0334688748775398;0.0489446313857448;1.019165153478759;1.0386976100653824;4.284014554782069;2.9425187566319817;0.023146731926175224;0.000840025990854541;0.10298766187417152;0.0387478331803813;0.0015063044922632594;0.0958499031304169;0.0
-3.6167829212707754;-0.003059039461609;3.8203017421719707;1.6724384989233259;0.26639848371864927;0.01762945513645453;0.0316100744366268;0.9301610680558136;0.8651996125267317;3.8203017421719707;2.2364742965929265;0.009890894259202643;0.0015938454079370329;0.08973182420719894;0.0285510349750178;0.0008668023626530007;0.0683185479759355;2.1895339227820942;1.2214615027190878;0.02698910975591751;0.0489446313857448;1.0395409523800099;1.0806453916751382;4.284014554782069;2.700187109203025;0.023146731926175224;0.0013248108881411937;0.10298766187417152;0.0387478331803813;0.0014529077107067847;0.09483022330988061;2.541116043999473;1.3136507373608985;0.026723480441377477;0.0489446313857448;1.3095557366190163;1.7149362273117743;5.6768439834555;4.093016537876456;0.023146731926175224;0.0008444160334749347;0.10298766187417152;0.0652595085143265;0.0019870834756588037;0.1223615784643621;0.0
-2.5410166945253896;0.0040787192821454;2.645600832508712;0.8244684848586743;-2.5410166945253896;0.023147705168391708;0.0316100744366268;0.7421356983703522;0.5507653947956505;4.284014554782069;1.638413722273357;0.023146731926175224;0.0020968229884249096;0.10298766187417152;0.0387478331803813;0.00019295970228190551;0.028551034975017802;1.593711830401257;0.26639848371864927;0.021052540482325667;0.0316100744366268;0.9535079117264458;0.9091773377249275;4.284014554782069;2.700187109203025;0.023146731926175224;0.0012820512953813721;0.10298766187417152;0.0387478331803813;0.0007708337204224513;0.078515346181299;2.4488678581221293;1.3136507373608985;0.025154169073532462;0.0489446313857448;1.2619248114641017;1.5924542297887088;5.6768439834555;4.093016537876456;0.023146731926175224;0.0009156820214079714;0.10298766187417152;0.0652595085143265;0.0018389917418688774;0.1223615784643621;30.0
-4.270790166124378;-0.0244723156928724;4.284014554782069;0.7132455665314825;-2.5410166945253896;0.014811704951905567;0.0091771183848271;0.6926861313849971;0.4798140766131134;4.284014554782069;1.638413722273357;0.023146731926175224;0.0019014155485635347;0.10298766187417152;0.0387478331803813;0.00013958602621290752;0.028551034975017802;1.1609232602729858;-2.5410166945253896;0.023436374469479798;0.0397675130009177;1.0765649183293085;1.1589920233773907;5.6768439834555;3.031243150946788;0.023146731926175224;0.0012713765601675723;0.10298766187417152;0.0652595085143265;0.0004174237367370181;0.05506271030896301;2.177913263604153;1.2214615027190878;0.028359404226043515;0.0489446313857448;1.2685277798481003;1.60916272824635;5.6768439834555;4.093016537876456;0.036402569593147804;0.0010890193884510982;0.1162434995411441;0.0652595085143265;0.0014489480077906328;0.1213418986438258;30.0
-3.4516253405217645;0.0091771183848271;3.4516911810012822;1.3295709235889432;-2.5410166945253896;0.026314852453479937;0.0397675130009177;1.2944322186972803;1.6755547688015635;5.6768439834555;3.031243150946788;0.023146731926175224;0.0018865125091416723;0.10298766187417152;0.0652595085143265;0.0005450873314124365;0.05506271030896301;1.0452016227859124;-2.5410166945253896;0.023631506078650555;0.0397675130009177;1.0086710189339083;1.0174172244371689;5.6768439834555;3.031243150946788;0.023146731926175224;0.001235496626303657;0.10298766187417152;0.0652595085143265;0.00033879287467108364;0.05506271030896301;1.657938483067952;0.26639848371864927;0.03507000282769481;0.0397675130009177;1.194452697575274;1.426717246744849;5.6768439834555;4.093016537876456;0.036402569593147804;0.0010766001889328794;0.1162434995411441;0.0652595085143265;0.0008420823792398883;0.1050270215152442;30.0
-5.673794277805254;0.0397675130009177;5.6768439834555;0.930363754372726;-3.4516253405217645;0.03036866036878838;0.0397675130009177;0.9305248992078149;0.865876588045714;5.6768439834555;2.2251528024542178;0.023146731926175224;0.0007151726010933567;0.0647496686040584;0.0652595085143265;0.0002771575427365308;0.039767513000917805;1.0786050622949728;-2.5410166945253896;0.02671029182792042;0.0397675130009177;1.0515129810513413;1.1056795493194782;5.6768439834555;3.031243150946788;0.036402569593147804;0.0018170270878372374;0.1162434995411441;0.0652595085143265;0.00035064598974614655;0.05506271030896301;0.9989494483965372;-2.5410166945253896;0.0395160101045966;0.0397675130009177;0.931160681183759;0.8670602141826023;5.6768439834555;3.031243150946788;0.036402569593147804;0.0012013698213019645;0.1162434995411441;0.0652595085143265;0.0003000276430586403;0.05506271030896301;30.0
-4.157937560178118;-0.0224329560517997;4.166183763290874;0.9441415437798494;-3.4516253405217645;0.03183813150014898;0.0397675130009177;0.946343353919582;0.8955657435077632;5.6768439834555;2.2251528024542178;0.036402569593147804;0.001051963962911854;0.07800550627103098;0.0652595085143265;0.0002750780488637126;0.039767513000917805;0.7459648910926889;-3.4516253405217645;0.038905384354778895;0.0397675130009177;0.7507379541750884;0.5636074758389971;5.6768439834555;2.2251528024542178;0.036402569593147804;0.0007735370624571182;0.07800550627103098;0.0652595085143265;0.0001736810611693271;0.039767513000917805;0.8792199288788571;-2.5410166945253896;0.039664831440448814;0.0397675130009177;0.8483667117677217;0.7197260776355766;5.6768439834555;3.031243150946788;0.036402569593147804;0.0012293159084038924;0.1162434995411441;0.0652595085143265;0.00022909379650806768;0.05506271030896301;0.0
-4.785491978329922;-0.0295707147955541;4.806446433892976;0.6256627466125023;-4.157937560178118;0.047364831958517296;0.0397675130009177;0.6206380559779139;0.38519159652804413;5.6768439834555;1.5106602201646258;0.036402569593147804;0.0010626863531935724;0.07800550627103098;0.0652595085143265;0.0001206756288069685;0.026001835423677004;0.7405140061858443;-3.4516253405217645;0.046004024072133054;0.0397675130009177;0.7497074265071946;0.5620612253600406;5.6768439834555;2.2251528024542178;0.036402569593147804;0.0008042095970811847;0.07800550627103098;0.0652595085143265;0.00016785847832543634;0.039767513000917805;0.8572164378443081;-2.5410166945253896;0.04001065041978268;0.0397675130009177;0.8394193127590361;0.7046247826328526;5.6768439834555;3.031243150946788;0.04048128887529323;0.0014832567685061954;0.12032221882328953;0.0652595085143265;0.00021807247898213188;0.05506271030896301;0.0
-4.735201296370199;-0.07545630671969;4.795975273141403;0.3000981376333556;-4.157937560178118;0.028996701351063744;-0.0224329560517997;0.328243260011231;0.10774363774280059;4.8586980246379605;0.6925142613470863;0.036402569593147804;0.0012118900385682703;0.07800550627103098;0.0479249515652085;1.618106169785894e-05;0.008667278474558997;0.6534352076014424;-3.7502596589095685;0.045640972041185855;0.0397675130009177;0.5939001709168654;0.3527174130150819;5.6768439834555;1.6701853815842158;0.036402569593147804;0.0009769895442389585;0.07800550627103098;0.0652595085143265;0.00012564475270722902;0.03364943407769971;0.70904502266589;-3.3167889650233713;0.040076429458704634;0.0397675130009177;0.6409307055387469;0.4107921693023958;5.6768439834555;2.2251528024542178;0.04048128887529323;0.0008342120725684553;0.0820842255531764;0.0652595085143265;0.00015078929945272913;0.041806872641990504;0.0
-4.749213392903897;-0.0764759865402263;4.8586980246379605;0.5036339754176243;-3.7502596589095685;0.022669250612231812;-0.0295707147955541;0.40778125051323316;0.16628554827013622;4.8586980246379605;0.8520394227666763;0.036402569593147804;0.0009332595210051535;0.06831854797593562;0.0479249515652085;6.134506924812738e-05;0.0163148771285817;0.4211283832738479;-3.7502596589095685;0.024050181303357208;-0.0224329560517997;0.3643253682145202;0.13273297392464573;4.8586980246379605;0.8520394227666763;0.04048128887529323;0.0012514827354509477;0.0820842255531764;0.0479249515652085;4.329679534363208e-05;0.0163148771285817;1.5227905069280565;-0.05677587974531839;0.04020464765209338;0.0397675130009177;1.0203185192263988;1.041049880676351;5.6768439834555;3.7363825233341528;0.04048128887529323;0.0010172075333764454;0.09075150402773513;0.0652595085143265;0.0007310143009439269;0.10094830223309881;0.0
-3.7502596589095685;-0.0723972672580809;4.006658601871284;0.4747635705367148;-3.7502596589095685;0.009005568335197216;-0.0571020699500356;0.3879207692735018;0.15048252323374542;4.8586980246379605;0.8520394227666763;0.04048128887529323;0.001015746111293605;0.07239726725808104;0.0479249515652085;6.056525904582055e-05;0.0163148771285817;0.6149502571997436;-3.3167889650233713;0.01832494480834551;-0.0295707147955541;0.4660563193484543;0.21720849280462845;4.8586980246379605;1.0879573933674855;0.04048128887529323;0.0009016685432539272;0.07239726725808104;0.0479249515652085;0.00010050887051954015;0.024472315692872497;1.7360438129171138;-0.05677587974531839;0.03615416487043369;0.0397675130009177;1.1608709119864038;1.3476212742961446;5.6768439834555;3.7363825233341528;0.04048128887529323;0.0010562933536276229;0.09075150402773513;0.0652595085143265;0.000944809376557101;0.10094830223309881;0.0
-4.247730156889316;-0.0571020699500356;4.578868954582073;0.619358470636173;-3.3167889650233713;0.008672275464581873;-0.0571020699500356;0.5020026676323645;0.25200667831001017;4.8586980246379605;1.0879573933674855;0.04048128887529323;0.0011939760653097238;0.07239726725808104;0.0469052717446721;9.799614875654644e-05;0.0234526358723361;1.7660061031741063;-0.05677587974531839;0.008813007213758297;-0.0571020699500356;1.095439435079901;1.199987555928173;4.8586980246379605;2.9182365645166133;0.04048128887529323;0.0011992094582229784;0.09075150402773513;0.0479249515652085;0.000979199006478824;0.0836137452839808;2.3395818840487346;1.983873718743717;0.02360631582734372;-0.0152951973080452;1.0781467105262508;1.162400329418575;4.8586980246379605;2.9182365645166133;0.04048128887529323;0.0010802075331650314;0.09075150402773513;0.0479249515652085;0.001711102868690566;0.1193025390027531;0.0
-3.3167889650233713;-0.0734169470786173;3.770740631270475;1.895952503311917;-0.05677587974531839;0.00885028827456008;-0.0571020699500356;1.1407760495705228;1.3013699952737279;4.578868954582073;2.6384074944607256;0.04048128887529323;0.001538392237995215;0.09075150402773513;0.037728153359845;0.0011437216300499429;0.0734169470786173;1.8387837865298184;-0.05677587974531839;0.014658821014138061;-0.037728153359845;1.1879926006808954;1.4113264192725572;4.8586980246379605;2.9182365645166133;0.04048128887529323;0.001253796172384454;0.09075150402773513;0.0469052717446721;0.001049901798154638;0.0825940654634444;2.4602336208025504;1.983873718743717;0.02360631582734372;-0.0152951973080452;1.2004217672113695;1.4410124191948674;4.8586980246379605;2.9182365645166133;0.04048128887529323;0.0009611882789914738;0.09075150402773513;0.0479249515652085;0.0018745597516518706;0.1193025390027531;0.0
-0.05677587974531839;-0.058121749770572;1.9404614601213475;1.9074859072270947;-0.05677587974531839;0.014623313119403797;-0.037728153359845;1.2291648157670316;1.5108461443196008;4.578868954582073;2.6384074944607256;0.04048128887529323;0.0014780869156834908;0.09075150402773513;0.037728153359845;0.0011284720083159438;0.0734169470786173;2.438838473938984;1.983873718743717;0.022309016119672263;-0.0152951973080452;1.0328451903882754;1.0667691873081928;4.578868954582073;2.6384074944607256;0.04048128887529323;0.0009522695608258312;0.09075150402773513;0.037728153359845;0.0018780948912356572;0.1091057407973896;2.4660000654447916;1.983873718743717;0.022622699829772955;-0.0152951973080452;1.2170767420898059;1.4812757961359357;4.8586980246379605;2.9182365645166133;0.04048128887529323;0.0008032507193509394;0.09075150402773513;0.0479249515652085;0.00188250803934353;0.1193025390027531;0.0
-1.260138679150499;-0.037728153359845;2.348167671697653;2.2190551639932883;1.983873718743717;0.025230637364451167;-0.0152951973080452;0.7868667289380388;0.619159249109649;3.770740631270475;1.8302791711491275;-0.01764046089527893;0.00020266400702172583;0.03262975425716297;0.023452635872336;0.0015827547739486634;0.09483022330988061;2.3093324232828496;1.983873718743717;0.02264898408743778;-0.0152951973080452;1.0514817187985575;1.1056138049675688;4.578868954582073;2.6384074944607256;0.04048128887529323;0.0009080803160284465;0.09075150402773513;0.037728153359845;0.0016585003382660682;0.1091057407973896;2.3024622048153764;1.983873718743717;0.02171835569452332;-0.0152951973080452;1.1029435894639246;1.2164845615395663;4.8586980246379605;2.9182365645166133;0.04048128887529323;0.0008074097070965754;0.09075150402773513;0.0469052717446721;0.0016393343364049296;0.1182828591822167;0.0
1.983873718743717;-0.0152951973080452;2.8067769330320713;1.3431848481886681;1.983873718743717;0.01895571713513786;-0.0152951973080452;0.3869429128401924;0.14972481779725272;2.8067769330320713;0.8663154729107239;-0.016620781074742297;0.00021106862809103463;0.0336494340776996;-0.0132558376669725;0.0005776660687532564;0.058121749770572106;1.7779148295467564;1.983873718743717;0.021723408484969682;-0.0152951973080452;0.7097787007850743;0.503785804088148;3.770740631270475;1.8302791711491275;0.01498929336188437;0.0004427935619853972;0.06525950851432627;0.023452635872336;0.0010046728064208464;0.09483022330988061;2.2888966068404373;1.983873718743717;0.019589179053685898;-0.0152951973080452;1.0989314840287316;1.2076504065895906;4.834946211181;2.894484751059653;0.04048128887529323;0.0006645138198027588;0.09075150402773513;0.046650351789538;0.0016364526488888123;0.1180279392270826;0.0
0.010071878305742743;-0.0224329560517997;2.052104258141488;1.336154077706714;1.983873718743717;0.012526577418422459;-0.0152951973080452;0.3767683750380407;0.1419544084288057;2.8067769330320713;0.8313453787416842;0.01498929336188437;0.0003663375039281208;0.040787192821454155;-0.0132558376669725;0.0005729005619613816;0.058121749770572106;1.6544776332057711;1.983873718743717;0.015065747781577085;-0.0152951973080452;0.5810422337561029;0.33761007740828164;3.405068124575213;1.4646066644538653;0.01498929336188437;0.0005237898483316614;0.06525950851432627;0.0163148771285816;0.0008637177800749948;0.0876924645661262;2.3855139121240327;1.983873718743717;0.01743225089542804;-0.0152951973080452;1.1814802179736252;1.395895505463005;4.834946211181;2.894484751059653;0.04048128887529323;0.0006877232819721559;0.09075150402773513;0.046650351789538;0.0017592294329631143;0.1180279392270826;0.0
0.36901107855691473;-0.0418068726419904;1.975431554290387;2.050076370628632;1.983873718743717;0.012104448457308618;-0.0152951973080452;0.676933587667379;0.45823908211222913;3.405068124575213;1.4296365702848257;0.01498929336188437;0.00032188832239663233;0.03976751300091774;0.0163148771285816;0.0013242043690949489;0.0876924645661262;2.4048722283960884;1.983873718743717;0.01358382946673698;-0.0152951973080452;1.0849875366668789;1.177197954722462;4.834946211181;2.859514656890613;0.01498929336188437;0.00025844643016007527;0.040787192821454155;0.046650351789538;0.0018089625506617101;0.1180279392270826;2.2420738518336982;1.983873718743717;0.018754287059222118;-0.0152951973080452;1.1125224399500213;1.237706179392349;4.834946211181;2.894484751059653;0.03844192923422041;0.0006668359212940707;0.0887121443866623;0.046650351789538;0.0015673499122206933;0.1180279392270826;0.0
-2.9357157679056836;-0.0356887937187723;3.405068124575213;2.4090050101103966;0.36901107855691473;0.012749396236369248;-0.0224329560517997;1.3492539729300839;1.8204862834676157;4.834946211181;2.859514656890613;0.01498929336188437;0.00017537064994099035;0.03161007443662667;0.046650351789538;0.0017780268300943574;0.087437544610992;2.8104104150467495;1.983873718743717;0.013710807638602305;-0.0152951973080452;1.2634951139363595;1.596419902941054;4.834946211181;2.859514656890613;0.018048332823493385;0.00028974281294598674;0.04282655246252676;0.046650351789538;0.002444091966767175;0.1180279392270826;2.1831273540688283;1.983873718743717;0.023032691562848387;-0.0152951973080452;1.09276884876637;1.194143756834178;4.834946211181;2.894484751059653;0.03844192923422041;0.0006758817196408294;0.0887121443866623;0.046650351789538;0.0014829975538185752;0.1180279392270826;0.0
-4.652914059850271;-0.0530233506678902;4.834946211181;2.358268572583643;0.36901107855691473;0.007417542858092858;-0.0356887937187723;1.3435455652865345;1.8051146860011134;4.834946211181;2.859514656890613;0.018048332823493385;0.00012234355618413232;0.023452635872336258;0.046650351789538;0.0016650843191269235;0.087437544610992;2.179973032183344;0.36901107855691473;0.013710807638602305;-0.0152951973080452;1.3172379401968206;1.7351157910939627;4.834946211181;2.859514656890613;0.03844192923422041;0.00037999284702629123;0.0550627103089627;0.046650351789538;0.0014409267934041205;0.087437544610992;2.146573667020683;1.983873718743717;0.022502949844511885;-0.0152951973080452;1.239192336001498;1.5355976456048497;4.834946211181;3.9711297908224985;0.03844192923422041;0.0004122741012158597;0.06423982869379019;0.046650351789538;0.001424540670504911;0.1180279392270826;0.0
-4.613916542724513;-0.0397675130009177;4.735277451744477;1.2366454343401012;-2.1822534648166627;0.015628623883058003;-0.0152951973080452;1.1991344149089378;1.4379233450190008;4.834946211181;2.522847601538942;0.03844192923422041;0.00037942098621126917;0.04384623228306328;0.046650351789538;0.00046352676573922384;0.043591312327929;1.8620113358606758;0.36901107855691473;0.025675725510145814;-0.0152951973080452;1.2592071635539976;1.5856026807457044;4.834946211181;2.859514656890613;0.03844192923422041;0.00023040792110824598;0.04384623228306328;0.046650351789538;0.0010394978303721952;0.087437544610992;2.2658829572762325;1.983873718743717;0.02329006896011255;-0.0152951973080452;1.3720518372247266;1.8825262440317476;4.834946211181;3.9711297908224985;0.03844192923422041;0.0004386605679131739;0.06831854797593562;0.046650351789538;0.0015944237671704107;0.1180279392270826;0.0
-2.1822534648166627;-0.0152951973080452;2.3120986096420584;1.367890062197359;-2.1822534648166627;0.03217617675446852;-0.0152951973080452;1.3976690531867715;1.953478782236006;4.834946211181;2.522847601538942;0.03844192923422041;0.0003336721210092713;0.04384623228306328;0.046650351789538;0.0005670682314899576;0.043591312327929;1.5498523884892044;-0.6231438823090756;0.025605437399625387;-0.0152951973080452;1.5400980861741962;2.3719021150374218;4.834946211181;3.9711297908224985;0.03844192923422041;0.0002407793967989256;0.04384623228306328;0.046650351789538;0.0007266899645535341;0.0706128275721422;2.0569706870691826;0.6637422938724442;0.021819520105261267;-0.0152951973080452;1.4790604090191564;2.187619693527914;4.834946211181;3.9813929085746693;0.03844192923422041;0.0004329073015317102;0.06831854797593562;0.046650351789538;0.001304715612455637;0.0945753033547465;30.0
-2.35250964902866;-0.0922810237585398;2.4209588844664847;1.643262220504944;-0.6231438823090756;0.03211957714941728;-0.0152951973080452;1.6007847336530454;2.5625117634966514;4.735277451744477;3.8714610313859756;0.03844192923422041;0.00022378386666753618;0.03415927398796759;0.0448659121035994;0.0008025763279352326;0.0688283878862036;2.121433341512725;0.6637422938724442;0.027532141933224383;-0.0152951973080452;1.7626414804203914;3.1069049884985893;4.834946211181;3.9711297908224985;0.03844192923422041;0.00052657117138656;0.06831854797593562;0.046650351789538;0.0013937396116067567;0.0945753033547465;2.077655721353925;0.6637422938724442;0.02356229066227253;-0.0081574385642908;1.5768376637251689;2.486417017742249;4.834946211181;4.137221617527268;0.03844192923422041;0.0005097330473886014;0.06933822779647181;0.046650351789538;0.0013354401344265233;0.0945753033547465;0.0
-0.6231438823090756;-0.0499643112062812;0.8638164203585017;1.4231438052661631;0.6637422938724442;0.03511208151694399;-0.0152951973080452;0.8582044939322065;0.7365149534054348;2.4209588844664847;1.557142464107983;0.03844192923422041;0.0007857670857966294;0.06831854797593562;0.0061180789232181;0.0006448813759131956;0.0540430304884266;2.0171010027164438;0.6637422938724442;0.027380665878315308;-0.0152951973080452;1.5210943355896034;2.313727977762777;4.735277451744477;3.8817241491381465;0.03844192923422041;0.000665689311478089;0.06831854797593562;0.0448659121035994;0.001257651900606969;0.0927908636688079;2.0811397894592916;0.6637422938724442;0.02590786172876228;-0.0050983991026817;1.638079698213308;2.683305097698602;4.834946211181;4.137221617527268;0.03844192923422041;0.0005162025838818132;0.06933822779647181;0.046650351789538;0.0013506782034167848;0.0945753033547465;0.0
0.6637422938724442;-0.0214132762312633;0.9007826665493384;1.3912896574056473;0.6637422938724442;0.030304039667819586;-0.0214132762312633;0.7743863749693225;0.5996742577381281;2.4209588844664847;1.5674055818601536;0.009890894259202643;0.00039464894655076127;0.03976751300091785;0.0061180789232181;0.0006204473229075837;0.0540430304884266;1.3488340672073145;0.6637422938724442;0.03088426534318486;-0.0081574385642908;0.7977775714011799;0.6364490534307647;2.4209588844664847;1.723234290812752;0.03844192923422041;0.0007671686124716118;0.06933822779647181;0.0061180789232181;0.0005819117020769283;0.0540430304884266;2.055935929387702;0.6637422938724442;0.026010664485236916;-0.0050983991026817;1.6258798892410031;2.6434854142383366;4.834946211181;4.137221617527268;0.03844192923422041;0.0006252373792799079;0.07647598654022625;0.046650351789538;0.0013183709555538077;0.0945753033547465;0.0
0.5076646464222825;-0.037728153359845;0.8535533026063311;0.57405681278556;0.6637422938724442;0.018323526267672575;-0.0081574385642908;0.08981653066207833;0.008067009180172056;0.9007826665493384;0.20305807289560573;0.00428265524625282;0.00027334513730303887;0.03517895380850422;-0.0239624757826042;0.00011385228953678616;0.023962475782604298;1.1500742973545064;0.6637422938724442;0.03258258652812348;-0.0050983991026817;0.6493263955613113;0.4216247679726446;2.4209588844664847;1.723234290812752;0.009890894259202643;0.0003148786951336782;0.040787192821454044;0.0061180789232181;0.000424390041210959;0.0540430304884266;1.6846730845959828;0.6637422938724442;0.030940044275889565;0.023452635872336;1.278948968143388;1.6357104631150372;4.735277451744477;4.037552858090745;0.03844192923422041;0.0006322383419850625;0.07647598654022625;0.0448659121035994;0.0008802150981326842;0.0927908636688079;0.0
0.23735116826802605;-0.0081574385642908;0.6977245936537326;0.1793014877547402;0.6637422938724442;0.014878825621570113;-0.0050983991026817;0.09353705904418162;0.008749181414634719;0.9007826665493384;0.20305807289560573;-0.020699500356887945;2.391417953740795e-05;0.010196798205363455;-0.0402773529111858;1.046245354761172e-05;0.007647598654022696;0.4951876846140115;0.6637422938724442;0.017264437101662478;-0.0050983991026817;0.0740028918196309;0.005476427997667995;0.9007826665493384;0.20305807289560573;0.00428265524625282;0.00021714248311122743;0.04231671255225866;-0.0239624757826042;8.200137505146134e-05;0.023962475782604298;1.242453911206142;0.6637422938724442;0.031089785231796965;0.023452635872336;0.793002322069704;0.6288526828079426;2.7477584717186354;2.0500338780649026;0.03844192923422041;0.000585449729846656;0.07647598654022625;0.0091771183848271;0.0004916385625091485;0.0571020699500356;0.0
0.4025795320263281;-0.0050983991026817;0.8872641064049985;0.3383026591210277;0.5076646464222825;0.015807778055448085;-0.0050983991026817;0.08645775874234023;0.007474944046748709;0.8872641064049985;0.1895395127512659;-0.020699500356887945;5.99587399995876e-05;0.017334556949117896;-0.0316100744366268;3.4030050772883386e-05;0.013255837666972602;0.4871724051872842;0.6637422938724442;0.021627470690286792;0.023452635872336;0.12112405234909716;0.014671036057466832;1.0767146985629712;0.37899010490923857;0.0007137758743755995;0.00018008416938604827;0.03874783318038144;-0.0244723156928724;7.906408995610566e-05;0.0234526358723361;2.438533993626176;0.6637422938724442;0.030788074182690434;0.023452635872336;2.0850826941133507;4.347569841290988;7.445709886099678;6.747985292445946;0.031304170490465966;0.0005165491661939502;0.06933822779647181;0.0907515040277353;0.0017832353124039417;0.13867645559294378;0.0
-0.25643458188554624;-0.0285510349750178;0.8641861421551627;0.45815801465025524;0.4025795320263281;0.021397084715729656;0.023452635872336;0.15515064728472627;0.02407172335286954;1.0767146985629712;0.37899010490923857;0.0007137758743755995;0.00028454407826394336;0.03874783318038144;-0.0244723156928724;7.042119354719952e-05;0.0183542367696543;1.1370087545185428;0.5076646464222825;0.02483850184358775;0.023452635872336;0.7736605020022624;0.5985505723583927;2.7477584717186354;2.0500338780649026;0.00785153461813004;0.000324990234090256;0.04588559192413588;0.0091771183848271;0.00041095131205787087;0.0540430304884265;2.615557272751797;0.6637422938724442;0.02230616775796957;0.023452635872336;2.240566800028452;5.020139585389738;7.445709886099678;6.747985292445946;0.031304170490465966;0.00047495928873758837;0.06933822779647181;0.0907515040277353;0.0020660464791072016;0.13867645559294378;0.0
-0.5975045156440115;0.023452635872336;1.0767146985629712;1.2598542674432158;0.4025795320263281;0.02899670135106365;0.023452635872336;0.9075270336861917;0.8236053168712582;2.7477584717186354;1.8835723295634728;0.00785153461813004;0.0004360005486675285;0.04588559192413588;0.0091771183848271;0.0005011580233491524;0.0520036708473538;2.9689645111119436;0.4025795320263281;0.023899839092176193;0.023452635872336;2.638136902010135;6.959766313747631;7.445709886099678;6.747985292445946;0.031304170490465966;0.0006918129532553658;0.06933822779647181;0.0907515040277353;0.0026235327927363198;0.133578056490262;2.616466680922776;0.6637422938724442;0.020769954355176482;0.023452635872336;2.20384106165857;4.856915425052373;7.445709886099678;6.747985292445946;0.031304170490465966;0.0004480731658736106;0.06933822779647181;0.0907515040277353;0.0020733738068229508;0.13867645559294378;0.0
-2.5294631200388915;-0.0428265524625267;2.7477584717186354;3.2677742399965495;-0.25643458188554624;0.029535532493035973;0.023452635872336;3.059639172389509;9.36139186522036;7.445709886099678;6.581523743944516;0.031304170490465966;0.0008292848273642465;0.06933822779647181;0.0907515040277353;0.003145841001683594;0.1223615784643621;2.962482363146315;0.4025795320263281;0.025720737108525092;0.023452635872336;2.6342567198523636;6.939308466087335;7.445709886099678;6.581523743944516;0.031304170490465966;0.0005703705110827892;0.06933822779647181;0.0907515040277353;0.002624910457427061;0.133578056490262;2.5033561950489065;0.5076646464222825;0.0232674262500328;0.023452635872336;2.162597718126501;4.676828890445948;7.445709886099678;6.747985292445946;0.031304170490465966;0.0004099953225135632;0.06933822779647181;0.0907515040277353;0.0018899393417529194;0.1356174161313347;0.0
-7.34925769139024;-0.0316100744366268;7.445709886099678;2.8691207485185553;-0.5975045156440115;0.031509866370592554;0.023452635872336;2.7202790169858577;7.399917930253544;7.445709886099678;6.368995187536707;0.031304170490465966;0.00026790812728139655;0.03772815335984503;0.0907515040277353;0.002401468840792753;0.11522381972060769;2.6283875769750593;-0.25643458188554624;0.024798702680880996;0.023452635872336;2.4542737430095896;6.023459605626301;7.445709886099678;6.581523743944516;0.031304170490465966;0.000520462658135155;0.06933822779647181;0.0907515040277353;0.0020493065534310144;0.1223615784643621;2.3904034376355723;0.4025795320263281;0.029485814941048676;0.023452635872336;2.105260357735937;4.432121173854445;7.445709886099678;6.747985292445946;0.031304170490465966;0.0004040687649760313;0.06933822779647181;0.0907515040277353;0.0017195363716192152;0.133578056490262;30.0
-4.318749872665957;-0.0418068726419904;4.478462290339229;2.319552866701106;-2.3467003443627994;0.005669701001873548;-0.0316100744366268;2.2370716816815928;5.00448970898171;7.445709886099678;4.783146315990108;0.031304170490465966;0.00035654655361026935;0.041806872641990456;0.0907515040277353;0.0015436776182552918;0.0846334251045172;2.4537957061890725;-0.5975045156440115;0.027771381297965962;0.023452635872336;2.311717209504678;5.3440364567200955;7.445709886099678;6.368995187536707;0.031304170490465966;0.0002725869884952394;0.04486591210359947;0.0907515040277353;0.0017623363989821186;0.11522381972060769;2.281269725419498;0.4025795320263281;0.02840275589572786;0.023452635872336;2.0260663234808223;4.104944747143096;7.445709886099678;6.581523743944516;0.031304170490465966;0.0003558245071266515;0.06933822779647181;0.0907515040277353;0.0015624046158543993;0.133578056490262;0.0
-2.3467003443627994;-0.0336494340776996;2.66256357010957;2.6752192347347017;-1.2518458186422508;0.011107803703727397;-0.0316100744366268;2.522093900926554;6.360957645090923;7.445709886099678;5.729402665104213;0.031304170490465966;0.00043842662485248123;0.04486591210359947;0.0907515040277353;0.0020812267843787653;0.1040073416947078;2.1533337930918064;-1.2518458186422508;0.019354228554942857;-0.0316100744366268;2.0482613488528187;4.195374553204369;7.445709886099678;5.729402665104213;0.031304170490465966;0.00027310686196344394;0.04486591210359947;0.0907515040277353;0.0013473733966612692;0.1040073416947078;2.106694451928323;-0.25643458188554624;0.026780484148862662;0.023452635872336;1.9559880415511337;3.8258892186910396;7.445709886099678;6.581523743944516;0.031304170490465966;0.00034454902923848174;0.06933822779647181;0.0907515040277353;0.0013223848119562405;0.1223615784643621;0.0
-1.2518458186422508;-0.0560823901294993;1.7163072209954653;1.2745550328514315;-1.2518458186422508;0.021938919435089646;-0.0336494340776996;1.1471343964031635;1.31591732341125;4.478462290339229;2.7621550693437635;0.003772815335984392;5.709943592446272e-05;0.017334556949117896;0.040787192821454;0.0005039306818462424;0.0540430304884265;2.1060835355928686;-1.2518458186422508;0.019965077440070554;-0.0316100744366268;1.996668198226028;3.986683893807173;7.445709886099678;5.729402665104213;0.031304170490465966;0.0003289759306798218;0.04996431120628109;0.0907515040277353;0.0012887663276790122;0.1040073416947078;2.1345421342720807;-0.0415187393205696;0.02696619924715033;0.023452635872336;1.9288224701179353;3.7203561212318537;7.445709886099678;6.368995187536707;0.031304170490465966;0.00023031549915834162;0.04996431120628109;0.0907515040277353;0.001352086916106326;0.1254206179259712;0.0
-2.8765186390990083;-0.0836137452839808;3.0487449159876587;0.9901948888158946;-1.2518458186422508;0.023228043706224177;-0.0336494340776996;0.8595353999409467;0.7388011037516433;3.7804420934123875;2.064134872416922;0.003772815335984392;9.245083176236921e-05;0.022432956051799513;0.0285510349750178;0.0003084582578013424;0.041806872641990296;1.256300204057944;-1.1963531138325296;0.018519661338429753;-0.0336494340776996;1.1224395032504388;1.2598704384570918;4.478462290339229;2.82489692527616;0.003772815335984392;6.671709508624608e-05;0.022432956051799513;0.040787192821454;0.000492701414933032;0.0550627103089629;2.056700946054759;-0.0415187393205696;0.022772595672202574;-0.0244723156928724;1.8549463135563733;3.440825826176379;7.445709886099678;6.341075605145978;0.031304170490465966;0.0007872039582990289;0.11012542061792607;0.0907515040277353;0.001256950071424898;0.1254206179259712;0.0
-3.604483502020413;-0.0356887937187723;3.7804420934123875;1.2017184322018943;-1.1963531138325296;0.020469929540006874;-0.0356887937187723;1.0426525020116146;1.0871242399510799;3.7804420934123875;2.126876728349319;0.003772815335984392;0.00010492779499927687;0.022432956051799513;0.0285510349750178;0.0004540228288986085;0.0428265524625267;1.2981858623945421;-0.0415187393205696;0.021148628178015643;-0.0244723156928724;1.0066426734673035;1.0133294720454002;3.7804420934123875;2.6758078124586877;0.003772815335984392;6.404841128279636e-05;0.022432956051799513;0.0285510349750178;0.0005286073424703577;0.0632201488732537;2.157744691402412;-0.0415187393205696;0.022983421300379708;-0.0244723156928724;1.9491580054636004;3.799216930262841;7.445709886099678;6.341075605145978;0.031304170490465966;0.0007788397718328045;0.11012542061792607;0.0907515040277353;0.0013833832988922373;0.1254206179259712;0.0
-1.1963531138325296;-0.0469052717446721;1.6535653650630686;1.6129053951641452;-0.0415187393205696;0.025652936774741644;-0.0244723156928724;1.2330973975431396;1.5205291918276636;3.7804420934123875;2.6758078124586877;0.003772815335984392;0.00010492779499927687;0.022432956051799513;0.0285510349750178;0.0008161146995030582;0.0632201488732537;1.2835256750736392;-0.0415187393205696;0.027121694255303915;-0.0244723156928724;1.0038926899557254;1.0078005329465423;3.7804420934123875;2.6758078124586877;0.003772815335984392;0.0008140871929770723;0.0825940654634445;0.0285510349750178;0.0005176899996380626;0.0632201488732537;1.342380093303175;-0.0415187393205696;0.0222862838303024;-0.0244723156928724;1.1189883494020156;1.2521349260974473;4.478462290339229;3.3738280093855284;0.024166411746711636;0.000715680921817825;0.10298766187417174;0.040787192821454;0.0005608279447553024;0.07545630671968989;0.0
-0.0415187393205696;-0.0244723156928724;1.1046342809537;1.4851039254421807;-0.0415187393205696;0.030469777955135214;-0.0244723156928724;1.1622534337448895;1.3508330442517862;3.7804420934123875;2.6758078124586877;-0.013561741613133504;0.000982214272594419;0.0652595085143266;0.0285510349750178;0.0006955040548796099;0.0632201488732537;1.351771245383838;-0.0415187393205696;0.028226289503564532;-0.0244723156928724;1.0795784536333308;1.165489637549334;3.7804420934123875;2.6758078124586877;0.005812174977057216;0.0009490810035541802;0.08463342510451732;0.0285510349750178;0.0005703705110827874;0.0632201488732537;1.0936156749283144;-0.0415187393205696;0.024085042178752354;-0.0214132762312633;0.8618159917139119;0.7427268035738334;3.7804420934123875;2.6758078124586877;0.024166411746711636;0.0007155307361492326;0.10298766187417174;0.0285510349750178;0.00037287635688376073;0.0632201488732537;0.0
-1.5144507260563633;-0.0938105434893443;1.9025634953639468;0.6468499511302865;-0.0415187393205696;0.03016109951211794;-0.0244723156928724;0.3859192121816724;0.14893363833092269;1.9025634953639468;0.7979292144102468;0.005812174977057216;0.0013482051942104022;0.08463342510451732;-0.0091771183848271;0.0001254627969933527;0.025491995513408798;1.2961045092592556;-0.0415187393205696;0.024395187081207775;-0.0244723156928724;1.0251660273305954;1.050965383592795;3.7804420934123875;2.6758078124586877;0.024166411746711636;0.001209710902280717;0.10298766187417174;0.0285510349750178;0.0005237898483316624;0.0632201488732537;1.1141078429861373;-0.0415187393205696;0.03410338261471459;0.0275313551544814;0.9058548149709746;0.8205729458060986;3.7804420934123875;2.6758078124586877;0.024166411746711636;0.000715833995672352;0.10298766187417174;0.0285510349750178;0.0003870284679626612;0.0632201488732537;0.0
-0.6496295061569433;-0.037728153359845;1.1646368115654882;1.085215325907823;-0.0415187393205696;0.030140624152344545;-0.0244723156928724;0.7422031928878479;0.5508655795329159;2.6855526416826763;1.5809183607289763;0.024166411746711636;0.0020136432335121942;0.10298766187417174;0.0091771183848271;0.0003586260474830793;0.043846232283062996;0.9756342455630003;-0.0415187393205696;0.026575165888438796;-0.0214132762312633;0.6742512189520962;0.4546147062583875;2.6855526416826763;1.5809183607289763;0.024166411746711636;0.0012108546239107672;0.10298766187417174;0.0091771183848271;0.0002930700031424956;0.043846232283062996;1.11948818039847;-0.0415187393205696;0.037662605722521454;0.0275313551544814;0.9026336498573517;0.8147475058548042;3.7804420934123875;2.6758078124586877;0.024166411746711636;0.0007662963803194048;0.10298766187417174;0.0285510349750178;0.0003907600041899962;0.0632201488732537;0.0
-2.5379121378071705;-0.0565922300397675;2.6855526416826763;0.8771588095462994;-0.6496295061569433;0.03113330082199485;-0.0214132762312633;0.6998500537899429;0.489790097789786;2.6855526416826763;1.5209158301171881;0.024166411746711636;0.0020146829804486032;0.10298766187417174;0.0091771183848271;0.00023428964300416363;0.0326297542571631;0.9938197195219552;-0.0415187393205696;0.04033829398731117;0.0275313551544814;0.7278268737654882;0.5297319581752439;2.6855526416826763;1.5809183607289763;0.024166411746711636;0.0012113485037055615;0.10298766187417174;0.0091771183848271;0.00030433392828692677;0.043846232283062996;1.086982949590592;-0.0415187393205696;0.034279083407422244;0.0275313551544814;0.8618693864309512;0.7428188392668643;3.7804420934123875;2.6758078124586877;0.024166411746711636;0.0007367646791394539;0.10298766187417174;0.0285510349750178;0.00036899463498783357;0.0632201488732537;0.0
-2.4009755035012637;-0.0214132762312633;2.5630189239227494;0.9828065579084874;-0.6496295061569433;0.03604481628787452;0.0275313551544814;0.8414471971493247;0.7080333855904545;2.6855526416826763;1.5209158301171881;0.024166411746711636;0.0004397046471284846;0.04384623228306317;0.0091771183848271;0.0002949415476280242;0.0326297542571631;0.8218270320842388;-0.6496295061569433;0.044512751934811794;0.0275313551544814;0.6887083236357884;0.4743191550452178;2.6855526416826763;1.5209158301171881;0.024166411746711636;0.0013146993491846219;0.10298766187417174;0.0091771183848271;0.00020729088088874926;0.0326297542571631;0.9532012924461828;-0.0415187393205696;0.035604570753532745;0.0275313551544814;0.6855355718101093;0.4699590202170134;2.777706391474143;1.6730721105204431;0.024166411746711636;0.0007452674985305324;0.10298766187417174;0.0132558376669725;0.0002814826011734055;0.047924951565208394;0.0
-0.9102745966982011;0.0275313551544814;1.1742635950965483;0.764242025798801;-0.9102745966982011;0.03723664222086872;0.0275313551544814;0.7018125117170146;0.49254080160254476;2.6855526416826763;1.511289046586128;0.024166411746711636;0.00045131515458505297;0.04384623228306317;0.0091771183848271;0.00018186906829354137;0.0285510349750177;0.8708595910021948;-0.6496295061569433;0.030956002638964746;0.0275313551544814;0.7256253359024749;0.5265321281035795;2.6855526416826763;1.5209158301171881;0.024166411746711636;0.0002926541043679353;0.04384623228306317;0.0091771183848271;0.00023224480736256612;0.0326297542571631;1.0382259040635644;-0.0415187393205696;0.03494464052297105;0.0275313551544814;0.7605721611160305;0.5784700122647091;3.155643897203946;2.051009616250246;0.024166411746711636;0.0007426681311895099;0.10298766187417174;0.020393596410727;0.0003349024882173548;0.0550627103089629;0.0
-2.3532871058972162;0.0112164780258998;2.4429507612105428;0.7607028969009756;-0.9102745966982011;0.022252628574278652;0.0275313551544814;0.6790411746543937;0.4610969168760189;2.575289647181341;1.4010260520847928;0.00785153461813004;0.0001598610914728916;0.027531355154481574;0.0091771183848271;0.00018186906829354137;0.0285510349750177;0.6696840035492878;-0.9102745966982011;0.029370348674027692;0.0275313551544814;0.5967085103895358;0.35606104637129865;2.777706391474143;1.6034427963775948;0.024166411746711636;0.00027989987528131776;0.04384623228306317;0.0132558376669725;0.0001399152794094435;0.0326297542571631;0.849574863111406;-0.6496295061569433;0.03508420616861546;0.0275313551544814;0.6926541875264645;0.47976982349794667;3.155643897203946;1.9910070856384576;0.024166411746711636;0.0007788166663453317;0.10298766187417174;0.020393596410727;0.0002233838529156164;0.043846232283063;0.0
-2.521081236904048;-0.0122361578464362;2.575289647181341;0.833544203695998;-0.9102745966982011;0.01657567880800321;0.0275313551544814;0.7253744651581209;0.52616811470343;2.777706391474143;1.6034427963775948;0.00785153461813004;0.00012009077115524566;0.026001835423677067;0.0132558376669725;0.00021722046413144864;0.0326297542571631;0.763922328746196;-0.9102745966982011;0.022473860448892626;0.0275313551544814;0.6725069507258754;0.45226559877461503;3.155643897203946;1.9813803021073975;0.00785153461813004;0.00010643542805707445;0.027531355154481574;0.020393596410727;0.00018299546080799168;0.039767513000917604;0.8186006360445993;-0.6496295061569433;0.025507908881428155;0.0275313551544814;0.676069047573358;0.45706935708674734;3.155643897203946;1.9910070856384576;0.024166411746711636;0.0001976674453550998;0.04384623228306317;0.020393596410727;0.00020588144615273115;0.043846232283063;0.0
-2.757678786024361;0.003059039461609;2.777706391474143;0.3473457623349423;-2.3532871058972162;0.01972625891929543;0.0112164780258998;0.31066149463040377;0.0965105642459964;3.155643897203946;0.712693135993403;0.00785153461813004;7.475347244891046e-05;0.019373916590190943;0.020393596410727;3.812405433499214e-05;0.014275517487508901;0.7950803850864184;-0.9102745966982011;0.024779828135238723;0.0275313551544814;0.6957160447524895;0.484020814926048;3.155643897203946;1.9813803021073975;0.00785153461813004;0.0001129858337564525;0.026001835423677067;0.020393596410727;0.0001974132849928636;0.039767513000917604;0.6431010158799275;-0.9102745966982011;0.025888233966567347;0.0275313551544814;0.5904320234685184;0.34860997433712915;3.155643897203946;1.9813803021073975;0.024166411746711636;0.00019286150396014256;0.04384623228306317;0.020393596410727;0.00012869756523996702;0.039767513000917604;0.0
-3.1543619887000856;-0.0336494340776996;3.155643897203946;0.26372058697830336;-2.521081236904048;0.017902569456591598;0.003059039461609;0.24164449456282816;0.058392061752524684;3.155643897203946;0.5803542500226047;0.00785153461813004;7.475347244891046e-05;0.019373916590190943;0.020393596410727;2.1748040086549774e-05;0.0112164780258999;0.3209894024483491;-2.3457273276389468;0.019228468753050943;0.0112164780258998;0.3012591129772503;0.09075705315183966;3.155643897203946;0.8093538191616698;0.00785153461813004;9.091720503117079e-05;0.021413276231263545;0.020393596410727;3.192023094775837e-05;0.014275517487508901;0.6405157571722053;-0.9102745966982011;0.02260251934702673;0.0275313551544814;0.585514768197569;0.34282754377745295;3.155643897203946;1.9813803021073975;0.00785153461813004;9.433970536351581e-05;0.027531355154481574;0.020393596410727;0.00012783110945962614;0.039767513000917604;0.0
-2.8827079816568886;-0.0336494340776996;2.8829190272639185;0.3364926948827427;-2.3457273276389468;0.017491298866532452;0.003059039461609;0.3363318773771375;0.11311913174002985;3.155643897203946;0.8093538191616698;0.00785153461813004;9.600330046177016e-05;0.021413276231263545;0.020393596410727;3.5004813525764866e-05;0.014275517487508901;0.5225876419676738;-1.6534039859947849;0.016613794069549194;0.003059039461609;0.5228427636185256;0.2733645554682574;3.155643897203946;1.49822902186222;0.00785153461813004;6.409173407181671e-05;0.021413276231263545;0.020393596410727;8.432347654277403e-05;0.0265116753339451;0.7773099592778423;-0.9102745966982011;0.02252264249120204;0.0275313551544814;0.7222252416483668;0.5216092996740418;3.7134349336072527;2.5391713385107044;0.00785153461813004;0.00011513464409169723;0.033649434077699825;0.0305903946160905;0.00019080511557480076;0.0499643112062811;0.0
-2.3457273276389468;-0.0265116753339451;2.346290078042276;0.6620302728742323;-1.6534039859947849;0.00625117234551828;-0.0265116753339451;0.6607131728697038;0.4365418968035511;3.155643897203946;1.49822902186222;0.00785153461813004;9.877595895886112e-05;0.021413276231263545;0.020393596410727;0.00013542703846727155;0.0265116753339451;0.5390211930803316;-1.6534039859947849;0.015580316152771043;0.003059039461609;0.5394667099353443;0.29102433112846493;3.155643897203946;1.49822902186222;0.00785153461813004;6.488020883192684e-05;0.021413276231263545;0.020393596410727;8.969550238088738e-05;0.0265116753339451;0.7267309017768634;-1.1489532700271214;0.02126004576666644;0.0112164780258998;0.7266211748323146;0.5279783317146931;3.7134349336072527;2.560690921279466;0.00785153461813004;0.00014690757755679698;0.03568879371877243;0.0305903946160905;0.00016769962809904434;0.0458855919241357;0.0
-1.6534039859947849;-0.0418068726419904;1.6574148753417257;0.5041154818251626;-1.6534039859947849;0.006814838943531238;-0.0265116753339451;0.5024115152736479;0.25241733067956296;2.8829190272639185;1.2255041519221928;0.00785153461813004;9.175766713809957e-05;0.021413276231263545;0.0152951973080452;7.720121002836512e-05;0.021413276231263302;0.7329757717405507;-1.6534039859947849;0.008250379755113064;-0.0173345569491179;0.7329832043410454;0.5372643778460666;3.7134349336072527;2.056020058265527;0.00785153461813004;0.0001278542149471018;0.033649434077699825;0.0305903946160905;0.0001704145228774429;0.0367084735393086;0.9037377550019526;-0.7851449279235041;0.017331224341772207;0.003059039461609;0.9053985087779706;0.8197464596973728;3.7134349336072527;2.922538622327751;0.00785153461813004;0.00011312735486724024;0.03568879371877243;0.0305903946160905;0.00025722183932386233;0.0520036708473538;0.0
-2.2330508007710557;-0.0285510349750178;2.2382860478477733;0.8698357143082511;-1.6534039859947849;0.010094315220364672;-0.0173345569491179;0.8706316196555209;0.7579994171439958;3.7134349336072527;2.056020058265527;-0.002345263587233637;9.461697121322336e-05;0.023452635872336147;0.0305903946160905;0.00024226103618330097;0.0367084735393086;0.9018098755422129;-1.1489532700271214;0.015225928825132587;-0.0173345569491179;0.9018392759348368;0.8133140796186706;3.7134349336072527;2.560690921279466;0.00785153461813004;0.00018663457508542625;0.03568879371877243;0.0305903946160905;0.0002589663036282792;0.0458855919241357;0.9196149161234348;-0.7851449279235041;0.01905252636759428;0.003059039461609;0.9202471752120774;0.846854863485808;3.7134349336072527;2.922538622327751;0.00785153461813004;0.0001210727543729659;0.03568879371877243;0.0305903946160905;0.0002662791904143587;0.0520036708473538;0.0
-3.7078717445486666;-0.0173345569491179;3.7134349336072527;1.107163295592092;-1.1489532700271214;0.018847993790845657;-0.0173345569491179;1.1079608228398463;1.2275771849479493;3.7134349336072527;2.560690921279466;-0.002345263587233637;0.00015041672346717495;0.02549199551340875;0.0305903946160905;0.000393284278696714;0.0458855919241357;1.0400296648511793;-0.7851449279235041;0.015937696714542225;-0.0173345569491179;1.0399997500113938;1.0815994800237614;3.7134349336072527;2.922538622327751;-0.002345263587233637;9.884527542128778e-05;0.02549199551340875;0.0305903946160905;0.0003438096536392571;0.0520036708473538;0.9239675563271408;-0.7851449279235041;0.023177880329207836;0.023452635872336;0.9234442010413284;0.8527491924368573;3.7134349336072527;2.922538622327751;0.00785153461813004;0.00011109118378343905;0.03568879371877243;0.0305903946160905;0.00026894787421780856;0.0520036708473538;0.0
-1.1489532700271214;-0.061180789232181;1.1527440123277866;1.312426124989155;-0.7851449279235041;0.019578560652479038;-0.0173345569491179;1.3127168566131566;1.7232255456363268;3.7134349336072527;2.922538622327751;-0.002345263587233637;0.00015483564794691366;0.02549199551340875;0.0305903946160905;0.0005479466354875586;0.0520036708473538;1.0273962960665977;-0.7851449279235041;0.021291539734700802;0.0010196798205363;1.027825034007147;1.0564243005317933;3.7134349336072527;2.922538622327751;-0.002345263587233637;0.00010175656684323296;0.02549199551340875;0.0305903946160905;0.00033580360222890745;0.0520036708473538;0.9314811086353824;-0.7851449279235041;0.024173318576596443;0.023452635872336;0.9315427389956566;0.8677718745755301;3.7134349336072527;2.9243215125540845;0.00785153461813004;0.00011101031457727391;0.03568879371877243;0.0305903946160905;0.00027321083665708516;0.0520036708473538;0.0
-0.7851449279235041;-0.023452635872336;0.7908963112795019;1.3032268739081836;-0.7851449279235041;0.02612152229519621;0.0010196798205363;1.303669302244622;1.6995536496149795;3.7134349336072527;2.922538622327751;-0.009483022330988078;6.793013317872426e-05;0.01835423676965431;0.0305903946160905;0.0005409283436667978;0.0520036708473538;1.0334312062954039;-0.7851449279235041;0.02858500409467616;0.023452635872336;1.0338633593291222;1.0688734457632978;3.7134349336072527;2.922538622327751;-0.002345263587233637;0.00010175656684323296;0.02549199551340875;0.0305903946160905;0.00033968532412483455;0.0520036708473538;0.8941714825486934;-0.7851449279235041;0.025060992808865663;0.023452635872336;0.8943647772102936;0.7998883547144181;3.7134349336072527;2.9243215125540845;-0.002345263587233637;6.054792993022072e-05;0.02549199551340875;0.0305903946160905;0.00025324769547803157;0.0520036708473538;0.0
-1.7135236329586894;0.0010196798205363;1.7135431157750394;0.41444521180766264;-0.7851449279235041;0.03623691122469717;0.023452635872336;0.4124032197915596;0.1700764156944454;1.7135431157750394;0.9226468044955375;-0.009483022330988078;7.442855153128005e-05;0.01835423676965431;-0.0050983991026817;5.363361280309419e-05;0.0163148771285816;1.094054684074292;-0.7851449279235041;0.02888232966851834;0.023452635872336;1.0948453283436328;1.1986862929958773;3.7134349336072527;2.9243215125540845;-0.009483022330988078;6.363251250823473e-05;0.01835423676965431;0.0305903946160905;0.0003804087458008554;0.0520036708473538;0.890232989320913;-0.7851449279235041;0.024838734399676113;0.023452635872336;0.8907517945672394;0.7934387595247574;3.7134349336072527;2.9243215125540845;0.004792495156520804;9.964241473920066e-05;0.03262975425716319;0.0305903946160905;0.0002507523028306498;0.0520036708473538;0.0
-1.5376055625466767;0.023452635872336;1.5415385167076086;0.48955000374312324;-0.7851449279235041;0.019158044486648106;0.023452635872336;0.4886242073642373;0.23875361602232914;1.7135431157750394;0.924429694721871;-0.009483022330988078;2.1141521040316598e-05;0.010196798205363455;-0.0050983991026817;7.442855153127504e-05;0.0163148771285816;0.6601495681980989;-0.7851449279235041;0.029712193885233464;0.023452635872336;0.658863773679448;0.434101472267123;2.5174466742723216;1.7283332532191533;-0.009483022330988078;4.7724384381176e-05;0.01835423676965431;0.0091771183848271;0.00013658808921293477;0.0305903946160904;0.9705971072418658;-0.5210062448572892;0.023928341613931106;0.023452635872336;0.9677839403185864;0.9366057551385693;3.7134349336072527;3.1632170389373893;0.004792495156520804;0.00011566895848957297;0.03262975425716319;0.0305903946160905;0.0002992738265297384;0.0571020699500356;0.0
-0.788487982352682;0.0010196798205363;0.7891134210531684;0.7095593084435814;-0.788487982352682;0.010641699605351983;0.023452635872336;0.7092303848012308;0.5030077387253019;2.5174466742723216;1.7283332532191533;-0.01050270215152449;1.6895887716646086e-05;0.009177118384827043;0.0091771183848271;0.00015760830644399748;0.0305903946160904;0.6509693993085828;-0.7851449279235041;0.017082807345948893;0.023452635872336;0.6498783462195808;0.42234186488509745;2.5174466742723216;1.7283332532191533;0.004792495156520804;7.212377915557429e-05;0.024472315692872337;0.0091771183848271;0.00013211717738637594;0.0305903946160904;0.9891523093428246;-0.5210062448572892;0.023679610851144964;0.023452635872336;0.986344420957576;0.972875316754136;3.7134349336072527;3.1632170389373893;0.004792495156520804;0.00010127423979217667;0.03262975425716319;0.0305903946160905;0.00031064172636781064;0.0571020699500356;0.0
-2.517190243398698;0.0061180789232181;2.5174466742723216;0.7255456320667972;-0.788487982352682;0.01720410690981771;0.023452635872336;0.7254095673908434;0.5262190404621706;2.5174466742723216;1.7283332532191533;0.004792495156520804;8.759867939246015e-05;0.0214132762312631;0.0091771183848271;0.0001642800159526222;0.0305903946160904;0.7103077007337841;-0.5210062448572892;0.019639538059143404;0.023452635872336;0.7032958149874781;0.494625003378901;2.5174466742723216;1.9672287796024581;0.004792495156520804;0.00011129624498478646;0.031100234526358905;0.0091771183848271;0.00016001705351335218;0.0356887937187722;0.8730157219935964;-0.5210062448572892;0.025322619160958362;0.023452635872336;0.8703887241366218;0.7575765311041764;3.181306295385509;2.6310884007156456;0.004792495156520804;0.000123802090081039;0.03262975425716319;0.020393596410727;0.00023762838594442;0.0469052717446721;0.0
-1.2956989434486434;-0.0183542367696543;1.2961056057464082;0.884786286598467;-0.5210062448572892;0.017883199616506328;0.0061180789232181;0.8765110541491743;0.7682716280456967;2.5174466742723216;1.9672287796024581;0.004792495156520804;0.000168850570193928;0.031100234526358905;0.0091771183848271;0.00024849951780175477;0.0356887937187722;0.8327454590606485;-0.5210062448572892;0.01953336805138597;0.023452635872336;0.8268173178342277;0.6836268770705864;2.5174466742723216;1.9672287796024581;0.004792495156520804;0.00010332485180565063;0.031100234526358905;0.0091771183848271;0.00021904002127017208;0.0356887937187722;1.0015332063001898;-0.5210062448572892;0.019378388354033372;0.023452635872336;1.0032157343662742;1.0064418096800627;3.30376240718104;2.7535445125111764;0.004792495156520804;9.406532769974038e-05;0.031100234526358905;0.0224329560517997;0.000312432401647182;0.0489446313857448;0.0
-0.5210062448572892;-0.0326297542571632;0.5502178946698635;0.9666829289041496;-0.5210062448572892;0.01707012240520355;0.0061180789232181;0.9561326942384596;0.9141897289916957;2.5174466742723216;1.9672287796024581;0.004792495156520804;0.00017144993753495064;0.031100234526358905;0.0091771183848271;0.000296241231298537;0.0356887937187722;1.0725576479345131;-0.5210062448572892;0.01913813437787741;0.0061180789232181;1.0683078348889448;1.1412816300851047;3.181306295385509;2.6310884007156456;0.004792495156520804;0.00015011346394405755;0.031100234526358905;0.020393596410727;0.0003587820095235474;0.0469052717446721;1.0459229371091567;-0.5210062448572892;0.019097344502864325;0.023452635872336;1.048765454608476;1.0999089787801233;3.42226369359631;2.8720457989264467;0.004792495156520804;0.0001066578183740281;0.031100234526358905;0.0244723156928724;0.0003399856954620222;0.0509839910268175;0.0
-2.4629839950472934;-0.003059039461609;2.4677689952448842;1.1830349031154048;-0.5210062448572892;0.016596574724031497;-0.003059039461609;1.1758645433052908;1.38265742420256;3.181306295385509;2.6310884007156456;0.004792495156520804;0.00021875842314156364;0.031100234526358905;0.020393596410727;0.0004363471309796559;0.0469052717446721;1.0866574345792697;-0.5210062448572892;0.017806969348363177;0.0061180789232181;1.085381588296582;1.1780531922132114;3.30376240718104;2.7535445125111764;0.004792495156520804;0.00014761807129667591;0.031100234526358905;0.0224329560517997;0.00036921413711885195;0.0489446313857448;1.262982129604851;-0.5210062448572892;0.018937882051557303;0.023452635872336;1.2668177483504919;1.60482720753581;4.402132807936404;3.8519149132665405;0.004792495156520804;9.45274374492559e-05;0.031100234526358905;0.0418068726419904;0.0004951621493492038;0.0683185479759355;0.0
-3.17294516093106;-0.040787192821454;3.181306295385509;1.2763049985294717;-0.5210062448572892;0.017921918361948837;-0.003059039461609;1.2716345039910262;1.6170543117405032;3.30376240718104;2.7535445125111764;0.004792495156520804;0.00016174563279513395;0.031100234526358905;0.0224329560517997;0.0005129418219617885;0.0489446313857448;1.1921836798746674;-0.5210062448572892;0.013961299808595298;-0.003059039461609;1.1926276483288267;1.4223607075583478;3.42226369359631;2.8720457989264467;0.004792495156520804;0.00014290455185162317;0.031100234526358905;0.0244723156928724;0.0004425162961356896;0.0509839910268175;1.4257575195923708;-0.5210062448572892;0.015018514198759438;0.0061180789232181;1.4296664067200529;2.0439460345038274;4.715378090943663;4.165160196273799;0.004792495156520804;0.00010358478853975251;0.031100234526358905;0.0479249515652085;0.0006355857494831148;0.07443662689915359;0.0
-3.2729651025099606;-0.0101967982053635;3.30376240718104;0.4205740049078985;-2.4629839950472934;0.01637848312859074;-0.003059039461609;0.42877530193800006;0.1838482595520231;3.42226369359631;0.954494698351426;0.004792495156520804;5.268051144472492e-05;0.014275517487508882;0.0244723156928724;5.3720258381127516e-05;0.016314877128581602;1.3042012176682771;-0.5210062448572892;0.015962685108798082;-0.0020393596410727;1.3022090489493645;1.6957484071656086;4.402132807936404;3.8519149132665405;0.004792495156520804;0.0001169108784413969;0.031100234526358905;0.0418068726419904;0.0005325237225974995;0.0683185479759355;1.642420162878346;-0.5210062448572892;0.015645800940249307;0.0061180789232181;1.6428158754724598;2.698844000704345;6.173124859456383;5.6229069647865195;0.004792495156520804;0.0001198048407477338;0.031100234526358905;0.0744366268991536;0.0008549492475779488;0.1009483022330987;0.0
-3.402618051168224;-0.0193739165901906;3.42226369359631;0.557122436854164;-3.17294516093106;0.016700662133332433;-0.0020393596410727;0.5585753391583931;0.3120064095159139;4.402132807936404;1.2208265125508948;0.004792495156520804;4.0203548207816695e-05;0.014275517487508882;0.0418068726419904;9.660981950800078e-05;0.0214132762312634;0.8276225777431925;-2.4629839950472934;0.014296138970603408;-0.0020393596410727;0.8321251924702092;0.6924323359435827;4.715378090943663;2.2476090956987784;0.004792495156520804;6.432567713250796e-05;0.022432956051799735;0.0479249515652085;0.00021626736277308243;0.0397675130009177;1.6752134594066699;-0.5210062448572892;0.014284012291883237;-0.0020393596410727;1.6740694556497653;2.8025085423395013;6.173124859456383;5.6229069647865195;0.004792495156520804;0.00011379741400403755;0.031100234526358905;0.0744366268991536;0.0008885099681364853;0.1009483022330987;0.0
-4.381105070604555;-0.0020393596410727;4.402132807936404;0.7070321155039774;-3.2729651025099606;0.007854403322994518;-0.0020393596410727;0.7037713800170415;0.49529415533109106;4.715378090943663;1.4116156837626228;0.0007137758743755995;5.9265575375316174e-05;0.01835423676965453;0.0479249515652085;0.00015977444589485013;0.025491995513408798;1.1562748137745982;-3.17294516093106;0.015036964468859867;-0.0020393596410727;1.1528699597534178;1.3291091441018472;6.173124859456383;2.991818564070874;0.004792495156520804;0.00010591555458887002;0.02651167533394516;0.0744366268991536;0.00043478751057504986;0.054043030488426604;1.7347734145323241;-0.5210062448572892;0.014644628187495085;-0.0020393596410727;1.7289723969945994;2.9893455495692507;6.3547068857251;5.804488991055236;0.004792495156520804;9.626034900993832e-05;0.031100234526358905;0.0774956663607627;0.0009596748695618167;0.1040073416947078;30.0
-4.695915548453385;-0.0173345569491179;4.715378090943663;1.1434900413514169;-3.402618051168224;0.014190289755717327;-0.0020393596410727;1.1386792998427366;1.2965905478903448;6.173124859456383;2.750861165860073;0.0007137758743755995;0.00010917342832295067;0.022432956051799957;0.0744366268991536;0.00042932883915889437;0.049964311206281205;1.04746291332138;-3.2729651025099606;0.014025695004832804;-0.0020393596410727;1.041073881983;1.0838348277471535;6.173124859456383;2.869362452275343;0.0007137758743755995;6.671709508624906e-05;0.022432956051799957;0.0744366268991536;0.0003565985409570896;0.052003670847353904;1.2762374461686923;-2.4629839950472934;0.014530586517875553;-0.0020393596410727;1.2725536753133362;1.6193928565534796;6.3547068857251;3.8869378904802154;0.004792495156520804;7.00558380264953e-05;0.02651167533394516;0.0774956663607627;0.0005219645148210855;0.0693382277964719;0.0
-6.164204255584319;-0.0367084735393086;6.173124859456383;0.8217695937491;-4.381105070604555;0.016804104820343384;-0.0020393596410727;0.8185956316295763;0.6700988081230249;6.173124859456383;1.770992051519979;-0.005404303048842873;5.848576517300814e-05;0.016314877128581484;0.0744366268991536;0.00022484527499844867;0.032629754257163204;1.130400065044609;-3.402618051168224;0.013882882401685323;-0.0020393596410727;1.1239918534219546;1.2633576865589207;6.3547068857251;2.9324431921287895;0.0007137758743755995;7.503507057752148e-05;0.022432956051799957;0.0774956663607627;0.00041648796449425096;0.0530233506678903;1.1737085021105276;-3.17294516093106;0.019306416652473533;0.023452635872336;1.1669084367171827;1.361675299681739;6.3547068857251;3.1734005903395905;0.004792495156520804;8.336459881253125e-05;0.02651167533394516;0.0774956663607627;0.00043887718185826565;0.0571020699500357;0.0
-4.545690372571018;-0.0367084735393086;4.550647793162356;0.9511924460231488;-4.545690372571018;0.013190311622264484;-0.0112164780258998;0.9469069684103124;0.8966328068240085;6.3547068857251;1.8040590925627438;-0.008463342510451666;3.145234482637395e-05;0.013255837666972692;0.0774956663607627;0.00029459496531588925;0.0326297542571633;0.8685272717005061;-4.381105070604555;0.014800000718586904;-0.0020393596410727;0.8641822753382734;0.7468110050088355;6.3547068857251;1.9525740777886957;-0.004384623228306239;5.406684069327173e-05;0.01733455694911812;0.0774956663607627;0.00024846485957054923;0.0356887937187723;1.260475313981731;-2.6258398614099336;0.01740074310557037;0.023452635872336;1.2548027149641199;1.5745298534813263;6.3547068857251;3.723414594099797;0.002753135515448202;9.589932576812904e-05;0.029570714795554176;0.0774956663607627;0.0005015739221237313;0.0662791883348629;0.0
-6.354537070712558;-0.0112164780258998;6.3547068857251;0.9275787460635971;-4.545690372571018;0.015650784296716964;-0.0081574385642908;0.9282519225279398;0.8616516316768162;6.3547068857251;1.8040590925627438;-0.004384623228306239;6.411772774522534e-05;0.01733455694911812;0.0774956663607627;0.00028584376193444683;0.0326297542571633;0.8129424414204496;-4.545690372571018;0.022297361430438162;0.023452635872336;0.8102805513124102;0.6565545718351434;6.3547068857251;1.8040590925627438;0.002753135515448202;8.844780605719846e-05;0.02447231569287256;0.0774956663607627;0.00021294017257657378;0.0326297542571633;1.2933943986535963;-2.6258398614099336;0.01744053295844483;0.023452635872336;1.2910557961252127;1.6668250687085067;6.3547068857251;3.723414594099797;0.002753135515448202;9.589932576812904e-05;0.029570714795554176;0.0774956663607627;0.0005278015385946496;0.0662791883348629;0.0
-4.789779750753311;-0.0081574385642908;4.789786803375277;0.8610104275473274;-4.545690372571018;0.024655737171846038;0.023452635872336;0.859486547415452;0.738717125188134;6.3547068857251;1.8040590925627438;0.002753135515448202;7.243570323649733e-05;0.020393596410727133;0.0774956663607627;0.00023671571918911972;0.0326297542571633;1.3997973895391438;-2.6258398614099336;0.022538537993806205;0.023452635872336;1.3990067888859723;1.9572199953490395;6.3547068857251;3.723414594099797;0.002753135515448202;0.00012619061984884633;0.029570714795554176;0.0774956663607627;0.0006171937814524115;0.0662791883348629;1.3108947674560751;-2.6258398614099336;0.019342286659220345;0.023452635872336;1.3094369863019468;1.7146252210955248;6.3547068857251;3.723414594099797;0.002753135515448202;0.00014163663822638913;0.03976751300091785;0.0774956663607627;0.0005378062146716522;0.0662791883348629;0.0
-5.859668671109629;0.023452635872336;5.859819475607076;1.6553320411876506;-2.6258398614099336;0.01600117755325286;0.023452635872336;1.6529055454713164;2.73209674224983;6.3547068857251;3.723414594099797;0.002753135515448202;0.00017537064994099243;0.029570714795554176;0.0774956663607627;0.0008514660953409689;0.0662791883348629;1.48948341301763;-2.6258398614099336;0.019139039832157385;0.023452635872336;1.4873861426373547;2.2123175373096293;6.3547068857251;3.723414594099797;0.002753135515448202;0.00010705927621891947;0.029570714795554176;0.0774956663607627;0.0006893262251657893;0.0662791883348629;1.4636165681451314;-2.5187014338507887;0.01929953395429373;0.023452635872336;1.460058161285228;2.131769834335601;6.3547068857251;3.8126135286582756;0.002753135515448202;0.00013165506763686272;0.03976751300091785;0.0774956663607627;0.000670524134732398;0.0683185479759356;0.0
-2.6258398614099336;-0.0050983991026817;2.6312922916253028;1.51926906144679;-2.6258398614099336;0.015363025566757655;0.023452635872336;1.5167091946770594;2.300406781217934;5.859819475607076;3.2285271839817735;0.002753135515448202;0.00015873469895844725;0.029570714795554176;0.0672988681553992;0.0006968687227336482;0.05608239012949941;1.5797490602660862;-2.6258398614099336;0.014782426992952435;0.023452635872336;1.5765780007270276;2.4855981923764316;6.3547068857251;3.723414594099797;0.002753135515448202;0.0002176883502528429;0.03976751300091785;0.0774956663607627;0.0007709117014426858;0.0662791883348629;1.506867604624313;-2.5187014338507887;0.02722733943880514;0.023452635872336;1.5032248224252522;2.2596848667554315;6.3547068857251;3.8126135286582756;0.002753135515448202;0.0001405275748275528;0.03976751300091785;0.0774956663607627;0.0007110742652523505;0.0683185479759356;0.0
-3.012665657578639;-0.0081574385642908;3.0164966424823048;1.4721720022592137;-2.6258398614099336;0.015631395652855876;0.023452635872336;1.4692850350071665;2.1587985140960106;5.859819475607076;3.2285271839817735;0.002753135515448202;0.000314003574795533;0.03976751300091785;0.0672988681553992;0.0006495602371270368;0.05608239012949941;1.347737038196474;-2.5187014338507887;0.015541338852487005;0.023452635872336;1.3418784334500118;1.8006377301582575;5.859819475607076;3.3177261185402522;0.002753135515448202;0.0002168565527037156;0.03976751300091785;0.0672988681553992;0.0005479899582765863;0.058121749770572106;1.346707289136047;-2.5187014338507887;0.02630189817803826;0.023452635872336;1.3425829627970152;1.8025290119928112;6.3547068857251;3.8126135286582756;0.002753135515448202;0.0001382747897986664;0.03976751300091785;0.0774956663607627;0.0005614200228718749;0.0683185479759356;30.0
-3.239090157797889;0.0163148771285816;3.2497592323151188;0.3355862268074456;-2.5187014338507887;0.013604225618564504;0.0163148771285816;0.33154953156746303;0.10992509188260417;3.2497592323151188;0.7076658752482947;-0.009483022330988078;0.00015873469895844782;0.027531355154481574;0.0224329560517997;3.714929158210735e-05;0.0132558376669726;1.2377278196354164;-2.5187014338507887;0.033196281714504304;0.023452635872336;1.2330683247336436;1.520457493461434;5.859819475607076;3.3177261185402522;0.002753135515448202;0.00021280153965171924;0.03976751300091785;0.0672988681553992;0.0004616216460922084;0.058121749770572106;1.404597078001921;-2.5187014338507887;0.027679085131577942;0.023452635872336;1.3900064400352299;1.932117903339413;6.3547068857251;3.8126135286582756;0.023146731926175224;0.0002675615449692628;0.060161109411644875;0.0774956663607627;0.0006128759434803847;0.0683185479759356;0.0
-2.5187014338507887;-0.0152951973080452;2.542093357066824;0.32304688519897107;-2.5187014338507887;0.03658552841589929;0.0163148771285816;0.3157231005152006;0.09968107619893145;3.2497592323151188;0.7076658752482947;-0.005404303048842873;0.0002005845131489111;0.03161007443662678;0.0224329560517997;3.403005077288023e-05;0.0132558376669726;0.6224645073290944;-2.5187014338507887;0.029351314336453858;0.0163148771285816;0.6273727744438076;0.3935965981133207;4.290792805270658;1.7486994482038338;-0.005404303048842873;0.0001619579144613161;0.03161007443662678;0.0397675130009177;0.00011912900523906801;0.030590394616090602;1.1699462926671869;-2.2388853093852545;0.0280373838811718;0.023452635872336;1.137164508022838;1.2931431183068236;5.859819475607076;3.4075079642122286;0.023146731926175224;0.00035361793307271813;0.060161109411644875;0.0672988681553992;0.00041740351943548307;0.0632201488732538;0.0
-3.1591927129336783;-0.0703579076170082;3.164023586434439;0.7212928577590122;-2.5187014338507887;0.037056161710088235;0.0163148771285816;0.7249280616523579;0.5255206945710448;4.290792805270658;1.7486994482038338;-0.005404303048842873;0.0002169605273973535;0.03161007443662678;0.0397675130009177;0.00015977444589484967;0.030590394616090602;0.6272305705386886;-2.5187014338507887;0.031734275230018844;0.0163148771285816;0.6137322953971924;0.3766673304135067;4.290792805270658;1.7486994482038338;0.023146731926175224;0.00037084307398589574;0.060161109411644875;0.0397675130009177;0.00012294141067256765;0.030590394616090602;1.102403006305798;-2.2388853093852545;0.03110724519578392;0.023452635872336;1.0629756443946166;1.1299172205761503;5.859819475607076;3.4075079642122286;0.023146731926175224;0.0004048081405752575;0.060161109411644875;0.0672988681553992;0.0003709845950966881;0.0632201488732538;0.0
-4.262771244365521;-0.0040787192821454;4.290792805270658;0.8044372322801661;-2.5187014338507887;0.03033297534275149;-0.0040787192821454;0.785985609413135;0.6177733782045373;4.290792805270658;1.7486994482038338;0.023146731926175224;0.0002629693293334561;0.03670847353930873;0.0397675130009177;0.00020136432335121136;0.030590394616090602;0.7280297426219202;-2.2388853093852545;0.03107375615550631;0.0163148771285816;0.6804017467760634;0.4629465370159183;4.290792805270658;1.8384812938758102;0.023146731926175224;0.000520185392285449;0.060161109411644875;0.0397675130009177;0.00016622087690059407;0.0356887937187723;0.7022173472026633;-1.6485684275575092;0.02747470043547161;0.0163148771285816;0.6268171172774447;0.39289969851200585;4.290792805270658;2.335061285722823;0.023146731926175224;0.0004055272988729405;0.060161109411644875;0.0397675130009177;0.00015388543477447812;0.0458855919241358;30.0
-2.5973369176577648;-0.0479249515652085;2.719258186547189;0.8840629010713985;-2.2388853093852545;0.028311803940994973;-0.0040787192821454;0.8111182745836822;0.6579128553636098;4.290792805270658;1.8384812938758102;0.023146731926175224;0.0002720671150270361;0.029570714795554287;0.0397675130009177;0.0002442538844780841;0.0356887937187723;0.7518146611189895;-2.2388853093852545;0.025861333149845837;-0.0040787192821454;0.6966019302070989;0.485254249168256;4.290792805270658;1.8384812938758102;0.023146731926175224;0.00026853197544324665;0.03670847353930873;0.0397675130009177;0.00017609847279648016;0.0356887937187723;0.7293073439970309;-1.6485684275575092;0.02805020593860007;0.0163148771285816;0.6507280308336438;0.42344697011263166;4.290792805270658;2.335061285722823;0.023146731926175224;0.00034693178263442236;0.060161109411644875;0.0397675130009177;0.00016601292751331588;0.0458855919241358;0.0
-2.2388853093852545;-0.0275313551544814;2.4523115113948477;0.9343300903230495;-2.2388853093852545;0.024059456466246833;-0.0040787192821454;0.8557042925216595;0.7322298362399938;4.290792805270658;1.8384812938758102;0.023146731926175224;0.00019200660092353794;0.029570714795554287;0.0397675130009177;0.00027241369733916265;0.0356887937187723;0.9011499580384404;-1.6485684275575092;0.023562658389261165;-0.0040787192821454;0.8007816199848311;0.6412512029055304;4.290792805270658;2.335061285722823;0.023146731926175224;0.00018303878359701259;0.029570714795554287;0.0397675130009177;0.00025148012568613565;0.0458855919241358;1.1146548850527465;-1.6485684275575092;0.029124361605165457;0.0163148771285816;1.0525881341859689;1.1079417802290992;5.4315411089992605;3.4758095894514254;0.023146731926175224;0.00037500494991746637;0.060161109411644875;0.0601611094116447;0.000393027230148559;0.0662791883348628;0.0
-2.4153027788397576;-0.0586315896808402;2.608808091106126;0.41122422319535085;-1.6485684275575092;0.01336244270085917;-0.0275313551544814;0.33714791490030355;0.11366871652162232;2.719258186547189;0.7635266669993541;0.023146731926175224;8.376461256445293e-05;0.019883756500458816;0.0101967982053635;5.01677896817284e-05;0.016314877128581602;0.8975220799964001;-1.6485684275575092;0.02381867442352307;0.0010196798205363;0.8160770472441982;0.6659817470388092;4.290792805270658;2.335061285722823;0.023146731926175224;0.00021665726787423778;0.033649434077699714;0.0397675130009177;0.00024875078997806213;0.0458855919241358;1.2082583851923874;-1.4222957799587717;0.025470686628834623;0.0040787192821454;1.1471087611833213;1.315858509983534;5.4315411089992605;3.8380497623924192;0.023146731926175224;0.0002437405094282413;0.04282655246252676;0.0601611094116447;0.00045994072187834957;0.0703579076170082;0.0
-1.6485684275575092;-0.037728153359845;1.955731519547835;0.32859296153642376;-1.6485684275575092;0.024804205051271882;0.0010196798205363;0.28001210748363764;0.07840678033742825;2.608808091106126;0.6530765715582909;0.02212705210563881;0.00021529260002019898;0.0326297542571633;0.0071377587437544;3.229713921219786e-05;0.013255837666972501;1.3322024632969112;-1.6485684275575092;0.025694616380602636;0.0040787192821454;1.265181846682376;1.6006851051746274;5.4315411089992605;3.4758095894514254;0.023146731926175224;0.00032298872123766884;0.04282655246252676;0.0601611094116447;0.000564140694022139;0.0662791883348628;1.7944152203234638;1.3979258348153385;0.026411041519587102;0.0040787192821454;1.219490636448841;1.4871574123863993;5.4315411089992605;3.8567481805519765;0.0399714489650248;0.0003698964710458706;0.059651269501376336;0.0601611094116447;0.0009660664250347951;0.11726317936168029;0.0
-2.1445399313799136;0.0010196798205363;2.27906475357801;1.6837236568693752;-1.6485684275575092;0.03053191957074157;0.0040787192821454;1.597575382183565;2.552247101758964;5.4315411089992605;3.4758095894514254;0.017028653002957195;0.0002579222244129704;0.03670847353930873;0.0601611094116447;0.0008996193753334107;0.0662791883348628;1.4389094847719028;-1.4222957799587717;0.023969344981213496;0.0040787192821454;1.3772456390462031;1.8968055502717847;5.4315411089992605;3.8380497623924192;0.02212705210563881;0.0002806385288340571;0.041806872641990345;0.0601611094116447;0.0006563315890504074;0.0703579076170082;2.083359688592444;1.3979258348153385;0.023376467220932177;0.0040787192821454;1.285779455103512;1.6532288071662844;5.4315411089992605;4.01259854569412;0.0399714489650248;0.000409100706920359;0.059651269501376336;0.0601611094116447;0.001324779118095915;0.11726317936168029;0.0
-5.376509763946041;0.0040787192821454;5.4315411089992605;1.8438593469326277;-1.4222957799587717;0.021791804693744834;0.0040787192821454;1.7667238671167573;3.1213132226399893;5.4315411089992605;3.8380497623924192;0.003262975425716408;8.969441931116154e-05;0.02294279596206794;0.0601611094116447;0.0010763763545229477;0.0703579076170082;2.171261863389254;1.3979258348153385;0.027357080341791403;0.0040787192821454;1.4557340034052746;2.119161488670348;5.4315411089992605;3.8567481805519765;0.0399714489650248;0.0004898875997863747;0.059651269501376336;0.0601611094116447;0.0014153468526290082;0.11726317936168029;1.9904723074065138;1.3979258348153385;0.03466698950018879;0.0040787192821454;1.2546696227351588;1.5741958622143855;5.4315411089992605;4.597252419228693;0.0399714489650248;0.00039846062993777285;0.059651269501376336;0.0601611094116447;0.0012117701788519888;0.11726317936168029;0.0
-1.4222957799587717;-0.032119914346895;1.593491346606841;2.7838636997721657;1.3979258348153385;0.02910221407193425;0.0040787192821454;1.8373350041373846;3.3757999174285227;5.4315411089992605;3.8567481805519765;0.0399714489650248;0.0007369368872257861;0.059651269501376336;0.0601611094116447;0.002328404957115503;0.11726317936168029;2.4804193671292154;1.3979258348153385;0.02475323957840365;0.0040787192821454;1.5292196715241446;2.3385128037764127;5.4315411089992605;4.01259854569412;0.0399714489650248;0.0004927469038614977;0.059651269501376336;0.0601611094116447;0.001885936316047742;0.11726317936168029;2.2245443459884826;1.9430883299294028;0.04089683805427093;0.0040787192821454;1.2469273365476197;1.5548277826297408;5.4315411089992605;4.597252419228693;0.0399714489650248;0.0003717968973907497;0.059651269501376336;0.0601611094116447;0.001510662764838375;0.12847965738758022;0.0
1.3979258348153385;-0.0571020699500356;1.5747929284472841;3.146943419960437;1.3979258348153385;0.026205969768321326;0.0040787192821454;1.9528011044097404;3.8134321533839017;5.4315411089992605;4.01259854569412;0.0399714489650248;0.000788144423843929;0.059651269501376336;0.0601611094116447;0.003043339282869265;0.11726317936168029;2.527782926537401;1.3979258348153385;0.04532665096952408;0.0040787192821454;1.654224651495425;2.73645919761516;5.4315411089992605;4.597252419228693;0.0399714489650248;0.00048680301720835926;0.059651269501376336;0.0601611094116447;0.0019645411844402658;0.11726317936168029;2.352833595236052;1.9430883299294028;0.04753249754401272;0.0295707147955541;1.248322384216839;1.5583087749368134;5.4315411089992605;4.597252419228693;0.0399714489650248;0.0004233798981803764;0.059651269501376336;0.0601611094116447;0.0016747579368911972;0.12847965738758022;0.0
1.1546905106517844;-0.0433363923727949;1.4189425633051402;1.2920301293924221;1.3979258348153385;0.03892297434582839;-0.032119914346895;0.3560970839524471;0.12680513319943615;1.593491346606841;0.7592026568362734;0.0399714489650248;0.0006506812142928493;0.0565922300397671;-0.0101967982053635;0.0004889409968463449;0.0469052717446721;2.723501352839941;1.9430883299294028;0.04732456973946073;0.0040787192821454;1.654415047748955;2.7370891502181767;5.4315411089992605;4.597252419228693;0.0399714489650248;0.0005184286531908003;0.059651269501376336;0.0601611094116447;0.002278882676990131;0.12847965738758022;2.3249428427564527;1.9430883299294028;0.05186842628434629;0.0295707147955541;1.266441502169878;1.603874078418297;5.4315411089992605;4.597252419228693;0.0399714489650248;0.00041833134916692327;0.059651269501376336;0.0601611094116447;0.0016379508953423168;0.12847965738758022;0.0
-0.028965844953013242;-0.1193025390027531;0.8342886897705676;0.8318652030762129;1.9430883299294028;0.037843666549779754;-0.0433363923727949;0.4998066497797204;0.2498066871640281;2.045944325928836;1.2116556361582682;0.0399714489650248;0.0005790307366072874;0.0565922300397671;-0.0346691138982359;0.00019755191791771072;0.03364943407769961;1.2967690405153494;1.9430883299294028;0.05475183749266632;0.0295707147955541;0.4202384104899133;0.17660032165108888;2.045944325928836;1.2116556361582682;0.0399714489650248;0.0005334529964219107;0.0565922300397671;-0.0101967982053635;0.00048608169277122935;0.05812174977057201;2.3628607203586163;1.9430883299294028;0.05663574618629267;0.0387478331803813;1.267618590058754;1.6068568898625433;5.4315411089992605;4.597252419228693;0.0399714489650248;0.0004180540833172142;0.059651269501376336;0.0601611094116447;0.0016979327408293806;0.12847965738758022;0.0
1.9430883299294028;-0.1101254206179259;2.045944325928836;0.8979754129330965;1.9430883299294028;0.06910713388837893;0.0295707147955541;0.541793403800538;0.29354009240177276;2.045944325928836;1.2116556361582682;0.03232385031100238;0.000438339979274443;0.048944631385744675;-0.0346691138982359;0.0002248452749984482;0.03364943407769961;0.7028917611120082;1.9430883299294028;0.0643921280577137;0.0295707147955541;0.4346917843301606;0.18895694736413884;2.045944325928836;1.2116556361582682;0.0399714489650248;0.00043084513677449506;0.0565922300397671;-0.0346691138982359;0.00013672672213779058;0.03364943407769961;2.2959774078672672;1.9430883299294028;0.060912535184276126;0.0479249515652085;1.2642858621553599;1.5984187412459219;5.4315411089992605;4.597252419228693;0.0399714489650248;0.00039267848169696393;0.059651269501376336;0.0601611094116447;0.0016073216835072674;0.12847965738758022;30.0
1.7962788783344692;0.0295707147955541;1.874671775335769;0.9004528906376686;1.9430883299294028;0.08280308711283256;0.0295707147955541;0.5575235027686324;0.3108324561394052;2.045944325928836;1.2116556361582682;0.03232385031100238;0.00017779672612594594;0.03262975425716319;-0.0346691138982359;0.00022666483213716406;0.03364943407769961;0.7419526246587049;1.9430883299294028;0.07232716024599749;0.0387478331803813;0.45704291644312656;0.20888822747083874;2.045944325928836;1.2116556361582682;0.03232385031100238;0.00027480511529291013;0.048944631385744675;-0.0346691138982359;0.0001563779392359216;0.03364943407769961;1.0861591878951224;1.9430883299294028;0.06031683630189998;0.0479249515652085;0.47788126659466035;0.22837050496211683;2.045944325928836;1.4174377312201965;0.0399714489650248;0.0006945285700802497;0.09228102375853975;-0.0101967982053635;0.0003388304210882324;0.05812174977057201;0.0
1.080070409551245;0.0275313551544814;1.2739473831334382;0.39016376477206755;1.9430883299294028;0.0712050043483085;0.0387478331803813;0.3359113251902011;0.11283641839103704;2.045944325928836;0.7719969427953977;0.03232385031100238;0.00013057488609736977;0.027531355154481574;-0.0530233506678902;4.670196656036505e-05;0.015295197308045308;0.7754543687482538;1.9430883299294028;0.07819022947968104;0.0479249515652085;0.48078708411618565;0.23115622025294416;2.045944325928836;1.2116556361582682;0.03232385031100238;0.00012504689821879608;0.03262975425716319;-0.0346691138982359;0.00017277128259997107;0.03364943407769961;0.8380203307239563;2.809952522161871;0.0604570918253257;0.0479249515652085;0.6654289324530749;0.4427956641456389;2.9641016563189284;2.335595061610289;0.0399714489650248;0.0008956871101836374;0.09228102375853975;-0.0346691138982359;0.00022117727886167976;0.0530233506678903;0.0
1.8073023490734825;0.0387478331803813;1.8457225505611181;0.3791801557206096;1.89591836121114;0.009359416616032165;0.0479249515652085;0.3164821861738321;0.10016097416536812;1.9723257406313919;0.6983783574979536;0.03232385031100238;0.0001340407092187335;0.027531355154481574;-0.0530233506678902;4.33227890170358e-05;0.014275517487509007;0.6641981236407385;1.9430883299294028;0.05955838016814339;0.0479249515652085;0.5519320454088462;0.3046289827491927;2.045944325928836;1.4174377312201965;0.03232385031100238;0.0008585883618553808;0.08463342510451732;-0.0418068726419904;0.00011187677035761426;0.026511675333945106;0.9765465699967942;3.0003379595056074;0.0696972063650258;0.0479249515652085;0.8209723877835041;0.6739956615029483;3.173370705247993;2.5448641105393537;0.05373712654226559;0.001034259383133553;0.10604670133578054;-0.0346691138982359;0.00027644560490368937;0.0530233506678903;0.0
1.89591836121114;0.0479249515652085;1.9723257406313919;0.7542648280813271;1.89591836121114;0.027954542891798925;0.0479249515652085;0.614732050811395;0.3778954942947836;1.9723257406313919;1.3438191459227524;0.01498929336188437;0.0010186054153687302;0.06729886815539932;-0.0418068726419904;0.0001462577357215311;0.025491995513408805;0.8554195404009233;2.809952522161871;0.025324215888692367;0.0479249515652085;0.7787124470256962;0.6063930751527478;2.9641016563189284;2.335595061610289;0.03232385031100238;0.0011652443916336202;0.08463342510451732;-0.0418068726419904;0.00023765149143189528;0.0458855919241358;1.11756175444111;3.400151946483292;0.07015943871540183;0.0479249515652085;0.9673680781469234;0.9358009986176721;3.519292682595692;2.8907860878870526;0.05373712654226559;0.001136974827707029;0.10604670133578054;-0.0346691138982359;0.0003934402407371825;0.0632201488732538;0.0
0.27484931076436503;-0.0152951973080452;0.6285065947086395;1.0508585413826779;2.809952522161871;0.03164842621796606;0.0479249515652085;0.9571175707481608;0.9160740442348607;2.9641016563189284;2.335595061610289;0.012949933720811546;0.0010768312438076333;0.06525950851432649;-0.0418068726419904;0.0003524742114426581;0.0458855919241358;1.0308900761469308;3.0003379595056074;0.06692290542370936;0.0479249515652085;0.9732053131084262;0.9471285814624698;3.173370705247993;2.5448641105393537;0.05373712654226559;0.0015604522021626956;0.10604670133578054;-0.0418068726419904;0.0003067946627030969;0.0458855919241358;0.9655359441286508;3.400151946483292;0.06535505568014069;0.0479249515652085;0.9236497127635461;0.8531287918881814;3.519292682595692;2.8907860878870526;0.05373712654226559;0.0011421504569015988;0.10604670133578054;-0.0418068726419904;0.0002962239021829362;0.056082390129499296;30.0
2.809952522161871;-0.0061180789232181;2.9641016563189284;1.2441311976772436;3.0003379595056074;0.07647542004933902;0.0479249515652085;1.1621499307564502;1.3505924615572222;3.173370705247993;2.5448641105393537;0.05373712654226559;0.002457615175358843;0.10604670133578054;-0.0418068726419904;0.00043348782690452964;0.0458855919241358;1.131884083619013;3.400151946483292;0.06715890287555921;0.0479249515652085;1.0754326422236402;1.15655536796012;3.519292682595692;2.8907860878870526;0.05373712654226559;0.001640304766878908;0.10604670133578054;-0.0418068726419904;0.00039829239310709247;0.056082390129499296;0.9671387630786537;3.400151946483292;0.05826966854846833;0.0479249515652085;0.9244210070801218;0.8545541983310265;3.519292682595692;2.8907860878870526;0.05373712654226559;0.0012456630407929883;0.10604670133578054;-0.0418068726419904;0.0002994471176858042;0.056082390129499296;30.0
3.0003379595056074;-0.133578056490262;3.173370705247993;1.419124919069597;3.400151946483292;0.05810684025854707;-0.0061180789232181;1.3152843312303577;1.729972871980089;3.519292682595692;2.8907860878870526;0.05373712654226559;0.002385872636746618;0.10604670133578054;-0.0418068726419904;0.0006102448060940674;0.056082390129499296;1.1517077706413692;3.400151946483292;0.06321720214918423;0.0479249515652085;1.0783003951223233;1.1627317421209584;3.519292682595692;2.8907860878870526;0.05373712654226559;0.0016593321358151947;0.10604670133578054;-0.0418068726419904;0.0004038377101012739;0.056082390129499296;0.9722692992420321;3.400151946483292;0.05625210572050432;0.0479249515652085;0.9248460234126804;0.8553401670222481;3.519292682595692;2.8907860878870526;0.05373712654226559;0.0012456630407929883;0.10604670133578054;-0.0418068726419904;0.0002959928473081785;0.056082390129499296;30.0
3.400151946483292;-0.0571020699500356;3.519292682595692;0.2502928356112246;3.400151946483292;0.052747080439186994;-0.0061180789232181;0.23822278592206025;0.05675009573246775;3.519292682595692;0.5551910262767636;0.05373712654226559;0.001941120884697647;0.09584990313041686;-0.0836137452839808;3.8383991069093e-05;0.014275517487508896;1.154062908083463;3.400151946483292;0.04821667923174735;-0.0061180789232181;1.0738118435161146;1.1530718752754765;3.519292682595692;2.8907860878870526;0.05373712654226559;0.0019399251757207833;0.10604670133578054;-0.0418068726419904;0.00041284885021681893;0.056082390129499296;0.9323101518648303;3.400151946483292;0.053693482732762456;0.0479249515652085;0.888797912139014;0.7899617286226706;3.519292682595692;2.8907860878870526;0.05373712654226559;0.0013551397286390556;0.10604670133578054;-0.0418068726419904;0.0002802233521059741;0.056082390129499296;30.0
2.9773266627227857;-0.0780055062710309;3.0871673027006516;0.6576676370486003;3.400151946483292;0.046196813430831936;-0.023452635872336;0.649931183329239;0.42241054306374487;3.519292682595692;1.5044050308288086;0.05373712654226559;0.0014538261538339407;0.087692464566126;-0.0652595085143265;0.00018325539754208598;0.03262975425716319;0.518209689294386;3.400151946483292;0.05030624264985616;-0.003059039461609;0.5150322494186899;0.2652582179412756;3.519292682595692;1.5044050308288086;0.05373712654226559;0.0015400731622090753;0.09584990313041686;-0.0652595085143265;0.00012050666992980918;0.03262975425716319;0.9374888580942407;3.400151946483292;0.04902154851276602;0.0479249515652085;0.8931778688728516;0.7977667054442489;3.519292682595692;2.8907860878870526;0.05373712654226559;0.0013797470728007363;0.10604670133578054;-0.0418068726419904;0.000278698389932574;0.056082390129499296;0.0
1.8692096760343095;-0.023452635872336;2.0148876517668834;0.6511242887900455;3.400151946483292;0.0335394972863644;-0.003059039461609;0.6393669211755747;0.4087900598935335;3.519292682595692;1.5044050308288086;0.03538288977261139;0.0010262302262357252;0.06933822779647181;-0.0652595085143265;0.00019157337303335825;0.03262975425716319;0.538813102486208;3.400151946483292;0.047697060912094046;-0.003059039461609;0.5355266370669982;0.2867887790082884;3.519292682595692;1.5044050308288086;0.05373712654226559;0.0013758364690454599;0.087692464566126;-0.0652595085143265;0.00013419667125919474;0.03262975425716319;0.9163178625420061;3.400151946483292;0.03965496381048628;-0.003059039461609;0.8591638970899904;0.7381626020628597;3.519292682595692;2.8907860878870526;0.05373712654226559;0.0014426633151972208;0.10604670133578054;-0.0418068726419904;0.0002666373254702291;0.056082390129499296;0.0
2.5786977234346624;-0.003059039461609;2.685976441772425;0.5630761122389488;3.129393879467532;0.032146541770741825;-0.003059039461609;0.5536599974466053;0.30653939277257497;3.261928916938251;1.2470412651713674;0.03538288977261139;0.0010112188798413156;0.06882838788620349;-0.0652595085143265;0.0001434850772244396;0.027531355154481393;0.5507418247866993;3.400151946483292;0.027288106606775584;-0.003059039461609;0.55899513180942;0.3124755573866308;3.519292682595692;1.5044050308288086;0.03538288977261139;0.0009530753647015453;0.06933822779647181;-0.0652595085143265;0.00013783578553662636;0.03262975425716319;0.7703626973029204;3.400151946483292;0.0389865511529762;-0.003059039461609;0.5936304819357704;0.352397149083295;3.519292682595692;1.839243827753893;0.13123279290302847;0.002638372292067622;0.17334556949117974;-0.0428265524625267;0.0002581922697978405;0.055062710308962995;60.0
3.129393879467532;-0.023452635872336;3.261928916938251;0.6003288980936614;3.1399872130304534;0.018790442530416954;-0.003059039461609;0.6268842448021511;0.39298385638116334;3.384458031880495;1.3695703801136117;0.03538288977261139;0.0010112188798413156;0.06882838788620349;-0.0652595085143265;0.00015284279965212093;0.027531355154481393;0.5106998248200945;3.1399872130304534;0.02594028187145478;-0.003059039461609;0.4969028885310387;0.24691248063048987;3.384458031880495;1.3695703801136117;0.03538288977261139;0.0006515487531429207;0.06882838788620349;-0.0652595085143265;0.00010955466886630004;0.027531355154481393;0.9036911120385075;3.400151946483292;0.04246384622571834;-0.003059039461609;0.6901788857827517;0.4763468943803205;3.519292682595692;1.839243827753893;0.13123279290302847;0.002178965884587155;0.1651881309268889;-0.0428265524625267;0.0003163256762868442;0.055062710308962995;60.0
3.1399872130304534;-0.0489446313857448;3.384458031880495;0.4126146212244276;3.1399872130304534;0.020535433481957473;-0.003059039461609;0.34055514359636124;0.11597780582993823;3.384458031880495;0.6984815901080701;0.03232385031100238;0.0009023920338305009;0.06576934842459448;-0.0734169470786173;8.352633722485156e-05;0.019373916590190596;0.8768190965297247;3.1399872130304534;0.01611502797030668;-0.003059039461609;0.6757077717417009;0.45658099279213465;3.384458031880495;1.704409177038696;0.13123279290302847;0.0028825684128270246;0.16467829101662057;-0.0428265524625267;0.0003256487404833135;0.0499643112062812;0.898395111240949;3.400151946483292;0.03284330328988896;-0.003059039461609;0.6834789999588335;0.46714354338472713;3.519292682595692;1.839243827753893;0.13123279290302847;0.002466998891459941;0.17130620985010736;-0.0428265524625267;0.0003130909080402382;0.055062710308962995;0.0
2.312062163951275;-0.0418068726419904;2.805873176324829;1.0910220640000108;3.1399872130304534;0.012443297310074689;-0.023452635872336;0.7763480874210636;0.6027163528423435;3.384458031880495;1.704409177038696;0.13123279290302847;0.004802136209988696;0.16467829101662057;-0.0428265524625267;0.0005136349865860606;0.0499643112062812;1.0079200643918351;3.1399872130304534;0.039204887933295754;-0.003059039461609;0.736538304260298;0.5424886736426353;3.384458031880495;1.704409177038696;0.13123279290302847;0.0029273468475550413;0.16467829101662057;-0.0428265524625267;0.0003905289493152383;0.0499643112062812;0.8153537098573445;3.1399872130304534;0.03268689525110456;-0.003059039461609;0.6109433821183221;0.37325181615417413;3.384458031880495;1.704409177038696;0.13123279290302847;0.0021594417476701465;0.17130620985010736;-0.0428265524625267;0.0002484302013393334;0.0499643112062812;0.0
0.8209431140116168;-0.0254919955134087;1.680048854841799;1.087035890738537;3.1399872130304534;0.0399717957933912;-0.0254919955134087;0.8378711250645887;0.7020280222169997;3.384458031880495;1.704409177038696;0.13123279290302847;0.0031153417582156077;0.1162434995411441;-0.0428265524625267;0.00042239719291616755;0.0458855919241358;0.9950005327014024;3.1399872130304534;0.035273651647787924;-0.023452635872336;0.7432303631850575;0.5523913727601926;3.384458031880495;1.704409177038696;0.13123279290302847;0.003783682424381538;0.17130620985010736;-0.0428265524625267;0.0003816564421245476;0.0499643112062812;0.9553795068486619;3.1399872130304534;0.037610855202068846;0.0295707147955541;0.6223939725219536;0.3873742570316584;3.384458031880495;1.704409177038696;0.13123279290302847;0.002197288536155436;0.17130620985010736;-0.037728153359845;0.00032606463925787525;0.0550627103089629;30.0
1.0694601351740616;-0.116243499541144;1.726303842550012;0.6840268732517181;2.312062163951275;0.04293465584670737;-0.0254919955134087;0.5329125447078843;0.2839957803070328;2.805873176324829;1.12582432148303;0.13123279290302847;0.005080463468028717;0.17130620985010736;-0.0428265524625267;0.0002034438172240302;0.030590394616090602;0.8444532033508304;3.1399872130304534;0.03329365871284397;-0.0254919955134087;0.6551779915276245;0.429258200582172;3.384458031880495;1.704409177038696;0.13123279290302847;0.003120800429631761;0.17130620985010736;-0.0428265524625267;0.0002585504048537168;0.0458855919241358;1.3010448736384557;3.1399872130304534;0.037451559904258795;0.0295707147955541;0.6201094447336659;0.3845357234478955;3.384458031880495;1.704409177038696;0.13123279290302847;0.0022458100598545237;0.17130620985010736;-0.0193739165901906;0.0005532493448632521;0.0734169470786173;30.0
1.8127432300866166;-0.0275313551544814;2.302519772590822;0.5647777914490707;1.986525067038695;0.04234760648038308;-0.0254919955134087;0.44058328688913595;0.19411363268603465;2.5780338902171023;0.8979850353753032;0.13123279290302847;0.005117894357739443;0.17130620985010736;-0.0428265524625267;0.00016315362343817934;0.026511675333945203;0.7836534700145565;2.312062163951275;0.04728622016449299;0.0295707147955541;0.4829389240409342;0.2332300043538152;2.805873176324829;1.12582432148303;0.13123279290302847;0.0031185823028340894;0.17130620985010736;-0.037728153359845;0.00022735799676144524;0.0356887937187723;1.2758533983152778;3.1399872130304534;0.03637414876841783;0.0295707147955541;0.6137053906539742;0.3766343065177471;3.384458031880495;1.704409177038696;0.13123279290302847;0.0025092819335405755;0.17130620985010736;-0.0193739165901906;0.0005340255792834225;0.0734169470786173;30.0
1.986525067038695;-0.0527684307127561;2.5780338902171023;0.7858058972741246;1.986525067038695;0.0604414353495932;0.0295707147955541;0.41024997058233453;0.16830503836280633;2.5780338902171023;0.8517300476670904;0.04761904761904756;0.0013664874111755957;0.08769246456612645;-0.037728153359845;0.00022250584439152836;0.0316100744366269;1.061886677611318;1.986525067038695;0.047308203425174805;0.0295707147955541;0.3595603336578684;0.12928363354015765;2.5780338902171023;0.8979850353753032;0.13123279290302847;0.0033216448795147734;0.17130620985010736;-0.0193739165901906;0.00036879823834428906;0.04996431120628131;1.7742814824889297;3.1399872130304534;0.0360046399353445;0.0295707147955541;0.7500933009250197;0.5626399600925921;3.972611448441971;2.292562593600172;0.13123279290302847;0.002426780902322457;0.17130620985010736;0.0173345569491179;0.0009357837955118761;0.1060467013357804;30.0
0.26746937696157636;0.0295707147955541;1.790585596746218;1.363405171647022;1.986525067038695;0.035446021643185194;0.0295707147955541;0.33797582134615745;0.11422765581460974;2.5780338902171023;0.7874482934708842;0.04761904761904756;0.0013727258927940485;0.08769246456612645;-0.0193739165901906;0.0005970746782328882;0.04996431120628131;1.0618737386282915;1.986525067038695;0.04750121743069876;0.0295707147955541;0.353088202977738;0.12467127908204834;2.5780338902171023;0.8517300476670904;0.04761904761904756;0.001125699349818864;0.08769246456612645;-0.0193739165901906;0.000361589326251853;0.04996431120628131;1.57812902483837;2.312062163951275;0.03634881065455651;0.0295707147955541;0.6907282737103944;0.4771055481029415;3.972611448441971;2.292562593600172;0.13123279290302847;0.0025749332880170084;0.17130620985010736;0.0173345569491179;0.0007377120041259532;0.0907515040277352;30.0
-0.8910616342136992;-0.0336494340776996;2.047342947911571;1.1965433158236949;1.986525067038695;0.0402694867330443;0.0295707147955541;0.3656955097311148;0.13373320583749987;2.5780338902171023;0.7874482934708842;0.04761904761904756;0.001132890932795687;0.07953502600183537;-0.0193739165901906;0.000428635674534622;0.04894463138574491;1.8982691827455678;1.986525067038695;0.03126712151215485;0.0295707147955541;0.7641091822472045;0.5838628423944915;3.972611448441971;2.1820258516957525;0.06699296420923839;0.001831063671478764;0.10706638115631728;0.0173345569491179;0.0010957546380502773;0.0866727847455898;1.8196501043137403;1.986525067038695;0.03938511931848625;0.0295707147955541;0.8866315015822293;0.7861154195979585;4.182029833274085;2.501980978432286;0.13123279290302847;0.004196938508815118;0.23656571836443352;0.0214132762312633;0.001018131752875471;0.0907515040277352;30.0
0.8240504046991188;-0.058121749770572;2.4624969216431607;1.7205908920363742;0.8240504046991188;0.03750703407310996;0.0295707147955541;0.9763061118513381;0.9531736240382774;3.972611448441971;2.1820258516957525;0.06699296420923839;0.0020257736144369586;0.0989089425920262;0.0173345569491179;0.0008798858449361443;0.0683185479759354;1.7328790122550466;1.986525067038695;0.03333527214504808;0.0295707147955541;0.7611369700368891;0.5793294871569362;3.972611448441971;2.1820258516957525;0.06699296420923839;0.0014111445420943586;0.0989089425920262;0.0173345569491179;0.000881289503300304;0.0856531049250534;1.8697557633129185;1.986525067038695;0.03964794391859563;0.0295707147955541;0.8567159708417726;0.733962254695361;4.182029833274085;2.4557259907240736;0.06699296420923839;0.002383608298974003;0.17232588967064344;0.0214132762312633;0.0010912259625050272;0.0907515040277352;0.0
-3.063697884645037;-0.0336494340776996;3.972611448441971;1.7501375748916785;0.8240504046991188;0.014129098052973302;-0.0336494340776996;0.8276005851218742;0.6849227284940684;3.972611448441971;1.9252685005303998;0.06699296420923839;0.0018594141046115143;0.0989089425920262;0.0173345569491179;0.0009375051543288115;0.0683185479759354;1.766975916626996;0.8240504046991188;0.04012108608596317;0.0295707147955541;0.9952887306643609;0.9905996573874747;4.182029833274085;2.3914442365278674;0.06699296420923839;0.003766240669523274;0.17232588967064344;0.0214132762312633;0.0009788870823978974;0.0723972672580808;2.0548468773374924;1.986525067038695;0.031975370509512144;0.0295707147955541;0.9171691332469206;0.8411992189809077;4.332356655505566;2.5417710587593483;0.06699296420923839;0.00233075449637321;0.17232588967064344;0.0254919955134087;0.0013198432083338996;0.09483022330988061;60.0
0.4155456186363531;-0.058121749770572;2.7810699272308104;2.14549748653086;0.8240504046991188;0.022988070393791117;-0.0336494340776996;0.8546463202760424;0.7304203327613795;4.182029833274085;1.7195329116309246;0.06699296420923839;0.005009760676352888;0.17232588967064344;0.0214132762312633;0.001478173561261513;0.0723972672580808;1.6820506510018767;0.8240504046991188;0.024729425585010796;-0.0214132762312633;0.8465672553548613;0.7166761178390629;4.182029833274085;2.1346868853625143;0.06699296420923839;0.0031930281834809692;0.17232588967064344;0.0214132762312633;0.000907907024872373;0.0723972672580808;1.8665636840367812;1.986525067038695;0.03878457231364722;0.0295707147955541;0.8866822226613662;0.7862053639837006;4.332356655505566;2.5417710587593483;0.06699296420923839;0.00257973922941196;0.17232588967064344;0.0254919955134087;0.0010633722973530013;0.0938105434893442;60.0
-3.1061965590754914;-0.0897318242071989;4.182029833274085;1.653674898308582;0.4155456186363531;0.030149606285250347;-0.0214132762312633;0.64130244580403;0.4112688269942308;4.182029833274085;1.400959906043275;0.06699296420923839;0.005141202018230598;0.17232588967064344;0.0214132762312633;0.0008660225524506895;0.06423982869379;1.8831990890798203;0.8240504046991188;0.02389113663803696;-0.0214132762312633;0.7766975540640007;0.6032590904890013;4.332356655505566;1.8698597338624054;0.06699296420923839;0.003167069168301956;0.17232588967064344;0.0254919955134087;0.001133601426535562;0.07647598654022619;1.5393044319725642;0.8240504046991188;0.0469244791709471;0.0295707147955541;0.8948147729697986;0.8006934779249922;4.332356655505566;2.5417710587593483;0.06699296420923839;0.0028081947368285027;0.17232588967064344;0.0254919955134087;0.0007377697678446399;0.07647598654022619;60.0
-1.7050366707751123;-0.0214132762312633;3.2955683197781993;1.7542663890669716;0.4155456186363531;0.02806590368949281;-0.0214132762312633;0.7369548826696682;0.5431024990906645;4.332356655505566;1.5512867282747558;0.009890894259202643;0.0026807275387966153;0.11522381972060769;0.0254919955134087;0.0009894058555712292;0.0683185479759354;1.4507839416944754;0.4155456186363531;0.034200594223331306;-0.0214132762312633;0.6606918274320135;0.43651369083545344;4.332356655505566;1.5512867282747558;0.06699296420923839;0.0035840770062644093;0.17232588967064344;0.0254919955134087;0.0006648835076023653;0.0683185479759354;1.4573587032321995;0.8240504046991188;0.04444018439708093;-0.0214132762312633;0.8669736416390454;0.751643295296868;4.332356655505566;2.350007946004764;0.06699296420923839;0.0024857923173355334;0.17232588967064344;0.0254919955134087;0.0006750152638604846;0.07647598654022619;60.0
-3.446729065433032;-0.0622004690527174;4.332356655505566;0.9600244822557455;-1.5634210606732002;0.039433845728989766;-0.0214132762312633;0.6681511775649615;0.4464259960814447;4.332356655505566;1.3696983775766998;0.009890894259202643;0.0028020313480443346;0.11522381972060769;0.0254919955134087;0.00030594553603835174;0.0336494340776995;1.4057480266160962;0.4155456186363531;0.0404595795415919;-0.0214132762312633;0.7665739131851457;0.5876355643759872;4.332356655505566;1.879948741937675;0.04659936779851115;0.0029519108689277027;0.1519322932599162;0.0254919955134087;0.0006338297324349489;0.0683185479759354;1.46425366170525;0.8240504046991188;0.0419792273603976;-0.0214132762312633;0.798354701345835;0.6373702291609974;4.332356655505566;2.350007946004764;0.06699296420923839;0.0025460514286723065;0.17232588967064344;0.0254919955134087;0.0006816580915097646;0.07647598654022619;60.0
-1.5634210606732002;-0.113184460079535;2.9626582779288664;1.031155202359839;-1.089650768430183;0.05030219493550407;-0.0214132762312633;0.7941093004033406;0.630609580987083;4.332356655505566;1.879948741937675;0.04659936779851115;0.002143611600563311;0.11114510043846215;0.0254919955134087;0.00032466098089371456;0.040787192821453905;1.1109621861244956;-0.6666295270260183;0.04772021669996772;-0.0214132762312633;0.9331278718735239;0.8707276252672116;4.332356655505566;2.350007946004764;0.04659936779851115;0.0030632677658171113;0.1519322932599162;0.0254919955134087;0.00039610892454062743;0.0489446313857447;1.4909915089549717;0.9689981014293192;0.05347202880151382;0.0254919955134087;0.9015906272318468;0.8128656591123149;4.332356655505566;2.6475762308410333;0.06699296420923839;0.002476030248877026;0.17232588967064344;0.0254919955134087;0.0006915587928931268;0.0774956663607626;60.0
-1.089650768430183;-0.1325583766697257;2.452407913567891;1.226079826715948;-0.6666295270260183;0.03824818870910792;-0.0622004690527174;1.0155103890714745;1.0312613503120973;4.332356655505566;2.350007946004764;0.04659936779851115;0.0020968229884249026;0.11114510043846215;0.0254919955134087;0.00046190757649970784;0.0489446313857447;0.9752148122561606;-0.6666295270260183;0.04838664581446698;-0.0214132762312633;0.8022156571912503;0.6435499606427897;4.332356655505566;2.350007946004764;0.04659936779851115;0.0013516710173317593;0.11114510043846215;0.0254919955134087;0.00029182230681880117;0.0489446313857447;2.039324797118196;3.329421031500762;0.054555146894927846;0.0254919955134087;0.8580403558572718;0.7362332522796735;4.332356655505566;2.6475762308410333;0.04659936779851115;0.0018419810143110492;0.1519322932599162;0.0254919955134087;0.0013048130887309208;0.119302539002753;60.0
-0.6666295270260183;-0.15091261343938;1.982348709500802;0.673452463407356;-0.6666295270260183;0.032292097046185166;-0.07545630671969;0.44536731599911245;0.19835204616025326;2.9626582779288664;0.9803095684280643;0.04659936779851115;0.002202443948048456;0.11114510043846215;0.0040787192821454;0.00013620684866957653;0.0275313551544814;1.4926514522130754;0.9689981014293192;0.06359211489043372;0.0254919955134087;0.9342512030693463;0.8728253104365209;4.332356655505566;2.6475762308410333;0.04659936779851115;0.0013317078761527052;0.11114510043846215;0.0254919955134087;0.0006840148512322936;0.0774956663607626;2.3265833814659693;3.329421031500762;0.059129805661571576;0.0254919955134087;0.8577311940050427;0.7357028011693163;4.332356655505566;2.6475762308410333;0.04659936779851115;0.0018556479101529595;0.1519322932599162;0.0254919955134087;0.0016874399613294499;0.119302539002753;60.0
-2.2367988882376197;-0.07545630671969;2.856161200789084;1.3276161232839583;0.9689981014293192;0.07936216802025903;0.0254919955134087;0.5161921808409672;0.26645436756135377;2.856161200789084;1.1713807761245514;0.04659936779851115;0.0004741246030025232;0.048944631385744786;0.0040787192821454;0.0005423146729153437;0.056082390129499296;2.041543310728513;3.329421031500762;0.0684834761534509;0.0254919955134087;0.6645683589285302;0.44165110368895977;3.480720192969443;1.79593976830491;0.04659936779851115;0.0013274102554822142;0.11114510043846215;0.0040787192821454;0.001288211795979593;0.0978892627714897;2.296876079773761;3.329421031500762;0.0622845497391173;0.0254919955134087;0.7959365119090018;0.6335149309898687;4.332356655505566;2.6475762308410333;0.04659936779851115;0.0007574440904302523;0.11114510043846215;0.0254919955134087;0.001627322371103467;0.119302539002753;60.0
0.9689981014293192;0.0254919955134087;1.6847804246645328;2.37943733844112;3.329421031500762;0.07577028441637668;0.0254919955134087;0.820813558068584;0.6737348971092088;3.480720192969443;1.79593976830491;0.016008973182420783;8.967817326528136e-05;0.021413276231263656;0.0040787192821454;0.0017498940939764164;0.0978892627714897;2.2267640061392293;3.329421031500762;0.07267296543597579;0.0254919955134087;0.6478488004218901;0.41970806820808193;3.480720192969443;1.79593976830491;0.04659936779851115;0.000381968366205471;0.05200367084735402;0.0040787192821454;0.0015344238705212562;0.0978892627714897;2.284005502938217;3.329421031500762;0.06499164688975852;0.0254919955134087;0.8354307347241703;0.6979445125217669;4.332356655505566;2.6475762308410333;0.04659936779851115;0.0007431764519139723;0.11114510043846215;0.0254919955134087;0.0016085607152731525;0.119302539002753;60.0
3.329421031500762;-0.0214132762312633;3.480720192969443;2.509282001859447;3.329421031500762;0.043221275575981315;0.0254919955134087;0.7467774220983623;0.5576765181558755;3.480720192969443;1.79593976830491;0.016008973182420783;9.175766713809926e-05;0.021413276231263656;0.0040787192821454;0.001939041390824828;0.0978892627714897;2.1401450932820345;3.329421031500762;0.06642622517124915;0.0254919955134087;0.6807311489710408;0.46339489717943333;3.480720192969443;1.79593976830491;0.016008973182420783;6.557337345619996e-05;0.021413276231263656;0.0040787192821454;0.0014107026496463834;0.0978892627714897;1.9978815792275635;3.329421031500762;0.06694605510303378;0.0254919955134087;0.6080459407162805;0.36971986602154655;3.480720192969443;1.79593976830491;0.04659936779851115;0.0007403258123966504;0.11114510043846215;0.0040787192821454;0.0012301621468826895;0.0978892627714897;60.0
2.7781321723799763;0.0020393596410727;2.7921753479768285;1.0213882903309084;3.329421031500762;0.019317932202821644;0.0254919955134087;0.8014220960985806;0.6422773761150425;3.480720192969443;1.79593976830491;-0.0003059039461608126;6.2384816184544015e-06;0.005098399102682061;-0.0520036708473539;0.0003246393194992093;0.0418068726419904;1.972550222094242;3.329421031500762;0.03619312789675057;0.0254919955134087;0.719694622166612;0.5179603491755423;3.480720192969443;1.79593976830491;0.016008973182420783;6.630119631168639e-05;0.021413276231263656;0.0040787192821454;0.0011986635910813648;0.0978892627714897;1.8736140364066032;3.329421031500762;0.06493031387918786;0.0254919955134087;0.6325220841993607;0.40008418699990317;3.480720192969443;1.79593976830491;0.04659936779851115;0.00025578063454256047;0.05200367084735402;0.0040787192821454;0.001084643786760375;0.0978892627714897;60.0
2.031827190972681;0.0071377587437544;2.0362329065888347;0.7890725291819352;3.329421031500762;0.014596625513652843;0.0112164780258998;0.77978267625034;0.6080610221801427;3.480720192969443;1.7309154338616222;-0.0003059039461608126;5.8052537282839144e-06;0.005098399102682061;-0.0622004690527174;0.00019380449666773786;0.031610074436626896;0.8589032747488679;3.329421031500762;0.015323778288339415;0.0254919955134087;0.7353019186348094;0.5406689115480319;3.480720192969443;1.79593976830491;-0.0003059039461608126;3.786411760091487e-06;0.005098399102682061;-0.0520036708473539;0.00022955012988570806;0.0418068726419904;2.2600201656382657;3.329421031500762;0.06212950138499628;0.07545630671969;0.8191893548073473;0.671071199029678;4.176797724810394;2.4920173001458608;0.016008973182420783;0.00011520684874005741;0.04282655246252676;0.023452635872336;0.0015794015900787483;0.11726317936168029;60.0
1.547111970792308;0.0112164780258998;1.7498047591078207;0.5464304009414007;2.7781321723799763;0.004313599179666895;0.0112164780258998;0.5888943278846133;0.34679652941467043;2.976217731761191;1.2264129726533701;-0.0003059039461608126;4.570554241297884e-06;0.005098399102682061;-0.0622004690527174;9.069625880717418e-05;0.0214132762312634;0.6131491369515145;3.329421031500762;0.013772914142984772;0.0193739165901906;0.6765812829931739;0.45776223249668924;3.480720192969443;1.7309154338616222;0.003772815335984392;1.27282354132091e-05;0.009177118384827265;-0.0622004690527174;0.00011725746075353127;0.031610074436626896;2.2829595554026447;3.329421031500762;0.03839835101246394;0.07545630671969;0.8010469681593334;0.6416762451972601;4.176797724810394;2.4920173001458608;0.016008973182420783;0.0001273372296648299;0.04282655246252676;0.023452635872336;0.0016137132389802463;0.11726317936168029;60.0
2.529954937999496;0.0025491995513408;2.976217731761191;0.43828120510429824;2.529954937999496;0.007142309435159725;0.0193739165901906;0.7061830613547407;0.4986945161443535;3.201256197777618;1.4514514386697974;0.003772815335984392;1.670093516606953e-05;0.009177118384827265;-0.0622004690527174;5.7944230310289055e-05;0.017334556949118;2.3099882790793984;2.7781321723799763;0.028087968628467613;0.07545630671969;0.8684488790816798;0.754203455578226;4.176797724810394;2.426992965702573;0.003772815335984392;0.00011462343518129465;0.030590394616090366;0.023452635872336;0.0016557363443267786;0.10706638115631681;2.6754978572094155;3.329421031500762;0.027838535227455632;0.07545630671969;1.203517871751543;1.4484552676253633;5.66783384003654;3.983053415372007;0.016008973182420783;0.0001273372296648299;0.04282655246252676;0.040787192821454;0.002197219219693002;0.1345977363107983;60.0
2.388909457729886;0.0193739165901906;3.201256197777618;2.7643781228560256;2.529954937999496;0.03292943588496617;0.07545630671969;0.9976978005948407;0.9954009013117826;4.176797724810394;2.426992965702573;0.003772815335984392;0.0001768219633730613;0.030590394616090366;0.023452635872336;0.0023701897871224414;0.10298766187417141;2.341606166303731;2.529954937999496;0.0267933687259708;0.07545630671969;0.8938668293116514;0.7989979085436649;4.176797724810394;2.426992965702573;0.009890894259202643;0.0001551735657012475;0.03670847353930862;0.023452635872336;0.0017023170070779039;0.10298766187417141;2.6860423457370377;3.329421031500762;0.02780490063144898;0.07545630671969;1.1041935155490266;1.2192433197805181;5.66783384003654;3.918029080928719;0.024166411746711636;0.00019432003785704887;0.05098399102681761;0.040787192821454;0.00221732099379691;0.1345977363107983;60.0
-3.3048975973407306;0.07545630671969;4.176797724810394;2.816405461941864;2.529954937999496;0.03126660191904618;0.07545630671969;0.5236526664409089;0.27421211507067383;4.176797724810394;1.2005799930492027;0.009890894259202643;0.00025792222441296705;0.03670847353930862;0.023452635872336;0.0024558822637981543;0.10298766187417141;2.9876949183928625;2.529954937999496;0.027924616535117946;0.07545630671969;1.3118794518613395;1.7210276962160087;5.66783384003654;3.918029080928719;0.016008973182420783;0.0002221332684059902;0.04282655246252676;0.040787192821454;0.002728885151067963;0.1203222188232894;3.202399108933822;2.7781321723799763;0.02506058944367586;0.07545630671969;1.6169677559848576;2.614584723894706;7.038458029442618;5.288653270334796;0.024166411746711636;0.0003892379302025313;0.06729886815539932;0.0734169470786173;0.0032082229296822055;0.1570306923625981;60.0
-0.9384061991174153;0.0275313551544814;3.347729603844517;2.995572634362297;2.388909457729886;0.025749018682599142;0.07545630671969;1.1310234048509848;1.279213942320715;5.66783384003654;2.4665776422589216;0.016008973182420783;0.00036183193387034673;0.04282655246252676;0.040787192821454;0.0027217108972067317;0.1172631793616803;2.848537256130434;2.529954937999496;0.027239800597848002;0.07545630671969;0.9859206353259746;0.9720394991615734;5.66783384003654;2.691616108275349;0.024166411746711636;0.0003194535816538771;0.05098399102681761;0.040787192821454;0.0024751868985841566;0.1203222188232894;3.10749818518414;2.529954937999496;0.023978801972161606;0.07545630671969;1.6104630747330586;2.5935913150786574;7.038458029442618;5.288653270334796;0.024166411746711636;0.0003892379302025313;0.06729886815539932;0.0734169470786173;0.0030161470122962403;0.15295197308045272;60.0
-4.369892447344581;0.0550627103089629;5.66783384003654;1.978527932768221;-0.1449316780489749;0.02676376269525274;0.07545630671969;1.0147829906263275;1.029784518064513;5.66783384003654;2.320104236192023;0.024166411746711636;0.0005073965049676141;0.05098399102681761;0.040787192821454;0.0011662494803388003;0.0723972672580808;3.075611968918505;2.388909457729886;0.023258238815147242;0.07545630671969;1.5165950184437462;2.300060449968387;7.038458029442618;3.8372018316649994;0.024166411746711636;0.0006977395107928996;0.06729886815539932;0.0734169470786173;0.0029534704893323174;0.1498929336188436;2.981138272355427;2.529954937999496;0.0227414382648899;0.07545630671969;1.4842231308326477;2.2029183020986665;7.038458029442618;5.288653270334796;0.024166411746711636;0.0003884754491158312;0.06729886815539932;0.0734169470786173;0.0027691031402054503;0.15295197308045272;60.0
-0.1449316780489749;0.0163148771285816;3.7392965820278232;2.789185564145593;-0.1449316780489749;0.018133393743019068;0.0550627103089629;1.7233692184433977;2.9700014630782072;7.038458029442618;3.6907284255981008;0.024166411746711636;0.0009288405965254166;0.06729886815539932;0.0734169470786173;0.0024526763774108925;0.1050270215152441;2.169237740057239;-0.1449316780489749;0.020844077971791785;0.07545630671969;1.3716682389724957;1.8814737578059078;7.038458029442618;3.6907284255981008;0.024166411746711636;0.0006899760670010458;0.06729886815539932;0.0734169470786173;0.0014817087008453145;0.1050270215152441;2.81399321913663;2.529954937999496;0.021264460446634787;0.07545630671969;1.2328713721610187;1.5199718202941932;7.038458029442618;4.062240297681427;0.024166411746711636;0.0003888913478903948;0.06729886815539932;0.0734169470786173;0.0024636254902884723;0.15295197308045272;60.0
-6.0214990011431295;0.0489446313857448;7.038458029442618;2.480599887072506;-0.1449316780489749;0.01711068111377168;0.0550627103089629;1.4180250123809326;2.010794935737944;7.038458029442618;3.2991614474147943;0.024166411746711636;0.0008993810999938272;0.06729886815539932;0.0734169470786173;0.0019390413908248244;0.1050270215152441;2.1646357974082044;-0.1449316780489749;0.01448878554127274;0.0550627103089629;1.3505077255264686;1.8238711167066755;7.038458029442618;3.6907284255981008;0.024166411746711636;0.000560215649337197;0.06729886815539932;0.0734169470786173;0.0014752362761661683;0.1050270215152441;2.3842181586344378;2.388909457729886;0.017779050070577236;0.07545630671969;1.1368169299681503;1.2923527322622101;7.038458029442618;3.8372018316649994;0.024166411746711636;0.00039095640083354065;0.06729886815539932;0.0734169470786173;0.0017634830087980965;0.1498929336188436;60.0
-3.1668278003644197;0.0438462322830631;4.634691959045553;2.3994823330445687;-0.1449316780489749;0.014811704951905822;0.0489446313857448;1.4301756218633144;2.045402309372118;7.038458029442618;3.2991614474147943;0.024166411746711636;0.0007777307084339686;0.06729886815539932;0.0734169470786173;0.0018393773146911166;0.1050270215152441;1.9322440830257435;-0.1449316780489749;0.013305421640791943;0.0550627103089629;1.1873649681729879;1.4098355676444405;7.038458029442618;3.2991614474147943;0.024166411746711636;0.0005401138752332889;0.06729886815539932;0.0734169470786173;0.0011792549816017272;0.1050270215152441;1.7930925747772093;-0.1449316780489749;0.023903947483113846;0.0978892627714897;1.119133663569374;1.252460156934209;7.038458029442618;3.6907284255981008;0.024166411746711636;0.00040462329667545043;0.06729886815539932;0.0734169470786173;0.0009982985800634668;0.1050270215152441;60.0
-3.077145965009886;0.0438462322830631;4.489637789832895;1.473156563817089;-2.991969745172522;0.003381895371016431;0.0489446313857448;1.2856165357159097;1.6528098769061768;7.038458029442618;2.7216193110293636;-0.0003059039461608126;0.0004450116887830728;0.04282655246252687;0.0734169470786173;0.0007455635375888053;0.05608239012949941;1.883167534953899;-0.1449316780489749;0.012112319873885597;0.0489446313857448;1.138835412636202;1.2969460970742683;7.038458029442618;3.2991614474147943;0.024166411746711636;0.00047928867945335965;0.06729886815539932;0.0734169470786173;0.0011287232804922476;0.1050270215152441;1.813712541305019;-0.1449316780489749;0.025885723662680993;0.0978892627714897;1.1854139257596141;1.4052061753848197;7.038458029442618;3.6907284255981008;0.024166411746711636;0.0003349024882173553;0.06729886815539932;0.0734169470786173;0.0010218661772887381;0.1050270215152441;60.0
-2.991969745172522;0.040787192821454;4.316838718413254;0.374896225523826;-2.991969745172522;0.006782978839426209;0.0438462322830631;0.20685529258626337;0.04278911207094862;4.802308108881557;0.4854693904683032;0.002753135515448202;4.418924479738194e-06;0.005098399102681839;0.0316100744366268;4.217473510808393e-05;0.0142755174875089;1.3129752711318603;-2.991969745172522;0.023951987418151913;0.0978892627714897;1.0810799261402606;1.1687338067034314;7.038458029442618;2.7216193110293636;0.010910574079738833;0.00036349552896860376;0.05404303048842651;0.0734169470786173;0.0005673292512937933;0.05608239012949941;1.6379534933045032;-0.1449316780489749;0.030883750998591024;0.0978892627714897;1.0793653913050965;1.1650296479472042;7.038458029442618;3.571743511791011;0.024166411746711636;0.0003551775534773319;0.06729886815539932;0.0734169470786173;0.0008361904799335585;0.1050270215152441;60.0
-3.8147189263275534;0.0295707147955541;4.802308108881557;1.1181128696444236;-2.991969745172522;0.03053369318714625;0.0978892627714897;0.777749270276397;0.604893927415468;6.038961711718424;1.7221229933051703;0.010910574079738833;3.3965066589361017e-05;0.01325583766697247;0.0591414295911083;0.0003747204636029104;0.0418068726419904;1.0345315653947962;-2.46298588449704;0.031501340862077634;0.0978892627714897;0.8349528446753598;0.6971462528314755;6.038961711718424;2.5722471940668177;0.010910574079738833;4.4397194184667154e-05;0.02039359641072691;0.0591414295911083;0.00032111717675212953;0.0509839910268175;1.8326471072195016;-0.1449316780489749;0.031052185162050615;0.0978892627714897;1.366534439768298;1.8674163750728556;7.038458029442618;5.0219415256261835;0.024166411746711636;0.00031664915311150786;0.06729886815539932;0.0734169470786173;0.001051787783569843;0.1050270215152441;60.0
-5.405262043082587;0.0978892627714897;6.038961711718424;1.2843519270794694;-2.46298588449704;0.04065527083390603;0.0978892627714897;1.0744641025336439;1.1544731076334287;6.038961711718424;2.5722471940668177;0.010910574079738833;7.096272840991624e-05;0.02039359641072691;0.0591414295911083;0.000495266124042833;0.0509839910268175;1.0544530750457117;-2.46298588449704;0.03889068281944958;0.0978892627714897;0.8356804940594411;0.6983618881514315;6.038961711718424;2.5722471940668177;0.010910574079738833;9.801347787216062e-05;0.028551034975017764;0.0591414295911083;0.0003367133807982654;0.0509839910268175;1.7251748285543163;-0.7244728734659656;0.031238577285062845;0.0978892627714897;1.6136565477698432;2.6038874541604886;7.038458029442618;5.276724972095264;0.010910574079738833;0.00023710851247621525;0.05404303048842651;0.0734169470786173;0.0009421522454973783;0.095849903130417;60.0
-2.46298588449704;0.0010196798205363;3.4667145176516065;1.2109727107368757;-2.46298588449704;0.049377321923137735;0.0978892627714897;1.0508059200078714;1.104193081523589;6.038961711718424;2.5722471940668177;0.010910574079738833;0.00016081419283126494;0.028551034975017764;0.0591414295911083;0.00044249896702007376;0.0509839910268175;1.6057918783790763;-0.7244728734659656;0.03940065345297128;0.0978892627714897;1.3652056368562966;1.8637864309042063;6.038961711718424;4.02244520790199;0.010910574079738833;0.00010165259214959278;0.028551034975017764;0.0591414295911083;0.0007879895448731997;0.081574385642908;1.4821197775331698;-0.7244728734659656;0.034661782091583125;0.0978892627714897;1.308349925491137;1.7117795275326637;6.038961711718424;4.27722865437107;0.010910574079738833;0.00011484582549824923;0.03466911389823579;0.0591414295911083;0.0006737589029789898;0.081574385642908;60.0
-4.180364658598683;-0.0132558376669725;4.709107289538321;2.0408771647689465;-0.7244728734659656;0.05012964890883069;0.0978892627714897;1.7190523814123215;2.955141090039374;6.038961711718424;4.02244520790199;0.010910574079738833;0.00014521798878512905;0.028551034975017764;0.0591414295911083;0.0012736899971010696;0.081574385642908;1.9096731343820643;-0.7244728734659656;0.03919825716016056;0.0978892627714897;1.6905897350662162;2.858093652311259;6.038961711718424;4.27722865437107;0.010910574079738833;0.00011936294829976055;0.028551034975017764;0.0591414295911083;0.0011119746902582565;0.081574385642908;1.5200803498285567;-0.7244728734659656;0.034554961753301805;0.0978892627714897;1.4087834320823518;1.9846707585097303;6.038961711718424;4.27722865437107;0.010910574079738833;0.0001131706776562568;0.03466911389823579;0.0591414295911083;0.0007091102988168974;0.081574385642908;60.0
-0.7244728734659656;0.0112164780258998;2.016516503816434;1.6448102721966527;-0.7244728734659656;0.012122330648262855;0.0132558376669725;1.370995698615955;1.879629205623451;4.709107289538321;2.947374232190967;0.006831854797593628;0.00010362811132876908;0.02447231569287256;0.0387478331803813;0.0008424549552254189;0.061180789232181;1.9559713128960758;-0.7244728734659656;0.0429126531348746;0.0978892627714897;1.6516832348949981;2.7280575084332055;6.038961711718424;4.27722865437107;0.010910574079738833;0.00018244092910857498;0.03466911389823579;0.0591414295911083;0.001175191303991927;0.081574385642908;1.5996186961282424;-0.7244728734659656;0.033616845191439225;0.0978892627714897;1.554949744700552;2.417868708544312;6.038961711718424;4.4961001423598015;0.010910574079738833;0.00011509132130267923;0.03466911389823579;0.0591414295911083;0.0007855641907347247;0.081574385642908;60.0
-0.764971382911007;0.0132558376669725;1.761733057347354;1.9963218611182756;-0.7244728734659656;0.017414348196797512;0.0132558376669725;1.5517123511612083;2.407811220746245;4.709107289538321;2.947374232190967;0.006831854797593628;0.0001788364730623557;0.030590394616090588;0.0397675130009177;0.0012480429060029803;0.0622004690527174;1.5582775454739801;-0.7244728734659656;0.01371080763860235;0.0132558376669725;1.2785079827558934;1.6345826619705437;4.709107289538321;2.947374232190967;0.006831854797593628;0.00011146087158305107;0.030590394616090588;0.0397675130009177;0.0007610947574514194;0.0622004690527174;1.6195233924655055;-0.7244728734659656;0.03285737041351092;0.0978892627714897;1.5977553776024733;2.5528222466576223;6.038961711718424;4.4961001423598015;0.010910574079738833;0.00011335840974199737;0.03466911389823579;0.0591414295911083;0.0008056313066074193;0.081574385642908;60.0
-4.22402850265492;-0.0214132762312633;4.416335434549175;1.6409391062457956;-0.7244728734659656;0.015917024538891406;0.0132558376669725;1.2215657643334998;1.4922229165916876;4.416335434549175;2.6546023772018215;0.006831854797593628;0.00015804153433417474;0.030590394616090588;0.0397675130009177;0.0008463540062369542;0.0622004690527174;1.6112142791722683;-0.7244728734659656;0.014848221216958472;0.0132558376669725;1.4034580263199194;1.9696944316418037;4.709107289538321;3.166245720179698;0.006831854797593628;0.00012710039841820451;0.030590394616090588;0.0397675130009177;0.0008142193274835688;0.0622004690527174;1.6625972341154374;-0.7244728734659656;0.0342450274495139;0.0978892627714897;1.6703614600913719;2.7901074073585796;6.038961711718424;5.181693266330795;0.010910574079738833;0.00010605707569965807;0.03466911389823579;0.0591414295911083;0.0008512935262313839;0.081574385642908;60.0
-2.0;0.003059039461609;2.2330653773544955;1.5092547926206346;-0.764971382911007;0.016242355854964113;0.0132558376669725;1.3170951040810508;1.7347395131942742;4.416335434549175;2.8734738651905527;0.006831854797593628;0.00017266297562742756;0.030590394616090588;0.0397675130009177;0.0007154921066623465;0.061180789232180996;1.291415230265517;-0.7244728734659656;0.013139304176132027;0.0132558376669725;1.0506081698333398;1.1037775265205596;4.416335434549175;2.8734738651905527;0.006831854797593628;0.00010422596581720553;0.030590394616090588;0.0397675130009177;0.0005242858942659077;0.0622004690527174;1.6625972341154374;-0.7244728734659656;0.0342450274495139;0.0978892627714897;1.6703614600913719;2.7901074073585796;6.038961711718424;5.181693266330795;0.010910574079738833;0.00010605707569965807;0.03466911389823579;0.0591414295911083;0.0008512935262313839;0.081574385642908;60.0
-1.3718970811687385;0.0127459977567043;1.5428615693586225;1.2586925483771296;-1.3718970811687385;0.014506565673869527;0.0127459977567043;1.2795988614265545;1.6373732461641346;4.416335434549175;2.8734738651905527;0.00020393596410739345;0.00010733220978972502;0.023962475782604353;0.0397675130009177;0.0005032104404788336;0.0507290710716834;1.2724867411950178;-0.764971382911007;0.016301328880577257;0.0132558376669725;1.213081500453042;1.4715667267414039;4.416335434549175;3.559066989161546;0.006831854797593628;0.00010374075058021443;0.030590394616090588;0.0397675130009177;0.0005088629813758402;0.061180789232180996;1.6625972341154374;-0.7244728734659656;0.0342450274495139;0.0978892627714897;1.6703614600913719;2.7901074073585796;6.038961711718424;5.181693266330795;0.010910574079738833;0.00010605707569965807;0.03466911389823579;0.0591414295911083;0.0008512935262313839;0.081574385642908;60.0
-1.9419497038718307;0.0020393596410727;1.989446656816393;0.5458341946259166;-0.8382890841344253;0.015471912315989728;0.0127459977567043;0.6041421086954688;0.3649876874990077;2.2330653773544955;1.3757969319668661;0.00020393596410739345;9.07612429907106e-06;0.006627918833486457;0.0;9.168726760593812e-05;0.020393596410727;1.2724867411950178;-0.764971382911007;0.016301328880577257;0.0132558376669725;1.213081500453042;1.4715667267414039;4.416335434549175;3.559066989161546;0.006831854797593628;0.00010374075058021443;0.030590394616090588;0.0397675130009177;0.0005088629813758402;0.061180789232180996;1.6625972341154374;-0.7244728734659656;0.0342450274495139;0.0978892627714897;1.6703614600913719;2.7901074073585796;6.038961711718424;5.181693266330795;0.010910574079738833;0.00010605707569965807;0.03466911389823579;0.0591414295911083;0.0008512935262313839;0.081574385642908;60.0
-0.8382890841344253;-0.023452635872336;0.8572684453876293;0.5458341946259166;-0.8382890841344253;0.015471912315989728;0.0127459977567043;0.6041421086954688;0.3649876874990077;2.2330653773544955;1.3757969319668661;0.00020393596410739345;9.07612429907106e-06;0.006627918833486457;0.0;9.168726760593812e-05;0.020393596410727;1.2724867411950178;-0.764971382911007;0.016301328880577257;0.0132558376669725;1.213081500453042;1.4715667267414039;4.416335434549175;3.559066989161546;0.006831854797593628;0.00010374075058021443;0.030590394616090588;0.0397675130009177;0.0005088629813758402;0.061180789232180996;1.6625972341154374;-0.7244728734659656;0.0342450274495139;0.0978892627714897;1.6703614600913719;2.7901074073585796;6.038961711718424;5.181693266330795;0.010910574079738833;0.00010605707569965807;0.03466911389823579;0.0591414295911083;0.0008512935262313839;0.081574385642908;60.0
