acc_X_std;acc_X_kurt;acc_X_var;acc_X_iqr;acc_Y_std;acc_Y_kurt;acc_Y_var;acc_Y_iqr;acc_Z_std;acc_Z_kurt;acc_Z_iqr;acc_Z_range;acc_std;acc_var;acc_iqr;acc_kurt;acc_cv;hole
2.9105858203459243;1.928461711916302;8.471509817598758;2.717819289504883;0.3654696169706011;0.36131670840235586;0.13356804092863786;0.4571554255344803;0.030197178940663837;-1.5160289216226646;0.05162129091465279;0.0825940654634445;2.0237789127963186;4.095681087879049;0.9540074559144691;5.136478554671295;0.5907960028418523;1
2.9105858203459243;1.928461711916302;8.471509817598758;2.717819289504883;0.3654696169706011;0.36131670840235586;0.13356804092863786;0.4571554255344803;0.030197178940663837;-1.5160289216226646;0.05162129091465279;0.0825940654634445;2.0237789127963186;4.095681087879049;0.9540074559144691;5.136478554671295;0.5907960028418523;1
2.9105858203459243;1.928461711916302;8.471509817598758;2.717819289504883;0.3654696169706011;0.36131670840235586;0.13356804092863786;0.4571554255344803;0.030197178940663837;-1.5160289216226646;0.05162129091465279;0.0825940654634445;2.0237789127963186;4.095681087879049;0.9540074559144691;5.136478554671295;0.5907960028418523;1
2.9105858203459243;1.928461711916302;8.471509817598758;2.717819289504883;0.3654696169706011;0.36131670840235586;0.13356804092863786;0.4571554255344803;0.030197178940663837;-1.5160289216226646;0.05162129091465279;0.0825940654634445;2.0237789127963186;4.095681087879049;0.9540074559144691;5.136478554671295;0.5907960028418523;1
2.9105858203459243;1.928461711916302;8.471509817598758;2.717819289504883;0.3654696169706011;0.36131670840235586;0.13356804092863786;0.4571554255344803;0.030197178940663837;-1.5160289216226646;0.05162129091465279;0.0825940654634445;2.0237789127963186;4.095681087879049;0.9540074559144691;5.136478554671295;0.5907960028418523;1
2.9105858203459243;1.928461711916302;8.471509817598758;2.717819289504883;0.3654696169706011;0.36131670840235586;0.13356804092863786;0.4571554255344803;0.030197178940663837;-1.5160289216226646;0.05162129091465279;0.0825940654634445;2.0237789127963186;4.095681087879049;0.9540074559144691;5.136478554671295;0.5907960028418523;1
2.9912480190889026;1.7012113611399664;8.947564711703283;2.985857278852796;0.26028617819256844;1.0324105394572456;0.06774889455809349;0.2829036577017563;0.02963588685915202;-1.2907138898261377;0.04996431120628121;0.0825940654634445;1.9472018870645116;3.791595188987595;0.7758280768211163;5.785208464793927;0.5527622901752823;1
3.0654794666060403;2.052579764724134;9.397164360183254;2.9725453220494598;0.17211259759298955;1.9363925166758835;0.02962274625020635;0.15484267612824265;0.02745866470367576;-1.0501741011294372;0.040022432956051845;0.0825940654634445;1.961776695165124;3.848567801692996;0.8078514779031294;5.729333486892175;0.5618645138551157;1
3.1137070990952864;1.9200839156623704;9.695171898956385;3.0077471549533343;0.10828562601689691;1.3159989654120647;0.011725776801871262;0.13532803955859318;0.025745653457637612;0.018386408158028594;0.02561945549097583;0.0825940654634445;1.9232514966112264;3.698896319217322;0.7800176856259329;6.047456686365316;0.5421643770402644;1
2.9078195863476695;5.4147977977009685;8.455414746747133;2.0797285206446685;0.08709472195977506;-1.0286694187706509;0.0075854905932505245;0.13532803955859318;0.03570372162269503;0.14580017326290115;0.04218925257469157;0.113184460079535;1.8949349198680274;3.5907783505352477;0.426383872648469;9.051899464543038;0.5775268239324944;1
2.896163986274917;5.343956715389682;8.387765835395818;2.161852869115177;0.08801401133471054;-1.0675567659780962;0.007746466191226556;0.13532803955859318;0.036512867807624874;-0.08790318741265679;0.04218925257469157;0.113184460079535;1.894104331702578;3.58763121937447;0.426383872648469;9.059993284571263;0.5770143855981082;1
2.8935093093312743;6.4092201932720245;8.372396123186748;1.039499271600946;0.09106551441522764;-1.0437150827038195;0.008292927915710034;0.13920841556246266;0.044097435522182975;0.28052147002637084;0.04218925257469157;0.1539716529009891;1.9079036932664344;3.6400965027797003;0.3392955356383407;9.122107586040736;0.5893750156998647;0
1.1317512786013755;3.9175898540279825;1.280860956615848;0.9687198188665367;0.0910440714447521;-1.5010400980414416;0.008289022945237125;0.14899550360697855;0.04994234048388124;-0.1656144260941603;0.04040481288875293;0.15856021209340262;0.3420344334030522;0.11698755363334692;0.16930938858201205;3.371145109873668;0.12905004985215043;0
0.8959366686308036;1.7002510973109628;0.8027025141972622;0.8720857094556962;0.08882528812424119;-1.6660062470431913;0.007889931810354463;0.15879834472092336;0.05141676444508267;-0.4076064885752006;0.05442541042112775;0.15856021209340262;0.3992601923815998;0.15940870122059211;0.16930938858201205;4.818191975423899;0.14945890288435146;1
1.2932716807153897;1.1970121986534303;1.672551640140409;0.8720857094556962;0.10453396854266792;-0.17873472229049575;0.010927350579279484;0.1332302941046133;0.05096815520582679;-0.2241433890639582;0.04716019169980626;0.15856021209340262;0.6849324148922751;0.46913241297016367;0.16930938858201205;2.972276424411162;0.24287008596044884;1
1.8018646087393169;0.20723727815623758;3.246716068227291;2.0683599327801367;0.1056421901024704;-0.5966362281013312;0.011160272329646496;0.11533264765111317;0.0511527802066072;-0.48090929347863465;0.05302335066789033;0.15856021209340262;1.1085246664974817;1.2288269362333533;0.9182894821499192;1.849914083413226;0.35526139730430517;1
2.248328031365038;-0.8707006436467236;5.054978936621787;3.185279092375522;0.15193831353598403;1.9113250196358962;0.023085251120158985;0.1481588113069341;0.05642967969202736;-1.2115442510850047;0.08386866523911493;0.15856021209340262;1.4784502605456733;2.185815172907569;1.7221085488942247;-0.09618409840735355;0.4225058949561126;1
2.310237003450007;-1.5695680108487235;5.3371950121096665;3.82502058925156;0.1898131910530333;0.11668319515534264;0.03602904749773531;0.16329938789601028;0.05733529557610394;-1.2960662687805902;0.08845722443152851;0.15856021209340262;1.49250543008015;2.2275724588187336;2.222773287448974;-1.0815985474043548;0.39981663065485523;1
2.261021620099213;-1.4268253034182463;5.112218766556069;3.7733987200762744;0.22357575151213027;-0.979302208719557;0.04998611666421382;0.3176350995182604;0.057068703115904125;-1.0914303676541575;0.08361374528398083;0.15856021209340262;1.4462259298744784;2.0915694402412996;2.1927254201094533;-0.9598931948547264;0.3795882089136823;1
2.0595543497696083;-0.7826488271067176;4.241764119654914;2.655263500997954;0.2293018334356209;-1.4148643435250468;0.052579330816937234;0.36551184598681097;0.053355909752916604;-1.0260030145248855;0.07749566636076272;0.1473437340675028;1.3545639659060291;1.83484353773107;1.8810951997993266;-0.7079708974111425;0.34553490506652906;1
1.837071867053491;-0.8499693748305798;3.3748330447193986;2.655263500997954;0.22628126857740546;-1.1645962145755777;0.0512032125089999;0.33639717924195;0.05069383119968357;-0.8442573323420675;0.0655144284694606;0.1473437340675028;1.3572094686338037;1.8420175417492517;1.8810951997993266;-0.7092040271371377;0.3463879678548064;0
2.1759498840155684;0.4788163203655407;4.734757897747366;2.655263500997954;0.1834965395652128;-1.0019068039257586;0.03367098003240771;0.23234535366108844;0.04762707119006361;-0.7120047888420505;0.0655144284694606;0.1473437340675028;1.3608763769931125;1.8519845134579;1.8810951997993266;-0.7163436253920733;0.347604179800186;0
2.3181066286209835;-0.3250814540914898;5.373618341656542;2.7727545631292925;0.15218963416008463;-0.03963972912810476;0.023161684745780398;0.18036167547889193;0.03898873649881163;-0.4937487684903513;0.044101152238197244;0.12236157846436221;1.4493369280976511;2.100577531147536;2.0539442487393442;-0.8265421569758254;0.37723646202699085;0
2.345476910049725;-0.6257158968184905;5.501261935576405;3.0483178125914874;0.20672975371154276;3.4730986267298567;0.04273719106963513;0.12624911016712836;0.034569669122239;1.1450205890477372;0.030080554705822368;0.12236157846436221;1.5426398989435715;2.3797378578126325;2.403702045099981;-1.0804824457282112;0.4177963366136124;0
2.307277625548079;-0.4765814235737861;5.323530041354782;2.7896712720142975;0.3178887839403896;2.3456620323601496;0.10105327895509969;0.15471384822764112;0.03465978223877841;1.6422738811467192;0.020648516365861118;0.12236157846436221;1.5561609004833243;2.421636748193071;2.1390579236593026;-0.6191166016338977;0.4437774206584249;0
2.111002027067388;0.5273622697072905;4.45632955828262;1.520006050728851;0.32398813041102925;-0.07419945845011457;0.10496830864723411;0.4369059394196917;0.03493550646817869;1.2458701282290972;0.028551034975017847;0.12236157846436221;1.4053599004926565;1.9750364499127295;1.0829171904758592;2.0088532914563046;0.44289300266772047;1
1.6514227233848573;0.503208681325539;2.727197011311859;1.8805475933965106;0.32156472812632925;-0.7013219087953004;0.10340387437496003;0.500543757468809;0.03076362733825437;1.4279797055891916;0.03313959416743145;0.10094830223309881;0.9309858765861421;0.8667347024028673;0.960365912502287;2.519651613302215;0.3439308416766622;1
1.319182295050104;0.8675134767690602;1.7402419275736598;1.4531367352778104;0.31694842159566056;-0.6930435082496865;0.10045630195198058;0.500543757468809;0.02979916265045511;1.6791158479567108;0.02855103497501786;0.10094830223309881;0.5407162021800284;0.2923740112999933;0.3616487497424026;0.0630159820730454;0.21842202688078044;1
1.2288822524501108;1.4116291322013887;1.5101515903868579;1.098974465213337;0.31449181655398384;-0.7133102734049963;0.09890510267942464;0.500543757468809;0.029678152491682847;1.599131062832144;0.02855103497501786;0.10094830223309881;0.44364210631476947;0.1968183184954052;0.3344879174921842;2.4475278831029237;0.1857027240054343;1
1.2392117516029917;1.364932081463326;1.5356457653109545;1.098974465213337;0.30067071218506547;-0.641161183795365;0.09040287716587449;0.4470402155848554;0.027834955699278723;0.979464761983064;0.03135515448149285;0.09279086366880801;0.4068228314442761;0.1655048161843379;0.3344879174921842;1.6974034236122628;0.17140270512322855;1
1.2444307164688888;1.565186033470677;1.5486078080912717;0.9837732105602601;0.2932020455583361;-0.6948113776951058;0.08596743951959263;0.36476727018607;0.027500915781119066;1.020205645756312;0.030080554705822396;0.09279086366880801;0.4159316787547821;0.17299916139177124;0.4197896576138085;1.3705598226722944;0.17681200776931216;1
1.1027398295812902;1.2017222380545118;1.216035131744973;0.5673864253897707;0.2877349762749886;-0.5817825437609798;0.08279141657196827;0.36531940342024627;0.019426023118430502;-0.8570872273214718;0.022432956051799763;0.05608239012949939;0.7119072160711306;0.5068118842941475;0.44695048986402686;2.68693138680782;0.2823545986350569;1
1.1144408910178074;0.044829102626800524;1.2419784995725645;1.0000569725609574;0.2959429908649842;-0.634070245925405;0.08758225384211211;0.40219488583136376;0.020257468013381567;-0.32307854585206996;0.026511675333945106;0.06831854797593559;0.8673071130001277;0.7522216282606163;0.848644104818574;-0.10343315221362559;0.3154950401577626;1
1.2275324344137517;-1.0776383684702988;1.5068358775377515;1.9137080811289833;0.385592587785318;-0.5184489756276639;0.1486816437549782;0.48181709617549107;0.022406160578582888;-0.5769145699163342;0.026511675333945106;0.0703579076170083;0.9449271838234544;0.8928873827285244;1.59034253585736;-1.3961106444105036;0.3206674679007742;0
1.2524107327849487;-1.3539648337614132;1.5685326435949325;2.0512567751992443;0.4989088596457671;-0.5530667889684123;0.24891005023303972;0.6629428684501336;0.024623150572329156;-1.0921148742179778;0.03874783318038138;0.0713775874375446;0.9432916022739768;0.8897990469206065;1.6294482768022238;-1.5386340758572656;0.31165303615024836;0
1.2242224820962806;-1.0057819058139406;1.498720685669978;2.043965351135432;0.5655956129346386;-1.5685967591455727;0.31989839737090947;0.9176829039482343;0.024068668056046898;-0.8688407609895213;0.03747323340471096;0.0713775874375446;0.9059598846885869;0.8207633126649576;1.4497249145565942;-1.200928872440933;0.2920772108998785;0
1.0453240305939422;-1.865654919446693;1.0927023289371651;2.043965351135432;0.5865527244219642;-1.766444877827801;0.34404409852682866;1.097817133357319;0.028877929404975487;-0.5868160221488691;0.03747323340471096;0.08463342510451721;0.891426233540979;0.7946407298450562;1.4497249145565942;-1.3012842354909313;0.2866074130761167;0
0.984581742036395;-1.458204330322157;0.9694012067514224;1.8054669498672369;0.560924468481519;-1.4052230789155264;0.3146362593412746;0.9147074703296186;0.02890537010309281;-0.5540704178404882;0.03747323340471096;0.08463342510451721;0.8716495325632053;0.7597729076176544;1.3422995566837739;-1.034137625832;0.27642985971116313;0
0.9242727735355852;-1.0981217236803948;0.8542801598991633;1.372623075526835;0.5147532524654939;-0.8738312982572286;0.2649709109238045;0.7169813046132513;0.035381608211363554;-0.2733541368140336;0.04193433261955751;0.1172631793616804;0.8816938666929021;0.7773840745638809;1.4263133740700913;-1.1357906739992047;0.28061213235246996;1
1.090068036623326;-1.4240884715771216;1.1882483244678328;1.9707874480741452;0.4292111054104074;-0.46621373692547863;0.18422217300762386;0.5388523101756411;0.03252518458461771;0.945631819927706;0.029443254817987173;0.1172631793616804;1.0714765642898798;1.1480620278224447;1.790553100420003;-1.1794072172466794;0.364264910014968;1
1.2171380347297145;-1.1690192113015552;1.4814249955857117;1.9707874480741452;0.34691893014752195;0.24805970736486568;0.1203527440947012;0.3869539419179715;0.032559265333559455;2.005556785075559;0.03059039461609055;0.1172631793616804;1.2461328466499162;1.5528470714998237;2.0412032292270124;-1.176415693716559;0.4429479970317551;1
1.1567285615656124;-1.1140006999563394;1.338020965141651;1.4912377037759819;0.2741570434555523;0.8268046566446259;0.07516208447628961;0.2724191202854005;0.03215473902477043;2.8663905508088416;0.024982155603140602;0.1172631793616804;1.1741704323411968;1.3786762041843128;1.4777458487523623;-1.0746145957592255;0.4534490397741625;0
1.3719012547009988;0.13347303821173334;1.8821130526501746;1.6647649263517088;0.1986185961060867;-0.06218727471939088;0.0394493467191528;0.2876561962204356;0.03335464150824617;1.2442532521077336;0.03199245436932807;0.1172631793616804;1.1740581795144736;1.3784126088848399;1.6682136754700119;-0.9679808894781274;0.5292035793428898;0
1.1743042517512123;0.6552592198256895;1.3789904756809745;1.4915726883326517;0.14297992910046026;-1.5771236777895865;0.020443260125572644;0.2412878642410201;0.03313083422145043;1.2697549467844351;0.03199245436932807;0.1172631793616804;0.9581226993951951;0.9179991070963354;1.4858356392532446;-1.1442254594580734;0.48268296201287314;0
1.0827254228359515;1.238588101491271;1.17229434125529;1.1542155456558818;0.13705101762651228;-1.2591491740717247;0.01878298143246258;0.19286038496746716;0.03274642823172936;1.2751477254017425;0.03071785459365765;0.1172631793616804;0.8547810119365445;0.7306505783672631;1.1493653994723123;-1.0155489225051813;0.44956599773592787;0
1.0191442543779752;0.892707243497874;1.038655011231639;1.272408737839656;0.13039232274108625;-1.2334261487703522;0.0170021578298156;0.19286038496746716;0.03279155477150632;1.2321042238586557;0.030972774548791753;0.1172631793616804;0.7995125304537005;0.6392202863524794;1.2397955578983253;-1.0780803224639766;0.4713913981045678;0
1.071783450662303;-0.28404595583342435;1.1487197651135932;1.4277553165167758;0.10961710700216992;-1.1925087036019357;0.01201591014752517;0.17683909346331095;0.02226813317059045;-0.21791455122477288;0.027276435199347453;0.0723972672580809;0.8801801310230786;0.7747170630478037;1.4163209512160093;-1.417375030374873;0.5599306822755392;0
1.01621114541581;-0.9010298440793362;1.0326850920673125;1.3268928130649473;0.13075098076840144;-0.6596889986352247;0.017095818971898886;0.17683909346331095;0.024288460351183677;-0.40826220270724534;0.027276435199347453;0.0774956663607627;0.7999860458150608;0.6399776734988166;1.2881644674319372;-1.473927479558762;0.6105845715627104;0
0.9447754231892459;-0.5862085115154514;0.8926006002624187;1.2897493239602356;0.1459128408716649;-1.073584205513561;0.021290557131239802;0.20203679708168876;0.019405494966114253;-0.5841101963826516;0.022687876006933873;0.062200469052717505;0.7382325767586264;0.5449873373876812;1.1386157717756136;-0.4041585132831957;0.6579503213102741;1
0.9409216135154994;-0.4685438871776135;0.8853334827806107;1.2216268568079158;0.15630225866648356;-1.377422459502193;0.02443039606424434;0.2656729634235949;0.01843713458602869;0.1392958684629748;0.0221780360966657;0.062200469052717505;0.7404431105656133;0.548255999984081;1.079988223170034;-0.20780681080019395;0.6779760587084235;0
0.947089995463036;-0.6296715208661082;0.8969794595061735;1.3089826097013324;0.20540099460634453;0.5329118733677335;0.042189568585275575;0.21368175329520545;0.014031047930827845;-0.8014377016261014;0.01886407667992253;0.039767513000917805;0.7407218000642715;0.5486687850904546;1.1960087476085617;-0.677542048054154;0.6417256851762935;0
0.8833237173553664;0.3748918128917974;0.7802607896425032;0.8197520164553441;0.232532603151153;0.19450013185058523;0.054071411528251616;0.19495674297007426;0.013908240044917187;-1.3526589467675092;0.02319771591720198;0.039767513000917805;0.6894506532992334;0.47534220333473964;0.8449894323271272;0.8074024570366376;0.6386022929216696;0
0.7694813692676278;0.7221186284020646;0.5921015776499833;0.8197520164553441;0.20929797021287685;-0.5878243528479327;0.04380564033523029;0.2778599206072684;0.01954341988286589;1.5684600583702775;0.01886407667992253;0.0693382277964719;0.6835843046982485;0.4672875016297879;0.8267538975660567;0.8740673439297767;0.628919461433223;0
0.7050237427780249;3.362824986345974;0.4970584778807347;0.5517155125566503;0.19268037628753437;-0.28165415910857916;0.03712572740630584;0.22335617643779504;0.0193437797993604;2.3479902567440667;0.015040277352911205;0.0693382277964719;0.6333281715101456;0.40110457282838446;0.5852255689447983;3.618148956038898;0.6338466299038431;0
0.8644648955225402;5.151282605804385;0.7472995555907964;0.6131243047287908;0.2396402087364756;0.3482528116849955;0.05742742964326159;0.22335617643779504;0.019894937878853793;2.406943018243805;0.018609156724788398;0.0693382277964719;0.4507402135833798;0.20316674014119085;0.5852255689447983;-0.11181613246048983;0.4873271092237825;0
1.0434766555672863;0.45193848393868713;1.0888435307138888;0.8178808563403535;0.33828826948072904;0.7023979031979023;0.11443895326826636;0.3121925694944845;0.020401808844610334;0.968012197424523;0.025237075558274695;0.0693382277964719;0.5025062281834268;0.25251250936313424;0.8267538975660567;-1.2954137052336587;0.507553014491827;0
1.3570051532659533;0.6636307458571328;1.8414629859903533;0.8463339568047478;0.458115175282805;0.1231930412737182;0.20986951382439514;0.4850786594882822;0.020201215799966497;1.2421281744025612;0.022942795962067872;0.0693382277964719;0.772476907452431;0.5967205725472717;0.8830377662133103;1.9024588643921376;0.6256288819913762;0
1.8292743132277625;0.5877903530521097;3.3462445130349017;0.8981786812914295;0.5625137396075068;-1.04971038192276;0.316421707247222;0.8128095439567788;0.018016267317605816;2.1581860846143988;0.015040277352911177;0.06322014887325371;1.210651114951521;1.4656761221333605;0.8314115028615033;2.490684382740793;0.7374278616603994;0
1.901421379422571;-0.16577698133586694;3.6154032621252323;1.8791460373654203;0.6460973693012267;-1.6621775707043465;0.4174418106179657;1.1014451954884261;0.017906924783126582;1.9147659013138616;0.015040277352911177;0.06322014887325371;1.1884934337728061;1.4125166421210753;1.5456550115899568;1.085792459710783;0.6349448083422335;0
2.020485191101888;-0.7588810792971427;4.082360407462033;2.4007823663501;0.7389739332377935;-1.6273185321707204;0.5460824740049348;1.287723352878861;0.021156820558016216;0.8288320058768345;0.022942795962067872;0.07545630671969;1.2384211750737966;1.5336870068711632;1.678831750046422;-0.5622767513088505;0.5807678687719166;0
2.118211516011298;-1.0396260748803994;4.4868200265628815;2.7505173414325745;0.7939310909620354;-1.1870689561290766;0.6303265771961677;1.157053825748449;0.033582418669471696;1.8356233974889236;0.02778627510961557;0.1152238197206077;1.3011828449500706;1.6930767959923598;2.0825020345014855;-1.3670436350241262;0.5518874612516524;0
2.4955519066686374;-0.791888477147329;6.227779318877471;2.8872466876293355;0.7838120799126298;-0.9737439191056642;0.6143613766169628;1.0556494319863323;0.035436380082232176;-0.11139279258257874;0.04053227286631993;0.1152238197206077;1.6778860600525052;2.815301630518519;1.980389165801443;0.0011449924145822926;0.5892867594917736;0
2.7831712785574285;-0.5067711298655253;7.746042365786991;2.7765191191743552;0.7704646538222729;-0.824535580335012;0.5936157827894749;1.0664169464398063;0.03484196194212165;0.2364340313012627;0.03441419394310183;0.1152238197206077;1.9060675821356479;3.633093627668435;2.20448628255178;-0.33806842069817833;0.5489092535636865;0
2.879125822611487;-0.12761861158637341;8.289365502428272;2.7525662272521285;0.7266341406808798;-1.2069048466508323;0.5279971744030406;1.0339462935787274;0.038770039140960506;-1.0026430959915327;0.05149383093708568;0.1152238197206077;1.8643981825252065;3.4759805830032935;2.8254021538027105;-1.2294566931190276;0.46553213084955025;0
2.306053606743919;2.5871025829461303;5.317883237176638;2.4607360226340083;0.7034467511758503;-1.442362027684984;0.4948373317398587;1.1518382953356632;0.039395521909099146;-1.2017389885222483;0.06500458855919235;0.1152238197206077;1.702292229419596;2.8977988343423378;2.6497779987040775;-0.9879265220995163;0.39558578202119915;0
1.3725622017026913;-1.3659409008454273;1.8839269975429396;2.31002635304704;0.6602275469771943;-1.6138051080184295;0.4359004137875233;1.133352094582047;0.04015073366611472;-1.1436769655116972;0.06678902824513094;0.1152238197206077;1.446541287568425;2.0924816966401165;2.378335332713271;-1.4728788572220708;0.30837803356818316;0
1.278413167575009;-1.0715928203062097;1.6343402270291678;2.087148078499781;0.6257197847064435;-1.3009407158070911;0.391525248973078;0.9997862919108134;0.03900043897867125;-0.40869580654368726;0.06067094932191285;0.1152238197206077;1.3350949979260154;1.7824786534870671;2.0933322155974916;-1.119850305904905;0.26933366583546375;0
1.2851136108574925;-1.0885506930282278;1.651516992811183;2.109805681995697;0.5443325685913958;-0.5866207528328253;0.2962979452293066;0.7681884501991527;0.036674468461570735;0.7540870141088851;0.04537575201386761;0.1152238197206077;1.3374631089993867;1.7888075679343056;2.0127540908641794;-0.9180539563282265;0.26335928210433074;0
1.0690858152682552;-0.6232128967624894;1.14294448040779;1.3585239274800731;0.4253972860307001;-0.057328163029112034;0.1809628509622853;0.5459150163202402;0.034287297290836995;2.7406920122861913;0.03849291322524723;0.1152238197206077;1.0722490693052635;1.149718066626004;1.0641544440603194;-0.2118376859872814;0.2011786257632289;0
1.014760852623228;-0.6154626748660615;1.0297395880166202;1.3585239274800731;0.31358083697377326;0.5544344283606263;0.09833294131717217;0.2891024059375171;0.02519455307557028;-0.7759735867844074;0.03849291322524723;0.0764759865402263;0.9400001532255261;0.8836002880640126;1.0641544440603194;0.016745157077950625;0.1736595153501712;0
1.6807643851781338;4.1302533528736305;2.8249689184832296;1.3585239274800731;0.22091821038503107;2.392252030477382;0.04880485567972485;0.18615056482749104;0.02397271860346173;-0.6526673539899716;0.0354338737636381;0.07137758743754449;1.262382211427789;1.5936088477293149;1.0641544440603194;2.948243498762682;0.2392583333148578;0
2.022760131111882;0.2744931943924779;4.091558548015758;1.333131501671597;0.14939128698590637;-0.6750224013221933;0.022317756627305438;0.18615056482749104;0.026815834524036374;-0.94354550932847;0.04002243295605175;0.08259406546344439;1.5438292858840177;2.3834088639531563;1.1920534471101396;0.005895750221185888;0.3155987288098167;0
1.8409209898210301;0.13841447589755468;3.3889900907636417;1.595573346329548;0.1735061678234155;0.4206130543775046;0.03010439027276722;0.18615056482749104;0.02778489783209547;-1.276610912779547;0.04614051187926985;0.08259406546344439;1.401062028974631;1.9629748090345096;1.6122696070150724;-0.4476898881365083;0.3051786290817115;0
1.7053432898034009;-0.1942939715669831;2.908195736077486;1.9134611214259412;0.27447160425978856;1.8479882600979483;0.07533466154494199;0.24995843412457486;0.026654221596298162;-1.0716494233624871;0.0415519526868562;0.08259406546344439;1.317745706462746;1.7364537469010015;2.007975131283941;-1.1676056314993366;0.3068252082379083;0
1.7279496634680407;-0.2266848180432294;2.9858100394793152;1.9134611214259412;0.3220399890053134;-0.6570247565933899;0.10370975451854236;0.3955190268791853;0.02517712247564538;-0.4022781512466881;0.03441419394310175;0.08259406546344439;1.321016065283171;1.7450834447362311;2.007975131283941;-1.1747446503128398;0.3070454533275099;0
1.7232563715322275;-0.21557406891680383;2.9696125220264187;1.8739389614358224;0.36286959178684336;-1.5600127542169229;0.13167434064355035;0.6383848404657151;0.028262284090938374;0.18558265788720668;0.020903436320995148;0.0948302233098806;1.2893587598100773;1.6624460114989807;1.826694543694205;-1.091809684890381;0.3022084343367735;0
1.8238586033112243;-0.3339597407378204;3.32646020487237;1.8739389614358224;0.39153961783434016;-1.5882113576401582;0.15330327233386115;0.7051975317365515;0.02798727529024377;0.5296753203902286;0.01427551748750895;0.0948302233098806;1.341289140276259;1.7990565578230258;1.826694543694205;-1.0687423723318343;0.3114730893934162;0
1.7987237076053721;-0.25959150590731994;3.235406976301616;1.805131003587496;0.3993260500921104;-1.7133035968239543;0.15946129428216668;0.6368022981217494;0.029308971550937805;0.13483178245426838;0.027786275109615625;0.0948302233098806;1.2835221255202864;1.647429046700114;1.6591642124131765;-0.8712127699636696;0.30262691205146247;0
1.755072126234377;-0.17076461672280935;3.080278168284857;1.754686015386544;0.3745952979574396;-1.3072537059307525;0.14032163725182295;0.5909788082547025;0.02936567730480927;0.3034098963443128;0.02702151524421335;0.0948302233098806;1.226739800135249;1.5048905372358707;1.5149131170324148;-0.6163816008044068;0.2980100512769382;0
1.7604130092397725;-0.3666095466114935;3.0990539631006317;1.8310208813814155;0.31609263500884366;-0.6211868476566258;0.09991455390683404;0.4254529947045693;0.02795175318739371;0.6548609840157492;0.013765677577240749;0.0948302233098806;1.245091475311786;1.55025278189408;1.6386777807841835;-0.8798926009051345;0.30979430886912224;0
1.4509506175571807;0.9207226791802786;2.105257694589564;1.782862994693133;0.24560841207166054;0.6440322506005823;0.06032349208036261;0.20052604317755685;0.028670204134885028;0.47395835435467654;0.013765677577240749;0.0948302233098806;1.1284456195248007;1.2733895162247115;1.6256684467702565;-0.4382705233884917;0.2739540338720657;0
1.1833302437803888;-0.7319048645876042;1.4002704658453542;1.782862994693133;0.17375633143125277;2.6394957679310145;0.03019126271244736;0.15463868355839905;0.0217638549305712;2.736516757714214;0.011981237891302126;0.0831039053737125;1.073002247955462;1.1513338241174744;1.6256684467702565;-0.7102808865374399;0.2585127486434467;0
1.3242428230533019;-1.0998195309168293;1.7536190544081787;1.853216397351885;0.10378805049905823;-0.7620249657450765;0.010771959426395063;0.11674716507557648;0.02178560778186953;2.735594353597586;0.012236157846436202;0.0831039053737125;1.2078044046361445;1.4587914798584716;1.6506438057647643;-1.0945372720892779;0.3016423713679747;0
1.3060791922916073;-0.9765964267915673;1.705842856537097;1.782862994693133;0.12106922015929074;0.14303380721772843;0.01465775606997881;0.14873146140767912;0.022722125909159972;1.5862103659501716;0.012236157846436202;0.0831039053737125;1.200031778674907;1.4400762698296612;1.6256684467702565;-1.041455974460789;0.29871737523209324;0
1.3386206045293465;-1.2033053393098412;1.7919051228705132;1.9149039895633075;0.11428280415128884;-1.0295963537615118;0.013060559324681842;0.1558083174086473;0.022882227598598395;1.274178973840371;0.01580503721831345;0.0831039053737125;1.2206696596429154;1.490034417972751;1.7306030329190571;-1.2056108828299277;0.3020559396430935;0
1.3177841116799887;-1.0648306298382235;1.736554964996217;1.809515295781055;0.10401456282024128;-0.7588434794245116;0.01081902927868592;0.12004875740019894;0.019065028498983828;2.508485688911996;0.01300091771183845;0.06984806770674;1.19714308441159;1.4331515645544952;1.6334534620000731;-1.0283522603619528;0.29815625956883;0
1.1521718681373319;-1.5214524062327652;1.3275000137270694;1.7820462045411238;0.10161171321059484;-0.2157259235556701;0.010324940261592174;0.09119824854816816;0.01938591349354266;2.6076623079042065;0.013255837666972577;0.06984806770674;1.0350546904435358;1.071338212209164;1.6124520660860187;-1.617074363226937;0.2647697806071945;0
1.105005651959189;-1.3605728104037584;1.2210374908617525;1.6135569227354143;0.10062567015227133;0.22759937248844256;0.01012552549359371;0.065413815345575;0.01923995590002832;2.6720996947959414;0.013255837666972577;0.0688283878862036;0.9910378726959024;0.9821560651176195;1.4611765101177134;-1.454550743623812;0.2564852397375886;0
1.104243142177003;-1.3951488005456139;1.2193529170449406;1.6135569227354143;0.1007737359371355;-0.15507853714258296;0.010155345854727514;0.08604651427736276;0.019082593398274308;2.4718231577449226;0.014275517487508927;0.0688283878862036;0.9918773196381291;0.9838206172125192;1.4611765101177134;-1.487771205688933;0.25999113533036344;0
1.1030555749650328;-1.3830142538150068;1.2167316014614389;1.6073192995740122;0.12590747027567853;-0.5933101755929105;0.015852691071220875;0.1648821534563476;0.019696294649093046;1.0525328582141213;0.024217395737738276;0.0688283878862036;0.9977454753904086;0.9954960336620324;1.5173704874988476;-1.5410939051910348;0.2622637290800562;0
1.0844103485289918;-1.1254687152918568;1.1759458039967694;1.4839765785469874;0.14421515870194804;-0.7217526111630522;0.020798011999428056;0.1898122039612451;0.013672415529913254;-0.5349588874717358;0.01605995717344755;0.0428265524625267;0.9838171640781213;0.967896212334717;1.4887381981971797;-1.3851822264909859;0.2556667317552178;0
0.9424330799103632;0.029812881864950316;0.888180110109333;1.3455900500865363;0.19963520155041514;1.1644932815330011;0.039854213698074875;0.241145350967225;0.014042570379451513;-0.7309696663925861;0.01605995717344755;0.0428265524625267;0.8722503882475771;0.7608207397980489;1.3231688081210073;-0.6037674565619869;0.21842717957054386;0
0.7740948856310633;-1.7591083201722586;0.599222891960169;1.365555273009024;0.28672451139059324;1.057937790160276;0.08221094543217444;0.30014163027321317;0.013891617306761785;-0.6377216881475049;0.01605995717344755;0.0428265524625267;0.7390132256400903;0.546140547670971;1.3229727051412983;-1.9466141364086884;0.17308952829016602;0
0.7508603197191525;-1.3490132472006329;0.5637912197287478;1.2097546521106741;0.3795124318517088;-0.33056861426661655;0.14402968592999793;0.5026038662976854;0.014470434694543509;-0.14886376082880254;0.016314877128581602;0.0489446313857448;0.7065303577908364;0.4991851464800473;1.157195877674782;-1.482120539470131;0.15970711918911445;0
0.7430615499037242;-1.6207631962123163;0.5521404669453248;1.191178082872288;0.4396521221607255;-1.5114682649244382;0.19329398852042953;0.7614926918770051;0.015648385100964002;-0.24352431113864778;0.019883756500458823;0.0499643112062811;0.7135267732622932;0.5091204561620999;1.3229727051412983;-1.9213960721510825;0.16711175384295407;0
0.7911889124242991;-1.5109769425419732;0.6259798951431453;1.2969675839041348;0.4625305014273718;-1.8813382592849044;0.213934464750656;0.8970025697517099;0.015297463095378478;0.2727202923100275;0.016824717038849774;0.0499643112062811;0.7746457767585133;0.6000760794498005;1.3087446917880943;-1.6111537648588181;0.18963897216019035;0
0.8880252440020968;-0.4823495278145065;0.7885888339849836;1.102354664647636;0.4769222595608853;-1.6991185324643168;0.22745484166466046;0.7775724881210646;0.01528537501518541;0.3800435378061867;0.0163148771285816;0.0499643112062811;0.8848802342595626;0.7830130289832585;1.074946003365739;-0.4282708663480668;0.23169249848414902;0
0.9827223360064149;-0.3327893453658208;0.9657431896859051;0.8111777821203998;0.45284338618549275;-1.2882936318998566;0.2050671324119433;0.7181227865927884;0.014729972170411462;0.7243917446886304;0.009941878250229425;0.0499643112062811;0.9832947170951946;0.9668685006673188;0.8546601233793449;-0.396196651851666;0.27460109541955147;0
1.062124735052595;-0.741159279142442;1.1281089528105452;1.350181902736166;0.3979101268628575;-0.9590142073233443;0.15833246906001533;0.5860795455526211;0.01700689543160434;0.8711869169005279;0.01631487712858168;0.061180789232180996;1.0725200931134042;1.1502993501319851;1.4510475738461914;-0.879580106578711;0.31128237933814007;0
1.1714707298749476;-1.0335211260803747;1.3723436709537424;1.5899998401581255;0.3652852162547758;0.12888726346562965;0.1334332892142983;0.3976674985715358;0.012599454420814803;-0.6843227437200105;0.018609156724788425;0.0397675130009177;1.1902389166254412;1.416668678649704;1.6959298782597294;-1.1792806541545013;0.36055210532655213;0
1.2112868592578308;-0.9217269864032213;1.4672158554107;1.6210145342549076;0.3228631225219203;0.1629333023194986;0.1042405958846045;0.2977034855309633;0.014114372568980073;-1.3821316964769355;0.01962883654532475;0.0397675130009177;1.224843530656154;1.5002416745902332;1.6819513625809805;-0.9939017524295569;0.38940222709821243;0
1.2368199562045386;-0.11517759617615399;1.5297236040657967;1.2354775145917438;0.29974065880834727;-0.6891291536082552;0.08984446254286205;0.4023623178629495;0.014462448802823477;-1.5542540294642408;0.023707555827470177;0.0397675130009177;1.242239695465729;1.5431594609907873;1.2465860619294507;-0.10893753140351135;0.423395896556994;0
1.0089630117883932;2.9438181668279304;1.0180063591571051;0.9083131418055546;0.29244253952071503;-1.4755690428801498;0.08552263892132499;0.48032216368335384;0.012240405774995666;-1.2488525401520734;0.018609156724788425;0.0326297542571633;1.0079457680303465;1.015954671290285;0.8934352658471265;2.9678997078693135;0.3886322826980675;0
0.7348727266132995;-0.32588303199868107;0.5400379243200653;0.9083131418055546;0.2858328877567057;-1.7355998372148567;0.0817004397233375;0.49073459853742574;0.013167958488764266;-1.5079885565701048;0.02447231569287245;0.0326297542571633;0.7336252482345061;0.5382060048471408;0.8934352658471265;-0.30586350734636064;0.2959751718754294;0
0.7613323015174808;-0.3808006730604028;0.5796268733339043;0.9083131418055546;0.25665337406053923;-1.7166356685252688;0.06587095441665908;0.4660610228552487;0.013129298888854867;-1.5376947996525192;0.02447231569287245;0.0326297542571633;0.7590663004665941;0.5761816485040416;0.8934352658471265;-0.36077560526482294;0.3043919171767325;0
0.8143207041017027;-1.1606831804055864;0.6631182091286927;1.2787471837922793;0.2143056423384331;-1.4927525408990374;0.04592690833808841;0.3824317835964575;0.014116418693658327;-1.2631300589030994;0.02447231569287245;0.037728153359845;0.8109375016992048;0.6576196316621478;1.2570680375878454;-1.1452282732812467;0.31899068159372584;0
0.8153356455558024;-1.1547412360649913;0.664772214913897;1.2708044649786414;0.1846791913252369;-0.8387727595638584;0.03410640370854346;0.25252649898325297;0.01334294867782458;-0.5710423035834188;0.017398286937901547;0.037728153359845;0.812131086265535;0.6595569012788378;1.248148528901398;-1.1387557461202462;0.3199091613897837;0
0.80773572466706;-1.1743853155848036;0.6524370009034205;1.2832158904177713;0.15563117130631382;-0.833990790423495;0.024221061482175198;0.25252649898325297;0.01304303070450323;-0.4813670557432625;0.017398286937901547;0.037728153359845;0.8043240688137374;0.6469372076730858;1.2573599128703228;-1.1569762374902628;0.31440275194465944;0
0.8784870622455782;-1.2235520534546909;0.7717395185328664;1.394482073133472;0.15676115810797936;-0.757636764664376;0.024574060691354902;0.25252649898325297;0.01389101955683597;-0.522274362009637;0.017398286937901547;0.0438462322830631;0.8762840851853207;0.7678737979490744;1.3878404316440405;-1.197305738775422;0.3534638980173106;0
0.897404732021403;-1.2708566016067446;0.8053352530544061;1.4704406808962085;0.22499709456074793;0.6927389362944923;0.050623692560778144;0.2770815879186198;0.013967943953630964;-0.4585075132818943;0.017398286937901547;0.0438462322830631;0.8927223569246422;0.7969532065530882;1.434771866093144;-1.2398758865775257;0.3626893836393986;0
1.0000889475415242;-1.292424666706131;1.0001779029947135;1.5826868142329669;0.31226387085274915;0.2095331814341981;0.0975087250399424;0.39544109562715385;0.013417203558937892;-0.15749923972056937;0.012554807790353867;0.0438462322830631;0.9797767328701925;0.9599624462737886;1.5539940901111216;-1.3063396672153915;0.4152961180008256;0
1.022709561387089;-1.3767248325077652;1.0459348469525718;1.674342734943522;0.38461505578338007;-0.5772386276305289;0.14792874113525256;0.5330909282093419;0.013417203558937892;-0.1574992397205785;0.012554807790353867;0.0438462322830631;0.99247639913209;0.9850094028341996;1.5712855553247191;-1.3496270056429154;0.42430627082438516;0
1.0021399313341097;-1.3605492059634277;1.0042844419743342;1.6800965900817328;0.4379131880638332;-1.1722208404803465;0.19176796028023016;0.6532394355534771;0.017735643551040604;-0.3484083047274008;0.021604466197613997;0.0560823901294993;0.9721763117271269;0.9451267810833599;1.615576968829274;-1.3911777065618824;0.4022837412697414;0
0.864349041878625;-0.2661365052542293;0.7470992661964971;0.8257964796551389;0.4624754802613194;-1.6372724235162883;0.21388356984293805;0.7628510551647648;0.02009084456921153;-1.0199105693214265;0.028551034975017826;0.0601611094116447;0.8352194776201005;0.6975915757959936;0.8349610625931856;-0.367830886399146;0.36991185199582793;0
0.6903910990814057;1.303992400492555;0.47663986969083144;0.7889167056705142;0.4331501401595403;-1.8464721465412641;0.18761904392022938;0.7727399025512021;0.020044501584285355;-1.1155765136454328;0.028551034975017826;0.0601611094116447;0.671484956844788;0.4508920472688469;0.7345024683113088;0.8931568595853869;0.31551900418697243;0
0.48772799054143723;-1.0184970526527448;0.2378785927575883;0.7889167056705142;0.41018092839177256;-1.6070270247955192;0.16824839401633643;0.7015808437805284;0.020126034050753933;-1.1556849632691464;0.02931579484042013;0.0601611094116447;0.49852035203043826;0.24852254138855207;0.7345024683113088;-1.256044434035271;0.2451492869611093;0
0.5018782447030505;-1.6721345944823882;0.251881772506215;0.8816827144015043;0.4154119317716189;-0.5968897708993498;0.17256707305822813;0.5476671051962656;0.023734433580826962;-1.3463136261556348;0.03976751300091767;0.0703579076170082;0.4933573571595482;0.243401481863454;0.7345024683113088;-1.399825487304493;0.24775888201878357;0
0.4873479348881666;-1.5478215883747315;0.23750800963976065;0.8374639796594356;0.4091335281174122;-0.07685311929933139;0.16739024382980133;0.3549077256648383;0.024313419017561014;-1.5718408594183246;0.0412970327317222;0.0703579076170082;0.4764739420266419;0.22702741743040772;0.7064622018844791;-1.1751486208604025;0.24376066162042223;0
0.47595951511856055;-1.4007619824982598;0.2265374600318953;0.8138577871069395;0.3865981946219583;-0.5982381078884446;0.14945816408495755;0.4493815963913045;0.020848511467103266;-1.324472711197848;0.035178953808504124;0.058121749770571995;0.4583711009259584;0.21010406616407515;0.6819868610967299;-0.47202084592623095;0.22328379828964023;0
0.47615207368930945;-1.3192872504068123;0.2267207972786296;0.8138577871069395;0.39355295319380645;-1.1067454377711958;0.1548839269675664;0.620498548280497;0.019929748680101236;-0.7078896489180947;0.02345263587233605;0.058121749770571995;0.46871973321885163;0.21969818830875146;0.6155667892756891;0.4837792970091347;0.21767348857113286;0
0.3939373484491494;-1.4218947421476358;0.15518663450314654;0.6394771085453654;0.3748396453529617;-1.7985065265375486;0.1405047597283341;0.6178189088089485;0.018199055201334947;0.5839187883830925;0.023707555827470125;0.058121749770571995;0.3223089793119096;0.10388307814508499;0.4503773224543175;-0.6290465955913095;0.1419784156475434;0
0.37598240617595485;-0.9629383735992084;0.1413627697538607;0.47637293005843606;0.3665465451583301;-1.867772621139551;0.1343563697675077;0.6353585084480342;0.013655505727474806;-1.5729444204619694;0.022942795962067823;0.034669113898235904;0.2512237608638733;0.06311337802258862;0.23644568489229334;0.3173156620522905;0.10718081134590464;0
0.4720161072441503;0.27848541966032264;0.22279920549792115;0.5725174100732111;0.3535987681151443;-1.222222372577623;0.1250320888125476;0.6014919083768733;0.014893377043748896;-1.7483276367186893;0.025746915468542825;0.037728153359844904;0.286489665286616;0.08207632831603727;0.3700892544576675;-1.0464326159455142;0.1259664319333856;0
0.9748349378463204;4.624440744787289;0.9503031560458393;0.6132606425677702;0.3419589748709323;0.289352815203615;0.1169359404947789;0.3532507038630026;0.015814719383578396;-1.3232196597030423;0.02370755582747015;0.0418068726419903;0.2997495594392038;0.08984979838399675;0.43215217191085475;-1.6540438901570442;0.13325114932680282;0
1.0110723553718632;1.628254112441964;1.0222673077972073;0.8865945584914025;0.2626261636790903;2.269833853854336;0.06897250184879633;0.2430100909831885;0.015405829005638572;-1.3972132357355929;0.023962475782604225;0.0418068726419903;0.3269859058714108;0.10691978263854712;0.5352787212790391;-1.8823441393866491;0.14943582046727313;0
0.9383372098436826;2.244816903448528;0.8804767193772273;0.7927864985832284;0.165885406792523;1.0551476162212492;0.02751796818672084;0.19968301679227207;0.016651301742178656;-1.6234520089285225;0.026511675333945075;0.0418068726419903;0.30693302840414394;0.09420788392533903;0.5170614306432593;-1.6657654478758037;0.14152994842579505;0
0.9511679585610133;1.2072460103847422;0.9047204853931257;1.0938565755512368;0.13320407960469532;-0.35229824501958057;0.017743326823334012;0.1677200703085575;0.0160521773080676;-1.6846764800440492;0.026511675333945075;0.0418068726419903;0.29419652363464394;0.08655159451870961;0.41497314409373365;-1.4778463012647423;0.13480493248975614;0
0.9574272057436044;0.5174739869821222;0.9166668542980061;1.151569765385367;0.14323339843453461;0.16797664371879253;0.02051580642710614;0.1332316354396712;0.037696140817101806;5.517188629524767;0.0318649943917609;0.1254206179259711;0.28846148786337766;0.0832100299803536;0.4128531358950458;-1.3000995386458034;0.13154829747432625;0
1.1329888100160637;-0.6565532831511486;1.2836636436216162;1.4456763478480146;0.12416442940121128;0.231116254412412;0.015416805528528381;0.1339293447029013;0.03696501478886887;5.481984796225183;0.0316100744366268;0.1254206179259711;0.2776926257869316;0.07711319441644082;0.37497186846737063;-0.8555384694561781;0.12789331376014998;0
1.126029029429227;-1.3997446993980465;1.2679413751173267;1.9797316952364208;0.13489285737541604;-0.32929314623327294;0.018196082970904335;0.17086173555432982;0.0406333843537874;4.426610970109984;0.03441419394310177;0.14887325379830718;0.2429906578481711;0.059044459801486954;0.43555667912409923;-1.5857189593396146;0.11645219599388486;0
1.0281669521253183;-1.0246143123912985;1.0571272814426667;1.3638352152277946;0.13510140065500273;-0.3316795514758622;0.018252388458943572;0.17086173555432982;0.04244027242406518;4.857370635639181;0.02753135515448145;0.14887325379830718;0.2608170252808234;0.06802552067633769;0.36437784425439923;-0.910590758486438;0.12940347330966373;0
0.8895777786763793;-0.7201552867127674;0.7913486243148014;1.2331516523764636;0.169108282539798;-0.11654464697889923;0.028597611223560155;0.2094525901026303;0.04228578324654578;4.667906786576978;0.02753135515448145;0.14887325379830718;0.27665097009007483;0.07653575925177948;0.2804187043433104;-0.02709340149066922;0.14442776850676226;0
0.868711861359756;-0.4001671339130099;0.7546602980671319;1.3020605809032453;0.21575028742566893;-0.2841181884424486;0.04654818652425876;0.23048905000525544;0.04302691751974872;4.45532184217879;0.03441419394310185;0.14887325379830718;0.32243928745320155;0.10396709409332833;0.3951118209940343;-0.8372411657315126;0.1723372549455515;0
0.9869379769600171;-0.2899707102277687;0.9740465703659312;1.3020605809032453;0.26237937028446556;-1.0089951614739843;0.06884293395087268;0.35202924978085104;0.04817967669576196;0.669254297974354;0.04231671255225852;0.14887325379830718;0.3302372321890124;0.1090566295238597;0.4399218778120042;-1.055454503959931;0.17532850392883273;0
0.9996438123859802;-0.45811682055756314;0.9992877516415768;1.3505287742863057;0.2860988984494076;-1.5159085672034596;0.08185257969396446;0.4827542719627751;0.048436401469487515;0.3086337489404879;0.049199551340878875;0.14887325379830718;0.36224806246876057;0.13122365876237105;0.635741536088452;-1.6153856784259877;0.19623517984072605;0
0.9221431517674834;-0.9832985311356209;0.8503479923516679;1.3505287742863057;0.3062253240069394;-1.4251824397289643;0.09377394906315503;0.5214552323954935;0.04739482336097588;0.2186308930567112;0.045120832058733476;0.14887325379830718;0.31469494675164417;0.09903290951102016;0.5913240917567621;-1.7828869127219715;0.1776144742568692;0
0.8766944659691045;-0.45429604853621647;0.7685931866608533;1.1003393582571257;0.3274694670997964;-0.3937637914826248;0.10723625188262464;0.37553295130103725;0.048539597769;0.2409178641011717;0.05009177118384818;0.14887325379830718;0.3767361183195667;0.14193010284649457;0.6068331239624505;-0.890956780248778;0.22460985429626903;0
1.2993772585288468;1.8464243775674467;1.6883812599819417;1.1003393582571257;0.3290522999045666;-0.08564450119782611;0.10827541607248484;0.36992525941185717;0.03579162514198409;0.7248435506759391;0.04588559192413573;0.1152238197206076;0.5215189519300759;0.27198201722224485;0.6269641139040436;1.1450125969218508;0.29733794678416015;0
1.3143648227130387;1.727924570783156;1.7275548871854778;1.1003393582571257;0.37687769615343397;0.25217176722923235;0.14203679785792012;0.4075647559152493;0.03674814565653626;1.0664396731081516;0.048434791475476635;0.1152238197206076;0.5044377164692259;0.25445740979668713;0.34564798450357426;3.033277645681712;0.30074260750097637;0
1.2964090525917598;1.8096009337978853;1.6806764316418643;0.9439455677436076;0.463304385727575;-0.09547747318803193;0.21465095383440558;0.5153802366137049;0.03797115236808888;0.8743227094757883;0.048434791475476635;0.1254206179259711;0.6332312414329367;0.4009818051266982;0.23952460208599113;1.9887573760835744;0.41074609248353317;0
1.2887642189808373;2.5319209806387284;1.6609132121252872;0.5138457144520087;0.48762054264869065;-1.3145553252828475;0.23777379361300355;0.7393352809445308;0.040765412593334265;0.49153024468363377;0.048434791475476635;0.1356174161313347;0.7093149397743873;0.5031276837871427;0.4494562936150659;0.9282965172360785;0.49629382860555527;0
1.2922380822816633;2.340263281249731;1.6698792612989908;0.643975201211226;0.45430641653149145;-1.5996016727918747;0.206394320101685;0.7569503249611412;0.04060014125829965;0.7367089954728984;0.04537575201386758;0.1356174161313347;0.7609999343532458;0.5791209000856443;0.9033965930279646;0.3589485124879021;0.5669412144644411;0
1.420940788870898;1.5137407463219716;2.01907272547705;1.2082739543144498;0.4160031639733081;-1.3729069999817594;0.17305863243580308;0.6595676527901774;0.04088002674084812;0.12343004317248228;0.0509839910268175;0.1356174161313347;0.8009213311216327;0.641474978645648;1.3198713874520307;-0.6289045032635369;0.565708687387977;0
1.7389172208965302;1.222733961715081;3.0238331011305117;1.2082739543144498;0.38985286959515364;-1.033519486034343;0.15198525993157586;0.5184535648470538;0.029865431877214958;-0.930198164120772;0.03900275313551542;0.0876924645661262;1.0702403697337506;1.145414449007835;1.3242616170387247;0.29743735430625307;0.6794799245412083;0
2.3370264608503195;0.5507084547298768;5.46169267871457;1.8716847603920015;0.33695648257805405;-0.310234276470986;0.11353967115137444;0.396400483176512;0.02739679997437455;-0.6808334879007296;0.032119914346895095;0.0846334251045171;1.6193292432398283;2.622227198011675;1.9985602350464304;1.008729542781756;0.8186682811882602;0
2.352014128561464;0.1627631225945732;5.531970460952745;2.8453549104688527;0.2644679265580645;-0.5054827372815218;0.0699432841779218;0.3750332876428215;0.023426082071542228;-0.004963838911243508;0.01720709697155095;0.0774956663607627;1.7047030469862585;2.906012478404234;2.821948043423073;-0.476634714490251;0.7787264501376799;0
2.4254570220779184;-0.0895922312002482;5.882841765947084;3.289544946300714;0.20534490543117045;-0.9173825149161355;0.042166530186536336;0.27932939375052823;0.023850725390501863;-0.2310965776942727;0.021413276231263424;0.0774956663607627;1.7191388522326942;2.9554383932559456;2.9597388531014834;-1.040058404472249;0.6985813966114761;0
2.046588916336523;-1.5595828256057866;4.188526192471503;3.0448222811074546;0.1680992947889442;-0.5819085187757008;0.028257372908540364;0.2043758544607872;0.02402470873680138;-0.3804380822354381;0.023197715917202048;0.0774956663607627;1.9419290335596389;3.7710883713818726;2.983288927988574;-1.6018851539920729;0.7178086115000616;1
2.037974054622362;-1.4011459819129872;4.15333824731391;3.053462604437017;0.20604488122167947;-1.005841101399769;0.042454493077656;0.28519348970360203;0.02463792537863283;-0.7062012548611568;0.03008055470582237;0.0774956663607627;1.927630472059727;3.7157592368132057;3.0254272769669144;-1.4839781887514465;0.6498193812562667;1
1.8811244592092005;-0.2284908660791675;3.5386292310351073;1.7404130750038793;0.27656535676326593;0.64598379078467;0.07648839656159258;0.37027264389802417;0.023056692213806622;0.11349844238867643;0.024472315692872452;0.0774956663607627;1.7491745703715544;3.059611677634512;1.7718624767430544;-0.5156386299349991;0.5205936068915242;1
1.6952477783635034;0.8634024776518225;2.873865030046394;1.7404130750038793;0.31665511075404595;-0.6576121313252672;0.1002704591666571;0.3963201995002119;0.017101732674443544;-0.2787764217743306;0.018864076679922476;0.0571020699500356;1.5110521369277958;2.283278560514058;1.7317116401686325;0.2183174274351732;0.4284605787479213;1
1.1644595719939124;-0.2631165741472797;1.3559660948082455;0.8373803093264214;0.3803442976878371;-1.44934185570122;0.14466178478365407;0.656704726355265;0.02472802404767032;0.7381105408027356;0.027021515244213302;0.08463342510451699;1.1004507913481238;1.2109919441787118;0.775319464031968;-0.2801304638292303;0.2883304396656782;1
1.0356061605083844;0.5700743010290077;1.0724801196829175;0.8373803093264214;0.43625337422166394;-1.9584558331952817;0.19031700651978717;0.7778245490173279;0.026416508716005628;-0.04099613856492316;0.027021515244213302;0.08463342510451699;0.9515237699387348;0.9053974847584223;0.775319464031968;0.5492291704595615;0.2417386036468826;1
1.0716742502221082;0.1645176498458985;1.1484856985891179;1.2544361679853941;0.45389782610244755;-2.0390332336295507;0.20602323654052773;0.8650999614552932;0.026648369646633953;-0.10234542905749423;0.029315794840420125;0.08463342510451699;0.9941297904760469;0.9882940403119489;1.244118889015268;-0.0014745834459627563;0.24516264372867708;1
0.9876399460851225;0.07055869654886747;0.9754326631030238;1.0839708534835077;0.42530643152295655;-1.3762178337416964;0.18088556069479134;0.6842082846300178;0.027617243554973497;0.3436378954973632;0.025237075558274726;0.08463342510451699;0.9171610804261301;0.8411844474484264;0.9399462285993043;0.03923795498230425;0.24096369140938054;1
1.0023814072081902;-0.18213679051785192;1.0047684855166716;1.113603261852905;0.3644850590483075;-0.3041075910766554;0.13284935826944821;0.4549631137025991;0.02802852345235942;0.27942610771100157;0.026001835423676973;0.08463342510451699;0.9362399302059479;0.8765452069120382;1.0551785159197005;-0.2563033627925618;0.24944627736366656;0
1.1032126393179364;-0.7982021651285035;1.2170781275508473;1.3563304750279057;0.29087757077349036;-0.8183787949508533;0.0846097611790869;0.4549631137025991;0.03480231610428964;-1.016174418496875;0.0509839910268175;0.0948302233098806;1.052783169636529;1.108352402269937;1.278646093305197;-0.8625995398789686;0.29247106810201473;0
0.8985631341521783;-0.5036366604339122;0.8074157060573856;1.0013503724815176;0.291637888707356;-0.7924679535614259;0.08505265812968418;0.4549631137025991;0.03424819001002893;-0.9705408513186572;0.04945447129601295;0.0948302233098806;0.8777802823891624;0.7704982241511977;0.9546062706070009;-0.44890015239345615;0.2610090111272766;0
1.3781085487992188;2.2860939652200307;1.899183172273489;0.9225741068683551;0.33843707451092675;-1.0613657756732888;0.11453965340351457;0.4832625653651632;0.03223238575724202;-1.366027607703149;0.0512389109819516;0.0887121443866625;1.224403388183244;1.4991636569946074;1.0164710560650994;1.2878319506960412;0.4072152729602287;0
1.8487987176858298;1.1299223651233794;3.418056698516769;1.1540549482967266;0.3738504642448801;-1.8402995743588602;0.13976416961611238;0.6964754712902659;0.03415817481293105;-1.4602545046834277;0.0545528703986947;0.0887121443866625;1.1863482308433209;1.4074221248250773;1.1026777616345012;1.1418178074804746;0.4337265264330131;1
1.8596671473103854;1.435439183415246;3.458361898785547;0.8200014876946415;0.39728997722422416;-1.9468799415556026;0.15783932600282455;0.7756807284964562;0.03411862325332059;-1.6995260333021167;0.0545528703986947;0.0887121443866625;1.1714710001072208;1.372344304092212;0.8891603787301969;1.534701004793278;0.4164096432856573;0
2.022946412037645;-0.6201958924889175;4.092312185975981;2.7216330780230362;0.397545492269091;-1.324034651168928;0.1580424184234739;0.6098758434540326;0.03239813224916841;-0.7951742656941485;0.04958193127358005;0.0897318242071989;1.3350396004260214;1.782330734705671;1.3449861832113794;0.09809714496893461;0.5283114907694911;0
2.020564805297177;-0.9962440494258128;4.082682132405619;3.014889962347195;0.3799051307023392;-0.16362115179445422;0.14432790833396145;0.411776890963837;0.03261138245643782;0.7643433692405311;0.0393851330682165;0.1060467013357805;1.4327757788149438;2.052846432358769;2.0976846949033225;-0.3788573783118129;0.6363107704575321;0
1.7854101899275996;-1.7980075145990548;3.187689546297307;3.1658615206736744;0.3139672420413425;0.16196077369848436;0.09857542907504696;0.33809627537613207;0.03248715661770888;0.4067345711391762;0.043463852350361924;0.1060467013357805;1.2071651359585085;1.457247665473724;2.373370614729653;-2.113270399942246;0.6736714518078987;0
1.7118388488247167;-1.5913058747006998;2.9303922443455312;3.008003894000751;0.23953229720230407;-0.23986803651127733;0.05737572140301292;0.24596509039305714;0.032911121677549275;0.3162866476127054;0.04422861221576422;0.1060467013357805;1.2149234548904768;1.4760390012430122;2.2579888168293247;-1.9501609328606726;0.7957158160852621;0
1.5720852095966504;-1.286336695935096;2.4714519062325446;2.349122664502935;0.18890383791015558;-0.03283368674989668;0.03568465997718633;0.24596509039305714;0.03446193471701531;0.04305307610989522;0.04779749158764145;0.1060467013357805;1.0749947036416077;1.155613612857508;1.6413565304635518;-1.6113205306284613;0.7705113941134164;0
1.50413787777361;-0.7270567550543164;2.2624307553532996;1.920430155570436;0.1892418942526164;-0.015184343355827983;0.03581249454031844;0.24596509039305714;0.028283174681851143;-0.7575905825480653;0.03670847353930867;0.0856531049250535;1.0349587178402713;1.0711395476335783;1.334682537674521;-0.8763103831591726;0.8019395037292022;0
1.2830519403900507;0.753201815758267;1.646222281738674;1.1600314225871438;0.2666788801206356;0.6844256132606797;0.07111762510239633;0.25256396760396954;0.02842862341220465;-0.5992707516708558;0.03364943407769963;0.0856531049250535;0.8580679430724195;0.7362805949285329;1.0398040389232515;1.1878683962830476;0.7834426248051528;0
1.320020303043212;0.44800031594766565;1.7424536004462934;1.3380020180878047;0.3185777510088755;-0.928969064439576;0.10149178343787307;0.44212312068489384;0.029003125094174423;-0.5015620836353649;0.03364943407769963;0.0887121443866625;0.8307550621213715;0.6901539732402838;0.9719221867924959;1.1958056608462269;0.712053911748857;0
1.195439121353078;0.7021608678012419;1.4290746928614189;1.3380020180878047;0.3538203690930725;-1.7890810775854429;0.12518885358515805;0.6791096910167882;0.03243626458756482;-1.588181263096798;0.0549352503313959;0.0887121443866625;0.8122859282398472;0.6598084292164703;0.6175356868447803;2.17408044123246;0.7270142128083977;0
0.8271324470441634;0.4795153565218279;0.6841480849532658;0.9862943079996555;0.41076212772487364;-1.7588174832471755;0.1687255255730654;0.7390423930191818;0.03652247725331848;-1.2220121546420433;0.0583766697257061;0.10706638115631681;0.49719649152043305;0.24720435118022804;0.6093380779344548;0.006808858366293842;0.5290651452244332;0
0.8426871251425854;0.34758055728975684;0.7101215908810753;1.1031485617490147;0.4583890901548652;-1.4740916324390507;0.2101205579730051;0.6965124691479043;0.03884554111159536;-1.8513323718231511;0.06653410828999685;0.10706638115631681;0.5085333672943544;0.2586061856517347;0.5200287424647714;-0.3766746322015341;0.49407052663607737;0
0.8289314627184854;1.0286934916783335;0.6871273698846078;0.925101079036356;0.5219802772939134;-0.2545219583346946;0.2724634098838307;0.6059501825705635;0.036579251877355265;-1.4662430286517167;0.060161109411644646;0.10706638115631681;0.529193622960053;0.2800458905815868;0.38277104824787855;-0.17542072435373054;0.46053595611477355;0
0.8202546770921058;0.7858728444367793;0.6728177352914746;0.9126042401166993;0.571809039000027;-0.12081238675935017;0.3269655770821344;0.5428392650084579;0.03815901870997359;-1.7070544112328432;0.06245538900785142;0.10706638115631681;0.5092987851416905;0.25938525254680184;0.5246184168576775;0.6930871165153191;0.38446511436036995;0
0.8837542015899699;0.5196199558090809;0.7810214888279251;1.0642260974956528;0.6182983171381436;-0.5628457659424855;0.38229280897586043;0.7383887174130614;0.037261706027658256;-1.040064138142262;0.0558274701743651;0.10706638115631681;0.5001055585145274;0.2501055696571274;0.6814393845681546;-0.16067743164376935;0.32310875538319767;0
0.6096194563108388;-0.5316915242654788;0.3716358815127227;0.9582557930687926;0.6612823003943643;-1.3365591863665454;0.4372942808148623;1.0528081101544253;0.03617492908306009;0.6444988302728812;0.032247374324462;0.1126746201692668;0.5797032467408342;0.33605585428186446;0.8045388088081811;-1.0141296823109163;0.3601906987525921;0
0.6382161815239822;-0.02584783155045045;0.4073198943590526;0.9582557930687926;0.6707481734148634;-1.9167727996604245;0.44990311213937556;1.2957418613323077;0.02524128095799125;1.8431139990823115;0.0085398184969919;0.0841235851942489;0.652595460275704;0.42588083477245803;1.2117013553394094;-1.6844775609827012;0.3702184177791007;0
1.4162813772080876;5.3746389755414015;2.0058529394264375;0.9582557930687926;0.6766912094380877;-1.885573355881499;0.4579109929307818;1.2459655436729569;0.017731225791879784;0.9153917261477217;0.0085398184969919;0.060670949321912804;1.0549479048410275;1.1129150819284737;1.2577069425389118;2.8332568342865136;0.49651061043856987;0
1.9442275096694865;0.8925097870170029;3.780020609355613;1.4659716578730553;0.6293241357324634;-1.3124306056399158;0.39604886781541193;1.058828176254693;0.01909492459035069;-0.5098900169239603;0.023325175894768922;0.060670949321912804;1.3885213208177065;1.9279914583653484;1.111214099907371;0.5059044316372062;0.5485553601820858;0
2.557163886237874;-0.23019035460197657;6.539087141079185;3.3201942371040665;0.5147899847993296;-0.4121708898587129;0.265008728449694;0.6552497620040003;0.019098856792482945;-0.49869169411573316;0.023070255939634847;0.060670949321912804;1.8382494009119181;3.3791608599530263;2.2928139478527676;0.1857812072870131;0.594488421055671;0
3.365070673240216;-0.4293258115052088;11.32370063590136;4.499734262418991;0.42165943922248167;-0.09245454880932462;0.1777966826854177;0.6552497620040003;0.023726644297141414;0.05741712098521897;0.027148975221780274;0.0800448659121035;2.473033592662529;6.115895150437334;2.9239636364966257;0.39842996838439354;0.6393218399637428;0
3.42837750731981;-1.4051119457949954;11.753772332696393;5.826344504690418;0.4179675921782287;-0.1919332282599413;0.1746969081112661;0.6552497620040003;0.023200610432080482;0.24143014767123208;0.024217395737738248;0.0800448659121035;2.4706905781051938;6.104311932737777;3.8619838054006905;-0.8064118786308728;0.5622051444844662;1
3.277734598242236;-1.2586563957494998;10.74354409651419;5.4478349098352234;0.5274566905177428;-0.2072637748679733;0.2782105603719299;0.6618237493524124;0.021857080025352887;2.0628613425664426;0.02192311614153145;0.0800448659121035;2.2923133391951973;5.254700445052236;3.8021256281075537;-0.5759157968885746;0.4904896697323589;1
3.2170035784088014;-0.9814262247188559;10.349112023495032;4.78135522685308;0.680475165259311;-0.8939191621747951;0.4630464505346865;1.048436802882125;0.024001916744688875;1.165297701232511;0.023962475782604152;0.0805547058223717;2.183873863802732;4.769305053000674;3.597226473200655;-0.8821489213035072;0.4238456724571406;1
2.7055829946818872;0.01628659131921089;7.320179341111809;2.588331754214495;0.8102317128823877;-1.4741841920269114;0.6564754285603279;1.3336728628935894;0.023988435834160906;1.154354916877867;0.023962475782604152;0.0805547058223717;1.9871503179823025;3.9487663862571654;2.203707893733281;-0.2703960712760752;0.36161911125933455;1
2.076018457292227;1.2867001036187966;4.309852635017998;2.0847550505891563;0.9205217431111681;-1.5143053198837144;0.8473602795404234;1.6055260612782776;0.02669493294105243;-0.230203640765377;0.025746915468542776;0.0825940654634444;1.7091267170990752;2.9211141351018624;2.069545654873698;0.7016448330631876;0.2975970219528461;1
1.5277510962849596;0.3018657659375634;2.3340234121998957;2.0847550505891563;1.0131409655478318;-1.34433590961124;1.026454616071193;1.6223845458685078;0.031928988684349735;-0.8174565768279406;0.04563067196900163;0.09992862241256241;1.45971554553906;2.1307694738883955;2.069545654873698;0.6220104743695417;0.24762701961594524;1
1.4597593162501086;0.5443754593770375;2.1308972613789847;2.0847550505891563;1.0287423646898248;-1.1894125933856767;1.0583108529076126;1.4738775041901397;0.03427634500887269;-1.5693839254317332;0.055317630264096945;0.09992862241256241;1.4785987249667665;2.1862541894733476;2.107217335239695;0.5277682897398189;0.25160876639911467;1
1.5035130504867669;0.3368299262710498;2.260551492984023;2.1544208198493884;0.9913497613933567;-1.0218402287201442;0.9827743494146652;1.4663636999981149;0.03754182367768248;-1.9351870019662119;0.05812174977057195;0.09992862241256241;1.5589316077797875;2.430267757734873;2.3153677621140023;0.15846815728678823;0.26997623764547773;1
1.6374793950924227;0.5351325821545316;2.6813387693522466;2.1823677260829157;0.9225550032267575;-1.2497551298003258;0.8511077339787225;1.4238392877710486;0.037400772245049195;-1.5784659947387365;0.05965126950137647;0.09992862241256241;1.6601682562121858;2.7561586389346098;2.268496605268746;0.7131136174833473;0.30460720496041005;0
1.148423319127118;-0.7670251300791203;1.3188761199149464;1.4855486127828783;0.8681773717871987;-1.3486813985987247;0.7537319488833277;1.306936752505775;0.039527264209079774;-1.6533664904800816;0.06806362802080143;0.1050270215152442;1.13773607721768;1.294443381402675;1.445832953832543;-0.7094900730737679;0.22790334065148765;1
1.0856632742870775;-0.6018522545535931;1.178664745135738;1.4855486127828783;0.8329131471166148;-1.1216513376077575;0.6937443106397035;1.2788997042809997;0.040291476800812305;-0.7706366713553697;0.058376669725706105;0.1121647802589986;1.0741941291539854;1.153893027108889;1.445832953832543;-0.6275827828071157;0.2169127182661516;1
1.3097388039299198;-0.5183624849639921;1.7154157345197767;1.513284465067013;0.8046175896119843;-0.9059612152230605;0.6474094655129995;1.0899790965776812;0.038392145157534543;1.4544533478931336;0.020393596410727084;0.1203222188232894;1.2226772865952698;1.4949397471559713;1.4826964897543107;-0.7862189611847461;0.2543938481550844;1
1.9928235581425213;3.497789692497665;3.971345733887819;1.2497750336193159;0.743132069249903;-0.9136807926386256;0.5522452723476426;0.9898215558416514;0.026635360710892765;2.440952776267494;0.020393596410727084;0.0927908636688079;1.3002620781308878;1.690681471825255;1.1389034309104642;0.3021895898755105;0.3015440622038815;1
2.2010705212449926;0.37485766973816226;4.844711439493703;1.5878581359244555;0.6797363752120421;-1.1575392452270765;0.46204153978640605;1.1090140012725547;0.015814719383578375;0.3782533271477462;0.017334556949118007;0.055062710308963;1.3561749696343888;1.8392105482628354;1.2026221333184735;0.11318747415599109;0.3469284672348853;1
2.486920830138374;-1.0747861118279185;6.184775215376139;3.5847163217022078;0.6264850305806684;-1.3930846726980357;0.39248349354166095;0.9686596077363131;0.016527343190555353;0.7658705731314696;0.019118996635056604;0.055062710308963;1.3879381960853425;1.9263724361526349;1.8629913535861773;0.15772263515070353;0.38170746416608226;1
2.5420218128023633;-1.5394802909932186;6.461874896763014;4.153241977698649;0.5507140898474713;-1.1241673032296424;0.30328600875652867;0.7877985295570953;0.016997722439803527;-0.009974835111804177;0.02319771591720203;0.055062710308963;1.4763603884541328;2.1796399965964377;2.3219939375863183;0.06599357821851674;0.43456528620047924;1
2.7222217442433334;-1.4146409368063704;7.410491224831215;4.619988199426128;0.44560230234648784;-0.8778131537915433;0.1985614118564908;0.6224132587650462;0.016997722439803527;-0.009974835111438247;0.02319771591720203;0.055062710308963;1.4725872218894218;2.168513126072005;2.069824094847997;1.01065696641211;0.4639754451288307;0
2.966949310055576;-1.5404812001388173;8.802788208439258;4.646074853960396;0.4016204277475683;-1.5627103241896891;0.1612989679841397;0.6224132587650462;0.02193325789728904;-0.47095573677203567;0.024472315692872434;0.06627918833486279;1.7278303638847508;2.9853977663621105;2.1650848951114496;-0.46095249611540773;0.5135086621963754;0
3.0651168582851125;-1.8285999231950771;9.3949413549436;5.2053110671316905;0.4646276755642485;-0.6596372274347608;0.21587887690023655;0.6224132587650462;0.02186995984202763;-0.3189558233539204;0.024472315692872434;0.06627918833486279;1.7815382269245659;3.1738784539935256;2.6455387989328263;-1.186009459348435;0.5113446985235743;0
2.989168899926365;-1.5469219146075446;8.935130712286993;4.878844731535844;0.5871901385852086;-0.5486488781361974;0.34479225885171655;0.763363437235079;0.023092990358206143;-0.6074717931853877;0.030845314571224608;0.06627918833486279;1.7602342335736527;3.0984245570446247;2.328197058933705;-0.5937880238399786;0.5269845119357267;0
2.659614486917263;-1.2373300401175469;7.073549219020174;3.9554361212337694;0.7016497105077124;-1.4496417033269882;0.49231231625555666;1.1042601873287132;0.022938389514995793;-0.5663478366160629;0.03033547466095643;0.06627918833486279;1.4136115602389803;1.9982976432412842;1.3773798037982936;1.479519984272849;0.4632913219103455;1
2.6509513937829787;-1.176844923175855;7.027543292199917;3.9554361212337694;0.7737058984350942;-1.846855597525663;0.5986208172732562;1.4112027108835603;0.02528609503606432;-1.1284962636452005;0.036963393494442776;0.0703579076170083;1.43299760211246;2.05348212766006;1.3351592214336439;1.6914705453857886;0.4822344027760306;1
2.547727130512478;-0.9519570975996727;6.490913531549343;3.2668581290411955;0.8077419147847603;-1.7702633698384476;0.652447000900151;1.5006932158945552;0.02410511976822204;-0.4289846434540162;0.023962475782604277;0.0703579076170083;1.6167274673371288;2.6138077036423266;1.3351592214336439;1.0759617751409738;0.5722779911099937;0
2.511800058635865;-0.8418377217072209;6.309139534563135;3.03920630655231;0.7726706913338551;-0.9791218159121736;0.5970199972463377;1.1609265984370478;0.024858493715335498;-1.0547067000318546;0.03517895380850416;0.0703579076170083;1.755578870089692;3.0820571691053993;1.3986104521723768;0.45497601388997666;0.6535129749790141;0
2.4189323160129947;-0.6540973153023667;5.85123354945199;3.03920630655231;0.639197723115843;0.24588772331695655;0.4085737292364779;0.8038784761533503;0.03326442236405111;1.1018301079843857;0.03543387376363818;0.1142041399000713;1.9354024566718036;3.745782669291253;2.4617072128582724;-0.11099774244262559;0.7831124694125331;0
2.504932595948552;-0.8682228129186035;6.274687310245551;3.26779042066143;0.4553390379916074;1.0268208621699475;0.2073336395191225;0.48472351266786595;0.03311212986872546;1.113050097552615;0.0351789538085041;0.1142041399000713;2.0076433676968404;4.030631891857111;2.7441877791310327;-0.3523405190753408;0.8512622363164608;0
2.269129413223516;-0.8014582715944195;5.148948293956097;3.0824408307130615;0.31230058337362276;2.0872248538632596;0.09753165437550511;0.2446738330063768;0.03423047590774292;0.07108790180810841;0.041551952686856304;0.1142041399000713;2.124394895225361;4.513053670859573;2.8610462611839615;-0.5463460606019181;0.9850445891644545;0
1.7773737352288999;-0.7511914866954318;3.1590573946815317;2.5190281086745188;0.2058510229070152;3.0766101691155003;0.042374643631864495;0.1658612201815549;0.0417285962757911;-0.6735518773811228;0.046650351789538025;0.1244009381054348;1.6305020006722777;2.6585367741963;2.3028412343110767;-0.4984831476726142;1.014988666468025;0
1.4623963634042532;-1.5975720687895862;2.1386031236979846;2.4088565854735675;0.12206825441407419;0.25004884574683317;0.014900658735699145;0.15328245672174995;0.04039156435028447;-0.4986672683196675;0.037218313449576795;0.1244009381054348;1.2958796299607003;1.6793040153470815;2.179749541220572;-1.684495633313331;0.9192383670551105;0
1.514206027006703;-1.6183882493626989;2.292819892223424;2.4088565854735675;0.10808405034027219;-0.4113525628029926;0.011682161937958492;0.11792291473801264;0.037310312373918575;-0.4203603059201925;0.037218313449576795;0.1152238197206076;1.3475124800640177;1.8157898839282796;2.179749541220572;-1.6959323329443028;0.9317515320531043;0
1.8417003417899316;0.06371838446621123;3.3918601489491507;2.4088565854735675;0.13255945757321133;0.8374945108042594;0.017572009792104017;0.12846737768380656;0.03350406460850599;-0.1529001052862863;0.035178953808504124;0.101967982053635;1.6907497798069013;2.8586348179170855;2.179749541220572;0.48860521904359694;1.0468141422807313;0
2.0725240636258553;-1.1595332794964734;4.2953559943082285;2.918583494872945;0.20400676842795334;1.7307477248253034;0.04161876156441659;0.16470888629805552;0.03628175619328264;-0.14546625861864065;0.03492403385337;0.10604670133578051;1.9239111810909055;3.701434232726603;2.6923537519951206;-1.0593266369010301;1.046146075051829;0
2.042278074195084;-1.3574662716294854;4.17089973233798;2.893389809706935;0.262511590580002;-0.10800365899998202;0.06891233518884261;0.262828029423325;0.04288329862474672;-0.19941143369368117;0.045630671969001675;0.13969613541348008;1.8731854466291986;3.5088237174634305;2.5925970337372704;-1.3006307664868832;0.908069060011391;0
2.125438256897749;-1.492665189127639;4.517487783884541;3.1711540968542273;0.2802733443589298;-1.276032892952443;0.07855314755813926;0.4510386784273583;0.04294790586202528;-0.1910515378624648;0.045630671969001675;0.13969613541348008;1.866055199793491;3.4821620086763256;2.531936365326493;-1.2869904277612711;0.9010794829718344;1
2.156498373551058;-1.526094547832331;4.650485235128359;3.3772557691884044;0.2627931564014336;-0.9798967542342432;0.06906024305142834;0.3961344391707674;0.03725825663585799;1.8694791754659437;0.03161007443662685;0.13969613541348008;1.8269416838017734;3.337715916012459;2.531936365326493;-1.2509415883460302;0.867016101524284;1
2.072113342744594;-1.4804798534308468;4.2936537051801755;3.0655748284084186;0.217932400623162;-1.1464728841286569;0.04749453124137438;0.35277936492173995;0.03834939152810178;0.9136058162428975;0.04614051187926985;0.13969613541348008;1.8669358701824634;3.4854495433739516;2.6478361031399658;-1.3116181006595329;0.9040383017652469;1
2.0267815250468213;-1.51099857908826;4.107843350271119;3.0872770356175785;0.19445627898764659;-0.9204519461778712;0.037813244437721445;0.283689797271131;0.03753997725254167;1.429989031344386;0.036198633629040466;0.13969613541348008;1.7747501579902465;3.149738123286405;2.673837441184918;-1.4136542919844441;0.7461609896947371;1
1.9557151351172777;-1.0701283362427236;3.8248216897267917;2.628888295504424;0.18827505250944646;-0.8254815761725963;0.03544749539743482;0.283689797271131;0.03128569418197401;0.31309119409880787;0.036198633629040466;0.10910574079738959;1.6674906567626684;2.780525090390795;2.216238293506607;-0.9397956584160241;0.6509698975111897;1
2.0175177256236916;-1.2470499520256209;4.070377773205792;3.1056042945857305;0.16669720739891405;-0.6872902386223748;0.027787958954596563;0.2254953875022943;0.03537830205877234;-0.37344523055062545;0.04639543183440395;0.11318446007953499;1.7239037861515414;2.9718442639076192;2.694728081399007;-1.2263030766301217;0.643463661604257;1
2.029536367543204;-1.2768200764447266;4.119017867180464;3.1616877466708853;0.15991117927492046;-0.5534757961426428;0.025571585257095755;0.2209839832067632;0.034782393203664906;0.1751829634451449;0.036708473539308645;0.11318446007953499;1.7348930460062215;3.009853881080746;2.7507751007392747;-1.2736835525119585;0.641885461677968;0
1.8044681393174298;-1.2356875607072284;3.256105265811707;2.7995683954689454;0.16262629053420968;-0.5924534221369316;0.026447310372917174;0.227816127496263;0.034709743991578244;0.4593214159974985;0.03594371367390639;0.11318446007953499;1.5065712898956858;2.2697570515379506;2.3876007566095696;-1.2265178999099184;0.616980889179011;0
1.7104750392921406;-1.2852447576962776;2.9257248600414503;2.7995683954689454;0.156193569023271;-0.1274972891030848;0.024396431004227323;0.2002932821132795;0.03294756459263716;2.54967128817713;0.028551034975017826;0.11318446007953499;1.4039193862807429;1.9709896431748979;2.3876007566095696;-1.361316389910666;0.593579196411098;0
1.7123686517494965;-1.281859948571461;2.9322063994943885;2.7995683954689454;0.1299131151832355;-1.1098504805930989;0.016877417496612618;0.2002932821132795;0.019643655301111215;-0.5161197948974632;0.020138676455592898;0.062200469052717394;1.4046287133589637;1.9729818223924578;2.3876007566095696;-1.35991712710867;0.5931968399905805;0
1.4842243613204906;-0.008491304514486384;2.2029219547372185;1.517933090140834;0.11810929653671762;-0.9446784781053914;0.013949805928398297;0.1667590088817164;0.02004621256443122;-0.6008284120558481;0.020138676455592898;0.062200469052717394;1.285063309553527;1.6513877095606644;1.4848814179522218;-0.4576152535976569;0.5164507697416789;0
1.352995966339315;-0.3317154063516016;1.8305980849304566;1.517933090140834;0.12183830234305063;-1.500784307451595;0.014844571917836617;0.1948899458417685;0.020797469210126623;-0.3848198326112597;0.020138676455592898;0.06627918833486279;1.2778497095751917;1.6328998802614016;1.4848814179522218;-0.46103766131364615;0.5126913273235018;0
1.0865312726140353;1.9028668392088315;1.180550206368275;0.9894197636435886;0.12206545585437638;-1.5766147867178024;0.01489997551293671;0.1948899458417685;0.02503262617238267;-0.7389194465147811;0.0308453145712246;0.07647598654022629;1.0371472353839395;1.075674387864549;0.9942509561880462;1.5056564482289727;0.3705456708725518;0
1.1283721111090328;0.2591807582905393;1.2732236211286554;1.5280833608330995;0.13483022980515305;-1.5537974783605846;0.018179190869310382;0.1948899458417685;0.02582316636847763;-1.1024606192418906;0.035178953808504124;0.07647598654022629;1.0866807627337771;1.1808750800956636;1.4982819529479845;-0.10953790255320328;0.41389680391976674;0
1.1457328345130027;-0.1860332771647895;1.3127037280811997;1.656778958546293;0.14180481935332476;-1.382998271335884;0.02010860679182907;0.1948899458417685;0.023226427223832044;-0.4407468623118019;0.02778627510961562;0.07647598654022629;1.1065810016944602;1.2245215133111147;1.6273814813610716;-0.5438939639506154;0.4299326388133109;0
1.126911442837875;-0.8489133927370419;1.2699293999989412;1.5524927961844783;0.18054405730393097;-0.9301418383418455;0.03259615662776511;0.27599164791457237;0.018384424679477172;-0.7179730526958547;0.024727235648006572;0.058121749770571995;1.0970115133075131;1.2034342603292398;1.5618795755293495;-1.0781188527355081;0.4817236324351538;0
1.5204827903196962;1.0293400801654076;2.3118679156583695;1.5524927961844783;0.2055155343193881;-1.633514424534911;0.04223663484658358;0.32123232319173745;0.017975502485458362;-0.7383896636378299;0.022942795962067924;0.058121749770571995;1.4920387372899975;2.22617959357393;1.5618795755293495;1.0186069241308775;0.5999862791222688;0
1.5236835557631352;0.9083556901798703;2.321611578102991;1.5777932636786725;0.23423929679453823;-1.9941249985505551;0.05486804816279977;0.4224697862914615;0.017445500308981322;-0.25532388964068886;0.019118996635056576;0.058121749770571995;1.4946705281216919;2.234039987635577;1.5764251671306504;0.899602250567284;0.5956752149688148;0
1.46729534390101;1.9648742213647645;2.1529556262335827;1.2364086232840545;0.23552542519764832;-1.9275399159732802;0.05547222591453303;0.43215031488331496;0.01423702528202702;-0.49878598912073563;0.019118996635056576;0.0469052717446722;1.4364577292216418;2.0634108078405955;1.220884036935938;2.047649513137415;0.5934648884411605;0
1.464346395394223;2.1955611741665217;2.144310365704054;1.2364086232840545;0.20682331929682324;-1.3570418803554176;0.0427758854049557;0.3418863564522448;0.014129506875127547;-0.44543993635963425;0.019883756500458823;0.0469052717446722;1.4333867354130114;2.0545975332579705;1.220884036935938;2.325884151398665;0.6032731398036907;0
1.4768782353419454;1.4149077820518647;2.1811693220267387;1.524112420038213;0.1765187633085195;-0.25236472774302093;0.031158873799969136;0.16810161814954788;0.014782817747158618;-0.9797572152945914;0.02268787600693382;0.0469052717446722;1.4459230530699936;2.0906934753992514;1.5219027042638569;1.4746284599432034;0.573202527141248;1
1.2873366881123662;1.7878240764057551;1.6572357485601155;1.2924788349725698;0.16304548284567422;-0.4894063556233331;0.026583829476379044;0.16810161814954788;0.014050794914758528;-0.19512573286658405;0.019883756500458875;0.0469052717446722;1.2883682542154973;1.659892758470288;1.30631092326967;1.7432543895257717;0.4559495616661932;0
1.2810728721557645;1.9768907877164474;1.6411477037734197;1.2270144948470838;0.2345182819574603;3.0551424236560556;0.054998824572278844;0.16810161814954788;0.01436265268617036;0.16993498874282054;0.014530437442643075;0.0469052717446721;1.283669568709861;1.6478075616317605;1.2444017159474807;1.878039338915053;0.45609980236077147;0
1.3669989200965136;0.29450458750614367;1.8686860475450342;1.0843294364135478;0.33188845009822554;0.5729921725551667;0.11014994330860234;0.31878025470610233;0.014541713151418102;-0.26387365263919754;0.01580503721831348;0.0469052717446721;1.378345342823098;1.8998358840821237;1.095033725355571;0.21958692726880866;0.43578604626427864;0
1.3292167436804554;0.39376812240359477;1.7668171516804736;1.183153519621257;0.4433496275497065;-0.3991259154272271;0.1965588922484635;0.6236129942092131;0.016392584278967455;-0.6996398018457083;0.017334556949118004;0.0479249515652085;1.3484676719627884;1.8183650623287422;1.3004434636248972;0.22768433044586647;0.3972123829183415;0
1.436363515064083;0.10239826508366486;2.063140147407248;1.8109646988889194;0.5205299449879875;-1.310904660458532;0.2709514236291974;0.8148787308908674;0.016389148241797272;-0.7062318420162802;0.017462016926685028;0.0479249515652085;1.4658902580082513;2.1488342485234977;1.8856414537651665;0.1234906201025403;0.36754479895146386;0
1.3121294372872407;2.3673911107789403;1.7216836601957308;1.1458671123854725;0.5711995486510348;-1.733412395323244;0.32626892437914595;0.9781192284973566;0.015265806066710576;-0.47620736980773365;0.01988375650045882;0.0479249515652085;1.3558764668560188;1.8384009933739607;1.2990786713314524;2.015994403639771;0.3520013154958803;0
1.3401426848503708;2.1295308384468257;1.7959824157579602;1.1458671123854725;0.5634314348504899;-1.7895239432430832;0.31745498177768183;1.0530552022849158;0.015082321186898258;-0.33051830058616566;0.01988375650045882;0.0479249515652085;1.352845549175582;1.8301910799241818;1.2990786713314524;2.0406350820203705;0.350899466054818;0
1.3103976063840868;2.3024303800995756;1.7171418868171442;0.8980168704898563;0.5238762599406952;-1.5383080182115185;0.2744463357294509;0.8854785370889702;0.015048580362805885;-0.18497436369420836;0.01988375650045882;0.0479249515652085;1.3111873029641532;1.7192121434544103;1.016614651494122;2.2515039794234935;0.33272239096401046;0
1.1920171323982112;3.17515006823994;1.4209048439308545;0.7696603724621203;0.4703969514731646;-0.5893756449739332;0.2212732919552468;0.6396022588711208;0.011401506949721314;-1.32114651711824;0.01593249719588045;0.031610074436626896;1.1716222323627583;1.372698655366693;0.9187048616322158;3.165560264308347;0.2837032491716411;1
1.260239870101387;0.7703059622241162;1.5882045301931607;1.2852749627324274;0.39989077686478225;0.39441925797666094;0.15991263342151907;0.46869381968198076;0.011711407338233445;-1.5732672637891862;0.018736616702355477;0.031610074436626896;1.2378621970387722;1.532302818857656;1.2645064180384047;0.6456067487146494;0.2826412878912664;1
1.27709028015442;-0.025908513218760833;1.6309595836648947;1.6229238785679114;0.3100529682052736;0.26351840336214444;0.09613284309290042;0.24609173598919076;0.015882965732074306;1.3280886265032084;0.019118996635056527;0.0560823901294992;1.2480394383612992;1.557602439705187;1.5611296324224138;-0.18192430231760628;0.27269179505559477;1
1.2419919546313527;0.2260636011945947;1.542544015369008;1.5489788736017496;0.2366475262017346;1.1036552605046626;0.05600205165740066;0.2329219485731624;0.015946121091244655;1.215680761114275;0.019883756500458826;0.0560823901294992;1.1874205605537924;1.4099675876258824;1.4521534694083593;0.20442219349761054;0.25588109743729825;1
1.226235450460549;0.6177475144637867;1.5036533799661855;1.410483162298061;0.2095550902415302;-0.13114836328810903;0.04391333584613587;0.2329219485731624;0.02005147066306051;-0.3633969285589086;0.020903436320995176;0.061180789232180996;1.1785381797753203;1.3889522411881252;1.3221488672402044;0.5109800955460325;0.2568452235785843;1
1.333849375470905;0.015974034024753486;1.7791541564441233;1.5693258935410581;0.2925682894965569;1.304048867667035;0.08559620401894114;0.2329219485731624;0.01999954954189614;-0.11657095620903846;0.019883756500458826;0.061180789232180996;1.3078224043572317;1.7103994413387307;1.4983854004378392;-0.10861646583043998;0.294540254892991;1
0.9922176040924285;-0.3960146367432899;0.9844957738709194;0.8631025631888343;0.45082351289654715;1.2826521243207654;0.20324183978038324;0.4497063367912022;0.021163372178691294;-0.2987349477268647;0.019883756500458826;0.0632201488732537;1.0024290731429213;1.0048640466821763;0.9241978070621557;-0.39992660425715343;0.24467140369802415;0
1.0632530314125206;-1.202931576132298;1.1305070088079145;1.4583730069563106;0.6528122204791077;0.5906390639346739;0.42616379520686315;0.742751019429031;0.02118383293349307;-0.36825529823003983;0.019883756500458826;0.0632201488732537;1.0515084395337053;1.1056699984106082;1.4150149558070262;-1.0810603783371862;0.25151031377266864;0
1.1030445370024546;-1.0132746727510547;1.2167072506109597;1.4583730069563106;0.7651409228138305;-1.1912855737536947;0.5854406317644001;1.1526141403599302;0.025167943626846635;0.21754853868863272;0.019883756500458826;0.0846334251045171;1.1420662074100785;1.3043152221080405;1.4150149558070262;-0.7411702430504487;0.27681134162771237;0
1.3483470980080277;-0.9402991245349774;1.8180398967066698;2.02720004425896;0.7853186379252072;-1.8126924516080518;0.6167253630727026;1.4105406222850783;0.027068183548217276;-0.6252697264732073;0.02982563475068828;0.0846334251045171;1.4112539197294676;1.9916376259517865;1.9910048833550626;-0.8502248372277579;0.36158553339128774;0
1.3789303568372344;-1.074818637819044;1.901448929007263;2.091113785736231;0.7767994801422123;-1.7317302740746625;0.6034174323492114;1.3461014201162214;0.03142055487836153;-1.093113709790851;0.037983073314979125;0.0917711838482716;1.4315995858047024;2.0494773740761953;2.0282551583599457;-0.9409295858412732;0.3618796699162172;1
1.256511659508383;-0.8069089738459557;1.5788215504805108;1.722294637458607;0.7082809067769936;-0.8888382636013884;0.5016618429048404;0.8540290517043141;0.031212678940961476;-1.0198362666505913;0.037983073314979125;0.0917711838482716;1.2884354801736002;1.660065986570176;1.6805339524220675;-0.6283182421234039;0.3387445055708399;1
1.387637434083121;-1.087598678094041;1.925537648468788;2.0337293609068974;0.6026582994586105;0.647795362594465;0.3631970259063443;0.7268858403388024;0.028146775207272746;-0.3475084819599995;0.0341592739879678;0.0917711838482716;1.399660410217549;1.9590492639303574;2.080200521490438;-1.092951673394501;0.41717148846897123;1
1.8702212040434987;-0.3364786606943519;3.4977273520539143;2.6961400255446044;0.4414061038342148;0.4270381671478591;0.1948393485021016;0.45046111439135794;0.027056230464546603;0.5336770881866683;0.02982563475068828;0.0917711838482716;1.5968330652081895;2.5498758381421815;2.7717245621378757;-1.6509060805815683;0.5242336313327881;1
1.9904130552884751;-1.1598627428146335;3.9617441306628027;2.9272457854554617;0.36412802577372844;0.9546827189539583;0.13258921915387303;0.3515492220210587;0.03959078250527989;4.481808430683107;0.03619863362904047;0.1366370959518711;1.6721496340686048;2.796084398715769;2.9138551138703708;-1.5924873368675467;0.6304492265079931;1
2.01270470749495;-1.2354129556884001;4.050980239572332;2.9272457854554617;0.29469294925151784;-1.0403106426169433;0.08684393433855767;0.4045156421583506;0.04347765105622195;0.7544050901530294;0.031355154481492856;0.1366370959518711;1.6909669822694213;2.8593693351253537;2.9138551138703708;-1.736751434965923;0.6222837901180591;0
2.1101101299304257;-1.5998592265550893;4.452564760434998;3.718256631168985;0.29898438776402025;-1.2339287241938781;0.08939166412662602;0.5142893599802327;0.04456219887258888;-0.3867241544754028;0.05480779035382895;0.1366370959518711;1.7712727746967765;3.1374072423820176;3.2067348689070325;-1.711785309479848;0.7241764698030452;0
2.329266766990289;-0.5881216758614402;5.425483671805394;3.1239764446327105;0.3445757252513659;-1.5979188582184685;0.11873243043250481;0.6157415140913018;0.050230775278671085;-0.036625955471268616;0.05480779035382895;0.17130620985010692;1.5207009731418109;2.3125314497144505;2.43465301511932;-1.288161273760222;0.6857190705888834;1
2.5013319144066166;-1.065080283440887;6.25666134602907;3.464998666363108;0.3687664046370128;-1.8404776174463866;0.13598866118890907;0.7144469862662977;0.05080705279324182;-0.14588637178267508;0.05608239012949937;0.17130620985010692;1.5233789963690074;2.3206835665782446;2.43465301511932;-1.2323087644600892;0.6972060024223993;1
2.5226809137324335;-1.014458040663423;6.363918992509906;3.395110618104074;0.3512001736277286;-1.1226146984919094;0.12334156195614672;0.5291158689315705;0.056626770211881526;-0.7378403601075654;0.06908330784133784;0.17130620985010692;1.5698227431717042;2.4643434449791344;2.4821453016882;-1.3264331879107303;0.7410167416857292;1
2.391882106314124;-0.2027461615837472;5.72110001050569;2.284796260182591;0.30510862979006814;0.5244963849458709;0.09309127597237285;0.37940129785257926;0.07679489680998239;0.33339054289993647;0.09483022330988063;0.2620577138778422;1.3599653125595002;1.8495056513650587;2.3281475070181346;-1.4370122779837307;0.6888723087236165;1
1.975914241705367;0.6003915651649235;3.9042370905740955;2.3762529952912286;0.2095415102357912;0.6542640018701797;0.04390764451189619;0.20978165747537347;0.07666420685643911;0.47229459625864934;0.09177118384827156;0.2620577138778422;1.1286863436549743;1.2739328623532347;1.9487982571028621;-1.854316333448125;0.6252653854124526;0
1.8939227905164076;2.169220403141238;3.5869435364374564;2.198478451376671;0.16144934443371195;-0.5203968826608788;0.026065890818075352;0.20978165747537347;0.08487510043715077;-0.1743117923583602;0.12083205873355754;0.2661364331599877;1.1030890351941587;1.2168054195655797;1.9487982571028621;-1.7550193173963362;0.595990050137229;0
1.9440202020493222;2.232290207122316;3.7792145459758877;2.3419186676259214;0.14229432689787305;-1.393646197634105;0.020247675467318756;0.20978165747537347;0.08605014308006376;-0.0932248787055876;0.12006729886815527;0.2661364331599877;1.0470399259098593;1.0962926064493235;1.7478674608022975;-1.5422142505015104;0.5210288568869688;0
1.962479400949357;3.26512197366795;3.8513253991505465;1.9998252203443705;0.15568510651855935;-1.788908074304132;0.024237852391695174;0.29617054158337874;0.08095569968521919;0.27671840452196605;0.10349750178443962;0.2661364331599877;0.9337345194582453;0.8718601528279203;1.16708369224967;-0.9540746574874365;0.42207329472083505;1
1.2079457519827406;-0.26040842546399695;1.4591329397331487;1.1628619467770807;0.19947958695458806;-1.154577089556145;0.039792105611573064;0.335924436450043;0.07695029077336732;0.5590867408868913;0.10069338227796465;0.2661364331599877;0.9755785543349809;0.9517535156783311;1.16708369224967;-0.7989917870701595;0.4357617007917967;1
1.1308662315594793;0.4874761500743828;1.2788584336815378;1.1222655417438618;0.2644378291479802;-0.22534431383583658;0.06992736548449636;0.33778836982460825;0.07463339628125118;0.8755281990287115;0.08896706434179658;0.2661364331599877;1.006361871903097;1.0127642172203053;1.0964006464701006;-0.15686025886736182;0.38941479145400426;1
1.1339350409977316;0.4630854219577379;1.2858086772025272;1.150340772436369;0.3401630828359921;0.1771083399888919;0.11571092292448605;0.4211706020222875;0.07159142013202899;2.2447380414628424;0.045630671969001696;0.2661364331599877;1.0062682076419225;1.012575705710887;1.0954825047315664;-0.1555681466479127;0.38943389066022177;1
1.1058768422552672;1.1929869095652563;1.222963590236481;0.677524930422639;0.34235668539004255;-0.7288718556099677;0.11720810003125656;0.47180328663931503;0.07265613265080959;2.325950626107636;0.04843479147547668;0.2661364331599877;0.9797610251044842;0.9599316663137897;0.7075176335261881;0.3480252768116147;0.3700244849067966;1
0.8081805001094385;0.36195383665728137;0.6531557207571421;0.677524930422639;0.30695353127424424;-0.20901203586455605;0.09422047036172843;0.3659455284631242;0.06928624546076174;4.079562859037421;0.04843479147547668;0.2661364331599877;0.7937877445064764;0.630098983328679;0.7075176335261881;0.21777383523866436;0.28719259266152775;1
1.4423742207196648;3.518170099888402;2.0804433925966603;0.6792686969722981;0.28454383959141794;-0.3726954675908658;0.08096519664942659;0.3659455284631242;0.03822737957377719;1.301010711816472;0.04843479147547668;0.1264402977465077;0.8935400971535372;0.7984139052211526;0.664634541376413;0.13290779356649246;0.34760439280826694;1
1.4609606982028667;3.472151586822542;2.1344061616934074;0.9149519497979943;0.2909248962365579;-0.4330535524521676;0.08463729525025197;0.3659455284631242;0.040291476800812326;0.8739225456046873;0.0525135107576221;0.1279698174773122;0.9099704862529069;0.8280462858513518;0.9372089765485154;-0.29742107002241064;0.346740598899546;1
1.5567493631018294;1.6496661299565614;2.4234685795179516;0.9149519497979943;0.32233022295077735;-0.760071092729971;0.10389677262749783;0.5106619030716637;0.030464374528926686;-1.3076711137246915;0.05021923116141533;0.0866727847455899;1.007776460415523;1.0156133941676402;0.9372089765485154;-0.16439001573725268;0.3930310134184074;1
1.6115172828073747;0.4187650126262952;2.5969879527868645;1.7930974884773343;0.3609757090366328;-1.0619471332705908;0.13030346251449978;0.5666486553291687;0.027362780723240773;-0.5285557954216122;0.03313959416743146;0.0815743856429081;1.0888255939688412;1.1855411740815998;1.555446082069267;-0.9023702187234152;0.44397905340365845;1
1.6346240085597732;-0.20908368172423764;2.671995649360021;2.0249357159561887;0.3600420879448882;-1.073787270281896;0.1296303050917146;0.5666486553291687;0.02175874516423209;0.8153158053344833;0.023962475782604277;0.0744366268991536;1.1642582295427977;1.3554972250581296;1.7629990757909504;-1.244870691284769;0.5059049346122249;1
1.5960861891528035;-0.4512848804419661;2.5474911232043187;2.164389000834931;0.3581680564533842;-0.9290901304480857;0.1282843566635946;0.5508281920137628;0.024849429627047732;-0.8596785204555317;0.03313959416743146;0.0744366268991536;1.1806373877958551;1.3939046414614202;1.5983795329239827;-0.37582385884268427;0.5975519497968772;1
1.5150188595909007;-1.1796368945894373;2.295282144916113;2.159094334079515;0.3491604260760867;0.045178065129441336;0.12191300313763441;0.36805192956719623;0.025218385952048266;-0.26336907795719405;0.0270215152442133;0.0744366268991536;0.8888479916538304;0.7900507522670478;1.2728769579465888;-1.1078689339743535;0.5274350523104536;1
1.3964800587861705;-0.6974198822593445;1.9501565545874264;1.5001822420628854;0.28781535534228364;-0.06713862008668313;0.082837678770805;0.3771922129739297;0.025081325527190276;-0.09360481883034209;0.024344855715305397;0.0744366268991536;0.8117707288738778;0.6589717162564268;0.7683410068738645;0.3794094777063819;0.5379929010595715;1
1.31201320291563;0.09368162506565879;1.7213786446249297;1.3637454766124586;0.29447061142407027;0.37382711086132553;0.08671294099246578;0.3646780688546991;0.01960988312675411;1.3273681051170365;0.024344855715305397;0.0672988681553992;0.7220527994451433;0.5213602451865683;0.3027201000149602;3.5313584169301606;0.5190214317970385;1
1.5262577063700489;0.9807464096894632;2.329462586253962;1.7655891433003263;0.385803520784133;0.9462760720566072;0.14884435664943294;0.27808695006784956;0.024705413280200827;-0.3089910933636979;0.0245997756704395;0.0744366268991536;0.8781743920424702;0.771190262839162;0.3027201000149602;0.8036339771470082;0.5874484466313348;1
2.039647825730621;0.9100880666072056;4.160163253007651;1.7655891433003263;0.5012647867942248;-0.25793094156488344;0.2512663864798596;0.5349121735230367;0.0312465736835498;-0.8845490057052393;0.04830733149790968;0.0917711838482716;1.3264844721345717;1.7595610548141332;1.5648806632854684;0.9279744039036066;0.7245963032701274;1
1.6968312674764643;0.9393764497187169;2.879236350285784;1.6943079568232813;0.5869807354798281;-1.1885846974834224;0.3445463838244399;0.8159074997995077;0.03242036671624654;-1.498110412043221;0.056337310084633406;0.0917711838482716;1.2668288355210062;1.6048552985075086;1.0702313692164567;2.305613024858851;0.7206790238551167;1
2.0038727408214245;-0.8134916114607543;4.015505961407167;2.6161498458856003;0.6805391753394323;-1.453234259809772;0.46313356917167464;1.0626583424865697;0.029271106685193962;-1.385664706299579;0.03798307331497908;0.0836137452839808;1.5708572794875406;2.467592592518997;1.7279672867962095;-0.30766681623407066;0.726199346522018;1
2.1460222860561786;-1.5314800955303365;4.605411652249787;3.858844699972925;0.7488792088034448;-1.6016662703324083;0.5608200693780735;1.1957331608455868;0.02690121596665166;-0.7768895438677761;0.04104211277658812;0.0836137452839808;1.8128250423507974;3.2863346341741706;3.0964085600569398;-1.4954331480692673;0.7064996099574614;1
1.9117836065635117;-1.444870119943735;3.6549165583249876;3.1818583912915512;0.7206772443957208;-1.2395440810571807;0.5193756905898095;1.1638372858957222;0.026093533776313137;0.37580293393849573;0.033139594167431397;0.0836137452839808;1.7458712658426825;3.0480664768951304;2.9659152118437406;-1.4907935521806739;0.6294771516070575;1
1.7514092817004652;-1.1023081147166767;3.067434472026539;2.6993245594194146;0.6225462001475992;-0.96199232678108;0.3875637713182146;0.9609420361337755;0.028953839975711992;0.021000245631695082;0.03594371367390635;0.09279086366880801;1.5447277090781004;2.3861836951936763;2.660272647666785;-1.3323304511524943;0.51042647645483;1
1.913011076931303;-1.3391805360123494;3.6596113804618633;3.1344433485097714;0.5079818805820793;-0.08973341755713042;0.2580455909997058;0.6403516732855463;0.024299160061599274;-1.1403480536633228;0.03594371367390635;0.0683185479759356;1.4517146349966992;2.1074753814635994;1.9747944646547628;-1.040939309110337;0.46451671613729734;1
1.998895414668053;-1.1796797770569865;3.995582878780968;3.1344433485097714;0.37151007642077977;0.7329462320693442;0.13801973688217362;0.4235265502928558;0.02201291174155674;0.3246127098651103;0.013000917711838506;0.0683185479759356;1.295482631543774;1.6782752486315815;1.9435886298096046;-0.9571102008046743;0.39805308891528507;1
2.1367225219448147;-1.0902699883461213;4.565583135786209;2.9435366928275233;0.2588049108633197;-0.27121558197794776;0.06697998188697087;0.3627035548031461;0.020625669332257554;0.5850366046665018;0.013000917711838506;0.0683185479759356;1.2860320388309159;1.6538784048996025;2.339170555876505;-1.8562150007112719;0.3510432076774872;1
2.210688186882608;-1.2192832637991908;4.887142259622311;2.9444922922117653;0.23279739204505492;-1.291257158457178;0.054194625742979;0.3627035548031461;0.02061922700533797;0.5627749591119452;0.01325583766697258;0.0683185479759356;1.298573959086636;1.6862943272179403;2.339170555876505;-2.058380130167173;0.33982507781041177;1
2.170838214164218;-1.362357205518585;4.712538552075691;3.0881047935165586;0.29209197507706763;-0.09714846436575897;0.08531772190442231;0.3627035548031461;0.019538394613541055;0.9711381821031253;0.010196798205363497;0.0683185479759356;1.377203612855232;1.8966897912615042;2.510741475103857;-1.895457174233359;0.38743831708414805;1
2.4750966985675555;-1.6115494948303934;6.126103667260013;4.331904417257321;0.38852732985140714;-0.35878180885749295;0.15095348604146414;0.522260899247329;0.01977845938662303;0.33177103905007904;0.01835423676965431;0.0683185479759356;1.422794412422776;2.0243439400214727;2.552664042758397;-1.9008102900745223;0.40508161785854696;1
2.3986622352585414;-1.4570272278415846;5.753580518855503;4.054277752181741;0.4872270083415431;-0.8485122460407182;0.23739015765745008;0.7357805805053776;0.030689370036390908;1.4470979326157618;0.03161007443662686;0.1060467013357806;1.3345680104311595;1.7810717744661835;2.073635363761226;-1.2349551128081673;0.3942686344299109;1
2.2643127113772787;-1.2484207847648439;5.127112054904723;3.4649869513003386;0.5756124739919533;-1.0675764839397357;0.33132972021513707;0.8704505721244624;0.031337348782157805;0.1968549158388971;0.039002753135515426;0.1060467013357806;1.159164189881939;1.343661619104652;1.3212609251196907;0.054472427666819305;0.3613612043402981;1
3.6932188957152476;1.912535743122105;13.639865811668152;4.321453544837395;0.6413679033145798;-1.1578594966693596;0.41135278740214015;0.972453254180647;0.030868784495731938;0.12749927365856653;0.03874783318038135;0.1060467013357806;1.7613760164285468;3.1024454712496965;2.073635363761226;1.0200813561064794;0.4853627020101099;1
3.6944002799232316;1.5141262365635342;13.648593428296852;4.321453544837395;0.6961636926315709;-1.2109480908504935;0.4846438869384243;1.0568047677828623;0.02617862317377824;0.5461939656981138;0.03517895380850415;0.0887121443866626;2.047785057501921;4.193423641728146;2.3105060937567856;0.43123601442460874;0.6090068363456492;1
3.774212595643736;1.835855028710932;14.244680717115829;4.340684306679508;0.7397020247089093;-1.2429714491812116;0.5471590853584599;1.123505112931113;0.026056538464104752;0.6555452775626895;0.03364943407769963;0.0887121443866626;2.0137851237318545;4.05533052456372;2.3001041488084;0.5015315375134749;0.5770679865396574;1
3.704863706513478;2.9921926576681943;13.726015083840785;3.3960084690951504;0.7718164754147153;-1.2621602604279794;0.5957006717215939;1.172554289625391;0.02339690597655224;0.8820790065551561;0.023197715917201996;0.0795350260018354;2.053465512030563;4.216720609098942;2.4132324805894054;0.2872450794481724;0.5974299642215571;1
3.704863706513478;2.9921926576681943;13.726015083840785;3.3960084690951504;0.7718164754147153;-1.2621602604279794;0.5957006717215939;1.172554289625391;0.02339690597655224;0.8820790065551561;0.023197715917201996;0.0795350260018354;2.053465512030563;4.216720609098942;2.4132324805894054;0.2872450794481724;0.5974299642215571;1
3.704863706513478;2.9921926576681943;13.726015083840785;3.3960084690951504;0.7718164754147153;-1.2621602604279794;0.5957006717215939;1.172554289625391;0.02339690597655224;0.8820790065551561;0.023197715917201996;0.0795350260018354;2.053465512030563;4.216720609098942;2.4132324805894054;0.2872450794481724;0.5974299642215571;1
3.704863706513478;2.9921926576681943;13.726015083840785;3.3960084690951504;0.7718164754147153;-1.2621602604279794;0.5957006717215939;1.172554289625391;0.02339690597655224;0.8820790065551561;0.023197715917201996;0.0795350260018354;2.053465512030563;4.216720609098942;2.4132324805894054;0.2872450794481724;0.5974299642215571;1
3.704863706513478;2.9921926576681943;13.726015083840785;3.3960084690951504;0.7718164754147153;-1.2621602604279794;0.5957006717215939;1.172554289625391;0.02339690597655224;0.8820790065551561;0.023197715917201996;0.0795350260018354;2.053465512030563;4.216720609098942;2.4132324805894054;0.2872450794481724;0.5974299642215571;1
