acc_X;acc_X_std;acc_Z;acc_Z_std;acc;acc_std;acc_var;acc_max;acc_range;fb_tilt_max;fb_tilt_std;fb_tilt_var;fb_tilt_range;tilt_max;tilt_var;tilt_range;hole;lat;lon
-0.0071377587437544;0.0761778524598324;-0.0183542367696543;0.0336037406238528;0.9587013187736384;0.04796969475559598;0.0023010916149450527;1.0518475544567119;0.1549245253485645;4.842067384636279;1.9994890537553902;3.997956476087626;7.122482933580425;2.427923163152554;10.826878230755362;9.432920173909809;1;53.72483479;86.84396695000001
0.003059039461609;0.0761778524598324;-0.0662791883348628;0.0336037406238528;0.9719827455073644;0.04796969475559598;0.0023010916149450527;1.0518475544567119;0.1549245253485645;4.842067384636279;1.9994890537553902;3.997956476087626;7.122482933580425;2.427923163152554;10.826878230755362;9.432920173909809;1;53.72483479;86.84396695000001
-0.0410421127765881;0.0761778524598324;-0.0622004690527174;0.0336037406238528;1.0371458709987869;0.04796969475559598;0.0023010916149450527;1.0518475544567119;0.1549245253485645;4.842067384636279;1.9994890537553902;3.997956476087626;7.122482933580425;2.427923163152554;10.826878230755362;9.432920173909809;1;53.72483479;86.84396695000001
0.0479249515652085;0.0761778524598324;-0.023452635872336;0.0336037406238528;1.0149651379105276;0.04796969475559598;0.0023010916149450527;1.0518475544567119;0.1549245253485645;4.842067384636279;1.9994890537553902;3.997956476087626;7.122482933580425;2.427923163152554;10.826878230755362;9.432920173909809;1;53.72483479;86.84396695000001
-0.0774956663607627;0.0761778524598324;-0.0836137452839808;0.0336037406238528;0.9905731560882451;0.04796969475559598;0.0023010916149450527;1.0518475544567119;0.1549245253485645;4.842067384636279;1.9994890537553902;3.997956476087626;7.122482933580425;2.427923163152554;10.826878230755362;9.432920173909809;1;53.72483479;86.84396695000001
-0.1356174161313347;0.0761778524598324;-0.0560823901294993;0.0336037406238528;0.9626139355777845;0.04796969475559598;0.0023010916149450527;1.0518475544567119;0.1549245253485645;4.842067384636279;1.9994890537553902;3.997956476087626;7.122482933580425;2.427923163152554;10.826878230755362;9.432920173909809;1;53.72483479;86.84396695000001
-0.0591414295911083;0.07780049096381775;0.0356887937187723;0.03297069873022704;0.8969230291081474;0.046467569236540524;0.0021592349907526872;1.0518475544567119;0.1549245253485645;4.842067384636279;1.9692324623796698;3.8778764908898973;7.122482933580425;-0.0974257398291267;5.6016903945603405;6.907571270928128;1;53.724764619999995;86.84382253999999
-0.1651881309268889;0.07091073567491743;-0.0397675130009177;0.03674323319949122;1.0518475544567119;0.045422944817617314;0.0020632439159043075;1.0518475544567119;0.1549245253485645;5.511472264405756;2.175053413785988;4.73085735282208;7.791887813349902;-2.17289503899586;2.5036589902841446;4.832101971761395;1;53.72469761999999;86.84367874
-0.1498929336188436;0.06854358914111071;-0.0193739165901906;0.03711787837943256;1.0358637167308515;0.04399082414303248;0.001935192608783209;1.0518475544567119;0.1549245253485645;5.511472264405756;2.200181253541459;4.840797548435265;7.791887813349902;-3.83110541036327;1.0182681323341116;3.173891600393984;1;53.7246415;86.84354326
-0.1621290914652799;0.044421333179054445;-0.037728153359845;0.03739478701244597;1.028146252521336;0.04369171321079974;0.0019089658032947722;1.0518475544567119;0.1549245253485645;5.511472264405756;2.219531211103665;4.926318797063303;7.791887813349902;-4.6405168185116725;0.6895279028219304;2.3644801922455816;1;53.7246079;86.84343798
-0.1723258896706434;0.06096789109784428;-0.0428265524625267;0.03546965860056844;1.0129321964331444;0.04363590771130946;0.0019040924417899163;1.0518475544567119;0.1549245253485645;5.511472264405756;2.1054974019410593;4.433119309580551;7.791887813349902;-4.242059897687249;0.9554910876808455;2.762937113070005;1;53.72460041000001;86.84337416999999
-0.1284796573875803;0.07517936729009132;-0.095849903130417;0.03530573378846721;0.9979680949230092;0.04318970895562119;0.0018653509596712648;1.0518475544567119;0.1549245253485645;5.511472264405756;2.0890613575855266;4.364177355757083;7.791887813349902;-3.614570704155645;1.5325202763365142;3.390426306601609;1;53.72462376;86.84333608
-0.1519322932599164;0.0782851024256107;-0.0678087080656673;0.021759541570382485;1.0120363314148237;0.020570879038126526;0.0004231610644012333;1.0518475544567119;0.05799392683769278;5.511472264405756;1.276116479477073;1.6284732691929587;4.4397981025235405;-3.0379426399618863;2.141961122452729;3.967054370795368;0;53.72467465;86.84331273000001
-0.058121749770572;0.07840594498362188;-0.0713775874375446;0.021421097743224732;0.9984399477227696;0.018218245959408103;0.0003319044858374897;1.038505852500601;0.05034771705724428;5.511472264405756;1.2471933129011958;1.55549115974546;4.4397981025235405;-2.1169038716067434;2.8346604463155867;4.888093139150511;0;53.72475484;86.84330844
0.0112164780258998;0.0787500514425975;-0.0571020699500356;0.018465935778270624;0.9938536276190191;0.017843831680535237;0.00031840232904327295;1.038505852500601;0.05680040057253388;5.511472264405756;1.0699114812400066;1.144710577689185;3.40851329786545;-1.4529232810759525;3.362997274567506;5.391764730580844;0;53.72486691;86.84332323
0.0254919955134087;0.07307855564367195;-0.049454471296013;0.01860306403289205;1.038505852500601;0.015883702975478392;0.00025229202021322117;1.038505852500601;0.05680040057253388;5.511472264405756;1.0720635943465708;1.149320350323289;3.249424984516424;-0.9794302488261956;3.5901204537772338;5.51603456804018;1;53.725004999999996;86.8433666
-0.0224329560517997;0.05950646965123485;-0.0683185479759355;0.017470315876108426;0.9978019037923037;0.0183582368547511;0.00033702486041514154;1.038505852500601;0.05680040057253388;5.511472264405756;1.0002293262909139;1.0004587051723757;3.249424984516424;-0.359294530861093;3.6703866123769484;5.630653571540518;0;53.725165649999994;86.84343509
-0.0132558376669725;0.05049034208811793;-0.0448659121035994;0.015649492467785707;0.9881581354433567;0.01828751519101727;0.0003344332118616874;1.038505852500601;0.05680040057253388;4.867329639164231;0.8839350461956901;0.7813411658929768;2.605282359274898;-0.0540379407312985;3.4865664256271955;5.306720603546829;0;53.725336979999994;86.84353218
0.0040787192821454;0.026170678487576732;-0.0387478331803813;0.016319213732024725;0.9817054519280671;0.01815800434658303;0.0003297131218505283;1.038505852500601;0.05680040057253388;4.867329639164231;0.9223918641917274;0.85080675112709;2.605282359274898;0.198681730026063;3.1490879260875935;4.839198548537736;0;53.72551479;86.84364599
-0.0050983991026817;0.02341720355738623;-0.0825940654634444;0.016590134623058722;1.0006743136742644;0.01803725725522079;0.000325342649291015;1.038505852500601;0.05680040057253388;4.867329639164231;0.9376000045103193;0.8790937684577509;2.605282359274898;0.198681730026063;2.644166473645121;4.4407416277133125;0;53.72569116999999;86.84376861
-0.0499643112062812;0.022549107423076212;-0.0703579076170082;0.016371427998765887;1.0324694999489428;0.02008003473423632;0.00040320779492813714;1.038505852500601;0.06259714965933516;4.867329639164231;0.9260326729153983;0.8575365113068371;2.605282359274898;0.198681730026063;1.8730486077493522;3.813252434181708;0;53.72587707;86.84389051000001
-0.0295707147955541;0.01949584974198683;-0.0856531049250535;0.01693413987327224;1.0094794173958932;0.01601907376188767;0.00025661072418879796;1.0324694999489428;0.05656079710767692;4.867329639164231;0.948866244204232;0.9003471493902454;2.605282359274898;0.198681730026063;1.1519811405698908;3.236624369987949;0;53.726075619999996;86.84401738
-0.0101967982053635;0.019379953227610106;-0.078515346181299;0.017740426519484088;1.007500424643621;0.01615019316267241;0.00026082873919163065;1.0324694999489428;0.05656079710767692;4.867329639164231;0.993340485976764;0.9867253210805538;2.605282359274898;0.198681730026063;0.5452502095227741;2.3155856016328062;0;53.726287400000004;86.8441498
0.0209034363209951;0.021098106654540885;-0.0759661466299581;0.018115466508045117;1.0028957965539056;0.015953715628683758;0.0002545210423609084;1.0324694999489428;0.05656079710767692;4.867329639164231;1.0222979075288923;1.0450930117379515;2.605282359274898;0.198681730026063;0.26148508976663276;1.6516050111020155;1;53.72651320999999;86.84428856999999
-0.0112164780258998;0.02063266957999072;-0.0632201488732537;0.01684316073108824;0.9759087028412659;0.014520352368957825;0.00021084063291869912;1.0324694999489428;0.05656079710767692;4.867329639164231;0.9543519463697852;0.9107876375397973;2.498490657489535;0.198681730026063;0.13677522979209314;1.1781119788522585;0;53.72674587;86.84443418999999
0.0010196798205363;0.02056986240595181;-0.0448659121035994;0.015527673682669075;1.0064053867130054;0.014507336807415672;0.0002104628212437975;1.0324694999489428;0.05656079710767692;4.867329639164231;0.8760747369490299;0.767506944720312;2.498490657489535;0.198681730026063;0.08784503694719531;0.8871360863207134;0;53.726990580000006;86.84458930000001
-0.020393596410727;0.01568129582166829;-0.0479249515652085;0.016004696883795435;0.9935146084062835;0.010893957197226916;0.00011867830341501211;1.0114828069306607;0.035574104089394876;4.867329639164231;0.914976197226497;0.8371814414910616;2.498490657489535;0.198681730026063;0.0930071407873129;0.8871360863207134;0;53.72724287;86.84475967
0.0152951973080452;0.01307385680615486;-0.0418068726419904;0.014442964692786045;1.0114828069306607;0.012088193008365986;0.00014612441020750831;1.0182762849968492;0.04236758215558334;4.469639748472197;0.8268845302080625;0.6837380262974082;2.1008007667975015;0.2182668029665129;0.11052973734690605;0.9067211592611633;0;53.72750203;86.84493179
-0.0086672784745589;0.014410532844912246;-0.0489446313857448;0.013364441865395366;0.9954296208579949;0.014347145865305505;0.00020584059448035282;1.0251961524128674;0.04928744957160158;4.430255541411404;0.7648023786558419;0.5849226783976338;2.061416559736709;0.4397436495701354;0.13736803906728642;1.1281980058647858;0;53.727760690000004;86.84510596999999
-0.0091771183848271;0.011644011358107572;-0.0632201488732537;0.012190754506759051;1.0013261029518072;0.014689385690385593;0.00021577805196090503;1.0251961524128674;0.04928744957160158;4.430255541411404;0.6986373800007877;0.48809418873436505;2.061416559736709;0.7653784711652143;0.221769268342042;1.4538328274598646;0;53.72802829999999;86.84528398
0.0076475986540226;0.011644011358107572;-0.0764759865402263;0.013998074386791683;0.9900378253502359;0.012103195269011505;0.0001464873357198225;1.0251961524128674;0.035158327062631556;4.562139362709727;0.7911033273342227;0.6258444745192784;2.1933003810350318;1.0030981864716904;0.34200841338346666;1.6915525427663407;0;53.72829289;86.84546153
-0.0071377587437544;0.01189140796338385;-0.0734169470786173;0.0163038977138855;1.0182762849968492;0.012142365578915678;0.00014743704185203629;1.0251961524128674;0.035158327062631556;5.378631531490085;0.9283793112928967;0.8618881456366733;3.0097925498153897;1.2775078340152262;0.4773616921417784;1.9659621903098765;0;53.72856086;86.84563990000001
-0.0224329560517997;0.0217361681973679;-0.0672988681553992;0.01760109019563684;1.0251961524128674;0.012084968421106063;0.00014604646173913078;1.0251961524128674;0.035158327062631556;5.532856163839533;1.01649950784814;1.0332712494555107;3.1640171821648373;1.5711789287193316;0.5667448246084014;2.259633285013982;0;53.72881314;86.84581794
-0.003059039461609;0.03038406333651885;-0.0601611094116447;0.021959315190120086;0.9919398964044692;0.011844815792194702;0.000140299661151025;1.0251961524128674;0.035158327062631556;7.202963193159082;1.2682988781365698;1.6085820442824816;4.384630337949197;1.955661079771462;0.6288183699539902;2.4422967261389106;0;53.729044290000004;86.84599021
-0.0112164780258998;0.03417579962613057;-0.0805547058223717;0.026635360710892696;1.0127540878139867;0.011554697339768369;0.00013351103061365024;1.0251961524128674;0.035158327062631556;7.984968599488755;1.5350304440568936;2.3563184641815043;4.507848246577571;2.217730550220669;0.6709839489000949;2.367509283839316;0;53.729257180000005;86.84615958
-0.0173345569491179;0.03572313069930242;-0.0938105434893443;0.026728883730790718;1.0007844465208175;0.011564757298388984;0.00013374361137064128;1.0251961524128674;0.035158327062631556;7.984968599488755;1.5385389171641786;2.367101999628723;4.507848246577571;2.3211531536729098;0.68830098542519;2.3139073497276645;0;53.729452249999994;86.84631369
0.0530233506678902;0.0366966697917642;-0.095849903130417;0.029522621810409846;0.9941229817299942;0.010381342905823494;0.00010777228052829178;1.0251961524128674;0.03325625600839821;7.984968599488755;1.6988836871820414;2.8862057825732483;4.507848246577571;2.3211531536729098;0.6089837059340105;2.102886350706397;1;53.729637419999996;86.84647326
0.0672988681553992;0.03568782258192072;-0.1254206179259712;0.029029552045450668;1.000287713773778;0.00961855175702119;9.251653790249543e-05;1.0251961524128674;0.03325625600839821;7.984968599488755;1.667536150319911;2.7806768126237493;4.507848246577571;2.3211531536729098;0.4802177460672359;1.8814095041027743;1;53.72980586999999;86.84663915
0.058121749770572;0.031204535022125685;-0.1396961354134801;0.028196805209824413;1.005635410807368;0.007562198332928938;5.71868436265532e-05;1.0127540878139867;0.022917529279778304;8.351820436511229;1.6222692889671235;2.6317576459258962;4.874700083600045;2.3211531536729098;0.3284800952086002;1.5557746825076955;1;53.72996353999999;86.84681218
0.0540430304884266;0.028941667746885714;-0.1182828591822167;0.021572113260074275;1.0077124796527732;0.00691730093357445;4.784905220562995e-05;1.0127540878139867;0.022917529279778304;8.351820436511229;1.2523683157004504;1.5684263981703828;3.7896810738015017;2.3211531536729098;0.20482928741393902;1.3180549672012194;1;53.73009867;86.84698315
0.0479249515652085;0.02340480499972678;-0.1386764555929438;0.02557682767970561;1.0084871845904446;0.0057774799502230785;3.3379274575229666e-05;1.0084871845904446;0.01865062605623624;8.351820436511229;1.4718498911555875;2.166342102094715;4.790167753752328;2.3211531536729098;0.11202938966550834;1.0436453196576836;0;53.73021986;86.84718114
0.0428265524625267;0.011850533864668252;-0.1254206179259712;0.029319415219130517;1.0009610493702328;0.009832572639056193;9.667948470231645e-05;1.0084871845904446;0.03288163916006648;8.351820436511229;1.669470756814356;2.787132607858299;4.790167753752328;2.3211531536729098;0.05670159895227186;0.7499742249535781;0;53.73031354;86.84739257999999
0.0295707147955541;0.01224606738759013;-0.1437748546956255;0.0352548143526474;0.9898365585342084;0.010036050352019044;0.00010072230666826157;1.0084871845904446;0.03288163916006648;8.351820436511229;2.019418810274579;4.078052331290796;5.448409248440867;2.3211531536729098;0.05150208403193415;0.6953908543914447;0;53.73040503;86.84762230999999
0.0489446313857448;0.015224126676274376;-0.1244009381054349;0.03579319864940472;0.9985879416833155;0.010417532887718847;0.00010852499146670379;1.0084871845904446;0.03288163916006648;8.351820436511229;2.0476647736337337;4.19293102518049;5.448409248440867;2.3211531536729098;0.09537461195167228;0.9505215567828773;0;53.730500310000004;86.84786095
0.0458855919241358;0.0205909830597295;-0.0622004690527174;0.03392485643169578;1.0012544528617233;0.01015929091267655;0.00010321119184839233;1.0084871845904446;0.03288163916006648;8.351820436511229;1.9461662544159286;3.787563089827325;5.448409248440867;2.3211531536729098;0.15351153425143146;1.1872962731184786;0;53.7306011;86.84809998
0.0703579076170082;0.025451232378192783;-0.0672988681553992;0.0337608735871127;0.9756055454303781;0.009499095324670161;9.023281198717051e-05;1.0084871845904446;0.03288163916006648;8.351820436511229;1.9401794437576216;3.764296273979634;5.448409248440867;2.2554433627947224;0.2374076874107793;1.491300297911054;1;53.730705490000005;86.84833237000001
0.0418068726419904;0.031229561548917345;-0.0509839910268175;0.031438244551006585;1.0065463989894319;0.008914898453701171;7.947541443980354e-05;1.0065463989894319;0.030940853559053738;8.351820436511229;1.8162193402354956;3.298652691845459;5.448409248440867;2.200249605461454;0.3109430257453058;1.6057109163426644;1;53.730803560000005;86.84854052
0.014785357397777;0.03797480319909934;-0.0815743856429081;0.03117031659353969;0.9905255274490145;0.010906653205456111;0.00011895508414408606;1.0159782922685359;0.040372746838157725;8.351820436511229;1.7930080476302799;3.2148778588669478;5.448409248440867;2.112647109752298;0.35968561674221583;1.6564720250211997;1;53.730904980000005;86.84872642
-0.0020393596410727;0.03841730087066708;-0.1142041399000713;0.029953112807679268;0.9946499724604807;0.013886841623680332;0.0001928443702811806;1.0266783384834535;0.05107279305307533;7.59057776943323;1.680591577137358;2.8243880491450324;4.687166581362868;1.9468849471775929;0.3849507506043468;1.6322536217249;0;53.731012320000005;86.84889776
-0.0122361578464362;0.03618231347719903;-0.1147139798103395;0.029339356231779235;0.9973138504029705;0.013942811630875513;0.00019440199617407747;1.0266783384834535;0.05107279305307533;7.59057776943323;1.6395415848169963;2.688096608344228;4.687166581362868;1.8651054583082665;0.3958538483617755;1.669187261572756;0;53.73112843;86.84905227
-0.0285510349750178;0.03503312963357925;-0.1091057407973896;0.026595698454473182;1.0036037729090908;0.014010569425524857;0.00019629605562745194;1.0266783384834535;0.05107279305307533;7.59057776943323;1.479065291342571;2.187634136054285;4.687166581362868;1.8651054583082665;0.3739820638719819;1.6782747687068966;0;53.73125278;86.84916125999999
-0.0479249515652085;0.027714591975031972;-0.1223615784643621;0.025293232798807654;1.0159782922685359;0.01156838041028022;0.00013382742531695512;1.0266783384834535;0.03741757914416732;7.59057776943323;1.412218345895314;1.9943606564832967;4.687166581362868;1.625762299281465;0.2810195699699394;1.4713343405310193;0;53.73138829;86.84923533
-0.0091771183848271;0.027082957521360612;-0.1356174161313347;0.021502716062472088;1.0266783384834535;0.011525135393708034;0.00013282874584330165;1.0266783384834535;0.03741757914416732;7.59057776943323;1.1868185267322438;1.4085382153948938;3.628155911566587;1.3706315968900324;0.1944063248212884;1.284799523870819;0;53.731527619999994;86.84927225999999
0.0071377587437544;0.031183054495566558;-0.1172631793616804;0.021383649953437632;1.0061682555920461;0.010765019088938546;0.0001158856359852113;1.0266783384834535;0.03741757914416732;7.59057776943323;1.1846148188182917;1.403312268963894;3.628155911566587;1.1338568805544311;0.11458199878389246;1.0480248075352177;0;53.73166899;86.84928307
0.0346691138982359;0.03496789884967027;-0.1040073416947078;0.021190989530393802;1.0062958690437094;0.010247090410964168;0.0001050028618904738;1.0266783384834535;0.03741757914416732;7.59057776943323;1.169481410082473;1.3676867685284895;3.628155911566587;0.7641430648836683;0.0500945280588282;0.6783109918644549;0;53.731811070000006;86.84927155
0.0193739165901906;0.034741681806708315;-0.0774956663607627;0.02095353127790929;0.9892607593392861;0.009876964898579546;9.755443560777248e-05;1.0266783384834535;0.03741757914416732;7.59057776943323;1.1511801603856944;1.3252157616656328;3.628155911566587;0.5945386891187898;0.02534210753319368;0.5087066160995763;0;53.73195198;86.84924094
0.037728153359845;0.03316076537033189;-0.0693382277964719;0.02192667287564484;1.0034157188620503;0.010924789504836862;0.00011935102572499366;1.0266783384834535;0.03741757914416732;7.59057776943323;1.198794538356896;1.4371083451943236;3.628155911566587;0.5028006677536835;0.019523284201915896;0.41696859473447;0;53.732094700000005;86.84919421999999
0.0509839910268175;0.028150879372472456;-0.0825940654634444;0.02223354114395794;0.9989147002695735;0.010682554615967843;0.00011411697312313588;1.0266783384834535;0.03741757914416732;7.59057776943323;1.227942166307207;1.5078419637952363;3.628155911566587;0.5663896169184165;0.02557572728030143;0.480557543899203;0;53.732236490000005;86.84914145
-0.0448659121035994;0.027668439851037886;-0.1091057407973896;0.021200187319418043;1.00318772730104;0.009328584977904085;8.702249768997775e-05;1.021208703921588;0.032907478682240865;7.469621440793904;1.2102570590256454;1.4647221489214044;3.507199582927261;0.5663896169184165;0.03377391111196618;0.480557543899203;0;53.73237405;86.84907165
0.0091771183848271;0.02809912308278588;-0.0968695829509534;0.021061318775413174;1.0060421762076666;0.009317560791656406;8.681693910621275e-05;1.021208703921588;0.032907478682240865;7.469621440793904;1.2026038082872998;1.4462559197071168;3.507199582927261;0.5663896169184165;0.03325664552751038;0.480557543899203;0;53.732506550000004;86.84898655
0.0183542367696543;0.026797787948493912;-0.1233812582848985;0.02106241580480556;1.021208703921588;0.009216467054876082;8.494326497361621e-05;1.021208703921588;0.032907478682240865;7.469621440793904;1.2027642224584272;1.446641774826025;3.507199582927261;0.5663896169184165;0.034251795494584174;0.480557543899203;0;53.73262872;86.84888856
-0.0132558376669725;0.026605253184394505;-0.1254206179259712;0.019437616397170933;1.0011438524397849;0.008422529953410798;7.093901081610209e-05;1.021208703921588;0.032907478682240865;7.469621440793904;1.1156643025571;1.2447068360002203;3.507199582927261;0.5663896169184165;0.04858100458405184;0.6555210037668968;0;53.73273689;86.84877913
-0.0020393596410727;0.024774699232275897;-0.1284796573875803;0.015074180461316122;0.9883012252393472;0.009027444518227058;8.149475452966774e-05;1.021208703921588;0.032907478682240865;7.469621440793904;0.8668732165526599;0.7514691735763549;2.7267738698063733;0.5663896169184165;0.08475543980100242;0.899974374660478;0;53.73283149;86.84864589
-0.0040787192821454;0.01949725705567021;-0.1152238197206077;0.012162766279244524;1.0059155642046889;0.009519855628252019;9.062765118276163e-05;1.021208703921588;0.032907478682240865;7.469621440793904;0.7071750813718916;0.5000965957133414;2.0632295091321593;0.5663896169184165;0.15285608930689257;1.1446731053706543;0;53.73290863;86.84849519000001
0.0086672784745589;0.012538791390272957;-0.1019679820536351;0.014016219435447527;1.0024838651093173;0.010812989288173466;0.00011692073734615412;1.021208703921588;0.032907478682240865;7.469621440793904;0.7995428595933115;0.6392687843266498;2.3235022739361613;0.5663896169184165;0.23868404306020802;1.3256369588321097;0;53.73296997999999;86.84833126
0.0142755174875089;0.012656176038823101;-0.0938105434893443;0.013796485270723087;0.9956608247980768;0.011678874876553287;0.00013639611838218757;1.021208703921588;0.032907478682240865;7.469621440793904;0.7938245858095728;0.6301574730357399;2.3235022739361613;0.5663896169184165;0.3350366879478817;1.5478999749914273;0;53.73301848999999;86.84815705
0.0178443968593861;0.013455331110835678;-0.1029876618741715;0.01438877063986056;1.0128512301871666;0.011189087668667755;0.00012519568285713283;1.0149555339613054;0.03341518673259103;7.521368963817731;0.8598817540083581;0.7393966308764904;2.375249796959989;0.5663896169184165;0.37334571379487497;1.56425159638581;0;53.733056669999996;86.84797507
-0.0142755174875089;0.014934915852898122;-0.1091057407973896;0.013565531873120932;1.0149555339613054;0.012020499613002337;0.00014449241094618932;1.0149555339613054;0.03341518673259103;7.521368963817731;0.8153404667527765;0.6647800767246355;2.375249796959989;0.5553291840358409;0.3386213045061214;1.5531911635032343;0;53.733087139999995;86.84778026000001
-0.0081574385642908;0.015206283375616981;-0.0887121443866625;0.012066929272694637;0.9890310816942661;0.011513754452321614;0.00013256654158835576;1.0149555339613054;0.03341518673259103;7.521368963817731;0.7194607687712701;0.5176237978009469;2.375249796959989;0.3861143852787322;0.2759025756940454;1.4753636876449518;0;53.73311209999999;86.84757737999999
-0.0071377587437544;0.018397380831916027;-0.1203222188232894;0.014048739232326505;0.989321717447446;0.013228018153598926;0.00017498046427194273;1.0217217242855856;0.04018137705687119;7.521368963817731;0.8497170751134495;0.7220191077393555;2.884626331477455;0.1549115362924414;0.1995836913936874;1.2787234971518375;0;53.73313125;86.84736101
-0.0249821556031406;0.019214945670463113;-0.1284796573875803;0.01429815908379437;0.9815403472287144;0.013691592443017176;0.00018745970362568504;1.0217217242855856;0.04018137705687119;7.521368963817731;0.8674116651370141;0.7524029968157674;2.884626331477455;-0.0891313868484803;0.1300283572218982;1.0594989793514966;0;53.73314796;86.8471294
-0.0254919955134087;0.018111878931713593;-0.113184460079535;0.01541032771474453;1.012076270064604;0.015235469628778031;0.00023211953480941778;1.0274691019016335;0.045928754672919125;7.521368963817731;0.946039949921255;0.8949915868470106;2.884626331477455;-0.3335847577420616;0.08604927132262559;0.9812178034717984;0;53.73316162;86.8468845
-0.0142755174875089;0.013438577986395927;-0.1029876618741715;0.01766431588305508;1.0056948594714954;0.015422898351640244;0.00023786579356502736;1.0274691019016335;0.045928754672919125;7.521368963817731;1.0622307085725051;1.1283340782344462;3.1767942939468403;-0.5782834884522378;0.056851900854626165;0.7855214109498158;0;53.733176709999995;86.84659751000001
-0.0387478331803813;0.013583085278383849;-0.0825940654634444;0.017424627920709715;1.0217217242855856;0.015807229688671025;0.0002498685104304027;1.0274691019016335;0.045928754672919125;7.521368963817731;1.0516256329388027;1.1059164718539374;3.1767942939468403;-0.7592473419136933;0.051372086878671105;0.7595650742187482;0;53.73319421;86.84630268999999
-0.037728153359845;0.014911304240915257;-0.095849903130417;0.017084159850392237;1.0137104767503426;0.016125731597525943;0.0002600392195554466;1.0274691019016335;0.045928754672919125;7.521368963817731;1.0364355208033158;1.0741985887828402;3.1767942939468403;-0.9201967932069948;0.05464563303776059;0.6834737700364091;0;53.73321271;86.84600119000001
-0.040787192821454;0.013454901804118983;-0.0836137452839808;0.015451131005310008;1.0274691019016335;0.015558812504020908;0.0002420766465352774;1.0274691019016335;0.045928754672919125;7.521368963817731;0.9349581138819901;0.8741466747137685;3.1767942939468403;-0.9201967932069948;0.06265113353535073;0.6883698897918098;0;53.733229089999995;86.84569757
-0.0081574385642908;0.013596155800438136;-0.07545630671969;0.010995429196574981;0.9960638346373661;0.013620970136274717;0.00018553082745328766;1.0274691019016335;0.04151411347270306;6.421044035369262;0.6433112990451725;0.4138494274791873;2.0764693654983715;-0.9201967932069948;0.061945922672922475;0.6883698897918098;0;53.733242989999994;86.84538891
-0.0122361578464362;0.015247537997364023;-0.0948302233098807;0.009531567381846072;0.9886257308351623;0.013579943140028694;0.0001844148556864124;1.0274691019016335;0.04151411347270306;5.984369639845026;0.5766517155736666;0.3325272010740528;1.639794969974135;-1.0892493023662198;0.04944864700607052;0.5674654874969813;0;53.73325544000001;86.84507624
-0.0479249515652085;0.018459678472076777;-0.0978892627714897;0.010900457299768443;0.9859549884289305;0.01433536083407348;0.00020550257024308792;1.0274691019016335;0.04151411347270306;6.512870566434237;0.6696062536767712;0.44837253496304047;2.168295896563346;-1.1238119608593962;0.04360397879486893;0.5615953742058946;0;53.73326625;86.84476193
-0.0316100744366268;0.017687844785769655;-0.0989089425920261;0.010720925680562661;0.9985815642076264;0.012641640226945446;0.00015981106762752532;1.0274691019016335;0.04151411347270306;6.512870566434237;0.6439771363199064;0.41470655210278723;2.168295896563346;-1.1486303661999768;0.03171825583289419;0.5367769688653139;0;53.73327482;86.84445561999999
-0.0214132762312633;0.016844789667610143;-0.0978892627714897;0.011190698911086726;1.0022684993998225;0.012392503975506343;0.00015357415478294052;1.0274691019016335;0.04151411347270306;6.512870566434237;0.6747686088502434;0.4553126754896928;2.168295896563346;-1.31480256121386;0.015340445331087499;0.37060477385143065;0;53.73328029;86.84415901
-0.0061180789232181;0.01727246520584036;-0.1040073416947078;0.01174674300413588;0.9976038970331411;0.008614425839064825;7.420833253674771e-05;1.0114370624210822;0.025482073992151744;6.512870566434237;0.6958614279030203;0.4842231268432303;2.168295896563346;-1.3638048994020535;0.011920768382515188;0.3216024356632372;0;53.73328351;86.84386527000001
0.0081574385642908;0.01799477296964281;-0.1121647802589986;0.01256042469363448;0.9888771888569867;0.008645150487810227;7.473862695688542e-05;1.0114370624210822;0.025482073992151744;6.512870566434237;0.7461436833191544;0.5567303961570745;2.4270205845175425;-1.1767970899296103;0.023539622340120445;0.5086102451356804;0;53.73328191;86.84360255
-0.023452635872336;0.017793339825242237;-0.1070663811563169;0.01462291810290908;1.0042655672590257;0.00950144330764031;9.027742492830283e-05;1.01673481108883;0.030779822659899425;6.512870566434237;0.8728878096638397;0.7619331282597357;2.48723754620249;-1.1767970899296103;0.03311521829327451;0.5086102451356804;0;53.73327930000001;86.84330042
-0.023452635872336;0.016263813225146747;-0.0866727847455898;0.017679678576604047;1.0114370624210822;0.009872322129254223;9.746274422376262e-05;1.0226743019598197;0.033797113102832954;6.512870566434237;1.0512295293316236;1.105083523338787;3.140370755536387;-1.0597900254111374;0.05160571560560682;0.6256173096541533;0;53.733276309999994;86.84299023
-0.0438462322830631;0.017687844785769655;-0.0795350260018354;0.018501249801286205;1.0084824162195392;0.009872243753713903;9.746119673274318e-05;1.0226743019598197;0.033797113102832954;6.512870566434237;1.0922866330873346;1.1930900888212657;3.140370755536387;-1.0060000524870265;0.06768924276514664;0.6794072825782642;0;53.73327618;86.84266754000001
-0.0438462322830631;0.018025242436208334;-0.0713775874375446;0.018069092140342177;1.0017750972911272;0.010327954732767248;0.00010666664896208939;1.0226743019598197;0.033797113102832954;6.512870566434237;1.0690796009802812;1.142931193232157;3.140370755536387;-0.8410041859549939;0.0918094956301349;0.8444031491102968;0;53.73328127999999;86.84233728000001
-0.0367084735393086;0.017403066678956733;-0.0713775874375446;0.017015045050520067;1.01673481108883;0.012242653632119726;0.0001498825679560543;1.0226743019598197;0.038129211375438565;6.512870566434237;0.9989605446510448;0.9979221697695121;3.140370755536387;-0.6362494003405067;0.12016282369879039;1.049157934724784;0;53.7332929;86.84199817999999
-0.020393596410727;0.013223661270709315;-0.0601611094116447;0.012940964926321435;1.0226743019598197;0.011271132285915374;0.00012703842300660392;1.0226743019598197;0.038129211375438565;6.120026958692048;0.743567835692708;0.552893126276738;2.747527147794198;-0.6326485681296203;0.12222719017915422;1.0134732054258813;0;53.73331341000001;86.84165261000001
-0.0469052717446721;0.015272615501402968;-0.0672988681553992;0.007381242406792491;0.9985826054309294;0.011394491992899951;0.00012983444777626112;1.0226743019598197;0.038129211375438565;4.915859679458755;0.41742698717086574;0.1742452896185461;1.5433598685609056;-0.5808072329005164;0.11003144173552509;0.949426948704475;0;53.73334407;86.84129927000001
-0.0142755174875089;0.019188849277629656;-0.0795350260018354;0.005941816629866157;1.0157613093930349;0.012709631880062069;0.0001615347425266901;1.0226743019598197;0.038129211375438565;4.523389315051898;0.34420986208558935;0.11848042915698044;1.1508895041540486;-0.5751980691281874;0.09055183091551305;0.815531567294122;0;53.73338582;86.8409391
-0.0122361578464362;0.022271180921587044;-0.0703579076170082;0.00542233647175258;0.9845450905843811;0.01290679902416846;0.00016658546105027594;1.0226743019598197;0.038129211375438565;4.490908154723262;0.3159058690933283;0.09979651812761106;1.1184083438254122;-0.5475305714344096;0.07216802850776738;0.6850356522360326;0;53.73344125;86.84057725
-0.0178443968593861;0.02304992693613758;-0.0734169470786173;0.006380585312671633;1.017390746633753;0.013257924855581455;0.00017577257147624456;1.0226743019598197;0.038129211375438565;4.643596164708173;0.3608709701362422;0.1302278570870726;1.2710963538103233;-0.5475305714344096;0.0619201103578963;0.6850356522360326;0;53.73350901;86.84023029
-0.0040787192821454;0.021033325193566224;-0.0764759865402263;0.010577181588571275;1.0154342122301607;0.013453660400879659;0.00018100097818219741;1.0226743019598197;0.038129211375438565;5.745293059825651;0.6160670220221988;0.3795385756233004;2.3727932489278016;-0.5475305714344096;0.03716682347900029;0.5122594539767278;0;53.73358852;86.83992324
0.0101967982053635;0.020783577371551457;-0.0764759865402263;0.009120926907746785;0.9910773806159214;0.012400812880882536;0.00015378016010666223;1.0202170502790182;0.0356719596946371;5.745293059825651;0.5240988424226399;0.2746795966287512;1.8809497169284946;-0.5475305714344096;0.022498626654540985;0.45846948105261687;0;53.73367435;86.83962763
0.0219231161415315;0.017679025116916266;-0.0723972672580809;0.010670835509296393;1.0143468423365969;0.012136869422065677;0.00014730359936827284;1.0202170502790182;0.0356719596946371;5.745293059825651;0.6167945449922461;0.38043551073219184;2.473832384819531;-0.5475305714344096;0.007344014211657864;0.2934736145205843;0;53.733761949999995;86.83933891
0.0224329560517997;0.021618387894848334;-0.0825940654634444;0.016796454693325025;1.0202170502790182;0.01776601380242615;0.0003156312464279965;1.0484277304515806;0.06388263986719944;5.745293059825651;0.9837730293308918;0.9678093732388798;3.850306845638377;-0.5475305714344096;0.000796236948678192;0.08871882890609706;0;53.73384811999999;86.83904107999999
-0.0091771183848271;0.02437913973746577;-0.0999286224125624;0.017194115285126994;0.9982248813388243;0.01686452652158069;0.0002844122547970985;1.0484277304515806;0.057847751715486506;5.745293059825651;1.0017429537493983;1.003488945386569;3.850306845638377;-0.5240194384289023;0.0007645115372445857;0.10862912970071803;0;53.73393066;86.83873194
-0.0163148771285816;0.024152101875383046;-0.0734169470786173;0.017274555245659105;1.0061796226289532;0.017090561393670992;0.0002920872887508373;1.0484277304515806;0.057847751715486506;5.745293059825651;1.0049682510029472;1.0099611855239226;3.850306845638377;-0.4481054106289847;0.0017342531936218048;0.1335370420969656;0;53.734005409999995;86.83841244999999
-0.0305903946160905;0.024928396936955324;-0.0576119098603038;0.017414431122067624;1.0095531872539418;0.019648347657048558;0.00038605756565224556;1.0484277304515806;0.057847751715486506;5.745293059825651;1.020146110881075;1.0406980875457825;3.850306845638377;-0.4481054106289847;0.001712736551135128;0.1335370420969656;0;53.73407462;86.83807462
0.0367084735393086;0.026638234064102116;-0.0346691138982359;0.018451619065578104;1.0484277304515806;0.024133143368441058;0.0005824086088417306;1.0484277304515806;0.08286146993633725;5.745293059825651;1.0582648448955805;1.1199244819418668;3.850306845638377;-0.4481054106289847;0.002157900599008125;0.1335370420969656;0;53.734155699999995;86.83768978
-0.0367084735393086;0.024648473389467292;-0.0601611094116447;0.01974959802791386;0.990579978736094;0.029865805688569152;0.0008919663494273695;1.0484277304515806;0.09275923577081235;5.745293059825651;1.1166627520712813;1.246935701863408;3.850306845638377;-0.4033632132970038;0.003972338703549902;0.17827923942894647;0;53.73424456;86.83729991999999
-0.0142755174875089;0.022127287053658795;-0.0764759865402263;0.020872948043551453;1.0216265703279264;0.02943406252843851;0.0008663640369280279;1.0484277304515806;0.09275923577081235;5.745293059825651;1.188921005824392;1.4135331580904837;3.942045527136541;-0.4033632132970038;0.004209798415435096;0.17827923942894647;0;53.73434648999999;86.83689240999999
-0.0214132762312633;0.021852785066186257;-0.061180789232181;0.021764385746591085;1.0420913251774055;0.029790614779795;0.0008874807289581403;1.0484277304515806;0.09275923577081235;4.293010768399797;1.2306818885191764;1.5145779107291266;4.064103508131095;-0.4033632132970038;0.00434691604002859;0.1867051494803788;0;53.73446836000001;86.83646388
-0.0387478331803813;0.022057999801987443;-0.0479249515652085;0.022715006691767688;0.9655662605152433;0.029792124753803897;0.000887570697346215;1.0484277304515806;0.09275923577081235;4.293010768399797;1.2858797144718956;1.6534866400903239;4.064103508131095;-0.4033632132970038;0.0042353097063139635;0.1867051494803788;0;53.7346052;86.83602728000001
-0.023452635872336;0.028037589904339567;-0.0428265524625267;0.026710508087200574;0.9556684946807682;0.03122548495159603;0.00097503091046235;1.0484277304515806;0.09275923577081235;4.293010768399797;1.518091913868539;2.304603058953043;4.651959081357204;-0.2928243744477193;0.00825164949948676;0.2972439883296633;0;53.73475846;86.83558406
-0.0367084735393086;0.025326040597120552;-0.0316100744366268;0.02679794961354782;1.0045336821108353;0.027569157038601712;0.0007600584198190824;1.0420913251774055;0.08642283049663735;4.293010768399797;1.5229498566948834;2.319376266006966;4.651959081357204;-0.1098172464757947;0.020326728776250573;0.4802511163015879;0;53.73492278;86.83514422
-0.020393596410727;0.02652234932006715;-0.0040787192821454;0.031429377985629;1.0209113598909294;0.029752686686220914;0.0008852223650484272;1.0420913251774055;0.08642283049663735;5.070835387434512;1.7533705852603925;3.074308409256371;5.429783700391919;-0.088834277253704;0.030832220088740005;0.5012340855236787;0;53.73508606;86.83470846
-0.0101967982053635;0.027410659272200065;-0.0122361578464362;0.03243604198210432;1.0075695667032407;0.029855417946380438;0.0008913459807530551;1.0420913251774055;0.08642283049663735;5.070835387434512;1.8087714149829976;3.2716540316595957;5.429783700391919;-0.0826725185491317;0.03973564714386002;0.5073958442282509;0;53.735244820000005;86.83427842
0.037728153359845;0.027072451227672975;0.0061180789232181;0.033999692515607194;0.9765818124504179;0.0269421704792122;0.0007258805501309334;1.0382849403426349;0.08261644566186666;5.070835387434512;1.908100543791928;3.640847685219051;5.429783700391919;-0.0358285240955046;0.04527830436942555;0.554239838681878;1;53.73539505;86.83386801
0.0214132762312633;0.02426395214358146;-0.0295707147955541;0.03407758501612933;1.0172761513401833;0.024467024934844882;0.0005986353091623212;1.0382849403426349;0.08261644566186666;5.070835387434512;1.911666117419981;3.654467344491584;5.429783700391919;0.1492110531816671;0.06108077946957518;0.7392794159590497;1;53.73551976;86.83349864
0.023452635872336;0.023283061378525743;-0.0917711838482716;0.0342313196442856;1.0382849403426349;0.017885535774145145;0.00031989238992822573;1.0382849403426349;0.06170312789221699;5.070835387434512;1.9206931514138545;3.689062181888084;5.429783700391919;0.1492110531816671;0.06519859457253241;0.7392794159590497;1;53.73561831000001;86.83312103
0.0152951973080452;0.01915774297271608;-0.0836137452839808;0.03406486965704083;1.0232165645014513;0.01800175980482784;0.0003240633560707152;1.0382849403426349;0.06170312789221699;5.070835387434512;1.9113634398100467;3.653310199042494;5.429783700391919;0.1492110531816671;0.05960894945964845;0.7392794159590497;1;53.735684930000005;86.83273709
0.0081574385642908;0.01915774297271608;-0.0774956663607627;0.032237224069149875;1.0063862736386593;0.017479315389856347;0.000305526466498069;1.0382849403426349;0.06170312789221699;5.070835387434512;1.8057783649560344;3.260835503343289;5.429783700391919;0.1492110531816671;0.037367091737969864;0.7014843472798236;0;53.73571448;86.83235192
-0.0122361578464362;0.022952487167864494;-0.0509839910268175;0.030318975353386107;0.9874234218002246;0.02044077808436185;0.00041782540869412767;1.0394064124426028;0.06282459999218493;5.070835387434512;1.6935097657826141;2.867975326801085;5.429783700391919;0.1492110531816671;0.0354620880071252;0.6812315140592682;0;53.73571731;86.83194003
-0.0122361578464362;0.019774954431892835;-0.0520036708473539;0.02345041907230534;1.0007132771516978;0.01791928670311882;0.000321100835948571;1.0394064124426028;0.05198299064237821;5.070835387434512;1.2941521268803269;1.674829727508874;3.846009877198375;0.1492110531816671;0.08814252425035682;0.999027093104029;0;53.73569354;86.83148874
-0.0010196798205363;0.02154934076225423;-0.037728153359845;0.029614828947754617;1.001017659570712;0.01853557410087666;0.00034356750724908965;1.0394064124426028;0.05198299064237821;5.070835387434512;1.6502681046089842;2.7233848170897295;5.42359201039239;0.1492110531816671;0.19033349306826028;1.3432252808680547;0;53.73564904999999;86.83101417
-0.020393596410727;0.019745722281285405;-0.0214132762312633;0.03157826196101835;1.00176212340018;0.01729579162956601;0.0002991444080933656;1.0394064124426028;0.059438931277637996;4.687240912505624;1.7867615599661324;3.192516872172607;5.283428087955498;0.1492110531816671;0.3212437941614767;1.6167621910027767;0;53.73559597;86.83051565
-0.0367084735393086;0.023952469742529063;-0.0601611094116447;0.03174974342561375;1.0394064124426028;0.01785277720697761;0.0003187216540019792;1.0394064124426028;0.0655640038160985;4.416370290982188;1.8109694877018556;3.279610485387121;5.136300583917369;0.1492110531816671;0.45961794089250385;1.8410685655745915;0;53.735537320000006;86.82999108
-0.0152951973080452;0.024086900807622477;-0.0428265524625267;0.02884270312957634;0.9942087413120575;0.023638967458801115;0.000558800782518258;1.046804515538053;0.0729621069115487;3.3181488587264267;1.643519025479447;2.7011547871129107;4.0380791516616075;0.1492110531816671;0.5001871914860101;1.8410685655745915;0;53.73547312000001;86.82941744
0.0326297542571632;0.02406674801551432;0.0061180789232181;0.02823058672357925;0.993722846873001;0.023106751158292606;0.0005339219490912567;1.046804515538053;0.0729621069115487;3.3181488587264267;1.6007989043347586;2.562557132119364;4.0380791516616075;0.0405910795003242;0.44251910247268333;1.7324485918932486;0;53.735406409999996;86.82879777000001
0.0020393596410727;0.024082104053456097;0.0101967982053635;0.025658002687329144;0.9799674811649648;0.023142899432125354;0.0005355937941254681;1.046804515538053;0.0729621069115487;3.3181488587264267;1.449608521458059;2.1013648654838195;4.0380791516616075;-0.0368256528348417;0.35212258833862653;1.6550318595580829;1;53.735338920000004;86.82815683999999
-0.0540430304884266;0.02765403089013584;0.0122361578464362;0.02771516513369141;0.9738424086265043;0.023469553482149692;0.0005508199406514847;1.046804515538053;0.0729621069115487;3.3181488587264267;1.5607845848439874;2.4360485202866182;4.9842689862218945;-0.1895720252866505;0.2331622960597342;1.502285487106274;0;53.73526833999999;86.82748978
-0.0356887937187723;0.029136011439506105;0.003059039461609;0.02782478525231859;1.046804515538053;0.024076728800876586;0.00057968886975096;1.046804515538053;0.0729621069115487;3.3181488587264267;1.5661502665073472;2.452826657281035;4.9842689862218945;-0.5320204608776011;0.11780668622217513;1.1598370515153233;0;53.73518885;86.82680101000001
-0.0142755174875089;0.029333596887202714;0.0040787192821454;0.02019892813608942;1.0004160773498518;0.02101102656211565;0.0004414632371939295;1.046804515538053;0.0729621069115487;2.468837869657038;1.1571065464275758;1.3388955597855519;4.1349579971525054;-0.8498160399223619;0.04952085576319565;0.8420414724705626;0;53.735102760000004;86.82611588
-0.0203935964107269;0.02934304752476005;-0.0214132762312633;0.0137851761593516;1.0083871729536713;0.021058428987785517;0.0004434574314336054;1.046804515538053;0.0729621069115487;1.2167772584739276;0.7837756460216296;0.6143042632966228;2.882897385969395;-1.1940142276863877;0.018269778911209626;0.4978432847065368;0;53.735014;86.8254588
-0.0642398286937901;0.01997115231544006;0.0295707147955541;0.014149116447103281;1.0170430883116475;0.021556951850835674;0.0004647021730992476;1.046804515538053;0.0729621069115487;1.2167772584739276;0.8046633486906634;0.6474831047260721;2.882897385969395;-1.2111316107439247;0.01749255125778733;0.48072590164899975;0;53.7349241;86.82480826
-0.0520036708473539;0.02039812781760672;0.0101967982053635;0.01430623668405662;0.9884716434056119;0.020047681045870732;0.00040190951531696465;1.046804515538053;0.0729621069115487;1.2167772584739276;0.8124811498162179;0.6601256188066834;2.882897385969395;-1.2111316107439247;0.017344905077896707;0.48072590164899975;0;53.73483451;86.82415291
-0.040787192821454;0.024326719835867962;-0.0091771183848271;0.014254866172838549;1.0123859658403684;0.01624876846904803;0.0002640224767607294;1.046804515538053;0.058332872132441094;1.2167772584739276;0.8082480059166115;0.6532648390681788;2.882897385969395;-1.2111316107439247;0.007433455104540163;0.30899676552233957;0;53.73474688;86.82349184
-0.0397675130009177;0.02750490630653406;0.0152951973080452;0.01913722888075686;0.9930629262592425;0.010935090584091874;0.00011957620608229477;1.019283725454395;0.03081208204878305;1.2167772584739276;1.079994246108394;1.1663875716272385;3.7969612614242525;-1.1228384539241738;0.008480191407153321;0.3170803696538358;0;53.73465882000001;86.82285850000001
-0.0316100744366268;0.029515772944811364;-0.0040787192821454;0.01904494532400714;1.0191586309500773;0.011321235387218137;0.0001281703706928002;1.019283725454395;0.03081208204878305;1.2167772584739276;1.0747928506291289;1.1551796717634888;3.7969612614242525;-0.9122127748596388;0.02149974661901826;0.4801301331452611;0;53.73455394;86.82225697999999
0.0040787192821454;0.03127923135911701;0.0132558376669725;0.01776214735716698;1.0156957960196507;0.01142207853647978;0.00013046387809351206;1.019283725454395;0.03081208204878305;0.5193842769846039;1.0003907487270003;1.0007816501385682;3.0995682799349287;-0.6002810392889233;0.061065764145807284;0.7585398073512046;0;53.73442755;86.82169027
0.0142755174875089;0.030617762664997723;0.0112164780258998;0.022152073108630568;1.0065877175256541;0.013767364661769687;0.00018954032973014475;1.0333261429048373;0.044854499499225375;0.5193842769846039;1.2367547317676313;1.5295622665496253;3.8004461825302616;-0.6002810392889233;0.07628423244869614;0.7585398073512046;0;53.73428457;86.82118633
0.0142755174875088;0.029889163931203982;0.0458855919241357;0.0252412809579911;1.019283725454395;0.012990695546729764;0.0001687581707878245;1.0333261429048373;0.040263216645594735;1.117491811786513;1.4168484515861095;2.0074595347619564;4.39855371733217;-0.6002810392889233;0.06955551131089274;0.7566890306128382;1;53.73413127;86.82075143
0.0112164780258998;0.02912173355166039;0.0091771183848271;0.023612432435768643;0.9963325912288252;0.019027397358488754;0.00036204185023782476;1.0539514407754298;0.060888514516187264;1.117491811786513;1.3248500479007297;1.7552276494225656;4.39855371733217;-0.6002810392889233;0.06720679949839897;0.7566890306128382;1;53.73396288;86.82037056
0.0122361578464362;0.028937076888745198;0.040787192821454;0.023789858405945052;1.0124183166495602;0.01759092840867426;0.00030944076227910314;1.0539514407754298;0.06055352777688139;1.117491811786513;1.3354628240658117;1.783460954461833;4.39855371733217;-0.6002810392889233;0.06033382006726981;0.7466273647866961;1;53.73377307;86.82002202999999
-0.0601611094116447;0.028801016529341365;0.0591414295911083;0.022325581197966966;1.0333261429048373;0.017623492754788996;0.0003105874968781002;1.0539514407754298;0.06055352777688139;1.117491811786513;1.2547593304741438;1.5744209774119213;4.39855371733217;-0.6002810392889233;0.07726198028152104;0.8975611361453237;1;53.73355915999999;86.81970572
-0.0458855919241358;0.029074089952340926;-0.0193739165901906;0.022078939620450697;0.9933979129985484;0.017620767219750005;0.0003104914374126163;1.0539514407754298;0.06055352777688139;1.117491811786513;1.2411504231186088;1.5404543728075017;4.39855371733217;-0.6002810392889233;0.12029232757160196;1.1854607272198268;1;53.733312690000005;86.81943109
-0.0305903946160905;0.027385359455156;0.0193739165901906;0.02157077436687847;1.0539514407754298;0.018087572821548152;0.00032716029057480744;1.0539514407754298;0.06055352777688139;1.117491811786513;1.2139452447502506;1.473663057251746;4.39855371733217;-0.6002810392889233;0.18324706527264464;1.3379630622370675;1;53.73303442;86.81919378
-0.037728153359845;0.026964485529805744;0.0295707147955541;0.02045157908401889;1.0223337798284589;0.019004401442532036;0.0003611672741889137;1.0539514407754298;0.06055352777688139;1.117491811786513;1.1506577892327368;1.3240133479219693;4.39855371733217;-0.6002810392889233;0.22233078715361954;1.3379630622370675;1;53.732733870000004;86.81898027
0.003059039461609;0.028957630280638517;0.0316100744366268;0.02071843976569184;1.0130399703010342;0.02045855189149563;0.0004185523454970194;1.0539514407754298;0.0676232093844441;1.117491811786513;1.165389543397389;1.358132787859975;4.39855371733217;-0.6002810392889233;0.23365548149691648;1.3379630622370675;1;53.73242529;86.81879457
-0.0346691138982359;0.028197010068170644;0.0193739165901906;0.02963997971569732;1.0163773378875036;0.020869589798981493;0.0004355397783777524;1.0539514407754298;0.0676232093844441;2.738020399583258;1.673453184785501;2.800445561668736;6.019082305128916;-0.7468876718162504;0.1750340687758637;1.1913564297097405;0;53.73211581;86.81861309000001
-0.0071377587437544;0.031003781865546986;0.0275313551544814;0.02650208686666096;1.0007101601293313;0.02016570861263523;0.0004066558038497108;1.0539514407754298;0.0676232093844441;2.738020399583258;1.5081636230760307;2.2745575139698198;4.774922618618486;-1.0723896502944978;0.13966371735522484;1.1297221224480494;0;53.73180343;86.81841334999999
-0.0530233506678902;0.03174701429168158;0.0224329560517997;0.02405834603648879;1.0345389249425112;0.019053937112598857;0.000363052519490872;1.0539514407754298;0.0676232093844441;2.738020399583258;1.368754790523214;1.8734896765802478;4.774922618618486;-1.198768353753653;0.16046337792036314;1.3161385895312303;0;53.73148837;86.81818789
0.023452635872336;0.04109884559414583;0.0061180789232181;0.02409673116855264;0.9863282313909857;0.02894515986626529;0.0008378222796836549;1.0345389249425112;0.10439081561806607;2.738020399583258;1.3703961208357824;1.8779855280017606;4.774922618618486;-1.198768353753653;0.1839468295401777;1.4282213202169454;0;53.731177190000004;86.81792535
-0.0601611094116447;0.04137340313411119;-0.0479249515652085;0.026128929253485512;1.0032587211371318;0.033909817660846;0.001149875733791823;1.0345389249425112;0.10439081561806607;2.738020399583258;1.515773669920155;2.2975698184232147;5.71895189093668;-1.497842175434247;0.18110208330045477;1.3238445475330396;0;53.730861059999995;86.81757338
-0.0795350260018354;0.04261508071820948;0.0356887937187723;0.025672406928494537;1.0040973119313483;0.03725343958644267;0.0013878187610207341;1.0345389249425112;0.10439081561806607;2.738020399583258;1.4920765121716202;2.2262923181742273;5.71895189093668;-1.78574176650875;0.23788270026307648;1.3874960944265382;1;53.73056454;86.81719749999999
-0.0571020699500356;0.04571393947146821;0.0122361578464362;0.025618349263860144;1.0203327164384106;0.03587010890747005;0.0012866647130337623;1.0345389249425112;0.10439081561806607;2.738020399583258;1.4899425411336003;2.21992877587965;5.71895189093668;-1.857630077741589;0.35828336984334147;1.6831576824818892;1;53.73029407;86.81680415000001
-0.116243499541144;0.04566235585858447;0.0091771183848271;0.02644623046657401;0.9301481093244451;0.03830017974295858;0.0014669037683429347;1.0345389249425112;0.10439081561806607;2.738020399583258;1.5380607679043792;2.3656309257666086;5.71895189093668;-1.857630077741589;0.49063417381315744;1.9202073132511757;1;53.730049120000004;86.81638512
-0.058121749770572;0.04673266768495291;0.0489446313857448;0.027879589072839318;0.9411777312040994;0.03560754869613507;0.00126789752414763;1.0287437472240124;0.09859563789956727;2.738020399583258;1.6170100684723512;2.614721561540958;5.71895189093668;-1.8652711473563413;0.581965371474633;2.12807373865834;1;53.72982504;86.81594088
0.0122361578464362;0.04275041342908146;0.0081574385642908;0.027829974720274073;0.9402598056139169;0.03693119050220044;0.0013639128319098198;1.0287437472240124;0.09859563789956727;2.738020399583258;1.613777278222002;2.6042771037056127;5.71895189093668;-1.8821888186646576;0.5147499332759684;2.1111560673500236;1;53.72961521999999;86.8154469
0.0091771183848271;0.04241620888260985;0.0112164780258998;0.018462494522303734;0.9830781748662389;0.04069725288469239;0.0016562663923606034;1.0382725478435966;0.10812443851915143;0.7950990293523423;1.0777938597320902;1.1616396040761963;3.7760305207057643;-2.202111772742547;0.3962108563609744;1.791233113272134;1;53.72942179;86.81492579
-0.0764759865402263;0.052859933731670986;-0.0142755174875089;0.01801306083435144;1.0287437472240124;0.04098278928611342;0.0016795890176699733;1.0382725478435966;0.10812443851915143;0.7950990293523423;1.0581327759133852;1.1196449714621663;3.7760305207057643;-2.5149069432848834;0.33994045705760784;1.6364201610973317;1;53.729249419999995;86.81438222
-0.0122361578464361;0.0632020780392718;0.0392576730906495;0.018398558211543858;1.0098107601424784;0.04235714310396088;0.001794127571929421;1.0382725478435966;0.10812443851915143;0.7950990293523423;1.0811206848740007;1.1688219352624283;3.7760305207057643;-2.6269896739705985;0.29149635527480044;1.5770799086320437;1;53.72910905;86.81382457
-0.0081574385642908;0.06802284770634748;0.011726317936168;0.021919558830291622;0.9535076380493598;0.03916141376067601;0.001533616327734864;1.0382725478435966;0.0980127422296797;1.305164447599314;1.2762393472463607;1.6287868714598168;4.2860959389527356;-2.8216867229672866;0.18114571001001303;1.3823828596353556;1;53.72900989;86.81328253000001
-0.046395431834404;0.0681511229446193;0.0214132762312633;0.023780144095976355;1.0382725478435966;0.03398723946322479;0.0011551324463305844;1.0382725478435966;0.0980127422296797;2.5545503506275726;1.3480372342573193;1.8172043849441226;4.7825578556668225;-3.1732378609352883;0.10891008132119973;1.030831721667354;1;53.72896942999999;86.81283759
-0.1468338941572346;0.0641705763268125;0.0020393596410727;0.02540369693453324;1.0090096357022296;0.02695407500564186;0.0007265221594097672;1.0382725478435966;0.08476490979423679;2.5545503506275726;1.4355814675639338;2.060894150013018;4.7825578556668225;-2.892160377405815;0.15181617939614536;1.311909205196827;1;53.728968599999995;86.81242716
-0.1590700520036708;0.05825083047852766;0.003059039461609;0.025071362827620965;1.0330247379398418;0.024990434842904863;0.0006245218336374735;1.0382725478435966;0.08476490979423679;2.5545503506275726;1.4163718095119906;2.0061091027802704;4.7825578556668225;-2.308031100380041;0.34892490207779314;1.8960384822226013;1;53.72900975;86.81205102999999
-0.1549913327215254;0.06037869410736545;-0.023452635872336;0.026461515413006814;1.0296428735242675;0.02457272243072087;0.0006038186876572526;1.0382725478435966;0.08476490979423679;2.5545503506275726;1.4953516116003809;2.2360764423158566;4.7825578556668225;-2.223230646060674;0.5230491981251507;1.9808389365419683;0;53.72909510000001;86.81171398
-0.0499643112062812;0.058908539721926695;-0.0448659121035994;0.02286909699134793;1.0066269685641611;0.026942637978120892;0.0007259057412200823;1.0382725478435966;0.08476490979423679;2.5545503506275726;1.2941168386620896;1.6747383921087609;4.002105850579156;-2.0481623146633567;0.6565384739388228;2.1559072679392854;0;53.72922375;86.81141255
-0.0295707147955541;0.06007773457997017;-0.0285510349750178;0.028466949423734643;1.0347720665923004;0.018961519686148245;0.00035953922880818743;1.0382725478435966;0.05983994630803513;2.5545503506275726;1.6158533506206898;2.6109820507121095;5.3614915372777165;-1.698951387945258;0.8553458749908308;2.505118194657384;0;53.72940206999999;86.81116591
-0.0744366268991536;0.06377008357726878;-0.0112164780258998;0.027626444981198456;1.008218445274911;0.017444796106001595;0.00030432091117996846;1.0347720665923004;0.056339465056738924;2.5545503506275726;1.571855482810006;2.470729658839877;5.3614915372777165;-1.1996032862322583;1.0937708515050997;3.004466296370384;0;53.729623360000005;86.810952
-0.0254919955134087;0.060925430779962715;0.0254919955134087;0.028079587022718996;1.009107524923813;0.01973506598576523;0.00038947282946250777;1.0403258070637578;0.06189320552819633;2.5545503506275726;1.5958555835493238;2.5467550435455526;5.3614915372777165;-0.960684470041157;1.1381219917871235;3.2433851125614854;1;53.729879030000006;86.81076991
-0.0275313551544814;0.05231442229948077;-0.0183542367696543;0.029029353062302088;0.9784326015355614;0.03500538177716895;0.0012253767533653521;1.0403258070637578;0.12228263245314785;2.5545503506275726;1.6585791989312353;2.7508849591273785;5.3614915372777165;-0.3985666902629409;1.1105803645659857;3.3164335429621383;1;53.73015485999999;86.81060286
0.0010196798205363;0.03725825663585791;0.0489446313857448;0.03609612155760845;0.9994662126191388;0.033881958454564695;0.0011479871087168479;1.0403258070637578;0.12228263245314785;4.163833415590438;2.0610720010661403;4.248017793578783;6.970774602240581;0.1953668219185974;1.21758539625753;3.5357270108995538;1;53.730431509999995;86.81042639
-0.0010196798205363;0.07024706764656487;0.0101967982053635;0.043292850830805966;1.000358393732028;0.03523643360504148;0.0012416062532024966;1.0403258070637578;0.12228263245314785;5.048426354197313;2.448898669569501;5.997104693819272;7.855367540847457;0.4874090872858551;1.2767664088879997;3.37956946469167;1;53.73069931;86.81022315
0.0081574385642908;0.07496946966079934;-0.0214132762312633;0.05026756074341058;1.0403258070637578;0.033506333061246105;0.0011226743552111538;1.0403258070637578;0.12228263245314785;5.481824559293838;2.8673460468997645;8.221673352671706;8.288765745943982;0.6725046182909733;1.289916305201474;2.980535718671014;1;53.730943939999996;86.80999674
-0.1070663811563169;0.07033606567337401;0.0183542367696543;0.052651761034983494;0.9180431746106099;0.0334089611087882;0.0011161586823685227;1.0403258070637578;0.12228263245314785;5.481824559293838;3.0063134831151075;9.03792075875969;8.288765745943982;0.6725046182909733;1.2300403865574598;2.8957352643516474;1;53.731158400000005;86.8097504
0.0;0.06917007664141955;-0.0734169470786173;0.05221550607705539;1.0111322175193989;0.03356603189783153;0.0011266784973662436;1.0403258070637578;0.12228263245314785;5.481824559293838;2.9998779775350544;8.999267880099808;8.288765745943982;0.6725046182909733;1.0071949325326064;2.7206669329543303;1;53.731341480000005;86.80948804
0.1611094116447435;0.0702811845488697;-0.0907515040277353;0.0522202627613433;1.031294108740168;0.03344770806627379;0.001118749174886677;1.0403258070637578;0.12228263245314785;5.481824559293838;3.0009116998856715;9.00547103051071;8.288765745943982;0.6725046182909733;0.7477549067489248;2.3714560062362313;1;53.731492349999996;86.80921139
0.078515346181299;0.07687571382155782;-0.0948302233098807;0.04141903226899406;0.9926749332136331;0.03387154460093686;0.001147281533653255;1.0403258070637578;0.12228263245314785;5.481824559293838;2.390762114038226;5.7157434859205285;6.627402896128062;0.6871628821637595;0.4902186715139351;1.8867661683960177;1;53.73160717;86.80891917
0.0285510349750178;0.07747210877262518;-0.0723972672580809;0.047614183087828256;1.0043452845562126;0.03514682832347423;0.0012352995411997706;1.0403258070637578;0.12228263245314785;5.481824559293838;2.756602141378263;7.5988553658512235;8.008396374648724;0.8778831221554675;0.3222486445153614;1.8385675921966245;1;53.7316907;86.80860078
0.0071377587437544;0.07752406013659739;-0.0866727847455898;0.0662818899955643;0.9817324591960109;0.03209067977461809;0.0010298117283970825;1.031294108740168;0.113250934129558;5.481824559293838;3.8054994643956324;14.481826173515445;11.07072128163409;0.8778831221554675;0.13800234956148763;1.2764498124184085;0;53.731748370000005;86.80825909
-0.0418068726419904;0.06780755804107998;-0.0622004690527174;0.0715198770789141;1.0148033952833253;0.018053358693596214;0.000325923760119646;1.031294108740168;0.0597895108407972;5.481824559293838;4.086963156599695;16.70326784340334;11.07072128163409;0.8778831221554675;0.04409231344473195;0.6825163002368702;0;53.73178170999999;86.80790075
-0.0846334251045171;0.06766702303053096;-0.0387478331803813;0.07897740384929171;1.0163038076034054;0.018412681939234725;0.0003390268561954206;1.031294108740168;0.0597895108407972;5.481824559293838;4.503788477297522;20.28411064823793;11.07072128163409;0.8778831221554675;0.06563449054403367;0.8906157457765819;0;53.73179395;86.80752387
-0.0254919955134087;0.04451187598596418;0.0428265524625267;0.07659645934697282;0.9715045978993707;0.016584852265989068;0.0002750573246846827;1.017876451606862;0.046371853707491195;5.481824559293838;4.388421882338417;19.258246617386654;11.07072128163409;0.8778831221554675;0.12701437417569295;1.1107663565672108;0;53.731788560000005;86.80714472
-0.0091771183848271;0.03525415896124421;0.0978892627714897;0.07111589569009431;1.005126076040882;0.019714757643289376;0.0003886716689336369;1.0369266432094915;0.06542204531012075;5.064983381030407;4.059727968850411;16.481391181066286;10.653880103370659;0.8778831221554675;0.2017155898404039;1.3169433109981699;1;53.73177805;86.80675277
0.0275313551544814;0.03271267490890832;0.0622004690527174;0.06532588229423911;1.017876451606862;0.01973858767224651;0.00038961184329496185;1.0369266432094915;0.06542204531012075;5.064983381030407;3.732779507178441;13.933642849211324;10.653880103370659;0.8778831221554675;0.43824339166834636;2.0750245740400386;1;53.73176896;86.80635456
0.0081574385642908;0.040073402532602886;0.0887121443866625;0.05372574718973031;1.0174693078552584;0.01811941267563199;0.00032831311570985316;1.0369266432094915;0.06542204531012075;3.5140398771092216;3.039045491817781;9.235797501337979;9.102936599449473;0.8778831221554675;0.7569200300021753;2.5012906205431467;1;53.731757400000006;86.80594108
0.0183542367696543;0.038596224443340384;0.0504741511165493;0.039596654622781155;0.9885101675147718;0.018200817954545683;0.0003312697742145125;1.0369266432094915;0.06542204531012075;2.185001668474292;2.23357395069044;4.988852593202901;7.773898390814544;0.8778831221554675;0.8926863037073116;2.5012906205431467;1;53.73174134999999;86.80552311
-0.0173345569491179;0.029734154192041135;0.061180789232181;0.01891293049207649;1.0369266432094915;0.018214754577062935;0.00033177728430263515;1.0369266432094915;0.06542204531012075;-2.526571815354885;1.052764800457533;1.1083137250823891;3.0623249069853666;0.8778831221554675;0.8894937105302626;2.5012906205431467;1;53.731713709999994;86.80507307
-0.0142755174875089;0.02837732280369413;0.061180789232181;0.016219801743082234;1.00227679851434;0.012776218076630633;0.00016323174834162335;1.0369266432094915;0.04841647569471963;-2.92684290008405;0.9176379884323563;0.8420594778141813;2.6620538222562016;0.8232535824051944;0.7379685442975045;2.4466610807928735;1;53.7316775;86.80462725999999
0.061180789232181;0.039260395085269455;0.0887121443866625;0.01762937322261714;1.0162325740637748;0.012851538643966095;0.0001651620455173539;1.0369266432094915;0.04841647569471963;-2.153532186752169;0.9857936429066901;0.971789106395243;2.9097878035856;0.4245498415017754;0.4832287455082009;2.0479573398894546;1;53.731630470000006;86.80418855
-0.020393596410727;0.038968582224984824;0.0897318242071989;0.01964696317388308;1.016714869542744;0.013713325363644802;0.00018805529252918383;1.0369266432094915;0.04841647569471963;-2.153532186752169;1.0950313922208257;1.19909374994908;2.9097878035856;-0.0127326236211144;0.30331531869898387;1.6106748747665647;1;53.731572830000005;86.80375715
0.0438462322830631;0.06380992686640931;0.0652595085143265;0.023625944523452524;1.0166064625010016;0.01447476106727707;0.00020951870795476004;1.0369266432094915;0.04841647569471963;-0.8541390962789728;1.3300969992926126;1.7691580275272123;4.209180894058797;-0.2328832344117432;0.23530527635849344;1.5446704630956;1;53.73150618;86.80333722
-0.0122361578464362;0.0658590033323005;0.078515346181299;0.03525481435264732;1.0065066282963513;0.020486950265801253;0.00041971513119341396;1.0369266432094915;0.07569031741460952;1.3980645245632268;2.008946903353513;4.035867660493668;6.461384514900995;-0.4390601888427023;0.1513704263827329;1.3384935086646408;1;53.731442730000005;86.80291025
-0.0774956663607627;0.0659126588683202;0.037728153359845;0.04441561122713599;1.0040123970002504;0.018053490967611045;0.00032592853611761353;1.0260421475548724;0.0648058217599905;2.0535418434212342;2.532992013240176;6.416048539138521;7.116861833759003;-1.02128402416576;0.06458454250835176;0.7562696733415832;1;53.7313902;86.80248908
-0.0254919955134087;0.06880308006751396;0.040787192821454;0.04467767469077079;0.9953506258386335;0.01810459553884966;0.00032777637962533497;1.0260421475548724;0.0648058217599905;2.0535418434212342;2.5449533166630918;6.476787383994471;7.116861833759003;-1.02128402416576;0.058112696120165896;0.7562696733415832;1;53.73136211999999;86.80201300000002
-0.1651881309268889;0.06142587123952562;0.0152951973080452;0.043966479199462165;1.0260421475548724;0.018958357287903755;0.0003594193110558134;1.0260421475548724;0.0648058217599905;2.0535418434212342;2.509418513504516;6.297181275919214;7.116861833759003;-1.02128402416576;0.05522297774803028;0.7562696733415832;1;53.73133616;86.80153136
-0.092790863668808;0.061228355799551326;-0.023452635872336;0.03795331148868761;0.9612363257948819;0.02021383178471217;0.0004085989954206399;1.0276121563161944;0.06637583052131246;2.0535418434212342;2.173360428519065;4.723495552252572;6.52760377595057;-1.02128402416576;0.05525800608811472;0.7562696733415832;0;53.731313639999996;86.80102500000001
-0.0152951973080452;0.05621263431124281;-0.0356887937187723;0.03991409417984009;0.9959646634065773;0.021137914863850006;0.000446811444791371;1.0276121563161944;0.06637583052131246;2.734435550571891;2.276473314268715;5.182330750577587;7.208497483101226;-1.02128402416576;0.052580505231648325;0.7562696733415832;0;53.731306270000005;86.80051843
0.0316100744366268;0.05697051323678995;0.0132558376669725;0.031425885801875456;1.0090457012571308;0.02128063494137021;0.00045286542350786674;1.0276121563161944;0.06637583052131246;2.734435550571891;1.7910599467905972;3.207895732997537;5.08294316214166;-1.02128402416576;0.04891187008177727;0.7562696733415832;1;53.73130797;86.79998508999999
-0.0305903946160905;0.056712290172636376;-0.020393596410727;0.02859732813499642;0.9816207184220721;0.022108049413732317;0.0004887658488800298;1.0276121563161944;0.06637583052131246;2.734435550571891;1.6278294039803176;2.649828568462916;5.08294316214166;-1.251469741753671;0.02339247442334182;0.5260839557536721;0;53.73132105;86.79942216999999
-0.0295707147955541;0.05703286073877047;0.0275313551544814;0.024032221144329086;1.0276121563161944;0.022111253226259363;0.0004889075192357651;1.0276121563161944;0.06637583052131246;2.734435550571891;1.3603066148495637;1.8504340864034792;4.2696638137300305;-1.4379176978357204;0.01408517867796454;0.3396359996716227;0;53.73134171;86.79883611
0.0010196798205363;0.03323766948325861;-0.0489446313857448;0.02546484624326318;1.0259468875799418;0.021261724156634253;0.00045206091411280455;1.0276121563161944;0.06637583052131246;2.734435550571891;1.447841568388035;2.0962452071523248;4.2696638137300305;-1.3381320951697226;0.011776985993976065;0.38446795597780303;0;53.73137167;86.79822607
-0.0010196798205363;0.03190672861522415;-0.0010196798205363;0.02480761066896011;1.0115234098745836;0.01565489549893961;0.0002450757530827197;1.0276121563161944;0.0459914378941223;2.734435550571891;1.4056158911774854;1.9757560335306767;4.2696638137300305;-1.2630866053730692;0.011410930131526205;0.3829755736205853;0;53.731396489999995;86.79760321
0.0010196798205363;0.03306691675701288;-0.0071377587437544;0.024149231707738084;1.0227642754304376;0.019770438348132705;0.00039087023247731624;1.047670278478852;0.06604956005677998;2.734435550571891;1.3569869695434253;1.841413635510649;4.2696638137300305;-1.2630866053730692;0.008942160932064715;0.2895085828670392;1;53.73140703;86.79698143
-0.0127459977567044;0.03964472946765282;-0.0005098399102682;0.02464923501548114;0.995289253479777;0.02132393312031102;0.00045471012371949736;1.047670278478852;0.06604956005677998;2.734435550571891;1.3872574335056906;1.9244831868167955;4.2696638137300305;-1.1779180162130805;0.015185121781402982;0.3746771720270279;1;53.7313843;86.79642878
0.0086672784745589;0.04287791029410924;0.0265116753339451;0.03370436440479925;0.9915211849544378;0.02037787990118863;0.0004152579892672675;1.047670278478852;0.06109962027457638;4.376383193863196;1.9228977612487206;3.6975358002153413;5.911611457021335;-1.1779180162130805;0.014972093398261388;0.3746771720270279;1;53.731349269999995;86.79592015
-0.0876924645661262;0.047420410770079253;-0.003059039461609;0.03570372162269494;1.0041470149005347;0.020474672477265393;0.00041921221305128904;1.047670278478852;0.06109962027457638;4.376383193863196;2.0259933946364437;4.104649235110501;5.908562420996992;-1.1779180162130805;0.024635801113269913;0.537338718835902;1;53.73129612;86.79545484
0.0142755174875089;0.05155521071408446;0.0275313551544814;0.039173676676765704;1.047670278478852;0.019724060800108186;0.0003890385744463644;1.047670278478852;0.06109962027457638;4.376383193863196;2.228230115503221;4.965009447635499;5.908562420996992;-1.1779180162130805;0.029935438154480323;0.537338718835902;1;53.73122411000001;86.79503467
0.0683185479759355;0.050986370224218765;-0.020393596410727;0.03990385391885967;0.9865706582042757;0.01970621468816669;0.00038833489733611654;1.047670278478852;0.06109962027457638;4.376383193863196;2.2681783312296333;5.144632942259644;5.908562420996992;-1.1779180162130805;0.030532618882118372;0.537338718835902;0;53.73113636000001;86.79464996
-0.0622004690527174;0.050314538011207666;-0.07545630671969;0.04800831562740065;0.9888381533050128;0.019552647324608704;0.0003823060174005279;1.047670278478852;0.06109962027457638;6.3661886675592445;2.714653149285236;7.36934172092425;7.89836789469304;-1.1779180162130805;0.032123336822961424;0.537338718835902;0;53.73103184;86.79429968000001
-0.07545630671969;0.05062267880712719;-0.0652595085143265;0.04686350538867523;1.0286077996625382;0.019027043225626514;0.0003620283739098598;1.047670278478852;0.06109962027457638;6.3661886675592445;2.649109960122789;7.017783580821765;7.89836789469304;-1.1779180162130805;0.03223517816625434;0.537338718835902;0;53.73091332;86.79397123999999
-0.0825940654634444;0.04842208853472576;-0.07545630671969;0.04066081164443249;1.0075556354759139;0.023000048483993576;0.0005290022302660552;1.047670278478852;0.08167230721369934;6.3661886675592445;2.295044105382679;5.267227445651781;7.872017454623228;-0.9715493592892608;0.04972682742933446;0.7437073757597217;0;53.730780870000004;86.79367239000001
-0.0285510349750178;0.04753939356974061;-0.0530233506678902;0.03800441520209558;1.010259843060956;0.023743743380396618;0.0005637653497141282;1.047670278478852;0.08167230721369934;6.3661886675592445;2.1452133908985265;4.601940492490353;7.872017454623228;-0.7292103102342946;0.08868659344962136;0.9860464248146878;0;53.730643459999996;86.79339418
-0.0428265524625267;0.04810288443031142;-0.113184460079535;0.025657102153751457;1.0207606181966318;0.018738831519729403;0.0003511438067248042;1.0286077996625382;0.06260982839738549;6.3661886675592445;1.4595023568702619;2.130147129709849;5.1817319601500875;-0.4758779596215486;0.15571339230569245;1.239378775427434;0;53.7305027;86.79313565999999
-0.058121749770572;0.03723111544648265;-0.0591414295911083;0.019614227469239777;1.0088179514062994;0.018329465643046678;0.0003359693107596286;1.0286077996625382;0.06260982839738549;6.3661886675592445;1.1106402520817995;1.2335217695443232;3.357645128198356;-0.2130719408582731;0.2563570742584687;1.5021847941907094;0;53.73036201;86.79287977
-0.0509839910268175;0.0420094886114825;-0.0632201488732537;0.019632772144314376;0.9659979712651527;0.01777132920062074;0.0003158201415568354;1.0286077996625382;0.06260982839738549;6.3661886675592445;1.1128377774651528;1.2384079189535808;3.357645128198356;0.1485838357961;0.3867183661832805;1.8638405708450825;0;53.73022708999999;86.79260661
0.0081574385642908;0.04117621486940012;-0.0805547058223717;0.019150203581560273;0.9883327863760156;0.017028277148321405;0.0002899622226400449;1.0234456818700606;0.05744771060490783;6.3661886675592445;1.0751681348682116;1.1559865182359887;3.357645128198356;0.2605409622914462;0.44153386349972745;1.9202089603391514;0;53.73010094999999;86.79231918999999
0.0193739165901906;0.035289368993626356;-0.1009483022330988;0.01967979118457885;0.9913737092477223;0.017461805178674968;0.00030491464009799993;1.0234456818700606;0.05744771060490783;6.3661886675592445;1.1092948667299956;1.2305351013535184;3.357645128198356;0.5608463416008511;0.4874131938819413;1.900180381722557;1;53.729979830000005;86.79202654999999
0.0112164780258998;0.03526529895859169;-0.095849903130417;0.018863311138998026;1.009010150933519;0.018080861591075904;0.00032691755587564383;1.0234456818700606;0.05744771060490783;6.3661886675592445;1.0519922268365398;1.1066876453245018;3.0053262899495743;0.9178147611781688;0.59161578898442;2.2222596673614246;1;53.729859669999996;86.79173231
0.0346691138982359;0.0324480159868242;-0.0744366268991536;0.0199498097724223;1.0067194090422067;0.01680592687228608;0.0002824391780366273;1.0234456818700606;0.05744771060490783;5.844369070213224;1.140055643060288;1.2997268692736066;3.9472593323649114;0.954722280305222;0.6005659367270958;2.2048270292049548;1;53.72973598;86.79144222
0.0265116753339451;0.023569644111983083;-0.0836137452839808;0.02418556199723676;1.0234456818700606;0.017286763999725254;0.00029883220958219704;1.0234456818700606;0.05744771060490783;5.844369070213224;1.3870424887286423;1.9238868655385457;4.290123255144059;0.9770390923350044;0.5173403396848246;1.948588451624265;0;53.72960349;86.79115869
0.0214132762312633;0.012613773223900305;-0.0652595085143264;0.03024711176750578;1.0158861825580345;0.01258475788505658;0.0001583761310254938;1.0234456818700606;0.036428797878324426;5.844369070213224;1.7357873655446454;3.01295777838442;5.209105317917207;0.9770390923350044;0.3831714468831984;1.706249402569299;0;53.729450299999996;86.79087494000001
0.0214132762312633;0.012551338645564174;-0.0591414295911083;0.04239550399423305;0.9870168839917361;0.016211033721436736;0.00026279761431755906;1.044019688946031;0.05700280495429477;5.844369070213224;2.404869740059854;5.783398466655551;7.747359198901271;0.9770390923350044;0.2565850149798257;1.452917051956553;0;53.729273160000005;86.79060564
0.0198837565004588;0.012767619289726136;-0.0331395941674314;0.04420445638180225;1.0010521954142537;0.016304829182390086;0.00026584745466691934;1.044019688946031;0.05700280495429477;5.45097406827643;2.4996461332711584;6.248230791577454;7.353964196964477;0.9770390923350044;0.15039056129704875;1.1901110331932776;0;53.72906102;86.79033974000001
0.0132558376669725;0.01583342752842487;-0.0275313551544814;0.04203179232521195;1.0150414540634591;0.016309374802174457;0.0002659957064378031;1.044019688946031;0.05700280495429477;4.686189239999629;2.376072363089926;5.645719874639744;6.589179368687676;0.9770390923350044;0.08260821500645403;0.8284552565389044;0;53.728825289999996;86.79009377
-0.0122361578464362;0.015006297648808902;-0.0112164780258998;0.04353052976429525;1.0116585699575624;0.01632460278963584;0.0002664926562393863;1.044019688946031;0.05700280495429477;4.686189239999629;2.462095567068643;6.061914581379063;6.893246196855627;0.9770390923350044;0.07194880264788964;0.7164981300435582;0;53.72855917;86.78987117
0.0254919955134087;0.01430391484118067;0.0346691138982359;0.04800446522544025;1.044019688946031;0.01623954956113145;0.0002637229699484447;1.044019688946031;0.05700280495429477;3.6831595087265128;2.7181584020483816;7.38838509862621;8.603241536277245;0.9770390923350044;0.09662613383610513;0.9493028418506108;1;53.728257510000006;86.78967447000001
0.0254919955134087;0.014687263845236375;0.0214132762312633;0.042969588057847445;0.9906686688823129;0.01616062639567627;0.00026116584550062855;1.044019688946031;0.05700280495429477;3.435184665847117;2.439967624025024;5.953442006290321;8.35526669339785;0.9770390923350044;0.14555687326833122;1.063725104665199;1;53.72792451;86.78950019000001
-0.0112164780258998;0.015430649261246135;0.0122361578464362;0.035905384935734044;1.0085999435482345;0.014153881186227629;0.00020033235263384845;1.044019688946031;0.05335102006371806;1.8971097378483124;2.0249283479000244;4.100334814129122;6.817191765399045;0.9770390923350044;0.18972082708265517;1.256986990253658;1;53.72757369;86.78935417
0.0020393596410727;0.024092655652002054;0.0387478331803813;0.03338592920040153;1.0061527548802167;0.025941259179202043;0.0006729489278025343;1.082475979965595;0.0918073110832821;1.5542458150691647;1.8715974526531562;3.502877024777783;6.474327842619897;0.9770390923350044;0.22864282383740017;1.468652819945234;1;53.727211069999996;86.78923475
0.0081574385642908;0.02547975641747383;0.0876924645661262;0.031466114302708396;1.0224602654522943;0.025889278051286012;0.0006702547180167997;1.082475979965595;0.0918073110832821;0.8096063397761647;1.7616292246574543;3.1033375251672237;5.729688367326897;0.7048523882302218;0.23279278813962329;1.3023985715058521;1;53.72684279;86.78915831
-0.0050983991026817;0.027161917602493296;0.0326297542571632;0.03421646684186304;1.0059465726992773;0.02872147354460499;0.0008249230425734443;1.082475979965595;0.0918073110832821;1.6511080121120518;1.9057232988229058;3.6317812916764587;6.571190039662784;0.6888752656458892;0.2668122819940337;1.501487181979843;1;53.7264816;86.78913248
-0.0132558376669725;0.025303222283993898;0.0336494340776996;0.03964691495841065;1.010130671755149;0.027954592619231673;0.000781459248507202;1.082475979965595;0.0918073110832821;2.6284944005332034;2.2189784705740405;4.923865452871108;7.548576428083935;0.5998170736022179;0.25883744568584904;1.4542557798173024;1;53.72612961;86.78915425
-0.0571020699500356;0.02342947228276848;-0.0152951973080452;0.041833668646064776;1.082475979965595;0.030188654562518593;0.0009113548642950746;1.082475979965595;0.10672763512791972;2.6284944005332034;2.353143641453421;5.537284997312666;7.548576428083935;0.4009342047472438;0.23530328148649612;1.3933500874915379;1;53.725800570000004;86.78922457000002
-0.0356887937187723;0.02709783002344531;-0.0142755174875089;0.043435780493610944;1.020404045859131;0.02993966160790257;0.0008963833371957152;1.082475979965595;0.10672763512791972;2.6284944005332034;2.442542542267993;5.966014070788992;7.548576428083935;0.262352184387497;0.25711816267004983;1.6362378029917426;1;53.72548434;86.78932818000001
0.023452635872336;0.026913023267370155;-0.0305903946160905;0.04150888764844096;1.061676825377079;0.02973477061238901;0.0008841565833713932;1.082475979965595;0.10672763512791972;2.6284944005332034;2.33264000036582;5.441209371306653;7.548576428083935;0.0277362504843937;0.25988987318706636;1.5195358923744544;1;53.72518662;86.7894759
0.0020393596410727;0.026406010699145232;-0.0469052717446721;0.0271923116008763;1.022797314548496;0.031378347566107384;0.0009846006959794372;1.082475979965595;0.10672763512791972;2.6284944005332034;1.537658993706645;2.364395180926932;4.537482377690697;-0.0866860123301946;0.25874648902926806;1.4852237473157275;1;53.72491792000001;86.78966544
-0.0275313551544814;0.026739254985760918;-0.0326297542571632;0.024034324197647883;0.9757483448376753;0.03177401646345597;0.001009588122219971;1.082475979965595;0.10672763512791972;2.6284944005332034;1.3583791583914868;1.8451939379523639;4.537482377690697;-0.2799478979186535;0.21787520913692182;1.2919618617272688;1;53.724675379999994;86.7898965
0.0316100744366268;0.03399680418086804;-0.0316100744366268;0.025707258756654295;1.0308463723769155;0.033978994010172923;0.0011545720339433676;1.082475979965595;0.10672763512791972;2.6284944005332034;1.4692910458354804;2.15881617737232;5.009071409803482;-0.4916137276102297;0.20972042738163005;1.329554841644356;1;53.72444614;86.79017157999999
-0.0101967982053635;0.031366827504429866;-0.0061180789232181;0.027095485081437765;1.009553058515429;0.02530522669232949;0.0006403544979501849;1.061676825377079;0.08592848053940372;2.6284944005332034;1.5462127328608144;2.3907738152609084;5.009071409803482;-0.5975461832756302;0.20229241881889623;1.3077818760745297;0;53.72423026;86.79048306
-0.0183542367696543;0.03234616262589642;-0.0254919955134087;0.02789279430755664;0.9926456050385011;0.027253023608150684;0.0007427272957864186;1.061676825377079;0.08671040354617765;2.6284944005332034;1.5913644269888283;2.5324407394854815;5.009071409803482;-0.8126119163339538;0.1528030891963518;1.0927161430162062;0;53.72403218000001;86.79081234
-0.0265116753339451;0.02973162861074865;0.0132558376669725;0.028751837000574543;0.9997257343334287;0.019691568534032342;0.00038775787133049264;1.0308463723769155;0.055879950546014134;2.6284944005332034;1.6436814675427336;2.7016887667434344;5.009071409803482;-0.8544387062150844;0.1123541255552152;1.0508893531350756;0;53.72385365;86.79115605
-0.0795350260018354;0.028996900558275408;0.040787192821454;0.024988282179625163;0.9819495494591232;0.021356431552721523;0.0004560971686660794;1.0308463723769155;0.06761088838087204;1.91637099686139;1.439772702342249;2.0729454344099025;4.296948006131669;-0.992415882744294;0.08860124803313668;0.912912176605866;0;53.72368758;86.79150453999999
-0.0163148771285816;0.02946700221160824;0.0122361578464362;0.023798355174375695;1.005611113385136;0.020672561443061677;0.00042735479661716027;1.0308463723769155;0.06761088838087204;1.7572044245962983;1.3651269161510906;1.8635714972001867;4.137781433866577;-0.9239457286663848;0.09638500482588201;0.9813823306837752;0;53.72351456;86.7918896
-0.0469052717446721;0.02317862797462971;0.0091771183848271;0.019150203581560138;0.9749664218309013;0.026231841715686117;0.0006881095197968103;1.017732922650459;0.08964837985364904;1.4715668297588165;1.1109744173774014;1.2342641560670566;3.8521438390290954;-0.6714741489657093;0.16015170061356898;1.2338539103844508;1;53.723347049999994;86.79228273
-0.040787192821454;0.023241344328765335;0.0244723156928724;0.0215453195875967;1.017732922650459;0.024863487803409294;0.0006181930257502827;1.017732922650459;0.08964837985364904;1.4715668297588165;1.2512619661017945;1.5656565078129283;4.620419451046333;-0.1145544425774919;0.32053693198736405;1.7907736167726682;1;53.723184790000005;86.79266575
-0.0071377587437544;0.022927306706571438;0.0152951973080452;0.02339814037470298;0.9632354839960434;0.03004629850086621;0.000902780053603155;1.036497891829537;0.10841334903272715;-0.539319000670051;1.3029357799545007;1.6976416466856432;4.0311812957108;0.3136538920606377;0.5446885881715241;2.2189819514107976;1;53.723024620000004;86.79303806
-0.040787192821454;0.04110390502064255;0.0356887937187723;0.027993053691881088;0.98395523170649;0.031573897967853704;0.0009969110328844361;1.036497891829537;0.10841334903272715;-0.539319000670051;1.5540580840688514;2.4150965286597494;4.2214478055535505;0.9412952301804204;0.9062526723293932;2.8466232895305805;1;53.72287064;86.79339096
-0.0050983991026817;0.03617844184768951;0.0173345569491179;0.028009556842184556;0.92808454279681;0.034621438009247524;0.001198643969828169;1.036497891829537;0.10841334903272715;-0.539319000670051;1.555372962146022;2.4191850513748903;4.2214478055535505;1.4869834288209545;1.2682967172245365;3.3923114881711145;1;53.72272416;86.79371040000001
-0.0530233506678902;0.03844266551233303;0.0540430304884266;0.027356869193741532;0.9838494237832109;0.034773415537755176;0.0012091904281613932;1.036497891829537;0.10841334903272715;-0.539319000670051;1.51669532952804;2.30036472261217;4.2214478055535505;1.5928634313216;1.3950268139028899;3.2820866758979905;1;53.72257941;86.79400085
-0.023452635872336;0.036841044302528714;0.0825940654634444;0.02491767764958287;1.036497891829537;0.03427613230429081;0.0011748532457412479;1.036497891829537;0.10841334903272715;-0.9098367935612356;1.3764858925525096;1.8947134123960794;3.8509300126623653;1.8222697200392128;1.4225680473870963;3.1337525010377174;1;53.72242618;86.79426746
0.0734169470786173;0.0531501144166659;0.0846334251045171;0.02756197048884415;1.0197353915723013;0.03470538723286094;0.0012044639029828272;1.036497891829537;0.10841334903272715;-0.9098367935612356;1.517057653122664;2.3014639228980456;4.232390753797905;2.022444556398513;1.4092181846203782;3.090016912223502;1;53.72226522;86.79450842
-0.0152951973080452;0.06062890033030319;0.0326297542571632;0.02726444100050525;1.0361117384542915;0.03448343747207853;0.0011891074598907496;1.036497891829537;0.10841334903272715;-1.0290771316925589;1.4995023053698564;2.248507163809514;4.113150415666581;2.022444556398513;1.1355293196203797;2.946390285064898;1;53.722100069999996;86.79471703
0.023452635872336;0.057590098419682996;0.0591414295911083;0.026827033453120697;1.0094505774516713;0.03603921405647884;0.001298824949808702;1.036497891829537;0.10841334903272715;-1.0290771316925589;1.4735362541481634;2.1713090922890004;4.113150415666581;2.022444556398513;0.7962169843230541;2.6939187053642226;1;53.72194347;86.79485483
0.003059039461609;0.056978928176945325;0.0489446313857448;0.031598011405820844;1.0106734918055484;0.026848201241875553;0.0007208259099242481;1.036497891829537;0.07248135086341956;-1.0290771316925589;1.7521442171683252;3.070009357756403;5.918207946115254;2.022444556398513;0.4513651092479928;2.136998998976005;1;53.72178343;86.79494823
0.1213418986438258;0.049234570192666055;0.0917711838482716;0.032455091481072465;1.0239078246847249;0.025759780300910945;0.0006635662811511996;1.036497891829537;0.07248135086341956;-1.0290771316925589;1.8032882746893109;3.251848601631951;5.918207946115254;2.022444556398513;0.2276482376001745;1.7087906643378754;1;53.721620810000005;86.79500577
0.1029876618741715;0.04401795052864209;0.0173345569491179;0.03203825414042937;0.9651855274305294;0.025797777494395952;0.0006655253236503623;1.0361117384542915;0.07209519748817395;-1.0290771316925589;1.7866197598327598;3.1920101662248683;5.918207946115254;2.022444556398513;0.11332510845933827;1.081149326218093;1;53.721455230000004;86.79502706999999
0.0530233506678902;0.04335791360296865;0.0438462322830631;0.03154403692300196;0.9640165409661176;0.0320523053040746;0.0010273502753056088;1.0653917112136395;0.10137517024752196;-1.0290771316925589;1.7553231553600492;3.0811593797431596;5.918207946115254;2.022444556398513;0.11157606748174254;1.0652159951328284;1;53.721278270000006;86.79501651000001
0.0061180789232181;0.04411927288216979;0.1233812582848985;0.03057759873469288;1.020049897154487;0.031044786319950984;0.0009637787576514158;1.0653917112136395;0.10137517024752196;-1.0290771316925589;1.6903666906590846;2.8573395488897457;5.918207946115254;2.022444556398513;0.16805806625569503;1.3362406134999743;1;53.72107688;86.7949892
0.0489446313857448;0.045974915796204927;0.0907515040277353;0.03390940094453088;1.0187928231424832;0.03145856041036453;0.0009896410230925544;1.0653917112136395;0.10137517024752196;-1.0290771316925589;1.8786734956022364;3.529414103078326;5.918207946115254;2.022444556398513;0.29974737216643316;1.8593292434139979;1;53.720873759999996;86.79494992
0.043846232283063;0.06658406426510131;0.0693382277964718;0.03497768502956186;0.9782599030898248;0.04133134864654424;0.0017082803809421944;1.0653917112136395;0.14484105624392807;-1.0290771316925589;1.9213781330320088;3.691693930093568;5.918207946115254;2.022444556398513;0.4862591712036577;2.3886251567332706;1;53.720675140000004;86.79489722
0.0244723156928724;0.06484396270296952;0.0744366268991536;0.03677454377884187;1.0653917112136395;0.040431428607483985;0.0016347004192420742;1.0653917112136395;0.14484105624392807;-1.0290771316925589;2.03440985108323;4.1388234421844885;5.918207946115254;1.520860624452045;0.5700325424311384;2.089127072644602;1;53.72048092;86.79483612
-0.020393596410727;0.05547827199775156;0.0953400632201488;0.043783247505176495;1.0223002171967595;0.03913494437859192;0.0015315438715154835;1.0653917112136395;0.14484105624392807;1.3914240657869748;2.4472588584796457;5.9890759204071;8.338709143594787;1.520860624452045;0.8032751985905305;2.5393123944882254;1;53.72029194;86.79476746
-0.0025491995513408;0.05311915867862853;0.0244723156928724;0.04568527856277656;0.9914341441679364;0.0391599007849951;0.00153349782949066;1.0653917112136395;0.14484105624392807;1.3914240657869748;2.561963022290921;6.563654527586031;8.338709143594787;1.520860624452045;1.0019303364236956;2.8783248137702655;1;53.720108370000005;86.79469909
-0.1152238197206077;0.05567740763414081;0.0356887937187723;0.041302312629210386;0.9205506549697114;0.042346681200636255;0.0017932414087083201;1.0653917112136395;0.14484105624392807;1.3914240657869748;2.292363288067259;5.254929444478535;6.74262400025568;1.205145581875113;1.1375150821644853;2.982008967086929;1;53.71993029;86.79463109
-0.078515346181299;0.0706342261535689;0.0183542367696543;0.040579363839372135;1.00659959629092;0.04278535221007259;0.0018305863637399634;1.0653917112136395;0.14484105624392807;1.3914240657869748;2.249876880620349;5.061945977949952;6.74262400025568;0.9968161255005392;1.1152480771384468;2.7736795107123555;1;53.719758520000006;86.79456172
0.0122361578464362;0.06785873655234748;-0.0244723156928724;0.04693854116221222;1.0078151374574045;0.04265669593582538;0.0018195937081614613;1.0653917112136395;0.14484105624392807;2.56447547165367;2.613453590810504;6.830139671320317;7.915675406122375;0.9572285612656848;0.9789458829394414;2.734091946477501;1;53.71959350000001;86.79449398
-0.0448659121035994;0.06896852463386158;0.0132558376669725;0.0451278246129714;1.0431623586141359;0.03769602535799317;0.0014209903277904643;1.0588912216371797;0.1383405666674683;2.56447547165367;2.5292625423774866;6.397169008273828;7.915675406122375;0.6862039428985389;0.6956017329296678;2.4630673281103554;1;53.71943252;86.7944354
-0.0713775874375446;0.07048578503308885;0.0938105434893443;0.044952861128683526;1.0588912216371797;0.03702621029986304;0.0013709402491696842;1.0588912216371797;0.1383405666674683;3.910487941277749;2.5315425928918898;6.408707899625792;8.99316703221563;0.1631153129845154;0.41873238173975147;1.9399786981963316;1;53.71929449;86.79437417
0.1294993372081166;0.0711020861393598;0.0050983991026817;0.04482933291569642;0.9894562323968075;0.038109778777290146;0.0014523552384539942;1.0588912216371797;0.1383405666674683;3.910487941277749;2.5206116036778963;6.353482856595657;8.99316703221563;-0.3661806003347574;0.2285931721850113;1.410682784877059;1;53.71915375;86.79430255
-0.011726317936168;0.06956630179527021;-0.0438462322830631;0.046151574298271436;0.9799442714829949;0.024811614279542232;0.0006156162031567841;1.0588912216371797;0.07894695015418485;3.910487941277749;2.5750593836523463;6.630930829336003;8.99316703221563;-0.5682664481925568;0.12497153563736117;1.2085969370192595;0;53.71900184;86.7942428
-0.0836137452839808;0.06689081056368046;-0.0050983991026817;0.04682589615238915;1.0007589923643427;0.024763474525197234;0.0006132296705600923;1.0588912216371797;0.07894695015418485;3.910487941277749;2.6146855425751574;6.836580486551546;8.99316703221563;-1.0184517700361804;0.0437194361530102;0.7584116151756359;0;53.718843330000006;86.79418669
0.0173345569491179;0.06606062082810375;-0.0683185479759355;0.04644352732680307;1.0017688698444418;0.026627850701316794;0.0007090424329716173;1.0588912216371797;0.07894695015418485;3.910487941277749;2.5945168225452835;6.731517542470474;8.99316703221563;-1.3574641893182204;0.01590648951127233;0.41939919589359587;1;53.718681249999996;86.79412701
0.0112164780258998;0.06557405899371868;-0.0163148771285816;0.046127912825559426;1.0310863993790127;0.023836680983520243;0.0005681873603101157;1.0588912216371797;0.07894695015418485;3.910487941277749;2.5766388256024984;6.6390676376022215;8.99316703221563;-1.1156176683763204;0.03181495159359349;0.6612457168354959;1;53.718524190000004;86.79405443
-0.1040073416947078;0.06282256210476758;-0.0550627103089629;0.03125928051144925;0.9980910272922269;0.015044828863861695;0.000226346875542886;1.0310863993790127;0.0511421278960178;3.910487941277749;1.791583746462062;3.2097723205870388;5.473524405716763;-1.1156176683763204;0.031967440408758256;0.5306904045290433;1;53.718377775;86.793979695
-0.0316100744366268;0.038392935049326685;0.0275313551544814;0.030888473295427505;1.0093341793033088;0.01473044012559027;0.0002169858662935999;1.0310863993790127;0.0511421278960178;3.910487941277749;1.7678379424846467;3.1252509908883486;5.473524405716763;-1.1156176683763204;0.032684110168833755;0.5306904045290433;0;53.718241505;86.793912545
-0.0224329560517997;0.03807111920524713;-0.003059039461609;0.03085474680601974;0.9811932322727175;0.012400209906799539;0.00015376520573268945;1.0310863993790127;0.04989316710629521;3.910487941277749;1.7615200607749912;3.102952924512729;5.473524405716763;-1.1156176683763204;0.038556761912326556;0.5306904045290433;0;53.718116540000004;86.79384902000001
-0.0112164780258998;0.03274819215427269;0.0040787192821454;0.030510462473599773;1.0044555324690858;0.012307586588320204;0.00015147668762899937;1.0310863993790127;0.04989316710629521;3.910487941277749;1.7418440187767406;3.0340205857483062;5.473524405716763;-1.1156176683763204;0.04150206128637149;0.5306904045290433;1;53.718010334999995;86.79378633500001
-0.0152951973080452;0.03238457911893435;-0.0458855919241358;0.027634232430147468;1.009622574923062;0.012279141760697311;0.00015077732237930066;1.0310863993790127;0.04989316710629521;3.162500541151764;1.5750085110618939;2.480651809917404;4.725537005590778;-1.1156176683763204;0.035583089023874595;0.5306904045290433;1;53.71791792500001;86.793727205
-0.0203935964107269;0.029118410955893407;-0.0463954318344039;0.027500968291791536;1.0094813807996394;0.008764759390985899;7.68210071818755e-05;1.009622574923062;0.02842934265034458;3.162500541151764;1.5662901773758284;2.453264919744004;4.725537005590778;-0.8301126750434594;0.052313247864147344;0.8161953978619042;1;53.717847655;86.793659495
-0.0219231161415315;0.022085479242184305;-0.0433363923727949;0.025660310160368186;1.005048877670674;0.010311735676724191;0.00010633189266662651;1.0219266631906285;0.04073343091791104;2.634223088694238;1.4584073551608512;2.1269520135872693;4.197259553133252;-0.8301126750434594;0.050082334913612504;0.8161953978619042;0;53.717809824999996;86.793565345
-0.0173345569491179;0.02254750631287341;-0.0443560721933312;0.025364158348290436;1.0060222810910333;0.013059265678879021;0.00017054442007154752;1.0219266631906285;0.04238155163148072;4.896713354392942;1.4733510303343427;2.1707632585872694;5.1293707845653715;-0.8301126750434594;0.04718429678514983;0.7836833691968422;0;53.717803045000004;86.793445925
-0.0662791883348628;0.02319482104111278;-0.0397675130009177;0.027103638210513176;1.0093877447201698;0.02427110078993346;0.0005890863335551085;1.0739823393197365;0.09443722776058872;4.896713354392942;1.5205328302982473;2.3120200880147985;5.1293707845653715;-0.8301126750434594;0.09569761304600448;1.1146531718550015;0;53.717828135000005;86.793327655
-0.0254919955134087;0.022721045457258855;-0.020393596410727;0.021839366140165992;0.9998193328482236;0.02839822769348052;0.000806459336130764;1.0739823393197365;0.10857977024467846;4.896713354392942;1.2274211393237628;1.5065626532588443;3.8104219420390035;-0.8301126750434594;0.1793251672411165;1.3949329059646787;0;53.717876794999995;86.79322271499998
-0.0759661466299581;0.04909558031243396;-0.0193739165901906;0.026276465091031938;1.0219266631906285;0.02983599538288412;0.0008901866204874825;1.0739823393197365;0.10857977024467846;5.247670126961109;1.4570999314724704;2.123140210297078;4.161378714607171;-0.8301126750434594;0.3566311189691975;1.9235920993581588;1;53.71795191;86.79314423
-0.0163148771285816;0.049166710446968784;-0.0836137452839808;0.028142259934242977;0.9795451115591478;0.030489096215680318;0.0009295849880490119;1.0739823393197365;0.10857977024467846;5.247670126961109;1.5557249838254155;2.420280225298589;4.161378714607171;-0.8301126750434594;0.6057435972309317;2.3597335022123604;0;53.71804598;86.79305398
-0.0112164780258998;0.05104086310560347;-0.0836137452839808;0.02775333166806726;1.0739823393197365;0.03058830081969671;0.0009356441470362583;1.0739823393197365;0.10857977024467846;5.247670126961109;1.5359142223925972;2.3590324985478563;4.161378714607171;-0.8301126750434594;0.8682340914695426;2.7313440351589935;1;53.718141925;86.792952805
-0.0183542367696543;0.05436382796685631;-0.0560823901294993;0.028307417021038235;0.9654025690750581;0.0305632911063926;0.0009341147632540969;1.0739823393197365;0.10857977024467846;5.247670126961109;1.5698578109135541;2.4644535464862964;4.161378714607171;-0.8301126750434594;1.1872920446468842;3.2214501290088484;1;53.718236409999996;86.79284505
0.1080860609768532;0.05852881735813218;-0.0948302233098807;0.028913712107714807;1.036836394494884;0.03054985204038697;0.000933293459689536;1.0739823393197365;0.10857977024467846;5.247670126961109;1.6046496447956358;2.57490048254276;4.161378714607171;-0.8301126750434594;1.5451631526599943;3.6657227713342677;1;53.718330679999994;86.79274732
-0.0254919955134087;0.06076986141932179;-0.0866727847455898;0.026462825140472435;1.0307843395053438;0.03298114846571172;0.0010877561541173188;1.0739823393197365;0.10857977024467846;5.247670126961109;1.4596722590390414;2.1306431038081386;4.161378714607171;-1.1034755502455371;1.610606970503265;3.770360902239226;0;53.71842404;86.79266916
-0.0601611094116447;0.06384350268134775;-0.0632201488732538;0.025630071433366833;1.002073969219847;0.03477578449723975;0.0012093551873984607;1.0739823393197365;0.10857977024467846;5.247670126961109;1.4168519869960137;2.0074695530545523;3.9082987733885064;-1.6137960442403017;1.5653750146330827;3.5513315934392446;0;53.71851213;86.79261645
-0.0805547058223717;0.07056631722720892;-0.0367084735393086;0.025486103349050007;1.0194518966231174;0.03262650310411896;0.001064488704803084;1.0739823393197365;0.10857977024467846;5.247670126961109;1.3862528111245083;1.9216968563506016;3.9082987733885064;-1.944765846898461;1.4883926443471491;3.4045049703697368;0;53.71858698;86.79259146
-0.1040073416947078;0.0818184780632528;-0.0326297542571632;0.031125762478346804;1.0102824849351537;0.026813180159034538;0.0007189466302408434;1.0469748454237315;0.08157227634867348;5.247670126961109;1.7391371854847755;3.0245981499359065;5.9267842987681885;-2.225045581008138;1.2893419747980008;3.180782225548705;0;53.71864386000001;86.79258946
-0.0836137452839808;0.0797136506777931;-0.0428265524625267;0.046784429339026976;0.9732404544126823;0.020806529805018247;0.00043291168252711264;1.0469748454237315;0.07373439101104928;5.247670126961109;2.6239787809585606;6.885264642920774;8.994255711217745;-2.7537047744016183;0.9516358148090625;2.6521230321552247;0;53.71868528;86.7925976
-0.1080860609768532;0.04660260919165017;-0.0244723156928724;0.04673513971121722;1.0469748454237315;0.020103160275098612;0.00040413705304630297;1.0469748454237315;0.07373439101104928;4.823370900032751;2.6408509500806763;6.974093740542011;8.569956484289387;-3.18984617725582;0.6310416701188889;2.215981629301023;1;53.71870254;86.79258926
-0.1412256551442847;0.04483194210300341;-0.0336494340776996;0.057210106411669494;1.0198690810389281;0.019470825416533628;0.00037911304240113185;1.0469748454237315;0.07373439101104928;3.617153075360804;3.25777755915792;10.613114624952935;10.183631860090234;-3.561456710202453;0.3733052440939017;1.84437109635439;1;53.71870216999999;86.79258377
-0.1957785255429795;0.048341409696904335;0.0122361578464362;0.074434376430218;1.0323692937531967;0.019763528339757638;0.0003905970524364033;1.0469748454237315;0.07373439101104928;2.522062545839105;4.195187924600689;17.599601722715438;12.203814729100811;-3.9474301668338505;0.28302295879827555;1.4583976397229925;1;53.718700739999996;86.79259257999999
-0.0734169470786173;0.04897793077914236;0.0662791883348628;0.0772738966472728;1.0143169875828655;0.019833297756600664;0.00039335969990198096;1.0469748454237315;0.07373439101104928;2.522062545839105;4.365670887841134;19.05908230094359;12.203814729100811;-3.05948343421433;0.5522514946833592;2.346344372342513;1;53.71870423;86.79261398999999
-0.0825940654634444;0.05275930315951688;0.040787192821454;0.07665787749770336;1.0055537277807443;0.02015237255324069;0.00040611811952460876;1.0469748454237315;0.07373439101104928;2.522062545839105;4.340218595734655;18.8374974587609;12.203814729100811;-1.9213214031315493;1.3473850750917966;3.4845064034252937;1;53.71870772999999;86.79263541
-0.0367084735393086;0.05631183796366662;0.1152238197206077;0.06978133901366995;1.0075891732894606;0.014524284687769402;0.0002109548456913727;1.0469748454237315;0.04389543226756665;1.890752999346474;3.93593819496149;15.491609474556713;11.572505182608179;-0.5125058888916332;2.8577924900131664;4.89332191766521;1;53.71871283;86.79266099
-0.0305903946160905;0.05631183796366662;0.1733455694911797;0.06978133901366995;1.030742477815747;0.014524284687769402;0.0002109548456913727;1.0469748454237315;0.04389543226756665;1.890752999346474;3.93593819496149;15.491609474556713;11.572505182608179;-0.5125058888916332;2.8577924900131664;4.89332191766521;1;53.71871283;86.79266099
-0.0662791883348628;0.05631183796366662;0.1244009381054349;0.06978133901366995;1.009178617458321;0.014524284687769402;0.0002109548456913727;1.0469748454237315;0.04389543226756665;1.890752999346474;3.93593819496149;15.491609474556713;11.572505182608179;-0.5125058888916332;2.8577924900131664;4.89332191766521;1;53.71871283;86.79266099
-0.0275313551544814;0.05631183796366662;0.1223615784643621;0.06978133901366995;1.003079413156165;0.014524284687769402;0.0002109548456913727;1.0469748454237315;0.04389543226756665;1.890752999346474;3.93593819496149;15.491609474556713;11.572505182608179;-0.5125058888916332;2.8577924900131664;4.89332191766521;1;53.71871283;86.79266099
-0.0224329560517997;0.05631183796366662;0.1091057407973896;0.06978133901366995;1.0075019726521066;0.014524284687769402;0.0002109548456913727;1.0469748454237315;0.04389543226756665;1.890752999346474;3.93593819496149;15.491609474556713;11.572505182608179;-0.5125058888916332;2.8577924900131664;4.89332191766521;1;53.71871283;86.79266099
-0.0275313551544814;0.026542215456170023;-0.0550627103089629;0.011355182643113203;1.006269521033345;0.008080865493379349;6.530038712208907e-05;1.0157138382101036;0.0259597413042969;4.665239578514131;0.6773531235512127;0.45880725398458444;2.064796188701562;-0.3743845287302276;0.06405656629264082;0.7371059533270989;1;53.725943395;86.845303395
-0.0224329560517997;0.026542215456170023;-0.0560823901294993;0.011355182643113203;1.0051814172872162;0.008080865493379349;6.530038712208907e-05;1.0157138382101036;0.0259597413042969;4.665239578514131;0.6773531235512127;0.45880725398458444;2.064796188701562;-0.3743845287302276;0.06405656629264082;0.7371059533270989;1;53.725943395;86.845303395
-0.040787192821454;0.026542215456170023;-0.0458855919241358;0.011355182643113203;1.011348137398289;0.008080865493379349;6.530038712208907e-05;1.0157138382101036;0.0259597413042969;4.665239578514131;0.6773531235512127;0.45880725398458444;2.064796188701562;-0.3743845287302276;0.06405656629264082;0.7371059533270989;1;53.725943395;86.845303395
-0.0132558376669725;0.026542215456170023;-0.0805547058223717;0.011355182643113203;0.9904204214393665;0.008080865493379349;6.530038712208907e-05;1.0157138382101036;0.0259597413042969;4.665239578514131;0.6773531235512127;0.45880725398458444;2.064796188701562;-0.3743845287302276;0.06405656629264082;0.7371059533270989;1;53.725943395;86.845303395
0.0071377587437544;0.026542215456170023;-0.0474151116549403;0.011355182643113203;1.0157138382101036;0.008080865493379349;6.530038712208907e-05;1.0157138382101036;0.0259597413042969;4.665239578514131;0.6773531235512127;0.45880725398458444;2.064796188701562;-0.3743845287302276;0.06405656629264082;0.7371059533270989;1;53.725943395;86.845303395
0.0122361578464362;0.026542215456170023;-0.0530233506678902;0.011355182643113203;1.0028031332124017;0.008080865493379349;6.530038712208907e-05;1.0157138382101036;0.0259597413042969;4.665239578514131;0.6773531235512127;0.45880725398458444;2.064796188701562;-0.3743845287302276;0.06405656629264082;0.7371059533270989;1;53.725943395;86.845303395
0.0163148771285816;0.026352635916683412;-0.0601611094116447;0.022264955283861583;1.0052993305284939;0.009623113523841908;9.260431389274902e-05;1.0199540775254707;0.030199980619664002;4.665239578514131;1.2874898058957522;1.657630000285482;4.837080955631978;-0.1727384656139645;0.1121888077054395;0.938752016443362;1;53.725930405;86.845277605
0.0015295197308044;0.026481209056142912;-0.0565922300397674;0.02351634091410682;1.0049608099777616;0.011003679421449657;0.00012108096081003466;1.0199540775254707;0.03205692388930792;4.665239578514131;1.3650212392886345;1.8632829837090799;4.837080955631978;0.040151305300044;0.16987579642695916;1.1516417873573705;1;53.725913864999995;86.845245705
-0.0693382277964719;0.02734023616419825;-0.0458855919241358;0.031437096173160366;1.0027393654920662;0.010614268642895903;0.00011266269882356323;1.0199540775254707;0.03205692388930792;4.665239578514131;1.8147823540208645;3.2934349924655106;5.364695968777307;0.2600039188909674;0.2304385512872838;1.3684185157995379;1;53.725895765;86.845214805
-0.0101967982053635;0.0306587218289867;-0.0723972672580809;0.03170787089245499;0.9897540969058067;0.010641572566315283;0.00011324306668415405;1.0199540775254707;0.03205692388930792;4.3805599588203;1.8256327428430636;3.3329349117406877;5.0800163490834755;0.4825385100379802;0.2882060104565498;1.546667458154227;1;53.725875574999996;86.84518693499999
-0.023452635872336;0.033629214652951885;0.003059039461609;0.04909078561102218;1.0199540775254707;0.011913125324096142;0.00014192255498762083;1.0199540775254707;0.037149870684008435;4.3805599588203;2.8413630951710926;8.073344238600251;9.022390016949926;0.6681015928241719;0.3313809125160764;1.6510159936253594;1;53.725848135;86.845156935
-0.0010196798205363;0.042213903038615816;-0.07545630671969;0.05534734336643212;0.9878971536361628;0.014832423458155358;0.00022000078564203736;1.0293722080187495;0.04656800117728721;4.3805599588203;3.181654362369763;10.122924481586542;9.022390016949926;0.8469229628527707;0.3574356051052272;1.7159747829369953;1;53.725808735;86.845127775
0.0295707147955541;0.041915917690567885;0.0122361578464362;0.05848103054300999;1.0023464305649854;0.016496865405852542;0.00027214656821881436;1.0293722080187495;0.04656800117728721;4.3805599588203;3.351604189807277;11.233250645133694;9.022390016949926;0.9727899481937328;0.35758108485782114;1.6996120192799218;1;53.725760385;86.845097345
-0.0489446313857448;0.04210576690619157;-0.0050983991026817;0.0560562225424434;1.0167925882320605;0.01666180047271086;0.0002776155949924279;1.0293722080187495;0.04656800117728721;4.3805599588203;3.2166313808197233;10.346717440074201;9.022390016949926;1.1237645922471675;0.3420921729267154;1.6842706111750805;1;53.72570286;86.84506542
0.0367084735393086;0.03461642372440695;0.0795350260018354;0.056207393341791645;0.9828042068414623;0.016781015985256522;0.00028160249749743495;1.0293722080187495;0.04656800117728721;4.3805599588203;3.231765759298973;10.444309922977265;9.022390016949926;1.2851988039932425;0.3180556696284973;1.6595833327234701;1;53.725629960000006;86.84503604
0.07545630671969;0.03750919011887308;0.061180789232181;0.04801538392093442;1.0293722080187495;0.02551744252528782;0.0006511398730313673;1.0293722080187495;0.08422361724352811;4.3805599588203;2.759702127531203;7.615955832700247;9.022390016949926;1.696136518593058;0.3383537137783917;1.8688749842070225;1;53.725550999999996;86.84501084
0.0061180789232181;0.036618511888275744;0.0662791883348628;0.047494657923635594;1.0269375643838266;0.025254968883651037;0.0006378134533141821;1.0293722080187495;0.08422361724352811;4.3805599588203;2.7309017751150026;7.457824505326272;9.022390016949926;1.9650867308265831;0.3711317542526895;1.9249354255265392;1;53.725468049999996;86.84499701
0.0122361578464362;0.057508194173514736;0.0295707147955541;0.033979809006798534;1.01406683941159;0.025243050396550386;0.0006372115933227826;1.0293722080187495;0.08422361724352811;0.5563341247296438;1.9414754747150091;3.76932701891987;5.198164182859269;2.097255403181458;0.38565886841002933;1.8372514842904906;1;53.72538152;86.84499496
-0.0091771183848271;0.062320245045600194;0.0693382277964719;0.04827250379776256;0.9996966130082039;0.02760246463550434;0.0007618960539542677;1.0293722080187495;0.08422361724352811;4.098615374282924;2.7865999131407615;7.7651390759161005;8.74044543241255;2.311887258372454;0.40552635355051536;1.829348748334474;1;53.725296209999996;86.84499413
-0.040787192821454;0.05932401131534574;-0.0091771183848271;0.04805978509835369;0.9451485907752214;0.027444062705497697;0.0007531765777832896;1.0293722080187495;0.08422361724352811;4.098615374282924;2.774976590469493;7.7004950776536925;8.74044543241255;2.311887258372454;0.37087311545455603;1.643785665548282;1;53.72521375;86.84498847
0.0224329560517997;0.05934542882283018;0.0244723156928724;0.04965071777175929;1.0161435570928696;0.026624805421013347;0.0007088802637068217;1.0293722080187495;0.08422361724352811;4.098615374282924;2.842855198848722;8.081825681621208;8.34391148551035;2.311887258372454;0.3036664403497515;1.4649642955196835;1;53.72513789;86.84498173
0.1498929336188436;0.057382224576789015;0.07545630671969;0.05042646342119816;1.0193131797253328;0.025073446840015143;0.0006286777364390654;1.0269375643838266;0.08178897360860515;4.098615374282924;2.8880426901353156;8.34079058004403;8.34391148551035;2.311887258372454;0.23236693288573015;1.3390973101787214;1;53.72507236;86.84497252000001
0.0989089425920261;0.05696696439544971;-0.0693382277964719;0.04824880495561419;0.9701271538733673;0.02347730116037679;0.0005511836697750294;1.0193131797253328;0.07416458895011135;4.098615374282924;2.76847868511892;7.664474229957782;8.34391148551035;2.311887258372454;0.1552508946151173;1.1881226661252866;1;53.725014805;86.844966165
-0.0249821556031406;0.056725529643285276;-0.0025491995513408;0.04832536534406277;1.0138727783005028;0.02300774372093256;0.0005293562711281117;1.0193131797253328;0.07416458895011135;4.098615374282924;2.770276354114147;7.674431078163969;8.34391148551035;2.311887258372454;0.1703759646862102;1.2768889431061923;1;53.724964944999996;86.844962385
0.0254919955134087;0.05518227747360283;-0.0382379932701131;0.04115390363886145;1.0041621906423923;0.02315923225708901;0.0005363500387377923;1.0193131797253328;0.07416458895011135;4.098615374282924;2.351533505052708;5.529709825385473;8.34391148551035;2.311887258372454;0.36069621094744936;1.9201492070045718;1;53.724932875;86.844958475
0.0173345569491179;0.0498179658981922;-0.0367084735393086;0.04833110248418259;1.0011293125085061;0.01357781163042642;0.00018435696867134298;1.0193131797253328;0.04918602585196541;5.566345408267846;2.7535472513929937;7.58202246565391;9.811641519495272;2.311887258372454;0.6543839554257578;2.268148967744792;1;53.724906015;86.844952095
0.0270215152442132;0.05020777067694582;-0.0356887937187723;0.04535073049774963;1.0053816805873583;0.01577851168192593;0.0002489614308966731;1.0320998469496523;0.061972693076284946;5.566345408267846;2.5843403665403457;6.678815130129889;9.811641519495272;2.311887258372454;1.254438853134115;3.25210211985548;1;53.724880665;86.844931865
0.0244723156928724;0.030558087695223404;-0.0356887937187723;0.029712436897760142;1.0053163957729623;0.015454820006767019;0.00023885146144156613;1.0320998469496523;0.061972693076284946;5.566345408267846;1.711088672336121;2.927824444596989;5.654373503599593;2.311887258372454;2.0467764944444764;4.056344546655382;1;53.724855225;86.844903865
0.0244723156928724;0.028879729593823785;-0.037728153359845;0.027570614209826934;1.0064095192218947;0.010183052767335566;0.00010369456366234053;1.0320998469496523;0.0365647350813435;5.566345408267846;1.570554098228483;2.466640175462283;5.654373503599593;2.196915927446646;2.9760690957204656;4.86210219916631;1;53.724826155;86.84486967500001
0.0091771183848271;0.029933821882542334;-0.0978892627714897;0.025583376315993847;1.0091853143230245;0.010981593851639666;0.00012059540352237012;1.0320998469496523;0.037600414773872104;5.566345408267846;1.4581852010087584;2.1263040804409528;5.654373503599593;2.075800060910725;4.121381631827043;5.780132558845037;1;53.724794305;86.844825025
0.0132558376669725;0.03018172844483286;-0.0142755174875089;0.02557033384167857;1.0320998469496523;0.015540110555972517;0.00024149503609184844;1.0320998469496523;0.059553523716147416;5.566345408267846;1.4573222904929277;2.1237882583675534;5.654373503599593;2.0594709810199374;5.096120018897232;6.485532626245331;1;53.724760095;86.84477033499999
0.0254919955134087;0.06216612199084781;0.0015295197308045;0.031560742280019316;0.9955351118683088;0.016118298107619708;0.00025979953388609707;1.0320998469496523;0.059553523716147416;5.566345408267846;1.786806941494061;3.192679046171361;5.654373503599593;1.6943247472389165;5.268253675142411;6.304214825249737;1;53.724722795000005;86.844694635
-0.061180789232181;0.06256298699799945;-0.023452635872336;0.03187435141273348;1.0177124898364907;0.018763374733089026;0.00035206423137432364;1.0360990690820204;0.06355274584851556;5.566345408267846;1.8005784876357056;3.242082890136485;5.654373503599593;1.0349983152662618;4.821159418115641;5.721947856249724;0;53.72468160999999;86.84459969
-0.0326297542571632;0.06693015539220515;-0.0397675130009177;0.03424772618609538;0.9944994321757802;0.019447088436488656;0.00037818924865661084;1.0360990690820204;0.06355274584851556;5.566345408267846;1.9470726019629911;3.7910917173149326;5.654373503599593;0.3917380513678823;4.245781892209696;5.446750942621229;0;53.72463755;86.84448139
-0.0183542367696543;0.0802361250584492;-0.0346691138982359;0.035114816428641026;0.9725463232335049;0.020499188983637836;0.00042021674898689876;1.0360990690820204;0.06355274584851556;5.566345408267846;1.9901033170180966;3.9605112124064306;5.654373503599593;0.0437382906276622;3.479188356495923;5.238425541697433;1;53.72458926;86.84434862
-0.171306209850107;0.0768928436276504;-0.0938105434893443;0.03206911498204865;1.018194084313115;0.020699523289164443;0.00042847026439866125;1.0360990690820204;0.06355274584851556;5.28640059775984;1.817928331138052;3.304863417154383;5.374428693091587;-0.940214861483026;2.3750534872084335;4.387094653108388;1;53.72454049;86.84419489
-0.0734169470786173;0.07163971413841444;-0.0571020699500356;0.030677180331208694;1.0360990690820204;0.02163541041917362;0.00046809098400608646;1.0360990690820204;0.06355274584851556;5.28640059775984;1.7506223061221766;3.064678458692528;5.374428693091587;-1.744457288282927;1.4695446475741045;3.5828522263084874;1;53.724499720000004;86.84403124
-0.1254206179259712;0.059237459381020915;-0.0846334251045171;0.02550241677699577;0.9925324739594104;0.021921672219220034;0.0004805597128869234;1.0360990690820204;0.06355274584851556;5.404640418730882;1.4454272334752676;2.0892598872719654;4.084173167822822;-2.6651862717196644;0.7343984696010822;2.66212324287175;1;53.72447429;86.84386244999999
-0.205975323748343;0.05927177371830402;-0.0764759865402263;0.02120045978563092;1.0281356339938823;0.02330117890051077;0.0005429449381536082;1.0360990690820204;0.06355274584851556;5.404640418730882;1.2000102009816407;1.4400244824599977;3.361740450448599;-3.704332497934312;0.2703222448553962;1.6229770166571025;1;53.72446221;86.84370444999999
-0.1091057407973896;0.0628554476833919;-0.0703579076170082;0.024740868501484384;1.0006062538275435;0.022960184267672136;0.000527170061605459;1.0360990690820204;0.06355274584851556;5.404640418730882;1.4049874559029074;1.9739897512445244;4.2397207789115186;-4.426061645225394;0.1067730452714607;0.9012478693660206;1;53.724465269999996;86.84356415
-0.130519017028653;0.05903391875993239;-0.078515346181299;0.022060094678273346;0.9735470183031238;0.01942478012862366;0.0003773220830453726;1.0360990690820204;0.06255205077889658;5.404640418730882;1.2646444129714933;1.599325491260013;4.2397207789115186;-4.245674631860836;0.1322468436951045;1.0816348827305786;1;53.72447666000001;86.84344242
-0.0856531049250535;0.06137970469581475;-0.095849903130417;0.022060094678273346;1.0176343305372115;0.019298886538031308;0.0003724470216078061;1.0360990690820204;0.06255205077889658;5.404640418730882;1.2671956677587086;1.6057848603864393;4.2397207789115186;-3.642045789539608;0.3017200938424611;1.6852637250518065;1;53.72449664999999;86.84334721
-0.15091261343938;0.0674576624601408;-0.0571020699500356;0.021937207961476246;1.0323672794585892;0.017150853724045224;0.0002941517834635959;1.0323672794585892;0.05882026115546535;5.404640418730882;1.2549901876474945;1.5750003710914933;4.2397207789115186;-3.1571937681504907;0.5964474473567036;2.1701157464409238;1;53.72453229;86.84327533000001
-0.0101967982053635;0.06872489440183023;-0.020393596410727;0.021588976199925756;1.0031142667110209;0.01737248923369822;0.0003018033821749605;1.0323672794585892;0.05882026115546535;5.404640418730882;1.2323286888438658;1.5186339973476413;4.2397207789115186;-2.547536575310032;1.034374768530243;2.7797729392813824;0;53.7245885;86.8432317
-0.0453757520138676;0.05392321355012628;-0.0652595085143265;0.021583624313034247;1.0085413104635252;0.016125963994820722;0.0002600467147622543;1.0323672794585892;0.05882026115546535;5.404640418730882;1.2351453362399918;1.5255840016354023;4.2397207789115186;-1.8492857442963104;1.6087156866945422;3.478023770295104;0;53.724668859999994;86.84321478
-0.0183542367696543;0.0514441971815976;-0.0938105434893443;0.02247540255342999;1.0139986530817822;0.01603960507658618;0.0002572689310128492;1.0323672794585892;0.05882026115546535;5.404640418730882;1.286836777693217;1.6559488924238623;4.2397207789115186;-1.648061889940428;1.9812448643004668;3.646249171963934;0;53.72477557;86.84323445
-0.0061180789232181;0.04373546237170066;-0.0836137452839808;0.02269917114586722;1.0038130257969713;0.012936120891033919;0.0001673432237074442;1.0323672794585892;0.04351900567732092;5.404640418730882;1.2862046051375189;1.6543222862769609;4.2397207789115186;-1.2085452669651704;2.2569327440570612;4.069739479405564;0;53.72490173;86.84328637
-0.0265116753339451;0.04133586441600242;-0.0764759865402263;0.020194352030879895;0.990363205489816;0.012536702782831843;0.0001571689166650637;1.0323672794585892;0.04351900567732092;5.3083358087742605;1.1511981619353715;1.3252572080433778;4.143416168954897;-0.9559431726014082;2.2737872383021274;4.1976878065335175;0;53.72504514;86.84336066
-0.0224329560517997;0.014396496478083585;-0.0662791883348628;0.020258608572360677;1.01597419868095;0.008977181366045426;8.058978527887323e-05;1.01597419868095;0.027125924899681797;5.3083358087742605;1.1509644250466036;1.3247191077228588;4.143416168954897;-0.9559431726014082;1.9139768887822077;3.8215803544130322;0;53.72520826;86.84344954000001
-0.037728153359845;0.013232394805069105;-0.0509839910268175;0.013102874672704795;1.009438217223342;0.012960530184216001;0.00016797534265597405;1.03461530471743;0.045767030936161746;5.3083358087742605;0.7466243055581446;0.5574478536501818;2.4132493506754384;-0.9559431726014082;1.4415207783125141;3.2897314592594276;0;53.72538346;86.84355561999999
-0.0418068726419904;0.016510558477500933;-0.0530233506678902;0.013419974744006948;0.9888482737812683;0.013462139993983168;0.00018122921321760114;1.03461530471743;0.045767030936161746;5.3083358087742605;0.768694138933392;0.5908906792305489;2.4132493506754384;-0.9559431726014082;0.9468324443792441;2.6861026169381996;0;53.725575070000005;86.84366786999999
-0.0469052717446721;0.022831367681258326;-0.0652595085143265;0.010677735150729319;1.0055619997815815;0.014399241697419936;0.00020733816146071697;1.03461530471743;0.04674341104422475;4.778053102311826;0.625812692400249;0.39164152596924856;1.8829666442130035;-0.9559431726014082;0.5568455403341026;2.2012505955490824;0;53.7257837;86.84379202
-0.0285510349750178;0.022133290434569186;-0.0723972672580809;0.0105880982821454;1.0084117901401748;0.014463466019484904;0.00020919184929679452;1.03461530471743;0.04674341104422475;4.578537250131243;0.6193356318490391;0.3835766248778485;1.7141453166584322;-0.9559431726014082;0.247083195226658;1.5915934027086238;0;53.72600496;86.84392624
-0.0397675130009177;0.022551348786383953;-0.0632201488732537;0.01042979554142177;1.03461530471743;0.016892028651482715;0.0002853406319625129;1.03461530471743;0.06073886455334665;4.578537250131243;0.5925737327489857;0.3511436287440663;1.7141453166584322;-0.9559431726014082;0.08192714704415943;0.8933425716949023;0;53.72624187;86.84407355
0.0050983991026817;0.023078290231072152;-0.0795350260018354;0.010348759473292715;0.9963607673324513;0.016333013748706757;0.00026676733811544396;1.03461530471743;0.06073886455334665;4.578537250131243;0.5903692065120901;0.3485357999977149;1.7141453166584322;-0.9559431726014082;0.051166919353108964;0.6921187173390199;0;53.726487;86.84423164
0.023452635872336;0.02275007269533183;-0.0713775874375446;0.009745072688866584;0.9878718936732053;0.017330544312219285;0.0003003477661577962;1.03461530471743;0.06073886455334665;4.578537250131243;0.5560583576314265;0.30920089709175946;1.7141453166584322;-0.9559431726014082;0.03301430703027591;0.5808459300648449;0;53.72674449;86.84440209
-0.0254919955134087;0.022000378174660638;-0.0499643112062812;0.009745072688866584;0.9998411712409109;0.01747045187299066;0.0003052166886464829;1.03461530471743;0.06073886455334665;4.578537250131243;0.5663908156086707;0.3207985560058551;1.7141453166584322;-0.9559431726014082;0.03745883430264871;0.5808459300648449;0;53.727005750000004;86.84457886999999
-0.037728153359845;0.02023442922981378;-0.0520036708473539;0.011637188246365313;0.9738764401640834;0.017994863279756534;0.0003238151044571301;1.03461530471743;0.06073886455334665;4.64823572778024;0.6620057880992563;0.4382516634769174;1.7838437943074297;-0.6758336795145552;0.05952135480646516;0.8609554231516978;0;53.727267000000005;86.84475819999999
-0.0096869582950953;0.019996661082325198;-0.0606709493219129;0.011320155552220988;1.0077887002034682;0.019703987820118198;0.0003882471360153663;1.03461530471743;0.06073886455334665;4.64823572778024;0.6476603474262533;0.4194639256282952;1.7838437943074297;-0.4078643364322135;0.11605203594457242;1.1289247662340396;0;53.727525490000005;86.84493989
-0.0316100744366268;0.018777449961748835;-0.058121749770572;0.011646119511177307;1.020806454175054;0.0166733120900123;0.0002779993360509503;1.020806454175054;0.04693001401097052;4.64823572778024;0.662937894421371;0.4394866518598408;1.7838437943074297;-0.1091859837825028;0.21326099206971486;1.4276031188837501;0;53.727783620000004;86.84511866
-0.0305903946160905;0.01743498441114846;-0.0530233506678902;0.012636649561133176;1.020497785515472;0.018416242679948205;0.00033915799444674585;1.0273966184555547;0.053520178291471376;4.782246799225022;0.6953241412771969;0.4834756614428712;1.9178548657522114;0.133510274252976;0.33686573928084257;1.6702993769192291;0;53.72803974;86.84529542
-0.0224329560517997;0.011347549590215254;-0.0825940654634444;0.012480263589364153;1.0192009684236756;0.018011140310628764;0.0003244011752891564;1.0273966184555547;0.053520178291471376;4.782246799225022;0.6825807818670222;0.4659165237741953;1.9178548657522114;0.2828025230677784;0.45306368199300745;1.8195916257340314;0;53.72829643;86.84547275
-0.0193739165901906;0.012077455958704813;-0.0662791883348628;0.011774371025259607;0.9813251530685173;0.01896451157666795;0.00035965269934157273;1.0273966184555547;0.053520178291471376;4.782246799225022;0.6519683366695233;0.42506271201962487;1.803913231870205;0.4590637298500367;0.5335152829445349;1.9958528325162896;0;53.72854893;86.84565101000001
-0.0081574385642908;0.016403152186552052;-0.0723972672580809;0.013634868551470202;1.0070235247936539;0.01588616093206499;0.000252370109159468;1.0273966184555547;0.046071465387037436;5.496103151984396;0.7681899599520775;0.5901158145711745;2.5177695846295793;0.5922336023733579;0.5764761554919758;2.1290227050396107;0;53.7287863;86.84581926
-0.0112164780258998;0.020408390564273415;-0.0856531049250535;0.01628510931024822;1.0273966184555547;0.017163005416685643;0.00029456875493318074;1.0273966184555547;0.046071465387037436;6.050214224437171;0.9453301370942809;0.893649068098692;3.0718806570823536;0.8610112649807903;0.5253012582446518;2.2217559210283215;0;53.72900967;86.84597607
-0.0045885591924135;0.019100746986129437;-0.0672988681553991;0.025300711013173088;0.9924042693385098;0.016285183080026733;0.000265207187949989;1.0273966184555547;0.046071465387037436;8.161605100120392;1.4507699033600308;2.104733312495273;5.183271532765575;1.2647352557989535;0.4918580407395558;2.2593074474627155;0;53.72921076;86.84612084
-0.0050983991026817;0.022702288250750456;-0.0764759865402263;0.026192520576114164;0.9859549884289301;0.015204982479943374;0.00023119149221538496;1.0273966184555547;0.046071465387037436;8.161605100120392;1.4989796885704623;2.2469401067468002;4.288871487341517;1.566728404379528;0.5017748449220191;2.242562083894083;0;53.729395280000006;86.84625928
0.0254919955134087;0.04411315165437208;-0.0968695829509534;0.026139538550499948;1.0113964560107038;0.014301728436954044;0.00020453943628437994;1.0273966184555547;0.046071465387037436;8.161605100120392;1.4898307759323537;2.219595740915199;4.288871487341517;1.8030667665294915;0.5254353523790009;2.210931102961705;0;53.7295622;86.84639292
0.0265116753339451;0.04356766908852038;-0.1040073416947078;0.02564359035517003;0.9867866840779447;0.012565109837243512;0.00015788198522199366;1.0273966184555547;0.0414416300266246;8.161605100120392;1.4711876953751766;2.164393235023323;4.273166919089546;2.081503350953269;0.5629091721065742;2.190689334735772;0;53.72971593;86.84652617
-0.0183542367696543;0.04233141823005978;-0.1427551748750892;0.02556236958026647;1.005561482783523;0.01364738743641936;0.00018625118383973696;1.0273966184555547;0.04232785722376908;8.161605100120392;1.4816137132180638;2.195179195195819;4.273166919089546;2.267193432501485;0.5980995673818007;2.133683158248509;0;53.729861060000005;86.84666106
0.0428265524625267;0.04065388551327911;-0.1294993372081166;0.024549849043555665;0.9994599707862284;0.009937740660540895;9.875868943616779e-05;1.0113964560107038;0.026327694778918165;8.161605100120392;1.409604973897825;1.9869861824374877;4.273166919089546;2.267193432501485;0.5783058639004631;1.9843909094337067;0;53.72999488000001;86.84680256
0.1254206179259712;0.03914959717494649;-0.1029876618741715;0.020520379053563395;1.0103653292861505;0.010379671253249302;0.00010773757532552995;1.0113964560107038;0.026327694778918165;8.161605100120392;1.1757018584064365;1.3822748598603483;3.712967004580535;2.267193432501485;0.4873486659326233;1.8081297026514485;1;53.73011189;86.84694773
0.0509839910268175;0.03763295500067416;-0.1244009381054349;0.015913758056412288;1.0032369571374373;0.010841120337169668;0.00011752989016499379;1.0113964560107038;0.028379626422465276;8.161605100120392;0.9205217598193473;0.847360310300908;2.6655019481359954;2.267193432501485;0.35486356385623447;1.6749598301281272;0;53.73021378;86.84709314
0.0163148771285816;0.037961681388776;-0.133578056490262;0.035379118421470346;0.9850687612317857;0.012919597440397057;0.00016691599802191417;1.0103653292861505;0.038318937672320974;8.161605100120392;2.025816789484211;4.103933664556117;7.139792137887112;2.267193432501485;0.20907617709489357;1.406182167520695;0;53.73030287;86.84724879000001
0.0142755174875089;0.037901376852863045;-0.1040073416947078;0.0612321293412696;0.9987012977716231;0.013096623559456448;0.0001715215486581097;1.0103653292861505;0.038318937672320974;8.161605100120392;3.5088152453105095;12.31178442572345;10.886486497079925;2.267193432501485;0.12051351893299064;1.0024581767025316;0;53.73038263000001;86.84741815000001
0.0387478331803813;0.03328681569565005;-0.1284796573875803;0.06441098602080159;1.0097725338359635;0.012949963962013826;0.00016770156661745684;1.0103653292861505;0.038318937672320974;7.793476816019594;3.6983545080080966;13.677826066903812;10.518358212979127;2.267193432501485;0.12434429554184295;1.0310316585030423;0;53.73045279;86.84759071
0.0132558376669725;0.03326181750984032;-0.1091057407973896;0.06252964738124211;0.9830168295882385;0.013080224675008785;0.00017109227754870867;1.0103653292861505;0.038318937672320974;7.793476816019594;3.59202664841179;12.902655442900437;10.518358212979127;2.267193432501485;0.18945304482626069;1.2501919927419098;0;53.7305158;86.84776124
0.0163148771285816;0.013355686553406612;-0.0173345569491179;0.0623739812254407;0.9720463916138296;0.01411821666952833;0.00019932404192774761;1.0181986795575069;0.04615228794367732;7.793476816019594;3.5815664632588993;12.827618330740862;10.518358212979127;2.267193432501485;0.3122775346540314;1.5787577040504714;0;53.7305752;86.84793584
0.0326297542571632;0.011097918768378422;0.0479249515652085;0.06128455750989992;1.0080926223021744;0.017124381802989454;0.0002932444521345563;1.0290277135387385;0.0569813219249089;7.793476816019594;3.5085608213146786;12.309999036864333;10.518358212979127;2.267193432501485;0.44670065572553;1.865204340589335;0;53.730632990000004;86.84811395
0.037728153359845;0.013602633270503137;-0.0061180789232181;0.05937625159728911;1.0030737120877087;0.01706591703429881;0.00029124552422157027;1.0290277135387385;0.0569813219249089;7.309914048333556;3.3724171280869504;11.373197285814236;10.034795445293089;2.2573679719882707;0.5772112858989185;2.236250422846562;0;53.7306894;86.84829324
0.0367084735393086;0.018791595282943045;-0.0520036708473539;0.06380811634754434;1.0033468086942336;0.017122908506240098;0.0002931939957130695;1.0290277135387385;0.0569813219249089;8.584650027121581;3.6366491738105804;13.225217213377176;11.309531424081115;2.15396505010682;0.6408490913010405;2.3033224932929555;0;53.73075704;86.84847352
0.0387478331803813;0.023313309115014672;-0.0999286224125624;0.0644157388810375;1.0181986795575069;0.0170221920244669;0.0002897550213178245;1.0290277135387385;0.0569813219249089;8.584650027121581;3.677000542791651;13.520332991690095;11.309531424081115;1.954546791961553;0.5911029988212984;2.1039042351476884;0;53.730830600000004;86.84863924
0.023452635872336;0.031458954087911856;-0.1111451004384623;0.06460511952311224;1.0290277135387385;0.015399925141668987;0.0002371576943690086;1.0290277135387385;0.0569813219249089;8.584650027121581;3.678522487569226;13.531527691552487;11.309531424081115;1.741603326636217;0.5042391913625079;1.8909607698223527;0;53.73091025;86.84879057
0.0005098399102681;0.03283815849339453;-0.1142041399000713;0.06347373790703845;1.019975612242223;0.010907823455704936;0.00011898061254082679;1.0290277135387385;0.03488433709132954;8.584650027121581;3.628575677389752;13.166561446544497;11.309531424081115;1.4611011455409697;0.39727637360695406;1.6541897240686627;0;53.730994599999995;86.848921
-0.0163148771285816;0.03164933878918704;-0.1488732537983073;0.04472936075185399;0.9973391318563684;0.01135387712448896;0.00012891052575799366;1.0290277135387385;0.03488433709132954;8.584650027121581;2.5765588906552743;6.638655717014737;8.235181916955057;1.2361617739984427;0.3038770097732766;1.5400289825169786;0;53.73108327999999;86.8490276
-0.0270215152442133;0.02897782025573387;-0.1345977363107984;0.02801285630554975;1.002611428994739;0.011285044346887544;0.0001273522259112185;1.0290277135387385;0.03488433709132954;8.584650027121581;1.6373182917690972;2.680811188561674;5.613666818218713;1.0170014397595752;0.2068152137590883;1.3479902043803689;0;53.731179569999995;86.84911621
-0.0509839910268175;0.02583529867529801;-0.1121647802589986;0.016826948513371468;1.006853148676022;0.011359549735753541;0.00012903937019905835;1.0290277135387385;0.03488433709132954;8.584650027121581;1.0297606816601235;1.060407061493122;2.9524293407646356;0.6884357284510136;0.12035188327726264;1.1238713206890283;0;53.731284599999995;86.84919052000001
-0.0224329560517997;0.02206722885822425;-0.1325583766697257;0.021210266238232692;0.9941433764474089;0.011997379859820332;0.00014393712350082254;1.0290277135387385;0.03488433709132954;8.584650027121581;1.2759817253555608;1.6281293634413538;4.2432738053810874;0.4019890919121501;0.06793443942038063;0.9191065240348468;0;53.731417799999996;86.84924179999999
-0.0101967982053635;0.019124018842700166;-0.1458142143366982;0.023588691133489482;0.9983187507550869;0.010060270752861297;0.00010120904762087641;1.0237367038125749;0.029593327365165956;8.584650027121581;1.3947692816497224;1.9453813490336824;4.2432738053810874;0.0211175491417087;0.03522612369028574;0.5382349812644054;0;53.73156074;86.84926954
0.0035688793718772;0.0198245501643514;-0.1264402977465075;0.024866625340528078;1.0052368847781434;0.009188127935913747;8.44216949667186e-05;1.0237367038125749;0.029593327365165956;8.584650027121581;1.4689388608033773;2.157781376778324;4.2432738053810874;-0.0696724689332979;0.027545296205594767;0.44744496318939875;0;53.73171115;86.84927146999999
0.0061180789232181;0.023084546748486312;-0.1070663811563169;0.022878882534326784;1.0141493746243564;0.008999827806594776;8.099690054835652e-05;1.0237367038125749;0.029593327365165956;8.398653352531644;1.3511940072782709;1.8257252453047117;4.05727713079115;-0.0696724689332979;0.024510787159618668;0.44744496318939875;0;53.73186078;86.84924190000001
0.0142755174875089;0.02397488710994067;-0.0774956663607627;0.02191193172207099;1.0237367038125749;0.008897866271375498;7.91720241832817e-05;1.0237367038125749;0.029593327365165956;8.398653352531644;1.2947370625040477;1.6763440610216103;4.05727713079115;-0.1263639691763154;0.01765967061848607;0.39075346294638125;0;53.73201226;86.8491937
-0.0101967982053635;0.01810358492398324;-0.0876924645661262;0.023353058029059716;0.9991155692571835;0.009439728380010469;8.910847188837507e-05;1.0237367038125749;0.029593327365165956;8.398653352531644;1.3824637646365496;1.9112060605330612;4.05727713079115;-0.0724507066618275;0.02051826889938914;0.44466672546086916;0;53.73216275;86.84912659
-0.0336494340776996;0.017404726184313008;-0.0938105434893443;0.02254034795984504;1.0128686814624557;0.010003234867302804;0.00010006470781042253;1.0237367038125749;0.033169845594821834;8.398653352531644;1.3338443206974682;1.7791406718568905;4.05727713079115;0.0084588274102002;0.030950326942047357;0.5255762595328969;0;53.732311800000005;86.84904524
0.0229427959620679;0.017272799629206352;-0.0948302233098807;0.01910976063693139;1.013171977665644;0.009978332362739878;9.956711674130197e-05;1.0237367038125749;0.033169845594821834;7.81525655484879;1.1331206981073474;1.2839625164792825;3.473880333108296;0.0142394919156058;0.04186757324301522;0.5313569240383025;0;53.732459070000004;86.84894675
0.0183542367696542;0.017333307296451002;-0.1241460181503008;0.018142649207164848;1.0051121432727004;0.011055766232181808;0.00012222996698065154;1.0237367038125749;0.033169845594821834;7.81525655484879;1.0771505386186757;1.1602532828465033;3.473880333108296;0.0142394919156058;0.04622538890833625;0.5313569240383025;0;53.732600549999994;86.84882711
-0.003059039461609;0.018384503229114064;-0.1356174161313347;0.018307145988771655;0.9973380893348762;0.010539269779239245;0.00011107620747958564;1.0237367038125749;0.033169845594821834;7.81525655484879;1.0860618196369645;1.1795302760731543;3.473880333108296;0.0142394919156058;0.04298466146042225;0.5313569240383025;0;53.73273385;86.84868392999999
-0.0163148771285816;0.01774498440420698;-0.1213418986438258;0.01548121982469837;0.990566858217753;0.00840847564321706;7.070246264257453e-05;1.013171977665644;0.02260511944789101;7.81525655484879;0.906399153008576;0.821559424574664;2.7799215730846694;0.0142394919156058;0.0430395501987761;0.5322634944332875;0;53.732836250000005;86.84851497
0.0081574385642908;0.017725360890411844;-0.113184460079535;0.013606587258304265;0.9986169651908713;0.008330357581915842;6.939485744258276e-05;1.013171977665644;0.02260511944789101;7.81525655484879;0.8034109952025056;0.6454692272122805;2.5009816550968234;0.0142394919156058;0.05555817814820211;0.6912247547355374;0;53.732922450000004;86.84832725000001
0.0061180789232181;0.014357825714874237;-0.0989089425920261;0.011995662619197916;0.9909976452213104;0.007867606956427981;6.189923922083396e-05;1.013171977665644;0.02260511944789101;7.81525655484879;0.6996527205068183;0.48951392931259197;2.444661760948442;0.0142394919156058;0.07466405167195572;0.736398265491312;0;53.73299179000001;86.84811755000001
-0.0193739165901906;0.01168375402825257;-0.113184460079535;0.009852545422579972;1.0048493240911107;0.007155621821391769;5.120292365077805e-05;1.0111512408845396;0.020584382666786527;7.81525655484879;0.5663510209818328;0.3207534789671644;2.087174160784313;0.0142394919156058;0.09194523049670476;0.736398265491312;0;53.73304327999999;86.84789512
-0.0112164780258998;0.008906403690054214;-0.116243499541144;0.013707436819217813;1.0111512408845396;0.011333977875908716;0.00012845905449158825;1.0294403860728463;0.03887352785509324;7.81525655484879;0.820399496047253;0.6730553331145868;3.04252608439307;0.0142394919156058;0.10560013809677102;0.736398265491312;0;53.73308249;86.84765273000001
-0.0096869582950953;0.009472143160568347;-0.1203222188232894;0.015312559776339616;1.003007629156939;0.012263635966168055;0.00015039676711069069;1.0294403860728463;0.0411349526237097;7.036258624855366;0.8847591618967862;0.7827987745603034;2.479627255985516;0.0142394919156058;0.10432766218970863;0.7453305987284361;0;53.73311477;86.84739061
-0.0050983991026817;0.01269957443250442;-0.1223615784643621;0.016543063392449268;1.0087870311732885;0.01167343520094332;0.00013626908939062262;1.0294403860728463;0.0411349526237097;6.96688982368512;0.9505004318877418;0.9034510710187837;2.4102584548152706;0.0142394919156058;0.09310740217083885;0.881825727878196;0;53.733141720000006;86.84711292
-0.0061180789232181;0.012537524455948664;-0.1091057407973896;0.017324557203867413;1.007270777035835;0.011945137373090817;0.00014268630686201098;1.0294403860728463;0.0411349526237097;6.96688982368512;0.9863217732829648;0.9728306404520521;2.4102584548152706;-0.0626912749004036;0.06330491691348032;0.8048949610621866;0;53.73316795000001;86.84678843
-0.0122361578464362;0.013166752094443807;-0.0856531049250535;0.01799220476426066;1.0294403860728463;0.01203168099321839;0.00014476134752257268;1.0294403860728463;0.0411349526237097;6.96688982368512;1.0186989870594556;1.037747626235961;2.4102584548152706;-0.3209800538028898;0.031164331729648165;0.6016409164991998;0;53.73319107;86.84645571000001
-0.0183542367696543;0.013898684399649745;-0.078515346181299;0.017372835984722435;0.9883054334491366;0.013042397776558584;0.00017010413976198028;1.0294403860728463;0.0411349526237097;6.96688982368512;0.9814323386744626;0.9632094353960249;2.4102584548152706;-0.5180240025176817;0.016045089018089924;0.4045969677844079;0;53.733210529999994;86.84611933
-0.0356887937187723;0.014292097887624129;-0.0815743856429081;0.01678123003103521;1.0123864793533504;0.013050064737073305;0.00017030418964180416;1.0294403860728463;0.0411349526237097;6.96688982368512;0.9486815703364837;0.8999967218960967;2.4102584548152706;-0.6769852628199315;0.01830138474407681;0.42545960417729556;0;53.7332296;86.84579024
0.0071377587437544;0.014093177729935217;-0.0836137452839808;0.014989640187742737;0.9951830834210891;0.013071126134268965;0.00017085433841796912;1.0294403860728463;0.0411349526237097;6.96688982368512;0.8427633855489137;0.7102501240218669;2.4102584548152706;-0.7045607776253299;0.021402219531697336;0.39788408937189723;0;53.73324807;86.84545287
-0.0346691138982359;0.014842968411583883;-0.0856531049250535;0.011108323719818207;0.9903506070385325;0.013056398434735005;0.00017046954008655067;1.0294403860728463;0.0411349526237097;6.21837527957119;0.6211783197481399;0.3858625049251223;1.6617439107013405;-0.7045607776253299;0.020988542192673577;0.39788408937189723;0;53.73326679;86.84511831
-0.029060874885286;0.01602922047126282;-0.1009483022330988;0.0103992900781869;1.0210194371517123;0.013339241941061473;0.00017793537556217345;1.0294403860728463;0.0411349526237097;6.132733308843083;0.5917838992808487;0.3502081834480457;1.576101939973233;-0.7201751495946287;0.01668714454905347;0.3822697174025984;0;53.73328657;86.84475920999999
-0.0275313551544814;0.01757029613721754;-0.0825940654634444;0.01042148472530625;1.0010399911545451;0.013125554327437462;0.00017228017640251228;1.0210194371517123;0.047573884011226975;6.132733308843083;0.5953214308534425;0.35440760603339005;1.576101939973233;-0.7310911068128303;0.012288864038488183;0.3713537601843968;0;53.733303320000005;86.84440731999999
-0.0214132762312633;0.017540682980235194;-0.1070663811563169;0.009685467420396873;1.0021927668050976;0.012669336488421027;0.00016051208705683645;1.0210194371517123;0.047573884011226975;6.132733308843083;0.5601766874794861;0.3137979211954899;1.5110394277189982;-0.7447433216589956;0.01170174747865239;0.3577015453382315;0;53.73331481;86.84406553
0.0010196798205363;0.016799893383658848;-0.0897318242071989;0.011891893713591875;1.0022918404842527;0.012253503353229531;0.00015014834442760738;1.0210194371517123;0.047573884011226975;6.132733308843083;0.688402705209623;0.47389828453992716;2.2470604630807998;-0.5866842315455689;0.023620918892109533;0.5157606354516582;0;53.73332147;86.84372403
0.0040787192821454;0.0153596412676604;-0.1050270215152442;0.014530685900514;0.9956723117924831;0.013024683537817543;0.00016964238126029532;1.0210194371517123;0.047573884011226975;6.132733308843083;0.8506095926511661;0.7235366791101827;2.5295472767751517;-0.4816562248306688;0.041625522404879545;0.6207886421665583;0;53.73332008;86.84341287999999
0.0061180789232181;0.015081842442324129;-0.095849903130417;0.015009376771690407;0.9734455531404853;0.012485377747857225;0.00015588465750668832;1.0210194371517123;0.047573884011226975;6.132733308843083;0.8790610410690064;0.7727483139253253;2.5295472767751517;-0.3157795658588221;0.07091988946921007;0.786665301138405;0;53.73331623;86.84308391
-0.0122361578464362;0.014929113181200215;-0.0856531049250535;0.014716338617203655;1.0009932500603664;0.011124188681398054;0.00012374757381934459;1.01406568592158;0.040620132781094664;6.132733308843083;0.8708856255355183;0.7584417727643911;2.5295472767751517;-0.12843740464501;0.11358500062954101;0.9740074623522171;0;53.733314359999994;86.84274667999999
-0.0295707147955541;0.014464545526179312;-0.0683185479759355;0.014842968411583722;1.0081565670867743;0.011671568682163553;0.00013622551550246105;1.01406568592158;0.040620132781094664;6.132733308843083;0.8757787437048525;0.7669884079252498;2.5295472767751517;-0.1023992831446497;0.13016668046115265;0.9745511454295576;0;53.733321249999996;86.84236188999999
-0.0076475986540225;0.01669642460471526;-0.0637299887835219;0.012551338645564531;1.01406568592158;0.011589395809543214;0.00013431409523025783;1.01406568592158;0.040620132781094664;6.055024997784534;0.753851630077139;0.5682922801699596;2.4518389657166026;-0.1023992831446497;0.11436846664812118;0.9167642990154449;0;53.733335450000006;86.84197416999999
-0.0326297542571632;0.01632416843958181;-0.0764759865402263;0.0122890339053759;1.0027393654920662;0.012358060157059298;0.00015272165084549648;1.01406568592158;0.040620132781094664;6.055024997784534;0.74402116164446;0.5535674889747716;2.4518389657166026;-0.1023992831446497;0.08694997465312834;0.8262604260228519;0;53.73335935;86.84157567
-0.0275313551544814;0.02197252941724898;-0.0744366268991536;0.00887391624387519;0.9892192426153894;0.012552593569799635;0.00015756760532857514;1.01406568592158;0.040620132781094664;5.650760758582118;0.5560432451122581;0.3091840904349707;2.047574726514187;-0.1023992831446497;0.0645957831243988;0.7834665044676288;0;53.73339737;86.84119385
-0.0214132762312633;0.022326163340359993;-0.078515346181299;0.0066711361149537985;0.9873507628206095;0.009923904050684254;9.848387160718736e-05;1.01406568592158;0.026714923100970456;4.908694452720979;0.4046247679021324;0.16372120279985453;1.3055084206530476;-0.1023992831446497;0.052048817039345996;0.6423440385143458;0;53.73345062;86.84080933999999
0.0142755174875089;0.023338134982297695;-0.0805547058223717;0.0061012972808557435;0.9944994321757803;0.00994183629408967;9.884010889847861e-05;1.01406568592158;0.026714923100970456;4.797779463725913;0.3743751301367601;0.14015673806491605;1.194593431657982;-0.1023992831446497;0.08551007543719456;0.9728386381287256;0;53.73351957999999;86.84042774
-0.0183542367696543;0.022283691784069855;-0.0774956663607627;0.0062416936860165894;1.0110948124266455;0.01168922196531219;0.00013663791015433696;1.01406568592158;0.036777713728348815;4.797779463725913;0.36644656405074905;0.1342830843045997;1.194593431657982;-0.1023992831446497;0.17080182976600597;1.2880965312718797;0;53.73360121;86.84004857
0.0356887937187723;0.022488506172473156;-0.0815743856429081;0.004739043556081156;1.0052765764185676;0.010255130317990578;0.00010516769783896952;1.0110948124266455;0.03380684023341429;4.797779463725913;0.26036479909185756;0.06778982860614335;0.8491018131309627;-0.1023992831446497;0.21353724610691474;1.2880965312718797;0;53.73369083;86.83967227
0.0101967982053635;0.021453701557471953;-0.0825940654634444;0.01177866289305285;0.9875039722456485;0.013566610057847327;0.00018405290846168425;1.0239276261441161;0.046639653950884985;4.797779463725913;0.6947296174066263;0.4826492413019573;2.400640597012641;-0.1023992831446497;0.21239263367661773;1.2880965312718797;0;53.733782510000005;86.83930826999999
0.0132558376669725;0.021859392346137794;-0.0713775874375446;0.012393759749923744;0.9978519203355983;0.01938231081566933;0.00037567397255521234;1.0433377676241877;0.06604979543095657;4.797779463725913;0.7454715737917442;0.55572786733154;2.400640597012641;-0.1023992831446497;0.17347390290463113;1.2880965312718797;0;53.73387382;86.83893366
-0.0173345569491179;0.02144723862569179;-0.0672988681553992;0.01898053636549816;0.9772879721932312;0.019779978279261586;0.00039124754072806015;1.0433377676241877;0.06604979543095657;4.797779463725913;1.1151926633699591;1.2436546764341831;3.374401023672525;-0.2738517693582967;0.12880363931142777;1.1166440450582327;0;53.73395717;86.83858692999999
0.0050983991026817;0.024699976600264587;-0.078515346181299;0.018411112242694323;1.0023789757305503;0.020057239435133874;0.0004022928537582894;1.0433377676241877;0.06604979543095657;4.797779463725913;1.0814166375906527;1.1694619440578728;3.374401023672525;-0.4307723598277851;0.11310361532572394;0.9597234545887443;0;53.73403568;86.83822255999999
-0.0244723156928724;0.03267645616081502;-0.0428265524625267;0.018729322220970478;1.0239276261441161;0.024363430901800282;0.0005935767653067968;1.0433377676241877;0.07714486306728474;4.797779463725913;1.091124016819425;1.1905516200801567;3.374401023672525;-0.2938457420407823;0.12859488717527193;1.096650072375747;0;53.73411111;86.83785255
-0.0305903946160905;0.03179210588940651;-0.061180789232181;0.01751555487853863;1.0433377676241877;0.025141768998504534;0.0006321085483741636;1.0433377676241877;0.07714486306728474;4.797779463725913;1.0225056773954533;1.045517860305935;3.374401023672525;-0.184341587613015;0.16214809139664738;1.2061542268035144;0;53.73419182;86.83747502
-0.0163148771285816;0.03433157623985966;-0.0254919955134087;0.018335659124122012;1.0262442923527721;0.04111660100657985;0.0016905748783342832;1.0433377676241877;0.1423388461196472;5.585328120945464;1.16472524476768;1.3565848957991318;4.161949680892076;-0.184341587613015;0.18362397303526345;1.2061542268035144;0;53.73428355;86.83709315
-0.0479249515652085;0.03343693060041414;-0.061180789232181;0.03110515608871898;1.025687411302063;0.04111411163658228;0.0016903701756653508;1.0433377676241877;0.1423388461196472;5.585328120945464;1.8669911775115722;3.4856560569060466;6.873956071207728;-0.146878899837095;0.19512638623775846;1.2436169145794342;0;53.73439037000001;86.83669309
-0.0764759865402263;0.03343693060041414;-0.0458855919241358;0.030902448933972208;0.966192904556903;0.04064414668033723;0.0016519466593727678;1.0433377676241877;0.1423388461196472;5.585328120945464;1.8543475977422417;3.4386050132524226;6.873956071207728;-0.0642823778336325;0.14405122763800346;1.1530300293439564;0;53.73450938;86.83627962
-0.0713775874375446;0.03324079755459596;-0.0530233506678902;0.03171570343715127;0.9859692248621025;0.040629549840812816;0.0016507603202670928;1.0433377676241877;0.1423388461196472;5.585328120945464;1.9093812168594422;3.645736631295644;6.873956071207728;0.1843784364063081;0.11328343022938868;1.1699022273170736;0;53.73464805;86.83585509000001
0.0275313551544814;0.04731968714262143;-0.0876924645661262;0.03594907683785525;0.9009989215045405;0.042741919249696836;0.0018268716611476046;1.045412532248383;0.1444136107438424;5.585328120945464;2.1440094079903615;4.59677634155118;6.873956071207728;0.3329237893874129;0.10021113071898129;1.0356056923101489;1;53.734809330000004;86.83542501000001
0.0050983991026817;0.06587171978752315;0.0224329560517997;0.03476644666306179;0.9975121753216359;0.04003176905948807;0.0016025425340321863;1.045412532248383;0.1444136107438424;5.585328120945464;2.0934926658780455;4.382711542085166;6.873956071207728;0.4182024266698098;0.10456428094436039;0.9750064518297262;1;53.73497875;86.83499795
-0.0173345569491179;0.06566373862791147;-0.0326297542571632;0.03648814052987696;0.9958931496020488;0.03954119229690775;0.001563505888261037;1.045412532248383;0.1444136107438424;5.585328120945464;2.1725725647982053;4.720071549313852;6.873956071207728;0.4478493206239128;0.10433254954437937;0.878621680451698;1;53.73514319000001;86.83457102999999
0.003059039461609;0.06293709313801038;-0.0010196798205363;0.038164467868459555;1.0013307756056842;0.03812452663357882;0.001453479531034461;1.045412532248383;0.1444136107438424;5.585328120945464;2.277716517556762;5.1879925343509035;6.873956071207728;0.6388236689233937;0.1171088923579758;0.9341239115761846;1;53.735298209999996;86.83416029
0.0815743856429081;0.05690507761836668;0.0152951973080452;0.03867505301116621;1.045412532248383;0.03720577388210301;0.001384269610166179;1.045412532248383;0.1444136107438424;5.585328120945464;2.301846199755141;5.298495927327186;6.873956071207728;0.7532302461565923;0.13423104503167915;1.0485304888093832;1;53.7354395;86.8337563
0.133578056490262;0.04945709926696353;-0.0418068726419904;0.03953738285924158;1.0080312521219974;0.0376170899976006;0.001415045459887583;1.045412532248383;0.1444136107438424;5.585328120945464;2.341832750522447;5.484180631419529;6.873956071207728;0.8239797221556212;0.14788652178236164;1.119279964808412;1;53.73555484999999;86.83335708999999
0.0163148771285816;0.049542403288240604;-0.0672988681553992;0.0359102109391659;1.0199938335705145;0.017232469480183185;0.00029695800438544497;1.045412532248383;0.06337391024565031;4.555930385768818;2.05199114505133;4.2106676593690695;5.844558336031082;0.9169832279628692;0.1319745496482666;1.0638621277999643;0;53.735637499999996;86.83292774
0.0091771183848271;0.05157884625214443;-0.0780055062710309;0.030921369074156844;0.9820386220027326;0.016970629377965323;0.00028800226148425974;1.045412532248383;0.06337391024565031;4.555930385768818;1.764959726490774;3.1150828361343876;5.394242051020584;0.9169832279628692;0.09497392451320845;0.9812656057965017;0;53.735685000000004;86.83248372
-0.0265116753339451;0.05302433112019147;-0.058121749770572;0.03116586868180951;0.9982733143728706;0.016563261793160408;0.00027434164122876734;1.045412532248383;0.06337391024565031;4.555930385768818;1.7777988410629941;3.160568719284925;5.394242051020584;0.9169832279628692;0.06012732969417246;0.7326047915565611;0;53.735704850000005;86.83201972999998
-0.0132558376669725;0.05311576033046616;-0.0672988681553992;0.031592206716035534;1.0138453452660732;0.019419124680011803;0.0003771024033378436;1.045412532248383;0.0689968239740929;4.555930385768818;1.802675280416316;3.2496381666240435;5.394242051020584;0.9169832279628692;0.11699111333313571;1.1807131661575987;0;53.73569244;86.83153628
0.0101967982053635;0.048546945666047066;-0.023452635872336;0.03120920878084637;1.000632750959385;0.01682823783286758;0.0002831895885595557;1.0199938335705145;0.04915475403110514;4.555930385768818;1.7922086295806368;3.2120117719433043;5.338271321024545;0.9169832279628692;0.24751066231026242;1.5475406236215874;0;53.735649880000004;86.83103036
-0.0265116753339451;0.022340324129700648;-0.0173345569491179;0.03148010873585317;1.0048839869214263;0.01838475601971225;0.0003379992539043459;1.0232876929003154;0.052448613360906005;4.555930385768818;1.805473254005536;3.259733670929339;5.338271321024545;0.9169832279628692;0.45358324243346687;1.940532036884845;0;53.735590990000006;86.83050811000001
-0.0336494340776996;0.021487062403701743;-0.0509839910268175;0.031139167869317582;1.0123474516243445;0.01719631236694828;0.00029571315902165833;1.0232876929003154;0.052448613360906005;4.555930385768818;1.7906849970485916;3.2065527586549143;5.338271321024545;0.9169832279628692;0.6412534950712616;2.0528410188795956;0;53.735529220000004;86.82997018
0.0336494340776996;0.02043610956885483;0.0020393596410727;0.027254269598920255;0.97641570827429;0.01875450196836895;0.0003517313440815549;1.028111994735362;0.05727291519595268;3.806081948290665;1.5502752897091634;2.4033534738828304;4.588422883546392;0.9169832279628692;0.7723357141962197;2.1525248628415867;0;53.73546789000001;86.82941221
-0.0050983991026817;0.021796211050890715;0.0132558376669725;0.025435510650760065;0.9708390795394094;0.020752294570198976;0.00043065772992830983;1.0306940573554553;0.05985497781604587;3.806081948290665;1.4394345205024572;2.071971738814139;4.588422883546392;0.9169832279628692;0.7286841196749151;2.1525248628415867;0;53.73540542999999;86.82882751
-0.0224329560517997;0.022538858352363897;-0.0520036708473539;0.02331281356689391;1.0232876929003154;0.02081311188111031;0.00043318562617561504;1.0306940573554553;0.05985497781604587;3.051894170515375;1.318370655559284;1.7381011854398163;3.8342351057711026;0.9169832279628692;0.5911662096907391;2.1525248628415867;0;53.735338690000006;86.82820013
-0.023452635872336;0.022059636441085082;-0.0101967982053635;0.02331281356689391;0.9904393177241313;0.02172696299539588;0.00047206092100330184;1.0306940573554553;0.05985497781604587;3.051894170515375;1.318288746585108;1.7378852193729353;3.8342351057711026;0.6986055863979689;0.39949411896070924;1.9341472212766861;0;53.73526905999999;86.82753658
-0.0137656775772407;0.02248189108411734;-0.0193739165901906;0.023818007499547898;1.028111994735362;0.024817788141656156;0.0006159226082441289;1.0415743622919493;0.07073528275253993;3.051894170515375;1.347784163345075;1.8165221509637834;3.8342351057711026;0.3227028503657431;0.2543890750588608;1.5582444852444604;0;53.73519572;86.82686163999999
0.0183542367696543;0.02347780648628802;-0.0367084735393086;0.02866330273473314;1.0306940573554553;0.024775330727754626;0.0006138170126696226;1.0415743622919493;0.07073528275253993;3.051894170515375;1.6226056641683355;2.632849141391165;5.20570197712258;-0.1299595910633824;0.18431899294334395;1.105582043815335;0;53.7351131;86.8261851
0.0122361578464362;0.02281143510670586;-0.0540430304884266;0.029087447955659443;1.015075256700243;0.022413422812786493;0.0005023615221847379;1.0415743622919493;0.07073528275253993;3.051894170515375;1.6462978793451597;2.71029670753637;5.20570197712258;-0.1299595910633824;0.1903880237344088;1.105582043815335;0;53.73502298;86.82551385999999
-0.0152951973080452;0.022551668962957412;-0.023452635872336;0.029426249112440347;0.9854085758616942;0.018370704709553827;0.0003374827915256231;1.0415743622919493;0.05616578643025516;3.051894170515375;1.6633768030055605;2.7668223887769994;5.20570197712258;-0.1299595910633824;0.20043314404444476;1.105582043815335;0;53.73493248;86.82485504
-0.0305903946160905;0.022507249058075246;-0.0081574385642908;0.02651516118963508;1.0415743622919493;0.01798100652218562;0.0003233165955508818;1.0415743622919493;0.05616578643025516;3.051894170515375;1.5018879628831632;2.255667453053338;5.20570197712258;-0.1299595910633824;0.174534103605762;1.105582043815335;0;53.73484225999999;86.82419905999998
-0.040787192821454;0.02688575129943944;0.037728153359845;0.028172006354686734;1.003883975412477;0.016969456472575212;0.0002879624529746248;1.0415743622919493;0.05616578643025516;3.051894170515375;1.5962633373905766;2.548056642297302;5.20570197712258;-0.1299595910633824;0.1222684637109371;1.105582043815335;0;53.73475208;86.82353800000001
-0.0571020699500356;0.0382255662633372;0.0076475986540226;0.02905585555991901;1.0070535957668199;0.01964722320394444;0.00038601337962561284;1.0415743622919493;0.0667800530276692;3.051894170515375;1.6507363989836938;2.7249306589296527;5.20570197712258;-0.121417074856433;0.04054426527131794;0.692617725445055;0;53.734655599999996;86.82286552000001
-0.0101967982053635;0.04945140515339338;0.0163148771285816;0.027367477367421594;0.9994714141167866;0.018904881356928985;0.00035739453911956114;1.0415743622919493;0.0667800530276692;3.051894170515375;1.5571434775763977;2.4246958097587177;5.20570197712258;0.0721329039391863;0.016406242929482607;0.4316973955867016;0;53.73454656;86.82221376
-0.0188640766799224;0.04944509706212756;0.0015295197308045;0.026564186952347944;1.0127189243411998;0.024304142863079078;0.0005906913603089577;1.0415743622919493;0.08533158742238;1.3637631902022411;1.5690441968311397;2.461899691609476;5.767064244899383;0.0721329039391863;0.021375766411517245;0.4316973955867016;0;53.73441566;86.8216195
0.0295707147955541;0.04907430944785718;0.0214132762312633;0.03744804123443287;0.9999529555432716;0.023795390874711688;0.0005662206268803123;1.0415743622919493;0.08533158742238;0.4487356798430955;2.1791250853460884;4.748586137584597;7.209959951123038;0.0721329039391863;0.020331226142775962;0.4316973955867016;0;53.73426849;86.82111393
0.0734169470786173;0.05735866416982173;0.0229427959620679;0.03480169368628343;0.9747943092642801;0.023431152485949517;0.0005490189068198182;1.0395925817472345;0.08334980687766513;-0.0865344336589558;2.0272954329780353;4.109926772573599;6.674689837620986;0.0721329039391863;0.02681684289298269;0.5008308767817391;0;53.734108199999994;86.8206746
0.095849903130417;0.06023617035825606;0.0265116753339451;0.035132084636549196;1.024517939944523;0.0405239639072588;0.001642191650756814;1.105742038607443;0.1494992637378737;-0.0865344336589558;2.052070015865037;4.210991350012333;6.674689837620986;0.0721329039391863;0.03199992104116414;0.5031735683528743;1;53.73393685999999;86.82029078000001
-0.0061180789232181;0.057609653887327576;0.0734169470786173;0.033782895096798285;0.9562427748695693;0.04062742034485448;0.001650587283877496;1.105742038607443;0.1494992637378737;-0.0865344336589558;1.975590643302191;3.9029583899031652;6.674689837620986;0.0721329039391863;0.0401698728896671;0.5878051504570525;1;53.73374711;86.81994231
0.0020393596410727;0.05860877791190576;0.1172631793616804;0.03289878948877732;0.9960184258782702;0.04087154770710638;0.001670483411974273;1.105742038607443;0.1494992637378737;-0.0865344336589558;1.9256405822909342;3.7080916521657676;6.674689837620986;0.0721329039391863;0.057230096999632454;0.740796391491599;1;53.73353029;86.81962309000001
-0.0938105434893443;0.05866308292540205;0.0428265524625267;0.03479422380174179;1.0395925817472345;0.04093474333285197;0.001675653211726469;1.105742038607443;0.1494992637378737;0.6371069493552248;2.0306187989901345;4.123412706812137;7.398331220635167;0.0721329039391863;0.09662093706238274;0.9935421364148525;1;53.733291009999995;86.81934029
-0.0703579076170082;0.05779707471387217;0.0214132762312633;0.03977713488363397;1.105742038607443;0.04235239639928804;0.0017937254807624263;1.105742038607443;0.1494992637378737;1.3126162656097966;2.3146714349094246;5.357703851585654;8.073840536889739;0.0721329039391863;0.15009226318088997;1.1569847618982678;1;53.733027560000004;86.81909988
0.0137656775772407;0.05248245468888512;0.0397675130009177;0.04235239312858189;1.02258546445364;0.0416236304243734;0.001732526609704823;1.105742038607443;0.1494992637378737;1.3126162656097966;2.4609769562336212;6.056407579112899;8.073840536889739;0.0721329039391863;0.1803551034021934;1.17907293043367;1;53.73274483;86.81890418999998
-0.0336494340776996;0.038459077848363644;0.0438462322830631;0.04442289358348275;1.0354315127168987;0.04174698104863778;0.0017428104266753218;1.105742038607443;0.1494992637378737;1.3126162656097966;2.5763053284450064;6.637349145374133;8.073840536889739;0.0371106151046133;0.19147910140333638;1.3716245690096138;1;53.73244655999999;86.81872367999999
-0.020393596410727;0.038752305202230254;-0.0112164780258998;0.04227321388716476;1.0087318877388687;0.039326452901507304;0.0015465698978144723;1.105742038607443;0.13111307134670225;1.3126162656097966;2.4240086222736674;5.875817800857084;8.073840536889739;-0.2046823450355027;0.26375235901703686;1.6939038625369398;0;53.73214856;86.81854088
-0.0163148771285816;0.0387367999857766;-0.0224329560517997;0.025307844653662627;0.979285550453758;0.04123884546677391;0.001700642375432459;1.105742038607443;0.13355646908397645;1.3126162656097966;1.4180751422392097;2.010937109036755;3.7395807099740663;-0.4286979728425528;0.4034835020514252;1.8916172979360546;0;53.731844509999995;86.81834435
0.0285510349750178;0.038932396935628985;-0.0112164780258998;0.02262684864654736;0.9824306833808536;0.0407040638801766;0.0016568208163614969;1.105742038607443;0.13355646908397645;1.3126162656097966;1.2706217408295748;1.6144796082687791;3.7395807099740663;-0.431040664413688;0.5350916963627761;2.062519146244157;0;53.73153556;86.81811732
0.0112164780258998;0.03856702939366518;-0.0101967982053635;0.022084236863070855;0.9994011916143557;0.021223304534843425;0.0004504286553787055;1.0354315127168987;0.06324594319343213;1.3126162656097966;1.2457248214280414;1.5518303307219259;3.7395807099740663;-0.5156722465178663;0.5630105162925545;1.977887564139979;1;53.731222869999996;86.81784559
-0.0402773529111858;0.03608671871765367;-0.0020393596410727;0.019067452205708466;0.9746289672607408;0.01939309452788846;0.00037609211536761744;1.0354315127168987;0.06324594319343213;1.3126162656097966;1.0782057693707932;1.1625276811044638;3.7395807099740663;-0.6686634875524128;0.5876518504138478;2.098291643942737;0;53.730926069999995;86.81754623
-0.0509839910268175;0.03639561079541136;0.014785357397777;0.01096662894864504;0.9721855695234666;0.012341018607828422;0.00015230074027876734;1.0087318877388687;0.03654631821540211;1.3126162656097966;0.6405673528854589;0.41032653358268395;2.1840252474526434;-0.9214092324756662;0.5631850831294201;1.9376888233587903;1;53.73064763;86.81721915
-0.0948302233098807;0.03707490172770115;0.0061180789232181;0.011568860626843602;0.9865390406939978;0.012672904224369447;0.00016060250148004098;1.0103944003830476;0.038208830859581044;1.3126162656097966;0.6749010166962102;0.4554913823375782;2.1840252474526434;-1.0848518579590816;0.5815778061932947;2.143523105159731;0;53.73038340000001;86.8168602
-0.0672988681553992;0.03671984089455168;0.0010196798205363;0.009626243167587981;1.002567742784237;0.013227619345985127;0.00017496991356228;1.0103944003830476;0.038208830859581044;0.8913213351223052;0.5607113129030603;0.31439717641747356;1.762730316965152;-1.1069400264944838;0.6225971434982281;2.5162058691036284;0;53.730131619999995;86.81646506
-0.0173345569491179;0.02981393954810896;-0.0152951973080452;0.01033521497601456;0.983243153519258;0.013274618394337636;0.00017621549351528711;1.0103944003830476;0.038208830859581044;0.8913213351223052;0.6007786791803468;0.3609350213576821;1.762730316965152;-1.3345139539050006;0.5474222830665886;2.3752817844655554;0;53.729888970000005;86.81600737
-0.0142755174875089;0.025233785131106284;-0.0091771183848271;0.011191215075332602;0.9810787805877358;0.01295014735340614;0.00016770631647493203;1.0103944003830476;0.038208830859581044;0.8913213351223052;0.6500466083133289;0.4225605929796625;2.006335595581769;-1.8985862075724425;0.37558995799904366;1.8112095307981135;0;53.72966246;86.81550694
-0.0530233506678902;0.027844085179895575;0.0076475986540226;0.022335152279430216;1.0103944003830476;0.023789959002613086;0.0005659621493460114;1.0532675587232059;0.0810819891997393;0.8913213351223052;1.2331188175094663;1.5205820180959446;4.443591483234015;-2.3203152707786074;0.27509594448703617;1.3894804675919485;1;53.72945197;86.81497133
-0.0285510349750178;0.05285804867082382;-0.0040787192821454;0.02227850678687142;0.9732019935891947;0.022963681140203657;0.0005273306515089452;1.0532675587232059;0.0800655651340112;0.8913213351223052;1.2286104147898769;1.5094835513301534;4.443591483234015;-2.450437506645039;0.21480226223421506;1.2593582317255172;1;53.72927032;86.81441335999999
-0.0336494340776996;0.055916834038937456;0.0142755174875089;0.02268701670991367;0.9928215610938782;0.022733607854789492;0.0005168169260953465;1.0532675587232059;0.0800655651340112;0.8913213351223052;1.251974943509166;1.5674412591747795;4.443591483234015;-2.450437506645039;0.1677378135120765;1.2593582317255172;1;53.729126210000004;86.81385197
-0.020393596410727;0.056161745415;0.0193739165901906;0.03172685692071123;0.9956049543445387;0.024229291319269035;0.0005870585578340059;1.0532675587232059;0.08058867642173506;3.606243141872168;1.801864554282249;3.246715871978768;7.158513289983878;-2.4533226526854226;0.16726447616455867;1.2564730856851334;1;53.72903298;86.8133261
-0.0795350260018354;0.0551152428206704;0.0652595085143265;0.03383948651330931;1.0532675587232059;0.023786289773126745;0.0005657875811711541;1.0532675587232059;0.08058867642173506;3.606243141872168;1.920421775475244;3.6880197957194887;7.158513289983878;-1.9117787166750944;0.32084827694613655;1.7980170216954616;1;53.728981039999994;86.81283896
-0.1876210869786886;0.05377418814203223;0.0112164780258998;0.04039531817161863;1.0138027841360275;0.02301228890895307;0.0005295654408291246;1.0532675587232059;0.08058867642173506;3.95936385893538;2.2915312908983356;5.251115657166192;7.51163400704709;-1.470563975734308;0.5894584745328708;2.2392317626362477;1;53.72897385;86.81239145
-0.1254206179259712;0.054720600295290446;-0.0040787192821454;0.0406419129553088;0.9909488565859975;0.028840473023709963;0.0008317728842313422;1.0532675587232059;0.10947469906595497;3.95936385893538;2.3088265982861205;5.330680260953459;7.51163400704709;-1.387768045225019;0.8208930699024245;2.322027693145537;0;53.72900936;86.81198152
-0.0448659121035994;0.060507590145594745;-0.061180789232181;0.04072837720316469;0.9726788823014708;0.028327611776081806;0.0008024535889364086;1.0532675587232059;0.10947469906595497;3.95936385893538;2.314247762867835;5.35574270793878;7.51163400704709;-1.3537227077141476;0.9116486063590502;2.3560730306564084;0;53.729095099999995;86.81161926
-0.0316100744366268;0.062412772198788005;-0.037728153359845;0.04038884708099704;1.0015161066260387;0.02859429858014437;0.0008176339112904463;1.0532675587232059;0.10947469906595497;3.95936385893538;2.293958527276392;5.262245724864072;7.51163400704709;-1.1762631646788355;0.9033243450836945;2.33220055625283;0;53.729236760000006;86.81132828
-0.0305903946160905;0.06419044425999411;-0.0693382277964719;0.047126419937968275;1.004189467571952;0.03140238076270181;0.000986109517565705;1.0532675587232059;0.10947469906595497;3.95936385893538;2.65913430248945;7.070995238676054;8.012900478789552;-0.8164972447968009;0.9060095291570421;2.6245374810960778;1;53.729431180000006;86.81109262
-0.0305903946160905;0.07005933383367778;0.0132558376669725;0.04158396608585298;0.9437928596572509;0.027444112269779594;0.0007531792982762668;1.038597332670669;0.0948044730134181;3.95936385893538;2.364767961593013;5.592127512176773;8.012900478789552;-0.5896394329471955;0.8264644570769679;2.7220622388440594;1;53.72967341;86.81090477
0.0244723156928724;0.05349848863627559;0.003059039461609;0.04158396608585298;1.0123326874530343;0.027316490790988045;0.0007461906691341347;1.038597332670669;0.0948044730134181;3.95936385893538;2.3648328074568115;5.592434207224065;8.012900478789552;-0.3661886326736961;0.6700318516787799;2.6348666753202443;0;53.729944880000005;86.81073592
-0.0040787192821454;0.03957458407646851;0.0061180789232181;0.04349359114415769;0.9850381510542692;0.028256666377732595;0.0007984391947824837;1.038597332670669;0.0948044730134181;3.95936385893538;2.467178057377118;6.0869675668031284;8.012900478789552;-0.1310516955294848;0.5062033115656401;2.3222709571559377;0;53.7302294;86.81056988
0.003059039461609;0.03723902720695002;0.0734169470786173;0.0449333251229705;1.038597332670669;0.027739210963012313;0.0007694638248505025;1.038597332670669;0.0948044730134181;4.187639191467151;2.5522090620598;6.513771096460164;8.241175811321323;0.1446532345376443;0.4377588420849323;2.0564319512127387;1;53.73050754;86.81038466
0.0469052717446721;0.035735862176933836;0.0112164780258998;0.05151777494579144;1.0269309832858353;0.027738751077023945;0.0007694383113130972;1.038597332670669;0.0948044730134181;5.304571439097611;2.928695710036428;8.57725856198578;9.358108058951782;0.3647958698113229;0.4471494013183616;1.835359845545631;1;53.730770899999996;86.8101309
0.0632201488732537;0.03482537921692268;0.0112164780258998;0.05095463845808852;1.0115228959234526;0.027734622955226013;0.0007692093104685497;1.038597332670669;0.0948044730134181;5.304571439097611;2.8969736301443842;8.392456213751933;9.358108058951782;0.3647958698113229;0.4258810108097018;1.752563915036342;1;53.73100617;86.80986184999999
-0.0520036708473539;0.03370415017474616;-0.0458855919241358;0.05373582585966516;1.024070286879888;0.018964260188978333;0.0003596431645152686;1.038597332670669;0.06113063985490297;5.304571439097611;3.0539266627554396;9.326468061488576;9.358108058951782;0.3647958698113229;0.36369931490452295;1.7185185775254705;1;53.73121324;86.8095774
0.0091771183848271;0.04262920921333394;-0.0713775874375446;0.05347097553718735;0.977466692815766;0.018934704016133785;0.00035852301617859294;1.038597332670669;0.06113063985490297;5.304571439097611;3.0345980429034065;9.208785281993185;9.358108058951782;0.3647958698113229;0.2752770248882185;1.5410590344901585;1;53.73138456;86.80927512
0.0142755174875089;0.04896731518543828;-0.092790863668808;0.052610192343255105;1.0036866505574273;0.017222373214174705;0.0002966101391283224;1.038597332670669;0.06113063985490297;5.304571439097611;2.984158442744403;8.905201611402699;9.358108058951782;0.3647958698113229;0.16761533788921903;1.1812931146081238;0;53.73152118;86.80893814000001
0.037728153359845;0.0493489743371702;-0.0642398286937901;0.03958148016392377;1.003076303486478;0.014561664887013721;0.00021204208428168833;1.0269309832858353;0.04946429047006928;5.304571439097611;2.2721435389340154;5.162636261519592;5.939920401851047;0.3647958698113229;0.10216753447015048;0.9544353027585184;0;53.731623739999996;86.80857222
-0.0214132762312633;0.04591960012046583;-0.0815743856429081;0.04306868262136281;0.9957266121539456;0.013760563130363977;0.00018935309766473244;1.024070286879888;0.04660359406412207;5.304571439097611;2.4669129043715694;6.0856592777549725;7.135548314450302;0.3647958698113229;0.1281295576579463;1.1274817402175672;0;53.73169163;86.80815627000001
-0.0729071071683491;0.039751858851384665;-0.0545528703986948;0.057642757694589146;1.0110426229403129;0.014518431045173523;0.00021078484001345833;1.024070286879888;0.04660359406412207;5.304571439097611;3.317945196792833;11.008760328920632;10.508586730888862;0.3647958698113229;0.22936253176362242;1.4161808718938291;0;53.73173309;86.80770365
-0.0734169470786173;0.03774349902305976;-0.0071377587437544;0.06634645742373743;1.014208324235539;0.01264692074899254;0.00015994460443129806;1.0212392480615862;0.04377255524582013;5.304571439097611;3.814954713905694;14.553879469151273;10.508586730888862;0.3647958698113229;0.3479495992637222;1.5276858288729886;0;53.73175109;86.80722245
-0.0265116753339451;0.03696036558551739;-0.0020393596410727;0.06584727132121;0.9965819742401268;0.010533605522555306;0.00011095684530480765;1.0212392480615862;0.0321235420827094;5.304571439097611;3.7788473909014053;14.279687603722358;10.508586730888862;0.3647958698113229;0.48298653646666057;1.7996221187048183;0;53.73175282;86.80673010000001
0.0061180789232181;0.03670253279420953;0.0326297542571632;0.0600075052750296;1.0212392480615862;0.010613921093058315;0.0001126553209696682;1.0212392480615862;0.0321235420827094;4.69919354881994;3.445587707380327;11.872074649250418;9.903208840611189;0.3231711470894701;0.6027203793750184;2.0858960263213793;0;53.73173985999999;86.80627938
0.020393596410727;0.03344146509200868;0.0897318242071989;0.056032130352854044;0.9892996468420653;0.011083470411018682;0.00012284331635192665;1.0212392480615862;0.0321235420827094;4.69919354881994;3.2152344931787606;10.337732846126482;9.903208840611189;0.3231711470894701;0.6990978755195826;2.215029732608206;1;53.73171929;86.80581337
-0.0193739165901906;0.03631139670943531;0.0774956663607627;0.0452760295172748;1.0039985458653016;0.010914321422444499;0.00011912241211243092;1.0212392480615862;0.0321235420827094;3.0930128990706285;2.5884630323362288;6.700140869771264;8.297028190861878;0.3231711470894701;0.8254645155316032;2.6875706690479872;1;53.73169342999999;86.80533951000001
-0.0152951973080452;0.02958926636763935;0.0428265524625267;0.03468081658116574;0.9891157059788768;0.01660365067906706;0.00027568121587248406;1.0212392480615862;0.05757438087292521;0.4032374981587382;1.988361138290059;3.9535800162621393;5.607252789949988;0.2528947780701632;0.7884406680458409;2.7575499417971914;1;53.731663219999994;86.80485874000001
0.0112164780258998;0.020893071151358723;0.0479249515652085;0.030242910076806063;0.9984607749361529;0.015907320662635373;0.0002530428506639063;1.0212392480615862;0.05757438087292521;0.117247536995195;1.735922858464224;3.013428170538602;5.321262828786445;-0.2279737438772912;0.6120442057605585;2.320424152837352;1;53.731622200000004;86.80437995999999
0.0132558376669725;0.03891503385757289;0.0591414295911083;0.025956866201046248;1.0123186933875448;0.015930712209807314;0.00025378759151170377;1.0212392480615862;0.05757438087292521;-0.3031324722782915;1.491071613279442;2.2232945559277577;4.900882819512958;-0.7626858704062442;0.4317350951077291;1.7857120263083992;1;53.7315679;86.80390070000001
0.0275313551544814;0.05950181004519042;0.0759661466299581;0.025775980690389565;1.0096623516033025;0.014021552398548203;0.00019660393166523286;1.0123186933875448;0.04865382619888381;-0.3031324722782915;1.475858250114397;2.17815757443073;4.900882819512958;-1.0513850020825062;0.30515485551577676;1.4970128946321373;1;53.731503769999996;86.80343977
-0.0101967982053635;0.06283635270262014;0.0050983991026817;0.030705787892865984;0.963664867188661;0.019829517064361604;0.00039320974700580806;1.0123186933875448;0.060017304465913246;0.9202842137339914;1.7580269371505928;3.0906587117470945;5.347178522755656;-1.1628899590616657;0.21301287967335508;1.3855079376529778;1;53.73143986;86.80298930000001
-0.0326297542571632;0.063000504178708;0.0367084735393086;0.04278502353558122;1.0035478266272264;0.019990453628954994;0.00039961823629139993;1.0123186933875448;0.060017304465913246;3.4853880635233856;2.4441440026079984;5.973839905484647;7.800352020058471;-1.4348262488934953;0.12594876272513622;1.1135716478211481;0;53.73138838999999;86.80255895
-0.1070663811563169;0.06371165456905711;0.0744366268991536;0.04290205147198344;1.0027030731088256;0.02113292446685447;0.0004466004965217762;1.0156650851711932;0.06336369624956173;3.4853880635233856;2.4496269524964243;6.000672206396918;7.800352020058471;-1.7627248792319092;0.08405045497740893;0.7856730174827342;0;53.731351540000006;86.80213554000001
-0.1560110125420618;0.06198373452491181;0.0346691138982359;0.042468471005777386;0.9928592619058892;0.02560151014070759;0.0006554373214847536;1.0412513797906942;0.08894999086906263;3.4853880635233856;2.4242449353948015;5.8769635067873445;7.800352020058471;-1.659190683759304;0.09360060888225366;0.8892072129553394;1;53.73133676;86.80165484
-0.1147139798103395;0.06163983491784637;-0.0152951973080452;0.04086730770917091;0.9523013889216315;0.027357106122396196;0.0007484112553920475;1.0412513797906942;0.08894999086906263;3.4853880635233856;2.334892998372984;5.451725313851182;7.800352020058471;-1.4038132561313552;0.1422565402868352;1.1445846405832882;0;53.73132065;86.80115745
-0.0152951973080452;0.05479731589740793;-0.061180789232181;0.03571646001888025;1.006362510931936;0.027447026851096006;0.0007533392829647852;1.0412513797906942;0.08894999086906263;3.4853880635233856;2.044115931266774;4.17840994045863;7.742711814548771;-1.338100085279162;0.1809135237549829;1.2102978114354814;0;53.731306530000005;86.80063644999998
-0.0020393596410727;0.05907546522928932;0.0112164780258998;0.03588474645303876;1.0156650851711932;0.023880468381518062;0.0005702767701206839;1.0412513797906942;0.08894999086906263;3.4853880635233856;2.053762795810912;4.2179416214570535;7.742711814548771;-1.338100085279162;0.172634729444779;1.2102978114354814;0;53.73130116;86.80008835999999
-0.0142755174875089;0.0644746273213409;0.0112164780258998;0.034516325093623616;1.0412513797906942;0.02408678024465563;0.0005801729825543327;1.0412513797906942;0.08894999086906263;3.4853880635233856;1.9753561726060846;3.9020320086529594;7.742711814548771;-1.217292908814214;0.14557446858433912;1.1545296298208363;0;53.7313083;86.79951694
-0.1040073416947078;0.06922567175484322;0.003059039461609;0.02503793294567745;1.032076172560671;0.024206826610366328;0.0005859704545443393;1.0412513797906942;0.08894999086906263;3.4853880635233856;1.4323800092145749;2.0517124907975455;5.486475097317978;-0.8969530372203831;0.15104053851003496;1.163206722912427;0;53.731328559999994;86.7989228
-0.058121749770572;0.058095804756259375;-0.0050983991026817;0.022012911741557034;1.0121856759139283;0.024081622218526375;0.0005799245286758232;1.0412513797906942;0.08894999086906263;3.4853880635233856;1.255267579495901;1.575696696133498;4.187338601850036;-0.5247727886120778;0.22203898535920585;1.4815898304268589;0;53.73135827;86.79830738999999
0.0229427959620679;0.04975069871922817;-0.0020393596410727;0.022642096990166335;1.0036292844143102;0.015923451389097867;0.0002535563041409628;1.0412513797906942;0.04975444488991321;3.4853880635233856;1.2898817167185386;1.6637948431247642;4.187338601850036;-0.2003268784284519;0.3144023425243925;1.774413598082506;0;53.73138229999999;86.7976863
0.0254919955134087;0.05132188654436124;0.0050983991026817;0.011815386380839827;1.0169531198741095;0.01583840555833605;0.0002508550906303303;1.0412513797906942;0.04975444488991321;1.3553873358707738;0.6745914158129143;0.4550735782884722;2.057337874197424;0.1892044570250833;0.43087759526213254;2.016297346379627;0;53.73138193;86.79705361
0.0540430304884266;0.05325925326313913;0.0122361578464362;0.013462949026999476;0.9987851027260498;0.015813085632711183;0.00025005367722745687;1.0412513797906942;0.04975444488991321;1.3820674005974571;0.7656833560720568;0.5862710017657682;2.0840179389241076;0.4633725149784899;0.5481502953339129;2.1225631987377938;0;53.73134705;86.79641457
0.0367084735393086;0.05363665014968652;0.0061180789232181;0.015658717479178873;0.9948841009600798;0.012718231857807018;0.00016175342158893737;1.032076172560671;0.04057923765989013;1.998689497260256;0.8976399144948028;0.8057574160942369;2.7006400355869067;0.4633725149784899;0.5331519815062973;1.8671857711098452;0;53.731274080000006;86.79583984000001
0.0469052717446721;0.04265928020095985;-0.023452635872336;0.0212817707322439;0.991496934900781;0.009190038360572006;8.445680506878499e-05;1.0169531198741095;0.025456184973328577;3.21267379457;1.2200505169613574;1.488523263937675;3.9146243328966506;0.4633725149784899;0.47746246266245723;1.8528861379614563;0;53.73119124;86.79529876
0.0438462322830631;0.04215091158722718;-0.0142755174875089;0.025074415404725953;1.0100263191269583;0.008699921346718266;7.568863143908418e-05;1.0169531198741095;0.025456184973328577;3.2912967178036707;1.4355385061436026;2.060770802621006;3.993247256130321;0.4633725149784899;0.3904909504277149;1.8528861379614563;0;53.731096;86.79479648
-0.0397675130009177;0.043685244948907576;-0.0244723156928724;0.027736207482374483;1.0146367593318795;0.008745486961965036;7.648354220190044e-05;1.0169531198741095;0.025456184973328577;3.5959867534954224;1.5888721859576371;2.5245148233098003;4.297937291822073;0.4633725149784899;0.2639705444854547;1.680665423792704;0;53.73098336;86.794328
-0.023452635872336;0.044694640768104976;-0.0346691138982359;0.03453175985348166;0.9940497664768285;0.007636639341256481;5.8318260428426226e-05;1.0146367593318795;0.02313982443109852;5.8695693905824085;1.9912424776931252;3.9650466049694564;6.571519928909059;0.4633725149784899;0.14501959279117024;1.360325552198873;0;53.73085326;86.79389326
-0.0418068726419904;0.03951867776330331;-0.0560823901294993;0.03290673352797287;1.0007143161569958;0.00789178967095771;6.228034421063479e-05;1.0146367593318795;0.02313982443109852;5.8695693905824085;1.9017311355538697;3.6165813119350108;6.2219142618229935;0.4633725149784899;0.0912350478122721;0.9881453035905676;0;53.7307103;86.79349174
-0.0550627103089629;0.03944812519616378;-0.0576119098603038;0.02991200816483915;1.003475428545147;0.007734767135103691;5.9826622634280166e-05;1.0146367593318795;0.02313982443109852;5.8695693905824085;1.7302330307432423;2.993706340674946;5.059734912523558;0.4633725149784899;0.12617306870087205;1.2656054174382254;0;53.73056037;86.79312676999999
-0.0351789538085041;0.03548524843443806;-0.0627103089629856;0.03204767322641475;0.9998357116874572;0.010368241618896205;0.00010750043426781139;1.0245428038242486;0.03242512318999746;6.055794225028824;1.829557304928895;3.3472799320186812;5.245959746969973;0.4633725149784899;0.17162864202186712;1.2656054174382254;0;53.73040584;86.79278536000001
-0.0418068726419904;0.02925353811735157;-0.1014581421433669;0.02922632549489329;0.9921176806342511;0.01578388344053052;0.0002491309764642536;1.0245428038242486;0.06051817371341772;6.1326653913422575;1.696373505640741;2.8776830706398573;4.750597990744801;0.4633725149784899;0.22391945558241388;1.4974742285225198;0;53.730251859999996;86.79246753999999
-0.0173345569491179;0.030836956558786828;-0.0825940654634444;0.02408815979731285;0.9936993045107979;0.014755303273403731;0.00021771897469011886;1.0245428038242486;0.06051817371341772;6.1326653913422575;1.3974483369943969;1.9528618545684056;4.133975894082002;0.1733006410853226;0.19681973211651604;1.2074023546293524;0;53.73010386;86.79216593999999
0.0361986336290404;0.03271037930118423;-0.0876924645661262;0.0218710823383936;0.9987040306527958;0.015480458596842866;0.0002396445983685662;1.0245428038242486;0.06051817371341772;6.1326653913422575;1.2652927731331847;1.6009658017430646;3.3943297617458175;-0.0660481916511125;0.15402326060962815;0.9680535218929173;0;53.72995737;86.79186073
0.0183542367696543;0.03075217146217459;-0.1080860609768532;0.026132300382393937;1.0245428038242486;0.01563197113703528;0.000244358521629104;1.0245428038242486;0.06051817371341772;6.1326653913422575;1.5117257212320319;2.285314656234507;4.444646012925929;-0.0846097374918493;0.12857982607591562;0.9494919760521805;1;53.72978402;86.79152866000001
-0.0040787192821454;0.03495054952169286;-0.1029876618741715;0.03869054564850856;0.9640246301108308;0.015623793900453499;0.00024410293584384797;1.0245428038242486;0.06051817371341772;6.1326653913422575;2.231128352974254;4.977933727445607;6.947907906671469;-0.0846097374918493;0.11036929676393531;0.9494919760521805;0;53.729598450000005;86.79119461
0.0193739165901906;0.03372869208170237;-0.0825940654634444;0.05252646140438202;0.9947529330753982;0.015879267847937726;0.0002521511473865488;1.0245428038242486;0.06051817371341772;6.1326653913422575;3.023710053003962;9.142822484637222;8.574250139012953;-0.1041784979484635;0.07765687796207472;0.9299232155955663;0;53.72940192;86.79085984000001
0.0224329560517997;0.03237922763745911;-0.0469052717446721;0.05483659466805546;0.9817998417379712;0.015935105572678798;0.0002539275896124189;1.0245428038242486;0.06051817371341772;6.1326653913422575;3.1557610786750714;9.95882798568045;8.574250139012953;-0.38278271310266;0.050721842706384565;0.6513190004413698;0;53.72916812;86.79052876
-0.0101967982053635;0.03295041342186381;-0.0295707147955541;0.05746146857904498;1.003852385327065;0.01725548902176039;0.0002977519013800934;1.0245428038242486;0.06051817371341772;6.1326653913422575;3.3112219734076462;10.964190957177628;8.574250139012953;-0.3760154037239758;0.056927821344846134;0.658086309820054;0;53.72892204;86.79022635999999
-0.0764759865402263;0.0319145123557655;0.0142755174875089;0.05684007479551816;1.003326601055899;0.019616544626496077;0.0003848088230833121;1.0245428038242486;0.06051817371341772;6.1326653913422575;3.2815003582076057;10.768244600916645;8.574250139012953;-0.3760154037239758;0.05776501040568378;0.658086309820054;0;53.7286606;86.78995468000001
-0.0020393596410727;0.03064623720645914;0.0428265524625267;0.055192220990179466;1.0052993305284936;0.02108384936928731;0.0004445287042267969;1.0320711353865684;0.06804650527573752;6.1326653913422575;3.202109331092477;10.253504168269512;9.757987722449606;-0.3760154037239758;0.05583588096144518;0.658086309820054;1;53.72838674;86.78971666
-0.0285510349750178;0.030553361598939066;0.0152951973080452;0.0447648603013282;1.0028684520387494;0.02076877881062111;0.00043134217328450445;1.0320711353865684;0.06657864027585925;4.762736048446679;2.5666119269285104;6.587496783451681;8.388058379554028;-0.3760154037239758;0.0431664762396085;0.6563977432940804;1;53.72810002;86.78950929999999
0.0214132762312633;0.02855958160701282;0.0244723156928724;0.034337801016250474;0.9763752427205518;0.03078303219639767;0.0009475950712044557;1.0648969221788287;0.09940442706811958;2.73833562959644;1.9449016439032558;3.782642404457587;6.363657960703788;-0.3760154037239758;0.0403078890537559;0.623797435140475;1;53.72779919;86.78932879
-0.0356887937187723;0.028660128540344828;0.020393596410727;0.03206618785646552;0.9654924951107091;0.03694285439848302;0.0013647744911075164;1.0700105316124244;0.10451803650171532;1.911379858314809;1.776323372117289;3.155324722330137;5.536702189422158;-0.3760154037239758;0.04659295965561478;0.623797435140475;1;53.72748412999999;86.78918013
-0.0163148771285816;0.034865164506991224;0.0652595085143265;0.03029534165933369;1.0320711353865684;0.036983188017313276;0.0013677561959239443;1.0700105316124244;0.10451803650171532;1.911379858314809;1.669817389144742;2.788290113090163;5.536702189422158;-0.3760154037239758;0.04892598043071675;0.623797435140475;1;53.72718069;86.78907637
-0.0101967982053635;0.030228533969537636;0.0295707147955541;0.030338021373402788;0.9661432668922456;0.04195868829728343;0.0017605315236285896;1.0743520986297326;0.10885960351902346;1.911379858314809;1.6691129923742773;2.7859381813126145;5.536702189422158;-0.3760154037239758;0.05446077455170506;0.623797435140475;1;53.726864469999995;86.78900079
-0.0178443968593861;0.04165544260303058;0.0509839910268175;0.03507329686826286;1.0648969221788287;0.05215373642895954;0.0027200122235013814;1.1177490943990602;0.1522565992883511;2.0389116263840648;1.9063317151998793;3.634100608376914;5.664233957491414;-0.3760154037239758;0.05149968384462705;0.623797435140475;1;53.72654563;86.78897635000001
-0.0622004690527174;0.04374190056597531;-0.0356887937187723;0.05688314747009842;1.0700105316124244;0.059122641451809996;0.0034954867322392813;1.1177490943990602;0.17876072195068282;7.801517116680983;3.32778461582345;11.074150449311226;11.426839447788332;-0.3760154037239758;0.03825708718907446;0.623797435140475;1;53.72624908;86.7890126
0.0392576730906495;0.04323664219091004;-0.0183542367696543;0.057459055904277356;1.0175440311932;0.05689061974503689;0.003236542614974381;1.1177490943990602;0.17876072195068282;7.801517116680983;3.355322718526668;11.258190545461192;11.426839447788332;-0.5058669011394991;0.020404978609203935;0.49394593772495177;1;53.725950520000005;86.78909547999999
0.020393596410727;0.042616165085204764;0.0305903946160905;0.057069791197501316;1.0743520986297326;0.05273886531366556;0.002781387914572956;1.1177490943990602;0.17876072195068282;7.801517116680983;3.33003922012391;11.089161207563459;11.426839447788332;-0.6785169871720679;0.014621432933329046;0.44209818779505083;1;53.725646760000004;86.78922435999999
-0.1009483022330988;0.043556630079594566;-0.0397675130009177;0.05222866886478951;1.1177490943990602;0.05274247982077133;0.0027817691776444707;1.1177490943990602;0.17876072195068282;7.801517116680983;3.0681664653256253;9.413645458948741;10.545711962005269;-0.7920701320000335;0.011611057435745325;0.3285450429670852;1;53.725329099999996;86.78942894
0.0254919955134087;0.044074080172611815;-0.1274599775670439;0.05081194132795954;0.9389883724483774;0.04725660798679069;0.00223318699841721;1.1177490943990602;0.17876072195068282;7.801517116680983;2.9814006552836383;8.888749867325709;10.545711962005269;-0.7920701320000335;0.01616469409322123;0.3697940054115826;1;53.72502066;86.78966578
0.0152951973080452;0.04415110921104498;0.0346691138982359;0.04613304676840332;1.0321019876920958;0.04716781681013937;0.0022248029426348657;1.1177490943990602;0.17876072195068282;7.801517116680983;2.7397738451218006;7.506360722413496;9.726489332770047;-0.7920701320000335;0.02137488748922764;0.39229677937362084;1;53.72472414;86.7899427
-0.0061180789232181;0.04125193378225334;0.003059039461609;0.04635227145885803;1.0186831062186623;0.04554509026432298;0.0020743552471853273;1.1177490943990602;0.17876072195068282;7.801517116680983;2.760821086564313;7.622133072018155;9.726489332770047;-0.7920701320000335;0.028060380195163707;0.4727906442877884;0;53.72444497;86.79024976999999
-0.0397675130009177;0.03731542107470771;0.0010196798205363;0.05103710001396722;1.0357392444043163;0.04577675794104512;0.0020955115675930372;1.1177490943990602;0.17876072195068282;7.801517116680983;3.022756781628346;9.137058560880154;10.980563994000576;-0.8166555248256157;0.039544333018640056;0.6392973973760053;0;53.72417779;86.79063027
-0.0356887937187723;0.03496789884967045;0.003059039461609;0.05059788311809627;1.029480280765876;0.04354569974136582;0.0018962279659651875;1.1177490943990602;0.17876072195068282;7.801517116680983;3.006851743444147;9.041157407053106;10.980563994000576;-0.8166555248256157;0.03870685301161699;0.6392973973760053;0;53.7239429;86.79103794
-0.0244723156928724;0.022756355992346457;-0.0214132762312633;0.05170803418927868;1.0110257829006444;0.036275404364052924;0.0013159049617755497;1.0357392444043163;0.09847986026796285;7.801517116680983;3.1135048794104665;9.693912634112783;10.980563994000576;-0.8586867582225834;0.03075171800215859;0.5972661639790375;0;53.72372337;86.79146097
-0.0040787192821454;0.02061026041800674;0.0101967982053635;0.02380278442911626;1.0238174439302763;0.031209128501346748;0.0009740097018135739;1.053670861057912;0.11641147692155851;1.213601195616934;1.3816251653721607;1.9088880975896503;4.392648072936527;-0.9269332468476558;0.025058323027637722;0.5290196753539652;1;53.7235231;86.79188789999999
-0.0224329560517997;0.019232073302478864;0.0560823901294993;0.023274686723027346;1.0112885069921271;0.03087346324667597;0.000953170732843852;1.053670861057912;0.11641147692155851;1.213601195616934;1.3553289075739516;1.836916447705601;4.392648072936527;-0.5037287907307564;0.06259992160730622;0.9522241314708646;1;53.723333030000006;86.79230711
-0.0142755174875089;0.01940698324311584;0.0244723156928724;0.023834311470334175;1.0017263145892819;0.032494154345319;0.0010558700666174136;1.053670861057912;0.11641147692155851;1.213601195616934;1.3873146283099953;1.9246418779229006;4.392648072936527;-0.0412631692777304;0.17256185413281014;1.4146897529238907;1;53.72315776000001;86.79271552
-0.0418068726419904;0.0249123452597817;0.0489446313857448;0.03448572797623126;0.9372593841363535;0.031327472906133025;0.0009814105586844987;1.053670861057912;0.11641147692155851;1.213601195616934;1.9824932136263451;3.9302793420745132;6.795278945167968;0.0920518151633574;0.28611772227239185;1.5480047373649783;1;53.72300308;86.79308052
-0.0520036708473539;0.028127272244454327;0.0127459977567043;0.03705557714967095;1.053670861057912;0.030844051650127654;0.0009513555221957425;1.053670861057912;0.11641147692155851;1.213601195616934;2.1159278098502123;4.477150496497517;6.795278945167968;0.6919575315036364;0.509564381903685;2.1479104537052573;1;53.72285046;86.79342965999999
0.0081574385642908;0.02814533860806411;0.0265116753339451;0.034901635891571664;1.0251535554147435;0.030950602371723014;0.0009579397871725062;1.053670861057912;0.11641147692155851;0.2379745011500351;1.987058621411805;3.948401964926983;5.819652250701068;1.3278708751707464;0.8617247080481684;2.783823797372367;1;53.722703030000005;86.79375327
-0.0458855919241358;0.02799532345192087;-0.0040787192821454;0.034736735031266154;0.9820130789940347;0.030475184888709123;0.0009287368940010048;1.053670861057912;0.11641147692155851;0.2379745011500351;1.9784771612662588;3.9143718776521936;5.819652250701068;1.44177688317022;1.094232728849085;2.897729805371841;1;53.72255877;86.79405188999999
0.0254919955134087;0.029045267406495538;0.0978892627714897;0.035938188979215385;1.0064219166467503;0.031049526331563413;0.0009640730854144497;1.053670861057912;0.11641147692155851;0.2379745011500351;2.0458965917517755;4.185692864141531;5.819652250701068;1.5641825582198046;1.1384482853889695;2.7810014464163197;1;53.72242083;86.79428771
0.0254919955134087;0.036333462182726574;0.0774956663607627;0.035231089613913455;1.021921671373652;0.034426871989743535;0.001185209514998188;1.053670861057912;0.11641147692155851;0.2379745011500351;2.011763334293743;4.047191713208679;5.819652250701068;2.044677156004953;1.2193434555902876;3.0275190601288324;1;53.722276650000005;86.79449681
-0.0020393596410727;0.03678848156894644;0.0846334251045171;0.0366108210322385;1.0160749984779032;0.03057527231620636;0.000934847277210175;1.053670861057912;0.09743243549932645;0.2379745011500351;2.073504144697033;4.299419438075774;5.819652250701068;2.218877624750012;1.2140370247877863;3.199660134629532;1;53.72213094999999;86.79467111
-0.0132558376669725;0.0491120493396272;0.0825940654634444;0.034568332347268395;1.001765237149331;0.027694931767176963;0.0007670092455885877;1.0516508253863899;0.09541239982780436;0.2379745011500351;1.9461983947270707;3.787688191638227;5.819652250701068;2.218877624750012;0.973054286363398;2.7226064154807688;1;53.72198261999999;86.79481206
0.0142755174875089;0.048727586198450724;0.020393596410727;0.03309310948484494;0.985325216040785;0.02702118817806418;0.0007301446105543554;1.0516508253863899;0.09541239982780436;0.2379745011500351;1.858439878282768;3.4537987811916695;5.819652250701068;2.218877624750012;0.7031938277283912;2.2601407940277425;1;53.721819059999994;86.79491218000001
0.0601611094116447;0.04124293608595609;0.061180789232181;0.02429440521652031;0.9562384255585855;0.026602256716790427;0.0007076800624260213;1.0516508253863899;0.09541239982780436;-1.185954063690884;1.3449786510596058;1.8089675718061171;4.395723685860149;2.218877624750012;0.4867862824886259;2.126825809586655;1;53.7216519;86.7949703
0.0499643112062812;0.04225407942704081;0.0825940654634444;0.02196983462315044;1.0516508253863899;0.026723096877889995;0.000714123906745094;1.0516508253863899;0.09541239982780436;-1.185954063690884;1.2049561560211233;1.4519193379332014;3.5920031191374635;2.218877624750012;0.22416545535951501;1.5269200932463758;1;53.72148634;86.79498906
0.1356174161313347;0.04225407942704081;0.0846334251045171;0.021590313964360865;1.0311272387471033;0.02893052902393086;0.000836975509604506;1.0516508253863899;0.09541239982780436;-1.185954063690884;1.1908677034833157;1.4181658871996266;3.5920031191374635;2.218877624750012;0.12036081233840173;0.9026509963037308;1;53.721318229999994;86.79498479
0.0305903946160905;0.03992122100870984;0.0428265524625267;0.028347995597693323;1.0037260150431264;0.02848515224936182;0.0008114038986693227;1.0516508253863899;0.09541239982780436;-1.185954063690884;1.594943742090583;2.543845540433912;5.936264726729429;2.218877624750012;0.1527869121245535;1.1466659711531155;1;53.721143770000005;86.79496137
0.0326297542571632;0.036804375982377104;0.0479249515652085;0.03138247681287142;0.9867155588299651;0.028602654726445107;0.0008181118574002327;1.0516508253863899;0.09541239982780436;-1.185954063690884;1.7829831482290524;3.179028906868783;5.936264726729429;2.218877624750012;0.2665370066782783;1.5486576660895048;1;53.720963039999994;86.79492912
0.0683185479759355;0.044765666782097514;0.0683185479759355;0.033121723163944065;1.01409606072087;0.032539369225460336;0.0010588105495908354;1.0516508253863899;0.1024910236376726;-0.6770954788144101;1.8795040345168272;3.5325354157650306;6.4451233116059035;2.218877624750012;0.5322610634784102;2.160312744291794;1;53.72075724;86.79487947999999
0.0254919955134087;0.06010734096042364;0.0683185479759355;0.03365269552176314;0.9663525618114147;0.037428112215538024;0.0014008635840189066;1.072619325432671;0.12345952368395374;-0.6770954788144101;1.926906343049731;3.7129680548852875;6.4451233116059035;2.218877624750012;0.901618443517315;2.7507927675801365;1;53.720551279999995;86.79481688
0.0280411950647496;0.059974575037880416;0.1244009381054349;0.052657794684078996;1.0033443475292794;0.03666543824781486;0.001344354361904325;1.072619325432671;0.12345952368395374;3.659489098508564;3.0561643341979834;9.340140437623802;10.781707888928878;2.182651808975433;1.3071258329546522;3.2868286580413293;1;53.720347270000005;86.79474087000001
0.0101967982053635;0.04562834582445944;0.1121647802589986;0.05653110810648297;0.9914287694110506;0.04151070783853747;0.001723138865256416;1.072619325432671;0.12345952368395374;3.659489098508564;3.271123378839644;10.70024815959129;10.781707888928878;1.9790203909422637;1.7923027570182706;3.7761860811476096;1;53.720143459999996;86.79464970000001
-0.0387478331803813;0.060663308382721486;0.0112164780258998;0.056720437904906607;0.9491598017487173;0.058041508613625774;0.003368816722145595;1.072619325432671;0.20003014359105176;3.659489098508564;3.2985986911429164;10.88075332520976;10.781707888928878;1.9790203909422637;2.3202742980515985;4.392006008409621;1;53.71995058;86.7945541
-0.0907515040277353;0.0644232037507154;0.0499643112062812;0.06234389930364296;1.072619325432671;0.05918343648487416;0.0035026791541591337;1.072619325432671;0.20003014359105176;3.659489098508564;3.6159749143773587;13.075274581406346;10.781707888928878;1.7843115507010725;2.61920584354402;4.597105150241614;1;53.71975798999999;86.79445879
0.0469052717446721;0.05759784618753156;-0.061180789232181;0.06470770361087354;0.9585451327405654;0.06031142924328701;0.0036374684973680157;1.072619325432671;0.20003014359105176;3.659489098508564;3.7553883606063656;14.102941738977766;10.781707888928878;1.3162266284462814;2.7058642927362015;4.506263022750151;1;53.719565720000006;86.79436636
0.0142755174875089;0.05591179779510629;-0.0214132762312633;0.06312873646766935;1.0658761499492244;0.05954530057860095;0.0035456428209959343;1.072619325432671;0.20003014359105176;3.659489098508564;3.659106557771788;13.389060801128503;10.781707888928878;1.0722116535968966;2.580942867934842;4.3493857654493295;1;53.71935267;86.79426595
-0.1172631793616804;0.054861027618299266;0.0591414295911083;0.055100070158988115;0.8725891818416193;0.06313338926418409;0.003985824839982994;1.072619325432671;0.20003014359105176;3.659489098508564;3.2064624975551363;10.281401748227523;10.155525595359729;0.6702199586605074;2.197693836120994;4.088376387798824;1;53.719139459999994;86.79416794
-0.0846334251045171;0.05434849867223356;-0.0361986336290404;0.04230548366415464;1.0248417574193256;0.064062008401761;0.004103940920467297;1.072619325432671;0.20003014359105176;3.659489098508564;2.481964922251488;6.160149875286836;7.5458013516731635;0.0585648804582181;1.6496159415138199;3.505564553820218;1;53.71892087;86.79405942999999
-0.023452635872336;0.05430596846047976;-0.0305903946160905;0.04201447274878981;1.0336546194740597;0.06061536263626461;0.0036742221875258638;1.072619325432671;0.20003014359105176;3.659489098508564;2.468398998740022;6.092993616980743;7.5458013516731635;-0.5319151428301242;1.1032690698039624;2.9150845305318756;1;53.71873345;86.79394369
0.003059039461609;0.05369722102509921;0.0285510349750178;0.03596646646535712;1.0007179526670429;0.057185671579737675;0.0032702010340256173;1.0658761499492244;0.19328696810760515;3.659489098508564;2.1804260795916237;4.7542578885632985;7.5458013516731635;-1.104176849065896;0.6324146307815743;2.342822824296104;1;53.71855966;86.79382622
-0.0795350260018354;0.049882739599814686;-0.0428265524625267;0.03982589837589025;1.0632913930321115;0.05501141847898295;0.0030262561630697866;1.0658761499492244;0.19328696810760515;4.729172235786641;2.346633606112063;5.506689281334506;8.61548448895124;-1.797165690205346;0.27618315786110464;1.649833983156654;1;53.7183989;86.79371153999999
-0.0866727847455898;0.044687887425225725;-0.0397675130009177;0.041052016339112374;1.0413896704967884;0.053016653364716886;0.0028107655339945463;1.0632913930321115;0.19070221119049224;4.729172235786641;2.404819165219099;5.783155217405085;8.61548448895124;-2.412985617467357;0.10780137779143437;1.0340140558946427;1;53.718251280000004;86.79359975999999
-0.0428265524625267;0.043428731637834714;-0.0254919955134087;0.035934773288576104;1.018860178376914;0.026865885034280064;0.0007217757786751535;1.0632913930321115;0.09494392732187651;4.729172235786641;2.010421124550721;4.041793098039785;6.599828921769166;-2.7140459015227947;0.07091198511992274;0.7329537718392052;0;53.718119120000004;86.79348552
-0.0836137452839808;0.04237584542685677;-0.0142755174875089;0.0358432323919097;1.0038958861702225;0.028166668151502296;0.0007933611947568537;1.0632913930321115;0.09494392732187651;4.729172235786641;2.001974266392742;4.007900963298757;6.599828921769166;-2.7140459015227947;0.07176722058797441;0.7329537718392052;0;53.717996189999994;86.79337795
-0.1366370959518711;0.04180051643092071;-0.0856531049250535;0.03554319233566983;1.038900248466565;0.02920955717853628;0.0008531982305661803;1.0632913930321115;0.09494392732187651;4.729172235786641;1.9840089886040266;3.936291666861573;6.599828921769166;-2.364726690326316;0.12864401586182173;1.0822729830356836;0;53.71788494;86.79328206
-0.0214132762312633;0.03797096221102328;0.0107066381156316;0.032039561260399085;1.0403489189395392;0.029197593974331526;0.0008524994938899205;1.0632913930321115;0.09494392732187651;4.729172235786641;1.785754427668116;3.188918875936281;6.599828921769166;-1.887525470283533;0.25044038255732;1.559474203078467;1;53.71781075;86.79320019000001
-0.0173345569491179;0.037886895579971304;0.0316100744366268;0.031044417795913576;0.968347465710235;0.024090850715271096;0.0005803690881854779;1.0413896704967884;0.07304220478655343;4.729172235786641;1.7360930732038324;3.0140191588263274;6.599828921769166;-1.887525470283533;0.2948554967382618;1.559474203078467;0;53.71775477999999;86.79312630000001
-0.0499643112062812;0.036406768429306374;-0.003059039461609;0.030078202245134293;0.9964656380495663;0.021583881002696842;0.00046586391913857765;1.0403489189395392;0.07200145322930418;4.729172235786641;1.6843802440923168;2.8371368066884926;6.599828921769166;-1.887525470283533;0.2681037610757055;1.4486038802592358;0;53.717723585;86.793069505
-0.0316100744366268;0.040362818177356645;-0.0122361578464362;0.031504320468700046;0.9906891347115772;0.02133695769798535;0.0004552657638056163;1.0403489189395392;0.07200145322930418;4.729172235786641;1.7654020537461599;3.1166444113711593;6.599828921769166;-1.887525470283533;0.24121605425722814;1.3511412000837388;0;53.717701145;86.793031705
-0.0285510349750178;0.037756323746337486;-0.020393596410727;0.032164438280699904;1.0009210567483602;0.021464157915693664;0.00046071007502983496;1.0403489189395392;0.07200145322930418;4.729172235786641;1.8057128090215806;3.2605987486646075;6.599828921769166;-1.7082564718184972;0.22226492426666422;1.3334319280038849;0;53.717684205;86.793007085
-0.0326297542571632;0.015869981471448236;-0.020393596410727;0.02326972254197089;1.0091971625132519;0.018040113358323052;0.00032544568998114584;1.0403489189395392;0.07200145322930418;2.5864456503318163;1.3450442530113882;1.8091440425589633;4.457102336314342;-1.7082564718184972;0.19203707276980556;1.1156618931435518;0;53.717672605;86.792992925
-0.0323748343020291;0.015718571054540185;-0.0152951973080452;0.02258180924084618;1.009098799000439;0.014484908107241913;0.0002098125628752425;1.0091971625132519;0.04090123737386586;2.5864456503318163;1.31159611085889;1.7202843580201657;4.457102336314342;-1.7082564718184972;0.16092498412109912;1.0926049696855449;0;53.717665865;86.792988745
0.0071377587437544;0.015181500571984516;0.0173345569491179;0.020039583954573656;0.9994620514015297;0.01282476770894909;0.00016447466678850328;1.0143907900104485;0.04609486487106251;2.9962805152096794;1.143905384793147;1.3085195293587577;3.9900618721515526;-1.60327194247697;0.13281140474952738;1.1975894990270721;1;53.717666814999994;86.792994815
-0.0326297542571632;0.013625465640270744;-0.0316100744366268;0.019397456297127635;0.9982811259324911;0.013180134729378972;0.0001737159514845817;1.0143907900104485;0.04609486487106251;2.9962805152096794;1.1073019434740965;1.2261175940215112;3.9900618721515526;-1.60327194247697;0.05696584973979419;0.7614547478493463;1;53.717676055000005;86.792998935
-0.0458855919241358;0.013690174714228233;-0.0448659121035994;0.019454251074068913;0.9942218137692996;0.013206974581774725;0.00017442417760364366;1.0143907900104485;0.04609486487106251;2.9962805152096794;1.111291673015639;1.2349691825138978;3.9900618721515526;-1.60327194247697;0.03295123959648774;0.5267831282307951;1;53.717688345;86.792995865
-0.0254919955134087;0.014117467217617384;-0.023452635872336;0.020716488049822995;0.968295925139386;0.01351184033509268;0.00018256982924103748;1.0143907900104485;0.04609486487106251;2.9962805152096794;1.183644504645116;1.401014313376582;3.9900618721515526;-1.60327194247697;0.03915506233086614;0.5267831282307951;1;53.717701475;86.792991075
-0.0305903946160905;0.014102115187103359;-0.0530233506678902;0.021870752198384278;1.0143907900104485;0.01453938314532593;0.00021139366224658771;1.0200560129954217;0.0517600878560357;2.9962805152096794;1.2496867879602638;1.5617170680024415;3.9900618721515526;-1.60327194247697;0.04805394078826664;0.5721717254960585;1;53.71771575500001;86.792979755
-0.0336494340776996;0.015147575495042469;-0.0112164780258998;0.02856823941738295;1.0080678683933575;0.014576433608726545;0.00021247241674961277;1.0200560129954217;0.0517600878560357;2.9962805152096794;1.6299200057477579;2.6566392251367708;5.325459100546483;-1.60327194247697;0.05632012680287565;0.6506256551484981;1;53.71773148;86.79296988
-0.0336494340776996;0.01350193675676678;-0.0112164780258998;0.03503252162178246;1.0101059677912814;0.018408136241232206;0.0003388594798757666;1.0200560129954217;0.05213276486689811;2.9962805152096794;2.024794318173848;4.099792030909099;6.378375501503329;-1.60327194247697;0.07477904955178126;0.7232258990144971;1;53.71775047999999;86.7929556
-0.0397675130009176;0.015000041234574234;0.0010196798205363;0.041992168433337855;1.0102665327584204;0.01964143695676775;0.00038578604572668204;1.022118018988303;0.05419477085977942;2.9962805152096794;2.4022647307631386;5.770875836668495;7.115283055923241;-1.60327194247697;0.08714719336842632;0.7875180483229463;1;53.71777065;86.79293737
-0.0275313551544814;0.018391963914848427;0.003059039461609;0.03913521800747549;1.0200560129954217;0.020232255139750834;0.00040934414803997396;1.022118018988303;0.05419477085977942;2.9962805152096794;2.2376150708855223;5.006921205454021;7.115283055923241;-1.60327194247697;0.09360579738936904;0.8410476943027401;1;53.71779077;86.79291909000001
-0.0469052717446721;0.01801113667039458;0.0410421127765881;0.043989144837539566;1.0098786179252361;0.016734684620476625;0.00028004966934681684;1.022118018988303;0.05419477085977942;2.9962805152096794;2.499134811757593;6.245674807338659;8.013308722688837;-1.60327194247697;0.09393099683647813;0.8813604281827689;1;53.717811940000004;86.79290186
-0.0713775874375446;0.017779456188021337;0.0571020699500356;0.03809990777824682;0.9679232481285236;0.017636979168292263;0.0003110630341827752;1.022118018988303;0.05419477085977942;0.6375266322030453;2.177181018263298;4.74011718628601;5.654554839682202;-1.6649086962280728;0.06607007439176318;0.8443650874408222;1;53.717836809999994;86.79288833000001
-0.061180789232181;0.0182153146648036;0.0734169470786173;0.03722771170880102;1.022118018988303;0.01799004336191413;0.0003236416601635507;1.022118018988303;0.05419477085977942;0.6362402363688714;2.133175115416357;4.550436073031587;5.653268443848028;-2.056193343798012;0.02973752297108569;0.4595961232380592;1;53.71786768;86.79287056000001
-0.0071377587437544;0.018129491099547774;0.0316100744366268;0.03615042005353701;0.9855436249083512;0.01867574321211373;0.00034878338452481214;1.022118018988303;0.05419477085977942;-0.0578296500938244;2.088579457196068;4.362164149021421;6.139982421019009;-2.0935904613052982;0.022969379953201224;0.4221990057307732;1;53.717906219999996;86.79285022
-0.0458855919241358;0.01944838600408988;0.0887121443866625;0.03163958432168905;1.0144118022195987;0.018608927655313353;0.00034629218848068613;1.022118018988303;0.05419477085977942;-0.1718242047431684;1.8230049543374156;3.3233470635387627;6.025987866369665;-2.1754436679730285;0.013978815531876212;0.34034579906304296;1;53.71795099;86.79282331
-0.0361986336290404;0.019223135784406202;0.0764759865402263;0.024336230804478377;0.9855901756128818;0.020608316058552817;0.0004247026907692059;1.033052416519695;0.06512916839117144;-1.838005419676298;1.3825853941524684;1.9115423721237361;4.359806651436535;-2.253897597625468;0.007468587828118999;0.2618918694106034;1;53.71800243;86.79279539000001
-0.0265116753339451;0.01998452499321403;0.0846334251045171;0.023773645436290253;0.9905187044261077;0.020364771044875486;0.000414723899710199;1.033052416519695;0.06512916839117144;-1.838005419676298;1.3443542599341238;1.8072883762030258;4.359806651436535;-2.31150672866282;0.005554207348949484;0.2042827383732515;1;53.71805779;86.79276371
-0.0367084735393086;0.01735661931065085;0.1060467013357805;0.04236988132037124;0.9822650390078407;0.01883790436709295;0.0003548666409437396;1.033052416519695;0.054738840801821786;2.0906088943270795;2.43284127273155;5.918716658306068;8.288420965439911;-2.190577632253479;0.01068251133424794;0.3252118347825923;1;53.71811308;86.79273452
-0.0622004690527173;0.01735661931065085;0.0892219842969307;0.04236988132037124;1.00924262221328;0.01883790436709295;0.0003548666409437396;1.033052416519695;0.054738840801821786;2.0906088943270795;2.43284127273155;5.918716658306068;8.288420965439911;-2.190577632253479;0.01068251133424794;0.3252118347825923;1;53.71811308;86.79273452
-0.0571020699500356;0.01735661931065085;0.0978892627714897;0.04236988132037124;1.033052416519695;0.01883790436709295;0.0003548666409437396;1.033052416519695;0.054738840801821786;2.0906088943270795;2.43284127273155;5.918716658306068;8.288420965439911;-2.190577632253479;0.01068251133424794;0.3252118347825923;1;53.71811308;86.79273452
-0.0275313551544814;0.01735661931065085;0.0448659121035994;0.04236988132037124;0.994562160063572;0.01883790436709295;0.0003548666409437396;1.033052416519695;0.054738840801821786;2.0906088943270795;2.43284127273155;5.918716658306068;8.288420965439911;-2.190577632253479;0.01068251133424794;0.3252118347825923;1;53.71811308;86.79273452
-0.0397675130009177;0.01735661931065085;-0.0356887937187723;0.04236988132037124;0.9783135757178733;0.01883790436709295;0.0003548666409437396;1.033052416519695;0.054738840801821786;2.0906088943270795;2.43284127273155;5.918716658306068;8.288420965439911;-2.190577632253479;0.01068251133424794;0.3252118347825923;1;53.71811308;86.79273452
-0.0173345569491179;0.03318375087478218;0.0285510349750178;0.03851041037570027;1.0630312512461704;0.02909193633594179;0.0008463407597744903;1.0630312512461704;0.08881642880486174;3.879328865387911;2.205568307149847;4.864531557503842;5.646660837857112;-1.4511704239240353;0.387235186904612;1.7572347444218326;0;53.72582179999999;86.84463652
-0.0555725502192311;0.03318375087478218;-0.0662791883348628;0.03851041037570027;0.9796593444190106;0.02909193633594179;0.0008463407597744903;1.0630312512461704;0.08881642880486174;3.879328865387911;2.205568307149847;4.864531557503842;5.646660837857112;-1.4511704239240353;0.387235186904612;1.7572347444218326;0;53.72582179999999;86.84463652
-0.0132558376669725;0.03318375087478218;-0.0285510349750178;0.03851041037570027;0.9860231368986344;0.02909193633594179;0.0008463407597744903;1.0630312512461704;0.08881642880486174;3.879328865387911;2.205568307149847;4.864531557503842;5.646660837857112;-1.4511704239240353;0.387235186904612;1.7572347444218326;0;53.72582179999999;86.84463652
-0.0224329560517997;0.03318375087478218;-0.0433363923727949;0.03851041037570027;0.9831634437324404;0.02909193633594179;0.0008463407597744903;1.0630312512461704;0.08881642880486174;3.879328865387911;2.205568307149847;4.864531557503842;5.646660837857112;-1.4511704239240353;0.387235186904612;1.7572347444218326;0;53.72582179999999;86.84463652
-0.104517181604976;0.03318375087478218;-0.0336494340776996;0.03851041037570027;0.9789517089424037;0.02909193633594179;0.0008463407597744903;1.0630312512461704;0.08881642880486174;3.879328865387911;2.205568307149847;4.864531557503842;5.646660837857112;-1.4511704239240353;0.387235186904612;1.7572347444218326;1;53.72582179999999;86.84463652
-0.0836137452839808;0.03318375087478218;-0.003059039461609;0.03851041037570027;1.0190418112087443;0.02909193633594179;0.0008463407597744903;1.0630312512461704;0.08881642880486174;3.879328865387911;2.205568307149847;4.864531557503842;5.646660837857112;-1.4511704239240353;0.387235186904612;1.7572347444218326;1;53.72582179999999;86.84463652
0.0020393596410727;0.032295048411666985;0.0285510349750178;0.03471344662388143;0.9742148224413086;0.023570171332521702;0.0005555529766444278;1.0275018632473043;0.06950792348920942;3.879328865387911;2.002880158021928;4.0115289273979435;5.646660837857112;-1.4511704239240353;0.47559147671620206;2.0805015704089884;1;53.72574472;86.84456968
-0.037728153359845;0.03747471703645565;0.0316100744366268;0.03484531898314235;1.0249410510917856;0.03633714945509799;0.0013203884305221286;1.0275018632473043;0.12190447225379353;4.261826667052162;2.055761151238382;4.226153910940959;6.029158639521363;-1.4511704239240353;0.8624802887731149;2.66462421967269;0;53.72565856999999;86.84450657
-0.023452635872336;0.03865682721952865;-0.0642398286937901;0.036462525187217106;0.9965371107710026;0.03865767726852581;0.0014944160117974972;1.0275018632473043;0.12190447225379353;4.261826667052162;2.1331827446894356;4.5504686222407535;6.029158639521363;-1.4511704239240353;1.3806876021947125;3.2515558366024435;0;53.725566779999994;86.84444294
-0.0346691138982359;0.037915433637933746;-0.0479249515652085;0.03772294742801646;1.0275018632473043;0.04319746250255856;0.0018660207666599529;1.051567772923152;0.1459703819296413;4.261826667052162;2.185722340514649;4.7773821498248354;6.029158639521363;-1.4511704239240353;1.8956889100854377;3.8169170282664564;0;53.72547045;86.84438757
-0.040787192821454;0.03447546705262536;-0.0356887937187723;0.03771513718291718;0.9579939397580949;0.04294268928185542;0.0018440745627579806;1.051567772923152;0.1459703819296413;4.261826667052162;2.1851131625768927;4.77471953326679;6.029158639521363;-1.506472015621621;2.1097781792667547;3.879684179160585;1;53.72536672;86.84433248
-0.1019679820536351;0.03208437673952301;-0.0672988681553992;0.03718935693614282;0.9055973909935108;0.04425922918332175;0.0019588793679018;1.051567772923152;0.1459703819296413;4.261826667052162;2.152762625415384;4.634386921385336;6.029158639521363;-1.710858932576633;2.1073718641848007;3.9322644661133532;1;53.72525422;86.84428141999999
-0.0968695829509534;0.042983264063312474;-0.0601611094116447;0.03832573612872679;1.0270494365976413;0.05141809901327969;0.002643820906139434;1.0769006534614949;0.1713032624679841;4.261826667052162;2.183291266462307;4.766760754210584;6.106692469091902;-2.039951781857173;1.8506260101133236;3.62993020228911;1;53.725137430000004;86.84422607
-0.0316100744366268;0.06098645819107082;-0.0622004690527174;0.032559043569052336;1.051567772923152;0.05285353737389638;0.0027934964129338615;1.0769006534614949;0.1713032624679841;4.261826667052162;1.8570244567471834;3.4485398329571715;6.106692469091902;-2.4693711705313506;1.4061886096790084;3.2005108136149323;1;53.72501784999999;86.84415769
-0.0275313551544814;0.06304850732812091;-0.0305903946160905;0.04037497185620786;0.9858700928373525;0.05281112218041279;0.002789014625954488;1.0769006534614949;0.1713032624679841;6.544806153220763;2.300974918677479;5.294485576382832;8.389671955260503;-2.974737705667264;0.9625041358296921;2.695144278479019;1;53.724897780000006;86.84406578
-0.040787192821454;0.061437154774479384;-0.0101967982053635;0.04185810158177694;0.9527991312695836;0.052129514377093754;0.002717486269191624;1.0769006534614949;0.1713032624679841;6.544806153220763;2.383532386311447;5.68122663659554;8.389671955260503;-3.5316719943330237;0.5753646546934695;2.1936746228173862;1;53.72478667;86.84395211
-0.1519322932599164;0.06186020226898596;0.0346691138982359;0.0433495195953429;1.0769006534614949;0.04999580737340646;0.002499580754918764;1.0769006534614949;0.1713032624679841;6.544806153220763;2.462364738261139;6.063240104231848;8.389671955260503;-4.115794643596725;0.2647216844531497;1.6095519735536845;1;53.72469491;86.84382707
-0.1998572448251249;0.0624654115869307;-0.0101967982053635;0.04284664461358088;1.0451355048692952;0.03539690665175285;0.001252941000512905;1.0769006534614949;0.12410152219191128;6.544806153220763;2.4083473630798107;5.8001370212534775;8.389671955260503;-4.702726260526479;0.09250247330309412;1.0226203566239311;1;53.72462850000001;86.84369922
-0.1570306923625981;0.06399660983756225;-0.1142041399000713;0.04499396183546008;1.0019650158220959;0.035370301753760325;0.0012510582461520607;1.0769006534614949;0.12410152219191128;6.544806153220763;2.5251939658661176;6.376604565246651;8.389671955260503;-4.835267101673036;0.0730583117291857;0.8900795154773737;1;53.72459131000001;86.84358523
-0.133578056490262;0.06428569341696298;-0.07545630671969;0.04531786480894295;1.0039399029618712;0.03617773128911893;0.0013088282412276944;1.0769006534614949;0.12410152219191128;6.544806153220763;2.5566878517529483;6.536652771301106;8.389671955260503;-4.461981598912741;0.16807995068173764;1.2633650182376686;1;53.72458922;86.84349354000001
-0.1723258896706434;0.0673440219053619;-0.0805547058223717;0.04498581692567077;1.0152273546379538;0.035396000473329574;0.0012528768495079475;1.0769006534614949;0.12410152219191128;6.544806153220763;2.538582054022739;6.444398845006309;8.389671955260503;-4.060273353628825;0.3347488709407359;1.6650732635215846;1;53.72462829;86.84343277
-0.1417354950545528;0.0692470506266666;-0.0387478331803813;0.042591972058812794;1.029203005931142;0.030001238839152258;0.0009000743318838579;1.0769006534614949;0.10525810421992265;6.544806153220763;2.402721300333458;5.773069647076104;8.389671955260503;-3.766337853046779;0.5115917901241587;1.959008764103631;0;53.72470466;86.84339650000001
-0.0688283878862037;0.07268601958710826;-0.0897318242071989;0.028226506938147006;1.0259318123850198;0.021808259016205863;0.0004756001613179243;1.0451355048692952;0.07349295562772296;6.544806153220763;1.615917506792114;2.611189388757242;5.985794648909673;-3.4374370656755016;0.6949642174838675;2.2879095514749084;0;53.724821229999996;86.84338507
-0.0295707147955541;0.06380768634176452;-0.0695931477516059;0.02088548404345528;0.9716425492415722;0.017936387175772596;0.0003217139849192197;1.029203005931142;0.05756045668956966;6.544806153220763;1.193324681387813;1.424023795209325;4.38720256332827;-2.8715961904448157;0.9798833381337168;2.853750426705594;1;53.72497582;86.84340654
-0.0081574385642908;0.060185132381347275;-0.0601611094116447;0.014578435177355752;0.9990931946589569;0.018875373343979807;0.00035627971887462344;1.029203005931142;0.05756045668956966;5.017714081433479;0.8311215155114677;0.6907629735460789;2.8601104915409863;-2.317067014995704;1.274315504651338;3.408279602154706;0;53.72516213;86.84346997
-0.0254919955134087;0.056921215245342924;-0.0571020699500356;0.01426643560419197;0.9900466208140951;0.019131547531992397;0.00036601611096888435;1.029203005931142;0.05756045668956966;5.017714081433479;0.8137247026377392;0.6621478916828771;2.8601104915409863;-1.7760117938494626;1.5075298392067527;3.6300518124450005;0;53.725368630000006;86.84356895
-0.0193739165901906;0.03942703370016509;-0.0662791883348628;0.013411820981703062;0.9904797335675002;0.018684653318147556;0.00034911626961936244;1.029203005931142;0.05756045668956966;5.017714081433479;0.7738725097021047;0.5988786612726342;2.8601104915409863;-1.533335842348987;1.6414473172615678;3.724072878709194;0;53.725594609999995;86.84369765
-0.0479249515652085;0.019015502261361797;-0.0560823901294993;0.010319308961862646;1.0182767955393666;0.017914508072656637;0.0003209295994852798;1.0259318123850198;0.05428926314344762;5.017714081433479;0.5845519147068228;0.34170094098741255;1.8605067355017235;-1.533195275353041;1.5174384439372572;3.3020718263199953;0;53.72583175999999;86.8438452
-0.0193739165901906;0.014286135203731455;-0.07545630671969;0.009346485640092321;0.986053584692536;0.019543426670521644;0.00038194552602605677;1.0352422097906262;0.06359966054905397;4.388766086014073;0.586560576885074;0.34405331035575076;2.1308026890728837;-1.533195275353041;1.301226051306226;2.9287863235597005;0;53.72607464;86.84400104
-0.0178443968593861;0.015990253675056555;-0.0657693484245946;0.011332395491518592;0.9929601830759881;0.01648251874632251;0.000271673424222873;1.0352422097906262;0.04918862509809019;4.388766086014073;0.681939187659528;0.46504105566573695;2.2404252823954116;-1.532445759969295;1.0321119815413047;2.5278275936595302;0;53.726317449999996;86.84415937
-0.0530233506678902;0.016331243985642844;-0.0591414295911083;0.011304836991940462;1.0075205485684133;0.01652094590214612;0.00027294165350163867;1.0352422097906262;0.04918862509809019;4.388766086014073;0.6800498421351359;0.46246778778802317;2.2404252823954116;-1.532445759969295;0.7264782504148786;2.233892093077484;0;53.72655994;86.84431226
-0.040787192821454;0.01739119660183252;-0.0601611094116447;0.012344374349822298;1.024301243446635;0.015607241848243615;0.00024358599810956675;1.0352422097906262;0.04918862509809019;4.388766086014073;0.7324202399430969;0.5364394078783037;2.2404252823954116;-1.532445759969295;0.4336445477950762;1.9049913057062065;0;53.72680855;86.84446871
-0.0316100744366268;0.017211575846290555;-0.040787192821454;0.012344374349822298;1.0352422097906262;0.01602527025766483;0.000256809286831197;1.0352422097906262;0.04918862509809019;4.388766086014073;0.7332483395462033;0.5376531274472642;2.2404252823954116;-1.532445759969295;0.19073736315555231;1.3391504304755206;0;53.72705604;86.84463172
-0.0520036708473539;0.017863727934381766;-0.037728153359845;0.012668607034419428;1.0064374132130673;0.015666023854582902;0.0002454243034123605;1.0352422097906262;0.04918862509809019;4.388766086014073;0.7488707689246779;0.5608074285498382;2.2404252823954116;-1.3196304578229008;0.07423847250375906;0.9974365571728032;0;53.72729776999999;86.84479409
-0.0061180789232181;0.017528823709494833;-0.058121749770572;0.011716338561146393;1.0132093060747793;0.015249190978790855;0.00023253782550763637;1.0352422097906262;0.04777193104953692;4.149986912861985;0.6869613073012434;0.4719158377290333;2.001646109243324;-0.8921235516473939;0.07562490790630036;0.9229340575405781;0;53.72753594999999;86.84495547
-0.0520036708473539;0.016790865319547547;-0.0734169470786173;0.01227810054672853;1.0144999462570103;0.01581181678664148;0.00025001355009431737;1.0352422097906262;0.04777193104953692;4.200716306266773;0.7240377064548981;0.5242306003684691;2.0523755026481116;-0.6381122923095892;0.14485205412431887;1.1769453168783828;0;53.72777318;86.84511334
-0.0214132762312633;0.015628069470106917;-0.0662791883348628;0.014643444831007513;0.9874702787410893;0.015903705420289387;0.000252927846095342;1.0352422097906262;0.04777193104953692;4.850972054601416;0.8496450011224904;0.7218966279324368;2.7026312509827553;-0.3887343216673861;0.2480369636835095;1.426323287520586;0;53.728004039999995;86.84527508
-0.0112164780258998;0.0170001010981337;-0.0693382277964719;0.015035811990263178;1.008872059533777;0.014852078469016053;0.0002205842348498102;1.0352422097906262;0.04777193104953692;4.850972054601416;0.8690996383850131;0.7553341814409605;2.7026312509827553;-0.0274532872214395;0.39990443358638783;1.7876043219665325;0;53.72823347;86.84543794999999
-0.037728153359845;0.021329487766883894;-0.0652595085143265;0.012554904840723127;0.988907548776565;0.01105119257040163;0.00012212885722810018;1.0144999462570103;0.027029667515921063;4.850972054601416;0.7137556305160485;0.5094471000933619;2.7026312509827553;0.5544513720296405;0.660427790240224;2.3695089812176127;0;53.72845962;86.84559498
-0.0367084735393086;0.023139968010066986;-0.0723972672580809;0.009541864251718362;0.9883496185701414;0.011574757160993378;0.0001339750033359675;1.0144999462570103;0.027029667515921063;5.188207415816727;0.5510152019896465;0.3036177528236909;1.899686454846274;1.088032507039028;1.0072860921799887;2.903090116227;0;53.728679899999996;86.84574101999999
-0.0397675130009177;0.027220337477198254;-0.0856531049250535;0.017729596847191217;1.0128752256131714;0.011108739395506669;0.00012340409095728188;1.0144999462570103;0.027029667515921063;7.122274804026135;1.029942836522083;1.0607822465031542;3.3584725363790673;1.4585664383063754;1.2581884142105186;3.272660011291385;0;53.72890933;86.84590133
-0.0091771183848271;0.03032869031807789;-0.0744366268991536;0.024186457613946027;1.0081978196341739;0.010005530844058459;0.00010011064747140516;1.0128752256131714;0.025404946872082168;7.581938545252341;1.4018962255717944;1.9653130272724435;3.818136277605273;1.7652864984732868;1.3823436094317172;3.3807950251730468;0;53.72912075000001;86.84605643
0.0112164780258998;0.035034572331211364;-0.0662791883348628;0.0263858778254486;1.0096838483801285;0.009887995845672006;9.777246184402687e-05;1.0128752256131714;0.024525607043030084;7.581938545252341;1.5435556326960445;2.3825639912276864;3.818136277605273;2.00260827232862;1.3937339195225817;3.322238730151521;0;53.72931533;86.84620237
0.0183542367696543;0.04693186454946069;-0.0897318242071989;0.025584730996986993;0.9923056492031689;0.00944557728827604;8.921893030879616e-05;1.0128752256131714;0.024525607043030084;7.581938545252341;1.4949831129289923;2.2349745079428605;3.818136277605273;2.0166480130252022;1.2613249868619478;2.908771564672596;0;53.72949609;86.84634729000001
0.0275313551544814;0.04341915400053222;-0.1233812582848985;0.02457148633040462;0.9951124276956635;0.009220599593815248;8.501945686946593e-05;1.0128752256131714;0.024525607043030084;7.581938545252341;1.436548678206489;2.0636721048568103;3.818136277605273;2.191761516612084;1.1254337724105323;2.829873808921673;0;53.72966731;86.84649547
0.0479249515652085;0.038425081140783565;-0.1315386968491893;0.024768170001537845;0.9969288154592889;0.00868512998669122;7.543148288572303e-05;1.0128752256131714;0.02444565803535037;7.627270578399576;1.445987614611182;2.090880181608936;3.8634683107525074;2.191761516612084;0.8841063273388023;2.58049583827947;0;53.72982852;86.84664644
0.0550627103089629;0.030554306876677987;-0.1254206179259712;0.024242040367966868;0.9884295675778211;0.00804846399465261;6.477777267321945e-05;1.0096838483801285;0.0212542808023074;7.627270578399576;1.4056084747832547;1.9757351843825073;3.8634683107525074;2.191761516612084;0.5864244083133526;2.2192148038335233;0;53.72997883000001;86.84680187000001
0.1040073416947078;0.02781154772615807;-0.1040073416947078;0.02157960952682278;0.9918984918180552;0.0075776597870695316;5.7420927848570656e-05;1.0096838483801285;0.0212542808023074;7.627270578399576;1.2454626323725935;1.5511771686364697;3.8634683107525074;2.191761516612084;0.30508210926055923;1.6373101445824434;0;53.73011943;86.84698343
0.0316100744366269;0.027401438086314497;-0.1193025390027531;0.025074127441629547;1.0048550150855906;0.007815763479073222;6.108615876081476e-05;1.011146742148067;0.022717174570246024;7.627270578399576;1.4473624950109312;2.094858191964268;4.67922570457848;2.191761516612084;0.130833797979994;1.1037290095730559;0;53.73024619;86.84718187
0.0224329560517997;0.030408625371195586;-0.133578056490262;0.02759234250783942;1.006403320452197;0.011604793290874143;0.00013467122732391753;1.0281730511744105;0.03974348359658941;7.627270578399576;1.6124826895822264;2.600100424202331;4.67922570457848;2.191761516612084;0.05280692700254489;0.7331950783057084;0;53.73036786;86.84741618000001
0.0265116753339451;0.029853050859390374;-0.1223615784643621;0.027658208173114783;1.0081106716441646;0.012516243352625947;0.00015665634766215322;1.0281730511744105;0.041630321718666985;7.627270578399576;1.6083001307627751;2.58662931061156;4.67922570457848;2.191761516612084;0.05066806869845005;0.7141025144317612;0;53.73047219;86.84765619
0.0127459977567043;0.03613758487109648;-0.0968695829509533;0.025944345456067008;0.996947718749336;0.012463354790861888;0.00015533521264289997;1.0281730511744105;0.041630321718666985;7.627270578399576;1.506734991863372;2.2702503357055157;4.67922570457848;2.191761516612084;0.11480765615649238;1.0289985104190966;0;53.73058281;86.84789993
0.061180789232181;0.039947546685454194;-0.0520036708473538;0.025221821527846362;1.011146742148067;0.011399512068617711;0.00012994887540256086;1.0281730511744105;0.041630321718666985;7.627270578399576;1.4543194367777246;2.1150450241894783;4.67922570457848;2.191761516612084;0.22934773538815456;1.3636573605019853;0;53.73069922;86.8481469
0.0917711838482716;0.03558282438034461;-0.0693382277964719;0.02652822906898608;1.0281730511744105;0.010665171516461049;0.00011374588347553205;1.0281730511744105;0.041630321718666985;7.627270578399576;1.530703704636624;2.3430538313882856;4.67922570457848;2.191761516612084;0.3745303470568858;1.6505769364662133;1;53.730817650000006;86.84838309
0.0367084735393086;0.037605815436273865;-0.0876924645661262;0.027690821503819577;0.9865427294557435;0.010668618556585466;0.00011381942190591976;1.0281730511744105;0.041630321718666985;7.627270578399576;1.5958728538275966;2.546810165583837;4.67922570457848;2.1464789575074907;0.5125069220209671;1.8799120103950449;0;53.73093735;86.84860775000001
-0.0152951973080452;0.03853710025015103;-0.1029876618741715;0.02683139330999347;1.0067240566633529;0.010704477280177102;0.00011458583384182778;1.0281730511744105;0.041630321718666985;7.541705786251232;1.550073111250127;2.4027266502206484;4.593660912430136;2.1464789575074907;0.6183087213922585;2.044842371674758;0;53.73106327000001;86.84881303
-0.0142755174875089;0.038384809671795715;-0.1172631793616804;0.026247816534111477;1.0021938042765628;0.010647666622466958;0.00011337280450319693;1.0281730511744105;0.041630321718666985;7.541705786251232;1.5200335348937908;2.310501947201713;4.593660912430136;2.1464789575074907;0.6539182820195878;2.150982663120938;0;53.73120573;86.84899133
-0.0214132762312633;0.03858889032918104;-0.1264402977465075;0.026687791294596454;1.0004020465056944;0.010314937515955497;0.00010639793595806616;1.0281730511744105;0.041630321718666985;7.541705786251232;1.5462834919360415;2.3909926374339183;4.593660912430136;2.037923696557461;0.5810897978859096;2.0424274021709086;0;53.73135719;86.84912231000001
-0.0173345569491179;0.0347795698698361;-0.1320485367594575;0.02145343230751985;1.0061006965752515;0.01049197995118837;0.00011008164329613871;1.0281730511744105;0.041630321718666985;7.541705786251232;1.2490957858105056;1.5602402821295647;3.6748418293868164;1.811470088265728;0.46321789060225466;1.9206867709676656;0;53.731523919999994;86.84921992000001
-0.0091771183848271;0.01887586208944927;-0.1254206179259712;0.017999587367077692;1.0021097656078555;0.0071750639250805276;5.148154232899198e-05;1.0136279058000746;0.027085176344331052;7.541705786251232;1.0348756784918;1.0709676699338637;2.7202530404302614;1.4776590021803226;0.3348534333535864;1.7073259339843265;0;53.731693959999994;86.84926196
0.020393596410727;0.013722598985885308;-0.0892219842969307;0.018213966870973434;1.0054995703440963;0.004765445532654529;2.270947112469701e-05;1.0136279058000746;0.01697446718129547;7.541705786251232;1.0657311897474049;1.1357829688004193;2.7202530404302614;1.1627630061929872;0.22273897274655555;1.4210833069964142;0;53.73187435;86.84924523
0.0020393596410727;0.013818657722202787;-0.0846334251045171;0.01973108996540145;1.0069300796442346;0.004820821564256507;2.324032055440056e-05;1.0136279058000746;0.01697446718129547;7.840310397761792;1.1533131136264807;1.3301311380628076;3.018857651940822;0.8281041561100986;0.1435054476080771;1.2251998581121402;0;53.73204880000001;86.84919952
0.0122361578464362;0.013452647719087418;-0.0907515040277353;0.021503186167748406;1.0136279058000746;0.006207936628234597;3.8538477180176736e-05;1.0172562204061357;0.02060278178735664;7.951151662812355;1.2406152667446901;1.5391262400799988;3.1296989169913845;0.5411845801458706;0.0882768942036209;0.9382802821479121;0;53.73221567;86.84912831
0.003059039461609;0.011953906779535357;-0.1050270215152442;0.02119664493993873;1.0088514472559718;0.0060794198734934425;3.695934599822702e-05;1.0172562204061357;0.02060278178735664;7.951151662812355;1.22092312668535;1.490653281275131;3.1296989169913845;0.2665669471124458;0.04665960530885535;0.6636626491144874;0;53.73237770000001;86.84903946
-0.0010196798205363;0.010729004548616068;-0.130519017028653;0.02069619324927933;0.9966534386187791;0.006116798841387652;3.741522806600132e-05;1.0172562204061357;0.02060278178735664;7.951151662812355;1.1934547834716684;1.424334320191407;3.1296989169913845;0.1016365858327325;0.02861272521818574;0.4987322878347741;0;53.73253275;86.84892827
-0.0163148771285816;0.010857448922344283;-0.1366370959518711;0.020816971580750025;1.0016458698389772;0.005976997034889579;3.572449355507881e-05;1.0172562204061357;0.02060278178735664;7.951151662812355;1.1990861571389502;1.437807612242255;3.1296989169913845;0.0239287368928049;0.020786382650706252;0.4210244388948465;0;53.73267733;86.84879125
-0.0081574385642908;0.008582557548465203;-0.1407158152340165;0.01965541409735224;1.0172562204061357;0.00611085434414629;3.734254081537159e-05;1.0172562204061357;0.02060278178735664;7.951151662812355;1.1339003954793028;1.285730106868119;3.1296989169913845;0.0239287368928049;0.017090547363435755;0.4210244388948465;0;53.732799549999996;86.84863699
-0.0050983991026817;0.008523802283460218;-0.1152238197206077;0.018367135592949408;1.0018685043463542;0.006150160986026392;3.7824480154041116e-05;1.0172562204061357;0.02060278178735664;7.951151662812355;1.0601625109404988;1.1239445496036635;2.814503422668132;-0.1000983135865855;0.011851559873416944;0.2969973884154561;0;53.73290407;86.84845735000002
-0.0040787192821453;0.008168760483083707;-0.1009483022330987;0.01811634336309042;1.0081849606227398;0.005874738899507974;3.451255713739216e-05;1.0172562204061357;0.02060278178735664;7.951151662812355;1.0377298272294129;1.076883194321587;2.615479191286126;-0.1000983135865855;0.01802868743184672;0.42378339902595286;0;53.732987730000005;86.84825685
0.0112164780258998;0.009806377459291669;-0.0938105434893443;0.017846500836566616;1.0088184667354867;0.006578790224522841;4.328048081827729e-05;1.0172562204061357;0.02060278178735664;7.951151662812355;1.0245818227054844;1.0497679114184926;2.615479191286126;-0.1000983135865855;0.029907649614424128;0.5222536424807332;0;53.73305441;86.84804449
-0.0020393596410727;0.010042106357131672;-0.1101254206179259;0.018253249831205822;1.0114195864442956;0.007841889418387468;6.149522965021735e-05;1.0172562204061357;0.027289943150118123;7.951151662812355;1.0325724298141525;1.0662058228123028;2.615479191286126;-0.1000983135865855;0.04382568883064123;0.5924867259025729;0;53.733091949999995;86.84784139000001
-0.0010196798205363;0.009482961418019657;-0.0948302233098807;0.016631863878103458;1.005298942678662;0.00776466139896347;6.0289966640553346e-05;1.0172562204061357;0.027289943150118123;7.951151662812355;0.9331392241695438;0.8707488116837381;2.615479191286126;-0.1000983135865855;0.06220196348891273;0.679411880504985;0;53.73312157;86.84760477
-0.0152951973080452;0.00958715959909735;-0.1356174161313347;0.014022811813699496;1.0105834707358659;0.007315121181904187;5.351099790594331e-05;1.0114195864442956;0.021453309188278036;7.712197223521256;0.7960975547929107;0.6337713167472514;2.376524751995028;-0.1000983135865855;0.08102289656314217;0.7251872534402143;0;53.73314558;86.84735230000001
-0.023452635872336;0.01437591850028753;-0.1254206179259712;0.019023398686592266;0.9972854405823665;0.01120750668181061;0.00012560820602282947;1.0307006144259465;0.040734337169928914;7.712197223521256;1.1057972239136713;1.2227875004151822;4.025248951844793;-0.1000983135865855;0.09160151172709055;0.7748371408653593;0;53.73316544000001;86.84708288
0.0020393596410727;0.014943325724531801;-0.0989089425920261;0.021146989321166577;0.9899662772560176;0.0115664314067057;0.000133782335486028;1.0307006144259465;0.040734337169928914;7.712197223521256;1.2314029423668977;1.5163532064698535;4.025248951844793;-0.1215959086443724;0.0873184596231707;0.8206599937394442;0;53.73318227;86.84680275000001
-0.0010196798205363;0.012934267743796721;-0.1121647802589986;0.021111723127384626;1.0075886573315536;0.012000376184477982;0.00014400902856898632;1.0307006144259465;0.040734337169928914;7.712197223521256;1.2273506406862529;1.5063895951929556;4.025248951844793;-0.1739320213262074;0.08267969213750774;0.9329739927950338;0;53.73319621;86.84651973
-0.0101967982053635;0.012406802874370786;-0.0968695829509534;0.02116337217869132;0.9948888038698466;0.012198476893586973;0.0001488028385233753;1.0307006144259465;0.040734337169928914;7.712197223521256;1.2303835535614627;1.5138436888745326;4.025248951844793;-0.3053774942701998;0.08220303944741955;0.999384154644099;0;53.733208430000005;86.84622475
-0.0387478331803813;0.011717201311787315;-0.0662791883348628;0.021118288738840935;1.0307006144259465;0.012304604894314125;0.00015140330160517913;1.0307006144259465;0.040734337169928914;7.712197223521256;1.227505898327716;1.5067707304293332;4.025248951844793;-0.5238817126125384;0.08728035241061886;0.9203187663144246;0;53.733219070000004;86.84593075000001
-0.0224329560517997;0.013270645257116232;-0.0744366268991536;0.017311548899630633;1.015522267525705;0.012884128093567454;0.0001660007567314541;1.0307006144259465;0.040734337169928914;7.224762805392815;1.0186472736502643;1.0376422681151165;3.5378145337163507;-0.6223519560673187;0.10616899095830407;0.944397765495774;0;53.73323115000001;86.84562539000001
-0.0132558376669725;0.014487988161698486;-0.0948302233098807;0.014032694574177005;0.9967582785434264;0.012545490163881899;0.00015738932345205748;1.0307006144259465;0.040734337169928914;6.39141399739377;0.8232985533438223;0.6778205079380306;2.704465725717306;-0.6925850394891584;0.11191813352276385;0.8741646820739344;0;53.733244;86.84530543999999
-0.0152951973080452;0.012721728932182999;-0.0887121443866625;0.015921015996248143;0.9962240536053985;0.01213709565097152;0.0001473090908408318;1.0307006144259465;0.0377569236026436;6.782259166607444;0.9398111508546965;0.883244999270829;3.09531089493098;-0.7795101940915705;0.11765678090585983;0.8979597864104802;0;53.73325645999999;86.8449723
-0.0214132762312633;0.01183492564733895;-0.0999286224125624;0.014953758985297771;1.0095705668023882;0.012321434522705541;0.0001518177486973199;1.0307006144259465;0.0377569236026436;6.782259166607444;0.8856521928757992;0.7843798067457118;3.09531089493098;-0.8252855670267998;0.11839848667577334;0.9142644733932024;0;53.73326622;86.84466461999999
-0.0356887937187723;0.012236629911321394;-0.1080860609768532;0.016677645464308197;1.0179065850091673;0.011540901315252391;0.00013319240316839436;1.0307006144259465;0.0377569236026436;6.782259166607444;0.9810329846215741;0.9624257169155135;3.09531089493098;-0.8749354544519448;0.10888825422090341;0.9157750626170198;0;53.73327358;86.84435966
-0.0367084735393086;0.011440324899513483;-0.092790863668808;0.018868210064191548;1.006285536572849;0.009211619190492284;8.485392811064573e-05;1.0179065850091673;0.024962894185864393;6.782259166607444;1.0788840747507111;1.1639908467506979;3.551125872445662;-0.9422559023838166;0.09304995368905356;0.9442466221569479;0;53.733277810000004;86.84406693
-0.0305903946160905;0.011680169125513966;-0.1172631793616804;0.017995816198387353;0.9929436908233029;0.008506507890250715;7.236067648689766e-05;1.0179065850091673;0.024962894185864393;6.782259166607444;1.0238558040606491;1.0482807075086782;3.551125872445662;-1.1069060141212412;0.06632340136500212;0.8022720535165384;0;53.733279010000004;86.84377629
-0.0061180789232181;0.011152565949947884;-0.1009483022330988;0.01902377823984267;1.0135217332651572;0.008700223897813374;7.569389587208293e-05;1.0179065850091673;0.024962894185864393;6.782259166607444;1.0875890878988301;1.1828500241166093;3.551125872445662;-1.3047616489142988;0.04121862515596504;0.6044164187234808;0;53.73327855;86.84348655
-0.0418068726419904;0.011124561973672996;-0.1172631793616804;0.020087160475663876;1.0059992849465331;0.0080195882737454;6.431379608039474e-05;1.0179065850091673;0.024962894185864393;6.782259166607444;1.1505770917416729;1.3238276440407262;3.551125872445662;-1.444200478926963;0.0244768380445901;0.46497758871081674;0;53.73327754;86.84319626
-0.0224329560517997;0.011395805910838164;-0.0560823901294993;0.022884751851646408;0.9950032344895404;0.008134204104124632;6.616527640755799e-05;1.0179065850091673;0.024962894185864393;6.782259166607444;1.3127051120428384;1.7231947111834007;3.6054879299094225;-1.5584402724659745;0.015663822645749444;0.35073779517180514;0;53.733277199999996;86.84289895999999
-0.0326297542571632;0.011351621190486343;-0.0831039053737126;0.021798861062274442;1.0073292260283742;0.007442308217777628;5.538795160840041e-05;1.0150190463921323;0.022075355568829336;6.782259166607444;1.2582922059783943;1.5832992756259736;3.6054879299094225;-1.5158235298064722;0.017917865552895602;0.39335453783130747;0;53.733275830000004;86.84260062999999
-0.0351789538085041;0.012884600401770911;-0.0764759865402263;0.0222831733386415;1.0150190463921323;0.00808822799089243;6.541943203265579e-05;1.0169526086670653;0.024008917843762356;6.782259166607444;1.2887381189839662;1.6608459393223314;3.6054879299094225;-1.2355164540757937;0.04122508231301052;0.673661613561986;0;53.73327892;86.84230164
-0.0428265524625267;0.013167958488764288;-0.0734169470786173;0.019498812389463833;1.0089905719595695;0.006534792229213946;4.270350947899497e-05;1.0169526086670653;0.02194937417752485;6.693835445572074;1.1081117037676582;1.2279115480268625;3.5170642088740527;-1.03504396730408;0.08651526650088084;0.8741341003336995;0;53.73328743;86.84200039000001
-0.0443560721933312;0.010984917311575132;-0.0560823901294993;0.01775930156931884;1.0120121876724426;0.007296696026673476;5.324177290567249e-05;1.0198521318669447;0.024848897377404255;6.693835445572074;1.0119124435346947;1.0239667933803567;3.5170642088740527;-0.8162205293025769;0.1516259933359936;1.0929575383352028;0;53.733302050000006;86.84168477
-0.0326297542571632;0.010873397786039588;-0.0836137452839808;0.010708661098760779;1.0114339784471202;0.008605454312006216;7.405384391602639e-05;1.0248477178473077;0.029844483357767237;4.741968686704975;0.5907280311447864;0.3489596067801958;1.565197450006953;-0.7926375748651008;0.19764138710538265;1.1165404927726787;0;53.733327640000006;86.84135964
-0.0122361578464362;0.01380025291503485;-0.0683185479759355;0.009339491603235894;1.0169526086670653;0.006552637750665062;4.2937061491440885e-05;1.0248477178473077;0.02231731078123822;4.741968686704975;0.5206584295851961;0.2710852002981226;1.565197450006953;-0.688908717120684;0.2246948088669124;1.2202693505170956;0;53.73336863000001;86.84101919
-0.0214132762312633;0.0155335316560443;-0.0632201488732537;0.008694892467458904;1.0025304070660694;0.0063155145981831865;3.9885724639864933e-05;1.0248477178473077;0.02231731078123822;4.741968686704975;0.47929760283528994;0.22972619208365533;1.565197450006953;-0.688908717120684;0.19188668687619628;1.1814997572463999;0;53.73342742;86.84067350000001
-0.020393596410727;0.01572901799689567;-0.078515346181299;0.012884152078020947;1.0198521318669447;0.009268596405703383;8.590687933181767e-05;1.0248477178473077;0.03348960953516533;5.903705081479739;0.7531875056308819;0.5672914186384697;2.7269338447817173;-0.688908717120684;0.1526278340237891;1.067338732788249;0;53.73350314;86.84032426
-0.040787192821454;0.015875258318789734;-0.0825940654634444;0.01337686240326913;1.0248477178473077;0.009961013478614805;9.922178952114584e-05;1.0248477178473077;0.03348960953516533;5.903705081479739;0.7772891303028401;0.6041783920869456;2.7269338447817173;-0.688908717120684;0.11144662238259634;0.9859074682819164;0;53.73358988;86.8399886
-0.003059039461609;0.01752266443038695;-0.0672988681553992;0.011891407963383857;1.0086762258882132;0.009936273174974341;9.872952460771469e-05;1.0248477178473077;0.03348960953516533;5.903705081479739;0.6932687016708485;0.48062149271638405;2.2882010343537935;-0.5738987184780289;0.07667664969440427;0.9419248113284433;0;53.73368368;86.83965744000001
-0.0050983991026817;0.019098422021482556;-0.0703579076170082;0.012934267743796463;1.0109275651722067;0.01477671506330825;0.00021835130806220092;1.0438618256877321;0.05250371737558979;5.903705081479739;0.7677627977236268;0.5894597135684106;2.82395637055183;-0.4336240336217462;0.052232303435629394;0.8018924204540475;0;53.73377712;86.83931824
-0.011726317936168;0.019493720060997026;-0.1019679820536351;0.01479414512954709;0.9913581083121423;0.015247685827575266;0.0002324919230964396;1.0438618256877321;0.05250371737558979;5.903705081479739;0.8746220033401759;0.7649636487267828;3.1096819318952167;-0.2046871911640389;0.06307343960458762;0.8303567761400412;0;53.73386612;86.83896179999999
0.0012745997756704;0.018636123005240486;-0.0632201488732537;0.014662367074186044;0.9992495787101514;0.015047902269709696;0.00022643936271873422;1.0438618256877321;0.05250371737558979;5.903705081479739;0.8706591016798113;0.7580472713378961;3.1096819318952167;-0.021755917532731;0.09388237246880184;0.948703377126435;0;53.73395502000001;86.83859502
0.020393596410727;0.018039677391760118;-0.07545630671969;0.014516268314511747;1.0084380821783105;0.015069270336523676;0.0002270829084752324;1.0438618256877321;0.05250371737558979;5.903705081479739;0.8641352130114607;0.7467296663663625;3.1096819318952167;0.0382271912109585;0.12859926385168893;1.0086864858701245;0;53.73404192;86.838216
0.0224329560517997;0.019016736293940965;-0.0560823901294993;0.01522668756084122;1.0438618256877321;0.018535047917930474;0.00034354800131997885;1.0438618256877321;0.06973665776574789;5.903705081479739;0.8965739969149213;0.8038449319439974;3.1096819318952167;0.1689225229321078;0.1647490806954065;1.1393818175912738;0;53.73412557;86.83783373
0.0071377587437544;0.020651296170026066;-0.0499643112062812;0.019341390719806926;1.0250019160204058;0.018762249412498728;0.0003520220030168088;1.0438618256877321;0.06973665776574789;5.903705081479739;1.1290305034556927;1.274709877733415;4.17913113360263;0.2057751476531006;0.1939070026404947;1.1762344423122666;0;53.7342105;86.83745273999999
-0.0040787192821454;0.024080919707712315;-0.0774956663607627;0.01943523885249844;1.0053448372033558;0.019502053204461734;0.0003803300791896562;1.0438618256877321;0.06973665776574789;5.903705081479739;1.132958056178773;1.2835939570603838;4.17913113360263;0.28406233805046;0.17650090826770023;1.1252437161440754;0;53.73429729000001;86.83706849000001
-0.0132558376669725;0.024166044243278693;-0.0693382277964719;0.015040421374794976;1.0058452747445235;0.021517284013832353;0.0004629935113319253;1.0438618256877321;0.06973665776574789;4.420954303887124;0.8532258293497719;0.7279943158696061;2.6963803560100157;0.28406233805046;0.14419840179637333;1.086265372783843;0;53.7344179;86.83663614
-0.0448659121035994;0.025170984491248227;-0.0509839910268175;0.020331471262184066;0.9741251679219842;0.021444180101750848;0.000459852860236327;1.0438618256877321;0.06973665776574789;4.420954303887124;1.1553483119895007;1.3348297220169885;3.722676591842286;0.28406233805046;0.0882461627321386;0.8579610565284889;0;53.73455394;86.83618594
-0.0285510349750178;0.04628446029703904;-0.0305903946160905;0.030757054816353168;1.0164627542166358;0.028882886737461883;0.0008342211462890516;1.0657507926658671;0.09162562474388292;4.420954303887124;1.7295099581137527;2.9912046952146345;5.956068844639108;0.28406233805046;0.05097633590867847;0.7176863716722062;0;53.73470754;86.83573025999999
-0.0448659121035994;0.04701625230150786;-0.0550627103089629;0.030872526801651444;0.9906193392484476;0.026888248245175692;0.0007229778936941937;1.0657507926658671;0.09162562474388292;4.420954303887124;1.7385453962807245;3.0225400949289014;5.956068844639108;0.28406233805046;0.0223474516172817;0.4887495292144989;0;53.734873879999995;86.83527708
-0.0025491995513408;0.04865014494585331;-0.0397675130009177;0.03223722406914978;0.9746092310188176;0.026535891918875225;0.0007041535599302275;1.0657507926658671;0.09162562474388292;4.420954303887124;1.8215023197184526;3.3178707007397037;5.956068844639108;0.28406233805046;0.0138725575867743;0.3463086151319223;0;53.73504123;86.83483002999999
-0.0346691138982359;0.04861807649880144;-0.0122361578464362;0.031018683232294786;1.004038286459739;0.026911800732173023;0.0007242450186481885;1.0657507926658671;0.09162562474388292;4.11615714310387;1.7567332306859211;3.086111643796194;5.651271683855854;0.28406233805046;0.02590658757327365;0.5159503781168802;0;53.73519612;86.83438587999999
0.1121647802589986;0.04858123106596381;0.0285510349750178;0.030484466639174108;1.0657507926658671;0.02776306994348654;0.0007707880526869257;1.0657507926658671;0.09162562474388292;4.11615714310387;1.7336471930356572;3.005532589920413;5.651271683855854;0.28406233805046;0.05146921196207819;0.6683218823804524;1;53.73534324;86.83395956
0.0326297542571632;0.04624675487403786;-0.058121749770572;0.03074935378967988;1.0228735545941523;0.026771031885021758;0.0007166881481888515;1.0657507926658671;0.09114156164704956;4.11615714310387;1.7419098108692797;3.0342497892026494;5.651271683855854;0.28406233805046;0.08440162589088288;0.7986840816376332;1;53.735478750000006;86.83353443
0.037728153359845;0.04633560067508258;-0.0713775874375446;0.030469304008721457;0.9944116064852787;0.026554666618666175;0.0007051503192285036;1.0657507926658671;0.09114156164704956;4.11615714310387;1.7234748979345382;2.970365723810467;5.651271683855854;0.28406233805046;0.09757956729327469;0.7986840816376332;1;53.735592759999996;86.8331006
0.0010196798205363;0.04325470768061351;-0.0652595085143265;0.030947277886978007;0.9912405034429029;0.029549366559167303;0.0008731650640480349;1.0657507926658671;0.10286956234611788;4.11615714310387;1.7482562942367788;3.056400070338514;5.651271683855854;0.2466381530157151;0.09174151052448626;0.7612598966028883;0;53.735679770000004;86.83263721
0.0183542367696543;0.046253592823682285;-0.0632201488732537;0.03159654890731707;0.9821210697721396;0.028292708885969724;0.0008004773761062302;1.0657507926658671;0.10286956234611788;4.11615714310387;1.7861264847684981;3.1902478195914723;5.651271683855854;0.2363415550509535;0.09503138068483491;0.8445811165854142;0;53.735710759999996;86.83220228
-0.0183542367696543;0.04425940330526817;-0.0571020699500356;0.030343161749131185;1.0244961201243774;0.028543917227004934;0.0008147552106621091;1.0657507926658671;0.10286956234611788;4.11615714310387;1.71293610382213;2.9341500957773388;5.651271683855854;0.2363415550509535;0.11594263836577529;1.087107209719166;0;53.735709459999995;86.83174786
-0.0295707147955541;0.028291700145716997;-0.0448659121035994;0.02353401979130669;1.0037845409639305;0.02077854057167029;0.00043174774828854827;1.0245311330987046;0.06164990277895532;4.11615714310387;1.3483928384419825;1.8181632467616267;4.059132658508738;0.2363415550509535;0.14345933529426114;1.3387628051674514;0;53.73567613;86.83127165
-0.0112164780258998;0.024935521264179573;-0.0214132762312633;0.026203985895365697;0.9628812303197493;0.021702438350040484;0.00047099583033730796;1.0299922096206873;0.06711097930093801;4.11615714310387;1.5079090224467153;2.2737896199762084;4.059132658508738;-0.0622462770814623;0.16296927554435825;1.3108257220235386;0;53.735622490000004;86.83077769
-0.0418068726419904;0.019044945324007394;-0.020393596410727;0.02351314747795141;0.9901826123710409;0.022563117990119272;0.0005090942934360439;1.0299922096206873;0.06711097930093801;3.774866750505274;1.349531314911583;1.8212347699269864;3.717842265910142;-0.2318880400664201;0.2361608538020138;1.461406361175893;0;53.73556033999999;86.83026498000001
-0.0061180789232181;0.020010449718955995;-0.0326297542571632;0.02183691943760962;1.0161435570928694;0.024701157791777537;0.0006101471962542921;1.0299922096206873;0.06711097930093801;3.6907404194710502;1.2559223913608029;1.5773410531214378;3.633715934875918;-0.3800119448852219;0.32594349253522614;1.548760866988157;0;53.735498500000006;86.8297321
-0.0397675130009177;0.024269426996367093;-0.0010196798205363;0.01946137586869413;1.0245311330987046;0.023645164146241644;0.0005590937875027114;1.0299922096206873;0.06711097930093801;3.195135530611688;1.1069162005312483;1.2252634749985345;3.1381110460165558;-0.3800119448852219;0.33701757813231387;1.548760866988157;0;53.73543501;86.82916685000001
-0.0152951973080452;0.027172123574429507;-0.0020393596410727;0.0180332521603155;1.0299922096206873;0.02510767148544123;0.0006303951674208387;1.0299922096206873;0.06711097930093801;3.009113909133065;1.0352573450719686;1.071757770525461;2.9520894245379328;-0.3800119448852219;0.31409791191898667;1.548760866988157;0;53.73537003;86.82856939000001
-0.0326297542571632;0.027553586109223857;-0.040787192821454;0.018177141439272182;1.0240718098410213;0.025228160931621765;0.0006364601039918069;1.0299922096206873;0.06711097930093801;3.009113909133065;1.046050880603054;1.0942224448104245;2.9520894245379328;-0.3800119448852219;0.2543038645986838;1.548760866988157;0;53.735306189999996;86.82795003
-0.0479249515652085;0.029443469396292114;-0.0509839910268175;0.020836940834557796;0.9712197374604341;0.021604891608593114;0.0004667713414190572;1.0299922096206873;0.06018556599812086;3.009113909133065;1.1969910497261855;1.4327875731245954;3.5566791385200127;-0.6082395615344607;0.1606358843577015;1.3205332503389182;0;53.7352448;86.82733056
-0.0897318242071989;0.03279943672709895;-0.040787192821454;0.023668448027609187;1.0102243354636313;0.0208964910996933;0.0004366633402795612;1.0299922096206873;0.06018556599812086;3.009113909133065;1.3576100009283218;1.843104914620598;3.935732553093036;-0.8507656546682126;0.10181690181365571;1.0780071572051662;0;53.73517693;86.82669437
0.0071377587437544;0.03341498360798942;-0.0112164780258998;0.02351419153364142;0.9698066436225664;0.02115106668566117;0.00044736762194128575;1.0299922096206873;0.06018556599812086;3.009113909133065;1.3520585775004763;1.8280623969926115;3.935732553093036;-1.0638441791758064;0.08046262893765962;0.8649286326975725;0;53.73510358;86.82606038
-0.0163148771285816;0.03530573378846725;-0.003059039461609;0.023174204055046405;1.008599943548234;0.020544266853755756;0.0004220669005583275;1.0299922096206873;0.06018556599812086;3.009113909133065;1.332199334615253;1.7747550671493226;3.935732553093036;-1.0638441791758064;0.07916799822211458;0.8649286326975725;0;53.7350242;86.82543059999999
0.0071377587437544;0.037509190118873145;0.0096869582950953;0.023244885734425257;1.013633162846768;0.018329392242197713;0.00033596661996833767;1.0240718098410213;0.0542651662184549;3.009113909133065;1.3360761832915578;1.7850995675589365;3.935732553093036;-0.8349527320759347;0.1138363120252149;1.0938200797974442;0;53.73494137;86.82480249
0.0224329560517997;0.037469899836009866;0.0163148771285816;0.022677848849070932;1.008844748175008;0.020201607100991736;0.00040810492946283966;1.0351608541325743;0.06535421051000789;3.009113909133065;1.3111608941131494;1.7191428902515935;3.935732553093036;-0.6977610754290368;0.1407631280945454;1.231011736444342;0;53.73485923;86.82417763
-0.0489446313857448;0.03683477209853998;-0.0305903946160905;0.01896721719661181;0.992807946559927;0.01738644014886324;0.00030228830105000367;1.0351608541325743;0.06535421051000789;2.313911171688657;1.0808886358979921;1.168320243213422;3.240529815648628;-0.4167265044266416;0.14718543695742647;1.25951140300019;0;53.734778770000005;86.82355445
-0.0632201488732537;0.027609712834438593;-0.0071377587437544;0.019469388146100143;0.9890983612185346;0.01987194152669504;0.00039489406004038674;1.0351608541325743;0.06535421051000789;1.765676795097625;1.1004089449691794;1.2108998461681826;4.108545254142641;-0.4167265044266416;0.1245961799086836;1.064442725909311;0;53.734692700000004;86.82293333999999
0.0132558376669725;0.030648687420232985;-0.0010196798205363;0.019981273003422857;1.0095705668023882;0.01725022861936292;0.00029757038742028757;1.0351608541325743;0.05126281805530586;1.765676795097625;1.1344142333292186;1.2868956527799191;4.108545254142641;-0.4167265044266416;0.09978039009365161;1.0103862435311544;0;53.73456583000001;86.82229959
-0.0173345569491179;0.030847070168337657;0.0091771183848271;0.022198700055164878;1.0351608541325743;0.018658544080477686;0.0003481412672031289;1.0351608541325743;0.05126281805530586;1.765676795097625;1.2703488912505292;1.6137863055014487;4.195397313080257;-0.4167265044266416;0.07177547889156262;0.8845706013278637;0;53.734413829999994;86.82171495
-0.0040787192821454;0.030328880776474575;0.0142755174875089;0.025296886553773094;1.0095921942670836;0.02444474216888521;0.0005975454197032747;1.0351608541325743;0.08015789014650498;1.765676795097625;1.4710088363511575;2.1638669966231863;4.825936290307337;-0.4167265044266416;0.055123656985683375;0.725443811989842;0;53.73424326000001;86.82119365999999
-0.0265116753339451;0.03068165202099256;0.0423167125522585;0.026853773520760054;1.0351604774711398;0.02937364197236183;0.0008628108427204966;1.0519310790393155;0.09692811505324617;1.765676795097625;1.5453974788264777;2.3882533675632334;4.825936290307337;-0.4167265044266416;0.09600595549201499;1.1257841011639056;0;53.734060799999995;86.82073728
0.0326297542571632;0.030524280018467607;0.0275313551544814;0.021032295307675544;0.9838980360772684;0.031103331282466767;0.0009674172168668758;1.0519310790393155;0.09692811505324617;0.4134745510725585;1.2125518084305613;1.4702818881282245;3.4737340462822703;-0.4167265044266416;0.1376872207804674;1.1381469082871045;0;53.73385940000001;86.82032084
-0.0224329560517997;0.02661957884889317;0.0418068726419904;0.020124509252674273;0.9861526982719488;0.030453996249027154;0.0009274458875357599;1.0519310790393155;0.09692811505324617;0.058372445938197;1.1602956870856345;1.3462860814695248;3.1186319411479086;-0.4167265044266416;0.19698898793734654;1.3091237500762203;1;53.73363467;86.81993739
-0.0214132762312633;0.02498163535291722;0.0509839910268175;0.021384190207221054;0.9550029639860693;0.032099806712727;0.001030397590994433;1.0519310790393155;0.09692811505324617;0.058372445938197;1.210276173556458;1.4647684162784615;3.4769344641838607;-0.4167265044266416;0.22733574160716996;1.3091237500762203;1;53.733376390000004;86.81957670999999
-0.0601611094116447;0.025036144919461194;0.0448659121035994;0.023157747137798623;1.0519310790393155;0.03260185029881993;0.0010628806429066652;1.0519310790393155;0.09692811505324617;0.2244206505291985;1.30864131278552;1.7125420855290092;3.642982668774862;-0.4167265044266416;0.20879168284648533;1.3091237500762203;1;53.73307645999999;86.81924862000001
0.0096869582950953;0.02692595168606354;0.0081574385642908;0.02396096911611694;1.0411701191938443;0.032614078110598896;0.001063678091004246;1.0519310790393155;0.09692811505324617;0.2244206505291985;1.3547210596157453;1.835269149366408;3.642982668774862;-0.652498677748069;0.14883677134534434;1.073351576754793;0;53.732736079999995;86.81894408
-0.0336494340776996;0.0332818262385601;-0.0010196798205363;0.028921702190523223;1.0008722324204182;0.03277140414346878;0.001073964929534563;1.0519310790393155;0.09692811505324617;1.5929402067309535;1.647072192666265;2.712846807854458;5.011502224976617;-0.8156330970137637;0.139161552152269;1.0729773664882378;0;53.732372569999995;86.81867529
-0.0183542367696543;0.03388554394271487;0.0622004690527174;0.029491299726570292;1.0431110259674936;0.03130472206055708;0.000979985623288729;1.0519310790393155;0.09692811505324617;1.5929402067309535;1.6772760576345251;2.813254973514015;5.011502224976617;-0.8297276374166406;0.1551893579728139;1.3315665172129085;0;53.732020320000004;86.81845616
-0.0214132762312633;0.04538895755563044;-0.0040787192821454;0.03344263100475553;1.041321276305791;0.03054202126078398;0.0009328150626941807;1.0519310790393155;0.09692811505324617;1.907646032646186;1.8849177045206225;3.5529147528152927;5.32620805089185;-1.053235113044601;0.20482989028739057;1.5505710941497062;0;53.7316681;86.81821402
0.0163148771285816;0.04624450656015332;0.0050983991026817;0.03154403692300175;1.0218621492312743;0.02593268082984252;0.0006725039350224818;1.0519310790393155;0.07601012401229101;1.907646032646186;1.7502239328384008;3.063283815080319;5.32620805089185;-1.2055274442733934;0.2353184403144461;1.4319778157252128;0;53.73132045999999;86.81792526000001
-0.0764759865402263;0.04746399940861727;-0.0275313551544814;0.029159792383546906;0.9903910265020041;0.03739899496279915;0.001398684824227476;1.0431110259674936;0.11514510409073686;1.907646032646186;1.6256827410660493;2.6428443746000236;5.32620805089185;-1.2055274442733934;0.36514981662654067;1.851075554227165;0;53.730978490000005;86.81758329
-0.0866727847455898;0.04541643822047478;0.0397675130009177;0.034745671969444766;1.0170226416383448;0.035788566779545075;0.0012808215121339573;1.0431110259674936;0.11514510409073686;1.907646032646186;1.9549894764141957;3.8219838528902508;5.462558505749376;-1.2055274442733934;0.4539747642925597;1.8910804339661234;1;53.73063463;86.81714726999999
-0.1284796573875803;0.04557869312662674;-0.0346691138982359;0.03513401650322;1.04147253627201;0.04130678989136601;0.0017062508911294576;1.0724171962530047;0.14445127437624794;1.907646032646186;1.973405687511879;3.8943300075042324;5.462558505749376;-1.2055274442733934;0.5428883184917014;2.0354275043022767;1;53.730314820000004;86.81667897999999
-0.0081574385642908;0.047769971192728224;-0.0101967982053635;0.034808954537193314;0.9759209550270245;0.04181245228624673;0.001748281166189659;1.0724171962530047;0.14445127437624794;1.907646032646186;1.9530456285908357;3.814387227357773;5.462558505749376;-1.2055274442733934;0.5869239512963633;2.168709291523599;1;53.73002240000001;86.81618688
0.0015295197308045;0.04750976699261529;-0.0101967982053635;0.034416438843972524;0.9279659218767567;0.04101665605718874;0.0016823660741137174;1.0724171962530047;0.14445127437624794;1.907646032646186;1.9320996891526798;3.733009208823882;5.462558505749376;-1.4426736113047849;0.5119360539585992;2.276167940711561;1;53.72976136;86.81566984
-0.0622004690527174;0.04376318938390346;0.0622004690527174;0.03957677344076339;1.003150414657744;0.04358103641331087;0.0018993067348583277;1.0724171962530047;0.14445127437624794;1.907646032646186;2.2020289165931275;4.848931349512303;5.992426554844508;-1.8886104635020016;0.334343308971846;1.8302310885143442;1;53.729528359999996;86.81512708
-0.0275313551544814;0.04468145626016104;0.0285510349750178;0.03612299617210055;1.0724171962530047;0.04293775788931561;0.0018436510525614846;1.0724171962530047;0.14445127437624794;1.907646032646186;2.006130780957277;4.024560710304254;5.992426554844508;-2.161294154629549;0.21828781449233597;1.5575473973867968;0;53.72932507;86.81456027
0.0081574385642908;0.06479673251671757;0.0601611094116447;0.03578674279403214;1.0489695655172018;0.043728231927712934;0.0019121582675238529;1.0724171962530047;0.14445127437624794;1.907646032646186;1.9852867261656038;3.9413633850893413;5.992426554844508;-2.603806207194307;0.11961118682829268;1.1150353448220387;0;53.72916292;86.81398340000001
-0.0509839910268175;0.0610518952760685;0.0101967982053635;0.03560112305446088;1.0271147319410472;0.04401226650940289;0.0019370796032947071;1.0724171962530047;0.14445127437624794;1.948667451077879;1.9927535209301581;3.9710665951795425;6.033447973276202;-2.637505259998606;0.0818563995563939;1.0813362920177396;0;53.72904729;86.81342489
-0.0214132762312633;0.05895813549037302;0.07545630671969;0.04141526662981934;1.0592961863817012;0.04345836495458838;0.0018886294845261954;1.0724171962530047;0.14445127437624794;2.857203987263364;2.3341500869578735;5.448256628445449;6.941984509461687;-2.575560264247484;0.09033648128109623;1.1432812877688616;1;53.728970200000006;86.81291259999999
-0.0866727847455898;0.05584902621394596;0.0346691138982359;0.04506374700626017;1.0026216697004244;0.03313508865726294;0.001097934100324675;1.0724171962530047;0.09051900283876713;2.857203987263364;2.5428877570918376;6.466278145167555;6.941984509461687;-2.266791254407329;0.18130245695775754;1.4520502976090168;1;53.72893266;86.8124501
-0.1967982053635158;0.0603457510524067;0.0265116753339451;0.042566255612560715;1.0438404102207675;0.03287544643731152;0.0010807949784525388;1.0724171962530047;0.09051900283876713;2.857203987263364;2.391889623139525;5.721135969282537;6.941984509461687;-1.8813548415747787;0.340837271668103;1.837486710441567;1;53.72895462;86.81208550000001
-0.0887121443866625;0.0609045688934886;-0.0336494340776996;0.04226118752355416;0.9895697151626809;0.028149230755438542;0.0007923791921229271;1.0592961863817012;0.07739799296746364;2.857203987263364;2.375718835336806;5.64403998457407;6.941984509461687;-1.7863939715961734;0.48065705999965797;1.9324475804201724;0;53.72901373;86.81176061
-0.0591414295911083;0.06157380310588217;-0.0489446313857448;0.04014138121171581;0.9818981934142376;0.026313543432428425;0.000692402567970297;1.0592961863817012;0.07739799296746364;2.857203987263364;2.2616683558187973;5.115143751712102;6.941984509461687;-1.6265211769232213;0.5916348738979192;2.0923203750931245;0;53.729118289999995;86.81147861000001
-0.0356887937187723;0.06325495094394196;-0.0418068726419904;0.04039474618327635;0.985525162263612;0.028559082756941273;0.0008156212079178203;1.0592961863817012;0.07739799296746364;2.857203987263364;2.272546468253467;5.164467450371305;6.941984509461687;-1.2225453127453323;0.6488996128373787;2.1751661168595113;0;53.729273469999995;86.81124211
0.0101967982053635;0.06406641090437601;0.0295707147955541;0.03228632768920418;1.0079291321125872;0.027954109691455616;0.0007814322486419329;1.055656252842583;0.07375805942834546;2.857203987263364;1.848004353693107;3.4151200912686783;4.838798864226098;-0.9959401534441132;0.7294304089150505;2.401771276160731;1;53.729485249999996;86.81104685
-0.0978892627714897;0.06631395291399565;0.0122361578464362;0.03049322909553508;1.0325606338226874;0.031105365683897983;0.0009675437743290183;1.0616943310085671;0.07979613759432957;2.857203987263364;1.7391280662668616;3.024566430877113;4.538393910104848;-0.6752150455524943;0.7537437396275923;2.633990657638584;1;53.72973365;86.81088565
0.0132558376669725;0.05180234423438874;-0.0254919955134087;0.029215453120358056;1.0007184721673996;0.03042469483269396;0.0009256620556625547;1.0616943310085671;0.07979613759432957;2.857203987263364;1.6701881079873537;2.7895283160623765;4.538393910104848;-0.1587621943099746;0.7880623406195598;2.9069680344439774;1;53.730003780000004;86.81074106
-0.0152951973080453;0.048316549139880406;-0.0127459977567043;0.027636531659825266;1.0499491649351869;0.033337403907857624;0.0011113824993156409;1.0616943310085671;0.09313093475997614;2.857203987263364;1.5802388880028673;2.4971549431565383;4.538393910104848;0.0142759012208922;0.7509338756575782;2.5898361654683764;1;53.73027759;86.81058223
-0.0101967982053635;0.048393479806206056;0.0224329560517997;0.031342187036288736;1.055656252842583;0.03982667547623856;0.0015861640794896223;1.0616943310085671;0.11952286773872645;4.096099025422562;1.8366673215946205;3.373346850213557;5.777288948264046;0.4476881528485498;0.8197177183462332;2.7144794072558787;1;53.73054736;86.81038864000001
0.0101967982053635;0.05003665956160513;0.0183542367696543;0.04278151315233042;1.0616943310085671;0.0387060395980532;0.0014981575013660623;1.0616943310085671;0.11952286773872645;5.8143715092490735;2.465370137957457;6.07804991713237;7.4955614320905575;0.6827832637965701;0.8693185948526018;2.564138105371349;1;53.73080261;86.81016005000001
0.0723972672580809;0.050604875077273605;0.0132558376669725;0.04770511374172126;1.0335203239066184;0.03869654628103245;0.0014974226940800868;1.0616943310085671;0.11952286773872645;5.8143715092490735;2.730507541362822;7.455671433439243;7.032012626293674;0.6827832637965701;0.8330317354069879;2.4691772353927437;1;53.73103152;86.8099128
-0.0606709493219129;0.036536590250018916;-0.003059039461609;0.051697560193825015;0.968563396248591;0.03886025212791616;0.0015101191954452128;1.0616943310085671;0.11952286773872645;5.955912074829681;2.961807411949372;8.772303145478237;7.173553191874281;0.7008392812328603;0.7279881331870105;2.3273604581560816;1;53.73123723;86.80965771000001
0.0346691138982359;0.03714898981315548;-0.0672988681553991;0.053318438238831235;0.9421714632698407;0.0388075563092624;0.0015060264266965717;1.0616943310085671;0.11952286773872645;5.955912074829681;3.050160276565125;9.303477712735841;7.173553191874281;0.9503033084011068;0.5913686307711336;2.1728486211464393;1;53.73141283;86.80939299
0.0458855919241358;0.042931662256742886;-0.1019679820536351;0.05360796882236483;1.0065360690903553;0.037010460758473133;0.00136977420555448;1.0616943310085671;0.11952286773872645;5.955912074829681;3.064637774694326;9.39200469008339;7.173553191874281;0.9503033084011068;0.4438708739835054;1.94624346184522;0;53.73155111;86.80907047
0.0254919955134087;0.04585540072790953;-0.0968695829509534;0.057579164520869405;1.0083525016560553;0.03291207278394178;0.0010832045349354813;1.0616943310085671;0.11952286773872645;5.955912074829681;3.309065389228637;10.949913750190868;8.798957178365843;0.9503033084011068;0.2603715324377561;1.6255183539536011;0;53.73164961;86.80872353
0.0152951973080452;0.04756104727137517;-0.1029876618741715;0.05769071321020051;0.9925261885213664;0.025016245971517307;0.0006258125625074559;1.0335203239066184;0.09134886063677772;5.955912074829681;3.3210334723050927;11.029263324170822;8.798957178365843;0.9503033084011068;0.15372789904791903;1.1090655027110814;0;53.73171422;86.80830174
-0.0081574385642908;0.041485397772049175;-0.0795350260018354;0.05877392578617864;1.002479586770868;0.024266938889792436;0.0005888843230809205;1.0291247089845599;0.08695324571471919;5.955912074829681;3.381274237721084;11.433015470676299;8.798957178365843;0.9503033084011068;0.1378163705992323;1.0236399903035633;0;53.731751880000004;86.80786324
-0.0601611094116447;0.03586321023728815;-0.0081574385642908;0.0644342985803658;0.9878976798785231;0.02334458750231713;0.0005449697656533411;1.0291247089845599;0.08695324571471919;5.955912074829681;3.7014474621901092;13.700713315353601;8.838458188516011;0.9503033084011068;0.19086257059669853;1.3185964258189147;0;53.73176763;86.80742075
-0.0458855919241358;0.03433801129304482;0.0489446313857448;0.06687256553140121;0.9867841816099392;0.014251901844646458;0.0002031167061894371;1.0291247089845599;0.045245694823268234;5.955912074829681;3.8305791147008854;14.67333635398262;8.838458188516011;0.9503033084011068;0.29005087904269655;1.5208650465180606;0;53.731767330000004;86.80697757
0.0428265524625267;0.03078657320860751;0.0193739165901906;0.0637813146593524;1.0085396351824463;0.014543026416255468;0.00021149961734390438;1.0291247089845599;0.045245694823268234;5.955912074829681;3.654553045733461;13.355757964079714;8.959443226251214;0.9503033084011068;0.3742774586576835;1.6636581059741973;0;53.731759020000005;86.80653917999999
0.0010196798205363;0.035012678156628924;0.023452635872336;0.056492777457345066;1.0291247089845599;0.014430224621447713;0.0002082313826254358;1.0291247089845599;0.045245694823268234;5.955912074829681;3.245532230954843;10.53347946216672;8.959443226251214;0.9503033084011068;0.4355422276122433;1.6849924473795903;0;53.73174633;86.80608873
-0.0015295197308045;0.035092890016555946;0.0509839910268175;0.04222467748039044;1.0138259878651923;0.016090823358699956;0.0002589145963608841;1.0291247089845599;0.045245694823268234;4.550532211670308;2.4086258356451844;5.801478416137463;7.9048634689922626;0.9503033084011068;0.5650779241104636;2.307528809926012;0;53.731728079999996;86.80562248000001
0.0061180789232181;0.0350718145882936;0.0418068726419904;0.022831367681257694;0.9838790141612916;0.018673808478709364;0.0003487111230995177;1.0363097870163733;0.052430772855081687;0.4731179376694797;1.2839346387259416;1.648488156520314;4.309575017149397;0.8464845616827175;0.563585997948161;2.33042401724898;0;53.73170427;86.80513275
-0.0101967982053635;0.02973629105482406;0.0530233506678902;0.015415199834721244;1.0119442482000793;0.01714740999349649;0.0002940336694850632;1.0363097870163733;0.052430772855081687;-1.1007122547282366;0.8566891839338483;0.7339163578692429;2.7357448247516807;0.5714856303202843;0.4176253855683539;2.055425085886547;1;53.73165752999999;86.80462009
0.0550627103089629;0.038075784488439485;0.0458855919241358;0.015442156050678845;1.0049046805784905;0.01617450289692077;0.00026161454396249844;1.0363097870163733;0.052430772855081687;-1.1007122547282366;0.8578594943450772;0.7359229120379915;2.7357448247516807;-0.0294519863115037;0.2535428318339833;1.4544874692547587;1;53.731598440000006;86.80410532
0.0168247170388497;0.059297399026575354;0.0601611094116447;0.024052342825969453;1.0282071805232178;0.020566802551137374;0.00042299336717747075;1.0577358528790846;0.07385683871779292;0.8837846136515772;1.3389122965257225;1.7926861377877843;4.720241693131494;-0.0294519863115037;0.19864911523332707;1.4544874692547587;1;53.73153136999999;86.80363121
0.0081574385642908;0.06036183008348079;0.0693382277964719;0.03181753260399849;1.0363097870163733;0.021259166028286317;0.00045195214021824303;1.0577358528790846;0.07385683871779292;1.4015073699857823;1.785291577895929;3.1872660181061363;5.237964449465699;-0.368293117417808;0.14828068824078447;1.1156463381484545;1;53.731469340000004;86.80314422
-0.0265116753339451;0.0627802520486177;0.0550627103089629;0.03217768022657282;1.0082777416417787;0.02419917514869215;0.0005856000778770797;1.0577358528790846;0.07614214479935766;1.4015073699857823;1.8034805328095969;3.2525420322231877;5.237964449465699;-0.397815683518666;0.13782914656171183;1.0861237720475965;0;53.73143247;86.80261327
-0.0836137452839808;0.06593756491180919;0.0428265524625267;0.03215271797817426;1.0341524171161174;0.034051460561541055;0.0011595019663741858;1.0577358528790846;0.12271114118449722;1.4015073699857823;1.80558933017588;3.2601528292449835;5.237964449465699;-0.397815683518666;0.12908177724053502;1.0861237720475965;1;53.73140515;86.80206115000001
-0.1549913327215254;0.06771133411771113;-0.0163148771285816;0.0326829961715253;1.0577358528790846;0.0402705924886374;0.0016217206193858992;1.0577358528790846;0.12271114118449722;1.4015073699857823;1.835635536098671;3.369557821388255;5.237964449465699;-0.397815683518666;0.13568560175908392;1.0861237720475965;1;53.73137408;86.80149248000001
-0.0632201488732537;0.06338460503906264;-0.0244723156928724;0.0337610019093448;1.0005657274451043;0.04076837741429867;0.0016620605969946982;1.0577358528790846;0.12271114118449722;1.4015073699857823;1.8971322315388135;3.5991107039434382;5.237964449465699;-0.397815683518666;0.14527856226824998;1.0861237720475965;1;53.73134387;86.80090675
0.0326297542571632;0.061405085303814354;0.0152951973080452;0.03149492229039377;0.9815937080797269;0.039918650486632845;0.0015934986566739525;1.0577358528790846;0.12271114118449722;1.4015073699857823;1.7765583782482512;3.1561596713240565;5.237964449465699;-0.397815683518666;0.1698117299412717;1.2061663551319037;1;53.73131787999999;86.80029707999999
0.0458855919241358;0.05971964472915651;0.040787192821454;0.030695204320648824;0.9350247116945873;0.03832196908009178;0.0014685733141755104;1.0577358528790846;0.12271114118449722;2.196747446967417;1.7659551665410433;3.118597650233004;5.327264985271818;-0.397815683518666;0.21265381777423797;1.4149161802611085;1;53.73130008;86.79966744000001
-0.0683185479759355;0.0610739127443545;0.0040787192821454;0.026506445690865153;0.941615654625107;0.04099111221254885;0.0016802712804217714;1.0577358528790846;0.12271114118449722;2.196747446967417;1.5307385852183057;2.34316061627614;4.696869365466121;-0.397815683518666;0.2942844915680237;1.5800192081116369;1;53.73130891000001;86.79906443
0.0122361578464362;0.06869923315086371;-0.0050983991026817;0.02300276539763301;1.0228247616195947;0.04131202266765994;0.0017066832168932484;1.0577358528790846;0.12271114118449722;2.196747446967417;1.3483916671067084;1.8181600879228084;4.696869365466121;-0.397815683518666;0.31689188670975366;1.5800192081116369;0;53.731325600000005;86.79837455999998
-0.0285510349750178;0.05157302238601093;0.0091771183848271;0.02244556975585858;1.0027938016041755;0.0364201478255135;0.0013264271676322558;1.0433397607389305;0.10831504904434319;2.196747446967417;1.3208840711668195;1.7447347294622313;4.696869365466121;-0.397815683518666;0.2929030957322664;1.5800192081116369;0;53.73134052;86.79768548
-0.0336494340776996;0.04992024437995062;-0.037728153359845;0.027679085131577526;0.9842704745073247;0.036382520807286434;0.0013236878202926303;1.0433397607389305;0.10831504904434319;3.1137601554440906;1.6192259098336366;2.6218925470765684;5.613882073942794;-0.477712942219069;0.20148216260286578;1.5001219494112337;0;53.73131171;86.79698083000001
0.0040787192821454;0.05322779126042343;0.020393596410727;0.029795285529652167;1.0433397607389305;0.03607805648519422;0.0013016261597488651;1.0433397607389305;0.10831504904434319;3.1137601554440906;1.7407838392553316;3.030328375012532;5.613882073942794;-0.7297932459225233;0.1570328237659708;1.2480416457077794;0;53.731241250000004;86.79632669
0.0856531049250535;0.05184907285564723;0.0071377587437544;0.024879862584412295;1.037521586768787;0.02927081327704439;0.0008567805098995983;1.0433397607389305;0.10172410611382354;3.1137601554440906;1.4286285740381917;2.040979602558397;4.233761007572395;-0.7297932459225233;0.16854864805739023;1.2480416457077794;0;53.731144189999995;86.79569971
0.0530233506678902;0.06519506071993655;-0.0081574385642908;0.026499471227992025;1.008871028929889;0.0232608676473077;0.0005410679637055662;1.0433397607389305;0.07358082753071982;3.1137601554440906;1.5283538926601496;2.3358656212094324;4.233761007572395;-0.7297932459225233;0.1716502909809382;1.2480416457077794;0;53.73103027;86.79509427
-0.0509839910268175;0.07112385527156624;-0.0540430304884266;0.02809192716761724;0.9949264263476949;0.022966635227560497;0.0005274663336758228;1.0433397607389305;0.07358082753071982;3.1137601554440906;1.6097327759364126;2.5912396099239485;4.233761007572395;-0.7297932459225233;0.1717518360357245;1.2480416457077794;0;53.730901800000005;86.7945178
-0.0637299887835219;0.07252244481739709;-0.0418068726419904;0.030175172749208928;0.9935467888093042;0.023948120528274785;0.0005735124768367762;1.0433397607389305;0.07358082753071982;4.153012130679329;1.7346161043882773;3.008893029603163;5.273012982807633;-0.7297932459225233;0.17339151188194935;1.2480416457077794;0;53.73076049;86.79396433
-0.0509839910268175;0.0750511940645407;-0.003059039461609;0.03898340255800135;1.0179030099063806;0.022900135311424808;0.0005244161972815654;1.0433397607389305;0.07358082753071982;5.994402564729216;2.217110232444841;4.915577782811618;7.11440341685752;-0.7297932459225233;0.17318059158769167;1.2480416457077794;0;53.73060621;86.79344653
-0.1468338941572346;0.07433295710002219;-0.0458855919241358;0.0415961882493851;0.9697589332082107;0.019358526860241282;0.0003747525621986831;1.037521586768787;0.06776265356057631;6.754919735929912;2.3688206371919307;5.611311211186384;7.149096283648501;-0.7297932459225233;0.11857460464227285;0.9992078264765006;0;53.73044477;86.79297021
-0.1233812582848985;0.06521003263277757;-0.0489446313857448;0.03769292274266172;1.0181721289703218;0.015558688364064965;0.00024207278361009055;1.0181721289703218;0.048413195762111116;6.754919735929912;2.145696893065431;4.604015156910644;6.5827320985684015;-0.6747090051751755;0.08837616669370668;0.8695957220364848;0;53.730279159999995;86.7925998
0.0091771183848271;0.06445717703547717;-0.0713775874375446;0.03383193223234559;0.9856021755796982;0.018006319046754326;0.00032422752561350764;1.0301516936408983;0.0603927604326876;6.754919735929912;1.9149898693331473;3.667186199648585;6.5827320985684015;-0.4878415664708748;0.0769544231231697;0.9392702653590208;0;53.73011665;86.79225553
0.0295707147955541;0.06929966667878518;-0.1060467013357805;0.03391446839540843;1.0154685137473374;0.01810030935653051;0.0003276211988021059;1.0301516936408983;0.0603927604326876;6.754919735929912;1.9222241395008886;3.6949456424799316;6.5827320985684015;-0.4878415664708748;0.07657585820434731;0.9392702653590208;0;53.72997763000001;86.79195010999999
-0.0270215152442133;0.06908668369758;-0.1182828591822167;0.03391446839540843;1.005612793544929;0.017654928612220712;0.0003116965043026096;1.0301516936408983;0.0603927604326876;6.754919735929912;1.9251419744485163;3.7061716217835317;6.5827320985684015;-0.4878415664708748;0.08298881637498717;0.9392702653590208;0;53.72983807000001;86.79164415
0.0168247170388498;0.06978407063996843;-0.0836137452839808;0.032121083270745504;1.0008874253521831;0.017385885810493155;0.0003022690254155073;1.0301516936408983;0.0603927604326876;6.754919735929912;1.823058865944139;3.3235436286975295;6.062939282777828;-0.2062010977040926;0.12670821606292296;1.220910734125803;0;53.72969789;86.79134781
0.0479249515652085;0.054205145162713596;-0.0815743856429081;0.033089618319061154;1.0301516936408983;0.012359352995545293;0.0001527536064684944;1.0301516936408983;0.04454951806120011;6.754919735929912;1.8878173370560958;3.5638542980895687;6.062939282777828;0.19525992335054;0.20061101152345287;1.6223717551804357;0;53.72955470000001;86.7910587
0.0479249515652085;0.03790290087552829;-0.0520036708473539;0.033966206744932115;1.0150086746739315;0.015255487468988761;0.0002327298979164731;1.0301516936408983;0.048430884547780106;6.754919735929912;1.9310771593235776;3.7290589952612176;6.062939282777828;0.4776431751033068;0.2406697167037978;1.5852721127005016;0;53.72940231;86.79077575
0.0163148771285816;0.03996153418154994;-0.0418068726419904;0.036687066609879915;1.0094613925273104;0.01385171022120626;0.00019186987605226995;1.0301516936408983;0.048430884547780106;6.754919735929912;2.084486353470327;4.34508335780402;6.062939282777828;0.5004033434941453;0.2728736722170152;1.3119221655610722;0;53.72923395;86.79050499
0.0336494340776996;0.03977390364299979;-0.0122361578464362;0.04049668245738459;1.0131749280710591;0.01422419880561202;0.00020232783166157444;1.0301516936408983;0.048430884547780106;6.754919735929912;2.3058659108215935;5.317017598689097;8.039582332097623;0.5560425926437688;0.31318625624039503;1.3675614147106958;0;53.729047259999994;86.79024918
-0.0571020699500356;0.03934259135068348;-0.0346691138982359;0.045018732558705345;1.0228832112611235;0.01775416245808243;0.00031521028458798356;1.0450111419522252;0.06329033285910701;4.792051991438538;2.5245936885221196;6.37357329212572;8.316409790035044;0.5560425926437688;0.2918096418029894;1.309617858340928;0;53.72883851;86.79000715
-0.0469052717446721;0.04257561809524084;-0.0367084735393086;0.04524093107266019;0.9817208090931182;0.017336849891020148;0.0003005663641437653;1.0450111419522252;0.06329033285910701;4.541822814748256;2.53255230626148;6.413821183950341;8.066180613344763;0.5560425926437688;0.2466390227106326;1.309617858340928;0;53.72861339999999;86.78978972
0.0469052717446721;0.04059701109480423;-0.0183542367696543;0.04111289801929822;1.024996844081063;0.01702629240741025;0.00028989463314263593;1.0450111419522252;0.06329033285910701;2.9368182203011397;2.316169495861989;5.36464113356158;6.461176018897646;0.5560425926437688;0.21622676507546867;1.309617858340928;0;53.72836986;86.78959225999999
-0.0081574385642908;0.037842846113014986;0.0224329560517997;0.03976911075771314;1.0005906669516251;0.022102004034249986;0.0004884985823300027;1.0450111419522252;0.07804763372699508;2.373585219296594;2.257088871898403;5.094450175647605;5.8979430178931;0.5560425926437688;0.12690028790039795;1.1515661261938277;0;53.728113140000005;86.7894277
0.0438462322830631;0.03724620063466664;0.0642398286937901;0.03815595321633833;1.0450111419522252;0.022845701263474977;0.0005219260662199421;1.0450111419522252;0.07804763372699508;2.142901531891298;2.172051014236012;4.717805608443689;5.667259330487804;0.5560425926437688;0.0515245835829736;0.7622436903478613;0;53.72784564999999;86.78929332999999
-0.037728153359845;0.03791756646153459;0.0428265524625267;0.03743766646412903;1.0070230085459313;0.023117876068160716;0.0005344361939028379;1.0450111419522252;0.07804763372699508;2.142901531891298;2.131512518608974;4.543345616986771;5.667259330487804;0.5560425926437688;0.03174788977796991;0.5184719771789867;0;53.72756597;86.78917749
-0.011726317936168;0.043604776780227006;0.0367084735393086;0.03300099391572965;1.000028987724443;0.02376955740826088;0.0005649918593846097;1.0450111419522252;0.07804763372699508;2.142901531891298;1.887556694589499;3.5628702752896353;5.667259330487804;0.5560425926437688;0.031195997367655395;0.5184719771789867;0;53.72723499;86.78908203
-0.0214132762312633;0.040750673350952636;0.0458855919241358;0.03279151073291283;0.9669635082252301;0.023631437290588198;0.0005584448284190024;1.0450111419522252;0.07804763372699508;2.0145621909059117;1.8609782897632534;3.463240194970164;5.538919989502418;0.5560425926437688;0.02719806918445291;0.5184719771789867;0;53.72690048;86.78902400000001
0.0020393596410727;0.03887824157385445;0.0530233506678902;0.03264409035530946;0.9884753249553303;0.03213614784292834;0.001032731998182548;1.0722038771461029;0.10524036892087274;2.0145621909059117;1.8466269161038134;3.41003096727908;5.538919989502418;0.5560425926437688;0.020872476001540272;0.5184719771789867;1;53.72656708000001;86.78901828000001
-0.0591414295911083;0.04054433122704877;-0.0020393596410727;0.0332373219016041;0.989840235007347;0.0357371784929306;0.0012771459266355816;1.0722038771461029;0.10524036892087274;2.0145621909059117;1.882666598558779;3.544433521328883;5.538919989502418;0.4179885958441925;0.009164433078914533;0.3804179803794105;1;53.72623857;86.78905841
0.0723972672580809;0.03863978879205189;0.037728153359845;0.03370277907015845;0.9721298205340407;0.03550144976958501;0.0012603529357423679;1.0722038771461029;0.10524036892087274;2.0145621909059117;1.945452930158535;3.7847871034624294;5.089472570982488;0.2590461802344511;0.006314260289048105;0.2214755647696691;1;53.72591706000001;86.78913881999999
-0.0061180789232181;0.03809387128004756;-0.0356887937187723;0.03318183602422371;1.015227354637954;0.03559173938394182;0.0012667719123744352;1.0722038771461029;0.10524036892087274;2.0145621909059117;1.9221093792360744;3.694504465747287;5.089472570982488;0.2590461802344511;0.03753275477431295;0.6376934162542505;1;53.72560111;86.78925551
0.0285510349750178;0.03878195655830999;-0.0173345569491179;0.03277882515584738;1.0722038771461029;0.035854212831741956;0.0012855245777838495;1.0722038771461029;0.10524036892087274;2.0145621909059117;1.9048591052691048;3.6284882109266143;5.089472570982488;0.2590461802344511;0.0676689528150479;0.7063003483271516;1;53.72529137;86.78940913
0.0387478331803813;0.040745251086575326;0.0050983991026817;0.03078033400078111;1.0560919941957543;0.034315682450001335;0.0011775660620093296;1.0722038771461029;0.10007405661206215;2.0145621909059117;1.773424523910862;3.1450345420084673;5.089472570982488;0.2590461802344511;0.13903126201021374;1.0754462645289815;1;53.72499147;86.78960331
-0.0183542367696543;0.042877775577167675;-0.0305903946160905;0.027967454563707285;0.9724094691123119;0.03491002928257113;0.0012187101445099735;1.0722038771461029;0.10007405661206215;2.0145621909059117;1.5938753219555464;2.540438541938897;4.238757898531373;0.2590461802344511;0.2148186063660677;1.2292580319851878;1;53.72470343;86.78984007
0.037728153359845;0.04093929469979223;-0.0163148771285816;0.027979018360592148;0.9950371953829235;0.033971961129432314;0.0011540941429796603;1.0722038771461029;0.10007405661206215;2.0145621909059117;1.5944676782465144;2.54232717697283;4.238757898531373;0.2590461802344511;0.2988176529311492;1.3804741530374762;1;53.7244288;86.7901184
0.0387478331803813;0.034000202196267294;-0.023452635872336;0.02751246571475859;0.9891072964360891;0.03039688028106521;0.000923970330821411;1.0722038771461029;0.09979440803379103;2.0145621909059117;1.5513664923521253;2.406737993592937;4.038896023873377;0.2590461802344511;0.3486196750846429;1.485211394719585;0;53.724212050000006;86.79043925
-0.0387478331803813;0.040271831059666405;0.0305903946160905;0.025463428471921474;1.0259666496848179;0.030348865321063973;0.0009210536262760794;1.0722038771461029;0.09979440803379103;1.802727941715293;1.439130903479336;2.07109775734925;3.8270617746827584;0.2590461802344511;0.3818923421162265;1.690286956479153;0;53.72401234;86.79077714
-0.0326297542571632;0.03848816718220955;0.0367084735393086;0.039749206841988245;1.0391953218811356;0.031446189216606156;0.0009888628162465973;1.0778401573104353;0.1054306881981234;1.802727941715293;2.1723418131046186;4.719068952962662;7.394622780552979;0.2590461802344511;0.3511312881870772;1.690286956479153;0;53.72383140000001;86.791121
-0.0469052717446721;0.03990367297189611;-0.0040787192821454;0.04062314766845947;1.0156732748215787;0.029394603808645007;0.0008640427330672076;1.0778401573104353;0.1054306881981234;1.802727941715293;2.232052358744874;4.982057732178557;7.394622780552979;0.0437172588316364;0.26333878805535577;1.5126449510558961;0;53.72366621;86.79146525000002
0.0050983991026817;0.039898895675252496;0.0346691138982359;0.03683806513879157;1.0202817637990718;0.03233365048421382;0.0010454649536353006;1.0778401573104353;0.12158474236810668;1.358662503506562;2.004259967065707;4.0170580155822275;6.950557342344247;-0.3786472360197993;0.14987203982546776;1.0902804562044603;1;53.72349665;86.79184097
-0.0672988681553992;0.03429656187456436;0.0193739165901906;0.03441933392049269;1.0200473488766084;0.03550924469643328;0.0012609064589111751;1.0778401573104353;0.12158474236810668;1.358662503506562;1.8648923936697281;3.477823639967208;6.950557342344247;-0.4472541680927005;0.09695837483494363;1.0216735241315593;0;53.72332967;86.79221927
-0.0040787192821454;0.02513579126028923;0.1050270215152442;0.029553177744017837;1.0778401573104353;0.036510437118615284;0.001333012018592361;1.0778401573104353;0.12158474236810668;0.2300877994843657;1.5782345059073823;2.4908241556367194;5.821982638322051;-0.7843458281323039;0.05923444531778291;0.6845818640919559;1;53.7231683;86.79260062
-0.0764759865402263;0.026022598389466807;0.0458855919241358;0.03741177485120617;1.0012269337107342;0.04249343308582085;0.001805691855419134;1.0985482581191277;0.14229284317679913;0.2300877994843657;1.9651680707855763;3.8618855464351043;5.821982638322051;-0.3590125584817047;0.11266482046820878;1.109915133742555;1;53.722993450000004;86.79299664999999
-0.0214132762312633;0.028624785581887312;0.0112164780258998;0.039325262496590845;0.9562554149423286;0.045022770049962635;0.002027049822971812;1.0985482581191277;0.14229284317679913;0.2300877994843657;2.1044893991143887;4.42887563098484;5.821982638322051;-0.2701443615785301;0.18038925176160372;1.1987833306457296;1;53.722819;86.79336492000002
-0.0336494340776996;0.029014425436934978;0.011726317936168;0.03564024497903498;1.0671801862957397;0.04674576080071486;0.00218516615283765;1.0985482581191277;0.14229284317679913;-0.6295863214701024;1.901488631236633;3.6156590147221643;4.962308517367583;-0.0752905984010503;0.2663673188155183;1.3936370938232094;1;53.72264304;86.79369840000001
-0.0316100744366268;0.03771146121375518;0.0316100744366268;0.03534828765159458;1.0695590740382594;0.0472795219042256;0.0022353531914921488;1.0985482581191277;0.14229284317679913;-0.6295863214701024;1.8902205296181394;3.572933650589879;4.962308517367583;0.3271806308814723;0.4005525068406957;1.7961083231057322;1;53.72245951;86.79399871
-0.0560823901294993;0.045006830195100024;0.1050270215152442;0.03334957559533937;1.0985482581191277;0.04771750264253838;0.002276960058440657;1.0985482581191277;0.14229284317679913;-0.6295863214701024;1.7773417858721516;3.158943823807209;4.962308517367583;0.4726484591874826;0.47927416432909375;1.9415761514117424;1;53.722269069999996;86.79427163
0.0010196798205363;0.045576158375366126;0.078515346181299;0.03114357322558354;0.9891519713131569;0.04431551808219218;0.0019638651428931023;1.0985482581191277;0.14229284317679913;-0.6295863214701024;1.7081078379486445;2.9176323860615927;4.856572457724818;0.8142360113539984;0.5651421097421927;2.283163703578258;1;53.72206018000001;86.79450818000001
-0.0101967982053635;0.040014006901408515;0.058121749770572;0.03139627854843153;0.989830255977058;0.0438740971146201;0.0019249363976231156;1.0985482581191277;0.14229284317679913;-0.6295863214701024;1.7237974079202691;2.9714775035526384;4.856572457724818;1.1415786000335235;0.5977618138119948;2.2775523500049433;1;53.721836200000006;86.7947066
0.0520036708473539;0.04300425683284733;0.061180789232181;0.028373251393350812;1.0055563127883158;0.03941863217704849;0.0015538285627094423;1.0985482581191277;0.1093962868059708;-0.6295863214701024;1.5717115687489527;2.470277255339294;4.856572457724818;1.303432911292553;0.6254834699457175;2.328101446027757;1;53.72161416;86.79483016
0.0708677475272764;0.040313728012374477;0.0545528703986947;0.023524506768851757;1.0063271241222147;0.04363711568324689;0.0019041978651530714;1.0985482581191277;0.15510138581314203;-1.693583514372835;1.3310649113950144;1.7717337983470176;3.7925752648220854;1.303432911292553;0.4638580364456767;2.0877787394248566;1;53.721383689999996;86.79490433000001
0.0122361578464362;0.03829199816407409;0.0897318242071989;0.01978079567808562;1.0074436626899153;0.040251592472441734;0.001620190696567528;1.0985482581191277;0.15510138581314203;-2.237116458179829;1.0985953065328502;1.2069116475360069;3.2490423210150916;1.303432911292553;0.34198668629962015;1.6624454697742577;1;53.721147759999994;86.79493976
0.0265116753339451;0.030475038265340662;0.0397675130009177;0.017650248939762785;1.0187622056547085;0.030597917010383717;0.0009362325253743293;1.0410782408953827;0.09763136858939703;-2.237116458179829;1.0554296775985417;1.1139318043557618;3.1583664675241834;1.303432911292553;0.4173120872252649;2.0337430958067566;1;53.72092083;86.79490739
0.0591414295911083;0.03126320703155581;0.0805547058223717;0.02334871354586181;0.9900670995018109;0.05050319274676904;0.0025505724776173047;1.0410782408953827;0.17419445643578046;-0.943568087800196;1.351125415408624;1.8255398881631268;4.451914837903816;1.303432911292553;0.5523889934656103;2.235827934794572;1;53.72069089;86.79485408999999
0.0163148771285816;0.031843528566209416;0.0887121443866625;0.03492310347617724;0.9434468723059857;0.05041458321745298;0.0025416302009894916;1.0410782408953827;0.17419445643578046;1.3112732297830731;2.0262403858761937;4.105650101355707;6.706756155487086;1.303432911292553;0.7471838469607067;2.4316020497868767;1;53.720463540000004;86.79478802
-0.0122361578464362;0.03942179569483521;0.0637299887835219;0.045164897451418405;1.0410782408953827;0.05625095686608358;0.003164170148349995;1.0612848929749688;0.19440110851536652;2.2025279776278355;2.5904645823827193;6.710506752579275;7.598010903331848;1.303432911292553;0.9781876160552696;2.6706809316430533;1;53.72024584;86.79470344
-0.0081574385642908;0.03319210529356388;0.0448659121035994;0.046026651115284554;0.9437963023652741;0.05741631528818201;0.0032966332612719227;1.0612848929749688;0.19440110851536652;2.2025279776278355;2.64718870999536;7.007608066326899;7.598010903331848;1.303432911292553;1.1906814665865362;2.89241081132141;1;53.72003654;86.79460165999998
-0.0081574385642908;0.03319210529356388;0.0142755174875089;0.044854355531402;0.8668837844596022;0.05827264675240935;0.003395701359531084;1.0612848929749688;0.19440110851536652;2.2025279776278355;2.5963504025760122;6.74103541295662;7.598010903331848;1.303432911292553;1.3072624195564257;3.171901151465625;1;53.719836140000005;86.79449598
-0.0152951973080453;0.03293147504057555;-0.0224329560517997;0.04707494229402435;0.9802883815680633;0.0580715164973514;0.003372301028302156;1.0612848929749688;0.19440110851536652;2.2025279776278355;2.7388930882677305;7.501535348960745;7.598010903331848;1.303432911292553;1.1761793610877345;3.31828971368615;1;53.71964226;86.79439938
-0.0662791883348628;0.024118116331673024;-0.040787192821454;0.042167627184491116;1.0612848929749688;0.05898347204295725;0.0034790499742423197;1.0612848929749688;0.19440110851536652;2.2025279776278355;2.465302048166428;6.0777141886935855;7.598010903331848;0.6026285233867273;0.7689110532576665;2.752754134773013;1;53.71945111;86.79431575
-0.020393596410727;0.03650748857768784;0.0081574385642908;0.05124799936173328;1.0265427504341558;0.06019529678665041;0.0036234737552329247;1.0612848929749688;0.19440110851536652;7.622955589761067;3.071317414218131;9.432990658879547;11.132532131107254;-0.0890420347689376;0.4767887381151871;2.1077721314647477;1;53.71924285;86.79423292999999
0.0122361578464362;0.062426861516272796;-0.0183542367696543;0.04506490063162094;1.0239961667006086;0.05698989255540307;0.0032478478534763867;1.0612848929749688;0.19440110851536652;7.622955589761067;2.756210328281537;7.596695373725818;10.34769246928456;-0.7303101845142039;0.318661189074908;1.5724077825311211;1;53.71903479;86.79413751
-0.0331395941674313;0.06723792155569543;-0.023452635872336;0.040889598735139025;0.9578303111260935;0.05613981234306256;0.0031516785299142793;1.0612848929749688;0.19440110851536652;7.622955589761067;2.5095175983210085;6.297678576282843;8.566523677561262;-0.9323950235020192;0.26668976268579275;1.4846883458007358;1;53.71883637;86.79402868999999
-0.0367084735393086;0.07194266891207743;-0.0020393596410727;0.0401823719751534;1.016266337082011;0.03982034317728181;0.001585659730756494;1.0612848929749688;0.1311831747289921;7.622955589761067;2.4565803888522946;6.034787206893691;8.153590306645969;-1.1281691384943235;0.18508020102008496;1.2889142308084314;1;53.718655950000006;86.79389947000001
-0.1152238197206077;0.09029604026025181;-0.1233812582848985;0.04022245931134073;0.9301017182459766;0.04355742436642204;0.0018972492174365767;1.0612848929749688;0.1311831747289921;7.622955589761067;2.4582636143115355;6.0430599974480135;8.153590306645969;-1.3672480203505004;0.10778017874658294;1.0498353489522545;1;53.71848972;86.79375884
-0.1937391659019068;0.0966732148135147;0.0091771183848271;0.04203093338746334;0.9909221005080768;0.036263449725344;0.0013150377859825518;1.0265427504341558;0.09644103218817912;7.622955589761067;2.5723812846809793;6.617145473776964;8.681281181691752;-1.588977900028857;0.054462444529396935;0.8281054692738978;1;53.718331590000005;86.79362886999999
-0.1437748546956255;0.09685409271634177;-0.0520036708473539;0.04128300800432547;0.9585348279060268;0.03382208708399481;0.0011439335747173288;1.0239961667006086;0.0938944484546319;7.622955589761067;2.530681928546394;6.404351023471296;8.681281181691752;-1.868468240173072;0.02456152506538914;0.548615129129683;0;53.71817727;86.79351806999999
0.0326297542571632;0.09571277803426423;0.0071377587437544;0.04393733574390755;1.0161502080556413;0.031197279147145283;0.0009732702261849059;1.016266337082011;0.08616461883603443;7.622955589761067;2.6820882922918425;7.1935976076489725;9.14512884837569;-1.931810038545708;0.0211573062978358;0.48527333075704693;1;53.71803705;86.79341881
0.116243499541144;0.09573750370561647;-0.0193739165901906;0.04865536891214559;0.9394085008759431;0.032233648572373014;0.0010390081002872448;1.018270669012264;0.08816895076628739;7.622955589761067;2.9417700306257424;8.654010913087781;10.492909032072795;-1.8725267057764152;0.027304206241852952;0.5445566635263397;1;53.71791433;86.79332425
0.0693382277964719;0.09688001770873997;0.0183542367696543;0.04958042765264469;0.9937207542411682;0.031958671639368795;0.0010213566929529953;1.018270669012264;0.08816895076628739;7.622955589761067;2.983702613497992;8.902481285794748;10.492909032072795;-1.832777448284415;0.03602074890800072;0.5843059210183399;1;53.71781929;86.79322409
-0.0101967982053635;0.09302705656884727;-0.0045885591924135;0.030818078312524443;1.0003683976609061;0.02608679929352897;0.0006805210973808635;1.018270669012264;0.07886216813632096;3.110011664902518;1.7824799905189195;3.177234916600327;5.979965107214246;-1.60941323095854;0.057780825326719056;0.8076701383442149;1;53.71777197;86.79313325000001
-0.0295707147955541;0.0780760818032892;0.0265116753339451;0.03339479520360593;0.9980373764678367;0.028413489095535434;0.0008073263625821111;1.0303479865897123;0.0909394857137692;3.110011664902518;1.9225050703882767;3.6960257456686327;5.979965107214246;-1.483873953370987;0.07710673154869369;0.9332094159317679;1;53.71775346;86.79305074
-0.0275313551544814;0.0658980219042069;0.0509839910268175;0.031332233243991064;1.018270669012264;0.02477469137100148;0.0006137853325283752;1.0303479865897123;0.0909394857137692;2.3063988576885266;1.7846630840414717;3.1850223235404167;5.632112206604932;-1.420982671580085;0.07483168850255291;0.797502696795368;1;53.717754219999996;86.79299262
-0.0805547058223717;0.06427138246264429;-0.040787192821454;0.03700160197291284;1.013513013287392;0.024304756044323392;0.0005907211663740746;1.0303479865897123;0.0909394857137692;2.3063988576885266;2.1138513921282223;4.468367708002423;6.743822505079297;-1.420982671580085;0.07357136312885176;0.6999116222693156;1;53.71776227;86.79296227
-0.0295707147955541;0.04469577161094386;0.003059039461609;0.04024259565884996;1.0129783866377164;0.0112258656232731;0.00012602005899178473;1.0303479865897123;0.03662723234854404;2.3063988576885266;2.2944998437070745;5.2647295327717885;7.6218504900141415;-1.420982671580085;0.06108356261557387;0.6611112055789723;1;53.717777350000006;86.79295175
-0.0989089425920261;0.028319453919232195;0.040787192821454;0.04108637004122761;1.0303479865897123;0.01025881652393861;0.00010524331647183586;1.0303479865897123;0.03231061012187553;2.3063988576885266;2.34347690691826;5.491884013259176;7.6218504900141415;-1.420982671580085;0.08802707854179369;0.9319427682552919;1;53.717805039999995;86.79294616
-0.0428265524625267;0.026425253877537684;0.058121749770572;0.03856268567778192;1.0018908169653349;0.010119781876637436;0.00010240998523071952;1.0303479865897123;0.03231061012187553;2.3063988576885266;2.1998605616097238;4.839386490525849;7.6218504900141415;-1.420982671580085;0.1994726803132931;1.4235006636011012;1;53.71784166;86.79293414
-0.0265116753339451;0.025844408136948622;0.0774956663607627;0.045093091184350995;1.0016209566061074;0.010064678624872253;0.00010129775582196043;1.0303479865897123;0.02872702998360488;2.3063988576885266;2.557382738465765;6.540206471002655;9.075673923423897;-1.420982671580085;0.4163482895789196;1.9123530803303221;1;53.717881510000005;86.79292279
-0.0469052717446721;0.024912345259781633;0.092790863668808;0.045317346985676125;1.00163808452027;0.010060262809102744;0.00010120888778821581;1.0303479865897123;0.02872702998360488;2.3063988576885266;2.570850407631527;6.609271818419187;9.075673923423897;-1.420982671580085;0.7309179480771207;2.3800190262384726;1;53.71792154;86.79290905999999
-0.0152951973080452;0.02239197693299233;0.0642398286937901;0.032177680226572844;1.0045181561759153;0.01007783290619619;0.00010156271608521074;1.0303479865897123;0.02872702998360488;-0.173024735001639;1.8222142582573484;3.320464802996378;6.5962503307337315;-1.420982671580085;1.1100122594710102;2.8080175091210657;1;53.717956720000004;86.7928956
-0.0550627103089629;0.02163074223345121;0.0520036708473539;0.023620993026639277;1.0021523045802052;0.009990979948238932;9.981968032611242e-05;1.0303479865897123;0.02872702998360488;-2.268694472638115;1.3324881275789895;1.7755246101389615;4.500580593097256;-1.420982671580085;1.452722789768214;3.177867536773622;1;53.7179886;86.7928814
-0.0479249515652085;0.012309698414337789;0.1203222188232894;0.025599176466976018;1.0207916850289733;0.008476709983439806;7.185461214334808e-05;1.0235381271261466;0.021917170520039164;-2.974527621734406;1.4179986178631372;2.010720080261767;4.2365491658687215;-1.420982671580085;1.66466808499582;3.471088116991642;1;53.71801271;86.79287223
-0.0489446313857448;0.01984588188258928;0.0662791883348628;0.023965729858953334;1.0016609212835634;0.008248554276407916;6.803864765084731e-05;1.0235381271261466;0.021917170520039164;-2.974527621734406;1.3260933217942303;1.7585234981072564;4.2365491658687215;-1.4356171821119543;1.6594340601706918;3.654563747038787;1;53.7180428;86.7928588
-0.0499643112062812;0.03200998025281866;0.0917711838482716;0.024031439963363994;1.0138622666647497;0.008117884938676026;6.590005587758307e-05;1.0235381271261466;0.021900042605876635;-2.974527621734406;1.3302941741560286;1.7696825897934698;4.2365491658687215;-1.8771430580774684;1.3875142158868112;3.2975565798087736;1;53.718075279999994;86.7928452
-0.0504741511165494;0.0322290253910753;0.0887121443866625;0.02516036855574156;1.0095573068776647;0.00885144412075059;7.834806302277019e-05;1.0266555518278788;0.024994630544315388;-2.974527621734406;1.3868783925991073;1.9234316758582837;4.2365491658687215;-2.352925439835377;1.041046031436741;2.821774198050865;1;53.7181098;86.79283108
-0.0418068726419904;0.0303995060036557;0.1284796573875803;0.02349938617646324;1.0235381271261466;0.008331081202849248;6.940691400846807e-05;1.0266555518278788;0.024994630544315388;-2.974527621734406;1.2949071542623558;1.6767845381598325;4.2365491658687215;-2.8444833351811862;0.6791347699499982;2.3302163027050558;1;53.71814551999999;86.7928156
-0.0917711838482716;0.030191296247503777;0.0825940654634444;0.09643683260915217;1.0119447619372115;0.033244184333535744;0.0011051757920021033;1.0266555518278788;0.11400565535005291;12.780712076685242;5.868712294938285;34.44178400075979;19.99178886428837;-3.333335751910407;0.3796707835635187;1.8413638859758348;1;53.71818664;86.79280296
-0.1325583766697257;0.030191296247503777;0.0989089425920261;0.09643683260915217;1.0169050652886251;0.033244184333535744;0.0011051757920021033;1.0266555518278788;0.11400565535005291;12.780712076685242;5.868712294938285;34.44178400075979;19.99178886428837;-3.333335751910407;0.3796707835635187;1.8413638859758348;1;53.71818664;86.79280296
-0.0764759865402263;0.030191296247503777;0.1121647802589986;0.09643683260915217;1.0266555518278788;0.033244184333535744;0.0011051757920021033;1.0266555518278788;0.11400565535005291;12.780712076685242;5.868712294938285;34.44178400075979;19.99178886428837;-3.333335751910407;0.3796707835635187;1.8413638859758348;1;53.71818664;86.79280296
-0.1040073416947078;0.030191296247503777;0.0866727847455898;0.09643683260915217;1.012457855123675;0.033244184333535744;0.0011051757920021033;1.0266555518278788;0.11400565535005291;12.780712076685242;5.868712294938285;34.44178400075979;19.99178886428837;-3.333335751910407;0.3796707835635187;1.8413638859758348;1;53.71818664;86.79280296
-0.0836137452839808;0.030191296247503777;-0.2018966044661976;0.09643683260915217;0.9126498964778259;0.033244184333535744;0.0011051757920021033;1.0266555518278788;0.11400565535005291;12.780712076685242;5.868712294938285;34.44178400075979;19.99178886428837;-3.333335751910407;0.3796707835635187;1.8413638859758348;1;53.71818664;86.79280296
-0.0499643112062812;0.033073030248921144;0.0101967982053635;0.047919045254308054;1.0097518112265567;0.015058902268715906;0.00022677053753873707;1.011533174896452;0.04098973019547969;4.277927405606659;2.764649019049951;7.643284198533855;8.344209490864763;-1.9855673459824577;0.37280083551559984;1.9015926724446162;0;53.72568779000001;86.84453067
-0.0152951973080452;0.033073030248921144;0.0183542367696543;0.047919045254308054;1.0077269245991998;0.015058902268715906;0.00022677053753873707;1.011533174896452;0.04098973019547969;4.277927405606659;2.764649019049951;7.643284198533855;8.344209490864763;-1.9855673459824577;0.37280083551559984;1.9015926724446162;0;53.72568779000001;86.84453067
-0.0744366268991536;0.033073030248921144;-0.0397675130009177;0.047919045254308054;1.0008114583869792;0.015058902268715906;0.00022677053753873707;1.011533174896452;0.04098973019547969;4.277927405606659;2.764649019049951;7.643284198533855;8.344209490864763;-1.9855673459824577;0.37280083551559984;1.9015926724446162;1;53.72568779000001;86.84453067
-0.0866727847455898;0.033073030248921144;0.0713775874375446;0.047919045254308054;1.006587717525654;0.015058902268715906;0.00022677053753873707;1.011533174896452;0.04098973019547969;4.277927405606659;2.764649019049951;7.643284198533855;8.344209490864763;-1.9855673459824577;0.37280083551559984;1.9015926724446162;1;53.72568779000001;86.84453067
-0.0418068726419904;0.033073030248921144;0.0489446313857448;0.047919045254308054;1.011533174896452;0.015058902268715906;0.00022677053753873707;1.011533174896452;0.04098973019547969;4.277927405606659;2.764649019049951;7.643284198533855;8.344209490864763;-1.9855673459824577;0.37280083551559984;1.9015926724446162;0;53.72568779000001;86.84453067
-0.0652595085143265;0.033073030248921144;-0.0723972672580809;0.047919045254308054;0.9705434447009723;0.015058902268715906;0.00022677053753873707;1.011533174896452;0.04098973019547969;4.277927405606659;2.764649019049951;7.643284198533855;8.344209490864763;-1.9855673459824577;0.37280083551559984;1.9015926724446162;0;53.72568779000001;86.84453067
-0.0499643112062812;0.04136097548057849;-0.0560823901294993;0.048907913860478235;0.9822784027286862;0.014444874629197186;0.00020865440305322452;1.011533174896452;0.04098973019547969;4.277927405606659;2.8235375693442473;7.97236440549842;8.344209490864763;-1.9855673459824577;0.28227222603297075;1.543234801802879;0;53.72558505000001;86.84451497
0.0214132762312633;0.04033775699041441;-0.0336494340776996;0.04777030372312236;0.9980441480901413;0.013699506934444269;0.00018767649024688658;1.011533174896452;0.04098973019547969;4.277927405606659;2.756817222364562;7.600041197525861;8.344209490864763;-1.9855673459824577;0.4799854608903684;2.0417880853067123;1;53.72547976;86.84451207999999
-0.0050983991026817;0.04153782281858766;-0.0469052717446721;0.04706276216043593;0.9749365609460505;0.01657258514383556;0.0002746505783496791;1.022751567793146;0.05220812309217371;4.277927405606659;2.718122946465652;7.3881923521031165;8.344209490864763;-1.9855673459824577;0.8346754494058618;2.5562401184532986;0;53.72537175;86.84451415
-0.0336494340776996;0.05144686386285237;-0.0356887937187723;0.03684041713018378;1.003544718409006;0.02239851154714654;0.0005016933195276568;1.0431030517374467;0.07255960703647435;4.277927405606659;2.1300361017282916;4.537053794665857;7.051357192114104;-1.9855673459824577;1.2377771781721063;3.066275176354858;0;53.725263580000004;86.84452374
-0.1182828591822167;0.05202044065465368;0.0244723156928724;0.027566999892582295;0.9893527205614854;0.02210550475477479;0.0004886533404633708;1.0431030517374467;0.07255960703647435;4.277927405606659;1.6065510209603933;2.5810061829488817;5.695322234167845;-1.9855673459824577;1.5571819567016805;3.447911250574599;1;53.725154280000005;86.84453476
-0.0703579076170082;0.05358264109281333;-0.0224329560517997;0.025028703051550853;0.9908255627702788;0.020536446316534097;0.00042174562731188696;1.0431030517374467;0.06816649079139614;3.6036638717478144;1.443485563225938;2.0836505712417033;5.021058700309;-2.0998910079546667;1.6515038535943445;3.454809948943022;0;53.72504616;86.84452904
-0.0897318242071989;0.0554643182252846;-0.0173345569491179;0.023775285452558616;1.022751567793146;0.02208829322424903;0.0004878926975604057;1.0431030517374467;0.07238433076984851;3.6036638717478144;1.3683115893824571;1.8722766056383462;5.021058700309;-2.3316920440089177;1.6243845985315657;3.540254502365986;0;53.72494382;86.84450862000001
-0.1529519730804527;0.05147226058367324;-0.0438462322830631;0.023756144884666944;1.0431030517374467;0.03292947767847266;0.0010843505001770291;1.0794092369729205;0.10869051600532231;3.6036638717478144;1.3689284285531467;1.8739650425009877;5.021058700309;-2.660654729257351;1.4692833374981749;3.424935281644886;0;53.72484656;86.84447279999999
-0.0305903946160905;0.050741210697981626;-0.0632201488732537;0.0231078061215397;1.005819948661788;0.03058831146553385;0.0009356447983125098;1.0794092369729205;0.10869051600532231;3.6036638717478144;1.3230929980197788;1.750575081408966;5.021058700309;-3.066463338812109;1.1687981335904025;3.019126672090128;0;53.72475412;86.84441364
-0.0999286224125624;0.04856981519921327;-0.0173345569491179;0.02795035823077656;1.0176087869810766;0.030871817040421103;0.0009530690873772348;1.0794092369729205;0.10869051600532231;4.302991123070968;1.5803285440324562;2.4974383070837427;5.720385951632154;-3.5288021477853366;0.8241944670716537;2.5567878631169005;1;53.72466632;86.84432072000001
-0.0168247170388498;0.050649828850838054;-0.040787192821454;0.020129101235792965;0.9707187209675981;0.031409504696683355;0.0009865569852909736;1.0794092369729205;0.10869051600532231;4.302991123070968;1.138165949046142;1.2954217275681053;3.3318417820219306;-4.02735543128917;0.5074606858197735;2.0582345796130674;1;53.7245895;86.84419014
-0.130519017028653;0.055259815584829806;-0.0260018354236769;0.02790692475074573;1.0794092369729205;0.030981112347872108;0.0009598293223114737;1.0794092369729205;0.10869051600532231;4.302991123070968;1.5710206667829292;2.4681059354590795;5.535774863973463;-4.541807464435756;0.2543979775437424;1.5437825464664812;1;53.72452468;86.84402804
-0.1549913327215254;0.056471428790051494;-0.0367084735393086;0.02744104088807201;1.0174392892428248;0.03146961705457421;0.000990336797561548;1.0794092369729205;0.10869051600532231;4.302991123070968;1.5450213124738605;2.387090855998451;5.535774863973463;-5.049680679963265;0.1594946559976976;1.0359093309389724;0;53.724478309999995;86.84385367
-0.1376567757724074;0.05477306544735829;-0.0774956663607627;0.029602391899836024;1.032851604176299;0.03286161279044307;0.0010798855951890114;1.0794092369729205;0.10869051600532231;4.306748173514601;1.6871377390804254;2.84643375062941;5.539531914417096;-4.544146412440567;0.25411198926606526;1.5414435984616706;0;53.724453749999995;86.84367295000001
-0.147853573977771;0.05306911301883519;-0.0520036708473539;0.03026696640935015;0.9843132562800948;0.03278630032679712;0.0010749414891189372;1.0794092369729205;0.10869051600532231;4.306748173514601;1.7233062904594996;2.969784570737281;5.539531914417096;-4.300980532114271;0.42710800184696956;1.7846094787879663;0;53.724452369999995;86.84351541
-0.185581727337616;0.06060595871865205;0.0224329560517997;0.02993112016085337;1.0426912992705468;0.032921452280016986;0.0010838220202254356;1.0794092369729205;0.10869051600532231;4.306748173514601;1.7027794672129752;2.899457913962104;5.539531914417096;-3.829253567944445;0.7030866317666395;2.2563364429577923;1;53.724483250000006;86.84340549
-0.0713775874375446;0.054744979500228004;-0.0489446313857448;0.03362990171185855;1.0040429464915517;0.029525556376298223;0.0008717584793299646;1.0794092369729205;0.10177023735619695;5.464834432062136;1.9074644708678148;3.638420707623033;6.697618172964631;-3.5167770389533413;0.9717550550102856;2.568812971948896;1;53.72453292;86.84332716
-0.1182828591822167;0.06044072753210997;-0.0734169470786173;0.03229562970943686;0.9776389996167235;0.020296720416820232;0.00041195685967856726;1.0426912992705468;0.06505229965382331;5.464834432062136;1.8214118568709639;3.3175411523501324;6.697618172964631;-3.4166708896663827;1.0935580675668948;2.6256575832426585;0;53.7246057;86.84327449999999
-0.0418068726419904;0.059539464754263756;-0.0703579076170082;0.031704272737972904;1.0097461478307364;0.020199885175069363;0.00040803536108598707;1.0426912992705468;0.06505229965382331;5.464834432062136;1.7849974324526834;3.1862158338626716;6.697618172964631;-2.974812689943405;1.2033800666022663;3.044597862098558;0;53.72470702;86.84326062
-0.0183542367696543;0.061821718629781294;-0.0683185479759355;0.031013515131741;1.0028041700523997;0.01935694079785239;0.0003746911570515623;1.0426912992705468;0.06505229965382331;5.464834432062136;1.752920860361236;3.072731542689576;6.697618172964631;-2.6910361823443307;1.1994303547904934;3.300248628411739;0;53.72483765;86.84327349
-0.0642398286937901;0.056727464384037654;-0.0968695829509534;0.032169825492611395;1.0171657597202295;0.01773199906408887;0.0003144237908088486;1.0426912992705468;0.06505229965382331;5.464834432062136;1.8203387144604397;3.313633035363486;6.697618172964631;-2.047297683327657;1.1704849862833049;3.4727054467500524;0;53.724995490000005;86.84332125
-0.0193739165901906;0.034401498056163944;-0.0535331905781584;0.015235505090655339;1.0253402844855077;0.013505586629227476;0.00018240087019956796;1.0253402844855077;0.04770128486878422;5.464834432062136;0.8620812911293614;0.7431841525152668;2.6706983150878854;-1.658417187279808;1.17630004116719;3.391263492683457;0;53.72518033;86.84340625
-0.0326297542571632;0.03296526717172971;-0.0652595085143265;0.013454901804119075;1.0131333650462544;0.013577465398886003;0.00018434756665794666;1.0253402844855077;0.04770128486878422;5.464834432062136;0.7606540054397903;0.5785945159915966;2.472051318659595;-1.441708924181344;1.1577100841841892;3.1024374882592225;0;53.725376749999995;86.84351819
0.0020393596410727;0.019214043793216444;-0.0520036708473539;0.013498620759905445;0.9924942369291773;0.009498041348590667;9.021278945953802e-05;1.0253402844855077;0.03284604755633047;5.464834432062136;0.7591505718475838;0.5763095907365136;2.472051318659595;-1.3118707225474404;1.1235828259390244;2.9891098095668305;0;53.725579759999995;86.84364696
-0.0224329560517997;0.019449796752069808;-0.0836137452839808;0.01350461035469297;1.004045017609859;0.0099331674924628;9.86678164333197e-05;1.0253402844855077;0.03284604755633047;5.464834432062136;0.7599895835757786;0.5775841671436854;2.472051318659595;-1.3118707225474404;0.9649713612332259;2.5173828453970044;0;53.72578771;86.84378323000001
-0.0418068726419904;0.019008514227731796;-0.0805547058223717;0.013853413556216682;1.0145701485288068;0.010067036474444964;0.00010134522337780528;1.0253402844855077;0.03284604755633047;5.464834432062136;0.7823523273635316;0.6120751641311344;2.472051318659595;-1.3118707225474404;0.7785809500348929;2.204906316405901;0;53.72599529;86.84391401
-0.0458855919241358;0.015432801589474923;-0.0713775874375446;0.011823328102284118;1.0013584216949718;0.012349025856419277;0.00015249843960251188;1.0253402844855077;0.042463611491604825;4.776946533368376;0.6676419322152602;0.44574574965212616;1.9225893244602323;-1.3118707225474404;0.6035943156827209;2.1048001671189422;0;53.72621807;86.84405231
-0.0132558376669725;0.01510327531048837;-0.0672988681553992;0.011582614502028238;1.002654854053376;0.010093572077189276;0.00010188019727741503;1.0148811322889815;0.03200445929507856;4.776946533368376;0.644847768664768;0.4158286447519302;1.9225893244602323;-1.3118707225474404;0.35688866763349303;1.6629419673959647;0;53.726450299999996;86.84419749999999
-0.0448659121035994;0.01737416591169263;-0.0723972672580809;0.012053069092571509;0.9988454795773516;0.009962561659850485;9.925263482632285e-05;1.0148811322889815;0.03200445929507856;4.776946533368376;0.6685724572268538;0.44698913056235323;1.9225893244602323;-1.3118707225474404;0.18982687108007415;1.3791654597968903;0;53.726693880000006;86.84434891999999
-0.0316100744366268;0.013804856417219312;-0.061180789232181;0.011380874679202185;1.0148811322889815;0.009671175649225853;9.353163843817908e-05;1.0148811322889815;0.03200445929507856;4.776946533368376;0.6382750746015793;0.40739507085765164;1.9225893244602323;-0.9897132364974937;0.0741170654709281;1.0575844468301634;0;53.72694805;86.84451861
-0.037728153359845;0.015107481765189204;-0.0489446313857448;0.01053535512017268;0.9828766729939029;0.009661371118189589;9.334209188338794e-05;1.0148811322889815;0.03200445929507856;4.582586521948168;0.5896298055225414;0.34766330756055;1.7282293130400248;-0.7993643971290777;0.06400280656171929;0.8590527901507302;0;53.727206790000004;86.84469799
-0.0326297542571632;0.019835328097543105;-0.0558274701743652;0.010301941680795033;1.0008674602339982;0.00917710666702728;8.421928677799653e-05;1.0148811322889815;0.03200445929507856;4.582586521948168;0.5790116224959669;0.3352544589854122;1.7282293130400248;-0.4791294146046657;0.11555735094653495;1.0190484060270282;0;53.72745701;86.84487653000001
-0.0571020699500356;0.022643117433053195;-0.0764759865402263;0.010668839192898592;1.0119545228931743;0.009517411995308896;9.058113108844967e-05;1.0148811322889815;0.03200445929507856;4.582586521948168;0.6025127736371639;0.36302164239594836;1.7282293130400248;-0.1501158557243454;0.21487853937500154;1.3480619649073484;0;53.72770752;86.84505792
-0.0173345569491179;0.02404393581315601;-0.0795350260018354;0.011609016070309428;0.9954822372023192;0.009829134108364196;9.661187732020842e-05;1.0148811322889815;0.03200445929507856;4.582586521948168;0.6597616346696956;0.4352854145820289;1.7282293130400248;0.1369288801107047;0.3492832783997757;1.6351067007423985;0;53.72796053;86.84523924999999
-0.0122361578464362;0.022709602224667513;-0.07545630671969;0.01139811834255083;1.0022057351212208;0.009673803416592778;9.358247254288209e-05;1.0148811322889815;0.03200445929507856;4.582586521948168;0.6461021521810559;0.4174479910529923;1.7282293130400248;0.4338677233154368;0.5062708206583609;1.9320455439471307;0;53.72821531999999;86.84541723999999
0.0091771183848271;0.02246614833842606;-0.078515346181299;0.0156574493624003;1.0105402577739746;0.010642356173080724;0.00011325974491470939;1.0215247915800767;0.038648118586173785;5.613823017931988;0.869081776545659;0.7553031343237588;2.759465809023845;0.911355277184462;0.6902254805161563;2.404304635952348;0;53.728487959999995;86.8456054
0.0132558376669725;0.02418795023476702;-0.0591414295911083;0.0151245107169899;1.0102829995173064;0.007370230408231535;5.432029627042077e-05;1.0215247915800767;0.026042554377757487;5.613823017931988;0.8456777905826105;0.7151709254846856;2.607135270740248;1.3668200471844754;0.9170527791725509;2.8597694059523615;0;53.72874521;86.84578329000001
0.0040787192821454;0.026109080512020714;-0.0530233506678902;0.015179193690978598;1.010882824090675;0.018496555241195138;0.0003421225557905833;1.0215247915800767;0.06677226991206398;5.7002678814713;0.8975803968990883;0.8056505688975248;2.6935801342795593;1.7862273452050077;1.0804676749403361;3.1396609728071403;0;53.72898764;86.84595660000001
-0.0081574385642908;0.02035681227657289;-0.0642398286937901;0.022937130374634428;1.0054523902474026;0.019143657118177337;0.00036647960785834185;1.0215247915800767;0.06677226991206398;7.678278258574021;1.366230652049219;1.8665861945988338;4.671590511382281;2.124325377760126;1.1772372085403826;3.1140386142576197;0;53.72920777;86.84612297
-0.003059039461609;0.020589860912379097;-0.0999286224125624;0.03076381510396147;1.0215247915800767;0.01908226467781851;0.00036413282523432004;1.0215247915800767;0.06677226991206398;8.519953822869509;1.8094426523422664;3.2740827121154163;5.513266075677768;2.4203018810939523;1.2611034171942397;3.21966627822303;0;53.72940399;86.84627311
0.0270215152442133;0.022566520160441448;-0.0897318242071989;0.032156310862081136;1.012808113982603;0.019238149291074712;0.0003701063881456784;1.0215247915800767;0.06677226991206398;8.519953822869509;1.8798943820973955;3.534002887841348;5.513266075677768;2.6742257799969487;1.2523264237444773;3.1533551946016143;0;53.7295833;86.84641402
0.0367084735393086;0.025376225569128098;-0.0948302233098807;0.03474238843141701;0.9547525216680127;0.019051210421700295;0.00036294861853190195;1.0215247915800767;0.06677226991206398;8.519953822869509;2.0175592668399918;4.070545395211925;5.513266075677768;2.7122321338684934;1.1349570662415043;2.862347989592839;0;53.729751580000006;86.8465567
0.040787192821454;0.024870864347654145;-0.1315386968491893;0.03154243457458559;0.9844938699357021;0.0188129352792947;0.00035392653382293124;1.0215247915800767;0.06677226991206398;8.519953822869509;1.829338239963599;3.346478396193118;5.513266075677768;2.7122321338684934;0.8971882592827632;2.575303253757789;0;53.72991112;86.846706
0.0428265524625267;0.0233366498878806;-0.147853573977771;0.026649074116013628;0.9979733042289379;0.018461319148877057;0.0003408203047166947;1.0215247915800767;0.06677226991206398;8.519953822869509;1.5384284125043188;2.366761980400559;4.856747226175526;2.7122321338684934;0.6300099640503877;2.2783644105530567;0;53.730059499999996;86.84686461999999
0.0601611094116447;0.018551526194287356;-0.1244009381054349;0.020671058707165905;1.0087952766614243;0.018343308825168724;0.00033647697865551285;1.0215247915800767;0.06677226991206398;8.519953822869509;1.1884121837807207;1.4123235185584613;3.437051535346156;2.7122321338684934;0.36170885003177466;1.8008768566840314;0;53.730192339999995;86.84703329999999
0.0632201488732537;0.012391079551933285;-0.1412256551442846;0.02308079304155246;1.0056527288244554;0.016527434486210375;0.000273156090695976;1.012808113982603;0.05805559231459034;8.519953822869509;1.31782751786529;1.7366693668429916;3.8386414998916205;2.7122321338684934;0.17608264712643018;1.345412086684018;0;53.730284749999996;86.84718971
0.0275313551544814;0.018783832050424203;-0.1050270215152442;0.026304368765186877;0.9970581328755561;0.01808548166043353;0.00032708464688987766;1.0087952766614243;0.0540427549934116;8.519953822869509;1.4725347887224167;2.1683587039977725;4.4003110095771545;2.7122321338684934;0.07251772393283402;0.9260047886634857;0;53.73037377000001;86.84739137
0.037728153359845;0.023161675418935473;-0.133578056490262;0.029225337264345654;1.0028207593465783;0.014287687019207887;0.00020413800035884154;1.0171902922266707;0.05200638067377905;8.519953822869509;1.6745462646542106;2.8041051924673694;4.553702300554315;2.7122321338684934;0.03187451225876964;0.5879067561083673;0;53.73046209;86.84761281
0.0428265524625267;0.02557682767970574;-0.1070663811563169;0.02838673570354548;1.0008530136806226;0.01355592474449063;0.00018376309567829334;1.0171902922266707;0.05200638067377905;8.519953822869509;1.615231586851546;2.6089730791629635;4.553702300554315;2.7122321338684934;0.03088202894483057;0.5728954741130874;0;53.73057284;86.84785667999999
0.0305903946160905;0.030703483336762795;-0.0815743856429081;0.02700392699073248;0.9995214771475591;0.013877182078254809;0.00019257618243303647;1.0171902922266707;0.05200638067377905;8.072835270914767;1.5216401560305726;2.3153887644447453;4.106583748599574;2.7122321338684934;0.06140184499908958;0.8335950902716294;0;53.73068792;86.84810232
0.0897318242071989;0.031000055404654843;-0.0693382277964719;0.026553529784119477;0.9651839115528916;0.013666251547725565;0.0001867664313657114;1.0171902922266707;0.05200638067377905;8.072835270914767;1.4980707195750003;2.244215880847959;4.106583748599574;2.7122321338684934;0.10769911434355867;1.126288052049257;1;53.73080393;86.84833865
0.092790863668808;0.03276913147601033;-0.0703579076170082;0.025811531892154353;1.0171902922266707;0.013578010561611302;0.00018436237081122806;1.0171902922266707;0.05200638067377905;7.835488922935479;1.4634189367966735;2.141594984575106;3.8692374006202854;2.4846338052040395;0.16499541963281006;1.1711822034945543;1;53.73092315;86.84856283
0.0173345569491179;0.034752487437614235;-0.1142041399000713;0.026404752844268155;1.0039145288116949;0.013547446675707588;0.00018353331143114058;1.0171902922266707;0.05200638067377905;7.835488922935479;1.4982089901808244;2.244630178258646;3.8692374006202854;2.4828105783196;0.2396379005880965;1.3461470529925255;0;53.731041389999994;86.84876299
-0.003059039461609;0.03939537528373818;-0.1376567757724074;0.02546393887869843;1.0097379101073845;0.013707050942976645;0.00018788324555335693;1.0171902922266707;0.05200638067377905;7.835488922935479;1.4419954946788722;2.0793510066741656;3.8692374006202854;2.4480720441610657;0.31866352072643633;1.552782009465681;0;53.7311615;86.84893942
0.023452635872336;0.03902768178327821;-0.1152238197206077;0.025469382581205194;1.00415529848955;0.013912416573906398;0.00019355533492590546;1.0171902922266707;0.05200638067377905;7.835488922935479;1.4426906400899722;2.0813562830032133;3.8692374006202854;2.3813816226157534;0.37987485005809357;1.654298340084321;0;53.731290220000005;86.84909373999999
-0.0010196798205363;0.04066308457906053;-0.1356174161313347;0.023911256256699046;0.9973339192380104;0.01417398231370017;0.00020090177462908523;1.0171902922266707;0.05200638067377905;7.835488922935479;1.3552212189288633;1.8366245522350337;3.8692374006202854;2.2799890027993603;0.4179407609993358;1.7084849241167803;0;53.73143092;86.84922676
-0.0010196798205363;0.03433262780157757;-0.124910778015703;0.02092484140120508;1.0009928605420784;0.00548081434361901;3.003932586921987e-05;1.0171902922266707;0.019856372988660276;7.835488922935479;1.216811278190441;1.480629686731455;3.8692374006202854;2.2780445072548834;0.4586406311333378;1.9798561318172498;0;53.731576630000006;86.84930079
-0.0265116753339451;0.022645732108067338;-0.1223615784643621;0.015295574962575687;1.0070988941214016;0.004703250036653434;2.2120560907280527e-05;1.01322982970005;0.01589591046203953;7.835488922935479;0.8895347265427487;0.7912720297254827;2.8017863085751715;2.139336659755406;0.46040509012608727;2.081750056214167;0;53.73174776;86.84933112
0.0183542367696543;0.022684470453561607;-0.1060467013357805;0.017334890174614634;1.008106546108772;0.0046628549281725485;2.1742216081183023e-05;1.01322982970005;0.01589591046203953;7.835488922935479;1.006062384766602;1.0121615220422624;2.8017863085751715;1.878637043596864;0.446558010615262;2.077793660637386;0;53.73190193000001;86.84931377000001
0.0601611094116447;0.022634506002691672;-0.1019679820536351;0.015174245794755369;1.0103257089223296;0.005275131050420604;2.7827007599111583e-05;1.01322982970005;0.01589591046203953;7.815289436527813;0.8919677508113686;0.7956064684874917;2.7815868221675055;1.5859440818192363;0.4398010476226167;2.0160802232347104;0;53.73205569;86.84927553
0.0096869582950953;0.026392937021200265;-0.0882023044763943;0.016138310160197292;1.0052494259544118;0.005399459071294428;2.9154158262583688e-05;1.01322982970005;0.01589591046203953;7.815289436527813;0.9426018693308961;0.8884982840660997;2.7815868221675055;1.3134516017094853;0.39814120002445547;1.7435877431249596;0;53.732206659999996;86.84921657999999
0.003059039461609;0.029394824337446335;-0.1080860609768532;0.014557593589863617;1.01322982970005;0.006637126539289;4.405144869853438e-05;1.01322982970005;0.021974116815178357;7.3151707348055055;0.8517200289857239;0.7254270077754423;2.281468120445198;1.1366635253270745;0.3435186778722094;1.5667996667425488;0;53.732352479999996;86.84913968
0.0183542367696543;0.03047920795618224;-0.0897318242071989;0.014219669795261751;1.0075365442219084;0.006928952335456057;4.801038046702195e-05;1.01322982970005;0.021974116815178357;7.3151707348055055;0.8338631118016273;0.6953276892234932;2.281468120445198;0.8952900346953847;0.2828387770074744;1.420591376682511;0;53.73249413999999;86.84904838
0.0254919955134087;0.028806080259257422;-0.1172631793616804;0.013656034475746062;0.9973547695479812;0.00696637105827196;4.8530325721529194e-05;1.01322982970005;0.021974116815178357;7.3151707348055055;0.8048174358586507;0.6477311050620934;2.281468120445198;0.7270832825314324;0.22858047683641392;1.3295417537620744;0;53.73263066999999;86.84894426999999
-0.0326297542571632;0.028415209800848697;-0.1284796573875803;0.01404719727308244;1.00905085337403;0.006981840164613873;4.8746092084215474e-05;1.01322982970005;0.021974116815178357;7.3151707348055055;0.8279564148800875;0.6855118249410876;2.281468120445198;0.57150407868258;0.15766646789418953;1.173962549913222;0;53.73276169;86.84879369000001
-0.0336494340776996;0.022095742543500777;-0.1233812582848985;0.013731120347156936;0.9912557128848716;0.006774490854038302;4.58937263314486e-05;1.01322982970005;0.021974116815178357;7.3151707348055055;0.8075723673241889;0.6521731284655947;2.281468120445198;0.2981883754376336;0.08958679983010145;0.9006468466682758;0;53.73287778;86.84861794
-0.0214132762312633;0.021615982986634835;-0.1213418986438258;0.011768850609699382;0.9977466742797424;0.006959245641230285;4.8431099894982725e-05;1.01322982970005;0.021974116815178357;7.3151707348055055;0.6997609480824002;0.4896653844611795;2.2056034636394326;0.057586603541239;0.05538805977510021;0.8503238048052141;0;53.73297687;86.84842263
0.0010196798205363;0.02170957700026608;-0.1060467013357805;0.012523579719290903;1.0079399635131536;0.006168118244214689;3.804568267461409e-05;1.00905085337403;0.017795140489158534;7.580726093617194;0.741566604151458;0.5499210283927253;2.4711588224511214;-0.1991566170405217;0.058874287636148326;0.8859327025502739;0;53.73303899;86.84821595
0.0020393596410727;0.01913964344454677;-0.1203222188232894;0.008250554786771147;1.0004321865949202;0.006328541727696717;4.0050440399198545e-05;1.00905085337403;0.017795140489158534;7.580726093617194;0.49792658973080084;0.24793088876094524;1.541383934810474;-0.4055372198411426;0.0775734593999058;0.7789492394469002;0;53.733084489999996;86.84800289
-0.0316100744366268;0.012655719623235386;-0.1101254206179259;0.008782312074847311;1.0078589830814038;0.007105848791268575;5.0493087044373065e-05;1.00905085337403;0.018239850779915523;7.580726093617194;0.5208833003395047;0.2713194125725747;1.541383934810474;-0.4055372198411426;0.08870317894392128;0.7789492394469002;0;53.73311787;86.84777514999999
-0.0173345569491179;0.011840781139894936;-0.1264402977465075;0.013068111803900741;0.9983003941848813;0.006517982513495487;4.248409604623294e-05;1.0088855861122241;0.018074583518109533;7.580726093617194;0.7696589144799247;0.5923748446384162;2.6726851008331263;-0.406684907088794;0.09182218470248553;0.7778015521992488;0;53.733143629999994;86.84753979000001
-0.0244723156928724;0.011223685567487424;-0.1315386968491893;0.01434504651944429;0.9970873312612737;0.005739371703925276;3.294038755581812e-05;1.0088855861122241;0.018074583518109533;7.580726093617194;0.8381062128179965;0.7024220239641248;2.6726851008331263;-0.5253013419871262;0.08035584862508008;0.6591851173009167;0;53.733165029999995;86.84729239
-0.0214132762312633;0.011170549901988893;-0.1126746201692668;0.01571478088701267;1.0088855861122241;0.00711259702725273;5.058903647208437e-05;1.0155212436707943;0.02471024107667974;7.580726093617194;0.9242603548642816;0.8542572035738477;2.6726851008331263;-0.5261003519774903;0.06760011518688519;0.6583861073105526;0;53.733182469999996;86.84703078999999
-0.0183542367696543;0.00977806254708374;-0.1101254206179259;0.017427694083118186;0.9908110025941146;0.007198253701471557;5.181485635074897e-05;1.0155212436707943;0.02471024107667974;7.580726093617194;1.016227794357231;1.0327189300241626;2.706492340639034;-0.5261003519774903;0.055574144549646265;0.6583861073105526;0;53.733195650000006;86.84675725
-0.020393596410727;0.012863961337837166;-0.0856531049250535;0.016841788872869776;1.0011261967814726;0.010501777786611797;0.00011028733667937299;1.0155212436707943;0.037729639625056155;7.580726093617194;0.9777682833727092;0.9560308159696144;2.706492340639034;-0.5983579783341552;0.03379641209956925;0.5861284809538877;0;53.73320374;86.84649654
-0.0050983991026817;0.01313589663741881;-0.092790863668808;0.018181033854379844;1.0025827803890492;0.011215006295131771;0.00012577636619984527;1.0155212436707943;0.037729639625056155;7.580726093617194;1.0479670501460894;1.0982349381918963;2.8812571278921224;-0.7927372012639751;0.0140035758622056;0.3917492580240678;0;53.73321184;86.84623328
-0.020393596410727;0.01395674790788909;-0.0876924645661262;0.018111001860520386;1.0155212436707943;0.01127846140351255;0.00012720369163052227;1.0155212436707943;0.037729639625056155;7.580726093617194;1.0424686254507178;1.086740835049109;3.5177600359411434;-0.8973468705862993;0.006865978052945783;0.2871395887017436;0;53.733218810000004;86.84596121
-0.0244723156928724;0.019544306560970854;-0.0846334251045171;0.01291873926601671;0.9960523521582052;0.011372912798481804;0.00012934314552187122;1.0155212436707943;0.037729639625056155;6.412299457502325;0.7408876483422032;0.5489145074660402;2.349333399826274;-0.8973468705862993;0.008735368513951255;0.3242586750989216;0;53.73322636;86.8456846
0.0142755174875089;0.02146446878603304;-0.0978892627714897;0.010594642898994904;0.9777916040457382;0.01332997535264267;0.00017768824290206108;1.0213400372426427;0.04354843319690449;6.381424765964653;0.6278682196566462;0.3942185012548065;2.3184587082886017;-0.8973468705862993;0.011078589336957859;0.37207087815681383;0;53.73323576;86.8453996
0.003059039461609;0.021704254851427768;-0.0805547058223717;0.00833951541170259;0.9832225327015119;0.013534231577141674;0.00018317542438369878;1.0213400372426427;0.04354843319690449;5.745654698998364;0.4796730760172234;0.230086259855825;1.6826886413223132;-0.8973468705862993;0.018423275565799882;0.4818993792052435;0;53.73324498000001;86.84511186
-0.0285510349750178;0.022174226620737838;-0.0703579076170082;0.008633724039064657;0.993016333215738;0.013681778492728516;0.00018719106272408858;1.0213400372426427;0.04354843319690449;5.745654698998364;0.4995992640472633;0.2495994246365671;1.6826886413223132;-0.8973468705862993;0.024678371341426353;0.48676250350424977;0;53.73325308;86.84482555999999
-0.058121749770572;0.021702391790988398;-0.092790863668808;0.009159634993295555;1.001212394985989;0.014022249398406385;0.0001966234781911082;1.0213400372426427;0.04354843319690449;5.745654698998364;0.5241240781494869;0.2747060492960495;1.6826886413223132;-0.8973468705862993;0.03021279620884547;0.5072132061367918;0;53.73325863;86.84454183
-0.0458855919241358;0.0217005951169393;-0.0866727847455898;0.011932142046825028;1.0213400372426427;0.013654061637858561;0.0001864333992104408;1.0213400372426427;0.04354843319690449;6.630470805279873;0.7024770166580174;0.49347395893274854;2.567504747603822;-0.8973468705862993;0.030228396274646976;0.5072132061367918;0;53.733262460000006;86.84426662000001
-0.0101967982053635;0.021843862068045207;-0.0978892627714897;0.012514351525775357;1.0102099262275719;0.014916639650644412;0.00022250613846717707;1.0213400372426427;0.04354843319690449;6.630470805279873;0.7232500551472124;0.5230906422704458;2.567504747603822;-1.0413767803108902;0.017885529349593532;0.3631832964122008;0;53.733264670000004;86.84399235000001
-0.0050983991026817;0.01976713906685677;-0.0953400632201488;0.012769768120845027;0.9936868791503207;0.015593590796757944;0.00024316007393673404;1.0291166263799125;0.04589409367840058;6.630470805279873;0.7424747483668085;0.5512687519623556;2.567504747603822;-1.0746387732801792;0.011853187822406682;0.3299213034429118;0;53.733264500000004;86.84371826
-0.0193739165901906;0.017617573653820048;-0.0989089425920261;0.01242169253214313;1.0094289469527724;0.014023698602347315;0.00019666412248947807;1.0291166263799125;0.04445563911254402;6.630470805279873;0.7294599503687903;0.532111819192038;2.567504747603822;-1.168551610106206;0.007600006351777817;0.23600846661688513;0;53.73326389;86.84344373
-0.0198837565004588;0.017990679718852598;-0.1136942999898031;0.01115140052166184;0.9846609872673685;0.013093533959888017;0.0001714406315587408;1.0291166263799125;0.04445563911254402;6.630470805279873;0.6757902605494629;0.456692476253511;2.292615477063891;-1.1092446828969804;0.00966349664356173;0.2953153938261106;0;53.733264659999996;86.84316546
-0.0091771183848271;0.016324168439581736;-0.1070663811563169;0.013574896513892631;1.0162003446817423;0.013033113098201564;0.00016986203703051316;1.0291166263799125;0.04445563911254402;6.630470805279873;0.8141509696753195;0.662841801423263;2.610277550791869;-1.0450464783790805;0.01556249924729677;0.35951359834401053;0;53.733266300000004;86.84288294000001
-0.0418068726419904;0.01616557922057674;-0.0846334251045171;0.014051617103524972;1.0291166263799125;0.012605738607709282;0.00015890464584589236;1.0291166263799125;0.04445563911254402;6.630470805279873;0.839216316678459;0.7042840261793595;2.610277550791869;-0.7829695536133523;0.039812610029234856;0.6215905231097387;0;53.73326706;86.84258930000001
-0.0346691138982359;0.015609300228318653;-0.1040073416947078;0.01483274929823031;1.015418852966299;0.012789690623117562;0.00016357618623506127;1.0291166263799125;0.04445563911254402;6.630470805279873;0.879552520919671;0.7736126370561481;2.610277550791869;-0.5874391967690339;0.07557929955847893;0.8171208799540571;0;53.73326997;86.84228757000001
-0.0387478331803813;0.015746360668048957;-0.0764759865402263;0.01659787984531089;1.0110849146276233;0.013981549638607272;0.00019548373029683915;1.0291166263799125;0.04445563911254402;6.630470805279873;0.9606384678073094;0.922826265831175;2.777023356128102;-0.5132503444324233;0.10553663869889164;0.8913097322906677;0;53.73327847;86.84198119
-0.0020393596410727;0.019413307147495517;-0.0713775874375446;0.01727455524565907;1.018108302610732;0.014158891772434694;0.0002004742162235189;1.0291166263799125;0.04445563911254402;6.630470805279873;1.002223693567514;1.00445233194811;2.831975313388607;-0.5132503444324233;0.10942971538489532;0.8600108696601007;0;53.73329598;86.84166334
-0.0448659121035994;0.021835067696677722;-0.0805547058223717;0.014894928356397403;1.0147008040573091;0.01202365003315792;0.00014456816011985843;1.0291166263799125;0.04288749092769695;6.047880469053545;0.8378332470939945;0.7019645499360665;2.2493849771622787;-0.4837057794906679;0.1105380678776029;0.8525986774258765;0;53.73332476;86.84132604
-0.020393596410727;0.02231652369425389;-0.0764759865402263;0.014541713151417923;1.0034322980457677;0.01298090201623562;0.00016850381715510999;1.0291166263799125;0.04288749092769695;6.0674772327187885;0.8412981157655386;0.7077825195906455;2.2689817408275226;-0.4634144865977168;0.10008445105384406;0.7869771641925267;0;53.73336536000001;86.84099288
-0.0040787192821454;0.021044856472195336;-0.0662791883348628;0.014532574041516175;0.9862291354522156;0.012172976418781931;0.00014818135489222097;1.0241205434014886;0.03789140794927304;6.0674772327187885;0.8413919433070052;0.7079404022619387;2.2689817408275226;-0.4326016891651688;0.08553458468198495;0.7642888061856623;0;53.733418240000006;86.84066688
0.0122361578464362;0.0194886634515168;-0.0672988681553992;0.012761170625343465;1.015867247860511;0.011909294782688946;0.00014183130222098216;1.0241205434014886;0.03789140794927304;6.0674772327187885;0.751367179240564;0.5645526380399217;2.2689817408275226;-0.4326016891651688;0.05916241142008902;0.6766429937318117;0;53.733482849999994;86.84034749
0.0112164780258998;0.01653607848106199;-0.0978892627714897;0.012718095968895286;0.998043627197749;0.011934614677295764;0.0001424350274955235;1.0241205434014886;0.03789140794927304;6.0674772327187885;0.7481408639974217;0.5597147523828088;2.2689817408275226;-0.4326016891651688;0.03534141877758731;0.6124447892139118;0;53.733559060000005;86.84003714
-0.0010196798205363;0.017331224341772155;-0.1050270215152442;0.012464864641492173;0.9936365221512715;0.01275078564161991;0.00016258253447854046;1.024770102752595;0.03854096730037948;6.0674772327187885;0.7341742707016136;0.5390118597602461;2.2689817408275226;-0.4326016891651688;0.012852023173441515;0.3503678644481835;0;53.73364444;86.83972572
0.0020393596410727;0.012017041929005615;-0.0836137452839808;0.013162254559657294;1.0241205434014886;0.014524252968250573;0.00021095392428573557;1.024770102752595;0.04049593098162485;6.0674772327187885;0.7644879703381359;0.5844418567917224;2.2689817408275226;-0.4326016891651688;0.007412639173226324;0.30111304637346764;0;53.73373719999999;86.8394268
-0.0081574385642908;0.011161755617701;-0.0723972672580809;0.01463871044846167;1.0090575510866724;0.014571959948017611;0.00021234201672662943;1.024770102752595;0.04049593098162485;6.0674772327187885;0.8460302945466912;0.7157672592907611;2.6807981814504065;-0.4326016891651688;0.007527201934459878;0.30111304637346764;0;53.73382789;86.83912837
-0.0050983991026817;0.01172520953615271;-0.0815743856429081;0.01653302165437798;1.0117700762790827;0.013307792879888373;0.00017709735133400768;1.024770102752595;0.04049593098162485;6.0674772327187885;0.9544346750193478;0.910945548879288;3.1103502624908836;-0.4326016891651688;0.00927330918599024;0.30111304637346764;0;53.733914430000006;86.83881299000001
-0.023452635872336;0.014158605069907104;-0.07545630671969;0.016424355526637534;1.024770102752595;0.01418240901368144;0.00020114072543135254;1.024770102752595;0.04049593098162485;6.0674772327187885;0.942475274461567;0.888259642971406;3.1103502624908836;-0.4326016891651688;0.01035091630932768;0.30111304637346764;0;53.73399346;86.83847218000001
0.0061180789232181;0.012978516551755866;-0.0672988681553992;0.014579896191773491;0.9842741717709702;0.01414422021627712;0.0002000589655265424;1.024770102752595;0.04049593098162485;6.0674772327187885;0.8313723267230604;0.6911799456409151;3.1103502624908836;-0.4326016891651688;0.014504344530936745;0.38512560343525;0;53.73406407;86.83812551
-0.0142755174875089;0.012463590192454457;-0.0591414295911083;0.011730134956770963;1.0011365825005416;0.015547890256774317;0.00024173689143669772;1.024770102752595;0.04351700061146169;4.683094298982679;0.6330865832680972;0.40079862191407334;1.824010380611362;-0.4326016891651688;0.02968663028499846;0.6182544841002622;0;53.73413747000001;86.83775858999999
-0.0137656775772407;0.011686720012695297;-0.0514938309370857;0.01711734719125596;0.99816121175937;0.013913940425031808;0.00019359773815133432;1.024770102752595;0.04351700061146169;4.6245156950506265;0.9610905556697135;0.9236950561975187;3.2648273556627063;-0.5395217624364975;0.04841445663882614;0.664013538653938;0;53.73421499999999;86.83738556
-0.0356887937187723;0.021677691124007484;-0.0693382277964719;0.019302302290983408;0.9860599113888756;0.01487352996709202;0.0002212218936819843;1.024770102752595;0.04351700061146169;4.6245156950506265;1.0967322130504222;1.2028215471424766;3.2648273556627063;-0.5575406174281831;0.05708394780240184;0.6459946836622524;0;53.734301589999994;86.83700111
-0.0224329560517997;0.021055901354982472;-0.0723972672580809;0.01873124970484594;0.999106203207272;0.014210158270237673;0.00020192859806520414;1.024770102752595;0.04351700061146169;4.222648688592677;1.0720090368794872;1.1492033751512858;2.8629603492047564;-0.5575406174281831;0.07004663639560493;0.6459946836622524;0;53.734399710000005;86.83660771
-0.0152951973080452;0.021055901354982472;-0.0489446313857448;0.020022642217693926;0.9812531021411334;0.010624028464414341;0.00011286998081268615;1.01762104796804;0.03636794582690672;4.155410625600738;1.1632962098550685;1.3532580718631675;3.1598472200951386;-0.5575406174281831;0.07622090521445607;0.6968480097321929;0;53.734515120000005;86.83620599999999
-0.0050983991026817;0.021863421806395885;-0.023452635872336;0.033286338475580025;0.9883611905373182;0.012170400134753246;0.00014811863944000182;1.0185606175533024;0.037307515412169034;4.155410625600738;1.9057231742192362;3.6317808167562413;6.507779646207463;-0.5995706817132544;0.06584739462577753;0.6548179454471215;0;53.73464977;86.83579025
-0.0723972672580809;0.03203415214184247;-0.0305903946160905;0.03349324425345178;1.01762104796804;0.014670076157478826;0.00021521113446622872;1.0185606175533024;0.046414219048131256;4.155410625600738;1.9197965314893464;3.6856187223185253;6.507779646207463;-0.6738440623001656;0.048796880971960874;0.5805445648602103;0;53.73480513;86.83536705
-0.0254919955134087;0.03223077282520565;-0.0336494340776996;0.03274303241330637;0.9971212211725291;0.015164384712674712;0.00022995856371400253;1.0185606175533024;0.046414219048131256;4.155410625600738;1.8778223995321361;3.5262169641846297;6.507779646207463;-0.6738440623001656;0.0345269928640549;0.5805445648602103;0;53.73496798;86.83495134
-0.023452635872336;0.03278182080423807;-0.0173345569491179;0.03617524843939417;0.9976732038690087;0.01493784022244666;0.00022313907051134526;1.0185606175533024;0.046414219048131256;5.250910042731434;2.0753679723613043;4.307152220703072;7.603279063338158;-0.8177272926004188;0.015119787193877647;0.43666133455995715;0;53.73513075999999;86.83456371999999
0.0112164780258998;0.03285205199059244;0.0418068726419904;0.042971436421040246;1.0185606175533024;0.015367094954336271;0.00023614760733558726;1.0185606175533024;0.046414219048131256;6.620644786541269;2.4889677334960325;6.194960378384378;8.973013807147993;-0.8777174167420458;0.011554303268769795;0.37667121041833007;1;53.73528409000001;86.83417177
0.0520036708473539;0.03296596806827417;-0.0061180789232181;0.045502049643148884;0.9721463985051711;0.015023710316110678;0.00022571187166241043;1.0185606175533024;0.046414219048131256;6.620644786541269;2.627975697906854;6.906256268789016;8.973013807147993;-0.8777174167420458;0.014870322406860497;0.37667121041833007;1;53.735419809999996;86.83380317000001
-0.0265116753339451;0.03296088623065335;-0.0326297542571632;0.04531683712314039;0.9828512840011027;0.014865788456066365;0.000220991666420516;1.0185606175533024;0.046414219048131256;6.620644786541269;2.6168833195420893;6.848078308097626;8.973013807147993;-0.8291221557966376;0.02077119945095042;0.4252664713637383;1;53.73553435;86.83343899
-0.0428265524625267;0.02845071159030019;-0.0907515040277353;0.045198010160019994;0.9916307615857637;0.012676493660576018;0.00016069349152662398;1.0185606175533024;0.046414219048131256;6.620644786541269;2.6082284325533727;6.802855556379824;8.973013807147993;-0.8148074959707778;0.02607391694662463;0.4395811311895981;0;53.73562267;86.83307930999999
-0.0254919955134087;0.029375953336538547;-0.113184460079535;0.04511511880160713;0.9816938015046693;0.013697335292306621;0.00018761699410986852;1.0185606175533024;0.046414219048131256;6.620644786541269;2.603452466401962;6.777964744814459;8.973013807147993;-0.7520563914175564;0.030424488630667084;0.5023322357428195;0;53.73568272;86.83271184
-0.0265116753339451;0.029931120160853367;-0.0836137452839808;0.04451706654238765;1.0021128782768185;0.013758118467989983;0.00018928582377924705;1.0185606175533024;0.046414219048131256;6.620644786541269;2.5684935894866205;6.597159319233864;8.973013807147993;-0.5718142596009939;0.03724954092218807;0.6249219246887296;0;53.73570413;86.83227501
-0.0346691138982359;0.02973090003781381;-0.0520036708473539;0.0321354665437612;0.9930974769922504;0.010250028524846024;0.00010506308476015714;1.0021128782768185;0.029966479771647347;6.620644786541269;1.8683408103532222;3.490697383631335;6.260058751809429;-0.5619397142279652;0.039067935746898826;0.5635650785204074;0;53.73569259;86.83182058999999
-0.0367084735393086;0.019379953227610165;-0.0499643112062812;0.03023732283386574;0.9910306942225231;0.008491231665519735;7.210101519752506e-05;1.0021128782768185;0.026901071936660803;6.620644786541269;1.7605252767074626;3.0994492499258874;5.561913294847223;-0.5619397142279652;0.031269049522846426;0.5125121459084852;0;53.73565354;86.83134634
0.0076475986540226;0.022395910571121183;-0.0520036708473539;0.031525719516387316;0.9752118063401577;0.021467318805525513;0.00046084577669806934;1.0546570615032196;0.07944525516306189;6.620644786541269;1.844828557043762;3.403392404884169;5.561913294847223;-0.5619397142279652;0.025970614012729577;0.5125121459084852;0;53.7355992;86.83084656
0.0071377587437544;0.020526922755099725;-0.0275313551544814;0.03033706935638852;0.9986716260089443;0.02154224900010193;0.0004640684919823926;1.0546570615032196;0.07944525516306189;6.620644786541269;1.7777579941949524;3.1604234859240603;5.561913294847223;-0.5619397142279652;0.018607810871353273;0.3668536669538244;0;53.73553869;86.83031757
-0.0367084735393086;0.0202663769222568;-0.0438462322830631;0.02035844380939053;0.9983760314992556;0.020986372115217478;0.00044042781455837774;1.0546570615032196;0.07944525516306189;4.786178261771016;1.1816552287952204;1.396309079739085;3.72744677007697;-0.5619397142279652;0.01891394816088129;0.3668536669538244;0;53.73547913;86.82977929
0.0020393596410727;0.01974608795025806;-0.0183542367696543;0.01719369534185588;0.9933398218333594;0.02112268088177295;0.00044616764763321656;1.0546570615032196;0.07944525516306189;3.056776776121224;1.006907321168135;1.0138623534219895;2.9989630552370983;-0.2484278789253498;0.03583809293654949;0.675991669448303;0;53.735414719999994;86.82919264
0.0152951973080452;0.01808347212911234;-0.020393596410727;0.01703404566509493;1.0546570615032196;0.021013581653529886;0.0004415706139095679;1.0546570615032196;0.07944525516306189;3.056776776121224;0.9954847853867002;0.9909899579364045;2.9989630552370983;-0.0951997828183565;0.06318454890364272;0.8292197655552963;0;53.735350819999994;86.82857322
-0.0101967982053635;0.01808347212911234;-0.0224329560517997;0.015215682189999533;1.0077449804910639;0.020715232942533864;0.00042912087586344016;1.0546570615032196;0.07944525516306189;3.056776776121224;0.8894445472463879;0.791111602626332;2.9989630552370983;-0.0951997828183565;0.07211321069711779;0.8292197655552963;0;53.735285499999996;86.82791141999999
-0.020393596410727;0.02110796065897765;-0.0295707147955541;0.012862614161598037;1.0141980723753778;0.018087935728823893;0.0003271734189300639;1.0546570615032196;0.061317239669860135;2.517100019782729;0.7373044258087773;0.5436178163172108;2.4592862988986033;-0.0951997828183565;0.07514299295459857;0.8292197655552963;0;53.735218520000004;86.8272326
-0.0091771183848271;0.02056740510837684;-0.0010196798205363;0.01574149930704626;1.0105448878225638;0.019514656588510374;0.00038082182176749134;1.0546570615032196;0.07160902995900242;2.517100019782729;0.9018676799293874;0.8133653121012161;3.051985165053472;-0.0951997828183565;0.08030613535754831;0.8292197655552963;0;53.73515141;86.82658693
-0.0035688793718772;0.017905069866159612;-0.0081574385642908;0.01582640315993891;0.9952473352894169;0.020586349487417423;0.00042379778521809157;1.0546570615032196;0.07160902995900242;1.8179983843395788;0.9048258046596206;0.8187097367779298;2.7085226860381835;-0.0951997828183565;0.08125775170784975;0.8292197655552963;0;53.735077409999995;86.82594205000001
-0.0367084735393086;0.0178080235790133;-0.0316100744366269;0.016636031046634796;0.9963858120890015;0.02023591930688742;0.000409492430194859;1.0546570615032196;0.07160902995900242;1.8179983843395788;0.9488680788947497;0.9003506311454128;2.7085226860381835;-0.0951997828183565;0.053575139510603206;0.6132251190722534;0;53.734996839999994;86.82530084
0.0285510349750178;0.020547103619659515;-0.0081574385642908;0.016164060516338084;1.001765756106582;0.011457413511634403;0.00013127232437658257;1.0147695835906603;0.03172155204644311;1.8179983843395788;0.9258366330461749;0.8571734710902776;2.7085226860381835;-0.0951997828183565;0.053813056381578545;0.6164122024387455;0;53.73491363000001;86.82466467
-0.0081574385642908;0.022474117473663773;0.0091771183848271;0.016209737924293775;0.9830480315442172;0.01123942876840165;0.00012632475903997465;1.0147695835906603;0.03172155204644311;1.8179983843395788;0.9284435694710024;0.862007461692056;2.7085226860381835;-0.0951997828183565;0.046436646882171716;0.6164122024387455;0;53.73483139;86.82402947
-0.0050983991026817;0.03583239297457057;0.0152951973080452;0.013653390529622614;0.9841231008322161;0.012283342183856879;0.00015088049520571787;1.0208242787219655;0.0377762471777483;1.8179983843395788;0.7861285234620501;0.617998055400623;2.7085226860381835;-0.0951997828183565;0.04539437111374554;0.6164122024387455;0;53.73475038;86.82339294
-0.0101967982053635;0.041284791962269494;0.0071377587437544;0.014178479953182723;1.0054813448705324;0.012002991879222366;0.0001440718140526781;1.0208242787219655;0.0377762471777483;1.8179983843395788;0.8155516195325293;0.6651244441221315;2.7085226860381835;-0.0951997828183565;0.05094393956670917;0.6164122024387455;0;53.734666559999994;86.82277408
-0.0484347914754767;0.04224563700905511;-0.0101967982053635;0.02227403375734099;1.0147695835906603;0.01414144564455215;0.00019998048491782296;1.0208242787219655;0.043876817210213526;1.8179983843395788;1.2963284748419028;1.680467514685934;5.049015152087342;-0.1812741761415462;0.045732492673159486;0.5303378091155558;0;53.734543859999995;86.82214194000001
0.0163148771285816;0.0412099043635634;0.0101967982053635;0.018235519618345703;0.9994714141167866;0.01906050704787872;0.0003633029289222343;1.0208242787219655;0.06212295994832684;0.5757398953354148;1.0668049531425114;1.1380728080493963;3.8067566630831777;-0.2029432378146459;0.05222372835334073;0.6709774373920374;0;53.73439922;86.82157234
0.0805547058223717;0.04080857217005873;-0.0010196798205363;0.017096327575485414;1.0208242787219655;0.029105389057039556;0.0008471236721616378;1.0643714986612365;0.10567017988759786;0.5757398953354148;0.9988016566125627;0.9976047492519997;3.8067566630831777;-0.2126397172348244;0.07249659129498712;0.914385401682068;0;53.73423792;86.82106032
-0.0642398286937901;0.04325654386057349;0.0101967982053635;0.017086272924254162;1.0064885501890795;0.029464114458812262;0.0008681340408419898;1.0643714986612365;0.10567017988759786;0.5757398953354148;0.9974476750091094;0.9949018643810779;3.8067566630831777;-0.2573950849917951;0.09454729110647188;1.045921014753473;0;53.73403562;86.8206097
-0.0336494340776996;0.04314101315653344;0.0550627103089629;0.01846163410808485;0.9769474615117519;0.028558870577135777;0.0008156090886415916;1.0643714986612365;0.10567017988759786;0.5757398953354148;1.0752401075366689;1.1561412888554674;3.8067566630831777;-0.4763222389906827;0.13231873699764718;1.0990724590847012;1;53.733816739999995;86.82019113999999
0.0071377587437544;0.043153195893842415;0.0183542367696543;0.019493479299812266;0.9587013187736386;0.0287335109429213;0.000825614651106978;1.0643714986612365;0.10567017988759786;0.5757398953354148;1.1338204104865528;1.285548723235895;3.8067566630831777;-0.4763222389906827;0.2485815499155962;1.5281124812658573;1;53.73357929;86.81981289000001
-0.0382379932701131;0.04260101533363623;0.0183542367696543;0.019265158538382045;1.0643714986612365;0.029922687301882692;0.0008953672153662517;1.0643714986612365;0.10567017988759786;0.4685371375266914;1.120283619245278;1.255035387549299;3.6995539052744544;-0.4763222389906827;0.3462694406337786;1.5887909196267482;1;53.733318780000005;86.81946789999999
-0.0560823901294993;0.04241348513266079;0.0178443968593861;0.019521239841199526;1.0285027944058145;0.033062170806704524;0.001093107138451705;1.0643714986612365;0.10567017988759786;0.4685371375266914;1.1349135593704678;1.2880287872429441;3.6995539052744544;-0.5887838162103384;0.38712215615969725;1.5837835883785338;0;53.7330209;86.81914954
-0.0112164780258998;0.027365577698318027;-0.0081574385642908;0.019846755047837852;1.0004020465056944;0.035103118338985814;0.001232228917120842;1.0643714986612365;0.10567017988759786;0.4685371375266914;1.1523674246457065;1.3279506813845783;3.6995539052744544;-0.631039126642409;0.4078523078856099;1.6618265403990495;0;53.73269574;86.81887046
-0.023452635872336;0.027445671523631445;-0.0081574385642908;0.020609769945258673;0.9975559526450437;0.035169195520061106;0.0012368723135282862;1.0643714986612365;0.10567017988759786;0.4685371375266914;1.1949581230899702;1.4279249159387044;3.6995539052744544;-0.6671867779336973;0.344993173628476;1.6256788891077611;0;53.73233959;86.81861159
-0.040787192821454;0.03992498288244378;-0.0081574385642908;0.014585837792836794;1.0337728052575765;0.03660682855496632;0.0013400598968526974;1.0643714986612365;0.10567017988759786;0.4685371375266914;0.8206037737902656;0.6733905535588255;1.9865910780389386;-0.8739206752066833;0.26540944898956653;1.4189449918347752;0;53.73199593;86.81840360999999
-0.0540430304884266;0.039031566774854747;0.0005098399102681;0.018488210220530328;0.964093789527201;0.040338518706803946;0.0016271960914591719;1.0643714986612365;0.12550106164886699;1.9294101980043048;1.065018666460328;1.1342647599089357;3.447464138516552;-1.1270251189168925;0.22653371684857268;1.5311638920762607;0;53.73165513;86.81817801000001
0.0183542367696542;0.04079129965841825;-0.0056082390129499;0.017669628963339276;1.0445833759733587;0.03694494257333912;0.0013649287817473254;1.0566116945071224;0.11774125749475295;1.9294101980043048;1.021954978207726;1.0443919774835537;3.447464138516552;-1.3033160997452682;0.17620844035965613;1.354872911247885;1;53.731318529999996;86.81792333000001
0.0132558376669725;0.04170921196839692;0.0265116753339451;0.01749575657348966;1.0007449663279908;0.03664870044751582;0.0013431272444917462;1.0566116945071224;0.11774125749475295;1.9294101980043048;1.0091716136244038;1.018427345745283;3.447464138516552;-1.575394698075384;0.18580318526468625;1.5583140819288839;1;53.731016610000005;86.81764956999999
-0.113184460079535;0.0402620763290237;0.023452635872336;0.017643047561954138;1.0566116945071224;0.036773877113320995;0.0013523180379456335;1.0566116945071224;0.11774125749475295;1.9294101980043048;1.0183241140477248;1.0369840012510838;3.447464138516552;-2.00443472025654;0.2043420077925996;1.2607774513593082;1;53.73072606000001;86.8173411
-0.0652595085143265;0.039520687524209314;-0.0316100744366268;0.017945270454728178;0.9388704370123695;0.03729092791162691;0.001390613304510155;1.0566116945071224;0.11774125749475295;1.9294101980043048;1.0376819675411642;1.0767838657601014;3.447464138516552;-2.057630506024206;0.2560667171605425;1.324459927742058;1;53.7304538;86.81700484000001
-0.0744366268991536;0.039800326762011895;-0.003059039461609;0.018289922024819737;1.0325676825164631;0.03678048066256208;0.001352803757769103;1.0566116945071224;0.11774125749475295;1.9294101980043048;1.0583705143223998;1.1201481455870612;3.447464138516552;-2.057630506024206;0.2850504734520849;1.3905499905157348;0;53.73019545;86.81663129
-0.0713775874375446;0.04028502487677265;-0.0193739165901906;0.01833605291347215;1.0223585697012052;0.03855986902021099;0.0014868634988558272;1.0772114994061481;0.13834106239377864;1.9294101980043048;1.0609333018496625;1.125579470973627;3.447464138516552;-2.057630506024206;0.33007236848624555;1.6502469174704268;0;53.72996259;86.81622691
-0.0458855919241358;0.036587462478031615;0.0061180789232181;0.021864676732509053;1.0237859611197384;0.03809142113255276;0.001450956363897487;1.0772114994061481;0.13834106239377864;1.9294101980043048;1.2672312390790006;1.605875013297699;4.383416032983154;-2.057630506024206;0.35022235904862975;1.6896922875604554;0;53.729745730000005;86.81577965
-0.043846232283063;0.0294046481872548;0.0112164780258998;0.02830394781226486;0.9880871089162514;0.039991106266493145;0.0015992885804179471;1.0772114994061481;0.13834106239377864;1.9294101980043048;1.6569831644075463;2.745593207130046;5.8234263618733335;-2.276608576295672;0.24928257528906406;1.4707142172889895;0;53.7295548;86.81529944
-0.0652595085143265;0.021622729412770117;0.0152951973080452;0.029204922828588276;1.0249329354948795;0.0370917124180846;0.0013757951301058913;1.0772114994061481;0.13834106239377864;1.9294101980043048;1.7089690011161531;2.920575046775942;5.8234263618733335;-2.627922483070226;0.1589648793654996;1.1194003105144357;0;53.7293846;86.81479644000001
-0.0295707147955541;0.02114514545538301;0.0071377587437544;0.02462408891883156;1.0772114994061481;0.03669190663352694;0.0013462960124034583;1.0936758912670792;0.11770592903514177;1.0858324417578649;1.4289576595830638;2.041919992881107;4.979848605626893;-2.627922483070226;0.11234772043330572;1.1194003105144357;0;53.729231479999996;86.81428235999999
-0.0045885591924135;0.05375785796780339;0.0428265524625267;0.023981391452859876;1.0002140401926658;0.041693081508623574;0.001738313045684729;1.0936758912670792;0.11770592903514177;1.0858324417578649;1.3946987421541213;1.9451845813662878;4.979848605626893;-3.133708780004268;0.04310465515761011;0.6136140135803938;0;53.72909898;86.81376073999999
-0.0428265524625267;0.0576823019671341;0.0662791883348628;0.02591694568547696;0.9759699622319374;0.041741091650221225;0.001742318732152168;1.0936758912670792;0.11770592903514177;1.6607501920378294;1.5009779588879395;2.252934833067405;5.5547663559068585;-2.648492682132341;0.10289140312988382;1.0988301114523207;1;53.72899951000001;86.81325167
-0.0601611094116447;0.06016869412240212;0.0367084735393086;0.031904782383372736;1.0099057404576421;0.042756327054222006;0.0018281035031675965;1.0936758912670792;0.11770592903514177;2.365135099972944;1.8400419378803963;3.385754333158644;6.259151263841973;-2.313439498722271;0.22649511842326941;1.4338832948623907;1;53.72894584000001;86.81279096
-0.0571020699500356;0.06053927631008031;0.0152951973080452;0.03197531405612999;1.0936758912670792;0.04044062366716515;0.0016354440425892782;1.0936758912670792;0.11770592903514177;2.365135099972944;1.8442345519692114;3.4012010826770775;6.259151263841973;-1.9547711674634436;0.4124720419984501;1.792551626121218;1;53.728929660000006;86.81236774
-0.2054654838380748;0.06667671714271044;0.0050983991026817;0.03209540210555977;1.0872083554389418;0.04347749811092242;0.0018902928419852626;1.0936758912670792;0.11770592903514177;2.365135099972944;1.8520194700539163;3.4299761174587893;6.259151263841973;-1.5113603401793148;0.6736391800849757;2.235962453405347;1;53.728959339999996;86.81199294
-0.1284796573875802;0.06609862464177717;-0.0295707147955541;0.03569850363426084;1.020330710226358;0.039995742766445616;0.0015996594394396867;1.0936758912670792;0.11770592903514177;2.365135099972944;2.0543215691625276;4.22023710952639;6.259151263841973;-1.0257529467859132;0.9649790852742499;2.721569846798748;1;53.7290289;86.81167081999999
-0.0112164780258998;0.06712614638328798;-0.0412970327317222;0.03383214565326419;1.0007114588898307;0.03935502381667678;0.0015488178996111964;1.0936758912670792;0.11770592903514177;2.365135099972944;1.9475778115318563;3.7930593319712145;6.259151263841973;-0.4506380089471286;1.3002863444006607;3.175179566640938;0;53.72915119;86.81139630999999
-0.0356887937187723;0.06754990808532403;0.0061180789232181;0.026423778334524136;1.027455819977418;0.035907047792862044;0.0012893160811988792;1.0936758912670792;0.1122050631461099;2.365135099972944;1.4986969923701614;2.2460926749393675;4.448204770349731;-0.1361753024936108;1.5912917636574244;3.489642273094456;0;53.729327760000004;86.81117096
0.0244723156928724;0.0724323850350698;0.0214132762312633;0.029350182708133367;0.9814708281209693;0.0382768553385059;0.0014651176546049078;1.0936758912670792;0.1122050631461099;2.365135099972944;1.6820715565473427;2.8293647213456;5.457885951656326;-0.0273447170892331;1.6400255108704551;3.5984728584988335;1;53.72955511;86.81098103
-0.0520036708473538;0.07667680750603177;-0.0361986336290404;0.030268683987222725;1.009434225867283;0.029545768974718875;0.0008729524643074605;1.0872083554389418;0.10573752731797248;2.365135099972944;1.7348398184649576;3.009669195731527;5.457885951656326;0.2021434763289419;1.4627427229147434;3.456635741835186;0;53.72982478;86.81080526000001
0.0061180789232181;0.04877391494978584;0.0168247170388498;0.031031948737660044;1.0203467279681637;0.02024740969498753;0.00040995759935667504;1.027455819977418;0.05605624544418397;2.365135099972944;1.7819347736457285;3.175291537527854;5.457885951656326;0.4950350092877767;1.2501256566880434;3.143527691420118;0;53.73011074;86.81064066
-0.0295707147955541;0.03699937731859311;-0.0040787192821454;0.03452138711678241;1.0180781751789292;0.019567590028439934;0.0003828905795211019;1.027455819977418;0.05605624544418397;3.1448516024875555;1.9829166607846636;3.9319584836174;6.237602454170938;0.7703588636892473;1.1187430902658884;3.0837983624115184;0;53.7303953;86.81046697999999
0.0285510349750178;0.04250759145822204;0.0530233506678902;0.0407622596939447;0.9827788159765797;0.01982132070780226;0.00039288475460155076;1.027455819977418;0.05605624544418397;4.591206728301851;2.346724693241369;5.507116785868797;7.6839575799852335;0.9433068890028092;0.9358520575415683;2.898078056466253;1;53.73066141;86.81027229
0.0356887937187723;0.04220647904535363;0.0275313551544814;0.05052145079539838;1.0232222803590563;0.017963011523850915;0.00032266978300600073;1.0232222803590563;0.05182270582582227;5.998712329804838;2.9111612462342435;8.474859801576114;9.09146318148822;1.0680344507202766;0.7175458319255639;2.5793947908995913;1;53.7309068;86.81005431999999
-0.0295707147955541;0.04221663966528379;-0.020393596410727;0.054855025703600895;0.971399574533234;0.017005415347341877;0.0002891841511356106;1.0232222803590563;0.05182270582582227;5.998712329804838;3.1623267759946083;10.000310638172452;9.09146318148822;1.0680344507202766;0.43622968557396735;2.0937873975061896;1;53.731125469999995;86.80982243
0.061180789232181;0.03554871748315943;-0.0550627103089629;0.05877208298481643;1.0036866505574273;0.016792641283603495;0.00028199280127978445;1.0232222803590563;0.05182270582582227;5.998712329804838;3.382467582978626;11.441086949901267;9.09146318148822;1.0680344507202766;0.23908881271764434;1.518672459667405;1;53.731322090000006;86.80957617
0.0683185479759355;0.03514277022735395;-0.0795350260018354;0.05899875626626761;0.9936171634569458;0.015467146119071695;0.0002392326090687146;1.0232222803590563;0.05182270582582227;6.026491861455982;3.4017240678888014;11.571726634053935;9.119242713139364;1.0680344507202766;0.15189295766830657;1.2042097532138873;1;53.73148443;86.80932123
0.058121749770572;0.03354666542564448;-0.1040073416947078;0.056901423180600284;0.9952273549698918;0.01390857310138964;0.00019344840571669942;1.0232222803590563;0.05182270582582227;6.026491861455982;3.2799521664815283;10.758086214406871;9.119242713139364;1.0680344507202766;0.10511722623645649;1.0953791678095097;1;53.73160975;86.80905743000001
0.0249821556031406;0.04161441065897589;-0.1029876618741715;0.04475569765953846;0.9927227205713781;0.013220203690960471;0.00017477378563048485;1.0232222803590563;0.05182270582582227;6.026491861455982;2.570773476112445;6.608876265483264;7.568308219425203;1.0680344507202766;0.06793078480342053;0.8658909743913347;0;53.73169301;86.80877461
-0.0020393596410727;0.052340280957872284;-0.0968695829509534;0.03581255923282067;1.0039725259269225;0.010165439536579361;0.0001033361609718508;1.0039725259269225;0.03257295139368854;6.026491861455982;2.0674862215352534;4.274499276238118;4.86193126281856;1.0680344507202766;0.047402833936213994;0.6079662185271434;0;53.73174052;86.80847908
0.0183542367696543;0.052269159585570296;-0.1040073416947078;0.040900474887078084;0.9906565990924989;0.005546313428297873;3.07615926449173e-05;1.0039725259269225;0.01331592683442362;6.026491861455982;2.363266898915162;5.585030435508088;6.555685306029911;1.0680344507202766;0.07647605964431213;0.9504255250505347;0;53.73176796;86.80816603999999
-0.0193739165901906;0.048346428065793465;-0.058121749770572;0.05029145686684712;1.0031980916778869;0.006487096299323776;4.208241839670023e-05;1.0099196392666998;0.019263040174200885;6.026491861455982;2.8975024227859696;8.395520290050563;7.646493812746136;1.0680344507202766;0.18724638396204343;1.5123995240919388;0;53.73178113;86.80783873
-0.0540430304884266;0.041985040588272356;-0.023452635872336;0.05766587648041613;1.0030571269770483;0.006385782621035949;4.0778219683124754e-05;1.0099196392666998;0.019263040174200885;6.026491861455982;3.318214430301986;11.010547005464332;8.354248116292363;1.0680344507202766;0.3452638511776775;1.9483331793633034;0;53.73178344;86.8074468
-0.0887121443866625;0.037102935624981334;-0.020393596410727;0.05953509880529295;1.0034234903885255;0.007120111314698395;5.069598513369611e-05;1.0118158057330007;0.02115920664050175;6.026491861455982;3.419429996955842;11.692501504081429;8.625732482757162;0.835365614399877;0.46581384305908025;1.957306442182186;0;53.73178103;86.80704247
-0.0285510349750178;0.0350634550033356;0.0091771183848271;0.05696848535452288;0.993620825941557;0.006405987525860091;4.103667618147509e-05;1.0118158057330007;0.02115920664050175;6.026491861455982;3.2671266311525944;10.6741164239865;8.625732482757162;0.835365614399877;0.6645571643777769;2.2719600731220373;0;53.731774269999995;86.80662355000001
0.0081574385642908;0.03540315186245179;0.0285510349750178;0.05327009792107536;1.0099196392666998;0.007290901108211274;5.3157238969716377e-05;1.0134772349461407;0.022820635853641802;6.026491861455982;3.0555145605093403;9.336169229484588;9.574013837612213;0.835365614399877;0.8565716215216742;2.505003345602474;0;53.731762090000004;86.80618385
0.0071377587437544;0.03571795597678892;0.040787192821454;0.039783523980100585;1.0042189762984046;0.006059175672046586;3.6713609824721196e-05;1.0134772349461407;0.01985640900458374;3.32137472361752;2.264447888477499;5.1277242396302025;6.868896699773751;0.835365614399877;0.9973335803209928;2.6812693534857255;1;53.7317421;86.80572098
0.023452635872336;0.0411793360742883;0.0458855919241358;0.03080983008963891;1.0118158057330007;0.012610353233702432;0.0001590210086787494;1.0134772349461407;0.04278649714159044;1.339763688379792;1.76273979885003;3.107251598449844;4.887285664536023;0.835365614399877;1.0368216526453486;2.903721507922785;1;53.731713049999996;86.80524905
-0.0035688793718771;0.04292170454549108;0.0428265524625267;0.025108947000011886;1.0012286212276107;0.013428443090109843;0.00018032308382431877;1.0134772349461407;0.04278649714159044;1.1645605986374217;1.4398931424617962;2.073292261708507;4.712082574793653;0.509288662091365;0.8597756193225251;2.729775902492001;1;53.73167735;86.80476535
0.0050983991026817;0.0326602330517054;0.0627103089629856;0.015208182594190387;1.0134772349461407;0.013873676199706714;0.00019247889129430854;1.0134772349461407;0.04278649714159044;-0.5291934445739294;0.8738939866611846;0.7636906999225785;3.0183285315823016;0.1176089256697419;0.6461109976517805;2.4447035560589083;1;53.73163341000001;86.80427853
0.0214132762312633;0.052461758780545605;0.0520036708473539;0.011896385962758637;1.0110484076220398;0.016768815876745165;0.0002811931859081807;1.0303126667104145;0.05962192890586426;-1.361035660666992;0.693087116278001;0.48036975075055527;2.186486315489239;-0.4443650733716622;0.4408048270788439;1.9799303656903848;1;53.73157861;86.80379621
0.0530233506678902;0.07017872235286722;0.0550627103089629;0.014195987523364702;0.9706907378045503;0.037086302411075266;0.001375393826525727;1.107036213925881;0.13634547612133063;-0.818033486605135;0.8396239327770317;0.7049683484919694;2.729488489551096;-0.8802987286430268;0.28613427392823776;1.5439967104190202;1;53.73151203;86.80331491
-0.0662791883348628;0.07193319391234977;0.0509839910268175;0.025068367485051847;0.9875376646006292;0.037730520168182444;0.0014235921521616223;1.107036213925881;0.13634547612133063;1.2390374781235158;1.437181679608855;2.06549118020333;4.786559454279747;-1.121940827782309;0.19481079539403473;1.302354611279738;1;53.73144605;86.80288285
-0.020393596410727;0.06873514781593719;0.0367084735393086;0.03739366708834633;0.9889616948910226;0.037962680453932175;0.001441165107247364;1.107036213925881;0.13634547612133063;3.032208228896386;2.142464482312914;4.5901540579723425;6.579730205052617;-1.4365944587221604;0.13044194972109918;1.1331961136028361;1;53.731390880000006;86.80244880000001
-0.130519017028653;0.06766898638904227;0.0244723156928724;0.03783609114354842;1.0303126667104145;0.03829142608519594;0.001466233311638024;1.107036213925881;0.13634547612133063;3.032208228896386;2.1680188009023853;4.700305521066216;6.579730205052617;-1.6696377312025972;0.09228507672294244;0.962832346942607;1;53.73135387;86.80201242999999
-0.1611094116447435;0.06703777685014327;0.0158050372183134;0.03742535957030039;1.107036213925881;0.03832191694532726;0.0014685693183645607;1.107036213925881;0.13634547612133063;3.032208228896386;2.1431383586549053;4.593042024338042;6.358266842847079;-1.8459037390858484;0.058527573609781766;0.7865663390593558;1;53.73133147;86.80158811
-0.0938105434893443;0.06271274988343414;-0.0224329560517997;0.036004670016724694;1.037429385343852;0.03986314480535089;0.0015890703137723741;1.107036213925881;0.13634547612133063;3.032208228896386;2.0655059319188847;4.2663147547921;6.358266842847079;-2.068355893522908;0.03020837235241032;0.5641141846222961;0;53.73131809;86.80116257
-0.0367084735393086;0.0520670567467978;-0.0530233506678902;0.033649820317838836;1.0023826062014354;0.03675835204010957;0.0013511764447046272;1.107036213925881;0.11949854932525172;3.032208228896386;1.9155899211844578;3.669484746143477;6.358266842847079;-2.220487240400636;0.018112435113136326;0.411982837744568;0;53.731308520000006;86.8007178
-0.0254919955134087;0.05283520403903029;-0.0010196798205363;0.031515319652809896;0.994515114518649;0.04038494318386565;0.0016309436359640565;1.107036213925881;0.1445940341338826;3.032208228896386;1.7840176353303832;3.182718923169812;6.358266842847079;-2.256435195404373;0.013780446804260191;0.3760348827408313;0;53.73130457;86.80025561
-0.003059039461609;0.05254677456392167;0.0591414295911083;0.03238850297671597;1.0193621407859248;0.041018424979488384;0.0016825111877979164;1.107036213925881;0.1445940341338826;3.032208228896386;1.8306010618146182;3.351100247516808;6.358266842847079;-2.256435195404373;0.013814647196662776;0.3760348827408313;1;53.731312890000005;86.79977753
-0.0469052717446721;0.05417060709591296;0.0091771183848271;0.0315409694990831;1.0503385215793912;0.04128681764004581;0.0017046013108423979;1.107036213925881;0.1445940341338826;3.032208228896386;1.781677659428925;3.1743752821081324;6.358266842847079;-2.256435195404373;0.01628879476356244;0.3760348827408313;0;53.73133471999999;86.79927968
-0.1060467013357805;0.040943950603963206;0.023452635872336;0.03338852437185994;1.046235845039446;0.030451962812309413;0.0009273220391222754;1.0503385215793912;0.08789634178739292;3.032208228896386;1.8996007130597683;3.60848286905718;6.358266842847079;-1.7397348162447803;0.06710219869518902;0.8927352619004238;0;53.73136967000001;86.79876679
-0.040787192821454;0.03581078494843665;-0.0061180789232181;0.03414616613538549;0.9624421797919983;0.028859767225660485;0.000832886164319307;1.0503385215793912;0.08789634178739292;3.032208228896386;1.9473504033539941;3.7921735934429637;6.358266842847079;-1.446053150580693;0.16171971043514885;1.1864169275645111;0;53.731402779999996;86.79824438
-0.023452635872336;0.04105257916966583;-0.0336494340776996;0.031035810959105306;0.9828079096211175;0.029049493320094853;0.0008438730621542355;1.0503385215793912;0.08789634178739292;2.580676799951476;1.7688496273197407;3.1288290040691855;5.906735413902169;-1.111158221661538;0.29446433324313964;1.521311856483666;0;53.731408650000006;86.79764609
0.0224329560517997;0.043776353562616964;-0.0112164780258998;0.032786049488934564;1.0057170871998034;0.0287258458702241;0.000825174220959871;1.0503385215793912;0.08789634178739292;2.580676799951476;1.8648606341695728;3.477705184875341;5.906735413902169;-0.9268152281042052;0.4127781784530837;1.6745122699464678;0;53.73137976;86.7970412
0.0081574385642908;0.0432453252535778;-0.0438462322830631;0.02512360855575293;0.973796364064996;0.028692019965656464;0.0008232320097096291;1.0503385215793912;0.08789634178739292;2.580676799951476;1.4286703178330589;2.0410988770572134;3.865138253507122;-0.9268152281042052;0.4785215418013746;1.6745122699464678;0;53.73131901000001;86.79643517
-0.0081574385642908;0.043132443016515594;0.0214132762312633;0.027294297571783484;1.0168789921696217;0.025653639408617118;0.0006581092149073532;1.046235845039446;0.08379366524744769;3.4573855643433657;1.5641062396936591;2.446428329048638;4.741847017899012;-0.9268152281042052;0.49429417134501424;1.6745122699464678;0;53.7312342;86.7958486
0.0397675130009177;0.03389334191725068;-0.0295707147955541;0.024492134775179936;1.0168094605837192;0.02062269444112491;0.00042529552601200437;1.018536118052579;0.05609393826058062;3.4573855643433657;1.4182050646346183;2.011305605355282;4.664000171414207;-0.9268152281042052;0.46542362937552045;1.6745122699464678;1;53.73113192999999;86.79528041
-0.0662791883348628;0.03606089832324363;-0.0346691138982359;0.02322369138192365;1.0097081765155964;0.01742263548124496;0.00030354822711233583;1.018536118052579;0.0447397539875829;3.4573855643433657;1.3460828339550064;1.8119389958683412;4.664000171414207;-0.8103764280580061;0.39481058770446;1.790951069992667;0;53.7310119;86.79473798
-0.023452635872336;0.04106510015419849;-0.0356887937187723;0.024245852534029895;1.018536118052579;0.016962640235390188;0.00028773116375527806;1.018536118052579;0.0447397539875829;3.4573855643433657;1.3997288852844791;1.9592409522997305;4.664000171414207;-0.6465670724602268;0.2521303794597402;1.6687084328435486;0;53.7308765;86.7942237
-0.0448659121035994;0.03880280323138957;-0.0591414295911083;0.027794251582083856;0.9806865763262879;0.018421445581706008;0.00033934965731975583;1.0233588163554106;0.04956245229041456;4.858453248649377;1.5786756888302111;2.4922169305035418;6.065067855720219;-0.3970336159835221;0.14372091402753792;1.3427012002612582;0;53.730732169999996;86.79373633
-0.0489446313857448;0.04025820247158589;-0.0571020699500356;0.03139480665238779;0.983810849275509;0.015526288418285244;0.0002410656320477785;1.0233588163554106;0.04267224002912273;5.024307865659304;1.786670608803871;3.192191864363595;6.230922472730144;-0.3970336159835221;0.101965384662176;1.049019534597171;0;53.73057896;86.79328616000001
-0.0622004690527174;0.05093059982684349;-0.037728153359845;0.026628203087253385;0.9887103898139843;0.018153997526383806;0.0003295676261879493;1.0233588163554106;0.05221830340884115;6.329616735619839;1.5610740538849353;2.436952201712746;4.663113683232704;-0.3682941962230286;0.08127397249171782;0.7428640254385095;1;53.73042049000001;86.79286913000001
-0.0825940654634444;0.04865213368096141;-0.0540430304884266;0.02573869726510815;1.0102377152845177;0.01934398722993318;0.0003741898419518179;1.0233588163554106;0.05263112487949817;6.329616735619839;1.5192995051896094;2.308270986469392;4.361934916637141;-0.2526221689828576;0.08930133041353466;0.7851817000770804;0;53.73027078;86.79255046
0.0020393596410727;0.04652197222861524;-0.0866727847455898;0.023999449822769973;1.0233588163554106;0.018805595590646366;0.0003536504255189381;1.0233588163554106;0.05263112487949817;6.329616735619839;1.4168567717887144;2.007483111763537;4.321601631672635;-0.2156380714715367;0.10103624741556493;0.8221657975884014;0;53.73013196000001;86.7922606
0.020393596410727;0.04643323422949561;-0.0876924645661262;0.020868450540062974;1.0013027393553435;0.01735403982890418;0.0003011626983831926;1.0233588163554106;0.05263112487949817;6.329616735619839;1.2277262873477037;1.5073118366445761;4.142738834338502;0.0138615043813569;0.12238581868994967;1.0516653734412948;0;53.73000501;86.79198517
0.0713775874375446;0.047270863985824786;-0.1070663811563169;0.020308729753137876;0.9711405129465694;0.017010445645318274;0.00028935526105232736;1.0233588163554106;0.05263112487949817;6.329616735619839;1.1980333979070696;1.4352840225007588;4.142738834338502;0.1006741824197438;0.1197034905971675;1.1078977279746338;1;53.72988582000001;86.79171493999999
0.0193739165901906;0.04563594095995746;-0.0866727847455898;0.01992974868010102;0.9707276914759124;0.01708961400913261;0.00029205490698114165;1.0233588163554106;0.05263112487949817;6.329616735619839;1.1843467645437147;1.4026772586851652;4.142738834338502;0.691204711330757;0.1793778878292274;1.501581139388763;0;53.729753300000006;86.79142882000001
0.0045885591924135;0.042116911890441776;-0.0836137452839808;0.02515032233038458;0.9885638095073057;0.016946422071760413;0.0002871812210342485;1.0233588163554106;0.05263112487949817;6.329616735619839;1.4820824391485568;2.196568356432535;5.427613825835939;0.691204711330757;0.20293807894152188;1.3377717837909837;0;53.72961444;86.79115171999999
-0.0091771183848271;0.030789950297397693;-0.0764759865402263;0.03527467512561733;1.0063170502773107;0.01698756814719922;0.0002885774715557376;1.0233588163554106;0.05263112487949817;6.329616735619839;2.052544873222972;4.212940456593906;6.618623700050603;0.691204711330757;0.20941549775378332;1.1183717896684602;0;53.72945496;86.79086423999999
0.0356887937187723;0.03136429526493882;-0.0805547058223717;0.04079742374206398;1.001131389654475;0.01907078211053498;0.0003636947303075009;1.0107645335320017;0.05374626653365999;6.329616735619839;2.3791756609076873;5.6604768254555315;6.618623700050603;0.691204711330757;0.1946604195258216;1.1183717896684602;0;53.72927363;86.79058819
-0.0295707147955541;0.03162656226989317;-0.061180789232181;0.04962211894384699;1.0087153956588828;0.019854870448256286;0.00039421588051704085;1.011247380525385;0.05422911352704329;6.329616735619839;2.8828498759293506;8.310823407145872;8.525549162610838;0.691204711330757;0.1605272698304188;1.0594989075537855;0;53.729069370000005;86.79032249
-0.0316100744366268;0.026331584767317583;-0.0158050372183134;0.05394955916902398;1.0039871541344734;0.01844563002725331;0.00034024126710230894;1.011247380525385;0.05422911352704329;5.122555770659547;3.1159380435118496;9.709069891004454;8.315930502230959;0.691204711330757;0.12066292612518205;0.9438268803136146;0;53.72884216;86.79007224
0.0224329560517997;0.027574594648663932;0.0050983991026817;0.05458989137980671;1.0107645335320017;0.027348912660787154;0.0007479630237273639;1.011247380525385;0.08307489717577621;4.851932899882521;3.158568460782611;9.976554721450633;8.045307631453932;0.691204711330757;0.10566823259910627;0.9068427828022937;0;53.72859464;86.78984264
0.0326297542571632;0.028659271951467793;0.0020393596410727;0.053595063953661044;0.9570182669983417;0.02736778138628175;0.0007489954580073099;1.011247380525385;0.08307489717577621;4.615217994220793;3.091441408172395;9.557009980162922;7.873185217274582;0.691204711330757;0.1115435666593689;0.9574531639201228;1;53.728317579999995;86.78963470000001
-0.0020393596410727;0.029119948323447626;0.0387478331803813;0.0502922895798355;1.011247380525385;0.027441327748553318;0.0007530264686035223;1.011247380525385;0.08307489717577621;4.615217994220793;2.895994985042526;8.38678695339146;8.096966406443421;0.691204711330757;0.17880414644802112;1.2542292486391777;1;53.72801844000001;86.78944820000001
0.0418068726419904;0.028077941260294476;0.0550627103089629;0.039394825433774004;0.9884511316633064;0.02719345708619931;0.0007394841082989633;1.011247380525385;0.08307489717577621;3.4772481943576303;2.268355723505476;5.145437688360052;6.958996606580259;0.691204711330757;0.20473328652699788;1.2542292486391777;1;53.72769886;86.78928478
-0.0214132762312633;0.030813157763426045;0.0438462322830631;0.02615019876632684;0.9281724833496088;0.02816484137496701;0.0007932582896770534;1.0186755786942137;0.09050309534460488;0.9020029097839;1.5141915922361282;2.292776177998581;4.383751322006529;0.648624159196899;0.18285914573624215;1.21164869650532;1;53.72737128;86.789162
-0.020393596410727;0.02917959503189449;0.0560823901294993;0.02938239246194704;0.986816713199022;0.028564035756113517;0.0008159041386765314;1.0186755786942137;0.09050309534460488;1.735531168334512;1.6956147376340844;2.875109338481905;5.2172795805571415;0.648624159196899;0.16266594012789024;1.21164869650532;1;53.72703096;86.78906744
-0.0173345569491179;0.029038305954101253;0.061180789232181;0.03436134401845879;1.0074132163242768;0.03192594375587764;0.001019265884703462;1.0386553952467834;0.11048291189717463;1.735531168334512;1.9701997984253024;3.8816872457151024;5.2172795805571415;0.395201632291281;0.1444737075375478;1.0675034575270792;1;53.726696679999996;86.78902756
-0.0326297542571632;0.03808382412295523;0.0418068726419904;0.047986502629152016;0.9864373308298436;0.03983515950402782;0.0015868399327113383;1.0386553952467834;0.1267731142380759;5.003736958233659;2.860545607569836;8.182721172987081;8.485485370456288;0.3615763421858456;0.1361273293670865;1.0804869015468257;1;53.726367800000006;86.78903916
0.0448659121035994;0.038062128388644666;0.0336494340776996;0.04951907889719951;1.0186755786942137;0.039416731070111434;0.0015536786882534882;1.0386553952467834;0.1267731142380759;5.003736958233659;2.9488203911568056;8.695541699302176;8.485485370456288;0.3095169256941651;0.11782306027754859;1.1586375947713372;1;53.72604689;86.78909457
-0.0142755174875089;0.03358310668575237;-0.0305903946160905;0.0501502130053285;1.0100472934555145;0.039861654460442826;0.0015889514963237416;1.0386553952467834;0.1267731142380759;5.003736958233659;2.9748914732458203;8.849979277590686;8.485485370456288;-0.1043419237145077;0.09846754458946158;0.9605547661816375;0;53.725733979999994;86.7891887
0.020393596410727;0.04015576870087403;-0.0295707147955541;0.0483246481536565;1.0386553952467834;0.03564967357368912;0.0012708992259105882;1.0386553952467834;0.1267731142380759;5.003736958233659;2.8485018818385663;8.113962970837854;8.485485370456288;-0.1930148406826309;0.11609287527912152;0.9776048071386616;0;53.72542683;86.78932443
-0.0846334251045171;0.0404293011936883;-0.0795350260018354;0.04364433457214225;0.9118822810087075;0.03555243394583316;0.0012639755594728301;1.0386553952467834;0.1267731142380759;5.003736958233659;2.5764339793482987;6.63801204994051;8.485485370456288;-0.1930148406826309;0.1539794667541898;1.1904790539912322;0;53.725137610000004;86.78949601
-0.0152951973080452;0.04464145884184048;-0.0275313551544814;0.03693453036539641;0.9692076808850095;0.03669678565523283;0.0013466540774261019;1.0386553952467834;0.1267731142380759;5.003736958233659;2.2060213201896084;4.866530065131103;7.432755969670762;-0.1930148406826309;0.2490817405820454;1.54577593313156;0;53.724859800000004;86.78970715999999
-0.0061180789232181;0.04410814274523073;-0.0458855919241358;0.03207429308830216;1.0034136464448247;0.04031724113421678;0.0016254799326745816;1.0386553952467834;0.1267731142380759;5.003736958233659;1.9298992260917909;3.7245110228696934;6.896706010590142;-0.1930148406826309;0.29732854477665377;1.6421996402900707;0;53.72459665;86.78996369000001
0.0560823901294993;0.03988224304843971;-0.020393596410727;0.027817310717664138;1.0234604127173796;0.03961733585599669;0.001569533300326841;1.0386553952467834;0.1267731142380759;5.003736958233659;1.702065667335198;2.8970275359212123;5.609183233934022;-0.3740729385518569;0.27871541259643273;1.501730350287444;0;53.72436077;86.79026540999999
-0.0265116753339451;0.04320844360788848;0.0020393596410727;0.029274263961298754;1.0016785675167834;0.04129751977793542;0.0017054851398089676;1.0386553952467834;0.1267731142380759;5.003736958233659;1.784697359823865;3.1851446661622735;5.609183233934022;-0.6723018252357982;0.25559136483554856;1.3242468613185108;0;53.72414911;86.79059391000001
-0.0672988681553992;0.04629803047506095;0.0101967982053635;0.029838874092943345;0.96498136680065;0.04068888228892875;0.0016555851419223;1.0339095821476956;0.12202730113898808;5.003736958233659;1.8112446987898878;3.2806073588944713;5.609183233934022;-0.71891055936098;0.23805588798767183;1.284470784288454;1;53.72395652;86.79093892
-0.0152951973080452;0.04690391707800556;0.003059039461609;0.022704514492229277;0.9402741810097028;0.030608244040795693;0.0009368646032609051;1.0339095821476956;0.09363540113799274;2.621020688812128;1.2920687625526148;1.6694416871642452;3.664926003136134;-0.849120669077172;0.1859312947491589;1.154260674572262;1;53.72375552;86.79133952
-0.0336494340776996;0.04679134302654433;0.0040787192821454;0.0223152294650422;1.00903282084979;0.04165453512540494;0.001735100296513594;1.0965237785886621;0.1562495975789593;2.621020688812128;1.2587860497031604;1.5845423189272876;3.664926003136134;-1.0648966898961452;0.120282253225286;0.9384846537532887;1;53.72356269000001;86.79174060999999
0.0336494340776996;0.047305158437222876;0.0101967982053635;0.02154505148260107;1.029457556130241;0.043287113782882344;0.0018737742196522024;1.0965237785886621;0.1562495975789593;2.147777106026441;1.22627153695514;1.5037418823463216;4.608647833935739;-1.1706196478212925;0.10461189846415536;0.8327616958281414;1;53.72337635;86.79214563000001
-0.0825940654634444;0.03809550132359471;-0.0387478331803813;0.02313372648134004;1.0339095821476956;0.04322701509942264;0.001868574834405713;1.0965237785886621;0.1562495975789593;2.147777106026441;1.309264221270634;1.7141728010994;4.664200079328388;-1.0026411970880431;0.1260623990161696;1.0007401465613908;0;53.723198679999996;86.79254396
-0.0887121443866625;0.038863343980095874;0.0183542367696543;0.02355830658531407;1.0074462428481006;0.046425879850903226;0.002155362319930502;1.0965237785886621;0.1562495975789593;2.147777106026441;1.3392906032218557;1.793699319878362;4.664200079328388;-0.8095996576458013;0.19335222521753861;1.1937816860036325;0;53.72302624;86.7929424
-0.0265116753339451;0.038512172777496786;0.0101967982053635;0.03209229738563584;1.0965237785886621;0.05121255684136517;0.0026227259782300584;1.0965237785886621;0.1562495975789593;2.147777106026441;1.749569610319836;3.0609938213547028;6.501964517430107;-0.2050911976532268;0.37973312338372395;1.798290145996207;0;53.72285923;86.79332323
0.003059039461609;0.03802918184871394;0.0418068726419904;0.03680104068702011;0.9736773054248451;0.044091182983744634;0.0019440324169060523;1.0965237785886621;0.1419438825859296;2.147777106026441;2.032134435450954;4.129570363745567;6.838783026143075;0.0298197570512049;0.5646465983078913;2.033201100700639;0;53.722693500000005;86.79367205999999
-0.0193739165901906;0.04194398678450886;0.0448659121035994;0.037571507882803765;1.0218687629738625;0.045274917537843844;0.0020498181580585603;1.0965237785886621;0.1419438825859296;2.147777106026441;2.0634862990307967;4.257975706287815;6.838783026143075;0.2346764209275027;0.7191909132848208;2.2380577645769364;0;53.722524729999996;86.79398969
-0.058121749770572;0.04683012099009959;0.0285510349750178;0.038535901101962824;0.9545798960027325;0.04603534276479937;0.0021192527834725658;1.0965237785886621;0.1419438825859296;2.147777106026441;2.1304048309544448;4.538624743754037;6.838783026143075;0.3677826582943936;0.7780164388293537;2.3711640019438276;0;53.722345870000005;86.79427931
-0.0632201488732538;0.05068357499985171;0.0825940654634444;0.028015176008056916;1.0878836843250568;0.06075625467704877;0.0036913224823824104;1.0965237785886621;0.19872479356340333;-0.5328128160410044;1.619987393262572;2.624359154329663;4.614954186590227;0.3677826582943936;0.7007869064679804;2.3186163533909028;1;53.722155980000004;86.79453742000001
-0.0479249515652085;0.04447932388534684;0.0825940654634444;0.026083846963150126;1.00992890503314;0.06160231027720429;0.003794844631488949;1.0965237785886621;0.19872479356340333;-0.5328128160410044;1.5168976847994768;2.300978586150013;4.614954186590227;0.5142741662813253;0.5551899001153807;2.0588046996152762;1;53.721982790000006;86.79470470999999
0.0173345569491179;0.04837127326645866;0.0672988681553992;0.020803092765423803;1.0596892222623007;0.056467278144516554;0.003188553501050197;1.0878836843250568;0.190084699299798;-1.713945380804952;1.2126396947235902;1.470495029219322;3.4338216218262794;0.5142741662813253;0.40300028131570315;1.7117581505780002;1;53.72180159;86.79483327
0.0586315896808402;0.050958634347981285;0.0759661466299582;0.019836565728422895;1.00083820980511;0.06741416853616229;0.004544670119422094;1.1376798570242102;0.23988087199895136;-1.713945380804952;1.178595217116024;1.389086685808768;3.4338216218262794;0.7108243553175418;0.31842237897730014;1.713465552405585;1;53.72161701;86.79491748999999
0.0591414295911083;0.050253913029470625;0.0805547058223717;0.020370995146297966;0.8977989850252588;0.06784830841108767;0.004603392954246071;1.1376798570242102;0.23988087199895136;-1.713945380804952;1.2022725691906258;1.4454593306282282;3.4338216218262794;0.7477793276895704;0.21476577510707376;1.557378985335372;1;53.72142623;86.79495967
0.0142755174875089;0.04413148006814327;0.0356887937187723;0.016904693700275357;1.0438404102207675;0.06410541114592093;0.004109503738187564;1.1376798570242102;0.23988087199895136;-1.9593185192153728;1.040600566954486;1.0828495399459976;3.1884484834158586;0.7477793276895704;0.08223244155854344;0.9528705253427973;1;53.72123132;86.79495932
0.0601611094116447;0.037837045308418055;0.058121749770572;0.01735029486100456;1.0525797750177057;0.06307354523593325;0.003978272108629318;1.1376798570242102;0.23988087199895136;-1.9593185192153728;1.1113098203092124;1.2350095167156943;3.1884484834158586;0.7477793276895704;0.07256146862192936;0.8670142545951781;1;53.72103203;86.79493411
0.0530233506678902;0.03134587282390581;0.0591414295911083;0.01630823723691814;1.1376798570242102;0.06474841058230828;0.004192356672935171;1.1376798570242102;0.23988087199895136;-1.9593185192153728;1.05445861819895;1.1118829774940389;3.1884484834158586;0.7477793276895704;0.10346600819468343;1.022714062742897;1;53.72083033;86.79489113
0.023452635872336;0.03982212714194871;0.0397675130009177;0.026329171581675217;1.0023893484696231;0.06555396376801911;0.004297322165698762;1.1376798570242102;0.23988087199895136;0.1815022628592153;1.5838577626543773;2.50860541232053;5.3292692654904465;0.7477793276895704;0.13408157791594624;1.022714062742897;1;53.72062913999999;86.79483585999999
0.0040787192821454;0.06676424516796395;0.0678087080656673;0.04044072964857305;1.0662021561868886;0.06542808725349612;0.004280834601651101;1.1376798570242102;0.23988087199895136;2.5820208806608678;2.3483548220866903;5.514770370417811;7.729787883292099;0.7477793276895704;0.19224101238671057;1.2567533842297247;1;53.72043626999999;86.79476843
-0.0275313551544814;0.06694775918988814;0.0861629448353217;0.0429079416080894;0.9850936972681685;0.05349603473550258;0.0028618257324220984;1.1376798570242102;0.17201507194879195;2.5820208806608678;2.3982165444323047;5.751442593988825;7.599908635699321;0.7477793276895704;0.29932097342409314;1.6246737879160071;1;53.72025292000001;86.79468748
0.0672988681553992;0.06747168284823907;0.0591414295911083;0.045906861795596464;0.9779069720722612;0.05477224991817131;0.0029999993610986173;1.1376798570242102;0.17201507194879195;2.5820208806608678;2.568417353997751;6.596767704316807;7.599908635699321;0.7477793276895704;0.4313196766034636;1.9863874194470434;1;53.72007148;86.79459308
-0.0448659121035994;0.0634838613084636;-0.003059039461609;0.04527590193585723;0.9656647850754182;0.05823940199453831;0.003391827944681433;1.1376798570242102;0.1809396243205773;2.5820208806608678;2.5495936451931587;6.500427755609339;7.599908635699321;0.7477793276895704;0.5952054482895973;2.2913213499791723;1;53.71989871000001;86.79449967000001
-0.1498929336188436;0.05921034479851445;-0.0458855919241358;0.04385690205273362;1.0185590863517715;0.04042627026634097;0.0016342833276472438;1.079748971903238;0.1230087391996052;2.5820208806608678;2.498169586356053;6.240851282194372;7.599908635699321;0.7477793276895704;0.6098821947484314;2.3484678227871667;1;53.71973221;86.79441509
-0.061180789232181;0.05825467294782458;-0.0214132762312633;0.045134960061602836;1.079748971903238;0.040670529297693304;0.0016540919533545295;1.079748971903238;0.1230087391996052;2.5820208806608678;2.572571655506567;6.6181249227158;7.599908635699321;0.3289897537935047;0.4798159292321025;1.929678248891101;0;53.719573020000006;86.79433526
0.0265116753339451;0.06039636637676454;-0.0183542367696543;0.04305392689324035;0.9926723146617965;0.040932452281600605;0.0016754656497855105;1.079748971903238;0.14597108686041183;2.5820208806608678;2.498944897298333;6.244725599733375;7.599908635699321;-0.1192349269056077;0.3908636309482844;1.5170026564325643;0;53.71939588;86.79425283999998
-0.0137656775772407;0.061307857612816784;0.0479249515652085;0.03356538577257245;0.9567402327036328;0.04083917854312337;0.0016678385040771084;1.079748971903238;0.14597108686041183;2.5820208806608678;1.949821112454662;3.801802370573936;6.049245719296554;-0.2332458966384632;0.3423687652675907;1.4305348733869074;1;53.71919372;86.79416588
-0.014785357397777;0.05484673250407329;0.0244723156928724;0.029531425160812624;1.0103974875300497;0.040365653255057955;0.001629385962707571;1.079748971903238;0.14597108686041183;2.5820208806608678;1.7129044495766617;2.9340416533795266;5.453277881332021;-0.2332458966384632;0.272137893328074;1.4305348733869074;1;53.71899269000001;86.79406981000001
-0.0571020699500356;0.056273152661434026;-0.0163148771285816;0.03159526916559358;1.0203897803738844;0.03979746744100773;0.0015838384147180706;1.079748971903238;0.14597108686041183;2.7034351763339184;1.8408925504136113;3.388885382168331;5.574692177005072;-0.5089740565401544;0.14734934735764013;1.1548067134852162;1;53.71880283;86.79395674999999
0.0305903946160905;0.0500025923396106;-0.0224329560517997;0.03195792166902246;0.9337778850428262;0.04588833647380247;0.0021057394243329105;1.079748971903238;0.1595767717592812;3.049043266126682;1.8973943960223971;3.600105494057197;5.9203002667978355;-0.8768944602264367;0.05725048210684017;0.7868863097989339;1;53.718628089999996;86.79383065
-0.0576119098603038;0.049351403096196074;0.0091771183848271;0.03246007455119957;0.9999697221108365;0.03925888845312975;0.0015412603225752842;1.046538909490045;0.12636670934608818;3.049043266126682;1.928838775748351;3.720419022830397;5.9203002667978355;-1.238608091757473;0.017428256317979438;0.4251726782678975;0;53.71845839;86.79370447
-0.0978892627714897;0.05024951623971741;-0.0448659121035994;0.03625898219909473;0.9964542906313678;0.04110303496940751;0.0016894594836963364;1.046538909490045;0.12636670934608818;3.049043266126682;2.137276998873326;4.5679529699129695;5.9203002667978355;-0.9216619969833616;0.046365662290780256;0.742118773042009;0;53.718295520000005;86.79359536
-0.0040787192821454;0.050373513333522135;-0.0458855919241358;0.031278723509310255;0.9728461588896439;0.04010831152561934;0.0016086766534361293;1.046538909490045;0.12636670934608818;3.049043266126682;1.8259532892396604;3.334105414485135;5.389886036038826;-0.7236260186336267;0.10112897260197345;0.9401547513917439;0;53.718142480000004;86.79349352
0.0632201488732537;0.050365629097932976;-0.0489446313857448;0.028684706773559422;0.9201722001439568;0.04018299390224464;0.0016146729989478302;1.046538909490045;0.12636670934608818;3.049043266126682;1.6765633946558869;2.810864816300071;5.389886036038826;-0.7236260186336267;0.10290722477865014;0.9401547513917439;1;53.71800282;86.79339481999999
0.0260018354236769;0.04961827735758222;0.0071377587437544;0.02869034470879962;1.046538909490045;0.03907669635653644;0.0015269881981409485;1.046538909490045;0.12636670934608818;3.049043266126682;1.6775802157767217;2.8142753803654723;5.389886036038826;-0.7236260186336267;0.1001434876164906;0.9401547513917439;1;53.71787945;86.79329960999999
-0.0642398286937901;0.0464530098838119;0.0418068726419904;0.03184316576691922;1.0235731728701722;0.03367507661571607;0.0011340107850743469;1.046538909490045;0.12636670934608818;3.3731895570070334;1.8535300433627;3.4355736216481327;5.7140323269191775;-0.7236260186336267;0.08891629133746416;0.9401547513917439;1;53.71779772;86.79321276
-0.032119914346895;0.045221008572322814;-0.0188640766799224;0.032709363884839256;1.011698523520167;0.03364938945648597;0.001132281410794269;1.046538909490045;0.12636670934608818;3.3731895570070334;1.9040610992434166;3.6254486696520476;5.7140323269191775;-0.7236260186336267;0.07388119590567457;0.8774902172326133;1;53.71776256;86.79313408
-0.0275313551544814;0.038911619691681575;-0.0091771183848271;0.0316440911452716;1.011938597074409;0.03408888475747861;0.001162052064008657;1.046538909490045;0.12636670934608818;3.3731895570070334;1.8497687003397123;3.421644244756468;5.7140323269191775;-0.7236260186336267;0.06893457659064223;0.801970463210542;1;53.71774837;86.79306869
-0.0458855919241358;0.03902250119285019;-0.0122361578464362;0.029994738863956233;0.9912473214974721;0.03302596309203723;0.0010907142381566053;1.046538909490045;0.12636670934608818;3.3731895570070334;1.7550364166693428;3.080152823835567;5.7140323269191775;-0.7236260186336267;0.08443984546937489;0.9668488818302758;1;53.717743629999994;86.79302811
-0.0112164780258998;0.026580001703276984;-0.058121749770572;0.02626789029736562;0.9878055831971679;0.017495645370376248;0.0003060976069259678;1.046538909490045;0.058733326292877086;3.3731895570070334;1.5043086286155347;2.2629444501271507;5.7140323269191775;-0.7236260186336267;0.11263617627028061;1.0980879207589798;1;53.717743770000006;86.79300777
-0.0346691138982359;0.01994691411016909;0.0173345569491179;0.03020889308677823;0.9959620535039951;0.012481443430776012;0.00015578643011566166;1.0235731728701722;0.036423039780140276;3.3731895570070334;1.7376189055553894;3.0193194609435094;6.037423029050814;-0.7236260186336267;0.15477568837224961;1.2527357581241974;1;53.71775345;86.79299697
-0.0550627103089629;0.016919807268717873;0.0020393596410727;0.03610176208605878;1.0130220087859623;0.013854713410424734;0.00019195308368500296;1.0303197307831364;0.04316959769310447;3.3731895570070334;2.055207990540946;4.2238798843833525;7.516198073346695;-0.7236260186336267;0.17953138919358202;1.4337374800759466;1;53.71777601;86.79298625
-0.0387478331803813;0.017347548000452143;0.0101967982053635;0.04027183105966607;1.0062023563175277;0.013724152299597362;0.00018835235634254358;1.0303197307831364;0.04316959769310447;3.3731895570070334;2.3034701748530533;5.3059748464375565;7.516198073346695;-1.1037092241794717;0.162103533884056;1.2639549672184374;1;53.717809120000005;86.79296816
-0.003059039461609;0.017347548000452143;0.0071377587437544;0.040452868844208074;0.9962574510566545;0.013913102600308678;0.00019357442396671608;1.0303197307831364;0.04316959769310447;3.3731895570070334;2.3133576726057363;5.35162372140383;7.516198073346695;-1.3102905673708722;0.19761816235316132;1.299918373602015;1;53.71784856000001;86.79294616000001
-0.0101967982053635;0.02198665524739448;0.0458855919241358;0.049891886882921;0.987150133090032;0.014681294373762973;0.00021554040448908433;1.0303197307831364;0.04316959769310447;3.3731895570070334;2.8324851968843676;8.022972390569075;10.30946756452995;-1.3102905673708722;0.2823434247846028;1.5776522662136894;1;53.71788955999999;86.79292316
-0.040787192821454;0.030770386181872254;0.0744366268991536;0.03796715886970577;1.0303197307831364;0.013776092559765295;0.00018978072621522073;1.0303197307831364;0.04316959769310447;-0.1153447588054341;2.1365165015179013;4.564702761258292;6.820933248717481;-1.367910323994526;0.36263794498591106;1.8359006313884598;1;53.717932870000006;86.79289479
-0.0173345569491179;0.03224241996583042;0.0713775874375446;0.03854515605969281;0.9948637214275261;0.013351262228365746;0.00017825620309058583;1.0303197307831364;0.04316959769310447;-0.1153447588054341;2.1724799559808186;4.7196691591384194;6.820933248717481;-1.5255964818441687;0.45707035003285035;2.035161910674046;1;53.717980069999996;86.79286775
-0.0275313551544814;0.03223005594061335;0.0469052717446721;0.03968303095992574;1.0140017292555705;0.014355877797724858;0.00020609122734320951;1.0303197307831364;0.04316959769310447;-0.4105032786495452;2.223802225847982;4.94529633968644;6.52577472887337;-1.6904749004639026;0.5878999777276931;2.2712553306764014;1;53.718031659999994;86.79283998
-0.0734169470786173;0.0365300681140699;0.1233812582848985;0.037066136786606314;1.0216606639411843;0.014355216448762743;0.00020607223929082843;1.0303197307831364;0.04316959769310447;-0.4105032786495452;2.0762908485780542;4.310983687888976;6.52577472887337;-1.8217139393926065;0.7633246779216807;2.587957618006702;1;53.7180881;86.79281194
-0.1050270215152442;0.034978304315907975;0.0479249515652085;0.031062600615331053;0.9968166920260377;0.014298468115716343;0.00020444619045615687;1.0303197307831364;0.04316959769310447;-2.6513105265824537;1.7259115148921793;2.9787705572374175;4.284967480940462;-1.976361776757824;0.9790623977841703;2.9311656806874566;1;53.71814693;86.79278117
-0.0723972672580809;0.030987382085576328;0.0846334251045171;0.031750653084794446;1.0064870006219184;0.012016936322227962;0.00014440675857248168;1.0303197307831364;0.03545600935561033;-2.6513105265824537;1.7680486983437322;3.125996199714966;4.912656367184767;-2.1573634987095733;1.2412901097773195;3.3008795187187037;1;53.71820573;86.79274525
-0.0316100744366268;0.03557044410985666;0.1193025390027531;0.03818561383060401;1.0240850087426394;0.010833784527160516;0.00011737088718094258;1.0240850087426394;0.02922128731511331;-1.375558236745794;2.134617898812993;4.556593573932798;6.1884086570214265;-2.367664191397909;1.5566618306469964;3.6970991321004427;1;53.71826488000001;86.79270712
-0.0968695829509534;0.03557044410985666;0.1070663811563169;0.03818561383060401;1.009663252674994;0.010833784527160516;0.00011737088718094258;1.0240850087426394;0.02922128731511331;-1.375558236745794;2.134617898812993;4.556593573932798;6.1884086570214265;-2.367664191397909;1.5566618306469964;3.6970991321004427;1;53.71826488000001;86.79270712
-0.0897318242071989;0.03557044410985666;0.1152238197206077;0.03818561383060401;1.0220106937488427;0.010833784527160516;0.00011737088718094258;1.0240850087426394;0.02922128731511331;-1.375558236745794;2.134617898812993;4.556593573932798;6.1884086570214265;-2.367664191397909;1.5566618306469964;3.6970991321004427;1;53.71826488000001;86.79270712
-0.0652595085143265;0.03557044410985666;0.1345977363107984;0.03818561383060401;1.0225228033163634;0.010833784527160516;0.00011737088718094258;1.0240850087426394;0.02922128731511331;-1.375558236745794;2.134617898812993;4.556593573932798;6.1884086570214265;-2.367664191397909;1.5566618306469964;3.6970991321004427;1;53.71826488000001;86.79270712
-0.1244009381054349;0.03557044410985666;0.0244723156928724;0.03818561383060401;1.0194371078528168;0.010833784527160516;0.00011737088718094258;1.0240850087426394;0.02922128731511331;-1.375558236745794;2.134617898812993;4.556593573932798;6.1884086570214265;-2.367664191397909;1.5566618306469964;3.6970991321004427;1;53.71826488000001;86.79270712
0.0622004690527174;0.04256710374834348;0.0887121443866625;0.05542459844370163;0.9007986813741522;0.04938052509464972;0.002438436258623331;1.0602968896649139;0.15949820829076167;1.8737657799470973;3.1667685768397438;10.028423219259615;9.282711339919247;3.367928440478209;4.190379659762255;5.299297229854081;1;53.720412950000004;86.79475791
0.0428265524625267;0.04256710374834348;0.0550627103089629;0.05542459844370163;0.9610340309653073;0.04938052509464972;0.002438436258623331;1.0602968896649139;0.15949820829076167;1.8737657799470973;3.1667685768397438;10.028423219259615;9.282711339919247;3.367928440478209;4.190379659762255;5.299297229854081;1;53.720412950000004;86.79475791
0.0555725502192311;0.04256710374834348;0.07545630671969;0.05542459844370163;1.040224483537809;0.04938052509464972;0.002438436258623331;1.0602968896649139;0.15949820829076167;1.8737657799470973;3.1667685768397438;10.028423219259615;9.282711339919247;3.367928440478209;4.190379659762255;5.299297229854081;1;53.720412950000004;86.79475791
0.0193739165901906;0.04256710374834348;0.1070663811563169;0.05542459844370163;1.0244545089466481;0.04938052509464972;0.002438436258623331;1.0602968896649139;0.15949820829076167;1.8737657799470973;3.1667685768397438;10.028423219259615;9.282711339919247;3.367928440478209;4.190379659762255;5.299297229854081;1;53.720412950000004;86.79475791
0.0387478331803813;0.04256710374834348;0.1325583766697257;0.05542459844370163;1.0279793772662231;0.04938052509464972;0.002438436258623331;1.0602968896649139;0.15949820829076167;1.8737657799470973;3.1667685768397438;10.028423219259615;9.282711339919247;3.367928440478209;4.190379659762255;5.299297229854081;1;53.720412950000004;86.79475791
0.023452635872336;0.04256710374834348;0.1152238197206077;0.05542459844370163;0.9717575438882918;0.04938052509464972;0.002438436258623331;1.0602968896649139;0.15949820829076167;1.8737657799470973;3.1667685768397438;10.028423219259615;9.282711339919247;3.367928440478209;4.190379659762255;5.299297229854081;1;53.720412950000004;86.79475791
0.0244723156928724;0.04252474415532701;0.0550627103089629;0.06800422686139748;0.9471618084674813;0.03769718063536762;0.0014210774278555355;1.0602968896649139;0.11313508119743254;3.641426114685152;3.857126896517507;14.877427895838776;11.050371674657303;3.367928440478209;4.746721272878957;5.9571968226714676;1;53.720209389999994;86.79467211000001
-0.0265116753339451;0.04416078970763785;0.0836137452839808;0.06822463229648923;1.0143026364872367;0.03511155716979532;0.0012328214468878048;1.0602968896649139;0.11313508119743254;3.641426114685152;3.8696343033565643;14.974069641713843;11.050371674657303;3.138026210981452;4.28928731778755;5.72729459317471;1;53.72000957;86.79457725
-0.0723972672580809;0.03861881672947959;-0.0224329560517997;0.06754766334087806;0.9716564268983271;0.03543947818939819;0.0012559566143368298;1.0602968896649139;0.11313508119743254;3.641426114685152;3.8375520431432757;14.726805683833131;11.050371674657303;2.536774944243612;3.1699707604397833;5.1260433264368706;1;53.71981708;86.7944846
-0.0244723156928724;0.03906392667913201;-0.0346691138982359;0.06507771334431675;1.0602968896649139;0.03469095746394068;0.0012034625297649415;1.0602968896649139;0.11313508119743254;3.641426114685152;3.7144036438822576;13.796794429685795;11.050371674657303;1.6775809748987918;1.9405341089627148;4.266849357092051;0;53.719637569999996;86.79439469
-0.0438462322830631;0.03348664686368905;-0.0642398286937901;0.05505735987711492;1.0114581359914905;0.034209535328444625;0.0011702923073881007;1.0602968896649139;0.11313508119743254;3.641426114685152;3.184348814989176;10.14007737552297;10.451156615132074;0.6738506375810958;1.0256067049298447;3.2631190197743543;0;53.71946448;86.79430864000001
-0.058121749770572;0.02844583843279597;0.0316100744366268;0.04752383812130762;1.0248766317719464;0.03366549672317614;0.0011333656696181835;1.0602968896649139;0.11313508119743254;3.641426114685152;2.721772349324765;7.408044721548852;8.36995295675544;-0.3610097330753747;0.5399838491435873;2.2642900249783016;1;53.7192921;86.7942233
-0.0010196798205363;0.024081144587966282;0.040787192821454;0.04592912796430629;0.9685358875757336;0.02883524230829707;0.0008314711989782052;1.0602968896649139;0.09176100208918025;3.641426114685152;2.6122411820345426;6.823803993117225;8.36995295675544;-0.8457131099287198;0.43153626864315575;2.3352997543646468;1;53.719145049999995;86.79414025
-0.0550627103089629;0.02672110264789922;-0.0020393596410727;0.04068566496615424;0.9906230128164731;0.02863972689280176;0.0008202339564942723;1.0602968896649139;0.09176100208918025;4.288991173412652;2.3280888771625308;5.419997819967894;6.70255717913024;-1.5085730196092426;0.5525200548353433;2.476619947730409;0;53.71899358;86.79406046
-0.037728153359845;0.03669781098645915;0.0305903946160905;0.040658964791487624;0.9688943783899437;0.029155434227886683;0.0008500393450166264;1.0602968896649139;0.09176100208918025;4.288991173412652;2.325184897969711;5.406484809746416;6.70255717913024;-1.7110789401889273;1.275126431670091;3.6512984460498314;0;53.71884078000001;86.79398446
-0.0387478331803813;0.04282550714307524;-0.0387478331803813;0.04016914444104731;1.008932863299844;0.023748647982420944;0.0005639982809929464;1.0430694097833408;0.07453352220760723;4.288991173412652;2.3011399650007482;5.295245138523645;6.70255717913024;-1.7110789401889273;1.8974637125533345;3.8367491040414032;0;53.718682879999996;86.7939008
0.003059039461609;0.04326699191022191;-0.0326297542571632;0.03641143874332504;1.004919165884887;0.026172159386455902;0.0006849819269500519;1.0430694097833408;0.07453352220760723;4.288991173412652;2.0866985548496038;4.3543108588114245;6.70255717913024;-1.7110789401889273;2.5317800604492096;4.090253724644043;0;53.71853288;86.79380456000001
-0.0744366268991536;0.04644741385478125;-0.07545630671969;0.033999522620356035;1.0089478060373476;0.025597381235296392;0.0006552259261051039;1.0430694097833408;0.07453352220760723;4.288991173412652;1.9563779702531239;3.827414762491733;6.70255717913024;-1.7110789401889273;2.6311385504083327;4.090253724644043;0;53.71839834;86.79370074
-0.1238910981951667;0.041079339892186865;-0.020393596410727;0.029569738074614715;1.0430694097833408;0.032650491765824206;0.0010660546125501544;1.0430694097833408;0.10951814627825862;4.288991173412652;1.704418234323021;2.905041517492805;6.098261474820047;-1.7110789401889273;2.277581565427018;4.090253724644043;0;53.71828428;86.79358155999999
-0.1213418986438258;0.040680873007311415;-0.0112164780258998;0.0335004438429172;1.0228857524741217;0.03298157359793083;0.001087784196995728;1.0430694097833408;0.10951814627825862;4.288991173412652;1.915098083739452;3.667600670342521;6.098261474820047;-1.3124558990399902;2.487370205841758;4.4888767657929804;0;53.71819144;86.79345032
-0.0795350260018354;0.05804519852581051;0.0061180789232181;0.03854590535173341;1.0400779155247935;0.031024000420734506;0.0009624886021057347;1.0430694097833408;0.10951814627825862;6.804697871050755;2.217403019482464;4.916876150809949;7.141732354120869;1.05211280724696;4.6922449836447395;6.8534454720799305;0;53.718124409999994;86.79331161
-0.1121647802589986;0.06728908263761425;0.0010196798205363;0.03865365176637341;0.9994823371737361;0.0375391591477309;0.0014091884695186685;1.0430694097833408;0.10951814627825862;6.804697871050755;2.2282449584980197;4.965075595071841;7.141732354120869;2.6773545391500564;8.595423667675739;8.478687203983027;0;53.71809865;86.79317321
-0.0856531049250535;0.0864488323088926;-0.0356887937187723;0.04496416756822761;0.9335512635050822;0.037521357174266454;0.0014078522441988766;1.0430694097833408;0.10951814627825862;6.804697871050755;2.592427785215896;6.7206818215593955;8.621565006391299;3.954420338226038;13.433457862833471;9.75575300305901;0;53.71809699000001;86.79305891
-0.0672988681553992;0.09924452890526478;-0.0723972672580809;0.049795118593262515;1.022937210679063;0.03784384985114352;0.0014321569715558958;1.0430694097833408;0.10951814627825862;6.804697871050755;2.888408843001991;8.3429056443321;9.845950885928527;5.767791072738249;19.309754710430482;11.56912373757122;0;53.71811529;86.79296457000001
0.0591414295911083;0.09815950615568352;-0.1172631793616804;0.05133516594142215;0.9896847607931644;0.034588018715055756;0.0011963310386330474;1.0400779155247935;0.10652665201971123;6.804697871050755;2.9768321612601323;8.86152971631267;9.845950885928527;6.564794225279749;22.854003289780863;12.366126890112719;1;53.718149435;86.79288095500002
0.0443560721933312;0.093061884480707;-0.0489446313857448;0.05487618742618734;0.9404280116300892;0.033418140219513025;0.0011167720957310338;1.0400779155247935;0.10652665201971123;6.804697871050755;3.1784830620231954;10.102754575568348;9.845950885928527;6.564794225279749;22.750396599584843;12.366126890112719;0;53.718201185;86.79281750499999
0.1213418986438258;0.08688578937614921;0.0316100744366268;0.060019897576461624;0.9970059907742027;0.03253234650145317;0.0010583535688906123;1.034319804295041;0.10076854078995878;6.804697871050755;3.4578720397319826;11.956879043160221;10.422128048610091;6.564794225279749;18.017605861604586;11.700590781852508;1;53.718259055;86.792775535
0.1172631793616804;0.07241410039050886;0.0520036708473539;0.0612689091931931;0.9801849623335042;0.03270317502236734;0.0010694976565435907;1.034319804295041;0.10076854078995878;6.804697871050755;3.5308242722050167;12.466720041192085;10.422128048610091;6.564794225279749;11.542211480521345;10.180271848642006;1;53.718316195;86.792753315
0.0861629448353216;0.05517225364221402;0.0178443968593861;0.06852445650654143;1.0082315939006457;0.02707301175025672;0.0007329479652295383;1.034319804295041;0.09389179266495185;6.804697871050755;3.972820011803801;15.783298846188753;12.962154047308958;6.564794225279749;6.475533834486715;7.877250124319739;1;53.718365995;86.792749355
0.0948302233098807;0.04146659629027355;0.0433363923727949;0.07261070242678949;1.0067391612838987;0.025386189469316502;0.000644458615772036;1.034319804295041;0.09389179266495185;6.804697871050755;4.245049962254337;18.02044918203555;14.958980249228627;6.564794225279749;5.32378688838371;6.685358911984728;1;53.718404465000006;86.792751985
0.0530233506678902;0.060603766542195917;0.0652595085143265;0.055638151438913194;1.034319804295041;0.026515618646044615;0.0007030780321824689;1.034319804295041;0.09389179266495185;2.9833100718703034;3.256265324111965;10.603263861014;11.137592450048176;6.564794225279749;8.265220469529957;8.745631056267968;1;53.718432015;86.792764175
0.0948302233098807;0.08026333348128532;0.0326297542571632;0.04223179052559091;1.0043059443432227;0.018847354815613757;0.00035522278354563905;1.034319804295041;0.06465509264825087;-1.0141142362380813;2.451925815141643;6.011940202958012;7.140168141939792;6.564794225279749;14.203305612117665;10.863843974889392;1;53.718438565;86.792770725
0.1034975017844396;0.09129339714389968;0.1040073416947078;0.041007669175768854;0.9696647116467901;0.01962608032463158;0.00038518302890889073;1.034319804295041;0.06465509264825087;-1.0141142362380813;2.3863352142502023;5.694595754770559;7.140168141939792;6.564794225279749;21.96574437282475;12.96206197716808;1;53.71844337500001;86.792757615
-0.0152951973080452;0.09851547226592995;0.1396961354134801;0.04167000043852707;0.984891420098729;0.01876668831384196;0.00035218859026889233;1.034319804295041;0.06465509264825087;-1.0141142362380813;2.4310957709648267;5.910226647603064;7.140168141939792;6.564794225279749;29.023327881452968;14.962349372423116;0;53.71845290500001;86.79273130499999
-0.0632201488732537;0.10769631140975171;0.1244009381054349;0.038052907750809266;1.0160519740248197;0.021928337525847462;0.0004808519866474899;1.043555492900226;0.07389078125343584;-1.8618592124397608;2.234924589588367;4.99488792114673;6.2924231657381124;6.383528016011156;33.53013839028863;16.605504260704993;0;53.718467839999995;86.79270272
-0.1019679820536351;0.10769631140975171;0.0907515040277353;0.038052907750809266;1.009576746125292;0.021928337525847462;0.0004808519866474899;1.043555492900226;0.07389078125343584;-1.8618592124397608;2.234924589588367;4.99488792114673;6.2924231657381124;6.383528016011156;33.53013839028863;16.605504260704993;0;53.718467839999995;86.79270272
-0.1182828591822167;0.10769631140975171;0.0458855919241358;0.038052907750809266;1.0194478169837728;0.021928337525847462;0.0004808519866474899;1.043555492900226;0.07389078125343584;-1.8618592124397608;2.234924589588367;4.99488792114673;6.2924231657381124;6.383528016011156;33.53013839028863;16.605504260704993;0;53.718467839999995;86.79270272
-0.1407158152340165;0.10769631140975171;0.0418068726419904;0.038052907750809266;1.024136787406314;0.021928337525847462;0.0004808519866474899;1.043555492900226;0.07389078125343584;-1.8618592124397608;2.234924589588367;4.99488792114673;6.2924231657381124;6.383528016011156;33.53013839028863;16.605504260704993;0;53.718467839999995;86.79270272
-0.1784439685938615;0.10769631140975171;0.0530233506678902;0.038052907750809266;1.043555492900226;0.021928337525847462;0.0004808519866474899;1.043555492900226;0.07389078125343584;-1.8618592124397608;2.234924589588367;4.99488792114673;6.2924231657381124;6.383528016011156;33.53013839028863;16.605504260704993;1;53.718467839999995;86.79270272
-0.147853573977771;0.05630504174204659;-0.0336494340776996;0.011901119200578908;0.9754552637811936;0.0276661163823854;0.0007654139956836937;1.0448648722227145;0.08952500360222482;2.536046358151689;0.6625563746355486;0.43898094957020145;2.25072659524266;-2.267069259588466;1.880891644690394;3.978993493030243;1;53.72508972000001;86.8442654
-0.0469052717446721;0.05630504174204659;-0.0050983991026817;0.011901119200578908;1.0238265839197473;0.0276661163823854;0.0007654139956836937;1.0448648722227145;0.08952500360222482;2.536046358151689;0.6625563746355486;0.43898094957020145;2.25072659524266;-2.267069259588466;1.880891644690394;3.978993493030243;0;53.72508972000001;86.8442654
-0.0774956663607627;0.05630504174204659;-0.0326297542571632;0.011901119200578908;1.025173332812559;0.0276661163823854;0.0007654139956836937;1.0448648722227145;0.08952500360222482;2.536046358151689;0.6625563746355486;0.43898094957020145;2.25072659524266;-2.267069259588466;1.880891644690394;3.978993493030243;0;53.72508972000001;86.8442654
0.0081574385642908;0.05630504174204659;-0.020393596410727;0.011901119200578908;1.0168580309421336;0.0276661163823854;0.0007654139956836937;1.0448648722227145;0.08952500360222482;2.536046358151689;0.6625563746355486;0.43898094957020145;2.25072659524266;-2.267069259588466;1.880891644690394;3.978993493030243;1;53.72508972000001;86.8442654
0.0101967982053635;0.05630504174204659;-0.0265116753339451;0.011901119200578908;1.0190560955638397;0.0276661163823854;0.0007654139956836937;1.0448648722227145;0.08952500360222482;2.536046358151689;0.6625563746355486;0.43898094957020145;2.25072659524266;-2.267069259588466;1.880891644690394;3.978993493030243;1;53.72508972000001;86.8442654
-0.0693382277964719;0.05630504174204659;-0.0305903946160905;0.011901119200578908;1.0448648722227145;0.0276661163823854;0.0007654139956836937;1.0448648722227145;0.08952500360222482;2.536046358151689;0.6625563746355486;0.43898094957020145;2.25072659524266;-2.267069259588466;1.880891644690394;3.978993493030243;1;53.72508972000001;86.8442654
-0.0978892627714897;0.0574474937650112;-0.0418068726419904;0.0117261947857846;1.0384056030058697;0.02527814281960061;0.0006389845044081259;1.0448648722227145;0.08952500360222482;2.536046358151689;0.6478860587809667;0.41975634516273425;2.25072659524266;-3.093810844261695;1.2279374805234786;3.1787366548486786;1;53.72500058000001;86.84416858
-0.0295707147955541;0.06754911708864998;-0.0448659121035994;0.01218518570663354;1.0139668654061686;0.026849628664640583;0.0007209025594290891;1.0448648722227145;0.08952500360222482;3.276318020603618;0.6996085903782009;0.4894521797309732;2.2977981491582473;-3.814258108050135;0.7413839537961713;2.4582893910602386;1;53.724907599999995;86.84408072
-0.0897318242071989;0.07182162828798583;-0.023452635872336;0.012363077603819538;0.9985045106702131;0.026560275121184054;0.0007054482145129885;1.0448648722227145;0.08952500360222482;3.276318020603618;0.7083639375414859;0.5017794680092781;2.2977981491582473;-4.432755274558828;0.4010237947765579;1.8397922245515455;1;53.72481371;86.84398426999999
-0.15091261343938;0.06415434890992597;-0.0163148771285816;0.012253258578982193;0.9553398686204897;0.02640216168367951;0.0006970741415711544;1.0448648722227145;0.08952500360222482;3.276318020603618;0.7014286189527028;0.4920021074858959;2.2977981491582473;-4.953646567392818;0.18768770906290838;1.3189009317175557;1;53.72472514;86.84387778
-0.1549913327215254;0.049891423769654615;-0.029060874885286;0.011988286795248953;0.9975534771928835;0.0265273380357007;0.0007036996632603332;1.0448648722227145;0.08952500360222482;3.276318020603618;0.6862603408095487;0.47095325536803795;2.2977981491582473;-5.381276210157147;0.07784722377474868;0.8912712889532264;1;53.72464832000001;86.84376256
-0.1876210869786886;0.04624110265472921;-0.0560823901294993;0.011925483788895788;0.9812954856802868;0.023755720054006047;0.0005643342352843051;1.0384056030058697;0.08306573438538001;3.276318020603618;0.6781018682780572;0.45982214376219155;2.2977981491582473;-5.719988426456858;0.030707123849871978;0.5525590726535157;1;53.72459156;86.8436418
-0.1621290914652799;0.049499011130568864;-0.0387478331803813;0.014737519141906017;1.0201355155910394;0.020802551187344094;0.00043274613590207114;1.0214627015640256;0.06612283294353594;3.662276967106016;0.8408117017918586;0.7069643178701214;2.683757095660645;-5.677477365516015;0.03421479514284794;0.5950701335943585;1;53.724559049999996;86.84353504999999
-0.1488732537983073;0.04815173368859339;-0.0469052717446721;0.015995310281610258;1.0083808574529405;0.02108649056915235;0.000444640084522951;1.0214627015640256;0.06612283294353594;3.662276967106016;0.9076594128819883;0.8238456097932756;2.683757095660645;-5.130595094830351;0.12294939543072031;1.1419524042800226;1;53.724556070000006;86.84344503
-0.1529519730804527;0.05256392056434441;-0.0305903946160905;0.016859528668582553;1.0214627015640256;0.02120564457230191;0.0004496793617267975;1.0214627015640256;0.06612283294353594;3.84319341480959;0.9548744478785995;0.9117852112114603;2.864673543364219;-4.459094995008138;0.34646952473955817;1.8134525041022354;1;53.724579489999996;86.84337373000001
-0.1458142143366982;0.0607103051479544;-0.040787192821454;0.013886210632455718;1.0207748784993629;0.012795761611895686;0.0001637315152284633;1.0214627015640256;0.04016721588373884;3.84319341480959;0.7984869086521875;0.6375813432889268;2.1738081372585025;-3.904138009634343;0.6704186574826189;2.3684094894760306;0;53.72463422;86.84332862000001
-0.0683185479759355;0.06727345719413706;-0.0642398286937901;0.011983467480147869;1.0057072657060129;0.012210956167824943;0.00014910745053254204;1.0214627015640256;0.04016721588373884;3.84319341480959;0.6948319942398424;0.4827915002193165;2.127063597865137;-3.3916834257911184;1.0572947435781002;2.8401525113715156;0;53.72472485000001;86.84330661
-0.0356887937187723;0.06526517315636784;-0.0591414295911083;0.014979328324828409;1.01794744243499;0.010035738425253545;0.00010071604574011051;1.0214627015640256;0.031205013053683617;4.6068161110706285;0.8768725435564292;0.7689054576431218;2.8906862941261755;-2.7040496257778743;1.5653373158092059;3.4242226646026586;0;53.72485209;86.84331097
-0.0540430304884266;0.05887281176624142;-0.0678087080656673;0.014966983305375695;1.0116762987427776;0.009656227493675437;9.324272940961341e-05;1.0214627015640256;0.031205013053683617;4.6068161110706285;0.8751552919064624;0.7658967849518853;2.8906862941261755;-2.084707407704663;2.1322793567154776;4.034246666227899;1;53.725015889999995;86.84334421
-0.023452635872336;0.05251147575846392;-0.058121749770572;0.015534647210044387;1.001249779851662;0.009770045706076163;9.545379309881727e-05;1.0214627015640256;0.031205013053683617;4.6068161110706285;0.9077072234300662;0.82393240346712;2.8906862941261755;-1.7817834912278463;2.552614965546602;4.337170582704715;0;53.72520264;86.84341064
-0.0061180789232181;0.040660101326304356;-0.0489446313857448;0.012304887623567847;1.0076319968747822;0.010159881413711113;0.00010322319034067252;1.023930164765062;0.03367247625472003;4.6068161110706285;0.7155456854319961;0.5120056279403452;2.3168339128989923;-1.5045575026939373;2.6288369716624524;4.411038864198393;0;53.72541053;86.84351101
-0.0040787192821454;0.021291811031898752;-0.0795350260018354;0.00938622521278177;0.990257688510342;0.009387907066057091;8.813279908092467e-05;1.023930164765062;0.03367247625472003;4.6068161110706285;0.5462189494877439;0.29835514077949443;1.8226401880649603;-1.4308394289645934;2.3875695894594537;4.246637936551422;0;53.72563172;86.8436426
-0.0520036708473539;0.01809943649485476;-0.0713775874375446;0.01038205659175506;1.0031809903986677;0.009437237123404713;8.906144452336806e-05;1.023930164765062;0.03367247625472003;4.6068161110706285;0.6006347589097619;0.36076211361058785;1.8226401880649603;-1.3836410076042784;1.8738756468862705;3.7469540872260727;0;53.72586083;86.84378467
-0.0326297542571632;0.018297500198762574;-0.0749464668094218;0.012819880358843324;1.004148309215823;0.009962985139990709;9.926107289967567e-05;1.023930164765062;0.03367247625472003;4.6068161110706285;0.7427933535733867;0.5517419661127982;2.3190951286174535;-1.340230223413806;1.3285500377679689;3.1188647715943327;0;53.72610973;86.84394909
-0.0326297542571632;0.0167977442846932;-0.0744366268991536;0.015074659449221425;1.023930164765062;0.009950643835356562;9.901531273811955e-05;1.023930164765062;0.03367247625472003;4.6068161110706285;0.8717187215993359;0.7598935295867806;2.5267323969270907;-1.340230223413806;0.86078525246664;2.563907786220537;0;53.72637039999999;86.84412272
-0.0550627103089629;0.017306209330887518;-0.061180789232181;0.015109393402920359;1.0128331370033996;0.009957043131724191;9.914270792701587e-05;1.023930164765062;0.03367247625472003;4.6068161110706285;0.8731854954409083;0.7624529094483844;2.5267323969270907;-1.340230223413806;0.47122331311747495;2.0514532023773127;0;53.7266664;86.84431632
-0.0326297542571632;0.015153294510900018;-0.0520036708473539;0.014676542746598773;1.0042236354917382;0.010046886431161037;0.00010093992696064776;1.023930164765062;0.03367247625472003;4.6068161110706285;0.8497239396941444;0.722030773689338;2.5267323969270907;-1.340230223413806;0.18586005988691215;1.3638194023640684;0;53.726961290000006;86.84451393
-0.023452635872336;0.012388165635556345;-0.040787192821454;0.013984863200565885;1.0217832897715715;0.010546682815407044;0.00011123251840880226;1.023930164765062;0.035976704785985913;4.280356864396886;0.8073981975505562;0.651891849407887;2.200273150253348;-1.2015480270079493;0.06272229122860284;0.8831593806967135;0;53.72724954;86.84471002
-0.0193739165901906;0.010720925680562989;-0.0367084735393086;0.015104805065917225;1.011354819897133;0.010483394980206047;0.00010990157031100933;1.023930164765062;0.035976704785985913;4.60882168128694;0.8647050689322354;0.747714856237102;2.528737967143402;-1.0368279650116536;0.038437996904072305;0.7449555262161927;0;53.72752727000001;86.84490583
-0.0428265524625267;0.010720925680562989;-0.0637299887835219;0.014482903834896267;1.0164659507961995;0.010576925616679349;0.00011187135550076783;1.023930164765062;0.035976704785985913;4.60882168128694;0.8275064774017671;0.6847669701418813;2.528737967143402;-0.6753817628653724;0.06798748895524738;0.8333733513063932;0;53.72780229;86.84509892999999
-0.0295707147955541;0.014436464145743177;-0.0672988681553992;0.01384423731367444;1.0050371098940967;0.013731465068900274;0.0001885531329384284;1.0217832897715715;0.04478687254558933;4.60882168128694;0.8031346573483812;0.6450252778341016;2.528737967143402;-0.4502226151514105;0.1296873017411585;1.0585324990203553;0;53.72807281;86.84529265
-0.020393596410727;0.011334816412670685;-0.0734169470786173;0.014633678488720698;0.9879534599790761;0.013527911763067363;0.00018300439666933633;1.0217832897715715;0.04478687254558933;4.60882168128694;0.8487447015513083;0.7203675684114195;2.528737967143402;-0.1041081610581322;0.234116835628344;1.4046469531136334;0;53.728338040000004;86.84548107999998
-0.0285510349750178;0.01585848915974899;-0.0815743856429081;0.01458385752811218;1.0152078955670087;0.013557171873011068;0.00018379690919436242;1.0217832897715715;0.04478687254558933;4.60882168128694;0.8444590889358171;0.7131111528863102;2.528737967143402;0.1049307722826256;0.3471017684654889;1.6136858864543913;0;53.728601530000006;86.84567032999999
-0.0326297542571632;0.018636878506856077;-0.0632201488732537;0.015389416324618677;1.0028326827322618;0.012386886826927668;0.00015343496526311418;1.0164659507961995;0.03946953357021732;5.587523005630558;0.8912315187992694;0.7942936201012526;3.5074392914870205;0.5692844343366659;0.5276718222574781;2.0780395485084315;0;53.728844779999996;86.84583934
-0.0010196798205363;0.02139769211867322;-0.0652595085143265;0.017707836082351425;0.9769964172259822;0.012935947598971074;0.0001673387402833255;1.0166475000168185;0.03965108279083629;6.739128782762755;0.9927614401987397;0.9855752771454758;3.1444624454980845;0.9376016363807684;0.7148052747790662;2.446356750552534;0;53.729075009999995;86.84600044999999
-0.0173345569491179;0.02322300737108724;-0.07545630671969;0.0219279900381734;1.0012643180335654;0.012342675019763624;0.00015234162664349698;1.0166475000168185;0.03965108279083629;7.1501301657450655;1.252093371106798;1.567737809969586;3.535717358617788;1.242379252709264;0.8427092728986817;2.676910466053309;0;53.729260520000004;86.84613988
0.0122361578464362;0.023678208162468104;-0.0734169470786173;0.028198648881363524;1.007138641426618;0.012830528193092033;0.0001646224537137295;1.0166475000168185;0.03965108279083629;8.436678623431211;1.6389800880163274;2.6862557289140088;4.822265816303934;1.5123007833460067;0.9058275002041675;2.713848810353956;0;53.72943282999999;86.84627379
0.0112164780258998;0.025916778524851063;-0.0968695829509534;0.027834125598011076;0.9948997772395161;0.012844315862187872;0.00016497644996765095;1.0166475000168185;0.03965108279083629;8.436678623431211;1.6249147729115159;2.6403480192260833;4.822265816303934;1.7369655340794663;0.9260328766184363;2.77379349909112;0;53.729593980000004;86.84640422
0.0168247170388498;0.023687964275865635;-0.1193025390027531;0.029441311280397647;1.0166475000168185;0.012077438755521546;0.00014586452689337382;1.0166475000168185;0.03965108279083629;8.436678623431211;1.7009804757625397;2.893334578925356;4.822265816303934;1.890042681327432;0.8587614442396959;2.5654244441928045;0;53.729745019999996;86.8465399
0.0336494340776996;0.019121904389725063;-0.1233812582848985;0.02672456118665698;0.9912557128848716;0.012338669802670506;0.00015224277249933305;1.0166475000168185;0.03965108279083629;8.436678623431211;1.5384043148955342;2.3666878360891976;4.60669480407069;1.890042681327432;0.7370530721782124;2.3402652964788424;0;53.729886199999996;86.84668108
0.0275313551544814;0.017733913223495316;-0.1447945345161619;0.023117740488945906;0.9869015273600921;0.010038612842424922;0.00010077374780009857;1.0166475000168185;0.029745972656726405;8.436678623431211;1.3449006555412637;1.8087577732753206;4.256305184747884;1.890042681327432;0.5394091258470185;1.9941508423855643;0;53.730013740000004;86.84682142
0.0428265524625267;0.010959252350636115;-0.1080860609768532;0.019556125094167355;0.9877976887963703;0.010138559508152924;0.00010279038890035807;1.0166475000168185;0.029745972656726405;8.436678623431211;1.1401964222317644;1.300047881270116;4.256305184747884;1.890042681327432;0.3567025388786612;1.7851119090448064;0;53.73012715;86.84696811
0.0305903946160905;0.014425356439014032;-0.130519017028653;0.013005526558593288;1.0092486747667493;0.010640183965905813;0.00011321351482831916;1.0166475000168185;0.029745972656726405;8.436678623431211;0.7549581818299659;0.5699618563120078;2.849155617800653;1.890042681327432;0.1771303638664098;1.3207582469907662;0;53.73022467;86.84711939
0.040787192821454;0.017900552742854955;-0.116243499541144;0.02443664811440371;1.0068510833341116;0.010549783447304312;0.00011129793078501605;1.0166475000168185;0.029745972656726405;8.436678623431211;1.4140457876055792;1.999525489445083;5.460753756141898;1.890042681327432;0.09084143752926042;0.9524410449466636;0;53.730309899999995;86.84728398
0.0265116753339451;0.01808315269804053;-0.1233812582848985;0.02837289511714955;1.0052000360869708;0.00878538165576498;7.718293083745184e-05;1.0092486747667493;0.02234714740665722;8.436678623431211;1.641050349385689;2.693046249218892;5.460753756141898;1.890042681327432;0.0741594957355423;0.8059702295597151;0;53.73039089;86.84746993
0.0305903946160905;0.019359301629979196;-0.1223615784643621;0.034113543797000774;1.0051912439189512;0.011326738885568694;0.00012829501378185394;1.022297547394654;0.03539602003456199;8.436678623431211;1.9797535705885814;3.9194242002582373;5.806898336827065;1.890042681327432;0.1279946777153623;1.1279344737844519;0;53.73047326;86.84767774
-0.0050983991026817;0.025349977720295614;-0.1111451004384623;0.031040091414093984;0.9882349435714196;0.011476226207091066;0.0001317037679563238;1.022297547394654;0.03449985859828375;7.430470013966309;1.7890803165337816;3.200808379008616;4.800689727362163;1.890042681327432;0.20280720250183104;1.276256559267516;0;53.73056309;86.84789557
0.0642398286937901;0.02715085680361266;-0.0520036708473539;0.03096034077130772;1.0016822005262098;0.010118393384207272;0.00010238188467756949;1.022297547394654;0.03406260382323445;7.430470013966309;1.7782230670162162;3.1620772760685587;4.800689727362163;1.890042681327432;0.26556418737376686;1.4151468310156727;0;53.73066057;86.84811592999999
0.0499643112062812;0.03255105904057882;-0.0688283878862037;0.02994457810621416;0.9957873049667442;0.010924753032863088;0.00011935022882905125;1.022297547394654;0.03406260382323445;7.050434926185914;1.7323662602039702;3.00109285949309;4.420654639581768;1.845785486085602;0.2867719581057215;1.4802973262796426;0;53.73076103;86.84832647
0.0560823901294993;0.03514650941662113;-0.0469052717446721;0.03258351725592675;1.022297547394654;0.010956872375067392;0.00012005305224351496;1.022297547394654;0.03406260382323445;8.019738384900695;1.8871842030481913;3.561464216234637;5.389958098296549;1.690215823935183;0.2817741111965237;1.4389740147994714;0;53.73086408;86.8485268
-0.0152951973080452;0.03734946122242016;-0.0831039053737126;0.03276948402369992;1.0191102977685051;0.010955857592346315;0.00012003081558377241;1.022297547394654;0.03406260382323445;8.019738384900695;1.8987989767229974;3.605437554004302;5.389958098296549;1.583735343961519;0.2801853601312342;1.518260820206967;0;53.73097073;86.84871025
-0.0020393596410727;0.03782998391849265;-0.1060467013357805;0.03260478379035539;1.011997675465023;0.011873351459796951;0.0001409764748878624;1.022297547394654;0.03406260382323445;8.019738384900695;1.8981403419543839;3.602936757754705;5.389958098296549;1.4777701446865574;0.26121633070062056;1.537568815794315;0;53.73108190000001;86.84887773999999
-0.0295707147955541;0.037858221575569555;-0.1213418986438258;0.03237650696193747;0.9928969612863806;0.010945308490154668;0.00011979977794465185;1.022297547394654;0.03272362941649687;8.019738384900695;1.8794495485765808;3.532330605644713;5.389958098296549;1.2435052866824847;0.22662486517521327;1.4489255143621527;0;53.731199149999995;86.84902315000001
-0.0275313551544814;0.0327832304264098;-0.1396961354134801;0.0286840522985849;1.0013037777489846;0.011367214911140351;0.00012921357483605155;1.022297547394654;0.03272362941649687;8.019738384900695;1.675055555730722;2.8058111147843583;5.389958098296549;1.084072451767717;0.2059449002767358;1.4545962295893753;0;53.73132788;86.84913908000001
-0.0285510349750178;0.028267188892541404;-0.1254206179259712;0.02663210748407455;1.003485660433601;0.013152614873684413;0.00017299127801546443;1.022297547394654;0.03879521649854989;8.019738384900695;1.5610186139490598;2.4367791130954437;5.389958098296549;0.7621082075429801;0.17968381945321787;1.2583978102269995;0;53.73146211000001;86.84921699
-0.023452635872336;0.018929339654991557;-0.1203222188232894;0.01886974071748593;0.9895739179781572;0.011777771247863625;0.0001387158955670031;1.0191102977685051;0.035607966872400976;8.019738384900695;1.115076576684794;1.2433957718710795;3.34232910103254;0.613786122059916;0.18003832524852378;1.2364866948349535;0;53.7316018;86.84925428
-0.0061180789232181;0.019359301629979127;-0.1050270215152442;0.017703921198270512;1.0108936238433812;0.010871233075575928;0.00011818370858349607;1.0156021250286105;0.0320997941325063;8.019738384900695;1.0328837436902873;1.0668488279796633;3.124088333537445;0.4748958503117592;0.18951185185757652;1.2878872607301148;0;53.731741150000005;86.84926306999999
0.0275313551544814;0.019359301629979127;-0.0866727847455898;0.01935669065446887;1.0156021250286105;0.010162381125858502;0.00010327399014720512;1.0156021250286105;0.0320997941325063;8.019738384900695;1.1267233051482648;1.2695054063642297;3.2270175974733606;0.3654881598059595;0.16845605940985237;1.1784795702243152;0;53.73188028;86.8492486
0.0122361578464362;0.020179758770026823;-0.0943203833996125;0.018942837925834483;0.9835023308961042;0.013089252141373813;0.00017132852162045893;1.0156021250286105;0.042189683861492466;8.019738384900695;1.090459902474615;1.1891027989049472;3.2270175974733606;0.2512418091357116;0.13143454883480224;1.0642332195540671;0;53.73202215;86.84921895
-0.0112164780258998;0.01843462800800252;-0.0907515040277353;0.014620251462411913;1.0080308653232992;0.014536229167078306;0.00021130195839781806;1.0178677689355617;0.04445532776844374;7.179887402484789;0.8357717779802011;0.6985144648681865;2.3871666150574553;0.0654745237545519;0.08551769267002197;0.8784659341729075;0;53.732165079999994;86.84916988
0.0040787192821454;0.017504998569079836;-0.092790863668808;0.014243211303041051;0.9924256160987383;0.014638540006811538;0.00021428685353102196;1.0178677689355617;0.04445532776844374;7.044008655631207;0.8110483388679999;0.657799407980542;2.251287868203873;-0.0597986711077575;0.05493034382343826;0.7531927393105982;0;53.73231285000001;86.84909237
-0.0020393596410727;0.02081523723490537;-0.0836137452839808;0.014243211303041051;1.0007480832419466;0.015479774338663321;0.00023962341357593945;1.0205227473417076;0.047110306174589556;7.044008655631207;0.7773663655875542;0.604298466346803;2.251287868203873;-0.205420227679668;0.03031867580555553;0.6075711827386876;0;53.73245661;86.84899549
0.023452635872336;0.0230549384435536;-0.092790863668808;0.01452034646288484;0.973412441167118;0.015768188029186687;0.0002486357537237864;1.0205227473417076;0.047110306174589556;7.044008655631207;0.7904187851956919;0.6247618559902333;2.251287868203873;-0.3705237778216583;0.015100405180344572;0.44246763259669736;0;53.732593969999996;86.84888452999999
-0.0081574385642908;0.02031299572544791;-0.113184460079535;0.013865083627018923;1.0178677689355617;0.015233862558028822;0.00023207056843691244;1.0205227473417076;0.047110306174589556;7.044008655631207;0.7451170792020099;0.5551994617185342;2.251287868203873;-0.4962896026840194;0.008924583257197782;0.31670180773433626;0;53.73271899;86.84875355
-0.0224329560517997;0.01901459092435709;-0.1233812582848985;0.014570285478577647;1.0061124519118176;0.014597114696417182;0.0002130757574603585;1.0205227473417076;0.047110306174589556;7.044008655631207;0.7843271200238797;0.6151690312049535;2.251287868203873;-0.5173273150844238;0.012012816791801193;0.35946579913458965;0;53.7328303;86.84859094
-0.0418068726419904;0.01942483367297766;-0.1203222188232894;0.01483158095123173;1.0205227473417076;0.015894404432553685;0.0002526320922655822;1.0247964823984599;0.05138404123134188;7.087263580396426;0.7814902712060736;0.6107270439897424;2.294542792969092;-0.5173273150844238;0.028537759924896693;0.566622789744168;0;53.732925220000006;86.84840937999999
-0.0336494340776996;0.018845235345999807;-0.1101254206179259;0.014119385047754804;1.0150163574383306;0.015249855868263995;0.00023255810400282583;1.0247964823984599;0.05138404123134188;7.087263580396426;0.7546959109184376;0.5695659179570103;2.294542792969092;-0.5173273150844238;0.06474802994660699;0.7984594173367434;0;53.73300324;86.84821092
-0.020393596410727;0.018246919590047418;-0.1101254206179259;0.010422177546437508;0.9974366028019641;0.015192413187480063;0.00023080941845911814;1.0247964823984599;0.05138404123134188;7.159424253716967;0.5326911833197403;0.28375989678658514;1.68937933818503;-0.5173273150844238;0.09835809839624884;0.8356790945986787;0;53.73306597;86.84799973
-0.0224329560517997;0.012217260294083631;-0.1213418986438258;0.014022502865202879;1.0180092361758035;0.009171789092940415;8.412171516538078e-05;1.0247964823984599;0.027359879596495773;7.159424253716967;0.7803628427932489;0.6089661664123608;2.613475671855741;-0.5173273150844238;0.12176928291042548;0.8463010765867263;0;53.73311438999999;86.84777679
-0.0265116753339451;0.011443858746620097;-0.1264402977465075;0.015607819919605557;1.0247964823984599;0.008932337109960137;7.9786646245971e-05;1.0247964823984599;0.027359879596495773;7.159424253716967;0.8721489263165411;0.7606437496750954;2.613475671855741;-0.5711390491800118;0.12481463649418115;0.8283241768700672;0;53.733152229999995;86.84754327
-0.0020393596410727;0.012285625622465667;-0.1228714183746303;0.019566829473862655;1.0012479625640816;0.008747700901222432;7.652227105724776e-05;1.0247964823984599;0.027359879596495773;7.159424253716967;1.0981209782326216;1.2058696828345699;3.002369929462871;-0.5711390491800118;0.12921473881444376;0.9413270275129698;0;53.733176019999995;86.84730594
-0.0193739165901906;0.010374264343175335;-0.1264402977465075;0.01998336879080789;1.0145204437727873;0.009601930763582282;9.219707438862782e-05;1.0267431510942764;0.029306548292312273;7.159424253716967;1.1334638983355123;1.2847404088299363;3.002369929462871;-0.6278461870869991;0.11932322701059868;0.9750774046786808;0;53.733195030000005;86.84705615
-0.0071377587437544;0.009456732484051813;-0.0795350260018354;0.01992431350152139;1.0034882507685592;0.01071410502426183;0.00011479204647091259;1.0276050736307745;0.030168470828810356;7.159424253716967;1.1298522323741806;1.2765660670009196;3.002369929462871;-0.6817476307420209;0.09021743604957731;0.921175961023659;0;53.73321016;86.84678968
-0.020393596410727;0.009736029086300856;-0.0938105434893443;0.02090281455575996;1.0120074359106273;0.00920620813115021;8.475426815405622e-05;1.0276050736307745;0.026357111066692918;7.159424253716967;1.1789083094726787;1.3898248021437292;3.002369929462871;-0.8767931142190134;0.0546067916973835;0.7363509332106238;0;53.73322262000001;86.84651286
-0.0356887937187723;0.010643056532307883;-0.0734169470786173;0.021124031974875147;1.0127782138701205;0.010035211562631598;0.00010070547110677493;1.0276050736307745;0.026357111066692918;7.159424253716967;1.1872448203407366;1.409550263425908;3.002369929462871;-1.0839501048285918;0.031036303266348913;0.5810963163440261;0;53.73323311;86.84623407000001
-0.0183542367696543;0.012994418127520526;-0.0887121443866625;0.01891865623513483;1.0267431510942764;0.010035014485815954;0.00010070151573053603;1.0276050736307745;0.027929262088543405;7.159424253716967;1.071012925755475;1.1470686871353026;3.002369929462871;-1.3157867324211672;0.022683854177021276;0.44726419469548717;0;53.73324381;86.84594525
-0.0244723156928724;0.016165489888983;-0.1070663811563169;0.01588151093162398;1.0276050736307745;0.009615781290363863;9.246324982411174e-05;1.0276050736307745;0.027929262088543405;7.159424253716967;0.880141016577525;0.7746482090621192;3.002369929462871;-1.3530064096831025;0.03004300880354212;0.5302714610689847;0;53.73325449;86.84564361
-0.0122361578464362;0.015994497720515685;-0.0836137452839808;0.013672098663511916;1.0099654525051445;0.00958618582318789;9.189495863668847e-05;1.0276050736307745;0.027929262088543405;6.675633280013569;0.7607101961039094;0.5786800024564484;2.518578955759473;-1.36362839167115;0.033715930899919554;0.5375876429028128;0;53.733264299999995;86.84533342
-0.0326297542571632;0.014075439686236422;-0.0769858264504945;0.013299450921479819;1.001762253139921;0.00944078463177534;8.912841446356543e-05;1.0276050736307745;0.027929262088543405;6.675633280013569;0.7434660396065028;0.552741752048178;2.518578955759473;-1.399463226050079;0.03598313845273854;0.5803882436558938;0;53.73327345;86.84502001
-0.0438462322830631;0.015302371150349851;-0.0836137452839808;0.015892418688904116;0.9996758115422311;0.009669652949184244;9.350218815766755e-05;1.0276050736307745;0.027929262088543405;6.763866166777362;0.9019243262307056;0.8134674902467124;2.606811842523266;-1.5124660766929816;0.03906886499082218;0.568980117432476;0;53.733280549999996;86.84470710999999
-0.061180789232181;0.015244506978947006;-0.0897318242071989;0.014481308384117111;1.0061842727434027;0.017755604069775218;0.00031526147588261825;1.0276050736307745;0.06473788118846946;6.763866166777362;0.8098511538943963;0.6558588914640852;2.356317020448836;-1.5395072095531654;0.03326253908846609;0.5419389845722922;0;53.733285339999995;86.84440470000001
-0.0336494340776996;0.015095624208016497;-0.1172631793616804;0.01607240611000395;1.0087298262436162;0.01610709987964266;0.00025943866653278466;1.0276050736307745;0.06473788118846946;6.763866166777362;0.8987969708026199;0.8078359947239655;2.6362641008606094;-1.5395072095531654;0.029144078481104643;0.5419389845722922;0;53.73328774;86.84408198
-0.0346691138982359;0.017163768971758527;-0.0948302233098807;0.016354571568992313;1.0053887905586756;0.013680212538778836;0.0001871482151061617;1.0099654525051445;0.04709826006283946;6.763866166777362;0.9310862035483541;0.8669215184380871;2.6362641008606094;-1.6131440474296372;0.02495835846845139;0.4683021466958204;0;53.73328926000001;86.84375838000001
-0.0101967982053635;0.016201539756095323;-0.1182828591822167;0.018511628046686747;1.0042888619287933;0.013890281510032286;0.00019293992042794482;1.0087298262436162;0.04586263380131117;6.763866166777362;1.0471738149291794;1.0965729986733312;3.1513041337572885;-1.5760049953044786;0.02677315856187817;0.505441198820979;0;53.73329077000001;86.84343733
-0.0265116753339451;0.01677606599290959;-0.0876924645661262;0.020877582917723233;0.962867192442305;0.013972174742041701;0.00019522166702214808;1.0087298262436162;0.04586263380131117;6.763866166777362;1.187309906782768;1.4097048147445048;3.562239311471677;-1.396928528712299;0.04275398216744972;0.6845176654131586;0;53.73329291;86.84311691
-0.0418068726419904;0.016520351632566457;-0.0723972672580809;0.0232942229023508;1.0058256341644423;0.018881204417912308;0.0003564998802709912;1.0388816081202463;0.07601441567794132;6.763866166777362;1.3446397228684237;1.8080559843156712;3.838282807230143;-1.199742073265118;0.0773331811517865;0.8817041208603396;0;53.73329546;86.84279434
-0.0601611094116447;0.015873052264117084;-0.0734169470786173;0.023597749912003696;1.003784023050393;0.020211818659603264;0.00040851761352868663;1.0388816081202463;0.07601441567794132;6.763866166777362;1.368828109541124;1.8736903934699274;3.838282807230143;-0.8995155278862518;0.1404869230471713;1.181930666239206;0;53.73330036;86.84247156
-0.0193739165901906;0.016247556203825186;-0.0622004690527174;0.020328061657722486;0.9871627723866726;0.02032761841661719;0.0004132120704915944;1.0388816081202463;0.07601441567794132;6.763866166777362;1.1947160801863073;1.427346512255735;3.838282807230143;-0.6187369663635527;0.2279778570276941;1.462709227761905;0;53.73331213;86.84213773
-0.0224329560517997;0.016196280051240276;-0.0560823901294993;0.019059498264483332;1.0041635820102321;0.02034408074466599;0.00041388162134548944;1.0388816081202463;0.07601441567794132;6.763866166777362;1.1257064083092188;1.2672149177084415;3.838282807230143;-0.4020524123580083;0.3096732757617907;1.6793937817674494;0;53.73332959;86.84179679
-0.0326297542571632;0.017211575846290607;-0.0530233506678902;0.011260680053484802;1.0388816081202463;0.020343513988962766;0.0004138585614191238;1.0388816081202463;0.07601441567794132;5.225414324123153;0.702404624007926;0.4933722558277159;2.2998309645759343;-0.4020524123580083;0.30341105408362673;1.4976367439549727;0;53.73335567;86.84144399
-0.0050983991026817;0.017375246402401737;-0.0672988681553992;0.00912092690774681;1.0254721025909426;0.01407145150255279;0.0001980057473886952;1.0388816081202463;0.05171883573357372;4.773288971214256;0.5378334535728624;0.28926482378211227;1.847705611667037;-0.4020524123580083;0.270445363011505;1.3538404476455193;0;53.73339277;86.84108173
-0.0158050372183134;0.018964171501705252;-0.0601611094116447;0.009353088461526873;1.0124153640392093;0.014232536564031454;0.00020256509704649224;1.0388816081202463;0.05171883573357372;4.773288971214256;0.552656952664924;0.3054297073288801;1.847705611667037;-0.4020524123580083;0.21881710400612286;1.2185727234102512;0;53.73344334000001;86.84074318
-0.0183542367696543;0.01799316788423608;-0.0693382277964719;0.009005728689330932;1.0023656206709282;0.01418857433790944;0.0002013156417423823;1.0388816081202463;0.05171883573357372;4.773288971214256;0.5317136786496519;0.2827194360631453;1.847705611667037;-0.4020524123580083;0.16481151708607583;1.1739525829464703;0;53.7335067;86.8404123
-0.0020393596410727;0.018291185271844982;-0.0836137452839808;0.010567483577288601;1.0048125905331187;0.01313003130598628;0.00017239772209617978;1.0388816081202463;0.04497148854171207;4.825771964038003;0.6335494772852103;0.4013849401683632;1.900188604490784;-0.4020524123580083;0.10264610321706129;0.9948761163542907;0;53.73358035;86.84008915000001
-0.0163148771285816;0.01855175971963672;-0.0622004690527174;0.01006351031162456;1.0125466826875842;0.013961924263244989;0.0001949353291325891;1.0388816081202463;0.04497148854171207;4.825771964038003;0.6133066344678888;0.3761450278823286;1.900188604490784;-0.4020524123580083;0.08433015955038108;0.8429747432996468;0;53.73366244;86.83977956
0.0101967982053635;0.016777098927695158;-0.0749464668094218;0.008598863186977323;1.0021446528860514;0.00965858219432084;9.328821000445156e-05;1.0254721025909426;0.03156198301240831;4.825771964038003;0.5183820673815027;0.2687199677827208;1.4190580437016336;-0.4020524123580083;0.08032913680880541;0.8429747432996468;0;53.733749780000004;86.83948034
0.029060874885286;0.01957000275049562;-0.0652595085143265;0.012203186262906259;1.004887737678389;0.008706601081938239;7.58049024000081e-05;1.0125466826875842;0.02824768679180445;4.825771964038003;0.7026553447356744;0.49372453348560935;2.2132340980619656;-0.4020524123580083;0.0966374279432737;0.8429747432996468;0;53.73383867;86.83918267
-0.023452635872336;0.020658200353931153;-0.0836137452839808;0.012115776909443923;0.9939101195785343;0.007767198059656996;6.0329365697939404e-05;1.0125466826875842;0.02824768679180445;4.825771964038003;0.6944327590147319;0.48223685679281275;2.2132340980619656;-0.4020524123580083;0.10381890279271987;0.8429747432996468;0;53.73392036;86.83888548
-0.0254919955134087;0.020731330413711637;-0.0764759865402263;0.01280015233802016;0.9944016733296666;0.008550240737616958;7.310661667120458e-05;1.0125466826875842;0.02824768679180445;4.825771964038003;0.7376108120402404;0.5440697100386628;2.2132340980619656;-0.4842474818688388;0.08254361481859586;0.7607796737888163;0;53.73399737;86.83854777
-0.0050983991026817;0.02771375826854888;-0.0795350260018354;0.013762949768354562;0.997377183145059;0.009809143814565671;9.621930237483195e-05;1.0125466826875842;0.02824768679180445;4.825771964038003;0.7884440657800833;0.6216440448638284;2.243579298259726;-0.5579477164678954;0.06032180254268937;0.6870794391897597;0;53.73406795;86.83820619000001
0.0244723156928724;0.0320135891561786;-0.0448659121035994;0.014666306135341452;0.9842989958957797;0.009977051460640726;9.954155584827325e-05;1.013597645196257;0.02929864930047721;4.825771964038003;0.8443753495636278;0.7129697309506986;2.243579298259726;-0.6616637977381957;0.03946347623127031;0.5833633579194594;0;53.734139049999996;86.83784209000001
-0.0275313551544814;0.0360607781851906;-0.061180789232181;0.015048580362805748;1.0025532235035008;0.01100351085905716;0.00012107725122538883;1.013650472441979;0.029351476546199295;4.825771964038003;0.871939537038829;0.7602785562514874;2.243579298259726;-0.6962356439921972;0.025752581044310177;0.5487915116654579;0;53.734214269999995;86.83747443
-0.0193739165901906;0.03141067189488663;-0.0571020699500356;0.0178281231177721;1.0112823381287386;0.010885952200003922;0.00011850395530077024;1.013650472441979;0.029351476546199295;4.825771964038003;1.0315652781855005;1.064126923157929;3.133431579018054;-0.9298511170946628;0.012198727179759832;0.31517603856299226;0;53.73429824;86.83709759999999
-0.0642398286937901;0.031449266844764054;-0.0443560721933312;0.02083804967644105;0.9845416583561716;0.012369176622533644;0.0001529965303194328;1.013650472441979;0.032969197247427307;4.573861372668447;1.195931124123719;1.4302512536478222;4.037685308771216;-0.9298511170946628;0.011584772081710899;0.31517603856299226;0;53.73439423;86.83670719
-0.0622004690527174;0.032022609635185766;-0.0489446313857448;0.020935949598741226;1.013597645196257;0.013412949418507597;0.00017990721210344327;1.015794064495251;0.035112789300699276;4.573861372668447;1.1993394840284186;1.4384151979495536;4.037685308771216;-0.9298511170946628;0.007886072063887672;0.2518138811276771;0;53.73450322;86.83629906
-0.0795350260018354;0.03096952814145858;-0.0458855919241358;0.018700386122524462;1.013650472441979;0.013369790621945689;0.00017875130127466689;1.015794064495251;0.035112789300699276;3.4986475489687816;1.0662019858569967;1.1367866746454034;2.962471485071551;-0.9005407995982158;0.008260676578434434;0.2811241986241242;0;53.73463153;86.83588209000001
-0.0086672784745589;0.040517252786170535;-0.0295707147955541;0.024644547712905286;1.0012900189458462;0.012749016769566652;0.00016253742859069172;1.015794064495251;0.035112789300699276;3.4986475489687816;1.40151607904256;1.9642473198148314;4.36142013159874;-0.8307592700436484;0.008122473557994194;0.31503390976289225;0;53.73477643;86.83545867000001
-0.037728153359845;0.05782385304355523;-0.0091771183848271;0.022374234731844345;0.9806812751945517;0.012959488776895615;0.00016794834935848343;1.015794064495251;0.035112789300699276;3.236928516262119;1.270071691814924;1.6130821023496233;4.099701098892077;-0.6884869674135292;0.012887518306469704;0.3871657747252899;0;53.73493733;86.83503589
-0.0112164780258998;0.057842830170323344;-0.0163148771285816;0.031407729382882874;1.015794064495251;0.035729347378967026;0.001276586264126898;1.108109101353854;0.12742782615930226;5.226869748793782;1.6611713073646703;2.759490112411648;6.0896423314237405;-0.6103885046403115;0.02062952365696802;0.4326858056801257;0;53.735097110000005;86.83463759
-0.0387478331803813;0.055311429866492456;-0.0132558376669725;0.03324705281435017;1.0001250269519684;0.034391178182816375;0.0011827531368022249;1.108109101353854;0.12742782615930226;5.226869748793782;1.767005162938511;3.122307245851354;6.0896423314237405;-0.4844624208321625;0.03340789887148955;0.5364819512724283;0;53.735250289999996;86.83424037
0.0652595085143265;0.05229943112086403;0.0152951973080452;0.034459210849264635;1.0157756398802207;0.036132746234350636;0.0013055753504359802;1.108109101353854;0.12742782615930226;5.226869748793782;1.855202885048474;3.4417777446921813;6.0896423314237405;-0.1055601145507165;0.08260264839511709;0.9153842575538743;1;53.73538855;86.83386407
0.1019679820536351;0.0460291610586475;-0.020393596410727;0.034721724114882634;0.9965689327422055;0.0364852203578807;0.0013311713045631123;1.108109101353854;0.12742782615930226;5.226869748793782;1.874155325988934;3.5124581859326875;6.0896423314237405;-0.1055601145507165;0.11070068820074812;0.9153842575538743;0;53.73550561;86.83347936999999
-0.0214132762312633;0.047023469716447386;-0.1009483022330988;0.03529918878094221;1.108109101353854;0.03670908088295033;0.0013475566192709893;1.108109101353854;0.12742782615930226;5.226869748793782;1.9063456753307768;3.634153833852355;6.0896423314237405;-0.0059526506385206;0.1397248313609224;1.0149917214660702;1;53.7355963;86.83307854
-0.0173345569491179;0.04595930214938774;-0.0672988681553992;0.03521940576432614;1.0240799322621492;0.03535485457505293;0.001249965742023141;1.108109101353854;0.12601291075725018;5.226869748793782;1.9025538997263165;3.6197113413638147;6.0896423314237405;-0.0059526506385206;0.14875870686107084;1.0149917214660702;0;53.73565544;86.83261288
-0.0050983991026817;0.04694417093167918;-0.0652595085143265;0.03505616447731463;0.9820961905966038;0.035357900529189745;0.0012501811298320765;1.108109101353854;0.12601291075725018;5.226869748793782;1.8929166498250187;3.5831334431847726;6.0896423314237405;-0.0059526506385206;0.12415708358187673;0.8945881489596952;0;53.73568623;86.83213167
-0.0224329560517997;0.04526786358168343;-0.0520036708473539;0.03804740465959663;0.9978357694342354;0.035064987467557804;0.001229553346099986;1.108109101353854;0.12601291075725018;5.226869748793782;2.0674326554628895;4.274277784874335;6.092271006152142;-0.0059526506385206;0.09279462859496043;0.8248066194051278;0;53.735684889999995;86.83162345
-0.0305903946160905;0.0392019410614771;-0.0152951973080452;0.035991632396774526;0.9957950055107948;0.03566968018881085;0.0012723260847720453;1.108109101353854;0.12601291075725018;5.226869748793782;1.9484603263852953;3.7964976434974917;6.092271006152142;-0.0059526506385206;0.06945518862538876;0.6825343167750086;0;53.73565644;86.83109836
-0.0224329560517997;0.01161619760758326;-0.0101967982053635;0.036483707630987565;1.0006093711735908;0.03512912257292322;0.001234055252743464;1.108109101353854;0.12601291075725018;5.226869748793782;1.9771229085946007;3.9090149956895734;6.092271006152142;-0.0059526506385206;0.08591731975671542;0.8470700914120048;0;53.735604460000005;86.83054974
-0.0316100744366268;0.011506780435022984;-0.0193739165901906;0.027623308475689824;1.0106731060180725;0.01520633919075101;0.00023123275158417006;1.0350091740432474;0.052912983446643636;3.810066252568594;1.5794719126730328;2.4947315229230087;4.675467509926953;-0.0059526506385206;0.1634943153193661;1.2262196541772918;0;53.73554666;86.82999274
-0.0081574385642908;0.02021265023559087;0.0152951973080452;0.02614329497742414;1.0126904333328255;0.014013539328892396;0.00019637928452241396;1.0350091740432474;0.052912983446643636;3.810066252568594;1.511255496847079;2.283893176750512;4.851005083451063;-0.0059526506385206;0.27214745202636303;1.4221169778460252;0;53.73548745000001;86.82941385000001
-0.0081574385642908;0.020693053101088356;-0.0020393596410727;0.01995408010723539;1.0350091740432474;0.011573847306606074;0.00013395394147663265;1.0350091740432474;0.03921416853245263;2.987406770952646;1.1405532581306732;1.3008617346324942;4.028345601835115;-0.0059526506385206;0.28481992627453395;1.4221169778460252;0;53.73542615;86.82880727
0.0040787192821454;0.020443386643643185;-0.0112164780258998;0.015084523216238639;1.0085339649796832;0.01131933775051718;0.00012812740711028335;1.0350091740432474;0.03921416853245263;1.4012883150262063;0.8580229888590908;0.7362034494106874;2.4422271459086753;-0.0059526506385206;0.26373800066885633;1.4221169778460252;0;53.73536363000001;86.82818155
-0.0183542367696543;0.01937570541957367;-0.0183542367696543;0.014949122879470532;0.9975846153279746;0.017413270073504128;0.0003032219746527945;1.0350091740432474;0.0692534107329753;1.4012883150262063;0.8504727103984066;0.7233038311324118;2.4422271459086753;-0.0084262143566328;0.21640456792531257;1.419643414127913;0;53.73530229000001;86.82754421
0.0367084735393086;0.024731527742099378;0.0183542367696543;0.01511856589938059;1.0103169613598935;0.01743820443873715;0.000304090974047192;1.0350091740432474;0.0692534107329753;1.4012883150262063;0.8603464189635268;0.7401959606233643;2.4422271459086753;-0.0870742370133373;0.17393329862778437;1.3409953914712085;0;53.735241710000004;86.82694859
-0.0265116753339451;0.027715165133691558;-0.0224329560517997;0.014731540690506039;1.013137470112244;0.018398486472392173;0.00033850430447479775;1.0350091740432474;0.0692534107329753;1.4012883150262063;0.839271631627379;0.7043768716544829;2.4422271459086753;-0.2329240211213002;0.15524186790181277;1.1951456073632456;0;53.73517921;86.82634849
-0.0152951973080452;0.02831455817126243;-0.0244723156928724;0.01386872851028267;1.0007221086623446;0.018350992734307583;0.0003367589343346098;1.0350091740432474;0.0692534107329753;1.4012883150262063;0.7910176209265598;0.6257088766163146;2.4422271459086753;-0.196190755121975;0.17705523920745864;1.2318788733625707;0;53.73511006;86.8257571
-0.0101967982053635;0.029728714211876527;-0.0112164780258998;0.01733155763134302;0.9657557633102721;0.015766294371872863;0.0002485760382205499;1.0252980737601949;0.05954231044992275;1.4012883150262063;0.9914666894538595;0.9830061962965958;2.9261545860718092;-0.0803775701382173;0.21650242873190817;1.3476920583463285;0;53.73503421;86.82516925
-0.0591414295911083;0.030246491099941597;-0.0010196798205363;0.018114749049619367;1.0122324137748944;0.016740610094671444;0.0002802480263418154;1.0252980737601949;0.05954231044992275;1.4012883150262063;1.0349043501034951;1.0710270138631377;2.9261545860718092;-0.0803775701382173;0.2454483290180125;1.3476920583463285;0;53.73495554;86.82458882
0.0326297542571632;0.03089497111776032;0.0010196798205363;0.01714356441034403;1.0252980737601949;0.016575622487116564;0.0002747512608354043;1.0252980737601949;0.05954231044992275;1.4012883150262063;0.9792026978270245;0.958837923431723;2.9261545860718092;-0.0803775701382173;0.20597481283415883;1.3476920583463285;0;53.734876570000004;86.82400297000001
-0.0254919955134087;0.02542188107596785;0.0091771183848271;0.01693882945996966;1.0047499851776915;0.01652559132690819;0.00027309516870398324;1.0252980737601949;0.05954231044992275;1.4012883150262063;0.9683223164093347;0.9376481084563397;2.9261545860718092;-0.0803775701382173;0.098647699747679;0.9991336965001122;0;53.73480049;86.82342000999999
-0.037728153359845;0.029052426017277623;0.0265116753339451;0.015026588979433146;0.9962751929972663;0.018412916206786943;0.0003390354832381573;1.0313772815835556;0.06562151827328344;1.4012883150262063;0.8608083958671768;0.7409910943954222;2.9261545860718092;-0.0803775701382173;0.04013198883896921;0.6076835463450033;0;53.73472219;86.82282715
-0.0387478331803813;0.04382435772444178;0.0163148771285816;0.010696652466072609;1.0215649953971093;0.018468560792682148;0.0003410877377529962;1.0313772815835556;0.06562151827328344;0.6654594516854313;0.6153104658574462;0.3786069693937074;2.190325722731034;-0.0803775701382173;0.02490778462883181;0.5018931398599655;0;53.73463196;86.82224796
0.0040787192821454;0.044304146217261364;0.0081574385642908;0.008242674682556206;1.008504582509304;0.01234818102341671;0.00015247757458706853;1.0313772815835556;0.03510208858628927;0.0577173376957456;0.4696561403990712;0.22057689021455212;1.5825836087413485;-0.0410856713892291;0.015878813555929985;0.3362384262064796;0;53.73451946;86.82170282
-0.0101967982053635;0.042485435555609456;0.0163148771285816;0.017661699625643113;1.0025298885046383;0.01248782951424711;0.00015594588597690124;1.0313772815835556;0.03510208858628927;-0.0569818292820285;0.9948986049277221;0.9898232340871276;3.558648449710526;-0.0410856713892291;0.0141727195969194;0.3294516226008471;0;53.734384850000005;86.82120468999999
0.0275313551544814;0.041170041902414356;0.0152951973080452;0.02194352658518581;1.0313772815835556;0.01263927476432733;0.00015975126656816166;1.0313772815835556;0.03510208858628927;-0.4092279433336594;1.2505916005335709;1.5639793513251186;3.3424049130078;-0.0410856713892291;0.014556894089618022;0.3294516226008471;0;53.73423119;86.82075919
0.0907515040277353;0.04029147680081233;0.0071377587437544;0.02170531938559453;0.99936217698088;0.013050202097604442;0.00017030777478831938;1.0313772815835556;0.03510208858628927;-0.4092279433336594;1.2387688074610201;1.5345481583383977;3.3424049130078;-0.0410856713892291;0.016767811771152132;0.3294516226008471;0;53.73405752;86.82036024
0.020393596410727;0.04074879513189945;0.0163148771285816;0.021710907333622912;1.0251109566465628;0.012380557712733484;0.00015327820927832456;1.0313772815835556;0.03400687458914353;-0.4092279433336594;1.2392513773842497;1.5357439763487601;3.3424049130078;-0.0410856713892291;0.01879269118497349;0.3546172094089273;0;53.73386557;86.81999933
-0.0458855919241358;0.039145465665079496;0.0642398286937901;0.021599943422476914;1.0186647338578045;0.011904412565850727;0.00014171503853798467;1.0313772815835556;0.03400687458914353;-0.4092279433336594;1.2325850206219793;1.5192658330616853;3.3424049130078;-0.0410856713892291;0.03592614157082601;0.6430478962376068;1;53.73365371999999;86.81967483999999
0.0071377587437544;0.03926377892355031;0.0652595085143264;0.02061474419918525;0.997370406994412;0.014181547622906849;0.0002011162929807749;1.0313772815835556;0.04557890748884319;-0.4092279433336594;1.1789361394244429;1.3898904208410092;3.3424049130078;-0.0410856713892291;0.04962642450872437;0.6430478962376068;1;53.73341662;86.81938654
-0.0040787192821454;0.04327590247012435;0.0397675130009177;0.020766616743977517;0.9990666566951794;0.015191475450974847;0.00023078092637757145;1.0313772815835556;0.04557890748884319;-0.4092279433336594;1.1827171756898858;1.39881991767186;3.3424049130078;-0.0410856713892291;0.057727607127111794;0.6430478962376068;1;53.73314827;86.81913354999999
-0.0418068726419904;0.04251302672509492;0.0295707147955541;0.022029961681412833;1.0036524643567535;0.01487566315369348;0.0002212853542621539;1.029265639200014;0.04346726510530152;-0.2838120056981172;1.2534016934454761;1.5710158051319871;3.467820850643342;-0.0410856713892291;0.059584616254954814;0.6430478962376068;1;53.73285593000001;86.81892825
-0.020393596410727;0.024599445461027547;0.0183542367696543;0.026037688328913487;1.0149523326247032;0.014722926305743473;0.00021676455900435316;1.029265639200014;0.04346726510530152;0.915716287725035;1.4791124896188803;2.1877737569465623;4.6673491440664945;-0.0410856713892291;0.08150565262661286;0.8826509331305976;1;53.732548099999995;86.8187433
-0.0071377587437544;0.02652038911407662;0.0387478331803813;0.025887787708111367;0.9857983740947124;0.017688149807027057;0.0003128706435958313;1.029265639200014;0.052770468912396784;0.915716287725035;1.4677072991481896;2.1541647159728736;4.6673491440664945;-0.0578845734046105;0.1751669497692654;1.5019816821451455;1;53.732234229999996;86.81856511
-0.0560823901294993;0.024570310880543848;0.0509839910268175;0.028855367522564783;1.0265603487739825;0.020754157714719265;0.0004307350624474412;1.0425940700588607;0.06609889977124361;1.4571067466592111;1.6354799015128283;2.6747945082524103;5.20873960300067;-0.2587474956129605;0.4030908310123312;2.0252643517020137;1;53.73191797;86.81837429
-0.0285510349750178;0.029718074230538256;0.0050983991026817;0.025383053528828955;1.029265639200014;0.03296309913898984;0.001086565904846873;1.0425940700588607;0.1136941561528958;1.4571067466592111;1.433524778323901;2.054993290068589;4.303865574648078;-0.3281536441645343;0.6779402885475836;2.327757062276258;0;53.731599900000006;86.81816374
-0.0071377587437544;0.03811085063862355;-0.0163148771285816;0.024332714701656002;1.0208548343640271;0.038700345375580675;0.0014977167321892284;1.0674864359365306;0.13858652203056565;1.4571067466592111;1.372414124804954;1.883520529964148;4.303865574648078;-0.3957028807981564;0.9192420849900422;2.500976228870587;0;53.73129127;86.81792422999999
0.0305903946160905;0.03856856455554377;0.0188640766799225;0.023586793245949977;0.9764951702876171;0.03870439654163895;0.001498030311652433;1.0674864359365306;0.13858652203056565;1.4571067466592111;1.329960595214253;1.76879518482265;4.303865574648078;-0.4920141540075864;1.1020556480639725;2.625173667350207;0;53.73099616;86.81765472000001
-0.0173345569491179;0.03926322723068518;-0.0265116753339451;0.02412051124718287;1.0425940700588607;0.038756115249881005;0.001502036469262059;1.0674864359365306;0.13858652203056565;1.4571067466592111;1.3623751829137378;1.8560661390192408;4.303865574648078;-0.4920141540075864;1.3695000665067452;3.1193293435602056;1;53.73071623;86.81735687
-0.0749464668094218;0.03872550261520074;-0.0020393596410727;0.021949382851071817;0.9288999139059649;0.0381108638423519;0.0014524379428102851;1.0674864359365306;0.13858652203056565;1.4571067466592111;1.228578361930197;1.5094047914030864;4.303865574648078;-0.4920141540075864;1.4418360287190695;3.1193293435602056;1;53.73045358;86.81702766
-0.1029876618741715;0.03808355869041987;-0.0010196798205363;0.015412670272349938;1.0674864359365306;0.03775517025069465;0.0014254528806589386;1.0674864359365306;0.13858652203056565;1.4571067466592111;0.8677309283258972;0.7529569639733233;2.6008127406505652;-0.4920141540075864;1.3796695566569661;3.402834141965703;1;53.73021156;86.81666532
-0.0101967982053635;0.03819684404296496;0.003059039461609;0.018117379591611023;1.0034214179873508;0.037150014146869303;0.0013801235511125896;1.0674864359365306;0.13858652203056565;1.4571067466592111;1.022243377504478;1.0449815228517625;3.1984875772491064;-0.9237366045198268;1.1214499965261253;3.358859425802649;0;53.729956709999996;86.81614679
-0.0050983991026817;0.03768100581272554;-0.0112164780258998;0.01784755273214525;1.000381779383382;0.0368850836911658;0.001360509398904305;1.0674864359365306;0.13858652203056565;1.4571067466592111;1.0063891260257993;1.012819072982972;3.1984875772491064;-1.559866255549756;0.8067436770499692;2.8037610147637197;0;53.729720699999994;86.81559846
-0.040787192821454;0.04371115377130509;0.020393596410727;0.01833660420435584;1.0217176537094868;0.03532347816138062;0.0012477481094175338;1.0674864359365306;0.13858652203056565;1.4571067466592111;1.0316765389888405;1.0643564810999924;3.1984875772491064;-2.284011847314974;0.5011441288108789;2.0796154229985016;0;53.729507590000004;86.81501415
-0.0448659121035994;0.07575398736412924;0.0152951973080452;0.014516666233079414;1.0095767461252922;0.03969422245564556;0.001575631296358276;1.074122828972081;0.14522291506611607;0.6424250530996917;0.8177428111752942;0.668703305228873;2.3838058836895866;-2.655910706440792;0.32908935062381645;1.7077165638726837;0;53.729332189999994;86.81441635
-0.0397675130009177;0.07737997156345566;0.0305903946160905;0.023168906702313436;1.0066553729664267;0.027918821307273838;0.0007794605831874876;1.074122828972081;0.07988689714201525;2.5864088980688806;1.3187087430798188;1.7389927490751553;4.327789728658775;-2.896679109668743;0.23530703428011573;1.4669481606447325;0;53.7292083;86.81382909999999
-0.0520036708473539;0.07840861557083668;0.0244723156928724;0.026963253728187277;1.0100997917059107;0.022320503039189577;0.0004982048559224712;1.074122828972081;0.07988689714201525;2.5864088980688806;1.5312095030073287;2.344602542099951;4.327789728658775;-2.686418878650344;0.27650698839685794;1.677208391663132;1;53.729132379999996;86.81327189999999
-0.1447945345161619;0.07920317378649579;0.0244723156928724;0.02761227560182137;1.0090096357022296;0.029015877939211364;0.0008419211725832126;1.075023051302115;0.0807871194720493;2.5864088980688806;1.5635557725074176;2.4447066537412674;4.327789728658775;-2.0053796507759385;0.5349221699787317;2.3582476195375373;1;53.729108;86.81274832
-0.2569593147751606;0.07578554900158825;0.0254919955134087;0.027501755939851248;1.074122828972081;0.02827031769955356;0.0007992108628336913;1.075023051302115;0.0807871194720493;2.5864088980688806;1.5568390120160132;2.423747709334996;4.327789728658775;-1.7035702300099682;0.8735617270424363;2.6600570403035073;1;53.72913294;86.81224846
-0.1274599775670439;0.08028968734477689;-0.0448659121035994;0.02740328257172517;0.9942359318300658;0.02829498809951193;0.0008006063515515218;1.075023051302115;0.0807871194720493;2.5864088980688806;1.5496618116352756;2.4014517304407246;4.327789728658775;-1.6597117247989577;1.1461734281559341;2.7039155455145183;1;53.72920084;86.81178388000001
-0.0341592739879677;0.08188608478299521;-0.0351789538085041;0.027664472914904325;1.0111824744173186;0.0307072459160268;0.0009429349517473445;1.075023051302115;0.09168737379602221;2.5864088980688806;1.5668862960447958;2.455132664732979;4.327789728658775;-1.6109683937542727;1.2978981188078906;2.7526588765592033;1;53.72932340999999;86.81135861
-0.0020393596410727;0.08741221410345773;0.0244723156928724;0.03247181733374558;1.075023051302115;0.05891690983130251;0.0034712022640698303;1.075023051302115;0.2136880933650176;2.5864088980688806;1.9647045325971424;3.860063900407756;6.795582008802306;-1.2689759354208137;1.3053955136058857;3.094651334892662;1;53.72955255000001;86.81108087
-0.0560823901294993;0.08744908007220242;-0.0096869582950953;0.03244761544101182;1.0131222043140107;0.05930677644126768;0.0035172937318545035;1.075023051302115;0.2136880933650176;2.5864088980688806;1.9692852780694299;3.878084506420992;6.795582008802306;-0.8854695783275413;1.1800612099693057;3.14102043376868;1;53.72981833;86.81082697000001
0.0101967982053635;0.09105348433599006;-0.0061180789232181;0.03336862289937115;1.0187295459868217;0.05965136700646265;0.0035582855857397002;1.075023051302115;0.2136880933650176;2.5864088980688806;2.02343904026855;4.094305549682911;6.795582008802306;-0.4969041550563604;1.0626500053504677;3.276031870138313;1;53.730113089999996;86.81059949
-0.0173345569491179;0.06607408528863747;0.020393596410727;0.03717149047043946;0.9833356775060929;0.054384015631450906;0.002957621156201896;1.075023051302115;0.2136880933650176;3.5411733877125067;2.2476957957953103;5.052136390435913;7.750346498445932;-0.2294405323199037;0.8714294722151547;3.0354837813131086;1;53.7304177;86.81037674
0.0275313551544814;0.056502311441202956;0.0632201488732537;0.040457437950596;0.8613349579370975;0.054380543842978656;0.0029572435486581237;1.075023051302115;0.2136880933650176;3.996187450977865;2.4327418592877237;5.91823295393069;8.205360561711291;0.0991631916872036;0.744410052638763;2.7855820703375476;1;53.73070667;86.81013322999999
-0.0499643112062812;0.05434637295212083;-0.0101967982053635;0.04595606565957812;0.9822565708133961;0.054902280684775345;0.003014260424389856;1.075023051302115;0.2136880933650176;4.626239704761283;2.7254744734381733;7.428211105363088;8.83541281549471;0.5159059463702746;0.7439794334232581;2.521285597146213;1;53.730971450000006;86.80986553
0.0632201488732537;0.05494509071411524;-0.0295707147955541;0.04927634896188217;1.0230829313530145;0.04790818613734859;0.00229519429897084;1.024036273491089;0.1627013155539916;5.331612441405739;2.939285842345955;8.63940126301537;9.540785552139166;0.666581050152744;0.8161447995292083;2.3701512801627125;1;53.731200879999996;86.80957271999999
0.1080860609768532;0.05817241352822922;-0.0622004690527174;0.05067317423350851;1.0070374633821313;0.04733038941762757;0.002240165762424272;1.024036273491089;0.1627013155539916;5.331612441405739;3.0270936762070453;9.163296124532684;9.540785552139166;0.666581050152744;0.7970494195170549;2.3262927749517015;1;53.73139383;86.80927670999999
0.0825940654634444;0.06719140698468605;-0.0693382277964719;0.05115150979686139;0.9949509846977422;0.0464284537487836;0.0021556013175029376;1.024036273491089;0.1627013155539916;5.331612441405739;3.063105515425232;9.382615398628475;9.540785552139166;0.666581050152744;0.6737688379124027;2.2775494439070165;0;53.731556;86.80896528
-0.0010196798205363;0.07338082453181353;-0.0825940654634444;0.048125814949669526;1.024036273491089;0.04670849242308915;0.0021816832644377766;1.024036273491089;0.1627013155539916;5.331612441405739;2.8993411778408955;8.40617926552383;9.540785552139166;0.666581050152744;0.43554292003201384;1.9355569855735577;0;53.73167415;86.80862263
-0.0142755174875089;0.07251892024418181;-0.092790863668808;0.04762340222669218;0.9986107180497258;0.01319133777763136;0.00017401139236356426;1.024036273491089;0.04177970267769293;5.331612441405739;2.7097061192609777;7.342507252760388;8.782344370491634;0.666581050152744;0.27127363102115454;1.5520506284802853;0;53.73173025;86.80826400999999
-0.0764759865402263;0.07139449917077324;-0.0723972672580809;0.052204442344586155;0.9967076855287227;0.010630421762251941;0.00011300586684335969;1.024036273491089;0.02908528879334682;5.331612441405739;2.971113913741592;8.827517888428881;8.782344370491634;0.666581050152744;0.2666778012685576;1.5294579880287151;1;53.73176361000001;86.80788521
-0.092790863668808;0.06778088903743067;-0.07545630671969;0.05846717592857745;1.0013556960581134;0.013601424876272831;0.00018499875866489338;1.0378988257312647;0.04294784103352245;5.331612441405739;3.318524723304538;11.01260633918346;8.782344370491634;0.666581050152744;0.4142771030391907;1.91893330927443;0;53.731778500000004;86.80749562
-0.0907515040277353;0.05457684825265586;-0.0071377587437544;0.06743340351726676;1.004439487750619;0.01370843297330581;0.000187921134583618;1.0378988257312647;0.04294784103352245;5.331612441405739;3.8382160282705553;14.731902279672997;9.993712844208833;0.666581050152744;0.6139099798900703;2.1076091976478883;0;53.73177553000001;86.80706257
-0.0081574385642908;0.04332486112563454;0.061180789232181;0.07446385994007958;1.0164571282121881;0.012979779685199313;0.00016847468067631276;1.0378988257312647;0.041191140202542;5.331612441405739;4.242576081234955;17.999451805066947;11.16356264995174;0.666581050152744;0.7723649843873713;2.1390198475596263;0;53.73176414999999;86.80662879
0.020393596410727;0.04271905443487966;0.0295707147955541;0.07081992625940468;1.0121599948518591;0.013120283228673969;0.00017214183200062343;1.0378988257312647;0.041191140202542;5.331612441405739;4.044473575373083;16.35776650189113;11.16356264995174;0.666581050152744;0.8939476702985528;2.505656893901071;0;53.731748360000005;86.80619060000001
-0.0010196798205363;0.046392630431640006;0.0428265524625267;0.061128366560035195;1.0378988257312647;0.019942847474450045;0.00039771716538917855;1.0604081840440762;0.06370049851535353;4.321571153685418;3.482454033271415;12.127486093848347;10.153521362231418;0.5361293103075683;0.8809121411403833;2.5171795494102236;1;53.73172889999999;86.80574106
-0.003059039461609;0.044732016124500965;0.0815743856429081;0.04994338142037993;1.003631226888139;0.020262626735125158;0.00041057404220700886;1.0604081840440762;0.06649250698096854;4.321571153685418;2.843827169728898;8.087352971288276;10.153521362231418;0.4927525575794571;0.7388045198922137;2.4738027966821123;1;53.731705569999995;86.80527997
0.0101967982053635;0.03453273213780656;0.1019679820536351;0.032164213793955086;1.003512599590336;0.020272655784450866;0.00041098057255482915;1.0604081840440762;0.06649250698096854;0.4071593144773167;1.8221336965162116;3.3201712079798336;6.239109523023316;0.0498913339841156;0.4501398152182337;2.030941573086771;1;53.731672460000006;86.80480398
-0.0132558376669725;0.022090595146042;0.061180789232181;0.024000653230992233;1.025161796043535;0.020771262864715354;0.00043144536099510314;1.0604081840440762;0.06649250698096854;-1.67416048769578;1.3719481353736551;1.882241686155249;4.15778972085022;-0.3476686473984693;0.24205294700778962;1.6333815917041858;1;53.731629;86.80432532
0.0305903946160905;0.05037139904598516;0.0571020699500356;0.026870062758438628;1.0604081840440762;0.025475453701611014;0.0006489987413029264;1.0604081840440762;0.08827408529687275;-1.5026231446644305;1.5224305036501742;2.317794638444523;4.3293270638815695;-0.8628769378759711;0.11226886529142655;1.1181733012266841;1;53.73156563;86.80382163
0.02931579484042;0.07199101313466433;0.0336494340776995;0.037134798454708615;0.9939156770631077;0.02682146569784463;0.0007193910221806561;1.0604081840440762;0.08827408529687275;1.3470404560944782;2.092708435006347;4.379428593946713;7.178990664640478;-1.252352259121686;0.06470706023162003;0.7286979799809692;1;53.731501820000005;86.80332518
-0.0045885591924135;0.07168792021418588;0.0897318242071989;0.04960171438707774;1.033788520434369;0.025851389060249846;0.0006682943163444054;1.0604081840440762;0.08827408529687275;2.778514972015034;2.8010638399397014;7.845958635417746;8.610465180561034;-1.2849003297582615;0.0554595817891503;0.6961499093443937;1;53.73144917;86.80282709000001
-0.0428265524625267;0.07282181160505194;0.0764759865402263;0.0482049673315606;0.9990598920034324;0.025585500808607275;0.0006546178516272435;1.0604081840440762;0.08827408529687275;2.778514972015034;2.717587968762683;7.385284367963686;8.610465180561034;-1.2849003297582615;0.05343674764904867;0.6961499093443937;1;53.731409330000005;86.80237253
-0.1407158152340165;0.07241282906718516;0.0254919955134087;0.04348522332654671;0.9721340987472035;0.026178203874350648;0.0006852983580870674;1.0604081840440762;0.08827408529687275;2.778514972015034;2.434583578948766;5.927197202886982;7.75799816458908;-1.2849003297582615;0.05360646945636777;0.6961499093443937;1;53.731382399999994;86.80191296000001
-0.1815030080554706;0.07573589924969083;-0.0244723156928724;0.04251465716965706;1.0410151947090411;0.028040336258522848;0.0007862604574910312;1.0604081840440762;0.08827408529687275;2.778514972015034;2.3804143178295365;5.666372324527858;7.75799816458908;-1.2849003297582615;0.05153448338638075;0.6961499093443937;1;53.73136564;86.80143796
-0.0081574385642908;0.07326119907324291;-0.0489446313857448;0.04202887186524658;1.00968333349262;0.024970080924754064;0.0006235049413887667;1.0506102183881851;0.07847611964098167;2.778514972015034;2.3615550284627624;5.576942152457759;7.75799816458908;-1.0155673112178474;0.04769736960580548;0.852576347778293;0;53.73134924;86.80095308
0.0163148771285816;0.06992326273123192;0.0254919955134087;0.04198142891417284;1.0140135211686403;0.023730611096667093;0.0005631419030212593;1.0506102183881851;0.07847611964098167;2.778514972015034;2.3581207984339385;5.560733700006716;7.75799816458908;-1.0138432748497537;0.03790933041253553;0.560236016906883;1;53.731333819999996;86.80045126
0.003059039461609;0.06871436625182213;0.0540430304884266;0.036560415796544815;1.0384261292833386;0.023239755098883458;0.0005400862170560797;1.0506102183881851;0.07847611964098167;2.778514972015034;2.06701010781898;4.272530785825832;7.168684000857378;-1.0138432748497537;0.037853113747503865;0.560236016906883;1;53.73133227000001;86.79994282999999
0.0397675130009177;0.07110588403317056;0.0356887937187723;0.03070743389847729;1.0506102183881851;0.02617942025555009;0.0006853620449167063;1.0506102183881851;0.07847611964098167;2.778514972015034;1.7205987696097584;2.9604601259826144;5.7617190339145665;-1.0138432748497537;0.038132319127715794;0.560236016906883;1;53.731346009999996;86.79942665
-0.0479249515652085;0.06452746459478434;0.0112164780258998;0.03503457233121117;1.0330891523985426;0.02104704782257055;0.00044297822204557167;1.0506102183881851;0.07366701401099873;2.778514972015034;1.9580646739470808;3.834017267359488;5.7617190339145665;-1.0138432748497537;0.038263199111424624;0.560236016906883;1;53.73138053;86.79889285
-0.0520036708473539;0.03353146628981904;0.0285510349750178;0.03400105164705544;1.0091889203086888;0.02097716501096406;0.00044004145189721475;1.0506102183881851;0.07366701401099873;2.778514972015034;1.9032439157377696;3.622337402792838;5.7617190339145665;-1.0138432748497537;0.04049552249850019;0.560236016906883;1;53.731413759999995;86.79834496
-0.0397675130009177;0.034118919531596716;-0.003059039461609;0.028686066020026553;1.019440677575635;0.021165761149443983;0.00044798944503531235;1.0506102183881851;0.07366701401099873;2.692317008245257;1.6014248285473385;2.564561481487872;5.675521070144789;-0.7786435952458608;0.05947566405358546;0.7954356965107758;0;53.73143331;86.79778338999999
0.0122361578464362;0.033627797549623764;-0.0050983991026817;0.028534035250393518;0.9769432043771864;0.021237113370129727;0.0004510149842957428;1.0506102183881851;0.07366701401099873;2.692317008245257;1.5920532706270372;2.5346336165142462;5.675521070144789;-0.6039626118619486;0.07492597159483948;0.8617303982439248;0;53.73143868;86.7972102
0.0316100744366269;0.03888488977941497;-0.0479249515652085;0.026449724947359043;1.0202766683951863;0.019965691449605694;0.00039862883506085797;1.0506102183881851;0.07366701401099873;2.692317008245257;1.4817338798309394;2.195535290638849;4.639005407187837;-0.6039626118619486;0.06406100820104521;0.80384512700718;0;53.731422380000005;86.79664606
-0.0326297542571632;0.03943948490550648;-0.0081574385642908;0.0277457858370825;0.997813887150847;0.015974199749180712;0.0002551750576267251;1.0330891523985426;0.056145948021356196;2.692317008245257;1.5620807592450838;2.440096298403698;4.313492260200748;-0.6039626118619486;0.06327925979725917;0.80384512700718;0;53.731383660000006;86.79610814
0.0122361578464362;0.039131149561357666;0.0224329560517997;0.0324139519226109;1.0057289762481711;0.01469714671252864;0.0002160061214895914;1.023017378675006;0.04607417429781968;3.547908545087751;1.823889739017299;3.3265737800925907;5.169083797043243;-0.6039626118619486;0.06380031512689176;0.80384512700718;1;53.73132756;86.79560404
0.0081574385642908;0.03975865154793545;0.0224329560517997;0.02984022916032479;1.023017378675006;0.016406286941249713;0.0002691662511986208;1.023017378675006;0.04607417429781968;3.547908545087751;1.6823074959324216;2.830158510870415;4.826006657343883;-0.6039626118619486;0.0669095741087204;0.80384512700718;0;53.731258319999995;86.79513288000001
0.0550627103089629;0.04091007739619532;-0.0275313551544814;0.03160842974896797;1.0195008510218944;0.017172405429821996;0.00029489150824618;1.0277998296955624;0.05085662531837598;3.547908545087751;1.7770175757463962;3.1577914645115985;4.826006657343883;-0.6039626118619486;0.06602034615792415;0.80384512700718;0;53.731167570000004;86.79469397
-0.0560823901294993;0.05328644207150131;-0.0458855919241358;0.031776112969246116;1.0207256032153262;0.01400663038220686;0.0001961856946637603;1.0277998296955624;0.039317141681930234;3.547908545087751;1.7926780877688009;3.2136947263664046;4.826006657343883;-0.6039626118619486;0.053994483627233726;0.6884816869570916;0;53.73105674;86.79428362000002
-0.0448659121035994;0.049817386146954294;-0.0632201488732537;0.034795551898419;1.021605706510887;0.01527880659941993;0.000233441931102478;1.0277998296955624;0.039317141681930234;4.46180453746089;1.9801347009685135;3.9209334339796644;5.739902649717022;-0.6039626118619486;0.047517840068486174;0.6884816869570916;0;53.73091559000001;86.79388646999999
-0.0571020699500356;0.05398517490951399;-0.0397675130009177;0.0372452701058188;0.9884826880136321;0.01481707533686466;0.00021954572153832296;1.0277998296955624;0.039317141681930234;4.847629298715349;2.116055101821093;4.477689193943077;6.12572741097148;-0.6039626118619486;0.04748533336488545;0.6884816869570916;0;53.73076803;86.79351619
-0.0520036708473539;0.05773545242874996;-0.0591414295911083;0.03739478701244588;1.0277998296955624;0.016549476197170596;0.00027388516240071616;1.0277998296955624;0.0407197423079555;6.882353027131727;2.1539518444698316;4.63950854829499;8.138848527030856;-0.6039626118619486;0.04207041771398554;0.6884816869570916;0;53.730614349999996;86.79318075
-0.1264402977465075;0.057940090085116046;-0.0520036708473539;0.027916030695072817;0.9944534292100085;0.029002242023015542;0.0008411300423615686;1.0277998296955624;0.09782332301898922;6.882353027131727;1.6841459852672667;2.8363476996918524;5.334907293185772;-0.8592847250573785;0.02466457364098514;0.4331595737616616;1;53.730456079999996;86.79286888
-0.0560823901294993;0.05391193776237421;-0.0769858264504945;0.024325591923734468;0.9896050445246442;0.028181860319003764;0.0007942172510398389;1.0277998296955624;0.09782332301898922;6.882353027131727;1.4787811844146987;2.1867937913789395;4.576672038288921;-0.5300411403252899;0.04897364445762284;0.7624031584937502;0;53.730291609999995;86.79255081
0.0305903946160905;0.053373526345977175;-0.0856531049250535;0.0227449940155657;1.0135719999095163;0.02716165967543136;0.0007377557563239541;1.0277998296955624;0.09782332301898922;6.882353027131727;1.3835672109777926;1.9142582272928677;4.576672038288921;-0.5300411403252899;0.0489049308671958;0.7217867988218384;0;53.73013138;86.79223186
0.0458855919241358;0.053102164762995174;-0.1182828591822167;0.02374641678299631;0.9870800873876069;0.027721636412354304;0.000768489125378768;1.0277998296955624;0.09782332301898922;6.882353027131727;1.4250645982563068;2.030809109203409;4.576672038288921;-0.4919681099093735;0.06347635930431844;0.7598598292377547;0;53.72997943;86.79191351
0.0112164780258998;0.0520048926715655;-0.0968695829509534;0.022179761541375125;0.9299765066765732;0.027923055255817945;0.0007796970148194623;1.0277998296955624;0.09782332301898922;6.882353027131727;1.340733961488384;1.7975675554883357;3.9035085744156124;-0.2196811337847772;0.08553124869510993;0.9371682415237598;0;53.729827349999994;86.79158735
0.0244723156928724;0.05006986720667973;-0.0693382277964719;0.030706493334646173;1.0030047784227514;0.027364865687614565;0.000748835874101185;1.0238246797620032;0.09384817308543003;6.882353027131727;1.8192361944208868;3.3096203310909904;6.568500431803282;0.0678006007205606;0.13303302842023454;1.1123377057109702;0;53.72966974999999;86.79125823
-0.0050983991026817;0.03580691347733666;-0.0693382277964719;0.033109687495218136;1.004753607081421;0.02861937352778374;0.0008190685411228088;1.0238246797620032;0.09384817308543003;6.882353027131727;1.9620479147224232;3.84963201966661;6.568500431803282;0.1607749935275934;0.18514601791733865;1.2053120985180028;0;53.729501240000005;86.79092843999999
-0.003059039461609;0.0336950655672864;-0.0499643112062812;0.046594675745952385;0.9598052839653357;0.028814905078106558;0.000830298754660291;1.0238246797620032;0.09384817308543003;6.882353027131727;2.7393092730109947;7.503815293204023;9.262601334999136;0.2738498829357776;0.2261092831387603;1.3183869879261871;0;53.729329410000005;86.79063885000001
0.0112164780258998;0.03307215696212401;-0.0520036708473539;0.05018489940740013;1.0007013285132347;0.028520056475757307;0.0008133936213803863;1.0238246797620032;0.09384817308543003;6.882353027131727;2.96141560585817;8.769982390620312;9.262601334999136;0.2738498829357776;0.2205804962870031;1.3183869879261871;0;53.729137;86.7903594
-0.0101967982053635;0.029907517970595484;-0.0056082390129499;0.045630624497849374;1.0238246797620032;0.02890818075027602;0.0008356829142906291;1.0238246797620032;0.09384817308543003;5.978972824638689;2.7063616296828457;7.324393270619589;8.359221132506098;0.2738498829357776;0.1768242203487934;1.1462783128710428;0;53.72892392;86.79009512
-0.0662791883348628;0.029709860863842096;-0.0265116753339451;0.04786467903208556;1.0170896029621515;0.02155653676141266;0.00046468427714613534;1.0238246797620032;0.06401939579666749;3.9640478938858736;2.7544881729196704;7.587205094754343;7.735693768812708;0.2738498829357776;0.1201031276135872;0.9407378527304266;0;53.72868910999999;86.78985263000001
0.0509839910268175;0.029186522784603805;0.040787192821454;0.04516758316996447;0.9820850741655206;0.022166903380407086;0.0004913716054763031;1.0238246797620032;0.06401939579666749;3.957137250511748;2.599931533129269;6.759643976959912;7.728783125438582;0.2738498829357776;0.09872435364149541;0.9407378527304266;0;53.728435649999994;86.78965293
-0.0061180789232181;0.02989689332114474;0.0193739165901906;0.043906002221533624;0.9699283213562909;0.024816215069132008;0.0006158445303574146;1.0238246797620032;0.06667550519192411;2.9839788806200582;2.5596277705053154;6.551694323542012;7.19946638737376;0.2738498829357776;0.05542294833031807;0.7658179928451512;0;53.728157599999996;86.78947728
0.0071377587437544;0.03033706935638872;0.0173345569491179;0.03962286793005652;0.9729551671281478;0.026459691671883133;0.0007001152833711216;1.038379569094698;0.08123039452461889;2.978844452716115;2.282288773749248;5.208842046781846;7.1943319594698165;0.2738498829357776;0.0271093040129616;0.49353101672055477;0;53.72785823;86.78932639000001
0.0010196798205363;0.03304909384467248;0.0662791883348628;0.030167514658902456;1.0075871094562465;0.02660329910559717;0.0007077355233018673;1.038379569094698;0.08123039452461889;1.493653230663346;1.7394037654568824;3.025525459285581;5.709140737417048;0.2738498829357776;0.019172087403821477;0.419535524787469;0;53.7275403;86.78920045999999
-0.0224329560517997;0.037140397884869364;0.0311002345263587;0.028138616401755724;1.0122489769494698;0.02769149320117652;0.0007668187957108055;1.038379569094698;0.08123039452461889;1.493653230663346;1.6255363362994961;2.6423683806299887;5.709140737417048;0.2738498829357776;0.01990923663928579;0.419535524787469;0;53.72721197;86.78909741
0.0163148771285816;0.030107714703193362;0.0703579076170082;0.027906510773586593;0.9571491745700791;0.028887665335344145;0.0008344972085268438;1.038379569094698;0.08123039452461889;1.417920052625889;1.6085277976817465;2.5873616759148894;5.633407559379591;0.2738498829357776;0.023342048607323314;0.419535524787469;1;53.72688063;86.78902975
-0.0183542367696543;0.02605016420963425;0.0499643112062812;0.03591246285215912;1.038379569094698;0.037364542502983385;0.001396109036457252;1.0810136711493137;0.1238644965792346;2.21639645275636;2.0308545235469193;4.124370095810985;6.431883959510062;0.2704154852742392;0.022909460730230022;0.4161011271259306;1;53.726553450000004;86.78901489
-0.0499643112062812;0.02970524288547532;0.0295707147955541;0.0379388881029503;1.0070792779900537;0.03983688818740932;0.0015869776604561523;1.0810136711493137;0.1238644965792346;2.21639645275636;2.1446838332856273;4.599668744756732;6.431883959510062;0.3017143255361692;0.027650768342732678;0.4473999673878606;0;53.72622938000001;86.78904666000001
0.0438462322830631;0.02962930786952861;0.0152951973080452;0.04056569617557808;1.0329603194643144;0.036158091218876795;0.001307407560592615;1.0810136711493137;0.1238644965792346;2.21639645275636;2.2981638446650567;5.281557056925674;6.431883959510062;0.3017143255361692;0.027589147559677424;0.4473999673878606;1;53.72590783;86.78912191
0.0020393596410727;0.029619948567272895;-0.0254919955134087;0.03644097377787927;1.0301940839734371;0.03679867486717882;0.001354142471980338;1.0810136711493137;0.1238644965792346;2.21639645275636;2.068870416557893;4.28022480050843;6.431883959510062;0.3017143255361692;0.03672482127231803;0.5270324651108618;1;53.725596169999996;86.78923009
-0.0280411950647496;0.03375745148097308;-0.0418068726419904;0.036050484872416744;1.0810136711493137;0.036534746124024006;0.0013347876743468874;1.0810136711493137;0.1238644965792346;2.21639645275636;2.051464940607544;4.208508402541914;6.431883959510062;0.3017143255361692;0.044580399127218284;0.5744538703608191;1;53.72530128999999;86.78937297
0.0397675130009177;0.033939368811379364;-0.0152951973080452;0.028550225693849313;1.0786434179593556;0.03495348096505701;0.0012217458315746026;1.0810136711493137;0.11610503690665375;2.21639645275636;1.579106272273627;2.493576619133911;4.974395629668128;0.3017143255361692;0.09367379700392976;0.9442729389154172;0;53.725024440000006;86.78955436
0.0040787192821454;0.03401485224919326;-0.0254919955134087;0.021594326760418184;1.014909817917141;0.03579302977316704;0.0012811409803428224;1.0810136711493137;0.11610503690665375;2.21639645275636;1.1972769486772903;1.433472091834003;3.89900550606819;0.3017143255361692;0.1756409025194951;1.197818364250091;0;53.72476494;86.78977613999999
-0.0020393596410727;0.03233817019156589;0.0061180789232181;0.01633044813975346;0.9982873751361775;0.03529075555890207;0.0012454374279181775;1.0810136711493137;0.11610503690665375;2.21639645275636;0.8945633859371703;0.8002436514593748;3.064814598892466;0.3017143255361692;0.315756339678507;1.5827756149724945;0;53.724523469999994;86.79004411
0.0571020699500356;0.029934207822878055;-0.0101967982053635;0.014127462646051503;1.0233644044174333;0.0356413541687928;0.0012703061269853236;1.0810136711493137;0.11610503690665375;2.21639645275636;0.7715115228452193;0.5952300298829493;2.5675401255543266;0.3017143255361692;0.49000455201577353;1.9312276743591088;0;53.72429976000001;86.79036312000001
-0.0101967982053635;0.03001976375994441;-0.0214132762312633;0.01573232283676823;0.9649086342426599;0.036517963613861296;0.0013335616665032975;1.0810136711493137;0.11610503690665375;2.21639645275636;0.8588232925696958;0.7375774478602533;2.7160328267816616;0.3017143255361692;0.5660042867212159;1.9312276743591088;1;53.724093489999994;86.79071237000001
-0.0193739165901906;0.028984945702247755;-0.0193739165901906;0.018107094390900497;1.053175871953637;0.0329496069415431;0.0010856765976021852;1.0786434179593556;0.11373478371669565;1.4392780025858205;1.005203991608947;1.01043506474656;3.27241601782245;0.3017143255361692;0.5907970210608062;2.0280942813486855;0;53.72390315;86.79108011
-0.0397675130009177;0.026621477505956486;-0.0112164780258998;0.02483896695358693;1.0164412729412062;0.03028606824049323;0.0009172459294678125;1.053175871953637;0.08826723771097711;1.4392780025858205;1.418164006191636;2.011189148457511;4.420530553827807;0.2241077197883053;0.5484497453330698;2.1222463375645324;0;53.72372612;86.79145348
-0.0193739165901906;0.034013790863208514;0.003059039461609;0.02449803021548942;1.0127320145357679;0.031170022632452946;0.0009715703109076288;1.053175871953637;0.08826723771097711;1.2716137432697123;1.3942459507984533;1.9439217713178831;4.2528662945116995;-0.2253181395746925;0.3991474956815611;1.6728204782015346;0;53.72355764;86.7918354
-0.0101967982053635;0.034700589722010775;0.0091771183848271;0.024657845611098912;1.0523989905913054;0.058344785140886646;0.003404113953136227;1.053175871953637;0.1891531980029555;1.2716137432697123;1.410169332071165;1.9885775451140357;4.2528662945116995;-0.2727395448246499;0.30261043793565484;1.625399072951577;1;53.72339339;86.79221899
-0.0132558376669725;0.024010037745079316;0.0336494340776996;0.02435045322671832;1.051911804724283;0.05808813344210771;0.003374231246788112;1.053175871953637;0.1891531980029555;1.2716137432697123;1.3936895107506695;1.9423704523764402;4.2528662945116995;-0.642558613379248;0.1653268306984098;1.255580004396979;1;53.72323033;86.79260633
-0.0336494340776995;0.025067503377413106;0.0509839910268175;0.0290844193552352;0.9802879838226778;0.057951885208249135;0.003358420999190085;1.053175871953637;0.1891531980029555;1.0540559266549374;1.618770068298594;2.6204165340194345;5.015127944466082;-0.8961040387139219;0.08761620311918242;1.002034579062305;1;53.723068;86.79299184
-0.078515346181299;0.024345055913400027;0.0316100744366268;0.031105156088718843;1.0404627218230524;0.05622217119584524;0.0031609325339749302;1.0523989905913054;0.18837631664062382;0.6322744979701672;1.7365372421529648;3.015561593384225;4.932473704168824;-0.9535431246364372;0.07974772182307836;0.9445954931397897;1;53.72290616;86.79335992000001
-0.0458855919241358;0.024361184987613995;0.0163148771285816;0.028295170856149614;0.8640226739506816;0.056450231380487166;0.0031866286229105378;1.0523989905913054;0.18837631664062382;0.3521636466968114;1.5751107337369776;2.4809738235334398;4.652362852895468;-0.7297088176230606;0.14238014917935582;1.1684298001531663;1;53.72274796000001;86.79370092
-0.0662791883348628;0.02928812234888749;-0.0061180789232181;0.033068707253815305;0.9953960650619567;0.0586017228524681;0.0034341619212774816;1.0523989905913054;0.18837631664062382;0.3521636466968114;1.917974272131691;3.6786253085590896;6.365377421198824;-0.471997787060547;0.24022267091127236;1.42614083071568;1;53.72258882;86.79399745999999
-0.0708677475272764;0.03153547485975085;0.0723972672580809;0.032137488675256634;1.0480405161821038;0.0597441090328937;0.0035693585641342904;1.0637083672853782;0.19968569333469666;0.3521636466968114;1.8679513776741692;3.489242349354827;6.365377421198824;-0.3328233560417773;0.3368996711666413;1.5653152617344497;1;53.72242569;86.79425929
-0.0295707147955541;0.04507403245693925;0.0764759865402263;0.03223619374876757;1.0199219657423992;0.057711602504156675;0.003330629063597783;1.0637083672853782;0.19968569333469666;0.3521636466968114;1.873015437392448;3.508186828710423;6.365377421198824;-0.018965242022767;0.44633946878685804;1.8791733757534599;1;53.72225897;86.79448681
-0.0438462322830631;0.0535838538633449;0.0458855919241358;0.034432086141482555;1.0257239041198902;0.05795124015058763;0.0033583462349910794;1.0637083672853782;0.19968569333469666;0.3521636466968114;1.9838833860234903;3.935793289340029;6.365377421198824;0.1397608281658864;0.4892048896707901;1.8602407247067267;1;53.72208159;86.79467807
0.0132558376669725;0.049482787628877735;0.1004384623228306;0.037139620236719045;0.9587681510293438;0.059545425808418165;0.0035456577347058324;1.0637083672853782;0.19968569333469666;0.3521636466968114;2.0965110958683484;4.395358775099103;6.365377421198824;0.3398626401538297;0.5266026854008933;2.06034253669467;1;53.721901179999996;86.79482021999999
0.0071377587437544;0.049188205581014166;0.0183542367696543;0.034462563271306944;1.0637083672853782;0.03596429048383909;0.001293430190005959;1.0637083672853782;0.10494021625603445;0.3521636466968114;1.9630340364213075;3.853502628148531;6.365377421198824;0.5841325255760319;0.5179518914889054;2.2100367074271863;1;53.7217156;86.79491623999999
0.0662791883348628;0.043924680086348984;0.0591414295911083;0.02794493273753967;0.9808837580707104;0.03795237915768788;0.0014403830837289011;1.0637083672853782;0.10494021625603445;-0.9886849875064933;1.5865441836684515;2.5171224467321935;5.024528786995519;0.7630443453815775;0.4569934252280528;2.054372554451899;1;53.72153254;86.79496614
0.0642398286937901;0.03496975719572312;0.0846334251045171;0.02780567967005594;1.0252007162719776;0.03649450614189062;0.001331848978540492;1.0637083672853782;0.10494021625603445;-0.9886849875064933;1.584180167221712;2.5096268022186115;5.024528786995519;0.9838418215997408;0.42142742351717893;1.937384946236178;1;53.72135001;86.79497305
0.0035688793718772;0.032525140185363045;0.1004384623228306;0.027675745876513;1.0586205452198552;0.04113481079377047;0.0016920726590392953;1.0637083672853782;0.11929698569029568;-0.9886849875064933;1.5737716677660436;2.4767572622631144;5.024528786995519;1.0614643926750738;0.3868811830215204;1.7911732102981344;1;53.72116494000001;86.7949467
0.0295707147955541;0.026212361226462914;0.0509839910268175;0.029179199110631666;0.9786297062020213;0.04169024154132734;0.001738076239774216;1.0637083672853782;0.11929698569029568;-0.9886849875064933;1.6349549997206692;2.6730778511116133;5.024528786995519;1.0614643926750738;0.3149736973523171;1.5334621797356207;1;53.72097322;86.79490602000001
0.0142755174875089;0.029593951240495374;0.0305903946160905;0.02652087917915686;0.9733601005892732;0.040229736722128276;0.0016184317167317564;1.0637083672853782;0.11929698569029568;-0.9886849875064933;1.4313000952626695;2.048619962698927;4.455540290861448;1.0614643926750738;0.23070053636277116;1.394287748716851;1;53.720779019999995;86.79485517999998
0.003059039461609;0.0381573156883587;0.0662791883348628;0.0287245512749146;0.9892775757442934;0.037041427052593605;0.0013720673180926133;1.0586205452198552;0.11420916362477262;-0.3937845879334349;1.5552948740686976;2.418942145304366;5.050440690434507;1.0614643926750738;0.15196180097263223;1.0804296346978408;1;53.72058527;86.79479199
0.0412970327317222;0.035632261920015174;0.0499643112062812;0.03135692758732513;0.9444113815950825;0.040763328676242154;0.001661648964767346;1.0586205452198552;0.11420916362477262;-0.3937845879334349;1.6998416510040602;2.8894616384882092;5.050440690434507;1.0614643926750738;0.14417531769010816;1.0204532043589662;1;53.72039069;86.79471773
-0.0091771183848271;0.030749729494263665;0.095849903130417;0.030928466979180412;1.0328451865967694;0.04146925332191094;0.0017196989710768218;1.0586205452198552;0.11420916362477262;-0.3937845879334349;1.6854741345864575;2.8408230583599674;5.050440690434507;1.0614643926750738;0.20938528633496614;1.3670661055819386;1;53.72020495;86.79463439
-0.020393596410727;0.032182392146742685;0.0652595085143265;0.029137597439612854;1.036213464134746;0.03708996145333795;0.0013756652406100949;1.0385542841826312;0.09414290258754865;-0.1726721035038397;1.6357419994666644;2.6756518888192016;5.152141732796275;1.0614643926750738;0.3635176013409762;1.7480349823015349;1;53.72002457;86.79454361
-0.0560823901294993;0.0323724478242896;0.0071377587437544;0.030733757999188177;1.0385542841826312;0.038086621770379206;0.0014505907578799232;1.0385542841826312;0.09414290258754865;-0.1726721035038397;1.711670399828214;2.929815557648078;5.152141732796275;1.0614643926750738;0.6346304462526934;2.2783685947306447;1;53.71984911;86.79445519000001
-0.0316100744366268;0.03191926312478757;0.0214132762312633;0.03545479506885908;0.9480516657599654;0.038741077442659755;0.0015008710814181604;1.0385542841826312;0.09414290258754865;0.7251662106344126;1.9916474426180955;3.9666595356871994;6.049980046934527;1.0614643926750738;0.8700049770287818;2.473897669650897;1;53.719673369999995;86.79436905
0.0326297542571632;0.03186420129758643;0.0285510349750178;0.04157396346128461;1.0348640024124247;0.042379064492712316;0.0017959851072774696;1.0385542841826312;0.09414290258754865;2.2780856256850583;2.3577478273326387;5.5589748172917774;7.602899461985173;1.0614643926750738;1.1201421172251633;3.0009233551023162;1;53.71950013000001;86.79428797
0.0305903946160905;0.0272712198273135;0.003059039461609;0.04244394712452865;1.0150470879144287;0.03952738475254401;0.0015624141453756488;1.0454901066504916;0.09743844089052622;2.2780856256850583;2.387058622484742;5.698048867178755;7.602899461985173;0.9886463411172518;1.3942746343019936;3.569553830791793;1;53.71932826;86.79421338
-0.0305903946160905;0.0272712198273135;0.0734169470786173;0.03445183437249185;1.0370098656180413;0.041040716835654106;0.0016843404383843422;1.0508170369769843;0.1027653712170189;2.2780856256850583;1.9449863579167364;3.7829719324822104;6.337837845141136;0.8234636497722814;1.6063918507069592;3.894644782057921;1;53.71916013;86.79413229
-0.0122361578464362;0.03043155419580252;-0.0122361578464362;0.03754490085112691;0.9668113455355398;0.04082791620959276;0.0016669187420175272;1.0508170369769843;0.1027653712170189;3.437528972716443;2.1387067059017557;4.574066373869139;7.497281192172521;0.2571476369498445;1.7490276616692462;3.830547817176032;0;53.718994499999994;86.79405114000001
-0.0132558376669725;0.03714039788486939;-0.037728153359845;0.04092363004379644;0.949145013203136;0.03950470398641077;0.0015606216370539386;1.0508170369769843;0.1027653712170189;3.437528972716443;2.3306134567463674;5.4317590847672514;7.497281192172521;0.0410111883161074;1.9292432085864428;4.0021492900970825;0;53.71883061;86.79397429000001
-0.0244723156928724;0.040422442569822026;-0.0081574385642908;0.04044887045273395;1.0454901066504916;0.03472736995685005;0.0012059902241199315;1.0508170369769843;0.10167202377384821;3.437528972716443;2.2930443615392746;5.258052443987059;7.497281192172521;-0.305601712906865;1.8553153820446822;3.719737987079458;0;53.718668650000005;86.79389169
-0.0091771183848271;0.041786833479717296;0.0326297542571632;0.03923375556373485;1.0508170369769843;0.03509625327778052;0.0012317469941381198;1.0508170369769843;0.10167202377384821;3.437528972716443;2.2245878224681492;4.948790979873582;7.497281192172521;-0.686570589626461;1.5632953289220293;3.338769110359862;0;53.71851317000001;86.79380277
-0.0560823901294993;0.03579771705542716;-0.0591414295911083;0.03941915811401903;0.9863445707225736;0.035426293388351626;0.001255022263237566;1.0508170369769843;0.10167202377384821;3.437528972716443;2.2362344812427972;5.000744655099243;7.497281192172521;-1.2169042020555707;1.12948268178772;2.808435497930752;0;53.71837187999999;86.79370243999999
-0.092790863668808;0.04179180961667235;-0.0469052717446721;0.027998418282712392;0.9914969349007811;0.03398707151056226;0.0011551210298640726;1.0508170369769843;0.10167202377384821;3.437528972716443;1.6086426492725943;2.5877311730587507;5.21695175584021;-1.4124332769758232;0.7793756288888848;2.6129064230104997;1;53.71825208;86.793598
-0.0713775874375446;0.047773568444070554;-0.0173345569491179;0.04313284477986785;1.0192708469126572;0.03243427151921122;0.0010519819689819164;1.0508170369769843;0.10167202377384821;6.568822306105127;2.4176015322257585;5.844797168620335;8.348245089228893;-1.9394589624272425;0.42333202717711615;2.0858807375590804;1;53.71815371;86.79348171000001
-0.1029876618741715;0.04626807719554159;0.0112164780258998;0.04847204614714535;1.039132286528356;0.026689677129580217;0.0007123388652812373;1.0532073400487199;0.06686276932614621;6.568822306105127;2.687437226069944;7.222318844066517;8.348245089228893;-2.580907489674541;0.23676237265145594;1.4444322103117817;1;53.71807914;86.79335594
-0.0112164780258998;0.04302638051563619;0.0086672784745589;0.05570269025948738;0.9932692966865779;0.0276373879566778;0.000763825213067919;1.0537264896117977;0.06738191888922407;6.724210971338469;3.063854476213679;9.387204251414596;8.503633754462236;-2.55614933517694;0.24121580826688918;1.469190364809383;1;53.71804586;86.79321258
-0.113184460079535;0.037392740229243465;-0.0137656775772407;0.052627070721673094;0.9976655178219506;0.02833322368927573;0.0008027715646265355;1.0537264896117977;0.0727664137647922;6.724210971338469;2.934158323367671;8.609285066587782;7.342678264127152;-2.0172116027520817;0.42386744757499023;2.0081280972342412;1;53.718043650000006;86.79306957
-0.1396961354134801;0.04487479479848168;-0.1182828591822167;0.05503280416809119;1.0339719303138444;0.034063812824891904;0.00116034334416927;1.0537264896117977;0.10334441688280027;6.724210971338469;3.066432752874575;9.403009827901945;7.342678264127152;-1.5239977405047411;0.7063085058192876;2.501341959481582;1;53.71807338;86.79294826
-0.1101254206179259;0.053267251412081225;-0.0948302233098807;0.07356125988485536;1.0532073400487199;0.03643468779049911;0.0013274864743911452;1.0537264896117977;0.10334441688280027;6.724210971338469;4.1804274209153025;17.47597342154057;12.837446386110193;-1.1100669043710656;0.9522901337388243;2.915272795615257;1;53.71812174;86.79285326
-0.0836137452839808;0.06189688888020824;-0.1233812582848985;0.07787527174698296;1.0537264896117977;0.036763065724167425;0.001351523001439454;1.0537264896117977;0.10334441688280027;6.724210971338469;4.424649436995265;19.577522640302515;12.837446386110193;-0.8089782502872731;1.0976110719973413;3.0582557231048897;1;53.718180170000004;86.79278625
-0.1254206179259712;0.0723993416943496;-0.1101254206179259;0.08072556479907478;0.9809600758470055;0.035607851302449534;0.0012679190743773569;1.0537264896117977;0.10334441688280027;6.724210971338469;4.579634091989919;20.973048416516335;12.837446386110193;-0.6542909341895891;1.1249205958012543;2.7797274167903208;1;53.71824367000001;86.79274479
-0.0071377587437544;0.08043272874869033;-0.0050983991026817;0.08351358257635838;0.9503820727289974;0.03615959075495218;0.0013075160035656236;1.0537264896117977;0.10334441688280027;6.724210971338469;4.741018329988892;22.477254805290656;12.837446386110193;-0.6542909341895891;1.0905515375609127;2.6161727193826776;1;53.71830761;86.79272681
0.0061180789232181;0.08208828939389334;0.1029876618741715;0.09142246113635713;0.9670769425660128;0.03668968893422376;0.0013461332740901015;1.0537264896117977;0.10334441688280027;6.724210971338469;5.199089474238962;27.030531361142362;12.837446386110193;-0.6542909341895891;0.9080821845384666;2.537891655360813;1;53.718364429999994;86.79272218999999
0.023452635872336;0.0715886767808541;0.0453757520138676;0.08729649404716912;0.988370789907277;0.03506804220636846;0.0012297675841876396;1.0537264896117977;0.10334441688280027;6.724210971338469;4.974929728222632;24.749925800753307;12.837446386110193;-0.6542909341895891;0.6061584297202747;2.1619958314446324;1;53.718413840000004;86.79272552
0.0632201488732537;0.07521909945510431;0.0469052717446722;0.08234122377686605;1.0252556077634698;0.02946833793020075;0.0008683829403685083;1.0537264896117977;0.10334441688280027;6.724210971338469;4.709410364756445;22.17854598367543;12.837446386110193;-0.6542909341895891;0.45167480851039055;1.901858400987351;1;53.71845645;86.79272972999999
0.0647496686040582;0.07924706612603427;0.0479249515652084;0.06409870339259939;0.9822016580934081;0.021972502603073006;0.00048279087064204997;1.0252556077634698;0.07487353503447236;6.445778207292074;3.7393080416859465;13.982424630617189;12.559013622063798;-0.6542909341895891;0.6810719799849893;2.5971539470711074;1;53.71848090000001;86.79274905999999
0.0601611094116447;0.07564990852014415;0.0948302233098807;0.032530867188918455;0.9832875661194712;0.02505513854414407;0.0006277599674662539;1.0284046028962395;0.07802253016724203;0.3073691732838788;1.8993353485594846;3.607474766287579;6.420604588055603;-0.6542909341895891;1.7233915993149904;4.0256169335508085;1;53.718496519999995;86.79277492
-0.0244723156928724;0.08433890154065958;0.0825940654634444;0.022847870069783182;0.9877545316234521;0.020249655164988514;0.000410048534300946;1.0284046028962395;0.06132766033022663;-2.54302279038414;1.3455407089884794;1.8104797995452202;3.570212624387584;-0.6542909341895891;3.9727383238782235;5.835395349570212;1;53.718502439999995;86.79278852
-0.1325583766697257;0.08647677458508385;0.0897318242071989;0.03251914572949838;1.0069920331982345;0.019935175047813315;0.00039741120418695865;1.031813703055748;0.04961204496233984;-2.54302279038414;1.8068087673768625;3.264557921869897;5.7527430657825205;-0.6542909341895891;7.885158743145865;8.060048351065507;1;53.71850623;86.79277951
-0.1172631793616804;0.08647677458508385;0.0795350260018354;0.03251914572949838;1.0133201287129354;0.019935175047813315;0.00039741120418695865;1.031813703055748;0.04961204496233984;-2.54302279038414;1.8068087673768625;3.264557921869897;5.7527430657825205;-0.6542909341895891;7.885158743145865;8.060048351065507;1;53.71850623;86.79277951
-0.0989089425920261;0.08647677458508385;0.0774956663607627;0.03251914572949838;1.0284046028962395;0.019935175047813315;0.00039741120418695865;1.031813703055748;0.04961204496233984;-2.54302279038414;1.8068087673768625;3.264557921869897;5.7527430657825205;-0.6542909341895891;7.885158743145865;8.060048351065507;1;53.71850623;86.79277951
-0.1356174161313347;0.08647677458508385;0.0438462322830631;0.03251914572949838;0.9882054836253277;0.019935175047813315;0.00039741120418695865;1.031813703055748;0.04961204496233984;-2.54302279038414;1.8068087673768625;3.264557921869897;5.7527430657825205;-0.6542909341895891;7.885158743145865;8.060048351065507;1;53.71850623;86.79277951
-0.1050270215152442;0.08647677458508385;0.1488732537983073;0.03251914572949838;1.031813703055748;0.019935175047813315;0.00039741120418695865;1.031813703055748;0.04961204496233984;-2.54302279038414;1.8068087673768625;3.264557921869897;5.7527430657825205;-0.6542909341895891;7.885158743145865;8.060048351065507;1;53.71850623;86.79277951
-0.0020393596410727;0.025872163812843355;0.0214132762312633;0.05329543870135328;1.0056343768864664;0.01792896001676166;0.00032144760728263817;1.0370665131962187;0.060691802928341976;7.018469999716773;3.0916243202406797;9.558140937503644;10.229178868037335;-1.0999455538692031;0.9255241211967813;2.7960924001872245;0;53.7255315;86.84441022
-0.0305903946160905;0.025872163812843355;0.0560823901294993;0.05329543870135328;1.0013261029518072;0.01792896001676166;0.00032144760728263817;1.0370665131962187;0.060691802928341976;7.018469999716773;3.0916243202406797;9.558140937503644;10.229178868037335;-1.0999455538692031;0.9255241211967813;2.7960924001872245;1;53.7255315;86.84441022
-0.078515346181299;0.025872163812843355;0.0458855919241358;0.05329543870135328;0.9983384088354245;0.01792896001676166;0.00032144760728263817;1.0370665131962187;0.060691802928341976;7.018469999716773;3.0916243202406797;9.558140937503644;10.229178868037335;-1.0999455538692031;0.9255241211967813;2.7960924001872245;1;53.7255315;86.84441022
-0.0509839910268175;0.025872163812843355;0.0285510349750178;0.05329543870135328;1.0121908120481533;0.01792896001676166;0.00032144760728263817;1.0370665131962187;0.060691802928341976;7.018469999716773;3.0916243202406797;9.558140937503644;10.229178868037335;-1.0999455538692031;0.9255241211967813;2.7960924001872245;1;53.7255315;86.84441022
-0.0530233506678902;0.025872163812843355;-0.0479249515652085;0.05329543870135328;0.9931939247606212;0.01792896001676166;0.00032144760728263817;1.0370665131962187;0.060691802928341976;7.018469999716773;3.0916243202406797;9.558140937503644;10.229178868037335;-1.0999455538692031;0.9255241211967813;2.7960924001872245;1;53.7255315;86.84441022
-0.0265116753339451;0.025872163812843355;-0.1193025390027531;0.05329543870135328;0.9763747102678767;0.01792896001676166;0.00032144760728263817;1.0370665131962187;0.060691802928341976;7.018469999716773;3.0916243202406797;9.558140937503644;10.229178868037335;-1.0999455538692031;0.9255241211967813;2.7960924001872245;0;53.7255315;86.84441022
-0.0188640766799225;0.023003079291004383;-0.0275313551544814;0.05694242064092349;0.9947478375595886;0.02235062554523566;0.0004995504622633409;1.0489140564052277;0.07253934613735102;7.018469999716773;3.269867607664088;10.692034171650866;10.229178868037335;-1.3420839058254128;0.9537371806064157;2.841014107845618;0;53.72546006;86.84432853999999
0.0020393596410727;0.03042875429264114;-0.0101967982053635;0.051601239611562856;1.0370665131962187;0.022694089160777205;0.0005150216828373054;1.0489140564052277;0.07253934613735102;7.018469999716773;2.9615287277508444;8.770652405293536;9.652824504455328;-1.6183575854290724;0.9407097569627418;2.820361755211849;0;53.72537681;86.84424528999999
-0.037728153359845;0.028467203066391042;0.0244723156928724;0.0469613944489089;1.0196522888095136;0.022056046410836888;0.0004864691832769908;1.0489140564052277;0.07253934613735102;7.018469999716773;2.6952732513122393;7.264497899239249;8.634835994457784;-1.9214805859810529;0.8873614085857969;2.7341353422859163;0;53.72527704;86.84416855999999
-0.0622004690527174;0.028747065124006016;-0.0387478331803813;0.048655932829509654;1.0273951004229578;0.02287009798474908;0.0005230413818320239;1.0489140564052277;0.07253934613735102;7.018469999716773;2.7823262963228514;7.741339619209636;9.219761731654119;-2.244166900782224;0.7975314179447291;2.582334869067915;0;53.72516552;86.84410055999999
-0.0367084735393086;0.06224326602325124;-0.0805547058223717;0.04954531806506155;1.0489140564052277;0.033782695063740445;0.0011412704857696732;1.1037911600851524;0.12741644981727573;7.018469999716773;2.829021021253733;8.003359938695516;9.219761731654119;-2.5791305231334576;0.6498645743498488;2.247371246716681;0;53.72504662;86.84403029999999
-0.1040073416947078;0.07074713356718661;-0.0530233506678902;0.03940768991225632;1.02836719414073;0.029214757832067114;0.0008535020751863267;1.1037911600851524;0.10904332252556381;4.4045493266398825;2.187009897443764;4.783012291516982;6.605841058577228;-2.9190854463356244;0.4769079019201141;1.9074163235145143;1;53.72492698;86.84394138
-0.0530233506678902;0.0700287589314411;0.0101967982053635;0.041943435915576865;1.0170354208573302;0.033775872174192874;0.0011408095411274163;1.1037911600851524;0.13519784065521234;4.4045493266398825;2.353396623436437;5.538475667202024;6.605841058577228;-3.2567456636895944;0.31873705474463515;1.5697561061605443;1;53.72481551;86.84382991
-0.058121749770572;0.06318544190810028;0.0397675130009177;0.04241467679478582;1.035333601731638;0.03527778635644093;0.0012445222102106896;1.1037911600851524;0.13519784065521234;4.4045493266398825;2.3821896008449293;5.674827294373724;6.605841058577228;-3.584825168496238;0.18277324214359414;1.241676601353901;1;53.7247246;86.84370828
-0.2187213215050474;0.05938220995633732;0.0071377587437544;0.03907457184847622;1.1037911600851524;0.03741455048751333;0.0013998485881826842;1.1037911600851524;0.13519784065521234;4.4045493266398825;2.1959396529214885;4.822150959272947;6.605841058577228;-3.8960379540564274;0.0921538646679103;0.9304638157937113;1;53.724662079999995;86.843592
-0.1784439685938615;0.06648074795766878;-0.0591414295911083;0.03987644920031501;1.0118050158234324;0.0374284321881718;0.0014008875360645749;1.1037911600851524;0.13519784065521234;4.4045493266398825;2.240464957335511;5.019683225048414;6.605841058577228;-4.161291596853374;0.06166973667945514;0.6652101729967645;1;53.72463001;86.84350105
-0.1386764555929438;0.06908285841150075;-0.0642398286937901;0.04081550743286241;0.9685933194299401;0.04231337137542175;0.0017904213971543608;1.1037911600851524;0.1553809347888112;5.305293938449946;2.3603337585235686;5.571175451625996;7.506585670387292;-3.873293031060388;0.0971528506307703;0.9532087387897508;1;53.72462779;86.84342715
-0.130519017028653;0.07511351045545024;-0.0479249515652085;0.04096256892863506;0.995785086154865;0.042809901150555454;0.0018326876365203294;1.1037911600851524;0.1553809347888112;5.305293938449946;2.3747605926641904;5.639487872470777;7.506585670387292;-3.3963799823494725;0.2265049268863492;1.4301217875006662;1;53.72465955;86.84337699
-0.0887121443866625;0.07638848950096053;-0.0530233506678902;0.037532590643624984;0.9863614368454716;0.04279189968271757;0.001831146678455764;1.1037911600851524;0.1553809347888112;5.305293938449946;2.1716632329156265;4.71612119719755;7.506585670387292;-2.9151381859880057;0.43979934751433325;1.911363583862133;1;53.724731770000005;86.84334937
-0.0050983991026817;0.0796404283841189;-0.0591414295911083;0.023714955574566286;1.0152985306939721;0.041621463660392044;0.0017323462372333357;1.1037911600851524;0.1553809347888112;5.305293938449946;1.4030934900682854;1.9686713418720017;5.675804517165867;-2.4847265479010026;0.6880911845375839;2.327050278123257;1;53.72484626000001;86.84334609999999
-0.0152951973080452;0.06487279630021552;-0.0876924645661262;0.01138312671299253;0.9484102252963412;0.023396879388389646;0.0005474139651148523;1.0204386897787436;0.07202846448240241;5.305293938449946;0.7422306081350687;0.5509062756525539;2.546708125234834;-1.9690953747670128;0.993254656643892;2.7838753341199785;1;53.72500164;86.84336836
-0.0050983991026817;0.05106108850688664;-0.0560823901294993;0.013062253720730038;0.981020092427424;0.024883982243653496;0.0006192125723024625;1.02531784837039;0.07690762307404875;5.305293938449946;0.808296467683158;0.6533431796690704;2.546708125234834;-1.5402609607932218;1.2963030136551823;3.2127097480937694;1;53.72518993999999;86.84342354
-0.0336494340776996;0.04026494561276456;-0.0499643112062812;0.013041009951890517;1.016368130908498;0.02308151383793955;0.0005327562810509949;1.02531784837039;0.07690762307404875;5.305293938449946;0.8038530428177768;0.6461797144473985;2.546708125234834;-0.9958066041105088;1.5868110594664313;3.5963358681270754;0;53.725400660000005;86.84352418
-0.0122361578464362;0.026345565922403832;-0.0530233506678902;0.012405406052696463;0.995675966717457;0.024857849069252362;0.0006179126603497306;1.02531784837039;0.07690762307404875;5.305293938449946;0.7716021744488215;0.5953699156141496;2.4875172103229652;-0.6054258169621781;1.796207066195629;3.8111932521276106;0;53.725623459999994;86.84365994
-0.0285510349750178;0.01498000314968415;-0.0530233506678902;0.012655719623235409;1.0204386897787436;0.025242413389159387;0.000637179433709213;1.02531784837039;0.07690762307404875;5.305293938449946;0.7918080994438325;0.6269600663448541;2.4875172103229652;-0.4515406209595533;1.7992645377960363;3.709750975893821;0;53.72585308;86.8438102
-0.0346691138982359;0.014404819689119022;-0.078515346181299;0.014920114580162505;1.02531784837039;0.02773437690915452;0.0007691956625390435;1.037756563132413;0.08934633783607182;5.305293938449946;0.9268971752852964;0.8591383735518614;3.334484396806987;-0.4191925472950323;1.6013065397829989;3.4541004837653557;0;53.726088520000005;86.84395604
-0.0356887937187723;0.014971131595793805;-0.0560823901294993;0.010868084098684026;1.002512257256381;0.020637150755434843;0.00042589199130254495;1.037756563132413;0.06807482927419295;4.391814912104154;0.6286418349963167;0.3951905567075362;2.421005370461195;-0.4123267584180541;1.2546159790556894;2.9840532239314186;0;53.72633095;86.84410887
0.0040787192821454;0.014516268314511785;-0.0622004690527174;0.010918988752393917;0.9696817338582201;0.020270025911458444;0.00041087395045119666;1.037756563132413;0.06807482927419295;4.391814912104154;0.6332372531601802;0.40098941878985017;2.421005370461195;-0.3560393380454666;0.9105593078831049;2.559098847942539;0;53.72658125;86.84426701
-0.003059039461609;0.01405572732594992;-0.0499643112062812;0.010831881895676894;1.014797119713391;0.020249000332403018;0.00041002201446165747;1.037756563132413;0.06807482927419295;4.391814912104154;0.6280043118197609;0.3943894156642115;2.421005370461195;-0.3103237955730091;0.6049182395090134;2.1744027523279934;0;53.726842080000004;86.84443568
-0.0163148771285816;0.0168430749932231;-0.0356887937187723;0.010950683996864191;1.037756563132413;0.022921082851951734;0.0005253760391060358;1.037756563132413;0.06807482927419295;4.391814912104154;0.6435277283608114;0.41412793716922625;2.421005370461195;0.0280857567155621;0.38184350901552894;1.997181131482575;0;53.72710267;86.84461691
-0.0316100744366268;0.018355495590462283;-0.0601611094116447;0.011755099652863987;1.0097332763584657;0.02363348488838088;0.0005585416079693273;1.037756563132413;0.06807482927419295;4.391814912104154;0.6961559357464595;0.4846330868750286;2.421005370461195;0.4126211051465198;0.27909607335338604;1.9528820659397417;0;53.727361140000006;86.84480114
-0.0326297542571632;0.01738480166486325;-0.0520036708473539;0.009593333351962382;1.0367942757396436;0.022934877475750147;0.0005260086048276714;1.037756563132413;0.06807482927419295;4.081266830259327;0.595968694746856;0.35517868511827116;2.1104572886163684;0.7635762104166285;0.2593786697562381;1.7593828145271373;0;53.72761691000001;86.84498267000001
-0.0163148771285816;0.016320541033327283;-0.0520036708473539;0.010196939826577385;1.015026088856424;0.022901493658243954;0.000524478411778588;1.037756563132413;0.06807482927419295;4.081266830259327;0.6259579167004374;0.3918233134799518;2.1104572886163684;0.9952892772021243;0.319033576380282;1.6007150941643025;0;53.72786989;86.84516397
0.0091771183848271;0.020438865270892025;-0.061180789232181;0.010254558093262896;0.9757574023041701;0.019660254205836884;0.00038652559543812695;1.037756563132413;0.06199916082824297;4.081266830259327;0.6241572130192775;0.38957222656399176;2.1104572886163684;1.1497774289056264;0.40482139590154825;1.6013180498651796;0;53.72812228;86.84534212
0.0081574385642908;0.020747415060034396;-0.0703579076170082;0.012711394970808719;0.988571040435624;0.020387864732863;0.000415665028365519;1.037756563132413;0.06199916082824297;4.841882245348176;0.7700405747182766;0.5929624867124538;2.8710727037052166;1.462444325961212;0.5195583851693637;1.8816368732562445;0;53.72837969999999;86.8455253
-0.0010196798205363;0.02221586742006476;-0.0637299887835219;0.012270217788530303;1.0135285296663907;0.017707752406698515;0.00031356449529693704;1.0367942757396436;0.06103687343547348;5.067553221678321;0.716574933436055;0.5134796352288867;2.192497189067397;1.8620702796901936;0.659468010453426;2.2743970381082477;0;53.728635680000004;86.8457096
0.0101967982053635;0.035511284058054544;-0.0672988681553992;0.015230480672416726;1.0087231263549492;0.01792658095864813;0.0003213623048669657;1.0367942757396436;0.06103687343547348;5.564557312218753;0.8926034570616388;0.7967409315583888;2.689501279607829;2.1848776201211777;0.7731088396695509;2.5409169581666444;0;53.72888401;86.84589137
0.0326297542571632;0.03157185902742938;-0.0632201488732537;0.02287938748102764;0.9926618403853755;0.013579837732561096;0.00018441199284269008;1.0158677596137333;0.04011035730956325;7.48638591241091;1.3288705161218335;1.7658968486179083;4.54961812147665;2.4965232973131397;0.841808665532433;2.806847092886149;0;53.72911735;86.84607351
0.0071377587437544;0.029935510334775966;-0.0836137452839808;0.025362279443719687;0.9906109424703771;0.012352771073672353;0.00015259095319855644;1.0158677596137333;0.04011035730956325;7.48638591241091;1.4629431045428187;2.1402025271293805;3.891535464590735;2.7001803575703613;0.8016076793939446;2.672094600854799;0;53.72932841000001;86.84623593
0.0275313551544814;0.031240796144139688;-0.0897318242071989;0.028159701302113073;1.0158677596137333;0.009780149966483565;9.56513333669085e-05;1.0158677596137333;0.027296719178109274;7.7489718085652175;1.633292258319298;2.6676436010857523;4.143873613760528;2.768970042227296;0.7138623007071293;2.356348937080776;0;53.729524260000005;86.84639082
0.0999286224125624;0.03001875354338088;-0.0963597430406852;0.028751636095427358;0.9937350102082815;0.009075226307359891;8.235973252979704e-05;1.0158677596137333;0.02525681714335626;7.7489718085652175;1.6673565146408948;2.780077746915433;4.143873613760528;2.768970042227296;0.5877226341496873;2.005393831810667;1;53.72970659;86.84654499000001
0.0295707147955541;0.027402228595264578;-0.1294993372081166;0.02849559675715614;0.9939268573202866;0.008174256743142379;6.681847330280866e-05;1.0158677596137333;0.02525681714335626;7.961377898802431;1.652226376839296;2.729852000323507;4.309881748051156;2.768970042227296;0.45118499041050775;1.7736807650251714;1;53.729874210000006;86.84670749
0.0509839910268175;0.025256609001025578;-0.1254206179259712;0.02639818915105263;0.9993226405985189;0.007556663499419368;5.7103163243456965e-05;1.0158677596137333;0.02525681714335626;7.961377898802431;1.5226983501062556;2.318610265416313;4.309881748051156;2.768970042227296;0.3108654197481779;1.6191926133216694;0;53.730028100000006;86.84686906
0.0642398286937901;0.026541290514232065;-0.1345977363107984;0.020394233700657342;0.9982540455977872;0.007375237115810198;5.439412251442433e-05;1.0158677596137333;0.02525681714335626;7.961377898802431;1.1847876007059932;1.403721658786664;3.1194956534542557;2.768970042227296;0.168069210928752;1.3065257162660837;0;53.73016404;86.84703316
0.0326297542571632;0.02372177469601109;-0.1254206179259712;0.02195043549722614;1.0046211403944305;0.007020253696707498;4.9283961966135284e-05;1.0158677596137333;0.02220926318540628;7.961377898802431;1.2754176119742995;1.6266900849342245;3.606266088145671;2.768970042227296;0.07885363685394195;0.9068997625371022;0;53.73027548;86.84719836
0.0509839910268175;0.022916974720148937;-0.1376567757724074;0.025103885338472895;0.9938719355501785;0.00486930077653101;2.3710090052325492e-05;1.0059057446487945;0.01224724822046741;7.961377898802431;1.4513922280850808;2.1065393997457753;3.9505593809151645;2.768970042227296;0.08018278708330707;0.917569863766915;0;53.730367189999996;86.84737455
0.040787192821454;0.02317987399674511;-0.1345977363107984;0.02775681766945491;1.0020672248296745;0.005463721281302873;2.9852250239761904e-05;1.0090755831689748;0.01541708674064779;7.961377898802431;1.6121347871385594;2.5989785719022884;3.9505593809151645;2.768970042227296;0.13880289331925477;1.134274141737785;0;53.73045067;86.84757579
0.0163148771285816;0.02243913507851152;-0.1060467013357805;0.028193527273843857;1.0030021868391867;0.013344183480679997;0.0001780672327660529;1.0402453487452354;0.0465868523169084;7.961377898802431;1.6509841460775265;2.7257486505993396;3.9505593809151645;2.768970042227296;0.1936084036728121;1.1775114139779874;0;53.73053710000001;86.84778766000001
0.0367084735393086;0.029426985228126975;-0.07545630671969;0.027810872703085267;0.993658496428327;0.014999424660535342;0.00022498274014707577;1.0402453487452354;0.05717246211425342;7.961377898802431;1.6216127733671268;2.629627986747425;3.9505593809151645;2.768970042227296;0.23391762949331435;1.3392812716936902;0;53.73062866;86.84800978000001
0.0469052717446721;0.035041001918276436;-0.0703579076170082;0.026262997013408142;1.0059057446487945;0.014953713295177246;0.00022361354131436074;1.0402453487452354;0.05717246211425342;7.961377898802431;1.5307589096280199;2.3432228394055645;3.9505593809151645;2.6692223197965865;0.26333930363835284;1.4754495139751012;0;53.73072484000001;86.84822372000001
0.1009483022330988;0.03761867750087894;-0.0734169470786173;0.026587606823048865;1.0090755831689748;0.01496066333519361;0.00022382144742900639;1.0402453487452354;0.05717246211425342;7.961377898802431;1.5514846810024552;2.40710471538529;3.9505593809151645;2.526017351053482;0.2496393352099614;1.3322445452319964;1;53.730822980000006;86.84842938
0.0428265524625267;0.037798363262443874;-0.0836137452839808;0.02643661826268037;1.0402453487452354;0.014661681187395595;0.00021496489524082992;1.0402453487452354;0.05717246211425342;7.786032892299484;1.525570508737153;2.3273653771285354;3.775214374412217;2.433561718468628;0.24058466530096767;1.359374210828471;0;53.730935439999996;86.8486212
-0.0122361578464362;0.03745556018207423;-0.0897318242071989;0.026029034874690844;0.983072886630982;0.014720988283834736;0.00021670749605279954;1.0402453487452354;0.05717246211425342;7.786032892299484;1.5041224660539378;2.2623843928881797;3.775214374412217;2.362022747434333;0.2196252178339477;1.419235726138193;0;53.731056890000005;86.84879129
-0.0254919955134087;0.03754613164988981;-0.1193025390027531;0.025997058706892548;0.9996206855639587;0.015525656641836218;0.00024104601416019306;1.0402453487452354;0.05717246211425342;7.786032892299484;1.5035235648814975;2.260583110153967;3.775214374412217;2.1747892059022607;0.1799861225716049;1.3602994885764121;0;53.73119009;86.84894241
-0.0101967982053635;0.037224908967515395;-0.1284796573875803;0.024375111439649717;1.001495862048795;0.015195786108053753;0.0002309119154417194;1.0402453487452354;0.05717246211425342;7.786032892299484;1.416066971018637;2.005245666409898;3.775214374412217;1.8514001784603809;0.1535957099022171;1.2392229301947248;0;53.73133512;86.84906952
-0.0010196798205363;0.036438239324240285;-0.1366370959518711;0.022158591146631258;1.0085849956569575;0.015217497417070316;0.0002315722276385417;1.0402453487452354;0.05717246211425342;7.786032892299484;1.2907253350066399;1.665971890428003;3.613697996030365;1.6346959004895107;0.1571050258035308;1.1687291323937856;0;53.73149314;86.84916353999999
0.0112164780258998;0.0212089725909569;-0.1315386968491893;0.02011295290914655;0.9998822469252931;0.01513759552769816;0.00022914679836018732;1.0402453487452354;0.05717246211425342;7.786032892299484;1.1721071119259985;1.3738350818275054;3.175689392628172;1.5914586282493084;0.1811803884121421;1.319804719920509;0;53.73165709;86.84921229
0.0305903946160905;0.018177220884647113;-0.1040073416947078;0.018355495590462352;0.98893173090277;0.008468631341688439;7.171771680142773e-05;1.0085849956569575;0.02551210902597545;7.786032892299484;1.0451141885855904;1.0922636671829171;2.733396320105266;1.4296887705336057;0.19753848093733092;1.3403573930572006;0;53.73182122000001;86.84922026000001
0.0254919955134087;0.022268133170590287;-0.1019679820536351;0.017006895431604246;1.0068268152493074;0.006543366339666746;4.281564305508379e-05;1.0085849956569575;0.019653264754187494;7.786032892299484;0.980635781855406;0.9616465366551634;2.733396320105266;1.248879084497852;0.22943295421689625;1.389805478815444;0;53.73198474000001;86.84920457999999
0.0020393596410727;0.01847039281567878;-0.0887121443866625;0.017249709206615445;1.007281099400313;0.006617627683373254;4.379299615574806e-05;1.0085849956569575;0.019653264754187494;7.786032892299484;0.995799610883227;0.9916168650351863;2.733396320105266;1.248879084497852;0.2808354406155791;1.5836938007924788;0;53.732145450000004;86.84916817
0.0005098399102681;0.020349930025137263;-0.0887121443866625;0.016553971416201244;1.0052477451872903;0.006689424174675253;4.4748395788729684e-05;1.0085849956569575;0.019653264754187494;7.786032892299484;0.9546793319559099;0.9114126268637825;2.733396320105266;1.0741875076401568;0.25058734825177964;1.4090022239347837;0;53.732301310000004;86.84911155
0.023452635872336;0.024972558133167;-0.1060467013357805;0.015679730210873793;1.0061847894214593;0.006515892658109351;4.245685713200335e-05;1.007281099400313;0.018349368497542984;7.559412115838189;0.9084761536345378;0.8253289217226043;2.506775543643971;0.9427870212961402;0.21160542513094097;1.2776017375907673;0;53.73244079999999;86.84902831999999
0.0509839910268175;0.025893086530655744;-0.1142041399000713;0.01406928254051382;0.9929189519306485;0.006801425236794862;4.625938525171004e-05;1.007281099400313;0.018349368497542984;7.477515376983653;0.8124334131568713;0.6600480508137235;2.4248788047894347;0.8144897173258484;0.1843882779169613;1.2557227693513724;1;53.732571310000004;86.84892586999999
0.023452635872336;0.027205478865679013;-0.1233812582848985;0.015015148425194793;0.998042585412149;0.0054700290487518805;2.99212177941894e-05;1.007281099400313;0.014362147469664466;7.477515376983653;0.8658058323036738;0.7496197392510574;2.4248788047894347;0.612177248265656;0.16608279516669022;1.2770787439782085;0;53.73269019000001;86.84880410999999
-0.0209034363209952;0.027795290693332735;-0.1198123789130213;0.015134699807952838;1.0046358885263325;0.005852783355893837;3.425507301102793e-05;1.007281099400313;0.014362147469664466;7.477515376983653;0.8746021714491741;0.7649289583036104;2.4248788047894347;0.465966768095725;0.16908798458776828;1.3560915598644567;0;53.73279891;86.84863123
-0.0326297542571632;0.0292325999792546;-0.1310288569389212;0.014588213755679294;1.0068523741733022;0.006224298561522787;3.874189258297464e-05;1.0099000779250378;0.01698112599438928;7.477515376983653;0.8295868027652248;0.688214263322228;2.414631981240431;0.2716539083287993;0.160575984840987;1.2374675480716903;0;53.732891959999996;86.84844011999999
-0.0101967982053635;0.029368873585071734;-0.1019679820536351;0.012583053727675021;0.995398154171773;0.0063751723609325375;4.0642822631598144e-05;1.0099000779250378;0.01698112599438928;7.477515376983653;0.7122860377980413;0.5073513996420328;2.2295562381761123;0.0893313774764051;0.16254053386120834;1.209391441516392;0;53.73297047999999;86.84823448
-0.0285510349750178;0.027707504670313056;-0.0912613439380034;0.013258996554989674;0.9977608727246741;0.009278127762460406;8.608365477653855e-05;1.021633185595581;0.02871423366493242;7.512906789139853;0.7283439993972743;0.5304849814580167;2.2649476503323127;-0.140926394317592;0.17148000068979197;1.1177641914760488;0;53.73303315;86.84802067
-0.0295707147955541;0.016668724458755283;-0.1152238197206077;0.01644438995093619;0.9931801844702329;0.009657506770112205;9.326743701476307e-05;1.021633185595581;0.028453001125347988;7.512906789139853;0.9315809885978867;0.867843138317016;2.5570788143455676;-0.1962709105621306;0.18116021015192074;1.0981586046933132;0;53.73308082999999;86.84779187000001
-0.0316100744366269;0.00749327850490182;-0.1274599775670439;0.01680367513026294;1.0099000779250378;0.01035825388040337;0.00010729342345089145;1.021633185595581;0.028453001125347988;7.512906789139853;0.9566211310846613;0.9151239884376968;2.5570788143455676;-0.1962709105621306;0.20529288988431174;1.2506062359534684;0;53.733120899999996;86.8475145
-0.0173345569491179;0.010627305527813677;-0.1254206179259712;0.019029774176472312;0.9941261194060608;0.010352626999584823;0.00010717688579253264;1.021633185595581;0.028453001125347988;7.512906789139853;1.0846470229170315;1.1764591643227793;2.74504056857897;-0.2095518974303395;0.2186881850752996;1.5239143712470875;0;53.73315322999999;86.84721658999999
-0.0254919955134087;0.010844806104192752;-0.133578056490262;0.019467978817811805;1.021633185595581;0.0104275796547112;0.00010873441745534692;1.021633185595581;0.028453001125347988;7.512906789139853;1.1133514073220572;1.2395513561860052;2.937240081177464;-0.4412330520255239;0.1982097203851092;1.4053647112865049;0;53.73318054;86.84690854
-0.0244723156928724;0.011504395701081782;-0.0876924645661262;0.02187028999399804;1.0151035527389811;0.010000551718906896;0.00010001103468253166;1.021633185595581;0.028453001125347988;7.512906789139853;1.2470615591058;1.5551625321993887;3.302487335703984;-0.6649014957125525;0.17057463098524872;1.1922361965639363;0;53.73320252;86.8465798
-0.0152951973080452;0.011915792408583639;-0.1009483022330988;0.022597151882797525;1.0176767314248867;0.010696272577272641;0.0001144102470473147;1.021633185595581;0.02959581179906856;7.512906789139853;1.2845319493073053;1.6500223287912255;3.302487335703984;-0.8901247917687318;0.1378905893661561;0.967012900507757;0;53.73321847;86.84623223
-0.0479249515652085;0.011842854265918235;-0.0836137452839808;0.022455861404422874;1.0059527742834944;0.010129706874858929;0.00010261096137056423;1.021633185595581;0.02959581179906856;7.512906789139853;1.2663573215672381;1.6036608658869496;3.302487335703984;-0.965813639742891;0.12853364042056936;1.021110541852996;0;53.73323068;86.84590396
-0.0158050372183134;0.012603694481451124;-0.0805547058223717;0.020574354991095063;1.009766355711194;0.010205356881910849;0.00010414930908716513;1.021633185595581;0.02959581179906856;7.512906789139853;1.1624239533530063;1.3512294473288322;3.302487335703984;-1.120060064039987;0.11718924450273477;1.0055897951050394;0;53.73324269;86.84554476999999
-0.0061180789232181;0.012722296488983815;-0.0734169470786173;0.0177579191649564;0.9999643932322417;0.012382696831633991;0.0001533311808241585;1.021633185595581;0.03979588169413706;7.512906789139853;0.9918030486019075;0.9836732872160376;3.302487335703984;-1.2586905857936408;0.10527316313964571;0.9215956986006435;0;53.73325344999999;86.84518433
-0.0346691138982359;0.012722296488983815;-0.0815743856429081;0.014160134897472405;0.9920373737965124;0.01114787794451056;0.000124275182665705;1.0176767314248867;0.035839427523442824;6.86843868375313;0.8320727898080421;0.6923451275389382;2.6580192303172607;-1.2944295152554437;0.0927438675119425;0.9354007569348592;0;53.7332619;86.84481902
-0.0275313551544814;0.020521293889983513;-0.0856531049250535;0.014440064810275802;0.9982504001120129;0.012995042477522457;0.000168871128992613;1.0176767314248867;0.04110343645007486;6.86843868375313;0.8565833762310001;0.7337350804352991;2.6580192303172607;-1.446877146515599;0.05809993486757697;0.782953125674704;0;53.733267520000005;86.84445088
-0.0081574385642908;0.021150062073586988;-0.078515346181299;0.014573853080805114;1.01154807922177;0.011242646965301863;0.00012639711078641118;1.01154807922177;0.0349747842469581;6.86843868375313;0.8728677411002105;0.7618980934533841;2.6580192303172607;-1.733466268677427;0.030894444689271883;0.496364003512876;0;53.73326761;86.84411048999999
-0.0305903946160905;0.020464355564835734;-0.1040073416947078;0.01572681438449111;0.9818373039014439;0.011037641580380616;0.00012182953165694709;1.01154807922177;0.0349747842469581;6.86843868375313;0.939517044395787;0.8826922767101952;2.90558026876163;-1.8075489962828823;0.023607337718117388;0.4222812759074206;0;53.73326691;86.84377187
-0.0254919955134087;0.022756355992346298;-0.1193025390027531;0.015829322756544025;0.9975966012966366;0.010908013678829896;0.00011898476241754012;1.01154807922177;0.0349747842469581;6.86843868375313;0.9457622163743671;0.8944661699213552;2.90558026876163;-1.8075489962828823;0.025018855801808015;0.4222812759074206;1;53.7332665;86.84343098
-0.0744366268991536;0.020904127149566607;-0.0989089425920261;0.016138310160197334;0.9765732949748118;0.010962364558832864;0.00012017343672075485;1.01154807922177;0.0349747842469581;6.86843868375313;0.959507381924837;0.9206544159682549;2.90558026876163;-1.4771905908233005;0.05262379034882407;0.7526396813670024;0;53.73326581;86.84309492999999
-0.0520036708473539;0.02267982279880719;-0.0764759865402263;0.016350332665742262;0.9964494646787164;0.011005473570513546;0.00012112044851127218;1.01154807922177;0.0349747842469581;6.86843868375313;0.9735183124632588;0.9477379047013113;2.90558026876163;-1.2951690912752;0.09795629515512899;0.9346611809151029;0;53.73326788000001;86.84276164
-0.0346691138982359;0.022525719915495568;-0.0693382277964719;0.016814328203627174;1.0033053566895724;0.011060825543453888;0.000122341861702722;1.01154807922177;0.0349747842469581;6.86843868375313;1.0011011807237085;1.002203574046403;2.90558026876163;-1.1508265701464926;0.1561476843505884;1.0790037020438104;0;53.733271030000004;86.84242175
-0.0683185479759355;0.022370039064559935;-0.078515346181299;0.01716721820619782;1.0087483795492247;0.010087965585453133;0.00010176704965328676;1.0087483795492247;0.03217508457441287;6.86843868375313;1.0203941697986334;1.0412042617590425;2.90558026876163;-0.9668547109184517;0.2169388622429893;1.2629755612718512;0;53.733279229999994;86.84210227
-0.0571020699500356;0.022470004724526302;-0.0703579076170082;0.016065935664554738;0.9912006431084336;0.009090351263135217;8.263448608718402e-05;1.0087483795492247;0.03217508457441287;6.86843868375313;0.9483650054022181;0.8993961834715493;2.90558026876163;-0.7662181661156598;0.27363669100476207;1.4636121060746432;0;53.7332935;86.84177094
-0.0132558376669725;0.028849111106245377;-0.0769858264504945;0.009243753613726577;1.0013184449441355;0.0111214775687628;0.00012368726331249413;1.0087483795492247;0.03217508457441287;5.812977642195392;0.5614214897859079;0.3151940891934283;1.9876564892929425;-0.7537525043369343;0.27933877459848233;1.3660833312524998;0;53.73331884;86.84143531999999
-0.0305903946160905;0.028544762445829135;-0.0734169470786173;0.0049794654580007204;1.0004134790602246;0.011319177238578351;0.00012812377335835024;1.0216993359163489;0.043513835399081824;4.464098990898085;0.28680074891273233;0.08225466957690412;0.9165159953463284;-0.5283791076893807;0.2938570490496407;1.5914567279000535;0;53.733356730000004;86.84109433
-0.0091771183848271;0.031218600456637203;-0.0723972672580809;0.00503024820181758;1.0029643489565483;0.011221745685457146;0.00012592757622907608;1.0216993359163489;0.043513835399081824;4.464098990898085;0.2865658011913832;0.08211995841245937;0.9165159953463284;-0.5243957600162761;0.249937878679456;1.3851689050898508;0;53.733421;86.84073364000001
-0.0285510349750178;0.03363415257676009;-0.0703579076170082;0.005123545838420401;1.0052171030171289;0.011220663282631396;0.00012590328450219238;1.0216993359163489;0.043513835399081824;4.464098990898085;0.29117423399401415;0.0847824345420009;0.9165159953463284;-0.5243957600162761;0.17800785015069204;1.2879339480094263;0;53.73349976000001;86.8403772
0.0183542367696543;0.027804017694640127;-0.0652595085143265;0.005535410064194787;0.978185500517267;0.010906139102120573;0.00011894387011480333;1.0216993359163489;0.043513835399081824;4.409506542296211;0.3195696269953066;0.10212474649791942;1.067982515486594;-0.5243957600162761;0.10800604046301175;0.9527948308070244;0;53.73358724;86.84002436
0.0112164780258998;0.023769453769511315;-0.0632201488732537;0.00666247173553961;1.0216993359163489;0.010833696941470121;0.00011736898941961906;1.0216993359163489;0.043513835399081824;4.409506542296211;0.37754084349534917;0.14253708850717972;1.1688366056094344;-0.5243957600162761;0.07176114496505338;0.770773331258924;0;53.73368267000001;86.83966923
0.0254919955134087;0.024474734952495844;-0.0652595085143265;0.00807219690465796;0.999704933473401;0.011666040304546764;0.00013609649638730953;1.0216993359163489;0.043513835399081824;4.208525987970409;0.4688079524864793;0.21978089631456502;1.5267291218040384;-0.3584168584269428;0.05532725748693795;0.7924097117195498;0;53.73377896000001;86.8393124
0.0265116753339451;0.02222106703335045;-0.0672988681553992;0.007627745777743977;0.998849643363605;0.01186297571446758;0.0001407301928020476;1.0216993359163489;0.043513835399081824;4.139397907062135;0.44116228108605177;0.19462415825304855;1.4576010408957645;-0.1767456243680472;0.05284218007621714;0.7901090865504045;0;53.733874730000004;86.83893713
-0.0224329560517997;0.03186034884505619;-0.058121749770572;0.007339058488111726;0.9971556312885158;0.016682607300584004;0.00027830938634549875;1.0386879288920798;0.06050242837481279;4.013570701142991;0.4383750173807414;0.19217265586356536;1.3317738349766204;-0.1767456243680472;0.048720799848328285;0.622881227863666;0;53.73396752;86.83854096
0.0275313551544814;0.03095101070221461;-0.0560823901294993;0.008983894252424948;0.9920782485621389;0.017376902015040125;0.0003019567236403056;1.0386879288920798;0.06050242837481279;3.944918767334148;0.5371253945255343;0.28850368944421084;1.597406901499118;-0.1767456243680472;0.0501933955028094;0.622881227863666;0;53.73405837;86.83813517
-0.0219231161415315;0.03298978969055155;-0.0474151116549403;0.008725564131822893;1.0133795113197663;0.014681898856074798;0.00021555815402001045;1.0386879288920798;0.04660968032994095;3.944918767334148;0.5138560895704751;0.2640480807886602;1.597406901499118;-0.1767456243680472;0.04599190368723797;0.622881227863666;0;53.73415026;86.83771762
0.011726317936168;0.03342189760129893;-0.0693382277964719;0.010553261951599755;1.0078606594938733;0.014985055861294852;0.0002245518991661272;1.0386879288920798;0.04660968032994095;3.944918767334148;0.6232196250035532;0.3884027009895695;1.8356561252373549;-0.1767456243680472;0.044752188999615666;0.622881227863666;0;53.73425056999999;86.83729568999999
-0.0683185479759355;0.0311370809040681;-0.0550627103089629;0.013511452354646762;1.0386879288920798;0.01633379674323908;0.0002667929160494476;1.0386879288920798;0.04660968032994095;3.944918767334148;0.7896721867029716;0.6235821624522527;2.536713602579554;-0.1767456243680472;0.04396586570507691;0.622881227863666;0;53.734347230000004;86.83689315
-0.0163148771285816;0.028194756544496064;-0.0418068726419904;0.013571172714809603;1.0206669026792583;0.01575860984427666;0.0002483337842241333;1.0386879288920798;0.04660968032994095;3.944918767334148;0.7827138146312282;0.6126409156145688;2.536713602579554;-0.1767456243680472;0.030226509743419186;0.4255070454351755;0;53.734458399999994;86.83647696
-0.0448659121035994;0.03137529751101345;-0.0560823901294993;0.01551129682750576;1.0222060071045227;0.014349454670988358;0.00020590684935474962;1.0386879288920798;0.04660968032994095;3.944918767334148;0.8848490282988587;0.7829578028814344;2.79332312037948;-0.1767456243680472;0.030034887818538365;0.4214734217523506;0;53.73458744;86.83605048000001
-0.0356887937187723;0.031942915954451416;-0.037728153359845;0.02813163592324617;1.025074949164375;0.011350994227219252;0.00012884506994636477;1.0386879288920798;0.03380135524021566;3.944918767334148;1.5803178502352362;2.497404507772118;5.766025188058019;-0.1767456243680472;0.027607061853776663;0.4214734217523506;0;53.73473523;86.83561714999999
-0.0316100744366268;0.057930518517207506;-0.0254919955134087;0.029108490503792973;1.0372997132242576;0.01564986738820786;0.00024491834926849184;1.0386879288920798;0.05181655976965294;3.944918767334148;1.6331671290572047;2.667234871432952;5.766025188058019;-0.1767456243680472;0.027633530644380188;0.4214734217523506;0;53.73489741000001;86.83518029000001
0.003059039461609;0.05825140066740588;-0.0316100744366268;0.031817759536714875;1.0048865736518642;0.01539639783755534;0.00023704906637227874;1.0386879288920798;0.05181655976965294;4.781724552572656;1.7734719886117036;3.1452028943903505;6.602830973296527;-0.206253047168478;0.025472222359411947;0.39196599895191975;0;53.73505944;86.83475096
-0.0632201488732537;0.054403207359040626;-0.020393596410727;0.03514605744784696;1.0147187358560616;0.016198447038215793;0.000262389686449882;1.0372997132242576;0.050428344101830724;4.831704068790009;1.9865402769534268;3.946342271958198;6.652810489513879;-0.1985246367074663;0.02609315692357503;0.39969440941293144;0;53.735210710000004;86.83433391000001
0.0305903946160905;0.05519253496678699;0.0326297542571632;0.03509013281902022;1.0267725179616547;0.01626920560873689;0.0002646870511393559;1.0372997132242576;0.050428344101830724;4.831704068790009;1.9837915531557313;3.9354289263720283;6.652810489513879;-0.0636969331447222;0.0338543617035097;0.5345221129756755;0;53.73535253;86.83392277
0.1289894972978484;0.054055213968303956;-0.0066279188334862;0.03515887467111132;0.9868713691224269;0.016157202047714505;0.00026105517801066974;1.0372997132242576;0.050428344101830724;4.831704068790009;1.988098989767721;3.952537593115433;6.652810489513879;0.0568848290859117;0.050175740895797794;0.6551038752063095;1;53.73547698;86.83351218
0.0188640766799225;0.05289147803636197;-0.0856531049250535;0.03519532891235315;1.0275085671777093;0.015861336801282412;0.0002515820051237158;1.0372997132242576;0.050428344101830724;4.831704068790009;1.9905448630258584;3.9622688517186333;6.652810489513879;0.2317662093728739;0.07980581122802609;0.8299852554932716;1;53.73557522;86.83308818
0.0122361578464362;0.054085874261325335;-0.0836137452839808;0.03554936744405506;0.9926927391829403;0.013266034625979303;0.00017598767469768182;1.0275085671777093;0.04063719805528243;4.831704068790009;2.009625427324103;4.038594358147584;6.652810489513879;0.2317662093728739;0.09485612817582115;0.8299852554932716;0;53.73564484;86.83264068000001
-0.0326297542571632;0.054567004316031446;-0.037728153359845;0.03561365485586451;1.0081685562823612;0.014387596614984703;0.00020700293635551927;1.0289736548175412;0.042102285695114317;4.831704068790009;2.012387025578946;4.049701540718478;6.652810489513879;0.2317662093728739;0.08076216514785159;0.8299852554932716;0;53.73568097;86.83217249
-0.0295707147955541;0.05143507327913888;-0.0571020699500356;0.036492612462505916;1.019670133532043;0.015086945031690193;0.0002276159103892414;1.0289736548175412;0.042102285695114317;4.831704068790009;2.0626947565938885;4.254709658879921;6.652810489513879;0.2317662093728739;0.05496847474182857;0.7115765695182679;0;53.73568342;86.83168086
-0.0142755174875089;0.05094726932870435;-0.040787192821454;0.0326040751293588;1.0063325484584706;0.01442405492053922;0.00020805336035073168;1.0289736548175412;0.042102285695114317;4.831704068790009;1.8486673153608566;3.4175708428835168;5.4985751956010605;0.2317662093728739;0.04447701813973049;0.5848389827443361;0;53.735653639999995;86.83116724
-0.0458855919241358;0.02668026885807268;-0.0173345569491179;0.033592780422315255;1.0116924856231675;0.030553009872520565;0.0009334864122703392;1.0289736548175412;0.1041128153240024;4.831704068790009;1.9068202917846702;3.6359636251617746;5.4985751956010605;0.2317662093728739;0.08523245910082261;0.9786629146259382;0;53.73560151;86.83062871000001
-0.0224329560517997;0.026203985895365874;-0.0428265524625267;0.028988532676724604;1.0289736548175412;0.029559592477557;0.0008737695074392443;1.0289736548175412;0.1041128153240024;4.831704068790009;1.660098401803243;2.7559267036696813;5.4985751956010605;0.2317662093728739;0.13048622431874782;1.0091055297664522;0;53.7355385;86.83007674000001
0.0418068726419904;0.025648376597909656;-0.0071377587437544;0.02269382654139397;1.026674287559425;0.0293554190802215;0.0008617406293754325;1.0289736548175412;0.1041128153240024;3.2102735627220205;1.2805150258186868;1.6397187313474324;3.877144689533073;0.2317662093728739;0.17922282482332597;1.085376946890705;0;53.73547523;86.82950403
-0.003059039461609;0.024622036239410325;0.011726317936168;0.02287130699604621;1.0075165496153602;0.029415020194354324;0.0008652434130342727;1.0289736548175412;0.1041128153240024;3.2102735627220205;1.2933532077376622;1.6727625199653002;3.877144689533073;0.2317662093728739;0.18206852726692077;1.085376946890705;0;53.73541165;86.82890541
-0.0040787192821454;0.024040391977191922;0.0020393596410727;0.02058642395561524;0.9248608394935388;0.0313380856202064;0.0009820756103393873;1.0399124550299645;0.11505161553642573;2.3853766198220323;1.1608174073175228;1.347497053131376;3.0522477466330846;0.2317662093728739;0.18454977314693205;1.085376946890705;1;53.73534691;86.82828003
0.0142755174875089;0.023947947570129854;-0.0168247170388498;0.022124676379952836;1.0005492306591013;0.0315022487786726;0.0009923916781133793;1.0399124550299645;0.11505161553642573;2.9369680405074674;1.2460099408021577;1.5525407725777967;3.6038391673185197;0.2900634804668318;0.19130036693946428;1.1436742179846628;0;53.735282010000006;86.82764169
-0.0260018354236769;0.020077380872214962;-0.0020393596410727;0.02369619287218599;1.0057425450990303;0.031464936073062895;0.0009900422020819345;1.0399124550299645;0.11505161553642573;2.9369680405074674;1.3346301316958715;1.7812375884305394;3.6038391673185197;0.3372024442579684;0.206274683305626;1.1908131817757996;0;53.73521578;86.82699434
-0.0101967982053635;0.020761957097866483;-0.0397675130009177;0.026628853859812153;0.9960539179586126;0.031204654889612774;0.0009737304867798344;1.0399124550299645;0.11505161553642573;2.9369680405074674;1.4999710978734193;2.249913294455591;4.703103498335401;0.3372024442579684;0.23069580004486795;1.1908131817757996;0;53.73514561;86.82635073
0.0061180789232181;0.014750056212016893;-0.0418068726419904;0.026693201808276622;1.0399124550299645;0.03078376070024791;0.0009476399228501276;1.0399124550299645;0.11505161553642573;2.9369680405074674;1.5033594565329684;2.260089655547102;4.703103498335401;0.3372024442579684;0.24203026577442266;1.1908131817757996;0;53.73507015;86.82571463000001
-0.0112164780258998;0.01927115430854545;-0.0520036708473539;0.025616827242749995;1.0149569425462115;0.030837547949430694;0.0009509543635334371;1.0399124550299645;0.11505161553642573;2.9369680405074674;1.441802999199471;2.0787958885005895;4.703103498335401;0.3372024442579684;0.24122739457772674;1.1908131817757996;0;53.73498981;86.82508901
0.0142755174875089;0.023252339562259916;0.0061180789232181;0.02560284296466214;1.0096024928969585;0.016969441143886647;0.000287961932735833;1.0399124550299645;0.05478986441383282;2.9369680405074674;1.4430215420562913;2.082311170838517;4.703103498335401;0.3372024442579684;0.20050266257538443;1.1908131817757996;0;53.73490824;86.82446472
-0.0275313551544814;0.02260386101393607;0.0316100744366268;0.026178623173778236;1.0256352040414167;0.016811845915615464;0.00028263816309039637;1.0399124550299645;0.05478986441383282;2.9369680405074674;1.476050006779238;2.178723622512988;4.703103498335401;0.3372024442579684;0.15530734660295104;1.1908131817757996;0;53.734828449999995;86.82383709
-0.0142755174875089;0.029952293196159028;-0.0040787192821454;0.0270485435499972;0.9851225906161317;0.018417019760340787;0.000339186616852783;1.0399124550299645;0.05534729935087468;2.9369680405074674;1.5272455014178352;2.332478821601015;4.703103498335401;0.3581516827885367;0.07381839986576531;0.8453489020149929;0;53.734748339999996;86.8232117
-0.0458855919241358;0.045373396886996;-0.0061180789232181;0.026442080170821138;1.0095252506120347;0.01840451869222121;0.00033872630829231986;1.0399124550299645;0.05534729935087468;2.9369680405074674;1.4877513455744231;2.213404066258507;4.703103498335401;0.3581516827885367;0.03051366394412658;0.4925868994533479;0;53.734649309999995;86.82258019
0.0305903946160905;0.04642527183993627;-0.0295707147955541;0.025318969119439448;0.9859291514140395;0.014920577143668803;0.00022262362230017192;1.0256352040414167;0.04107004836232686;2.9369680405074674;1.4379619775333263;2.0677346488315544;4.703103498335401;0.3581516827885367;0.058343922204186854;0.7142095172764162;0;53.73452844;86.82198572
-0.0254919955134087;0.04710340145396011;0.0020393596410727;0.018900022126315016;1.009806898965098;0.014989530119978087;0.00022468601321773028;1.0256352040414167;0.04107004836232686;1.718715055715442;1.0845060054486637;1.176153275854217;3.4848505135433756;0.3581516827885367;0.11505448160350198;1.02595369740188;0;53.73438171;86.82143963
0.0550627103089629;0.059464835755896235;0.0101967982053635;0.02698589917458554;0.9845651556790899;0.02091643142304708;0.00043749710347503124;1.0475581270747354;0.06299297139564553;1.718715055715442;1.5090858747770208;2.277340177451526;5.513916817697773;0.3581516827885367;0.2442200242763056;1.5494325417538468;0;53.73421512;86.8209556
0.1060467013357805;0.06259042574697772;0.0152951973080452;0.027777620515608493;1.0181951054803278;0.020185077472623485;0.00040743735257581205;1.0475581270747354;0.06299297139564553;1.718715055715442;1.5552513042137062;2.4188066192584343;5.513916817697773;0.3581516827885367;0.40332391681040974;1.8849655197879038;1;53.73402794;86.8205201
0.0402773529111858;0.06451172988162077;0.0275313551544814;0.027188062735774413;0.9964026386812501;0.02725801847370892;0.0007429995711130568;1.0683626890686575;0.08379753338956764;1.718715055715442;1.5188353876230716;2.306860934696126;5.513916817697773;0.3581516827885367;0.5982680703000968;2.2100739518603865;1;53.73381663;86.82011679
-0.0214132762312633;0.06317264190295198;0.0285510349750178;0.02881064186759499;0.9897330864755269;0.027904462292516752;0.0007786590158344892;1.0683626890686575;0.08379753338956764;1.718715055715442;1.6135986587651583;2.6037006315687177;5.513916817697773;0.3581516827885367;0.891621982539297;2.7027518093949725;1;53.733579539999994;86.81974658
-0.1040073416947078;0.06266697832583258;0.0693382277964719;0.027012481979083822;1.0475581270747354;0.0267606078580094;0.0007161301329301543;1.0683626890686575;0.08379753338956764;1.1169268676894395;1.5044559645977102;2.2633877494136265;4.91212862967177;0.3581516827885367;1.1195474950252218;2.815557459124365;1;53.733313439999996;86.81941648
-0.0662791883348628;0.06250805026373599;0.040787192821454;0.028096707516764925;1.0175617851624288;0.03347357533882185;0.0011204802459637824;1.0683626890686575;0.11897725364558098;1.1169268676894395;1.57009230617571;2.465189849912159;4.91212862967177;0.3581516827885367;1.061967274888601;2.815557459124365;1;53.73301903;86.81912463
-0.0540430304884266;0.06046569026243123;0.0295707147955541;0.02968773665924483;1.0683626890686575;0.03271750769095591;0.001070435309507759;1.0683626890686575;0.11897725364558098;1.1169268676894395;1.6605535991330587;2.757438255593755;4.91212862967177;0.0584796497668989;0.9338926135004336;2.8045021759127406;0;53.73269906;86.81887121999999
-0.0081574385642908;0.04474759812908926;-0.0193739165901906;0.031830828130687015;0.9939003121770106;0.03676565699321862;0.001351713534143005;1.0683626890686575;0.11897725364558098;1.287765538496249;1.7887865389827737;3.1997572820459705;5.08296730047858;-0.3560578344878795;0.7549567774137793;2.515385259956763;0;53.73237026;86.81866018000001
-0.0387478331803813;0.07188087827838795;-0.0188640766799225;0.03205267458209655;1.0012338135693912;0.03829913904438524;0.001466824051541154;1.0683626890686575;0.11897725364558098;1.287765538496249;1.8062534178712522;3.2625514095715804;5.08296730047858;-0.6678020146133432;0.5822029494773614;2.296445149952727;0;53.7320293;86.81844722000001
-0.0040787192821454;0.07398759115892331;-0.0101967982053635;0.03159014968026686;0.9493854354230765;0.038867315189697126;0.0015106681900552608;1.0683626890686575;0.11897725364558098;1.287765538496249;1.7746889344750445;3.1495208141481688;5.08296730047858;-1.19128085896531;0.4558982633748264;2.1639032966167946;1;53.731689519999996;86.8182124
0.0346691138982359;0.07266724232905367;-0.0132558376669725;0.02347134716807845;0.9989563344659088;0.037125954086007766;0.0013783364667963567;1.0683626890686575;0.11897725364558098;1.287765538496249;1.34118744734405;1.7987837689132489;3.584982546051905;-1.5268138369993671;0.4835587518980807;2.3584263779891863;1;53.73134833;86.81792497
-0.0479249515652085;0.07313007373086913;-0.0214132762312633;0.021136060361382776;0.9528082704874357;0.03782921195194761;0.0014310492769053762;1.0683626890686575;0.11897725364558098;1.7641254819986067;1.2035409723393742;1.4485108720996065;3.60573158478308;-1.8519222690718495;0.3954035612925078;2.0333179459167043;1;53.73101988;86.8175914
-0.2273885999796064;0.07337987991298402;0.0311002345263587;0.024969782273571276;0.9677525689341401;0.028319811858273612;0.0008020117436880148;1.0340468437021904;0.08466140827911384;1.7641254819986067;1.4472705518457456;2.094592050239889;4.53898251456702;-2.264664026037675;0.31124716019415044;1.6205761889508787;1;53.73071161;86.81722169
-0.1233812582848985;0.07375950306242983;0.0020393596410727;0.024773999754147957;0.9765237856769668;0.02919500152409889;0.0008523481139921365;1.0340468437021904;0.08466140827911384;1.7641254819986067;1.435010872006701;2.059256202777432;4.53898251456702;-2.264664026037675;0.2744308816870087;1.6205761889508787;1;53.730424330000005;86.81681921
-0.0662791883348628;0.07369251451891644;-0.003059039461609;0.024963593308948255;1.0340468437021904;0.029127690241015625;0.000848422338776557;1.0340468437021904;0.08466140827911384;1.7641254819986067;1.4459819334031576;2.0908637517283335;4.53898251456702;-2.264664026037675;0.2515480630920207;1.6205761889508787;1;53.73015568999999;86.81638673
-0.0326297542571632;0.07255778064636548;-0.0316100744366268;0.03268745853576484;1.0268034028987425;0.02596525267692919;0.0006741943465767786;1.0340468437021904;0.0812385732147547;1.7641254819986067;1.9008126501698248;3.6130887310456328;5.537468868355344;-2.746022526145842;0.15074023356187477;1.1392176888427117;1;53.729906189999994;86.81592219000001
-0.037728153359845;0.07255778064636548;0.0479249515652085;0.03228968209195899;0.9899505228525545;0.025943761920547828;0.0006730787825900675;1.0340468437021904;0.0812385732147547;1.7641254819986067;1.8765367582294687;3.5213902049863637;5.537468868355344;-2.8714430944446425;0.10382156915969606;1.0137971205439111;1;53.729672789999995;86.81541999000001
-0.003059039461609;0.07268862218927317;-0.0163148771285816;0.03726461257059714;1.0116585699575624;0.026833355029952648;0.000720028942163485;1.0477432200723646;0.07999065113822457;1.7641254819986067;2.111672456227566;4.459160562390162;5.9499329573621385;-2.96424716456607;0.06374529798358883;0.9209930504224837;0;53.72945658;86.8148889
-0.0418068726419904;0.06769936850289723;-0.0214132762312633;0.03854039771528597;0.9993710204312924;0.026724597034215848;0.0007142040866412186;1.0477432200723646;0.07159749136787241;1.7641254819986067;2.1720608404496127;4.7178482946146785;5.9499329573621385;-3.355184155582105;0.03092724031945023;0.5300560594064487;0;53.72927506999999;86.81434131
-0.0214132762312633;0.06498995817287498;0.0642398286937901;0.03814539240814942;0.9761457287044922;0.023954457340817994;0.0005738160264930691;1.0477432200723646;0.07159749136787241;1.7641254819986067;2.14971566068424;4.621277421791077;5.9499329573621385;-2.8673626876530385;0.07573784522139101;1.0178775273355152;1;53.729136329999996;86.81378785000001
0.0346691138982359;0.07383871388830746;0.0158050372183134;0.04178921795261417;0.9979744763190245;0.023241610718069065;0.0005401724687702628;1.0477432200723646;0.07159749136787241;2.100521749919916;2.360141335438824;5.570267123246954;6.286329225283448;-2.110675863189678;0.23882419882668587;1.6027624679304369;1;53.72904357;86.81327013
-0.040787192821454;0.07518397722096597;0.0764759865402263;0.046064035108987544;1.0477432200723646;0.037035005977625296;0.0013715916677627413;1.0477432200723646;0.13069497988606327;3.697632749637103;2.6689227832468836;7.123148822934291;7.883440225000635;-1.431336008606996;0.5825015753301378;2.282102322513119;1;53.72899042;86.81279458
-0.2080146833894157;0.07503447139106327;0.0499643112062812;0.046929926000102;1.044873828100716;0.03730065848102745;0.001391339123118245;1.0477432200723646;0.13069497988606327;3.697632749637103;2.7083132542347763;7.3349606830637635;7.883440225000635;-1.431336008606996;0.7988120879588698;2.282102322513119;1;53.72898103;86.81236791
0.0020393596410727;0.08781364895563067;0.0254919955134087;0.04775905686497312;1.0189811004656395;0.037373849244034876;0.0013968046073158462;1.0477432200723646;0.13069497988606327;3.697632749637103;2.7618154643598007;7.627624659176941;7.883440225000635;-1.431336008606996;0.930763740954955;2.282102322513119;1;53.72901927;86.81199143
-0.1529519730804527;0.08795660384833319;-0.0367084735393086;0.04660765986162566;1.0015187020550647;0.03741744132844764;0.0014000649155678216;1.0477432200723646;0.13069497988606327;3.697632749637103;2.6992392727202366;7.285892651395271;7.883440225000635;-1.431336008606996;0.9414719000053915;2.282102322513119;0;53.7291006;86.81165548
-0.1009483022330988;0.09091214283019584;-0.0591414295911083;0.04440247395768134;0.9170482401863014;0.03645158716687269;0.001328718206984118;1.0477432200723646;0.13069497988606327;3.697632749637103;2.5469353110113055;6.486879478476256;7.883440225000635;-1.431336008606996;0.8211277316069487;2.14954279444686;0;53.729224910000006;86.81136763
-0.0744366268991536;0.0874952232133921;-0.0356887937187723;0.04454187553055268;0.9833832578809972;0.03687165604892087;0.001359519019789923;1.0477432200723646;0.13069497988606327;3.697632749637103;2.54954493935301;6.500179397780544;7.883440225000635;-1.431336008606996;0.6578025000128439;1.9457550228076776;0;53.72939924;86.81112979999999
0.0907515040277353;0.09189855543468826;0.046395431834404;0.036351462452175555;1.0136008508114767;0.03975369586839883;0.0015803563351971502;1.0671488866515044;0.15010064646520305;3.697632749637103;2.1112041320178045;4.457182887049052;6.438476861249765;-1.268363621619884;0.4972370499442262;2.1087274097947897;1;53.729625809999995;86.81093141
-0.0713775874375446;0.07262939488726432;-0.0020393596410727;0.03490991012727926;1.0059026437164917;0.040328820273408034;0.001626413744644847;1.0671488866515044;0.15010064646520305;3.697632749637103;2.033346778145096;4.134499120193042;6.321142342184382;-1.082975677823688;0.2547279222473418;1.7843870098293504;1;53.729902249999995;86.81074960999999
0.023452635872336;0.07195316623635482;-0.023452635872336;0.03321685162106336;0.997798256654616;0.04743920842870695;0.0022504784963423004;1.0864553311211678;0.1694070909348664;3.697632749637103;1.9337945922702238;3.739561525093561;6.321142342184382;-0.8072488555065531;0.117077830555458;1.303427007683125;1;53.7301892;86.81056808
-0.0071377587437544;0.05779185249341478;-0.0112164780258998;0.038579346410019325;1.0218056763013297;0.05036525075258915;0.0025366584833711823;1.0864553311211678;0.1694070909348664;4.038900833282382;2.183910473858447;4.769464957828628;6.662410425829661;-0.2922180474174664;0.1741591813155568;1.2923916046328623;1;53.73047336;86.81036584
0.0346691138982359;0.05596381712623614;0.0010196798205363;0.039574766528119205;1.0671488866515044;0.03701978762685705;0.0013704646759375983;1.0864553311211678;0.10307207324017054;4.038900833282382;2.204831007315944;4.86127977082184;6.662410425829661;0.1242333593215491;0.35406913464758616;1.7088430113718778;1;53.73074029000001;86.81013100999999
-0.0050983991026817;0.049083813338420185;0.040787192821454;0.04889137607043454;1.0500553674287634;0.03421049134462004;0.001170357718040323;1.0864553311211678;0.09576829544954468;5.995080420236095;2.7416847404359954;7.516835215939592;8.618590012783375;0.1242333593215491;0.4540222475502045;1.7088430113718778;1;53.730980220000006;86.80987174
-0.0295707147955541;0.04108127330310259;-0.0142755174875089;0.04458827825827556;1.0864553311211678;0.034440792373256875;0.001186168179297789;1.0864553311211678;0.09576829544954468;5.995080420236095;2.4994734789321797;6.247367671885335;8.221174518019815;1.0622993256932811;0.7786326496346346;2.64690897774361;1;53.73118837;86.80958837
0.0071377587437544;0.04148035006294713;-0.07545630671969;0.043646055101391495;1.0713089288666742;0.03367656792777252;0.001134111227393877;1.0864553311211678;0.09576829544954468;5.995080420236095;2.446004829172414;5.982939624334771;8.221174518019815;1.0622993256932811;0.859368270461162;2.64690897774361;1;53.731369470000004;86.80929075
0.0825940654634444;0.04512830461127621;-0.0662791883348628;0.04354628468513796;0.9906870356716231;0.03719063896714777;0.00138314362678473;1.0864553311211678;0.11323570946586825;5.995080420236095;2.439399674211582;5.950670770543573;8.221174518019815;1.0622993256932811;0.7107520584622672;2.5513079770886606;1;53.731521310000005;86.80896386999999
-0.0101967982053635;0.04625059549075319;-0.1055368614255123;0.04992209573779724;1.0104726052000381;0.03715586001441538;0.0013805579334108314;1.0864553311211678;0.11323570946586825;5.995080420236095;2.7985692615959925;7.831989911949939;8.336348664434293;1.0622993256932811;0.5783009571961206;2.330662947313165;0;53.73163934;86.80860318
-0.020393596410727;0.04395491612718435;-0.0683185479759355;0.053451499911973725;1.0099633935277934;0.03494976039120211;0.0012214857514024399;1.0864553311211678;0.11323570946586825;5.995080420236095;2.994195675983118;8.965207746076;8.336348664434293;1.0622993256932811;0.4727363012663116;2.145275003516969;0;53.731721719999996;86.8082094
-0.0734169470786173;0.05134121368071911;-0.0535331905781584;0.05610064354768937;1.0176262843862034;0.03400853285664276;0.0011565803070613502;1.0864553311211678;0.11323570946586825;5.995080420236095;3.1522792848366117;9.936864689610019;9.228897446775846;1.0622993256932811;0.45136332475929714;2.033076786274635;0;53.73176127000001;86.80779839
-0.0642398286937901;0.051511607764266304;-0.0265116753339451;0.06461882021960358;0.9732196216552995;0.026346996638973597;0.0006941642318940861;1.0713089288666742;0.09808930721137465;5.995080420236095;3.6254614418985738;13.143970666693287;10.080408697518177;1.0622993256932811;0.525751238941098;2.274982806193677;0;53.73177795;86.80737475000001
-0.040787192821454;0.05248267481425036;0.0418068726419904;0.06563331630694352;1.0233872643534245;0.01906380594248979;0.00036342869701290904;1.0363990783576575;0.06317945670235803;5.995080420236095;3.7081719463374734;13.750539183604245;10.080408697518177;1.0622993256932811;0.6831328106314045;2.515445205879454;0;53.73177973000001;86.80694645
-0.0418068726419904;0.04314184999302362;0.0346691138982359;0.06512440714138686;1.0363990783576575;0.02036795070313093;0.00041485341584517174;1.0363990783576575;0.06317945670235803;5.995080420236095;3.688120890855027;13.602235705561279;10.080408697518177;1.0622993256932811;0.8075251049716865;2.652381196519459;0;53.731774560000005;86.80652144000001
0.0642398286937901;0.043971504245871755;0.0576119098603038;0.051534030341194914;1.0212923163323588;0.03605098405118704;0.0012996734510589427;1.0363990783576575;0.11729812771443504;3.878710721489751;2.9191310966625097;8.521326359502066;7.964038998771834;1.0622993256932811;0.9271348922569944;2.871753738416442;1;53.73176538;86.80608473999999
0.0122361578464362;0.04497267764294543;0.0734169470786173;0.046805907810754104;1.0305286036169536;0.03960647920955672;0.0015686731953770486;1.05542575418615;0.13632480354292753;3.0154904556157525;2.615618501105711;6.841460143326488;8.559662751117683;0.6749365259337965;0.6429426383752272;2.498104905563922;1;53.73174959000001;86.80563631
0.0260018354236769;0.038496008155469934;0.0601611094116447;0.03450983959900217;1.0243278889303389;0.03975274473169751;0.0015802807137035042;1.05542575418615;0.13632480354292753;1.5609991876862517;1.9195456049691821;3.6846553295565037;7.105171483188181;-0.0606373016978169;0.34385248993409856;1.7625310779323087;1;53.731712820000006;86.80512338
0.0132558376669725;0.0377572703653232;0.0642398286937901;0.025657383573889952;0.9821051895200837;0.03961685594287368;0.0015694952747984056;1.05542575418615;0.13632480354292753;-1.3985855992206415;1.4270865540412103;2.0365760327252165;4.145586696281288;-0.6264574046071578;0.2029145152271333;1.1967109750229679;1;53.7316599;86.80459174
0.0132558376669725;0.09248796699847296;0.0224329560517997;0.02509145693110212;0.9191009506432225;0.04050046574789186;0.001640287725796162;1.05542575418615;0.13632480354292753;-1.3985855992206415;1.3957882381950912;1.9482248058837568;4.145586696281288;-0.6217218516237552;0.22629445218251906;1.2014465280063704;1;53.73159396999999;86.80405221
0.0214132762312633;0.0940597292978136;0.1019679820536351;0.034996176324362756;1.05542575418615;0.03990933902082179;0.0015927553410788886;1.05542575418615;0.13632480354292753;1.0788435770731906;1.95889547839769;3.837271495286915;6.62301587257512;-0.3410000957296419;0.27533747222841154;1.4821682839004837;1;53.7315288;86.80350832
-0.0061180789232181;0.09133092590845822;0.0316100744366268;0.03613450774534978;1.022226350099638;0.03962860248078818;0.0015704261345803308;1.05542575418615;0.13632480354292753;1.0788435770731906;2.0269309616814213;4.108449123422772;6.62301587257512;-0.3410000957296419;0.34727520591169453;1.4821682839004837;0;53.7314933;86.8029173
-0.0601611094116447;0.09565156243829012;0.0887121443866625;0.03528822317377518;0.974608030829053;0.039059145649891235;0.0015256168588994171;1.05542575418615;0.13632480354292753;1.0788435770731906;1.9858082006071698;3.943434209598686;6.62301587257512;-0.3410000957296419;0.36991978671584186;1.4821682839004837;0;53.731468140000004;86.80232382
-0.2661364331599877;0.09407371478242091;0.0642398286937901;0.03680213940593535;0.9762607587147445;0.041929816511417944;0.001758109512681177;1.05542575418615;0.13632480354292753;1.0788435770731906;2.0743565322526645;4.302955022899299;6.62301587257512;-0.3410000957296419;0.36956016217613025;1.4821682839004837;1;53.7314401;86.80171722
-0.078515346181299;0.0928664062581356;-0.0193739165901906;0.03773948143497189;1.0289807280827366;0.04262902096443966;0.0018172334283866355;1.05542575418615;0.13632480354292753;1.0788435770731906;2.125461141152639;4.517585062549878;6.62301587257512;-0.3410000957296419;0.3362226065685106;1.4821682839004837;0;53.73140909;86.80108972999999
0.0346691138982359;0.09407887246049593;0.0254919955134087;0.0436734420886131;1.0144748362357703;0.0355896653823139;0.0012666242820250726;1.05542575418615;0.11761906654850462;1.7962690636831573;2.472919911867009;6.115332890508336;7.340441359185087;-0.3410000957296419;0.2627336509429922;1.4821682839004837;1;53.7313811;86.8004371
0.0672988681553992;0.09427741232616524;0.0489446313857448;0.03791661432296566;0.9773432939734863;0.03198359899811151;0.0010229506048719996;1.0332662714543408;0.09545958381669539;1.7962690636831573;2.2060103031125133;4.866481457438563;7.018754787450691;-0.3410000957296419;0.15265723507999265;1.3935424225328827;1;53.73136068;86.79975876
-0.0346691138982359;0.09847760197887881;0.0122361578464362;0.03983340351934735;0.9378066876376454;0.030413632144550284;0.0009249890202240224;1.0332662714543408;0.09545958381669539;1.7962690636831573;2.3224218316809804;5.39364316426844;7.018754787450691;-0.3033168788759461;0.04391293523809355;0.5869561545218054;1;53.73136189;86.79909949
-0.0316100744366268;0.10406965068193293;0.0071377587437544;0.03140382093287344;0.9641421846867096;0.031322229948434886;0.0009810820889426313;1.0332662714543408;0.09545958381669539;1.7962690636831573;1.817872956884077;3.304662087370457;5.569167204015178;-0.0211881307668768;0.06612320682613303;0.8690849026308747;1;53.73137808;86.79843472
0.0316100744366268;0.05239653528674704;-0.0316100744366268;0.02654237867787203;1.0084349890329325;0.031225714291433327;0.0009750452330102235;1.0332662714543408;0.09545958381669539;1.7962690636831573;1.5208406762410873;2.312956362509448;4.666800150303347;0.2645344403076194;0.12476387039761577;1.1548074737053708;1;53.73139872;86.79775904
0.0244723156928724;0.03975970485683019;-0.0091771183848271;0.03121291027125171;1.0332662714543408;0.02936354269740291;0.0008622176397422036;1.0332662714543408;0.09545958381669539;2.8483906820579823;1.7949026189001371;3.2216754113345707;5.718921768678172;0.6287120950786895;0.23841445783442566;1.5189851284764408;1;53.731376250000004;86.79704537
0.0596512695013765;0.06230738318490053;-0.0193739165901906;0.030660229062045363;0.985987811007156;0.030856408581635318;0.0009521179505568177;1.0332662714543408;0.09545958381669539;2.8483906820579823;1.7648745228831666;3.1147820815220846;5.718921768678172;0.8119133066767369;0.36884513238000544;1.7021863400744883;1;53.73129716;86.79639540000001
0.0917711838482716;0.06046492600642432;0.0285510349750178;0.03251097372833395;1.0211537221672733;0.030146910446685136;0.0009088362094804533;1.0332662714543408;0.09545958381669539;3.94610794759136;1.8665308955122368;3.483937583901713;5.729167818744165;0.8119133066767369;0.42626204941665563;1.7021863400744883;0;53.73118425;86.79576025000001
0.0254919955134087;0.062311091381065865;0.0316100744366268;0.0345290414939769;1.0159031978973054;0.0214200856114183;0.00045882006760048925;1.0332662714543408;0.06912408676763115;3.94610794759136;1.9723205064786014;3.8900481802760063;5.729167818744165;0.8119133066767369;0.37017170509425645;1.7021863400744883;0;53.73105538;86.79514754
0.0397675130009177;0.062311091381065865;-0.049454471296013;0.034284601669122956;0.9951935311617708;0.01811376897404543;0.0003281086264450908;1.0332662714543408;0.051771077980864666;3.94610794759136;1.9601467155337848;3.8421751464178846;5.729167818744165;0.8119133066767369;0.2873045079706719;1.4264466556868585;0;53.73091554;86.79455714000001
-0.1213418986438258;0.06388187603815386;-0.0122361578464362;0.0381845549196777;1.0299846385627598;0.018163544310116565;0.00032991434190556777;1.0332662714543408;0.051771077980864666;4.334605593423642;2.176446355859427;4.736918739933781;6.117665464576447;0.8119133066767369;0.24643566820929155;1.4264466556868585;0;53.73076184;86.79399128
-0.023452635872336;0.06387482267797306;-0.0683185479759355;0.04179913451800511;0.9927403947647855;0.01735826741936899;0.00030130944780232705;1.0299846385627598;0.048489445089283656;4.895311563864346;2.3646209181190883;5.5914320864063605;6.6783714350171515;0.8119133066767369;0.19017555295048938;1.115230185552683;0;53.73059383;86.79345719
-0.0550627103089629;0.060717916389289604;-0.0586315896808402;0.04598920533199428;1.011665892754334;0.016061990045235106;0.0002579875242132317;1.0299846385627598;0.048489445089283656;5.803657028570819;2.612353576884714;6.82439121066236;7.5867168997236245;0.8119133066767369;0.2141958897773707;1.3124059103541512;0;53.73041639;86.79297255
-0.0316100744366268;0.05088646167113642;-0.0458855919241358;0.03872710607307367;0.9814951934734761;0.016717409761435563;0.00027947178913174107;1.0299846385627598;0.048489445089283656;5.803657028570819;2.196748426524725;4.8257036494388545;7.5867168997236245;0.8119133066767369;0.30141690340198024;1.6081658647814594;0;53.730231;86.7925286
0.0550627103089629;0.053531194342348445;-0.0764759865402263;0.024512173487133217;1.0118414955307684;0.01658925810138001;0.0002752034843542024;1.0299846385627598;0.048489445089283656;5.803657028570819;1.389460405985178;1.9306002198004961;5.122970474827114;0.8119133066767369;0.39351399633387596;1.7623184539723153;1;53.73003955;86.79211443
-0.0152951973080452;0.05039151343559133;-0.0876924645661262;0.024358813734731994;1.0276212625542906;0.01592729149764709;0.0002536786144510213;1.0299846385627598;0.048489445089283656;5.803657028570819;1.3840546432769347;1.9156072555764427;5.122970474827114;0.8119133066767369;0.3780612979180117;1.7623184539723153;0;53.72987137;86.79176705
0.0061180789232181;0.03515620480161599;-0.1009483022330988;0.018598172912896994;0.998304039488093;0.016536915964871283;0.00027346958962921474;1.0276212625542906;0.046126069080814514;5.803657028570819;1.0428284620725674;1.087491201308636;3.4255522082244747;0.7676725809063348;0.2503029348288861;1.718077728201913;0;53.729705980000006;86.79141990000001
-0.0224329560517997;0.03477641410783731;-0.0703579076170082;0.025805544805811008;1.027435580524644;0.018763122893956707;0.00035205478073372233;1.039175811347203;0.0576806178737268;5.803657028570819;1.4594404972688384;2.1299665650683144;5.241439479786081;0.1291915743427747;0.13694350965627752;1.079596721638353;0;53.7295357;86.79108066
0.0499643112062812;0.030991110070345124;-0.0683185479759355;0.031900029457780685;1.0120089770250118;0.020395528959011644;0.0004159776015178826;1.039175811347203;0.0576806178737268;5.803657028570819;1.8062110155604227;3.2623982327318135;5.685060416146055;0.5656059160157737;0.214984427169048;1.516011063311352;0;53.72935443;86.79075347
-0.0224329560517997;0.03005490775432464;-0.0520036708473539;0.03882899459826136;1.0141247685556376;0.019459700897069474;0.00037867995900340646;1.039175811347203;0.0562060509901654;5.803657028570819;2.197931409033359;4.830902478815367;6.595299266951242;0.8989404516359795;0.36632671021058694;1.8493455989315577;0;53.72915879;86.79044007
-0.0183542367696543;0.027479903464648722;-0.040787192821454;0.04611050325319451;0.9829697603570375;0.023745743216588427;0.0005638603209081553;1.039175811347203;0.06888790625750085;5.803657028570819;2.627848900915218;6.90558984604132;8.032077096210694;0.8989404516359795;0.4387152585591316;1.8493455989315577;0;53.728943519999994;86.79016336000001
-0.0122361578464362;0.02704320412936762;-0.0101967982053635;0.04671523618783502;1.039175811347203;0.02441547448125566;0.0005961153941448464;1.039175811347203;0.06888790625750085;5.803657028570819;2.6659609636994275;7.107347859969179;8.032077096210694;0.8989404516359795;0.5211261772877166;1.8493455989315577;0;53.728699899999995;86.78991718
-0.0214132762312633;0.027009006841877497;-0.0020393596410727;0.04974254157965615;0.9852455427853617;0.025861336635494222;0.0006688087325743557;1.039175811347203;0.06888790625750085;3.926638867741105;2.8491922482456267;8.11789646746297;8.635877217287867;0.8989404516359795;0.5252339354331383;1.8493455989315577;0;53.72843265;86.78969601
0.020393596410727;0.02840987308143293;0.0142755174875089;0.047263623241345816;1.0332355797019548;0.024959445338365853;0.000622973911598873;1.039175811347203;0.06888790625750085;3.870858684130628;2.7174832555282307;7.38471524407631;8.58009703367739;0.8989404516359795;0.44296099368087044;1.8493455989315577;1;53.72810671999999;86.78950064
0.040787192821454;0.022185425265443197;0.037728153359845;0.04046528989679821;0.9702879050897021;0.027658617676470175;0.0007649991317731484;1.0432047186046476;0.0729168135149455;2.939380183503294;2.335568518713736;5.454880305606674;7.6486185330500565;0.8989404516359795;0.28668179980522424;1.6981842219345662;1;53.727758619999996;86.78933686
-0.0061180789232181;0.03130784230343165;0.0275313551544814;0.038842529799074044;1.0343399090407313;0.03872710044014293;0.0014997883085009186;1.0432047186046476;0.12106343063468483;2.5984940979069604;2.280845930444758;5.202258158426414;7.307732447453723;0.8989404516359795;0.1219021511332695;1.2194069154740241;1;53.7273828;86.78920168
-0.0020393596410727;0.033363082987050735;0.0805547058223717;0.04221742641261914;0.9811874040373136;0.03836649162316045;0.0014719876794700407;1.0432047186046476;0.12106343063468483;3.529989824200653;2.46837902972454;6.0928950343838615;8.239228173747415;0.8989404516359795;0.04182712433792385;0.7697488772932047;1;53.72699804;86.789119
-0.0346691138982359;0.0399087391767624;0.0469052717446721;0.04331526052104947;1.0030229193202154;0.03813186025731689;0.0014540387666835432;1.0432047186046476;0.12106343063468483;3.529989824200653;2.5364859741737744;6.433761097180282;8.239228173747415;0.8989404516359795;0.04034277657286737;0.7544093291181917;1;53.72658811;86.78913147
-0.0091771183848271;0.03763172704159161;-0.0081574385642908;0.04322074098670648;1.0432047186046476;0.03878548976740036;0.0015043142164971176;1.0432047186046476;0.12106343063468483;3.529989824200653;2.531493133166124;6.408457483267239;8.239228173747415;0.8989404516359795;0.065310147461742;0.8247773776811312;1;53.726185529999995;86.78921017
0.0672988681553992;0.04498369017935064;-0.0418068726419904;0.04411599960397508;0.9221412879699628;0.03671674526227647;0.0013481193826549017;1.0432047186046476;0.12106343063468483;3.529989824200653;2.580047135855335;6.656643223235316;8.239228173747415;0.7831015727666562;0.08886087380271017;0.940468110591672;1;53.72578406;86.78936678
0.0479249515652085;0.04422075495502046;-0.061180789232181;0.042581587299163254;0.9936628127470751;0.037135637299087296;0.0013790555576093635;1.0432047186046476;0.12106343063468483;3.529989824200653;2.4855274835978487;6.177846871720255;8.239228173747415;0.7831015727666562;0.125639634263211;1.046201382024575;1;53.725388669999994;86.78958835
0.0846334251045171;0.04851266580291801;-0.0265116753339451;0.04326415483000656;0.9554862408751413;0.035027569481575274;0.0012269306237865836;1.0432047186046476;0.12106343063468483;3.529989824200653;2.5256632845034424;6.378975026688717;8.239228173747415;0.6098168068115891;0.14226554594462354;0.9828000686744345;1;53.725009469999996;86.78987219000001
0.0081574385642908;0.04852992778840294;0.0040787192821454;0.03272679818123004;1.016661690174235;0.03964432314463624;0.001571672357596341;1.0504177118762832;0.12827642390632044;3.529989824200653;1.8992150402017112;3.6070177689283875;6.210341932105113;0.6098168068115891;0.1572330548709605;0.9953660097367916;0;53.72464083;86.79020754999999
-0.0560823901294993;0.04651709852138609;-0.0224329560517997;0.03017612987384745;1.0056903363270908;0.042287113993685475;0.0017882000099149501;1.0504177118762832;0.12827642390632044;3.529989824200653;1.7427689805128386;3.0372437194377584;5.547800632395727;0.6098168068115891;0.14677855349214053;0.9953660097367916;0;53.724326919999996;86.79058484
-0.003059039461609;0.050119680639338686;-0.0101967982053635;0.03215828677712661;0.9646758532064056;0.041790260083637475;0.0017464258378580635;1.0504177118762832;0.12827642390632044;3.529989824200653;1.8537898563706077;3.436536831582558;5.547800632395727;0.5699318361576695;0.10772649820011726;0.9554810390828721;0;53.724020659999994;86.79103377999999
-0.0540430304884266;0.04522254138394866;0.0356887937187723;0.032290934312991716;1.0135935419939819;0.04909953655722495;0.0024107644901342692;1.1282903507160242;0.1728041098408829;3.529989824200653;1.8176158337770938;3.3037273191972;5.547800632395727;0.4411930722228661;0.07486763559669846;0.8267422751480686;0;53.72374304;86.79151904
-0.003059039461609;0.04297197411176804;-0.0173345569491179;0.024430737861836024;1.0504177118762832;0.04890507372178251;0.002391706235732982;1.1282903507160242;0.1728041098408829;1.589977978728903;1.36391957547961;1.8602766083764797;3.6077887869239778;0.2911907913527955;0.06085070877537091;0.676739994277998;1;53.72348124;86.79202267999999
0.0122361578464362;0.027668439851037924;0.0326297542571632;0.021650961408402957;1.043204843190318;0.04936487492941056;0.002436890876796347;1.1282903507160242;0.17582861342436873;1.2781472265828666;1.1924110381170832;1.4218440838234598;3.295958034777941;0.2911907913527955;0.055718604190320695;0.676739994277998;1;53.72325793;86.79249569
-0.0509839910268175;0.026353457885945255;0.023452635872336;0.021681088301801973;1.038531758099847;0.053136773319717494;0.002823516678831041;1.1282903507160242;0.17582861342436873;1.2781472265828666;1.1937072980823062;1.42493711349496;3.295958034777941;0.2911907913527955;0.053324121883226314;0.676739994277998;1;53.723042510000006;86.79295355
0.0071377587437544;0.024948258889588456;0.0336494340776996;0.02271545170822277;1.1282903507160242;0.053068521313182355;0.0028162679543676902;1.1282903507160242;0.17582861342436873;0.9455686317734068;1.263708911090623;1.596960211969848;4.01304656402209;0.2911907913527955;0.05315020468104468;0.676739994277998;1;53.722838890000006;86.79337969000001
-0.0367084735393086;0.029895154382646415;0.0122361578464362;0.021373044709152942;0.9969783543548073;0.049958946625568657;0.0024958963479364176;1.1282903507160242;0.17582861342436873;0.9455686317734068;1.1854370168349166;1.4052609208824665;4.01304656402209;0.2911907913527955;0.061764020686229264;0.676739994277998;1;53.72264077;86.79376013
-0.0122361578464362;0.03389555740784116;0.0020393596410727;0.030747850925438882;0.9524617372916555;0.04988444621155717;0.00248845797383374;1.1282903507160242;0.17582861342436873;0.9455686317734068;1.7143867580803063;2.939121956281103;6.079750975831267;0.6163734073287167;0.09035202776626619;1.0019226102539192;1;53.72244591;86.79409007000001
-0.0356887937187723;0.03981266122203635;0.003059039461609;0.03746989983600992;0.9591680982656594;0.04896161586437991;0.0023972398280510984;1.1282903507160242;0.17582861342436873;-0.1226787229857208;2.103345738327772;4.4240632949415994;6.393946320253898;0.6163734073287167;0.0857492229597055;0.8218767963607652;1;53.72225238;86.79436502000001
0.0050983991026817;0.040895955279084746;0.0540430304884266;0.03748099773578264;1.0099232426304168;0.04882932281015387;0.0023843027660982127;1.1282903507160242;0.17582861342436873;-0.1226787229857208;2.1060205661935965;4.4353226252303966;6.393946320253898;0.6756235170292024;0.09753374166186982;0.8748035936764839;1;53.7220515;86.79459678
0.0356887937187723;0.03681547837624302;0.037728153359845;0.03687818522604896;1.025074949164375;0.05546250250091798;0.003076089183664333;1.1282903507160242;0.20233292272672188;-0.1226787229857208;2.072444536511351;4.2950263569157485;6.393946320253898;0.9659682973554504;0.14608596328744344;1.1651483740027317;1;53.72185766;86.7947511
0.0591414295911083;0.036846061296975874;0.0917711838482716;0.0366847047866234;1.025507969392749;0.03549285610291429;0.00125974283434218;1.025507969392749;0.09955054140344655;-0.1226787229857208;2.0542601711055686;4.21998485059068;6.393946320253898;0.9659682973554504;0.18058860109343233;1.1651483740027317;1;53.72165956;86.79485764
0.0642398286937901;0.03464261208734891;0.116243499541144;0.03473636087673788;1.0242484579656128;0.03534015723491733;0.0012489267133886798;1.025507969392749;0.09955054140344655;-0.1226787229857208;1.9398228441466203;3.762912666673083;6.393946320253898;0.9950665336038432;0.21598170777153033;1.1942466102511247;1;53.72143181;86.79490637
0.0346691138982359;0.03551990415063008;0.0509839910268175;0.03057075003037067;0.9950800367027266;0.03691480978400753;0.0013627031813894582;1.0410531477221854;0.11509571973288302;-0.1827316274968486;1.6921044693314438;2.863217535131447;6.33389341574277;0.9950665336038432;0.18197225696121516;1.1942466102511247;1;53.72119659;86.79491691000001
0.0448659121035994;0.043445221508176854;0.0438462322830631;0.02509007561692329;0.9259574279893024;0.06431335496406036;0.004136207626733228;1.170771508208726;0.24481408021942364;-2.1092626420967933;1.3994473583352747;1.9584529087515787;4.407362401142825;0.9950665336038432;0.15014737272165404;1.085651425899704;1;53.720954600000006;86.79489252
0.0061180789232181;0.047589428147422674;0.0479249515652085;0.025596524979936124;0.9617526877279393;0.06444431934050285;0.004153070295260709;1.170771508208726;0.24481408021942364;-2.1092626420967933;1.4266994405488216;2.0354712936623205;4.407362401142825;0.9950665336038432;0.20285279658726127;1.386206696432359;1;53.72071138;86.79483617999999
-0.0214132762312633;0.0503433458756912;0.0458855919241358;0.028415209800848815;0.9863113647002678;0.0645189757143691;0.0041626982272313495;1.170771508208726;0.24481408021942364;-0.8516812505452308;1.5883448612968778;2.522839398408198;5.6649437926943875;0.9950665336038432;0.4549350549435815;2.049170150814674;1;53.720469539999996;86.79475562
-0.020393596410727;0.04790698929916841;0.061180789232181;0.0317817931947855;1.0410531477221854;0.06561574369807213;0.0043054258210510924;1.170771508208726;0.24481408021942364;0.4788835065415101;1.7924619434256353;3.212919818629205;6.995508549781128;0.9950665336038432;0.8231150289765389;2.549148185016436;1;53.720233470000004;86.79465779
-0.07545630671969;0.04322982810530412;0.0433363923727949;0.026385494714292555;1.170771508208726;0.06757667726652246;0.004566607310383734;1.170771508208726;0.24481408021942364;0.9771231499818076;1.518772199554196;2.306668994138691;4.346232523868057;0.9950665336038432;1.5158557298748108;3.501951031809144;1;53.720003559999995;86.79455587999999
-0.0479249515652085;0.0454013958891926;0.0428265524625267;0.037275345438245885;1.002368602884138;0.07287743772516815;0.005311120929385762;1.170771508208726;0.2521418503621886;3.4363718600510764;2.1978146679417385;4.830389314619855;6.805481233937325;0.9950665336038432;2.3209583276425545;4.16944629223369;1;53.719780449999995;86.79445052999999
0.0652595085143265;0.04109758064020077;0.0152951973080452;0.039792234731157464;1.029002958028246;0.06849765598503235;0.004691928875443839;1.170771508208726;0.2521418503621886;3.4363718600510764;2.3082639881945037;5.328082639195595;6.805481233937325;0.9950665336038432;2.9093603728727895;4.581269195872284;1;53.719556669999996;86.79434707
-0.0163148771285816;0.04663405078044538;-0.0081574385642908;0.03893165508213954;0.976004052749239;0.0811628037089521;0.006587400705897887;1.170771508208726;0.30671017656521926;3.4363718600510764;2.2722830109698977;5.163270081942425;6.805481233937325;0.9950665336038432;3.1965255012725837;4.843908725634435;1;53.71932836;86.79423908
0.0142755174875089;0.05425967901586442;-0.0163148771285816;0.04163866011847745;0.9567053199042732;0.08224756587629742;0.006764662092575884;1.170771508208726;0.30671017656521926;3.4363718600510764;2.3942157581565797;5.732269096605286;6.805481233937325;0.7683609268206811;2.9653278177239413;4.699044703651497;1;53.719127019999995;86.79414782
-0.0652595085143265;0.06489772313460508;-0.0550627103089629;0.03709604592245797;0.9186296578465374;0.0812761524583684;0.006605812958435944;1.170771508208726;0.30671017656521926;3.4363718600510764;2.1498567968478297;4.621884246952811;5.90507652185894;0.0248516566282981;2.3359471296450476;3.9555354334591137;1;53.71893023;86.79405342999999
-0.0326297542571632;0.0715848641550152;-0.0305903946160905;0.033623717676287745;1.0084360200824456;0.05815460354583418;0.0033819579135731495;1.0462342301166887;0.18217289847318197;3.4363718600510764;2.0041618057293826;4.016664543544459;5.90507652185894;-0.3911401628285157;1.707120459668713;3.5395436140023;1;53.71874002;86.79394769999999
0.0530233506678902;0.08122695463746771;0.0372183134495768;0.02922889473794785;0.8640613316435067;0.06061748433101794;0.0036744794066212055;1.0462342301166887;0.18217289847318197;3.4363718600510764;1.771945522867148;3.13979093600893;5.90507652185894;-1.0541036172108305;1.0211955998852327;2.8765801596199854;1;53.718564689999994;86.79382613
-0.1019679820536351;0.07118601900800448;-0.0489446313857448;0.027908994544432564;1.0396165850335535;0.06182220281682412;0.0038219847611245367;1.0462342301166887;0.18217289847318197;3.4363718600510764;1.7034876944473722;2.9018703251336238;5.90507652185894;-1.554081651412593;0.600126023400101;2.3766021254182226;1;53.71842091;86.79369515
-0.1356174161313347;0.07170894259926422;-0.023452635872336;0.027608928266253767;1.0168012800845465;0.06209520695096837;0.00385581472628359;1.0462342301166887;0.18217289847318197;3.4363718600510764;1.6898082298282573;2.8554518535953086;5.90507652185894;-2.0137563298559416;0.45646782382362017;1.9169274469748743;1;53.71830481000001;86.79355857
-0.1356174161313347;0.06582882481161378;-0.0285510349750178;0.039694274091110475;1.0462342301166887;0.0621085349569141;0.0038574701144942205;1.0462342301166887;0.18217289847318197;6.360419102143036;2.34701514459929;5.508480088978426;8.8291237639509;-1.7709771434560193;0.6261391281813352;2.1597066333747965;1;53.718216729999995;86.79341417
-0.1611094116447435;0.06732152389351119;0.0122361578464362;0.04398069892244067;0.9268059429116835;0.057308589998156356;0.0032842744875767865;1.0462342301166887;0.18217289847318197;6.360419102143036;2.586478841886434;6.689872799526189;8.8291237639509;-1.493023103131402;0.8958620920839802;2.4376606736994137;1;53.71815514;86.79326298
-0.1040073416947078;0.06594805461544452;-0.0367084735393086;0.049786678676229754;1.0408353984747036;0.05759405438096122;0.003317075100037118;1.0462342301166887;0.18217289847318197;6.360419102143036;2.9094591846592675;8.46495274719817;8.8291237639509;-1.0845910625330937;1.179959242802137;2.846092714297722;1;53.71813201;86.79311185
-0.0101967982053635;0.06751319180046395;-0.0224329560517997;0.055918486861125605;0.9985706312973988;0.034966739042807705;0.0012226728392878126;1.0462342301166887;0.1194282872050052;6.360419102143036;3.180874421349101;10.117962084392978;10.194492058240911;-0.359663286526116;1.5231781635334631;3.5710204903047;1;53.71815263999999;86.79299936
-0.061180789232181;0.07617098502735296;-0.1121647802589986;0.06573477913201566;1.0124783939813673;0.034087395860207974;0.0011619505565305238;1.0462342301166887;0.1194282872050052;6.360419102143036;3.725762420177871;13.881305611609667;10.341104878110128;0.2810710435328865;1.8386383330368945;4.13787101461568;1;53.71818839;86.79290711
-0.0305903946160905;0.07590023044336183;-0.0938105434893443;0.06941848946007644;0.9858822212265862;0.03470589662366724;0.0012044992604526772;1.0462342301166887;0.1194282872050052;6.360419102143036;3.9414666187401095;15.535159106642592;10.341104878110128;0.7950812950992141;2.032792288322473;4.398703560789769;1;53.71823759;86.79282830999999
-0.0672988681553992;0.07428048471308371;-0.1091057407973896;0.07482982193282409;1.016578336143997;0.031839020354364145;0.0010137232171256144;1.0408353984747036;0.11402945556302013;6.360419102143036;4.250186033144904;18.064081316340012;10.341104878110128;1.1398368356280884;2.050727353704132;4.271361446720986;1;53.718298355;86.792768755
0.0601611094116447;0.06138777399711559;0.0683185479759355;0.07898261487039697;1.0217039153954222;0.01770953412246559;0.00031362759883477297;1.0408353984747036;0.054953177248117435;6.360419102143036;4.488526186970253;20.14686733111772;10.391578002763444;1.2728070325747431;1.9158167371029222;3.752603711211924;1;53.718362185000004;86.792740425
0.0438462322830631;0.05096597349966239;0.0713775874375446;0.0862393199322092;1.0281963098165505;0.014353751464037362;0.00020603018109135473;1.0281963098165505;0.04231408858996433;6.360419102143036;4.900920920149833;24.019025865562284;12.754994022414529;1.2728070325747431;1.6943669175745308;3.2865633624306847;1;53.718414165;86.79273608499999
0.0295707147955541;0.05147829221690898;0.0428265524625267;0.08671491127703256;0.9863846272935651;0.01399738000189156;0.00019592664691735375;1.0281963098165505;0.04231408858996433;6.360419102143036;4.929095320284576;24.295980676451308;12.754994022414529;1.2728070325747431;1.346764670315228;3.0437841760307625;1;53.718454054999995;86.79274781500001
0.0560823901294992;0.04689098419918211;0.0688283878862037;0.07638319603274468;1.009316795684477;0.015053011260071615;0.00022659314799584283;1.0281963098165505;0.04231408858996433;6.161219751868939;4.3588090312298275;18.999216170730705;12.555794672140433;1.2728070325747431;0.938624644025773;2.765830135706145;1;53.71848304499999;86.79276656500001
0.0652595085143265;0.0658296145421784;0.0703579076170082;0.06254925156611267;1.0008384695241113;0.013581476977386792;0.00018445651688728747;1.0281963098165505;0.041811682522985394;6.161219751868939;3.548720224528775;12.59341523197956;12.555794672140433;1.2728070325747431;0.822579906041658;2.4365852989307406;1;53.718504035;86.792787555
0.043846232283063;0.07099816447406229;0.1131844600795349;0.021419277473915022;1.0162480489197072;0.01322279089801564;0.00017484219913264522;1.0281963098165505;0.041811682522985394;-2.488433243644215;1.224181658421497;1.4986207328156071;3.906141676627278;1.2728070325747431;1.5886701347567842;4.000501308066585;1;53.718514915;86.792813795
0.0499643112062812;0.07698984053792834;0.0591414295911083;0.03348289482701763;1.0083808574529405;0.01235763089304866;0.00015271104128883065;1.0281963098165505;0.041811682522985394;0.1756368095595057;1.909696573952905;3.6469410045674633;6.570211729830999;1.2728070325747431;3.9826429194139257;6.03138645605326;1;53.718515155;86.79281403499999
-0.0305903946160905;0.08583937161779234;0.095849903130417;0.056046561143414664;0.990135883787977;0.009722977867137625;9.453629860484813e-05;1.0162480489197072;0.029863421626142084;4.042356768521518;3.1920448624315947;10.189150403775937;10.436931688793011;1.2728070325747431;8.69887733196979;8.571771375435468;1;53.718523825;86.792797105
-0.1294993372081166;0.08545737521832807;0.1029876618741715;0.05583901862577264;0.9988106071860521;0.00959368793696265;9.203884823182266e-05;1.0223168715191528;0.032180987731175836;4.042356768521518;3.1812369148031645;10.120268308106356;10.436931688793011;1.2728070325747431;16.53123945313733;11.664186698758025;1;53.718538765000005;86.79277620500001
-0.1009483022330987;0.08545737521832807;0.0866727847455898;0.05583901862577264;1.008104999028647;0.00959368793696265;9.203884823182266e-05;1.0223168715191528;0.032180987731175836;4.042356768521518;3.1812369148031645;10.120268308106356;10.436931688793011;1.2728070325747431;16.53123945313733;11.664186698758025;1;53.718538765000005;86.79277620500001
-0.1070663811563169;0.08545737521832807;-0.003059039461609;0.05583901862577264;0.9979133955689427;0.00959368793696265;9.203884823182266e-05;1.0223168715191528;0.032180987731175836;4.042356768521518;3.1812369148031645;10.120268308106356;10.436931688793011;1.2728070325747431;16.53123945313733;11.664186698758025;1;53.718538765000005;86.79277620500001
-0.1468338941572346;0.08545737521832807;-0.0713775874375446;0.05583901862577264;1.0125353871292746;0.00959368793696265;9.203884823182266e-05;1.0223168715191528;0.032180987731175836;4.042356768521518;3.1812369148031645;10.120268308106356;10.436931688793011;1.2728070325747431;16.53123945313733;11.664186698758025;1;53.718538765000005;86.79277620500001
-0.0907515040277353;0.08545737521832807;0.058121749770572;0.05583901862577264;1.0223168715191528;0.00959368793696265;9.203884823182266e-05;1.0223168715191528;0.032180987731175836;4.042356768521518;3.1812369148031645;10.120268308106356;10.436931688793011;1.2728070325747431;16.53123945313733;11.664186698758025;1;53.718538765000005;86.79277620500001
-0.0948302233098807;0.05620533792625152;-0.0326297542571632;0.047803665916653415;0.9414229492392152;0.04059222073266832;0.0016477283840096678;1.0442367741902416;0.1057379583670851;3.953659472433136;2.7812763968824568;7.73549839585546;7.575739311912518;-2.469245699821783;0.4965579742271184;1.9563204958889533;1;53.7255752;86.84452816000001
0.003059039461609;0.05620533792625152;-0.0652595085143265;0.047803665916653415;0.9464809587193196;0.04059222073266832;0.0016477283840096678;1.0442367741902416;0.1057379583670851;3.953659472433136;2.7812763968824568;7.73549839585546;7.575739311912518;-2.469245699821783;0.4965579742271184;1.9563204958889533;1;53.7255752;86.84452816000001
0.0040787192821454;0.05620533792625152;0.0469052717446721;0.047803665916653415;1.0044689891321192;0.04059222073266832;0.0016477283840096678;1.0442367741902416;0.1057379583670851;3.953659472433136;2.7812763968824568;7.73549839585546;7.575739311912518;-2.469245699821783;0.4965579742271184;1.9563204958889533;1;53.7255752;86.84452816000001
-0.0836137452839808;0.05620533792625152;0.0632201488732537;0.047803665916653415;1.0007127576486443;0.04059222073266832;0.0016477283840096678;1.0442367741902416;0.1057379583670851;3.953659472433136;2.7812763968824568;7.73549839585546;7.575739311912518;-2.469245699821783;0.4965579742271184;1.9563204958889533;1;53.7255752;86.84452816000001
-0.0071377587437544;0.05620533792625152;0.0509839910268175;0.047803665916653415;0.9384988158231565;0.04059222073266832;0.0016477283840096678;1.0442367741902416;0.1057379583670851;3.953659472433136;2.7812763968824568;7.73549839585546;7.575739311912518;-2.469245699821783;0.4965579742271184;1.9563204958889533;0;53.7255752;86.84452816000001
-0.1172631793616804;0.05620533792625152;-0.0652595085143265;0.047803665916653415;1.021396535917733;0.04059222073266832;0.0016477283840096678;1.0442367741902416;0.1057379583670851;3.953659472433136;2.7812763968824568;7.73549839585546;7.575739311912518;-2.469245699821783;0.4965579742271184;1.9563204958889533;1;53.7255752;86.84452816000001
-0.0652595085143265;0.0544377039621032;-0.0479249515652085;0.05003247458524777;1.0442367741902416;0.047431404516353366;0.0022497381343939468;1.0840620880868896;0.1455632722637331;3.953659472433136;2.873680547291262;8.258039887880207;7.575739311912518;-2.469245699821783;0.7078047043168118;2.327497126464778;1;53.72550811999999;86.84442012000001
-0.023452635872336;0.055742496855987214;-0.0091771183848271;0.04894097267556667;1.0210101447390276;0.0537783486318975;0.002892110781573912;1.107313130825737;0.16881431500258037;3.663261961439576;2.7465842549279786;7.54372506941828;7.285341800918958;-2.484122243486063;0.8921048344777507;2.665092812556231;1;53.72541923;86.84430819
-0.1498929336188436;0.053756998347532524;0.0091771183848271;0.052936563281296464;0.9399822067949176;0.053599661650017116;0.002872923728996316;1.107313130825737;0.16881431500258037;3.663261961439576;2.963926655763103;8.784861220743053;7.858997117060067;-2.592724451546312;1.0204642706097165;2.8762046752796184;1;53.72530838;86.8441999
-0.0010196798205363;0.05595566245326306;-0.0061180789232181;0.052936563281296464;1.0079725859568927;0.053468076016286864;0.002858835152883431;1.107313130825737;0.16881431500258037;3.663261961439576;2.9618646936355493;8.772642463404807;7.858997117060067;-2.7809985658505223;1.0747518651132602;2.9608327146350533;1;53.725183189999996;86.84409774999999
-0.0367084735393086;0.05572477399290704;-0.058121749770572;0.04950659583577866;1.0840620880868896;0.04882047798215033;0.0023834390704056247;1.107313130825737;0.16733092403081928;3.663261961439576;2.750349145862169;7.564420424144763;7.858997117060067;-3.0348908282466867;1.0730534715327409;2.9990175611242376;1;53.72505112;86.84400408
-0.1213418986438258;0.0625628946690298;-0.0560823901294993;0.047185982853091675;1.107313130825737;0.04882012726766378;0.0023834048264308886;1.107313130825737;0.16733092403081928;3.07337420860784;2.6154354552726273;6.840502620697136;7.269109364228331;-3.340347480582797;0.8914585884339404;2.693560908788127;1;53.7249197;86.84391618000001
-0.0132558376669725;0.06712700690264675;0.0744366268991536;0.04667568212972381;1.0173947067754692;0.048391925917798846;0.002341778494033732;1.107313130825737;0.16733092403081928;3.07337420860784;2.5941474242887677;6.729600858944047;7.269109364228331;-3.683314764706848;0.6307799978189913;2.3505936246640764;1;53.72479434;86.84380874
-0.1142041399000713;0.06714008543899942;0.0632201488732537;0.04858574910554123;1.0047427413310643;0.04845430079214929;0.002347819265256079;1.107313130825737;0.16733092403081928;3.07337420860784;2.7098043222982557;7.343039465146309;7.269109364228331;-4.04973892246683;0.3988173330761622;1.9841694669040946;1;53.72468758;86.84368918
-0.133578056490262;0.06578759210297395;-0.0275313551544814;0.049557587395337596;0.9711822672120645;0.041031690269472725;0.0016835996063699426;1.107313130825737;0.13613086361367244;3.216473744385458;2.7734613896584666;7.692088079926273;7.412208900005949;-4.425566195710736;0.2525660651093946;1.6083421936601878;1;53.72461141;86.84357205
-0.1733455694911797;0.0569132231246597;-0.0412970327317222;0.05023482874772354;1.022077964085583;0.040910026171787454;0.0016736302413763347;1.107313130825737;0.13613086361367244;3.216473744385458;2.816490917554457;7.932621088666746;7.412208900005949;-4.6282372641749205;0.21687342125363343;1.4056711251960037;1;53.72456067999999;86.84347011999999
-0.1646782910166208;0.054104160671588034;-0.0418068726419904;0.05055165479986394;1.0055859106513687;0.03511294853333325;0.0012329191547045095;1.107313130825737;0.13613086361367244;3.551966583278373;2.852649488416533;8.137609103763108;7.747701738898863;-4.240626743445134;0.3136431891510965;1.7932816459257905;1;53.72453863;86.84338663
-0.1784439685938615;0.05869792985783916;-0.0520036708473539;0.05041686891191664;1.009408346046696;0.013774774133973565;0.00018974440244198717;1.022077964085583;0.05089569687351858;3.551966583278373;2.8647426575631485;8.206750494061971;7.747701738898863;-3.723967402741352;0.5562743205255517;2.3099409866295724;1;53.72456708;86.84333572
-0.0866727847455898;0.05608756553827412;-0.0560823901294993;0.03645618785993573;0.9995333098611783;0.013010613087727132;0.00016927605291853652;1.022077964085583;0.05089569687351858;3.551966583278373;2.078888379195376;4.321776893153578;7.1594991351672626;-3.723967402741352;0.7159325034104782;2.3099409866295724;0;53.7246301;86.84330401999999
-0.0713775874375446;0.06442589358183808;-0.0520036708473539;0.009792377709745656;1.0113070133565163;0.013825063896066222;0.00019113239173031374;1.022077964085583;0.05089569687351858;3.551966583278373;0.5525518445676262;0.30531354093508617;1.9275116673015549;-3.206711793379943;0.9193416856079545;2.8271965959909813;0;53.724729720000006;86.84329355999999
-0.0591414295911083;0.06376150042919855;-0.0622004690527174;0.008197173034981853;1.003981328767624;0.008481004738392634;7.19274413726383e-05;1.022077964085583;0.02265544511545947;3.6102136875595674;0.4683995281127512;0.219398117936248;1.2945488833617733;-2.6638045894964786;1.0625473213305223;3.129565939401522;0;53.72487186000001;86.84331026
-0.037728153359845;0.05781246377742913;-0.0540430304884266;0.008466003906790736;0.9994225189701236;0.007159290141345315;5.1255435327964225e-05;1.0201910618047307;0.020768542834607162;3.708437987600257;0.478562437973442;0.22902200703908454;1.3256998129917696;-2.2805600275872884;1.1866383273253145;3.183070341034295;0;53.725053949999996;86.84335923
-0.0295707147955541;0.05184191443422066;-0.0438462322830631;0.007557563432751949;1.0017029603273049;0.008937632680217142;7.988127792648546e-05;1.0201910618047307;0.029268961296653684;3.708437987600257;0.4319979182434311;0.18662220136665816;1.199703299299598;-1.4872182219219734;1.492418765725797;3.875864550184307;0;53.725260850000005;86.84344324999999
-0.003059039461609;0.031869593948767386;-0.0448659121035994;0.007459089343989721;1.0176149174930242;0.010775073596265058;0.00011610221100492841;1.0201910618047307;0.03357192538593645;3.708437987600257;0.4264787775729587;0.1818841477201252;1.199703299299598;-0.9593515108743128;1.7285014119556397;3.89705743981369;0;53.725482420000006;86.84356498
-0.0560823901294993;0.026551735044254423;-0.0642398286937901;0.011518822067795446;1.0201910618047307;0.010661653664173168;0.00011367085885477712;1.0201910618047307;0.03357192538593645;4.770933152087774;0.657524550787699;0.43233853488856533;2.2621984637871146;-0.6635759325671389;1.926626812365444;3.9646613316077817;0;53.72570907000001;86.84370203
-0.0295707147955541;0.02259101607640779;-0.0652595085143265;0.011666313641246892;1.008970992605692;0.011590417101505523;0.0001343377685868717;1.0201910618047307;0.03357192538593645;4.770933152087774;0.6683588197597431;0.44670351195063673;2.2621984637871146;-0.5315231487481761;1.9068487390973812;3.7091035946969577;0;53.72594689;86.84385281
0.003059039461609;0.02001881933389841;-0.0601611094116447;0.01905101040021719;0.990922100508077;0.016129593823859804;0.0002601637969226964;1.0411555140824227;0.0545363776636284;4.770933152087774;1.0932820593593855;1.1952656613170989;4.2097846647703205;-0.5292237640933025;1.7277315201696797;3.2466313458969718;0;53.72619608;86.84400728
0.0050983991026817;0.01951384089163922;-0.0560823901294993;0.019217951622278323;0.9866191364187943;0.016345417776796257;0.0002671726822980071;1.0411555140824227;0.0545363776636284;4.770933152087774;1.1041286526291756;1.2191000815567188;4.2097846647703205;-0.5292237640933025;1.499438548014712;3.2466313458969718;0;53.72643482000001;86.84416153999999
-0.0316100744366268;0.020558626647961726;-0.0836137452839808;0.018912548714238617;1.0053076046225953;0.016390419977343088;0.00026864586703368744;1.0411555140824227;0.0545363776636284;4.770933152087774;1.0877124501510014;1.1831183742134948;4.2097846647703205;-0.5292237640933025;1.0220423073066192;2.6774880292866405;0;53.726682800000006;86.84432247999999
-0.0183542367696543;0.02047303337451406;-0.0499643112062812;0.0185673214514648;1.0200498971544867;0.016101013879104155;0.0002592426479351046;1.0411555140824227;0.0545363776636284;4.770933152087774;1.065747863498089;1.1358185085507415;4.2097846647703205;-0.5292237640933025;0.6279357311176232;2.134580825403176;0;53.72693206;86.84448982
-0.0050983991026817;0.01731822104544987;-0.0101967982053635;0.01891987750272601;1.0411555140824227;0.015530541745460055;0.00024119772690747745;1.0411555140824227;0.0545363776636284;4.770933152087774;1.0894354513618831;1.18686960268407;4.2097846647703205;-0.5292237640933025;0.3335608417184421;1.751336263493986;0;53.72717389;86.84465485000001
-0.0316100744366268;0.02230901611967236;-0.061180789232181;0.021486255897883957;0.9965699760683197;0.015915853112625673;0.0002533143803026763;1.0411555140824227;0.0545363776636284;5.054680734229916;1.2429733002007712;1.5449826250119965;4.493532246912463;-0.5292237640933025;0.09096759593791505;0.9579944578286709;0;53.727413139999996;86.8448173
-0.0418068726419904;0.022735786016930017;-0.058121749770572;0.022282071602053886;1.0008306779247524;0.015076178816790858;0.00022729116771585337;1.0411555140824227;0.0545363776636284;5.054680734229916;1.2856824227420813;1.6529792921479478;4.493532246912463;-0.4937487227815874;0.017441564951852728;0.46560278809272543;0;53.727649580000005;86.84498718
-0.0418068726419904;0.024732695529944202;-0.0591414295911083;0.022976383045337775;1.0090266381958644;0.013489061178778745;0.00018195477148483583;1.0411555140824227;0.04585398582812661;5.054680734229916;1.3266780218182026;1.7600745735754595;4.493532246912463;-0.2024710644084679;0.015593534783476677;0.46110486815867097;0;53.72788462999999;86.84515567
-0.0254919955134087;0.025121999077632292;-0.0418068726419904;0.022037040086305842;1.0086329312140427;0.01373253604135812;0.00018858254612719974;1.0411555140824227;0.04585398582812661;5.054680734229916;1.2752905210313796;1.6263659130324877;4.493532246912463;-0.1940860808236307;0.023916482119415397;0.4086753918270945;0;53.72812431999999;86.8453288
0.0244723156928724;0.024972558133167146;-0.0876924645661262;0.022175268593701145;0.9953015282542961;0.01321286456712208;0.00017457979006911013;1.0411555140824227;0.04585398582812661;5.054680734229916;1.281190474555111;1.6414490320907504;4.493532246912463;-0.1940860808236307;0.03135496089211037;0.4086753918270945;0;53.72835934;86.84549469999999
0.0071377587437544;0.025101526715797316;-0.07545630671969;0.01623537499177122;1.0072403254442936;0.0063504802642759366;4.0328599586958165e-05;1.0154976947229382;0.020196166468642085;5.5894402476656175;0.9235669717036127;0.8529759512217817;3.2139043181108087;0.1548857614172177;0.06644906595634802;0.7576472340679429;0;53.72859015;86.84565895
0.020393596410727;0.0249913449046488;-0.0764759865402263;0.017511926864910626;1.0013993053576016;0.005888471442385338;3.467409592778766e-05;1.0154976947229382;0.020196166468642085;5.5894402476656175;0.9974010573762139;0.9948088692551895;3.2139043181108087;0.5282550252316535;0.14100234545200158;1.1310164978823787;0;53.72881295;86.84581775000001
0.0112164780258998;0.021719220070964478;-0.0734169470786173;0.01918395695663045;1.0000085830741254;0.006569236160241967;4.315486372903063e-05;1.0154976947229382;0.02070608883987568;6.119468238787876;1.1046318653352198;1.2202115579139674;3.743932309233067;0.8879089535017806;0.2554130216698278;1.490670426152506;0;53.72902044;86.84596892
-0.0061180789232181;0.01708627292425486;-0.0734169470786173;0.02822731271052428;1.0004728482936793;0.008611932981406084;7.416538967622987e-05;1.021783798561786;0.026992192678723437;8.43557897131333;1.584368319735302;2.5102229725808645;6.0600430417585205;1.2604860988108193;0.4085456168481519;1.8632475714615446;0;53.72922334;86.84611550000001
-0.0183542367696543;0.016287326051108015;-0.0989089425920261;0.03014318732716214;1.0154976947229382;0.008773554935112211;7.697526619943184e-05;1.021783798561786;0.026992192678723437;8.757362572160106;1.6881472750257043;2.849841222176711;4.549086773132044;1.6007723790760042;0.5800492482219036;2.2035338517267293;0;53.72940966;86.84624806
0.014785357397777;0.016043628600346894;-0.0948302233098807;0.02994940027033274;1.005914659775917;0.00815859279170842;6.65626363409166e-05;1.021783798561786;0.026992192678723437;8.757362572160106;1.6787395210205651;2.8181663794363563;4.549086773132044;1.7219487350125795;0.6677038595061154;2.215697457794167;0;53.72958248;86.84637735999999
0.0081574385642908;0.016777873587051576;-0.1060467013357805;0.028723696607232056;0.9947916058830625;0.009049336777572286;8.189049611392235e-05;1.021783798561786;0.0283398337201467;8.757362572160106;1.6070205152197317;2.582514936337092;4.549086773132044;1.7219487350125795;0.6520442006897824;1.9244197994210475;0;53.729745290000004;86.84650433
0.0214132762312633;0.016822485268326814;-0.1498929336188436;0.027284984134366162;1.021783798561786;0.009007483469296636;8.113475844965216e-05;1.021783798561786;0.0283398337201467;8.757362572160106;1.5248511161583;2.3251709264492133;4.549086773132044;1.7219487350125795;0.5906878276341714;1.9243607543511907;0;53.729894990000005;86.84663611
-0.0214132762312633;0.026245670758373345;-0.1539716529009891;0.02500643634583883;1.0113054711724183;0.008921369655277225;7.959083652610128e-05;1.021783798561786;0.0283398337201467;8.757362572160106;1.3966098033203678;1.9505189427305565;4.549086773132044;1.7219487350125795;0.459089608225156;1.9243607543511907;0;53.730026810000005;86.84677817
0.0224329560517997;0.02646266142808455;-0.0938105434893443;0.02152978074763821;1.0019006758712452;0.010606958255548606;0.00011250756343495073;1.021783798561786;0.034786929822490986;8.757362572160106;1.1963363391230266;1.4312206363062852;3.384741072684162;1.7219487350125795;0.2699801821918566;1.5670629735953618;0;53.73014456;86.84693176
0.0214132762312633;0.023273942163368914;-0.1009483022330988;0.023300684839894146;0.9934439648416392;0.01228038559133731;0.000150807870271925;1.021783798561786;0.04234165393365119;8.757362572160106;1.2796340300056777;1.6374632507485716;3.9199986809995586;1.7219487350125795;0.13404034794798453;1.1936937097809261;0;53.7302469;86.84709298
0.0209034363209952;0.025139697669709096;-0.1080860609768532;0.029801888449007552;1.0073591588570756;0.013033373229304803;0.00016986881773435912;1.021783798561786;0.04234165393365119;8.757362572160106;1.653669980217296;2.7346244034718725;5.73024048405911;1.7219487350125795;0.055671222862446995;0.8340397815107989;0;53.730338919999994;86.84727204
0.0708677475272764;0.032272682859419775;-0.1170082594065463;0.029927127438118175;1.0015346962379983;0.01298548540051802;0.00016862283108706665;1.021783798561786;0.04234165393365119;8.757362572160106;1.6612215264862724;2.759656960061381;5.73024048405911;1.7219487350125795;0.02214560594132443;0.4614626362017602;0;53.73042821;86.84747397
0.0397675130009177;0.03217431414682411;-0.1111451004384623;0.027757559038664243;0.9869968687392949;0.010217738213377682;0.00010440217419711856;1.0113054711724183;0.03186332654428359;8.757362572160106;1.5643883091044912;2.4473107816628095;5.73024048405911;1.7219487350125795;0.017129792355689566;0.36263875604648677;0;53.7305099;86.8476939
0.0152951973080452;0.026029534190632232;-0.0825940654634444;0.019945411819772517;0.9794421446281347;0.009935475407188308;9.871367156684368e-05;1.0094655125256475;0.03002336789751281;6.709128067728846;1.134272262252945;1.2865735649164138;3.68200597962785;1.7219487350125795;0.01939044819886145;0.4499610565519696;0;53.73060653;86.84793133000001
0.0530233506678902;0.03129552434537645;-0.0520036708473539;0.02197852579128971;0.9847562816089932;0.009791496672183563;9.58734070813818e-05;1.0094655125256475;0.03002336789751281;7.080127094413398;1.2573325126419372;1.580885047346487;4.053005006312402;1.6553923896278522;0.01982803828255249;0.5429933809396825;0;53.73071025;86.84816817
0.0938105434893443;0.038018737761143305;-0.0989089425920261;0.023381856512135566;1.0004597276066254;0.009779667988362847;9.564190596260902e-05;1.0094655125256475;0.03002336789751281;7.080127094413398;1.3407367861902284;1.797575129843702;4.053005006312402;1.4865781845879502;0.025845261100829044;0.5097808892949354;1;53.73082702000001;86.84839502
0.0239624757826042;0.04309157752662254;-0.06984806770674;0.02416891241435893;0.9984517932536602;0.009866362873439253;9.734511635038047e-05;1.0094655125256475;0.03002336789751281;7.080127094413398;1.381986404247407;1.9098864215246776;4.053005006312402;1.4507734275565964;0.045341976679877334;0.6248754465792007;0;53.730950719999996;86.84859295999999
0.0254919955134087;0.04117428591663281;-0.0978892627714897;0.02337424319711064;1.0094655125256475;0.00981687048854707;9.637094618890636e-05;1.0094655125256475;0.03002336789751281;7.080127094413398;1.3393313336296573;1.793808421242196;4.053005006312402;1.4507734275565964;0.10002443691996526;0.9600217535451041;0;53.73108146;86.84876722
-0.0173345569491179;0.040247188636739956;-0.1223615784643621;0.02296135669789019;0.9927330632857114;0.00949498420352857;9.015472502525708e-05;1.0094655125256475;0.03002336789751281;7.080127094413398;1.3113243745744234;1.719571615353003;4.053005006312402;1.4507734275565964;0.17495342070784384;1.2032636074673055;0;53.731219620000005;86.84892074
-0.0336494340776996;0.04057423900498437;-0.1213418986438258;0.022721109014675365;0.9940382607324714;0.0075235346086849056;5.6603573008079536e-05;1.0094655125256475;0.024709230916654334;7.080127094413398;1.303886365426615;1.7001196539454284;4.053005006312402;1.4507734275565964;0.25240164527856107;1.3786805376881004;0;53.731367139999996;86.84905289999999
-0.0346691138982359;0.038143272323692676;-0.1193025390027531;0.01982957574050333;1.0079915400143684;0.006455217123332849;4.166982810936962e-05;1.0122946847695034;0.019561621483791924;7.080127094413398;1.156691628856906;1.3379355242676425;3.2682062755778163;1.4507734275565964;0.3529886810641375;1.6876774109979538;0;53.73152366000001;86.84915054000001
-0.0152951973080452;0.025019989215957158;-0.0938105434893443;0.019892397208374355;1.0007512001461945;0.0065433244221994894;4.281509449415228e-05;1.0122946847695034;0.019561621483791924;7.080127094413398;1.159711701998481;1.344931231752214;3.2682062755778163;1.4507734275565964;0.38155146441102605;1.6876774109979538;0;53.731686079999996;86.849208
0.0122361578464362;0.02395952262715415;-0.0876924645661262;0.01775954551185961;1.001677659262368;0.006532441973744007;4.26727981403325e-05;1.0122946847695034;0.019561621483791924;7.080127094413398;1.0419861783028446;1.0857351957741672;3.2682062755778163;1.27198767846061;0.35381612401148127;1.5559425976847308;0;53.731852630000006;86.84922351
0.0285510349750178;0.02352057768886596;-0.0876924645661262;0.018209209154184655;1.0055635507741632;0.0061697511706285;3.8065829507471754e-05;1.0122946847695034;0.019561621483791924;7.080127094413398;1.0645929813004955;1.1333582158342772;3.2682062755778163;1.1123990086881697;0.314865509373273;1.4866061027603685;0;53.73201105;86.84920273
0.0112164780258998;0.023793075396624362;-0.0672988681553992;0.017594525318978753;1.0122946847695034;0.005803638368418809;3.3682218311382935e-05;1.0122946847695034;0.018256424037031982;7.011562825765999;1.0256410981565236;1.0519396622277195;3.1996420069304174;0.9767972952930148;0.25122481211611686;1.3510043893652137;0;53.73216506;86.84915962
0.0224329560517997;0.024287568495878806;-0.0907515040277353;0.01697459812680171;0.9985732343821195;0.00535012123149257;2.8623797191667578e-05;1.0122946847695034;0.017081956170161394;6.7972717855558775;0.9857335719451712;0.971670674859786;2.9853509667202958;0.8258979809773958;0.1631266110631106;1.2001050750495945;0;53.73230615999999;86.84909592
0.0076475986540226;0.02166009721541381;-0.1040073416947078;0.018012419469204326;0.9986285483283366;0.00539146464893162;2.9067891060679355e-05;1.0122946847695034;0.017081956170161394;7.203541441775152;1.0424175743648165;1.0866343993446277;3.3916206229395702;0.4907516740114923;0.07955220345323957;0.8649587680836911;0;53.7324407;86.8490231
0.0214132762312633;0.02080309276542459;-0.1121647802589986;0.01792183778484851;1.0057894531445204;0.005404399249969453;2.9207531253070388e-05;1.0122946847695034;0.017081956170161394;7.203541441775152;1.0371356210158582;1.0756502963799497;3.3916206229395702;0.2475098200892909;0.036293794095211857;0.6217169141614898;0;53.7325697;86.84893194000001
-0.020393596410727;0.021644090342560124;-0.1172631793616804;0.01726452074698835;0.995212728599342;0.00711043282236286;5.055825492133507e-05;1.0122946847695034;0.023982939039279616;7.203541441775152;0.999379606405052;0.9987595976983167;3.3916206229395702;0.072092889868496;0.014934253444429299;0.4462999839406948;0;53.73268884;86.84881812
-0.0367084735393086;0.019416282389798104;-0.116243499541144;0.016452730427568035;0.9975851364600414;0.007215185926110565;5.2058907948343966e-05;1.0122946847695034;0.023982939039279616;7.203541441775152;0.9511919819832504;0.904766186589224;3.3916206229395702;-0.1744415671892329;0.005727815877790867;0.19976552688296592;0;53.732794760000004;86.84868084000001
-0.0122361578464362;0.01875344003254951;-0.1264402977465075;0.01259165815366026;1.008339612393867;0.00676773906862386;4.580229210097776e-05;1.008339612393867;0.020027866663643312;7.203541441775152;0.7081228444982548;0.5014379629002995;2.3078446577613816;-0.1744415671892329;0.014083073090388108;0.370202206842584;0;53.73288568;86.84852088
0.003059039461609;0.01651274495313675;-0.1055368614255123;0.012715824839755455;1.0048484187026534;0.006898817733489898;4.75936861199147e-05;1.008339612393867;0.020027866663643312;7.203541441775152;0.7124686053239156;0.5076115135722055;2.3078446577613816;-0.1744415671892329;0.030024456536995234;0.5194757403748413;0;53.73296036000001;86.84834212000001
-0.0183542367696543;0.01628688272707299;-0.1009483022330988;0.012680798085590875;0.9883117457302237;0.007260079648092906;5.2708756496652814e-05;1.008339612393867;0.020027866663643312;7.203541441775152;0.7133050536762049;0.5088040996000136;2.3078446577613816;-0.1744415671892329;0.0446471470915089;0.547036659276669;0;53.733018349999995;86.84814922999999
-0.0091771183848271;0.016073753791629244;-0.1014581421433669;0.012854977496153322;1.0070015840320397;0.00713468057521478;5.0903666910347114e-05;1.008339612393867;0.020027866663643312;7.203541441775152;0.722263387728816;0.5216644012535061;2.3078446577613816;-0.1744415671892329;0.05993727472928705;0.5907790541988359;0;53.73306268;86.84795292
-0.0040787192821454;0.01581873665506981;-0.0846334251045171;0.012854977496153322;0.9916961610057179;0.007402385919255389;5.479531729759045e-05;1.008339612393867;0.020027866663643312;7.203541441775152;0.7235706324123014;0.5235544600895378;2.3078446577613816;-0.1744415671892329;0.07530375781818054;0.6457634461770335;0;53.73309699;86.84774915
0.003059039461609;0.013009079253205616;-0.1254206179259712;0.014620942860352657;1.0040957586739179;0.007382573025161469;5.450238447184176e-05;1.008339612393867;0.020027866663643312;7.203541441775152;0.8265612674571031;0.6832035288602927;2.3078446577613816;-0.1813877686300088;0.07100805412278444;0.6388172447362576;0;53.73312486;86.8475287
-0.0214132762312633;0.015236571381355887;-0.1152238197206077;0.014512686556432522;0.9929707850937822;0.007388525704753186;5.459031208979857e-05;1.0083832418813334;0.020071496151109702;7.175501875101449;0.8366451776378514;0.6999751532646719;2.2798050910876784;-0.185531682418975;0.058664706445075966;0.6346733309472914;0;53.733147669999994;86.84729807
0.020393596410727;0.015980429355067053;-0.1172631793616804;0.015690778240671256;1.0043245793730446;0.008537278914101469;7.288513125716154e-05;1.0135445587340886;0.025232813003864818;7.175501875101449;0.9138197355657998;0.8350665091095482;2.3566651714707376;-0.185531682418975;0.0410822230800382;0.6346733309472914;0;53.733167990000005;86.84701118999999
-0.0163148771285816;0.015870891397884668;-0.1172631793616804;0.015913395072525868;0.9921002573537869;0.007641938568441;5.839922508382608e-05;1.0135445587340886;0.02184839772837066;7.175501875101449;0.9284871322000656;0.8620883546611022;2.3566651714707376;-0.3337771669326154;0.018669207075821398;0.486427846433651;0;53.733186290000006;86.84671461
-0.0173345569491179;0.015927930641809578;-0.0876924645661262;0.019233349751741003;0.9992139074808193;0.007443922517296353;5.541198244351167e-05;1.0135445587340886;0.02184839772837066;7.175501875101449;1.116461232138502;1.246485682868222;3.3187991770889376;-0.5446437740318169;0.010174949908639557;0.37347405183480953;0;53.733204220000005;86.84640998
-0.0323748343020291;0.017040169692650424;-0.0866727847455898;0.02014172379130611;1.0083832418813334;0.008245113560197356;6.79818976205503e-05;1.0135445587340886;0.02663091566027831;7.175501875101449;1.164026515224583;1.3549577281458864;3.3187991770889376;-0.6448999503312808;0.021536679709855906;0.48488204301881177;0;53.73322046;86.8461011
-0.0311002345263587;0.017913072862188073;-0.0851432650147853;0.017516956409832737;1.0135445587340886;0.010139185014815097;0.00010280307276465102;1.0195339958948075;0.03262035282099729;6.788052217988324;1.0189115400447548;1.038180726436374;2.9313495199758126;-0.6448999503312808;0.0386849385244452;0.5684377785228928;0;53.73323553;86.84578848999999
-0.0142755174875089;0.017811692626031758;-0.0938105434893443;0.015844641812544438;1.0068268152493074;0.011644090667876085;0.00013558484748171892;1.0244278667563456;0.03751422368253532;6.788052217988324;0.9146937096273667;0.8366645824318735;2.9313495199758126;-0.6448999503312808;0.06269471700662496;0.7031994027881473;0;53.73324907;86.84546923
-0.0071377587437544;0.013143397550062306;-0.0672988681553992;0.01681561642427381;1.0005579337218333;0.01326768292276539;0.00017603141013904035;1.0244278667563456;0.038865252059945954;7.131905187266122;0.9976084326617137;0.995222584917761;3.275202489253611;-0.6448999503312808;0.09204384850863784;0.8233121546518712;0;53.73326049;86.84513505
0.0081574385642908;0.013188368185341063;-0.07545630671969;0.014619362474155512;0.9869136430738102;0.013161479140141305;0.00017322453315637471;1.0244278667563456;0.038865252059945954;7.131905187266122;0.8648584232933202;0.7479800923414077;3.275202489253611;-0.6448999503312808;0.1307067155283668;0.9770651074705031;0;53.73327073;86.84479457
-0.0356887937187723;0.014851649129370483;-0.0938105434893443;0.015202009266294876;1.0195339958948075;0.01766924993468091;0.00031220239325422137;1.0419616095646396;0.05639899486823996;7.131905187266122;0.8812937320852142;0.7766786422126853;3.275202489253611;-0.6448999503312808;0.15181881120839139;1.00801736342942;0;53.7332794;86.84446532000001
-0.0183542367696543;0.014393286243717041;-0.0912613439380033;0.015092179946449296;1.0244278667563456;0.018039947876283432;0.00032543971937902305;1.0419616095646396;0.05639899486823996;7.131905187266122;0.8753412617961469;0.7662223246028705;3.275202489253611;-0.6448999503312808;0.1599995997318207;1.1254485760110895;0;53.73328485;86.84413797
-0.0112164780258998;0.013674105360043355;-0.1223615784643621;0.01525066310417019;0.9855626146963996;0.018933127229011568;0.0003584633066699392;1.0419616095646396;0.05639899486823996;7.131905187266122;0.891161246041062;0.7941683664454581;3.275202489253611;-0.6848179551086324;0.12604929859966613;1.085530571233738;0;53.7332848;86.84386144
-0.0214132762312633;0.016582124523270445;-0.0989089425920261;0.01616272036467983;0.9932388083845715;0.020020789291062664;0.0004008320038371295;1.0419616095646396;0.05639899486823996;7.131905187266122;0.9522978218373926;0.9068711414762425;3.275202489253611;-0.9181178258666264;0.07347892968654031;0.852230700475744;0;53.733282110000005;86.84359251
-0.0397675130009177;0.019061392361058322;-0.1040073416947078;0.0148919225413727;1.0419616095646396;0.0201638039157464;0.0004065789883526699;1.0419616095646396;0.05639899486823996;7.131905187266122;0.8915360120888607;0.7948364608513092;2.8740264651962084;-1.1297819933500926;0.044354227844785155;0.6405665329922778;0;53.73327658000001;86.84332586000001
-0.0122361578464362;0.015164821299050828;-0.092790863668808;0.018808187085409534;0.9965532827194168;0.0191110960800404;0.00036523399338053556;1.0419616095646396;0.05639899486823996;7.131905187266122;1.1093988905919097;1.2307658984465601;4.031507494966563;-1.113838565934269;0.04557698023999982;0.6565099604081013;0;53.733270700000006;86.8430435
-0.0163148771285816;0.016779250670933856;-0.1040073416947078;0.019209308242978593;0.986565388689596;0.019788938393558716;0.00039160208274406226;1.0419616095646396;0.05639899486823996;7.131905187266122;1.127234351938951;1.2706572841912267;4.031507494966563;-1.113838565934269;0.0511835922316946;0.6565099604081013;0;53.73326571;86.84275179
-0.0469052717446721;0.016779250670933856;-0.0774956663607627;0.020471622598984947;1.0247112534030944;0.018862238287433865;0.00035578403321193596;1.0419616095646396;0.05639899486823996;7.131905187266122;1.1951737496290329;1.428440291802322;4.031507494966563;-0.9988050688968484;0.07187475901442816;0.771543457445522;0;53.733265089999996;86.84245677
-0.0545528703986948;0.01867565853276626;-0.0754563067196899;0.017291517014999782;1.0163064931508587;0.0187006093183287;0.0003497127888767622;1.0419616095646396;0.05539622087504359;6.051576409796661;0.9790386154907612;0.9585166106220666;2.9511787174971023;-0.7918016709941917;0.11076488088290251;0.9785468553481786;0;53.733270530000006;86.84216269
-0.0316100744366268;0.019137606176430663;-0.0540430304884266;0.017525116041598503;0.9992102654969734;0.01839771229295924;0.0003384758176145035;1.0419616095646396;0.05539622087504359;6.051576409796661;0.9860603773215854;0.9723150677235873;2.9511787174971023;-0.4837380735190675;0.17277303664314922;1.2866104528233029;0;53.73328182;86.84185654000001
-0.0520036708473539;0.01916776576802693;-0.078515346181299;0.015864316005730524;0.9874723846188054;0.012649205644804486;0.0001600024034445537;1.0247112534030944;0.038145864713498456;6.051576409796661;0.9234374382223014;0.8527367023105668;2.9511787174971023;-0.3397429878816692;0.22503785977016122;1.4306055384607013;0;53.733300199999995;86.84153956
-0.0183542367696543;0.019972959957274158;-0.0672988681553992;0.015232376873999231;0.9945977041105585;0.012763211732011732;0.0001628995737161619;1.0247112534030944;0.038145864713498456;6.051576409796661;0.8845038223280807;0.7823470117129848;2.9511787174971023;-0.236023703233013;0.23522261944612705;1.4006774409050684;0;53.733328889999996;86.84122009000001
0.0010196798205363;0.025812259200559257;-0.0662791883348628;0.012215368930917936;0.9872386047683632;0.012003038123395385;0.00014407292419168298;1.0247112534030944;0.03747264863473121;5.773739560480157;0.6903398302582257;0.47656908124095576;2.6733418681805983;-0.1679794525302551;0.22887912271463362;1.3567074297801927;0;53.733370730000004;86.84089841
-0.0142755174875089;0.0264563304388389;-0.1009483022330988;0.012365763871049627;1.0034592386350847;0.009391890655544828;8.820761008571027e-05;1.0163064931508587;0.02906788838249552;5.773739560480157;0.6982985084108435;0.4876208068488088;2.6733418681805983;-0.1299489484214682;0.20173244965816667;1.1812692530602027;0;53.73342801;86.84057425
-0.0142755174875089;0.02685393484877227;-0.0734169470786173;0.012617321772387436;1.00309807097184;0.008015859203421552;6.4253998769078e-05;1.0088401103236668;0.0216015055553036;5.773739560480157;0.715609616448341;0.5120971231533417;2.6733418681805983;-0.1299489484214682;0.16156892811204437;0.9969008939121724;0;53.73350003;86.84025459
-0.0040787192821454;0.026428751131904196;-0.0836137452839808;0.01063817078525509;1.0068510833341118;0.00856514513067491;7.336171110952412e-05;1.0088401103236668;0.0216015055553036;5.773739560480157;0.5938148423755787;0.35261606702553333;1.9252311405914324;-0.1299489484214682;0.13580405494164016;0.9969008939121724;0;53.73358179;86.83995491
0.0265116753339451;0.01914567852177475;-0.07545630671969;0.01063817078525509;0.9943504375827833;0.008622501507291215;7.434753224323928e-05;1.0088401103236668;0.0216015055553036;5.773739560480157;0.5929908392319538;0.35163813541301686;1.9252311405914324;-0.1299489484214682;0.08978238241725946;0.8688561204753802;0;53.73367181;86.83966605
0.0163148771285816;0.019445044350605768;-0.0815743856429081;0.012803762018501705;1.0088401103236668;0.008689212071477347;7.550240642310765e-05;1.0088401103236668;0.0216015055553036;5.773739560480157;0.7252260585237326;0.5259528359618684;2.7172261957439843;-0.0291981676778498;0.048874925504608716;0.762603503316342;0;53.73376039;86.83937575
0.0367084735393086;0.024480811549991148;-0.0836137452839808;0.013338483487610568;0.989234483134166;0.008745119343750515;7.647711233643945e-05;1.0141914086107016;0.026698491919513345;5.773739560480157;0.7663700705295732;0.5873230850035029;2.7172261957439843;0.0615137699605362;0.02381736483825353;0.5452518434796036;0;53.733843560000004;86.83908004
0.0224329560517997;0.024472551728729766;-0.0662791883348628;0.01218518570663353;0.9874929166911882;0.010284197109185442;0.00010576471018057819;1.0141914086107016;0.029665855485156878;4.848635545938145;0.693473828857;0.48090595130958785;1.8802263424488679;0.3575706584294634;0.03974367258028692;0.6973136463111326;0;53.733923419999996;86.83877846
0.0101967982053635;0.023632728223038364;-0.078515346181299;0.01236868306502025;1.007500424643621;0.010236681758286662;0.0001047896534204389;1.0141914086107016;0.029665855485156878;4.848635545938145;0.7040631915055966;0.49570497763304644;1.8802263424488679;0.3575706584294634;0.04712310710167322;0.6307738491532318;0;53.733996819999994;86.83845762
-0.020393596410727;0.024655971451778145;-0.0535331905781584;0.013068111803900793;1.0039809404086324;0.010308688462167055;0.00010626905781001614;1.0141914086107016;0.029665855485156878;4.848635545938145;0.7528149545313685;0.5667303557660665;2.122728250153832;0.3575706584294634;0.05006415743300437;0.6307738491532318;0;53.73406676;86.83811284
-0.040787192821454;0.026082241372339304;-0.061180789232181;0.012855988491750495;1.0141914086107016;0.01268950463805946;0.00016102352795933255;1.0141914086107016;0.03811864578113866;4.848635545938145;0.7345736340086172;0.539598423780626;2.122728250153832;0.4020000918483318;0.060479796184318375;0.6752032825721002;0;53.73414140999999;86.83774460999999
0.0214132762312633;0.027260203377731575;-0.0509839910268175;0.012974955488721223;0.9845255531255447;0.013710869216150945;0.0001879879346623956;1.0170604676607635;0.04098770483120062;4.848635545938145;0.7574377961995616;0.5737120151116487;2.435301730875143;0.4020000918483318;0.06553666246343395;0.6752032825721002;0;53.734226920000005;86.83735908000001
-0.0010196798205363;0.02287667326146497;-0.0632201488732537;0.010775239979330421;0.9982316516891675;0.013909164015397374;0.00019346484360722522;1.0170604676607635;0.04098770483120062;4.469639748472197;0.6255564427822382;0.3913208631063676;2.056305933409195;0.4020000918483318;0.05048261115622065;0.5717587117295944;0;53.73432054;86.83695862
-0.0173345569491179;0.021193715217362148;-0.0479249515652085;0.02127744448110386;1.0077135114415277;0.013840804427932228;0.00019156786721226838;1.0170604676607635;0.04098770483120062;4.469639748472197;1.2184494437358542;1.4846190469402125;4.6420351088900285;0.4020000918483318;0.03696775076688033;0.5372799947668518;0;53.73443521;86.83653569
-0.0326297542571632;0.022108809912240186;-0.058121749770572;0.033463103423019204;0.9760727628295629;0.013837866089119615;0.00019148653790040658;1.0170604676607635;0.04098770483120062;3.631094580192408;1.9149872850716254;3.667176301985995;5.951498204162313;0.4020000918483318;0.02092291577899825;0.4311982595261816;0;53.73457112999999;86.83608792999999
-0.0336494340776996;0.0339591059008983;-0.0428265524625267;0.03517838936768235;1.0170604676607635;0.01746516544282333;0.00030503200394519026;1.0375060534070117;0.06143329057744884;3.631094580192408;2.0137874457658995;4.055339876724346;5.951498204162313;0.4020000918483318;0.009889502263835418;0.3404863218877956;0;53.734729040000005;86.835634
-0.011726317936168;0.032636878846150685;-0.046650351789538;0.03370441796209992;1.0124108067324173;0.01739946378184764;0.0003027413398958277;1.0375060534070117;0.06143329057744884;3.631094580192408;1.9343625644782572;3.7417585308549;5.951498204162313;0.520191431774968;0.005129451432538541;0.2665241236108087;0;53.7348984;86.83518128
0.0101967982053635;0.038376381537225;0.003059039461609;0.03433099786718549;1.0166765193162906;0.01605846338073232;0.0002578742461503209;1.0375060534070117;0.06143329057744884;3.631094580192408;1.9602206562984017;3.842465021378937;5.951498204162313;0.520191431774968;0.007150496142264425;0.2665241236108087;0;53.735068260000006;86.83473418
0.0173345569491179;0.03834626593480894;0.040787192821454;0.03686080456336172;1.0073992829347957;0.016610577201904158;0.00027591127498041815;1.0375060534070117;0.06143329057744884;4.771964613818554;2.11131565302057;4.457653786689676;7.092368237788458;0.5933695342167266;0.010756634475627167;0.3397022260525673;0;53.73523136;86.83430336
0.0723972672580809;0.03687274179826997;0.0020393596410727;0.040015856455099176;1.0375060534070117;0.01674966691864449;0.0002805513418855336;1.0375060534070117;0.06143329057744884;4.771964613818554;2.283044968914176;5.2122943300843305;7.092368237788458;0.5933695342167266;0.009938013036413566;0.26832542384781616;1;53.73538430999999;86.83389567
0.0346691138982359;0.041532955330406775;-0.0295707147955541;0.03975321203458231;1.012548222981227;0.012144644468672151;0.00014749238927044906;1.0375060534070117;0.0446724488425696;4.771964613818554;2.262073413836889;5.116976129587678;7.092368237788458;0.5933695342167266;0.01048483384164476;0.26832542384781616;0;53.73551554000001;86.83350978000001
0.0703579076170082;0.038422375138563745;-0.0586315896808402;0.03997180482533969;1.0227689772162187;0.016030249335508978;0.000256968893758586;1.0375060534070117;0.05733435073889104;4.771964613818554;2.2783071818711345;5.19068361496559;7.092368237788458;0.5933695342167266;0.012254043624745754;0.29694636890265536;1;53.7356166;86.83312188
0.0244723156928724;0.03707116227297158;-0.0825940654634444;0.0401691444410473;0.9928336045644421;0.016012682457251647;0.0002564059994767746;1.0375060534070117;0.05733435073889104;4.771964613818554;2.28960619067763;5.242296508389329;7.092368237788458;0.5933695342167266;0.011621205423256262;0.29694636890265536;0;53.73569151;86.83272575
0.0091771183848271;0.04025264211729921;-0.0825940654634444;0.03771835336205385;1.0179791058120962;0.01597105355410446;0.0002550745516280727;1.0375060534070117;0.05733435073889104;4.771964613818554;2.149910190303009;4.622113826368721;7.092368237788458;0.5933695342167266;0.011932572769038773;0.29694636890265536;0;53.73572945000001;86.83232337
-0.0596512695013765;0.04103234760002612;-0.0535331905781584;0.0252851812569719;1.0009707875914338;0.017094246006533087;0.00029221324653187243;1.0375060534070117;0.05733435073889104;4.771964613818554;1.4457636467841797;2.0902325223626903;4.884587354864883;0.5933695342167266;0.02635475828784163;0.5503523227420203;0;53.73573113;86.83191289
0.003059039461609;0.03575513264161595;-0.0499643112062812;0.018343533304940027;0.9801717026681207;0.015256393160783283;0.00023275753227639494;1.0293833188244292;0.049211616156308535;4.771964613818554;1.0533505422810037;1.1095473649236844;3.0984462102337584;0.5933695342167266;0.08317268652129399;0.9444675692888406;0;53.73570114;86.83147842
0.0193739165901906;0.034987922489610586;-0.0520036708473539;0.021554165181584706;1.0089709926056925;0.015541953235948045;0.0002415523103883959;1.0293833188244292;0.049211616156308535;4.771964613818554;1.2353917663705982;1.5261928164162666;4.140600333931726;0.5933695342167266;0.16966351495434961;1.240946864215985;0;53.73565382;86.83101894
-0.0295707147955541;0.025321991847515858;-0.0387478331803813;0.02549341169604446;1.015751585018729;0.014888528203082623;0.00022166827205398669;1.0293833188244292;0.049211616156308535;4.771964613818554;1.461282716205092;2.1353471766797316;4.420835044989423;0.5933695342167266;0.2356210817828654;1.2890490857407357;0;53.73559626;86.83053642
-0.0091771183848271;0.022967393566912665;-0.0316100744366268;0.02266918690942042;1.0293833188244292;0.0146831611652276;0.00021559522180404796;1.0293833188244292;0.049211616156308535;4.653827218763685;1.2905812331270081;1.6655999192996287;4.302697649934554;0.5631220425341533;0.2648012058939985;1.3040599358032008;0;53.73553799;86.83002246999999
-0.0081574385642908;0.022293539956441698;-0.0479249515652085;0.017038877261099625;0.9943572343133257;0.016834387766952157;0.00028339661148810846;1.0293833188244292;0.05035421223094594;3.0657137825908025;0.9868735869328846;0.9739194765857777;2.714584213761672;0.4330989274107722;0.2506742495283324;1.1740368206798197;0;53.73547728999999;86.82947281
-0.020393596410727;0.018444965446885033;-0.0112164780258998;0.01673297036485813;1.0179065850091673;0.021577832219574444;0.00046560284329610495;1.0476241291335693;0.06859502254008598;2.9544076851124683;0.9736339783945821;0.9479631238844615;2.603278116283338;0.4330989274107722;0.22094758004837875;1.1740368206798197;0;53.73541797;86.82889637000001
0.0091771183848271;0.018467499773545684;-0.0061180789232181;0.015887602019464892;0.9983274732623472;0.01934351596738076;0.00037417160998031443;1.0476241291335693;0.06859502254008598;2.9544076851124683;0.9173100359909927;0.8414577021297963;2.603278116283338;0.4330989274107722;0.18509476941537617;1.1740368206798197;0;53.73535799;86.82830391
-0.0142755174875089;0.016072316260544523;-0.023452635872336;0.017977751772979975;1.0190300774815535;0.022366901326166796;0.000500278274934482;1.0476241291335693;0.06964060698895724;3.706376577895558;1.058198213841348;1.1197834597770193;3.355247009066428;0.3221453754195732;0.13561973081782736;1.063083268688621;0;53.73529819;86.82769627
-0.0244723156928724;0.015434672935271223;-0.040787192821454;0.017812483095208567;0.9790291065934833;0.025723174953953723;0.0006616817297117122;1.0476241291335693;0.07863424712740696;3.706376577895558;1.0494108914556253;1.10126321910569;3.355247009066428;0.3641724864777171;0.1420218676078139;1.1051103797467647;0;53.73523437;86.82708205
0.0244723156928724;0.01872222737152208;-0.0163148771285816;0.018135464192395485;1.0476241291335693;0.02432611135060236;0.000591759693441905;1.0476241291335693;0.07863424712740696;3.706376577895558;1.0692406416712774;1.143275549801605;3.355247009066428;0.3641724864777171;0.14583631440912267;1.1051103797467647;0;53.73516618;86.82646602
-0.0152951973080452;0.0259169456854774;-0.0183542367696543;0.01794816721526184;1.0230178868514548;0.024190762018447037;0.0005851929670331398;1.0476241291335693;0.07863424712740696;3.706376577895558;1.0586726970381826;1.1207878794540993;3.5894129601863667;0.3641724864777171;0.16240607408038513;1.1051103797467647;0;53.735090389999996;86.82585519
-0.0142755174875089;0.025691974743242644;-0.0632201488732537;0.020479803744266514;0.977983522144612;0.024328447996630483;0.0005918733819247537;1.0476241291335693;0.07863424712740696;3.706376577895558;1.1985426602920242;1.4365045085398822;4.279250835145616;0.3641724864777171;0.156131487831311;1.1051103797467647;0;53.73500054;86.82517909999999
0.0081574385642908;0.025845302144183315;-0.0224329560517997;0.022127026000149295;0.9689898820061623;0.026435025292346714;0.0006988105622070105;1.0476241291335693;0.07863424712740696;3.706376577895558;1.2940055989940258;1.6744504902278874;4.279250835145616;0.3641724864777171;0.12866696998803961;1.1051103797467647;0;53.73491206;86.82448646
0.0275313551544814;0.030569427345196395;-0.0163148771285816;0.024989900269803984;1.0018368507087767;0.026345979492616207;0.0006941106354253537;1.0476241291335693;0.07863424712740696;3.706376577895558;1.454709314503253;2.116179189702524;4.797029812391536;0.3641724864777171;0.08880924876612752;1.0311156037054043;0;53.73482448;86.82379984
-0.0591414295911083;0.03209139741066797;-0.0020393596410727;0.037353636739760554;0.9990010892917464;0.025455381990090165;0.0006479764722614068;1.0476241291335693;0.07863424712740696;3.706376577895558;2.139911589183799;4.579221609523134;8.32236036774154;0.3641724864777171;0.05139768630728139;0.7840620964427223;0;53.73473289;86.82312457
-0.0152951973080452;0.03183060129114227;0.0101967982053635;0.037820821231818055;1.019845505046416;0.02087366233236687;0.0004357097791656716;1.0230178868514548;0.054028004845292465;3.706376577895558;2.171971196071892;4.717458876565966;8.32236036774154;0.3641724864777171;0.03667626767273041;0.6858613207299783;0;53.73462714;86.82246330000001
0.0112164780258998;0.031567284708293085;0.0091771183848271;0.03770272935058545;0.9708433634404774;0.020116103143471713;0.0004046576056787925;1.019845505046416;0.050855623040253595;3.706376577895558;2.1658899768585527;4.691079391856342;8.32236036774154;0.3641724864777171;0.029130739423433732;0.5479797707272905;0;53.73450522;86.82183961999999
0.0458855919241358;0.03145509791253007;0.0193739165901906;0.030350775520297104;1.0178401881942425;0.01989681931899164;0.00039588341901259885;1.019845505046416;0.050855623040253595;1.3265654974289554;1.7276780460371088;2.9848714307586026;5.942549287274938;0.3641724864777171;0.03883499675739496;0.6995913975643029;0;53.73436229;86.82126405
0.0418068726419904;0.03714584096607903;0.0815743856429081;0.0394516393492326;1.0136361119098054;0.017364587506791745;0.00030152889928102797;1.019845505046416;0.04900214160593852;0.9331009575204372;2.2597251193699717;5.106357615111632;6.587414700971962;0.0856684239876975;0.04699791289202578;0.725291585887754;1;53.73420379;86.82074458999999
-0.0132558376669725;0.037919051749962525;0.0244723156928724;0.040736885917157795;0.9843845551029022;0.03780105760071813;0.0014289199557328098;1.019845505046416;0.12648784223609488;1.7660118879386166;2.3580582289499183;5.5604386111184265;7.420325631390142;0.073111327323944;0.10668228011013874;1.0669640194464542;1;53.73403105;86.82028513
-0.0101967982053635;0.040569077927321666;-0.0163148771285816;0.040430479902492024;1.0168028139331542;0.04087810949288132;0.001671019835711994;1.0382800584667313;0.1449223956564103;1.7660118879386166;2.3394434878215447;5.472995832710633;7.420325631390142;0.0490722729793467;0.15592614950365602;1.1382667530224464;1;53.733841889999994;86.81987325
0.020393596410727;0.050622878492941496;-0.0081574385642908;0.04054860511732524;0.9801584428233595;0.03987058484304591;0.0015896635357265222;1.0382800584667313;0.1449223956564103;1.7660118879386166;2.345225015220029;5.500080372013785;7.420325631390142;-0.1021732403916548;0.23457602333296432;1.3250191094874;1;53.73363766999999;86.81956407
-0.0571020699500356;0.05025871170080532;0.0978892627714897;0.040364705412357316;0.9935344923555873;0.03936679292951134;0.001549744385555024;1.0382800584667313;0.1449223956564103;1.7660118879386166;2.3375241816219;5.464019299667132;7.420325631390142;-0.1021732403916548;0.362583102239649;1.6512275198742232;1;53.73340458;86.8193105
0.0356887937187723;0.04629590942217397;-0.0275313551544814;0.04056740488537781;0.893357662810321;0.038520931008291244;0.001483862125745534;1.0382800584667313;0.1449223956564103;1.7660118879386166;2.352432871976314;5.533940417154729;7.420325631390142;-0.1405497543843877;0.4430981813282708;1.7071475508778067;1;53.73314331;86.81909019
-0.0734169470786173;0.041768029389872674;0.0382379932701131;0.036906251162666014;1.0382800584667313;0.039776198104019174;0.0015821459356101786;1.0382800584667313;0.1449223956564103;1.7660118879386166;2.1511743070821256;4.627550899450264;7.420325631390142;-0.1405497543843877;0.5386883501414229;2.0457294280332836;1;53.732861359999994;86.81889784
-0.0968695829509534;0.04389968677995219;0.0071377587437544;0.036870548535512054;0.9806558293633215;0.03993260588422996;0.0015946130127052374;1.0382800584667313;0.1449223956564103;1.7660118879386166;2.1481015320696355;4.614340192079915;7.420325631390142;-0.1704697111207049;0.5497438452345185;2.0625114090092107;1;53.73256447;86.81872639
0.0010196798205363;0.0465741850918271;0.0326297542571632;0.03520090866065549;0.9886089033421627;0.047344949352999086;0.0022415442292380485;1.0704180890853583;0.17706042627503726;1.7660118879386166;2.0534089620181875;4.216488365296611;7.420325631390142;-0.3354189110865857;0.45187001278249794;1.8975622090433297;0;53.73225574000001;86.81855846
-0.0275313551544814;0.04383753647655887;0.0397675130009177;0.03520090866065549;0.9719394209837281;0.04732881048042412;0.002240016301491904;1.0704180890853583;0.17706042627503726;1.7660118879386166;2.0533824506741376;4.216379488736528;7.420325631390142;-0.6396231619000565;0.3175213880279341;1.593357958229859;0;53.731939950000005;86.81838091
-0.0040787192821454;0.04762097631055625;-0.0081574385642908;0.022957331236621217;1.0268580821484385;0.04946475073889102;0.00244676156566062;1.0704180890853583;0.17706042627503726;1.7660118879386166;1.3428763853238883;1.803316986260552;4.110959345616304;-0.9938526921225102;0.2142675361913842;1.2391284280074053;1;53.7316195;86.81817822000001
0.020393596410727;0.04165613594865778;0.0122361578464362;0.01829821049166084;0.9761233601838933;0.03368947107091718;0.0011349804610381654;1.0704180890853583;0.0984786681016302;0.4765647087330663;1.037982936247819;1.077408575941644;2.8215121664107534;-1.0891944800430997;0.1717478005099652;1.3760448921542203;1;53.73130006;86.81793558
-0.0703579076170082;0.04107171081937102;0.0326297542571632;0.018145653729564903;1.0704180890853583;0.033287937090672;0.0011080867557525368;1.0704180890853583;0.0984786681016302;0.4765647087330663;1.036618532671724;1.0745779822784782;2.8215121664107534;-1.4271923498790549;0.11433821123270572;1.1522299349656153;1;53.730993139999995;86.81766194
-0.0397675130009177;0.03691497582750358;-0.0081574385642908;0.020914072550792504;0.980752838055352;0.03425904918934032;0.0011736824513576395;1.0704180890853583;0.0984786681016302;0.9565479551693672;1.1891207510242159;1.414008160516395;3.3014954128470544;-1.753400760265878;0.08215476370010671;0.8574071677863506;1;53.730707540000004;86.81736866
-0.0938105434893443;0.040741990292597306;0.020393596410727;0.02174254524553145;1.0373872906645156;0.0343795244923994;0.0011819517043234903;1.0704180890853583;0.0984786681016302;0.9565479551693672;1.2258847363713945;1.5027933868683634;3.3014954128470544;-1.8476973052621943;0.10604634921276931;1.0994796282589507;1;53.73044358;86.81704326
-0.0713775874375446;0.0425180537283509;0.0326297542571632;0.019859847919787853;1.0074462428481004;0.051203513373917514;0.0026217997818329497;1.0704180890853583;0.18222750469458593;0.9565479551693672;1.1067883422754952;1.2249804345969388;3.16494611052142;-2.054728893470117;0.09978641703606056;0.8924480400510282;1;53.73019713;86.81668929
-0.0642398286937901;0.04104483957303406;-0.0010196798205363;0.018958078643980008;0.9748939009525086;0.05052792781118136;0.0025530714888919548;1.0704180890853583;0.18222750469458593;0.9565479551693672;1.055613881445192;1.114320666699784;3.16494611052142;-2.054728893470117;0.14078746726433872;1.0799338570371364;1;53.72996735;86.81629311
-0.0499643112062812;0.039349161102482724;-0.0173345569491179;0.0194341242783063;1.0383620459023513;0.0499345906187613;0.002493463340263284;1.0704180890853583;0.18222750469458593;0.9565479551693672;1.083007625552803;1.1729055170055203;3.16494611052142;-2.054728893470117;0.21505550192892217;1.4061291731018817;1;53.72975744;86.81586048
0.0265116753339451;0.03893833125472748;0.0397675130009177;0.0188161705130708;1.0320036348815063;0.04450409606299799;0.0019806145663845533;1.0383620459023513;0.1501714615115789;0.9565479551693672;1.0593678444204617;1.1222602297920554;3.16494611052142;-2.054728893470117;0.2723258949296625;1.602646352523987;1;53.72956452000001;86.81539364
-0.078515346181299;0.039040260355107104;0.0158050372183134;0.02100446930074256;0.8881905843907724;0.04611553888863953;0.0021266429269896246;1.038674039652784;0.15048345526201168;0.9565479551693672;1.1677393652916908;1.3636152252518405;3.685608347912287;-2.173048387122844;0.21912376244419624;1.4843268588712597;1;53.729389839999996;86.81490407999999
-0.0224329560517997;0.03968477767471186;0.0020393596410727;0.02097474753798352;0.9995400713489255;0.04470440364863063;0.0019984837055797;1.038674039652784;0.15048345526201168;0.9565479551693672;1.1665487143197748;1.3608359028811197;3.685608347912287;-2.46523937219732;0.15208514410731386;1.1921358737967838;1;53.72923493999999;86.81439846
0.0101967982053635;0.052653872890813705;0.0265116753339451;0.023867672565936967;1.014978967437759;0.04460801000939432;0.001989874556998224;1.038674039652784;0.15048345526201168;1.4623177807628782;1.3362208799801896;1.785486240095032;4.191378173505798;-2.57942228484467;0.1247417041376096;1.0779529611494336;1;53.72910177;86.81388897
-0.0214132762312633;0.05587624708975199;-0.0010196798205363;0.02472802404767032;0.9811662101621855;0.04442935798828688;0.001973967851251351;1.038674039652784;0.15048345526201168;1.4623177807628782;1.3846235846600086;1.9171824711967318;4.191378173505798;-2.606131300389781;0.12214879287899147;1.0512439456043228;0;53.72900843;86.81338091
-0.0316100744366268;0.055957236707377844;0.049454471296013;0.028213393916428305;1.038674039652784;0.043404964968681424;0.0018839909839324619;1.038674039652784;0.15048345526201168;2.224782367533605;1.5814576584233113;2.501008325385743;4.953842760276525;-2.0309697224853487;0.20990943301651546;1.6264055235087551;0;53.728953049999994;86.81290057000001
-0.0978892627714897;0.05047741261329462;0.0183542367696543;0.02730889633901371;1.0153988855759468;0.042493648848174116;0.0018057101924319292;1.038674039652784;0.15048345526201168;2.224782367533605;1.5362760781753646;2.3601441883738787;4.953842760276525;-1.8840630292393217;0.3290284522456839;1.7733122167547821;0;53.728940820000005;86.81246594000001
-0.1514224533496481;0.049874633010391814;-0.0254919955134087;0.026813303348926953;0.9989226369221154;0.023314247577796966;0.0005435541401188118;1.038674039652784;0.0795487607019133;2.224782367533605;1.499326834198094;2.247980955746479;4.953842760276525;-1.790665839621158;0.44546599125485387;1.8667094063729457;1;53.72897822;86.8120707
-0.1080860609768532;0.04911146125518236;-0.0122361578464362;0.027301756612969845;1.0234375544152612;0.02876019415411535;0.0008271487677824106;1.038674039652784;0.08448307420614365;2.224782367533605;1.5310138264688038;2.3440033368386484;4.953842760276525;-1.7311963964479693;0.5263314907006313;1.9261788495461345;0;53.72906265;86.81172504999999
-0.0428265524625267;0.04741967989285283;-0.0397675130009177;0.025890465143467576;1.0244073137361092;0.028846603213517952;0.0008321265169581442;1.038674039652784;0.08448307420614365;2.224782367533605;1.4510960234596848;2.10567966930051;4.953842760276525;-1.6352537870407629;0.5193142568360095;2.022121458953341;0;53.729202380000004;86.81141934
-0.0188640766799225;0.04750475143618171;-0.0244723156928724;0.02748436992602968;1.017090241884847;0.03051457250134446;0.0009311391349398074;1.0396184602669578;0.08542749482031742;2.224782367533605;1.5378193341518767;2.3648883044913216;4.953842760276525;-1.243952584715578;0.4485975528995216;2.0017598274963695;1;53.72939993;86.81114840999999
-0.0560823901294993;0.05399876210123271;-0.003059039461609;0.02728694233680627;0.9591252789508707;0.029283505852044703;0.0008575237149867365;1.0396184602669578;0.08542749482031742;2.224782367533605;1.5594864777441098;2.4319980742667298;5.065238521791267;-1.183014074555154;0.3938848211041656;1.8489858589975476;1;53.72964326;86.8109079
-0.0356887937187723;0.05485871116763093;0.0152951973080452;0.028940120908647882;0.9541909654466404;0.04850255577194391;0.0023524979164105293;1.121333511776073;0.1671425463294326;2.224782367533605;1.6312488074545026;2.660972671821737;5.065238521791267;-1.0123791752276712;0.33495497098353166;1.7690398743457192;0;53.72992818;86.8106757
-0.0020393596410727;0.058617450386177876;0.0071377587437544;0.02796895193183236;0.9860583297185965;0.05404741810206368;0.0029211234034992803;1.121333511776073;0.1671425463294326;2.224782367533605;1.5710011187187702;2.468044515015628;5.065238521791267;-0.6240532481410809;0.3250311156239409;1.9820780522487;0;53.73023417;86.81045177
-0.020393596410727;0.0558330959781955;0.0275313551544814;0.04065132787424686;1.0396184602669578;0.054078391932491615;0.002924472474004174;1.121333511776073;0.1671425463294326;5.382193778882176;2.304283693839554;5.309723341694861;8.222649933139838;-0.3361367768330848;0.3197516889748461;1.694832945652264;0;53.73052631;86.81021399000001
0.026511675333945;0.05474925925205069;0.0484347914754766;0.046009579869194614;0.9773944904272653;0.05407349946358767;0.002923943344238616;1.121333511776073;0.1671425463294326;5.382193778882176;2.6042803677092015;6.782276233635574;8.222649933139838;-0.0309285707144941;0.41585022590986825;1.8531344585248275;1;53.73079481;86.80996025
0.0152951973080452;0.05747127531055402;-0.0367084735393086;0.05002211165447726;1.121333511776073;0.054076340788819316;0.0029242506331085237;1.121333511776073;0.1671425463294326;5.382193778882176;2.832129828429276;8.02095936507884;8.222649933139838;0.4573640017941485;0.5806572821213292;2.2480298414153066;1;53.731038760000004;86.80967428
0.1136942999898032;0.0541005105572071;-0.0020393596410727;0.0520172481444557;1.087839838321453;0.050141151412973296;0.002514135065018714;1.121333511776073;0.1671425463294326;5.382193778882176;2.951761292592399;8.71289472844675;8.222649933139838;0.4573640017941485;0.6288631574205302;2.188560398242118;1;53.731251029999996;86.80937711
-0.0917711838482716;0.061785881390191866;-0.0948302233098807;0.05086514478276109;1.0109949301918757;0.04430191858401301;0.0019626599902245172;1.121333511776073;0.14393902134880765;5.382193778882176;2.887819422285801;8.339501015731097;8.222649933139838;0.4960904342549659;0.612470564723988;2.1313442212957288;0;53.73142854;86.80906053999999
-0.0017844396859385;0.06266484096560812;-0.0825940654634444;0.05257174981000754;1.0240373205618891;0.045931683909718225;0.002109719586782268;1.121333511776073;0.14878184306927722;5.382193778882176;2.9885139513599706;8.931215637473183;8.222649933139838;0.8206629962629586;0.5813502168884881;2.0646155809785363;0;53.731561979999995;86.80871014
0.0509839910268175;0.06242670537131395;-0.0764759865402263;0.05516021216811023;1.019751705429846;0.046215944084118644;0.002135913487586381;1.121333511776073;0.14878184306927722;5.382193778882176;3.1247507709709694;9.764067380683668;8.222649933139838;0.8206629962629586;0.531708034639857;2.003677070818113;1;53.731655120000006;86.80833224
0.0163148771285816;0.061694146188498854;-0.0703579076170082;0.053980894770847394;1.0110463508501064;0.04260185539081335;0.001814918082739772;1.121333511776073;0.14878184306927722;5.382193778882176;3.034838372900433;9.210243949628946;7.893412908735428;0.8206629962629586;0.36748343361470015;1.8330421714906298;0;53.731715210000004;86.80792129
-0.0938105434893443;0.06143283554108404;-0.0622004690527174;0.061934206627226505;1.0116852914860794;0.030262669867680194;0.0009158291875201988;1.087839838321453;0.11528816961465715;5.382193778882176;3.4942807108110188;12.209997685945957;9.1072340083138;0.8206629962629586;0.23877444848010276;1.4447162444040393;0;53.73174427;86.80750491
-0.0316100744366268;0.045736560049665226;0.023452635872336;0.06397799088206213;0.9725516687067958;0.020364153910817057;0.0004146987645034456;1.0472573432336785;0.0747056745268827;5.382193778882176;3.6121771067656163;13.047823450641618;9.1072340083138;0.8206629962629586;0.2165483850462675;1.3111173224955728;0;53.731753170000005;86.80707861
-0.0112164780258998;0.037131930364030084;0.0458855919241358;0.061262780751291226;1.0472573432336785;0.020387655011487503;0.00041565647686743154;1.0472573432336785;0.0747056745268827;4.626234964157932;3.4534062354060717;11.926014626741537;8.351275193589556;0.8206629962629586;0.3049655601174483;1.6752147160155761;0;53.73174968000001;86.80665528
-0.0010196798205363;0.039157121304958194;0.040787192821454;0.06230615479625992;1.0347600088296929;0.02202576665413409;0.0004851343967023652;1.0472573432336785;0.0747056745268827;4.300918529758148;3.546909279244392;12.580565435189973;10.185487470713095;0.8206629962629586;0.4184506807642215;1.7380824288432173;0;53.73174143;86.80622207
0.0050983991026817;0.035489154995625015;0.0652595085143265;0.05697132436948582;1.0044803753984954;0.023905061814948236;0.0005714519803764962;1.0472573432336785;0.0747056745268827;3.990392624410843;3.2685643406872225;10.683512849212097;9.87496156536579;0.8206629962629586;0.5590440974862418;2.0737082344108724;0;53.731723099999996;86.80579158
0.003059039461609;0.03880146342498312;0.0316100744366268;0.04428328051355745;0.998771569482802;0.027563283658033042;0.0007597346060131913;1.0493099901967293;0.07675832148993356;3.5248841231931736;2.5513159390101623;6.509213020647305;9.409453064148122;0.8206629962629586;0.6400644974424531;2.0737082344108724;0;53.73169581999999;86.80533678
-0.0010196798205363;0.026288717791927835;0.0530233506678902;0.02415897693159537;1.0180031080384802;0.027610478559926217;0.0007623385263081453;1.0493099901967293;0.07675832148993356;-1.3817952960852422;1.4347329314424628;2.058458584565483;4.502773644869706;0.8206629962629586;0.7843423106960724;2.6549183684030906;1;53.73166436;86.80487524
0.0326297542571632;0.04091671310746228;0.1009483022330988;0.022071874652656885;0.9846248205185593;0.025283043936981456;0.0006392323107193347;1.0493099901967293;0.07127065406821553;-1.8136542938750844;1.3328864521039863;1.7765862942023523;4.070914647079864;0.7681649479314587;0.7567611701545526;2.8011979555199;1;53.731622540000004;86.80442382
0.020393596410727;0.041960509489609485;0.0887121443866625;0.021778646581051338;0.9780393361285138;0.028666763151105234;0.0008217833095615648;1.0493099901967293;0.0930215487561189;-1.8136542938750844;1.3081420906718917;1.7112357293874279;4.070914647079864;0.2006912895364973;0.5628504389708378;2.2337242971249385;1;53.73156912;86.80397872
0.0469052717446721;0.05494183159056934;0.0469052717446721;0.02138925442281068;1.0493099901967293;0.027233700683890305;0.0007416744529397273;1.0493099901967293;0.0930215487561189;-1.8136542938750844;1.2825929664954383;1.6450447177035685;4.070914647079864;-0.2863808031840728;0.3954659587825917;1.7466522044043682;1;53.73150562000001;86.8035389
0.0520036708473539;0.0776714512074017;0.0571020699500356;0.03137051039698636;1.004299732589776;0.027613379528857777;0.0007624987290047418;1.0493099901967293;0.0930215487561189;0.8600906115989443;1.8348933892177544;3.3668337497950174;6.744659552553893;-0.4904543262326141;0.28901562077612003;1.542578681355827;1;53.73143749999999;86.80309446
-0.0938105434893443;0.07921161510751758;0.0418068726419904;0.041335864416002434;1.0339704219348482;0.02882786197360399;0.0008310456259691629;1.0493099901967293;0.0930215487561189;2.0584803973922527;2.407272235647833;5.7949596165209165;7.943049338347201;-0.8545517197526175;0.18641867478663898;1.1784812878358237;1;53.73137795;86.80264067
-0.0275313551544814;0.08014882306674749;0.0530233506678902;0.041997146029793694;0.9562884414406104;0.02894498228484083;0.0008378119994697494;1.0493099901967293;0.0930215487561189;2.0584803973922527;2.4411342837537062;5.959136591317721;7.943049338347201;-0.9174194325802586;0.13240390418070352;1.1156135750081826;0;53.731339549999994;86.80219267
-0.1080860609768532;0.07832965670169914;0.0458855919241358;0.03862274284807149;1.0173022142801287;0.03000839137375489;0.000900503552840447;1.0493099901967293;0.0930215487561189;2.0584803973922527;2.2209783865606743;4.932744993569656;7.262593165716601;-1.2233420560663308;0.07695855483757082;0.8096909515221102;1;53.73131858000001;86.80174162
-0.1825226878760069;0.07582599195665694;-0.0152951973080452;0.03558217503058932;1.0189428355339347;0.038964782896552114;0.0015182543061754404;1.0493099901967293;0.12219222253554496;2.0584803973922527;2.016790110797453;4.067442351010403;6.051845307755268;-1.2233420560663308;0.0583357684830837;0.8096909515221102;0;53.73130413;86.80127917
-0.0876924645661262;0.06966203645859202;-0.0351789538085041;0.037655549970730284;0.9793822967598914;0.038252301838127285;0.0014632385959151958;1.043420478686549;0.11630271102536471;2.0584803973922527;2.1363079369270292;4.563811601377419;6.051845307755268;-1.4732101686278591;0.03230778895856798;0.5598228389605819;0;53.73129166;86.80080078
0.0152951973080452;0.0601870278918067;0.0683185479759355;0.03787366705467507;1.0200458199068256;0.041419026284187366;0.001715535738330204;1.0542355210046641;0.12711775334347974;2.0584803973922527;2.1457074738823674;4.6040605634746505;6.051845307755268;-1.4732101686278591;0.03945258535148386;0.594836878090689;0;53.731285400000004;86.80030556
0.0091771183848271;0.06249795365066275;0.0723972672580809;0.03759782722382669;1.0395789546349345;0.041353431920996435;0.0017101063316444871;1.0542355210046641;0.12711775334347974;2.0584803973922527;2.1338977507828405;4.553519610796066;6.051845307755268;-1.4732101686278591;0.034935986105409315;0.594836878090689;1;53.73129492;86.79978772
-0.0448659121035994;0.06668330088900137;0.0173345569491179;0.036013653197955076;0.9271177676611844;0.03806606830547899;0.0014490255562373924;1.0542355210046641;0.12711775334347974;2.0584803973922527;2.0238758345738446;4.0960733937719755;6.051845307755268;-1.4732101686278591;0.03411311785309803;0.594836878090689;0;53.73131629000001;86.79924845
-0.023452635872336;0.0704325788328451;-0.0071377587437544;0.03720740888295456;1.043420478686549;0.04215810184716282;0.0017773055513557537;1.0542355210046641;0.12711775334347974;2.0584803973922527;2.105709907574264;4.434014214856415;6.051845307755268;-1.2819330435196192;0.058078309192566895;0.7861140031989289;0;53.73134956;86.7986878
-0.078515346181299;0.04837437801931528;-0.0061180789232181;0.03638322925689123;1.0542355210046641;0.04300534544588942;0.001849459736920282;1.0542355210046641;0.12711775334347974;2.0584803973922527;2.0606489942528263;4.246274277515184;6.051845307755268;-0.622197997648029;0.17912422361819702;1.4458490490705191;0;53.73138291;86.79810931
0.0050983991026817;0.042845464965790725;0.0071377587437544;0.036736158107292485;1.0329729015135047;0.042473435028423615;0.0018039926831137222;1.0542355210046641;0.12711775334347974;2.131203385541805;2.070798071158263;4.288204651512784;6.12456829590482;-0.3478349667981726;0.33789764642720793;1.7202120799203755;0;53.731382110000006;86.79746594999999
0.023452635872336;0.04303003872346815;0.003059039461609;0.0391989939681207;0.9863140001397054;0.042345093773853884;0.0017931069667164793;1.0542355210046641;0.12711775334347974;4.314578512865529;2.2086381528384784;4.878082490173766;8.307943423228544;0.0568703689572979;0.5751454464732298;2.124917415675846;0;53.7313356;86.79682296000001
0.058121749770572;0.051533049557536334;-0.0336494340776996;0.029486794441859164;0.9537288362726151;0.040555212554143266;0.0016447252653117395;1.0542355210046641;0.12711775334347974;4.314578512865529;1.6880395961895251;2.849477678303695;5.3859147172218655;0.1645971190835417;0.7720478780479518;2.23264416580209;0;53.73125215;86.79619423
0.0341592739879677;0.05547785551804943;0.0061180789232181;0.028877129285020547;0.9733933478640336;0.0322281708760009;0.0010386549980127126;1.0542355210046641;0.10050668473204905;4.314578512865529;1.6322655794948302;2.664290922003594;4.710490840412356;0.1645971190835417;0.794089033852385;2.23264416580209;1;53.73114309;86.79557573
0.0509839910268175;0.06489881346501375;-0.037728153359845;0.033781527188262994;1.0145265929467646;0.030337464472165173;0.0009203617505998841;1.0542355210046641;0.10050668473204905;4.84705739629188;1.9189322386783798;3.6823009366392188;5.242969723838707;0.1645971190835417;0.7116013724456952;2.23264416580209;1;53.73101924;86.79498595999999
-0.0132558376669725;0.061845656960878674;-0.0764759865402263;0.033168603127270935;1.0165292410016558;0.0255678958556897;0.0006537172984873946;1.0354500896536984;0.08172125338108338;4.84705739629188;1.8842063237109399;3.5502334703122953;5.242969723838707;0.1645971190835417;0.5389320178819921;2.056835411235654;0;53.7308809;86.79441242
-0.0887121443866625;0.06263452407973295;-0.0428265524625267;0.03045109888619882;1.0081890536090854;0.0255482590664049;0.0006527135413241402;1.0354500896536984;0.08172125338108338;4.84705739629188;1.7230835581612696;2.9690169484057014;5.207181502194323;0.1645971190835417;0.3503826179072538;1.7672516593246588;0;53.73072886;86.79386358000001
-0.0805547058223717;0.06357460408750223;-0.0540430304884266;0.02605809022045803;1.0354500896536984;0.025532859469835915;0.0006519269127063895;1.0354500896536984;0.08172125338108338;4.84705739629188;1.4699030131413462;2.1606148680420083;5.207181502194323;0.1645971190835417;0.18394130309122586;1.4465301626031608;0;53.73056663;86.79334807000001
-0.1172631793616804;0.061276286081331954;-0.0846334251045171;0.027207602021278626;1.0016235517634435;0.018055033033233137;0.00032598421783113976;1.0354500896536984;0.062056741789664804;4.84705739629188;1.5512245661004407;2.4062976544735;5.207181502194323;0.1645971190835417;0.05378491083017951;0.7867951167315707;0;53.73039561;86.79286985000002
0.0020393596410727;0.06061203444548162;-0.0550627103089629;0.018159336916693664;0.9997860543802044;0.012507710843751069;0.00015644283055088806;1.0354500896536984;0.035664035273494044;5.093341241641433;1.0431896749143856;1.0882446978479814;2.962137856099628;0.1645971190835417;0.022417521753138384;0.5124320858817143;1;53.73021924999999;86.79243493
0.0224329560517997;0.05697456878479014;-0.0672988681553992;0.015591064139073142;1.0328255561059647;0.013874132820911092;0.00019249156153228235;1.0354500896536984;0.04009319621265928;5.093341241641433;0.9055371168312188;0.8199974699589966;2.658758910094897;0.1645971190835417;0.01377956394514444;0.33254545206932196;1;53.73005671000001;86.79210087
0.0367084735393086;0.06189455577395636;-0.0662791883348628;0.016847532783643048;1.0214738984032232;0.015313658030441392;0.00023450812227330213;1.0354500896536984;0.04445244443238816;5.093341241641433;0.9698277334311478;0.9405658325321975;2.658758910094897;0.1645971190835417;0.012679960424615068;0.33254545206932196;0;53.72990942;86.79178462000002
0.0356887937187723;0.05536860382254856;-0.0846334251045171;0.020418789600666468;1.0024832168773927;0.01669567811267626;0.0002787456676420971;1.0354500896536984;0.04445244443238816;5.093341241641433;1.1774638208686103;1.3864210494545068;3.73347607479834;0.3157092209492585;0.02219113034038963;0.48365755393503884;0;53.7297684;86.79147208
0.0254919955134087;0.048121133689513894;-0.0897318242071989;0.027809055251833043;1.0107377876608115;0.016051777087750362;0.0002576595476748275;1.0328255561059647;0.04182791088465443;5.093341241641433;1.5914409317382179;2.532684239211807;4.781668161982887;0.421688121597388;0.040478143201743255;0.5896364545831683;0;53.72962992;86.79116976
0.0071377587437544;0.021823159896089846;-0.0795350260018354;0.031648471847152096;0.9953568934410392;0.01569771520167568;0.0002464182625529197;1.0328255561059647;0.04182791088465443;5.093341241641433;1.805182583809652;3.2586841608896915;4.9209375566568525;0.7699786878664837;0.0890142565019609;0.9244839276460113;1;53.729486269999995;86.79087507
0.0591414295911083;0.022090709545682912;-0.0479249515652085;0.032496045640822736;0.9909976452213103;0.01889252326594982;0.00035692743535445517;1.0328255561059647;0.05453536216109589;5.093341241641433;1.8490522046947238;3.4189940556864182;4.9209375566568525;1.261409494808304;0.20829340873252;1.4159147345878318;0;53.72933278000001;86.79060126
0.0050983991026817;0.02206009467827358;-0.0244723156928724;0.03728309288038542;1.0311993339302215;0.022993025496984208;0.0005286792215049658;1.0311993339302215;0.07047802421330718;5.093341241641433;2.133776506702647;4.553002180556152;5.883921866384322;1.261409494808304;0.2610655983464574;1.4159147345878318;0;53.729162529999996;86.79033885
-0.0122361578464362;0.026253537745331863;-0.0056082390129499;0.03780925016858957;1.030984167818798;0.023307828259027535;0.0005432548581523225;1.0311993339302215;0.07047802421330718;5.093341241641433;2.1691375331427682;4.7051576376886945;5.883921866384322;1.261409494808304;0.3064615577774363;1.4159147345878318;0;53.7289651;86.7900851
-0.0020393596410727;0.02614219020200748;-0.003059039461609;0.04279092978048916;1.0166274289154273;0.02330174695679955;0.0005429714112387171;1.0311993339302215;0.07047802421330718;5.093341241641433;2.4502404075666027;6.00367805487215;8.14556696629473;1.261409494808304;0.2970706509422375;1.4159147345878318;0;53.72874721000001;86.78985184999999
-0.0010196798205363;0.026721967324553914;-0.0285510349750178;0.04686325886904283;0.9782901939448688;0.024834318466651215;0.0006167433737030535;1.0311993339302215;0.07047802421330718;4.583164833926982;2.717337820956377;7.383924833199951;9.438605926393834;1.261409494808304;0.23797248900996248;1.4098572832562195;0;53.72851386;86.78964154
0.0132558376669725;0.02764651019022175;0.0132558376669725;0.04095735100949372;0.9607213097169143;0.024755538183208713;0.0006128366707403045;1.0311993339302215;0.07047802421330718;2.771922731848498;2.3730505717438537;5.6313690160538314;7.627363824315351;1.261409494808304;0.15906476571861303;1.2787092010251924;0;53.728267859999995;86.78945442
-0.0356887937187723;0.02150640946996274;-0.0050983991026817;0.03937704281404754;1.0249026282446059;0.02475129407105195;0.0006126265581916914;1.0311993339302215;0.07047802421330718;1.6723934523811046;2.2678416326266695;5.143105670674798;6.527834544847957;1.261409494808304;0.08950254080045934;0.9457002738590456;0;53.72800923;86.78929563
0.0346691138982359;0.021927726611997475;0.0535331905781584;0.03769828604744646;1.0053899540037405;0.025911147117731542;0.0006713875449567276;1.0397479682040112;0.07902665848709689;1.6723934523811046;2.165710779901991;4.690303182183689;6.527834544847957;1.261409494808304;0.06447808808014685;0.8397213732109161;1;53.72773887999999;86.78916608
0.0326297542571632;0.021621059701354035;0.0825940654634444;0.036465693437849236;0.9758042866690975;0.02425439452733633;0.0005882756538876825;1.0397479682040112;0.07902665848709689;1.6723934523811046;2.0967145686384026;4.396211982340522;6.527834544847957;1.261409494808304;0.05107023970262506;0.6645706119190262;1;53.727457920000006;86.78906688
-0.0122361578464362;0.021298049913643778;0.0458855919241358;0.03759045198256205;1.0024510640479105;0.02760253158542977;0.0007618997499246481;1.0453056093749082;0.08458429965799397;1.6723934523811046;2.1570142049924796;4.652710280539339;6.527834544847957;1.261409494808304;0.061036332933380205;0.7206388897712227;1;53.72716075999999;86.788995
0.0163148771285816;0.021357904543520476;0.0652595085143265;0.032397419067877194;1.0147740662662086;0.027215093624342143;0.0007406613209817083;1.0453056093749082;0.08458429965799397;0.7266046441743444;1.8519770516210374;3.4298189997309505;5.582045736641197;1.1575226052107035;0.040957130175108464;0.6167520001736221;1;53.72685772;86.78894796
0.0173345569491179;0.029424629593107193;0.0571020699500356;0.03374410195098832;1.0397479682040112;0.023565883486926315;0.0005553508645193863;1.0453056093749082;0.06950132270581078;0.7266046441743444;1.930731028822339;3.727722305657367;5.582045736641197;1.1575226052107035;0.034834982368685624;0.6167520001736221;1;53.72654585;86.78894585
0.0224329560517997;0.02459122548713766;0.0101967982053635;0.03451887711543788;1.0041771720133357;0.024247154122338518;0.0005879244830324377;1.0453056093749082;0.06950132270581078;0.7266046441743444;1.9731376539228227;3.8932722013280605;5.582045736641197;0.8761790106909167;0.03068213237866703;0.63011901340898;1;53.72624103;86.78899431
0.0101967982053635;0.03623013584707818;-0.0132558376669725;0.03894648946706835;1.0453056093749082;0.02417044448517492;0.0005842103866109228;1.0453056093749082;0.06950132270581078;1.9436962624036167;2.221874573874859;4.9367266220315855;6.799137354870469;0.8075642852057809;0.06113569543219918;0.8116921879482083;1;53.72594567;86.78908807
-0.0020393596410726;0.03825287014830927;0.0163148771285816;0.03459388921562698;0.9820893090112462;0.020600756662859206;0.00042439117508233804;1.0453056093749082;0.06321630036366199;1.9436962624036167;1.94404371367237;3.77930596066906;5.630897816200461;0.7484793292759151;0.12803868507333954;1.0970859960626886;1;53.72565638;86.78921094
0.0734169470786173;0.044007976097724874;-0.0020393596410727;0.03271885459069055;1.035543471368549;0.028019617839966312;0.0007850989838977583;1.0453056093749082;0.08795820638476415;1.9436962624036167;1.8374036332903916;3.3760521116287316;5.630897816200461;0.7074491107738113;0.24190618200688035;1.4340491766872574;1;53.72537093999999;86.78937094
0.0469052717446721;0.04713634721117555;-0.0112164780258998;0.02709697734074025;1.0340609207801452;0.030415050737945752;0.0009250753113918145;1.0453056093749082;0.08795820638476415;1.9436962624036167;1.5238160126330234;2.3220152403568064;5.091915432460937;0.655263465553215;0.5406093028863883;2.20872961040718;1;53.72508888;86.78957528000001
-0.0622004690527174;0.04848026812022513;-0.0346691138982359;0.021265479088783925;1.022163285496947;0.028741625928965057;0.0008260810610405565;1.0453056093749082;0.08795820638476415;1.9436962624036167;1.2164709328620247;1.4798015304982046;3.500135643978192;0.655263465553215;0.7992691219151995;2.3911189450410957;1;53.72481474;86.78982338
0.0560823901294993;0.048706124975313785;-0.0224329560517997;0.021490288124299803;1.0011100987039872;0.029736744227986722;0.0008842739572807017;1.0453056093749082;0.08795820638476415;1.9436962624036167;1.2299417761119493;1.5127567726254165;3.500135643978192;0.655263465553215;0.9740037055716707;2.4976327830288563;1;53.724553019999995;86.7901095
-0.0560823901294993;0.048843030023452395;0.0224329560517997;0.021581483186664904;0.9573474029901441;0.027980522189284027;0.0007829096219850157;1.035543471368549;0.07819606837840487;1.9436962624036167;1.2377752336191097;1.5320875289608415;3.500135643978192;0.655263465553215;1.085856639368454;2.6892197496578767;0;53.72431583;86.79043807000001
-0.0418068726419904;0.04883619980015858;0.0265116753339451;0.02135141261463545;0.9760700997382585;0.027780290104951446;0.0007717445183152632;1.035543471368549;0.07819606837840487;1.9436962624036167;1.225685852760714;1.5023058096577584;3.500135643978192;0.5452853665465491;1.0065724673660599;2.579241650651211;0;53.72409675;86.79079755000001
-0.0326297542571632;0.0399539085310938;0.0224329560517997;0.024092655652002245;1.0173916408606491;0.025458907193843566;0.0006481559555047397;1.0340609207801452;0.07671351779000113;1.9436962624036167;1.3738222082558371;1.8873874598969447;4.186925495318339;0.2460599972819367;0.7849031710331031;2.2800162813865987;0;53.72390312;86.79116712
-0.0285510349750178;0.03423085559176082;0.0142755174875089;0.033390773357304795;0.9834895124071541;0.022896941120735273;0.0005242699126864178;1.022163285496947;0.06481588250680281;1.9436962624036167;1.8904691417130806;3.573873575769391;6.784991357825575;-0.0041279027424274;0.5476047652323343;2.0298283813622344;0;53.72372772999999;86.79153957
-0.0244723156928724;0.03530152057901856;0.0214132762312633;0.028304968211925668;0.9702605792618837;0.022461043023729255;0.0005044984537138167;1.0187678189296845;0.061420415939540396;1.2839959299315788;1.6012670764653623;2.5640562501719284;6.125291025353538;-0.3486066667867736;0.31527277051556213;1.6853496173178883;1;53.72355874;86.79190562
-0.0127459977567043;0.0190541180035315;-0.003059039461609;0.025112800080975432;0.9856077139766444;0.022676481804949123;0.0005142228270501886;1.0187678189296845;0.061420415939540396;0.1778297079317225;1.4259333124081885;2.033285811435389;5.019124803353681;-0.7266000659134461;0.14227269102628398;1.3073562181912157;1;53.72339457;86.79227393
-0.0356887937187723;0.018547088653992835;0.0397675130009177;0.025174039329429593;1.0159875027802976;0.020520066531172092;0.00042107313044372906;1.0194869872217756;0.04922640795989186;0.1778297079317225;1.4331763676786407;2.0539945008725424;5.019124803353681;-1.2544092706589298;0.06030877569569973;0.7795470134457321;1;53.72321679;86.79267215
-0.0601611094116447;0.019157215311916283;0.0856531049250535;0.025699969078903467;1.0148949629609205;0.03337688506075325;0.0011140164563587336;1.0875573655673647;0.11729678630548102;0.1778297079317225;1.4505848044748282;2.104196274973275;5.019124803353681;-0.6041009171998526;0.18466548349662673;1.4298553669048093;1;53.723040319999996;86.79305888
-0.0713775874375446;0.019577749287840215;0.0367084735393086;0.025489743621008844;1.0187678189296845;0.036634284882031076;0.0013420708288178107;1.0875573655673647;0.12759447592721107;0.1778297079317225;1.444848172417786;2.087586241339016;5.019124803353681;-0.5139319386844398;0.3027242966854482;1.520024345420222;1;53.72285858;86.79341986
-0.0622004690527174;0.024319654681895023;0.061180789232181;0.03258468062829618;0.9807417063977458;0.039397602349322276;0.001552171070875324;1.0875573655673647;0.12759447592721107;0.1778297079317225;1.7935394210446598;3.216783654841213;6.1028611975054705;0.0336029605655899;0.5113295265193734;2.0675592446702518;1;53.72266877999999;86.79374462000001
-0.0351789538085041;0.05672810079749388;0.0211583562761292;0.031580011108147184;1.0194869872217756;0.03735021226492629;0.0013950383562350505;1.0875573655673647;0.12759447592721107;0.1778297079317225;1.746141593441552;3.0490104643466025;6.1028611975054705;0.1754537536103333;0.6445107363606745;2.1901296801876624;1;53.72247073999999;86.79403042
-0.0555725502192311;0.05888706140818392;0.0509839910268175;0.025288736243085547;1.0875573655673647;0.03613925805045152;0.0013060459724371248;1.0875573655673647;0.12759447592721107;-1.1891976798910868;1.3820731609342103;1.9101262221746798;4.735833809682662;0.2015756423727398;0.6803026642754314;2.043556101338032;1;53.72226505;86.79428041
-0.0265116753339451;0.06052212298375998;0.0458855919241358;0.02499835019931657;0.9599628896401536;0.03625570237654518;0.0013144759548166238;1.0875573655673647;0.12759447592721107;-1.1891976798910868;1.3682260631068317;1.8720425597648196;4.735833809682662;0.258186964700381;0.6670045717888824;1.999423301764811;1;53.72204283;86.79449083
0.0050983991026817;0.05950610563265189;0.1091057407973896;0.023341058485796085;1.0569486740710985;0.036587466877919146;0.0013386427325428306;1.0875573655673647;0.12759447592721107;-1.1891976798910868;1.2692826469634073;1.6110784378824339;4.735833809682662;0.258186964700381;0.5706611441541256;1.9641551212440385;1;53.72180949999999;86.79465941999999
0.1233812582848985;0.054476022627766275;0.0622004690527174;0.026769171340326088;0.9936448933617366;0.040999486523306615;0.0016809578951748007;1.0875573655673647;0.1301708648314317;-1.1891976798910868;1.5425589528414572;2.379488122991333;5.2317314816685005;0.2799961572411946;0.4189394995829867;1.7131162098322061;1;53.721569220000006;86.79479034
0.0270215152442133;0.051522399847487715;0.0520036708473539;0.026769171340326088;1.008637827728728;0.04013152772465581;0.0016105395175148177;1.0875573655673647;0.1301708648314317;-1.1891976798910868;1.5447609631904702;2.3862864333971494;5.2317314816685005;0.2799961572411946;0.2604961063245411;1.5344054279001245;1;53.721322799999996;86.79488184
0.0305903946160905;0.049515025163905664;0.0723972672580809;0.0224370755920149;1.0064384463090048;0.040396408685390725;0.0016318698346771113;1.0875573655673647;0.1301708648314317;-2.686974152380603;1.2980915722295372;1.6850417298933518;3.733955009178984;0.2799961572411946;0.10308288966437089;0.8840970744410472;1;53.72109336;86.79489816
0.0326297542571632;0.043812097927310285;0.0622004690527174;0.02192140343410503;1.0302344540971156;0.0524918243202508;0.0027553916204680735;1.1406977266432596;0.18331122590732662;-2.7397443684470635;1.2788887337872137;1.6355563934078627;3.6811847931125237;0.2799961572411946;0.052618995225650785;0.7939280959256343;1;53.720864899999995;86.79487449999999
0.0061180789232181;0.04868002677164995;0.1070663811563169;0.021107618583139195;0.957386500735933;0.0533373525114065;0.002844873172926041;1.1406977266432596;0.186978702143349;-2.869362760403748;1.2367175547842562;1.5294703103115497;3.551566401155839;0.2799961572411946;0.08584710033181875;1.0027217677531746;1;53.720643089999996;86.79482165
-0.0367084735393086;0.05040412114242805;0.061180789232181;0.031051627092747704;1.032345121958508;0.05187942776676967;0.0026914750254074713;1.1406977266432596;0.186978702143349;0.8683136886344539;1.8216131808984783;3.318274580823072;7.289242850194041;0.2799961572411946;0.39354105061967737;1.9417831324452193;1;53.72041469;86.79473404999999
-0.0015295197308045;0.04559069959542602;0.0825940654634444;0.031986828483009315;1.0301351659850486;0.05904620600423667;0.0034864544434947548;1.1406977266432596;0.21456514461586773;0.8683136886344539;1.8594619110632178;3.457598598694874;7.289242850194041;0.2799961572411946;0.8007114865341785;2.4288306163109645;1;53.72019471;86.79463951
0.0254919955134087;0.04584733798507763;0.0571020699500356;0.040283447582612326;1.1406977266432596;0.05907441733068408;0.0034897867829598275;1.1406977266432596;0.21456514461586773;1.1507661332560593;2.3224010955086776;5.3935468484199065;7.571695294815647;0.2799961572411946;1.3076973947915773;2.9754678944774455;1;53.71997871;86.79454639000001
-0.0601611094116447;0.04787312597800809;0.0530233506678902;0.04438972318765074;0.9537190244999106;0.05913946938964703;0.0034974768396889983;1.1406977266432596;0.21456514461586773;1.1507661332560593;2.5547347286489215;6.526669533764878;7.571695294815647;0.2799961572411946;1.5020054175229272;2.9754678944774455;1;53.71976856;86.79445656
0.0591414295911083;0.04753310516356227;-0.0152951973080452;0.04454560379163932;1.0092940033750541;0.0591504743471496;0.0034987786154928036;1.1406977266432596;0.21456514461586773;1.1507661332560593;2.5698115238504395;6.603931268114519;7.571695294815647;0.2799961572411946;1.535296794321024;2.9754678944774455;1;53.719544989999996;86.79436099
-0.0825940654634444;0.04629569107297776;0.0346691138982359;0.04524552732697196;0.9261325820273919;0.056391203627984256;0.0031799678466127848;1.1406977266432596;0.21456514461586773;3.208983777121729;2.5428799459464244;6.4662384194964915;7.807774785657946;0.2131936754710932;1.367923846799862;2.9086654127073444;1;53.719330619999994;86.79427718
-0.0367084735393086;0.047400947319551884;-0.020393596410727;0.04511246197061926;1.0154500832254216;0.056596641868330376;0.003203179870772047;1.1406977266432596;0.21456514461586773;3.208983777121729;2.534936728127289;6.4259042156086865;7.807774785657946;0.2131936754710932;1.1291771389766958;2.9086654127073444;1;53.719123769999996;86.79420089
-0.0703579076170082;0.046266735084479475;-0.0173345569491179;0.04142687625123603;1.0008930090212882;0.05661753799417203;0.0032055456085215137;1.1406977266432596;0.21456514461586773;3.2312415786621806;2.3472253705589154;5.509466940195438;6.418324330873256;0.1240887709277123;0.7600782145558582;2.8195605081639634;1;53.718922039999995;86.79412972
-0.0734169470786173;0.045257175463807434;0.0112164780258998;0.03583996882308534;1.0305170006812945;0.034860393727697996;0.0012152470508501258;1.0374330184355092;0.11130043640811726;3.2312415786621806;2.101826318110742;4.417673871502959;6.418324330873256;-0.7227256105119799;0.3238481904105679;1.9727461267242712;1;53.71872198;86.79404742
-0.0448659121035994;0.04557260948674974;-0.0560823901294993;0.027853419053564556;1.001863834200423;0.03309515159095225;0.001095289058828109;1.0420613922383921;0.11592881021100021;3.2312415786621806;1.6239445898439664;2.637196030883488;5.376569545804029;-1.6617869752040246;0.17251213267137777;1.5357405629148653;0;53.71853230000001;86.79394478
-0.0642398286937901;0.03233638390267689;-0.0311002345263587;0.029351117534662595;1.0374330184355092;0.040620786170081094;0.0016500482690754517;1.0420613922383921;0.11592881021100021;3.2312415786621806;1.7356633748679748;3.012527350858088;5.376569545804029;-2.111979398196417;0.31905765756457377;1.7617806510059406;0;53.718374510000004;86.79384843
-0.0209034363209952;0.04204415908311366;-0.0560823901294993;0.020587826864412156;0.9949699255643114;0.03208637807549467;0.0010295356580035853;1.0420613922383921;0.10822950477262072;3.2312415786621806;1.2043238387753685;1.45039590864264;3.854879559627268;-2.111979398196417;0.5794588066124382;2.199580930516289;0;53.718241119999995;86.79373296
-0.1060467013357805;0.056782119006158094;-0.0280411950647496;0.02758585198999728;1.0255628444390454;0.031984753874160034;0.0010230244803905953;1.0420613922383921;0.10822950477262072;5.325061986159578;1.5972723001005686;2.5512788006685607;5.948699967124665;-2.111979398196417;0.8713310994409768;2.407874710799174;1;53.7181561;86.7935993
-0.0285510349750178;0.07808384972480789;-0.0346691138982359;0.030861298522492805;1.0420613922383921;0.03419644406090424;0.0011693967864105528;1.0420613922383921;0.10822950477262072;5.446230560715819;1.8112095228081355;3.280479935510874;6.069868541680906;-2.111979398196417;1.2119663289232467;2.8897982713755352;1;53.718107380000006;86.79347122
-0.1182828591822167;0.08002079553997235;-0.0520036708473539;0.03145913770352063;0.9338318874657714;0.032702042632716116;0.0010694235923519823;1.0420613922383921;0.10822950477262072;6.962573071205553;1.8503088789385433;3.4236429474788093;5.3957823152436335;-2.111979398196417;1.5378729363687418;3.343656291214523;1;53.71810712;86.79335832
-0.1498929336188436;0.08267592099696747;-0.0356887937187723;0.03143121582123281;0.9828877804720275;0.033035254948750745;0.0010913280695289606;1.0420613922383921;0.10822950477262072;6.962573071205553;1.8483443670633803;3.4163768992549284;5.3957823152436335;-2.151434450080456;1.73902605762692;3.712911787814877;1;53.71812672;86.79323456
0.0514938309370857;0.11078878472386136;-0.092790863668808;0.03641401657939761;0.9998355816977259;0.03414541979584263;0.0011659096930343217;1.04539960262171;0.11156771515593866;6.962573071205553;2.124078108983724;4.5117078130638735;7.130231735130216;-2.3119133138192267;1.7783675298406978;3.8989140705887597;1;53.71815894;86.79309526
0.1080860609768532;0.12805599180643593;-0.0917711838482716;0.04247744708260175;0.9669124315470797;0.03915399614774955;0.001533035414337987;1.0610276890426924;0.127195801576921;6.962573071205553;2.4660852388811736;6.081576405427614;7.623343520745938;-2.657687309451593;1.6359449519214635;3.820309888880167;1;53.71819974;86.79294918
0.0224329560517997;0.13080553175722728;-0.1203222188232894;0.043904982602357846;0.9925858985757864;0.03991163851792684;0.0015929388891856614;1.0610276890426924;0.127195801576921;6.962573071205553;2.5484974068208337;6.494839032572513;7.623343520745938;-3.19752753811889;1.3668382821744722;3.4512462109306172;1;53.718260029999996;86.79281491
0.0326297542571632;0.13527841955821043;-0.0601611094116447;0.04954779549054163;1.012817738294534;0.03839649343401912;0.0014742907080286735;1.0610276890426924;0.127195801576921;6.962573071205553;2.8677635652668165;8.224067866271842;8.336333716581558;-3.8737600492023576;1.0706918774461422;2.8323150567417334;1;53.71832966999999;86.79271815
-0.2600183542367696;0.13810838676036;0.003059039461609;0.0616746858068189;1.04539960262171;0.02924042105637561;0.0008550022235541343;1.0610276890426924;0.09411525749561267;6.962573071205553;3.5420097746192902;12.545833243498594;11.189977320228968;-4.311560328712706;0.8305163654595336;2.394514777231385;1;53.718402590000004;86.79265283
-0.2549199551340879;0.1371834263634737;0.0122361578464362;0.0680279426023249;1.0610276890426924;0.029482926568731246;0.0008692429590571988;1.0610276890426924;0.09411525749561267;6.962573071205553;3.9206202415434905;15.371263078400537;11.189977320228968;-4.519854108995591;0.5848939579327866;2.1862209969485003;1;53.7184702;86.79262828
-0.159579891913939;0.12780732838761458;-0.0096869582950953;0.07300210051742796;1.0366702912577677;0.029058247003949777;0.0008443817189425562;1.0610276890426924;0.09411525749561267;6.962573071205553;4.198052694272731;17.62364642389054;12.892374680451788;-5.001777669571952;0.3186718211235287;1.7042974363721388;1;53.718511055;86.792630735
-0.2018966044661976;0.10668133964063761;0.0244723156928724;0.06580093686077296;1.0207708041474823;0.0234727596085589;0.0005509704436411941;1.0610276890426924;0.08012644095712618;6.962573071205553;3.760399113238354;14.140601490843798;12.892374680451788;-5.45563568941094;0.2235751557981642;1.2504394165331512;1;53.718539424999996;86.792633505
-0.1825226878760069;0.0972333943109871;0.07545630671969;0.04682342891757918;1.023619390784839;0.021329814482142676;0.0004549609858426235;1.0610276890426924;0.08012644095712618;3.4053588979946783;2.652335483232954;7.034883515616587;9.335160507240913;-4.692586411469486;0.4062146082776976;2.0134886944746047;1;53.718554225000005;86.79263806499999
-0.1182828591822167;0.08219035160535364;0.0622004690527174;0.03486542337706007;0.9809012480855662;0.021798659048574972;0.0004751815363160195;1.0610276890426924;0.08012644095712618;0.5353967492544331;1.9766052225671058;3.906968205879558;6.465198358500667;-3.710316062465055;0.9892494043316028;2.995759043479036;1;53.71855968999999;86.79264865
-0.066789028245131;0.08219035160535364;0.1050270215152441;0.03486542337706007;1.0166210367617265;0.021798659048574972;0.0004751815363160195;1.0610276890426924;0.08012644095712618;0.5353967492544331;1.9766052225671058;3.906968205879558;6.465198358500667;-3.710316062465055;0.9892494043316028;2.995759043479036;1;53.71855968999999;86.79264865
-0.0418068726419904;0.08219035160535364;0.0305903946160905;0.03486542337706007;1.0240499805150134;0.021798659048574972;0.0004751815363160195;1.0610276890426924;0.08012644095712618;0.5353967492544331;1.9766052225671058;3.906968205879558;6.465198358500667;-3.710316062465055;0.9892494043316028;2.995759043479036;1;53.71855968999999;86.79264865
-0.0563373100846334;0.08219035160535364;0.0453757520138676;0.03486542337706007;1.0163941531963983;0.021798659048574972;0.0004751815363160195;1.0610276890426924;0.08012644095712618;0.5353967492544331;1.9766052225671058;3.906968205879558;6.465198358500667;-3.710316062465055;0.9892494043316028;2.995759043479036;1;53.71855968999999;86.79264865
-0.0713775874375445;0.08219035160535364;0.0425716325073926;0.03486542337706007;1.0062929307581037;0.021798659048574972;0.0004751815363160195;1.0610276890426924;0.08012644095712618;0.5353967492544331;1.9766052225671058;3.906968205879558;6.465198358500667;-3.710316062465055;0.9892494043316028;2.995759043479036;0;53.71855968999999;86.79264865
-0.0836137452839808;0.10404893142872434;-0.0764759865402263;0.02891735785684854;1.0067034004051347;0.04265679987156653;0.001819602575282878;1.0656829862786417;0.13674907330049224;4.356771537099342;1.6431396174597257;2.6999078024656935;4.576061864747582;2.6183749425558696;10.301784126996758;9.312902120868717;1;53.725036620000004;86.84403822
0.0091771183848271;0.10404893142872434;-0.061180789232181;0.02891735785684854;0.9808455969557588;0.04265679987156653;0.001819602575282878;1.0656829862786417;0.13674907330049224;4.356771537099342;1.6431396174597257;2.6999078024656935;4.576061864747582;2.6183749425558696;10.301784126996758;9.312902120868717;1;53.725036620000004;86.84403822
-0.0305903946160905;0.10404893142872434;-0.0050983991026817;0.02891735785684854;0.9447326658692721;0.04265679987156653;0.001819602575282878;1.0656829862786417;0.13674907330049224;4.356771537099342;1.6431396174597257;2.6999078024656935;4.576061864747582;2.6183749425558696;10.301784126996758;9.312902120868717;1;53.725036620000004;86.84403822
0.1498929336188436;0.10404893142872434;-0.0112164780258998;0.02891735785684854;0.9289339129781494;0.04265679987156653;0.001819602575282878;1.0656829862786417;0.13674907330049224;4.356771537099342;1.6431396174597257;2.6999078024656935;4.576061864747582;2.6183749425558696;10.301784126996758;9.312902120868717;1;53.725036620000004;86.84403822
-0.0112164780258998;0.10404893142872434;-0.0270215152442133;0.02891735785684854;1.0323306437896267;0.04265679987156653;0.001819602575282878;1.0656829862786417;0.13674907330049224;4.356771537099342;1.6431396174597257;2.6999078024656935;4.576061864747582;2.6183749425558696;10.301784126996758;9.312902120868717;1;53.725036620000004;86.84403822
-0.0152951973080452;0.10404893142872434;-0.058121749770572;0.02891735785684854;1.021449468777644;0.04265679987156653;0.001819602575282878;1.0656829862786417;0.13674907330049224;4.356771537099342;1.6431396174597257;2.6999078024656935;4.576061864747582;2.6183749425558696;10.301784126996758;9.312902120868717;1;53.725036620000004;86.84403822
-0.1764046089527888;0.11634105369246553;-0.0479249515652085;0.02655962011815647;1.0228903266416092;0.04302726655606857;0.0018513456672869769;1.0656829862786417;0.13674907330049224;3.576177630069428;1.5025642405644148;2.257699297022917;3.795467957717668;0.5751403317908177;6.476850443998127;7.304099784628626;1;53.72496073999999;86.8439393
-0.0571020699500356;0.11382335062886338;-0.058121749770572;0.025619082056589682;1.0097168006345325;0.04274396701039907;0.001827046715786084;1.0656829862786417;0.13674907330049224;3.313535211575909;1.4294211523389402;2.0432448307539834;3.532825539224149;-1.1754940173215762;3.758841368569704;5.553465435516232;1;53.72487962;86.84384538
-0.147853573977771;0.11382928805627533;0.0040787192821454;0.024263773594975113;1.0656829862786417;0.035968068845043305;0.0012937019764417746;1.0656829862786417;0.13674907330049224;3.313535211575909;1.358430534356062;1.8453335166708966;3.532825539224149;-2.650878105298918;1.951324285138857;4.078081347538889;1;53.724796260000005;86.84375434
-0.2069950035688793;0.07442157074288784;-0.0061180789232181;0.023797930408004025;1.04149499874987;0.021144350373477082;0.00044708355271636045;1.0656829862786417;0.07461242488639508;3.657367021984821;1.349996418369973;1.8224903296117552;3.876657349633061;-3.868361932658816;0.874422816620803;2.8605975201789917;1;53.72471595;86.84366379
-0.2212705210563882;0.0675789761331629;-0.0591414295911083;0.024986432805398202;1.0232104675514786;0.020986183096232243;0.0004404198809485839;1.0656829862786417;0.07461242488639508;3.657367021984821;1.4157370669288998;2.0043114426764443;3.876657349633061;-4.845295499918874;0.3399505813584009;1.8836639529189334;1;53.72464677000001;86.84356645
-0.1254206179259712;0.057621709784179034;-0.0520036708473539;0.02490840319448467;1.0347444340117022;0.021204732838018523;0.00044964069473174106;1.0656829862786417;0.07461242488639508;3.657367021984821;1.4132883287741638;1.997383900249269;3.876657349633061;-5.599028807596701;0.1426487622551416;1.1299306452411066;1;53.72461222;86.84347301999999
-0.1498929336188436;0.06666330941256648;-0.0499643112062812;0.02685802150183663;1.0016297801136171;0.024103354707310745;0.0005809717081464391;1.0656829862786417;0.0795424130693716;4.210143249992538;1.5380875748992016;2.365713388059307;4.429433577640778;-5.541846047842428;0.15157267480918735;1.1871134049953795;1;53.72460020999999;86.84339701
-0.0999286224125624;0.08059286307101478;-0.0632201488732537;0.027650897513761128;0.9910705613922466;0.04186779675661652;0.0017529124052533486;1.0656829862786417;0.154640294124619;4.210143249992538;1.5754571446148178;2.482065214517875;4.429433577640778;-4.439314464803609;0.48981090329235155;2.2896449880341985;1;53.724612179999994;86.84334242
-0.2054654838380748;0.0839302590390213;-0.0142755174875089;0.023680830512892673;1.0202905533109665;0.037494338147376224;0.001405825393109792;1.04149499874987;0.1304523065958474;4.210143249992538;1.3469950802522337;1.8143957462237212;3.8735673494507865;-3.664961274515525;1.0400140499546529;3.063998178322283;1;53.72464517000001;86.84330373
-0.0713775874375446;0.0823427670984779;-0.0571020699500356;0.02300778717767792;1.0136130320568542;0.03526385483983685;0.001243539458165085;1.0347444340117022;0.12370174185767957;4.9970815624410525;1.3063387222585185;1.706520857272019;4.195394641922021;-2.878490248724153;1.7503416594164516;3.850469204113655;0;53.724698360000005;86.84328012
-0.0316100744366268;0.07167657311777596;-0.0723972672580809;0.02307997965791628;0.9861405732092701;0.035396077534326914;0.0012528823048160824;1.0347444340117022;0.12370174185767957;4.9970815624410525;1.3172536628009868;1.735157212162616;4.195394641922021;-2.5162523922977926;2.312137009131475;4.110689078070772;0;53.72478343;86.84327558999999
0.0254919955134087;0.07087587760146358;-0.0142755174875089;0.023097992522272504;0.9110426921540227;0.03272651921338831;0.001071025059824274;1.0251844891250599;0.11414179697103721;4.9970815624410525;1.3174559500941847;1.7356901804385712;4.195394641922021;-1.7251904068031236;2.9558186694502413;4.680632824619602;1;53.724898270000004;86.84329315
-0.0418068726419904;0.06434360115524117;-0.0571020699500356;0.024263714078481;1.0251844891250599;0.03413028546575141;0.001164876385973682;1.0251844891250599;0.11414179697103721;4.9970815624410525;1.373530505971642;1.886586050834715;4.195394641922021;-1.2242822666004818;3.4714092087800057;4.870690387269572;0;53.72504266999999;86.84334027
-0.0112164780258998;0.06242806439767683;-0.0876924645661262;0.025003823073781243;1.0067443252047519;0.035145033756231174;0.0012351733977266285;1.0251844891250599;0.11414179697103721;4.9970815624410525;1.4081447968740917;1.982871768963577;4.195394641922021;-1.00876546086901;3.701641833299649;5.0862071930010435;0;53.72521228000001;86.84341515999999
-0.0173345569491179;0.03242927404680526;-0.061180789232181;0.02003071836461307;0.9728156985220577;0.03468595982473497;0.0012031158089631285;1.0251844891250599;0.11414179697103721;4.9970815624410525;1.1135240266716846;1.2399357579751225;4.099252751337523;-1.00876546086901;3.3187268069761853;4.860463393790799;0;53.72540517;86.84352100999999
-0.0193739165901906;0.029088986959623673;-0.0560823901294993;0.02123238221032724;0.9939211037533515;0.0342257604844559;0.0011714026807393431;1.0251844891250599;0.11414179697103721;5.027421004485528;1.191283917391808;1.4191573718363717;4.129592193381998;-0.8813438198858053;2.6210831259312846;4.660502227956623;0;53.72559228;86.84364924
-0.0780055062710309;0.029474646331121734;-0.0774956663607627;0.021641421379371546;1.0235636496888967;0.03447969708389654;0.0011888495109972635;1.0251844891250599;0.11414179697103721;5.027421004485528;1.2077144372227417;1.4585741618762438;4.129592193381998;-0.8813438198858053;1.6360334386639097;3.557970644917804;0;53.725792639999995;86.84378047999999
-0.0576119098603038;0.024259904719154846;-0.0759661466299581;0.014742221792623413;1.0215892950383287;0.019287718112924894;0.00037201607000365107;1.0251844891250599;0.05236879060300215;5.027421004485528;0.8366847154387507;0.7000413130488232;2.3876719335443277;-0.8539839508465095;1.0032159691541755;2.8109773236690154;0;53.72600188;86.84391292
-0.0010196798205363;0.026075818020468;-0.0693382277964719;0.019203293162866873;1.0128793317253661;0.017924136029630434;0.0003212746524086959;1.0235636496888967;0.050747951166838945;5.027421004485528;1.0871780149592778;1.1819560362107957;3.4444402886810743;-0.8539839508465095;0.5168599323156617;2.0245062978776436;0;53.72622432000001;86.84405088
-0.0214132762312633;0.025715121987119068;-0.0866727847455898;0.018945887050275924;0.9890484276344772;0.019751402080034678;0.0003901178841271982;1.0235636496888967;0.050747951166838945;5.027421004485528;1.0679011728401473;1.1404129149533622;3.4444402886810743;-0.8539839508465095;0.259251774232277;1.6622684414512832;0;53.72649068999999;86.84421741
-0.0081574385642908;0.025578182707529956;-0.0499643112062812;0.019076538363369304;0.9791825562283349;0.017635951114653665;0.0003110267717184539;1.0235636496888967;0.04955002777731132;5.027421004485528;1.072901150931272;1.1511168796696483;3.4444402886810743;-0.8539839508465095;0.06722912896541805;0.8712064559566142;0;53.72675939999999;86.84438884
-0.0387478331803813;0.02545253735573846;-0.0469052717446721;0.01914477338147221;1.0184396455395064;0.017729863496818137;0.0003143480596158043;1.0235636496888967;0.04955002777731132;5.027421004485528;1.0778013242851021;1.1616556946307197;3.4444402886810743;-0.7592743618983013;0.031021974497498637;0.5068415127787507;0;53.72703636999999;86.84457365
0.0050983991026817;0.02103504155799724;-0.0275313551544814;0.019522127526703303;0.996620576073785;0.01695087691411162;0.00028733222815736226;1.0215892950383287;0.04757567312674338;5.027421004485528;1.101586180474624;1.2134921130126712;3.4444402886810743;-0.5634139174681484;0.04546760846279131;0.7027019572089036;0;53.72731037;86.84476317
-0.0326297542571632;0.016654423568611375;-0.0367084735393086;0.01849289615810914;0.9740136219115854;0.015468252439414461;0.00023926683352945146;1.0184396455395064;0.04442602362792103;5.027421004485528;1.0511266921327127;1.1048673229138588;3.4444402886810743;-0.1860370107282031;0.10408802708569057;1.0800788639488488;0;53.72758059;86.84495659000001
-0.0214132762312633;0.01614725590991154;-0.0509839910268175;0.018576419020800507;0.9987788566365675;0.01632392305557891;0.00026647046392446074;1.020253738762786;0.04624011685120055;5.027421004485528;1.0533376105874082;1.1095201218779904;3.4444402886810743;0.0662228457536939;0.18342142302841688;1.332338720430746;0;53.72784483;86.84515171000001
-0.0244723156928724;0.01605649492431303;-0.0525135107576221;0.015771285960962545;1.0111441714325256;0.018370592066411385;0.000337478652870497;1.0310400119618188;0.057026390050233466;4.5439080105391625;0.8661985005894889;0.7502998424234788;2.960927294734709;0.2713093601416938;0.28566947211204774;1.5374252348187458;0;53.728110300000004;86.84534550000001
0.0101967982053635;0.01603642615395037;-0.0805547058223717;0.01646650490280005;1.0168089493044492;0.016565088443709828;0.00027440215514792893;1.0310400119618188;0.057026390050233466;4.5439080105391625;0.9054375468257828;0.8198171512018916;2.960927294734709;0.2713093601416938;0.34393818090713457;1.5374252348187458;0;53.72837534;86.8455363
-0.0010196798205363;0.017631994276661875;-0.0601611094116447;0.01966107051142797;0.9990604123659622;0.0162027930412922;0.0002625305023389469;1.0310400119618188;0.057026390050233466;5.282104424996592;1.093747877881039;1.1962844203692764;3.6991237091921385;0.3923143560104244;0.41175236021894546;1.6584302306874763;0;53.72864544;86.84572704000001
-0.0193739165901906;0.017631994276661875;-0.0703579076170082;0.020964073207807205;1.020253738762786;0.016832245797256687;0.00028332449857926544;1.0310400119618188;0.057026390050233466;6.26841526482466;1.202360014114938;1.4456696035424739;4.108549349957923;0.7967202957434985;0.44637886939476473;2.0181843685417697;0;53.728909959999996;86.84591732
-0.0101967982053635;0.017614294593039793;-0.0662791883348628;0.02378888715345816;1.0310400119618188;0.013729656763735837;0.00018850347484999718;1.0310400119618188;0.041117322501466935;7.123180686988557;1.402591288013742;1.967262321212048;4.197169982292865;1.2619438245245092;0.5033106628970953;2.321290811435823;0;53.72913168;86.84608272
-0.0086672784745589;0.02080586926913247;-0.0703579076170082;0.02881405007051871;1.0201065946907484;0.013908230190752222;0.0001934388670389516;1.0310400119618188;0.041117322501466935;8.056930765633169;1.7029703126637388;2.900107885814032;5.079950005707969;1.6817088479524729;0.5842508532253432;2.440983209850774;0;53.72933805;86.84624301
0.0244723156928724;0.02415640648743441;-0.092790863668808;0.02803908352703466;1.0079435739541438;0.01404543382265612;0.0001972742112666125;1.0310400119618188;0.041117322501466935;8.056930765633169;1.6608753984286522;2.758507089105534;4.604622731659235;1.8356549025838849;0.637931203633035;2.399068820052033;0;53.72952268;86.8463918
0.0050983991026817;0.024282811381041502;-0.1080860609768532;0.027958623624532265;0.9899226894603519;0.014191535983993534;0.00020139969358498334;1.0310400119618188;0.041117322501466935;8.056930765633169;1.6557377351873042;2.741467447723183;4.604622731659235;2.0251662055517268;0.653232734844457;2.2112032162799298;0;53.729697220000006;86.84653818
0.0224329560517996;0.023776075049675285;-0.1228714183746303;0.025803306285965256;0.9908750133027862;0.016851285781774927;0.00028396583249904985;1.0310400119618188;0.05476381043509693;8.056930765633169;1.5533342212150607;2.412847202797799;4.371197839972149;2.0251662055517268;0.6283640672473639;1.9589433597980328;0;53.72986075;86.84668891
0.040787192821454;0.02292258229066071;-0.1396961354134801;0.023504363291339595;0.9967118582456589;0.016037880621843414;0.0002572136148405005;1.0310400119618188;0.05476381043509693;8.056930765633169;1.4105244113032747;1.9895791148824493;4.371197839972149;2.0251662055517268;0.5677626776892679;1.8331208776465844;0;53.73001032;86.84684104
0.0571020699500356;0.02002841122636896;-0.1213418986438258;0.018811258035472917;1.0011708546090756;0.012413400144746437;0.00015409250315359086;1.0201065946907484;0.04383039316402648;8.056930765633169;1.1236349864104478;1.262555582685607;4.102036116265484;2.0251662055517268;0.484510169892715;1.8331208776465844;0;53.73014327999999;86.84699448
0.020393596410727;0.018018832093377485;-0.1070663811563169;0.015269589460879167;0.9940628410246747;0.011189223277643765;0.0001251987175569651;1.0112453241581427;0.034969122631420824;8.056930765633169;0.8828282764203662;0.7793857656473546;2.976026394624477;2.0251662055517268;0.3214652442139189;1.6328518495413022;0;53.73025526;86.84715254
0.0163148771285816;0.018413622021834514;-0.1203222188232894;0.018212143226441487;0.9762762015267219;0.010607148589485063;0.00011251160119941497;1.0112453241581427;0.034969122631420824;8.056930765633169;1.0531666068710497;1.1091599018282803;3.6840282804034397;2.0251662055517268;0.1545593716361396;1.2284459098082283;0;53.730344089999996;86.84732073
0.0509839910268175;0.020194638067834756;-0.1152238197206077;0.025892696128106983;1.0112453241581427;0.019416063755477605;0.00037698353175677116;1.0456949549662446;0.06941875343952275;8.056930765633169;1.532428757372995;2.3483378964237422;5.1504258056693635;2.0251662055517268;0.04880428156324104;0.7632223810272176;0;53.73042198;86.8475087
0.0305903946160905;0.030045681027754158;-0.1121647802589986;0.0267936382116258;0.9948861911449429;0.01937848361594378;0.0003755256272534016;1.0456949549662446;0.06941875343952275;8.056930765633169;1.5773788457124873;2.488124022901259;5.1504258056693635;2.0251662055517268;0.008613746940295198;0.3434573575992539;0;53.73050161;86.84772145000001
0.003059039461609;0.030092362239442928;-0.0866727847455898;0.02301782745097451;0.9786642352778203;0.019580908584898984;0.0003834119810101708;1.0456949549662446;0.06941875343952275;7.079480610517453;1.362860417086548;1.8573885164613193;4.1729756505536475;2.0251662055517268;0.012840654906147343;0.4208306491079834;0;53.73058844999999;86.84794396999999
0.0397675130009177;0.03044958130134401;-0.0764759865402263;0.021422445991143884;1.0029970036519684;0.021242499748378166;0.0004512437955598465;1.0456949549662446;0.07346139307012833;7.079480610517453;1.2840175993646739;1.6487011954782202;4.1729756505536475;2.0251662055517268;0.028787359069646093;0.5377737074628999;0;53.73068187;86.84816538999999
0.0683185479759355;0.03847871086965125;-0.0530233506678902;0.022934360022504655;1.0456949549662446;0.021397265250723024;0.000457842960209799;1.0456949549662446;0.07346139307012833;7.079480610517453;1.3596163443072935;1.8485566037075292;4.1729756505536475;1.964412046818717;0.06855737829682809;0.7936264167641021;0;53.730790879999994;86.84837936
0.1080860609768532;0.04438035294054261;-0.0744366268991536;0.023588691133489565;0.9916935398694481;0.020142266150156386;0.0004057108856637358;1.0456949549662446;0.07346139307012833;7.207169382658122;1.376309820589042;1.8942287222498413;4.300664422694316;1.935317769690707;0.10832243172368068;0.861270869769609;0;53.73090237;86.84857789
0.037728153359845;0.04516988508733384;-0.0948302233098807;0.023588691133489565;0.9902839375657194;0.019755186882779396;0.00039026740877353913;1.0456949549662446;0.07346139307012833;7.207169382658122;1.3866990316314676;1.9229342043276496;4.300664422694316;1.935317769690707;0.15392904571866364;1.0163538263920169;0;53.73101832;86.84875783999999
0.020393596410727;0.0453835803409547;-0.1019679820536351;0.02374976126739317;0.9722335618961163;0.01983291777341418;0.000393344627407008;1.0456949549662446;0.07346139307012833;7.207169382658122;1.3912157496539432;1.9354812620851836;4.300664422694316;1.935317769690707;0.18471197808199286;1.0584746320770821;0;53.73114137;86.84892185000001
-0.0356887937187723;0.04523633435134461;-0.1223615784643621;0.023529110324507913;1.004347872674096;0.018606957968021132;0.00034621888482370505;1.0456949549662446;0.07346139307012833;7.207169382658122;1.3830732311334812;1.912891562678008;4.300664422694316;1.9223728322473328;0.22622479650419422;1.3249898595584368;0;53.731273570000006;86.84906429
-0.0367084735393086;0.0450305355688352;-0.1254206179259712;0.02333782559542065;0.99970701357888;0.018637649407598263;0.0003473619754405479;1.0456949549662446;0.07346139307012833;7.207169382658122;1.3692401750088161;1.8748186568581733;4.300664422694316;1.9030420696260268;0.2666094707186233;1.5364578716582777;0;53.731433609999996;86.84917313000001
-0.0101967982053635;0.04212154047857691;-0.1152238197206077;0.01806109831053278;0.9927922372502953;0.010258386317371944;0.00010523448983644391;1.0081916318596702;0.035958069963553885;7.207169382658122;1.035151718221745;1.0715390797374307;2.9024932522521363;1.835609837668516;0.2841615221689845;1.634672766077201;0;53.73160351;86.84924063000001
0.0050983991026817;0.027631671699204816;-0.1142041399000713;0.015534647210044331;1.0037778080671018;0.01058667777485908;0.0001120777463086952;1.0081916318596702;0.035958069963553885;7.207169382658122;0.8911613138437913;0.7941684872917922;2.6849902461483657;1.6043355564437434;0.28202083731848315;1.5843166241464774;0;53.731781999999995;86.84926296
0.0367084735393086;0.025756322511857114;-0.0938105434893443;0.015455336221198959;1.001307412118248;0.010768730047650213;0.00011596554683916456;1.0083636185123601;0.0361300566162438;7.207169382658122;0.8857421463237959;0.7845391497742846;2.6849902461483657;1.487392498088827;0.3022678808033066;1.7107400496840617;0;53.73195747;86.84924899
0.0336494340776996;0.026535644949203;-0.078515346181299;0.01679851799199406;0.9958190203843861;0.005715343000705506;3.266514561571342e-05;1.0083636185123601;0.01557138126206481;7.36750503393875;0.9740841507580114;0.9488399327579562;2.845325897428994;1.170785630054615;0.2952909440891633;1.5083439217567107;0;53.732132209999996;86.84920613
0.0122361578464362;0.02523523011065437;-0.0866727847455898;0.016540706314615673;1.0081916318596702;0.009121403180609932;8.319999598324099e-05;1.0083636185123601;0.029965554227285862;7.36750503393875;0.9746275185899702;0.9498987999928428;2.845325897428994;1.074046899921098;0.30228206980737066;1.5118771860521922;0;53.732290309999996;86.84913639
0.0173345569491179;0.021204018553972942;-0.1060467013357805;0.015426905366476647;1.0060607790776699;0.010257266692915898;0.00010521152000960183;1.0136099547034207;0.03521189041834649;7.36750503393875;0.9158127283964657;0.8387129534929786;2.845325897428994;0.91896394329869;0.25513593438415605;1.3567942294297843;0;53.73244387;86.84904675
0.0140205975323748;0.021489364139239235;-0.1136942999898031;0.015855301697607793;1.0083636185123601;0.010132688697579509;0.00010267138024205551;1.0136099547034207;0.03521189041834649;7.36750503393875;0.9316905083045935;0.8680472032648718;2.845325897428994;0.8768431376136246;0.2047768446231429;1.3146734237447188;0;53.73259113;86.84893801
-0.0219231161415315;0.022172810110217434;-0.1274599775670439;0.015609300228318572;0.9939705310379033;0.010205923515769313;0.00010416087480973305;1.0136099547034207;0.03521189041834649;7.36750503393875;0.9191477292567548;0.8448325481978486;2.845325897428994;0.597382972688896;0.12121191493989919;1.0352132588199903;0;53.732729719999995;86.84880524
-0.0265116753339451;0.02421797712714846;-0.1193025390027531;0.015128973762974727;0.9783980642850743;0.011061020489778658;0.00012234617427530332;1.015501790231358;0.03710372594628364;7.36750503393875;0.8944432556810318;0.8000287376332835;2.845325897428994;0.3665841979677491;0.07170636994034942;0.8044144840988434;0;53.73285636000001;86.84864772
0.003059039461609;0.02140492901055726;-0.1019679820536351;0.012577084536766162;1.0136099547034207;0.011194381907523625;0.00012531418629149228;1.015501790231358;0.03710372594628364;7.36750503393875;0.7528604523797164;0.5667988607573913;2.4357817681315677;0.200937071591315;0.05182728532947524;0.8005993439225124;0;53.73295125999999;86.84846614
-0.0132558376669725;0.022326244192269473;-0.1203222188232894;0.010409283525659133;1.0076036200035996;0.011222123303536285;0.00012593605143977214;1.015501790231358;0.03710372594628364;7.36750503393875;0.6257933890494094;0.3916173657779455;1.5938498591208736;0.0200189322972659;0.05539087040459032;0.8715398195914716;0;53.733028319999995;86.84826416
0.023452635872336;0.020935897866143298;-0.1040073416947078;0.010318434294421044;1.0059718955941592;0.01159686657953807;0.00013448731446360698;1.015501790231358;0.03710372594628364;7.36750503393875;0.615907800526858;0.37934241874983193;1.5938498591208736;-0.2034732757816676;0.06566634592656789;0.7342355006358894;0;53.73308493;86.84805197
-0.0397675130009177;0.019173189456249042;-0.1029876618741715;0.010383308371988798;1.015501790231358;0.012622936450280602;0.00015933852462782266;1.015501790231358;0.03710372594628364;7.36750503393875;0.6161094082686744;0.3795908029571762;1.5938498591208736;-0.2034732757816676;0.08315958017816813;0.7742239990284796;0;53.73312766;86.84783358
-0.0132558376669725;0.01915580186316513;-0.1244009381054349;0.011468565187317138;1.014169879225581;0.012883132272797254;0.00016597509715839015;1.015501790231358;0.03710372594628364;7.286211705688751;0.6569701057000114;0.43160971978348406;1.9423511523880954;-0.2034732757816676;0.09101327263839747;0.7742239990284796;0;53.73315583;86.84760831
-0.0336494340776996;0.018457038034775993;-0.1279698174773121;0.017541259268212435;1.0090195538583342;0.01177233906819805;0.00013858796713662214;1.015501790231358;0.031170576724155574;7.286211705688751;0.9737445442031658;0.9481784373654312;3.3658325897341888;-0.2034732757816676;0.09499798197503168;0.7742239990284796;0;53.73317478;86.84736869999999
0.0040787192821454;0.018394495933334542;-0.1070663811563169;0.018308624954935078;0.9958894954741383;0.011150638298223985;0.0001243367344578195;1.015501790231358;0.031170576724155574;7.286211705688751;1.0186458872312532;1.0376394435731469;3.3658325897341888;-0.2034732757816676;0.08305595604462623;0.7742239990284796;0;53.73318878;86.84711646
-0.0183542367696543;0.01982995806915672;-0.1111451004384623;0.019650784911155978;0.9873791952320069;0.010997201318102771;0.00012093843683088134;1.015501790231358;0.031170576724155574;7.286211705688751;1.1030600795717012;1.2167415391447276;3.3658325897341888;-0.2034732757816676;0.06946457542760484;0.7742239990284796;0;53.733199060000004;86.8468477
-0.0038237993270113;0.01505982771271438;-0.0922810237585398;0.02116125677292902;0.9908541906008461;0.012371186439382809;0.0001530462539179691;1.0193550007777237;0.035023787270521356;7.286211705688751;1.201568643779186;1.4437672057133524;3.3658325897341888;-0.3565310989169762;0.03775998348077903;0.6235423469012246;0;53.73320853;86.84657045
-0.0122361578464362;0.0132543396552423;-0.0672988681553992;0.0210616616032365;0.9843312135072023;0.013137438851765266;0.00017259229958387147;1.0211705224618357;0.03683930895463339;7.286211705688751;1.1988932675472936;1.4373450669702268;3.3658325897341888;-0.5996622723311974;0.02535586435178164;0.6325092136301805;0;53.733218820000005;86.84628889999999
-0.0260018354236769;0.017053385005918683;-0.0892219842969307;0.018641914401827154;1.0046136368758027;0.01257800600944271;0.00015820623517357694;1.0211705224618357;0.03683930895463339;7.286211705688751;1.0727030645002444;1.1506918645882158;3.3658325897341888;-0.8137687386401566;0.026404083481630723;0.47274801620104134;0;53.73322946999999;86.84600003
-0.0367084735393086;0.020939070562337986;-0.0744366268991536;0.01451984918904258;1.0042512019433223;0.012396360742830313;0.00015366975966638453;1.0211705224618357;0.03683930895463339;6.463242271343298;0.8520754415382047;0.7260325580725264;2.542863155388736;-0.8137687386401566;0.04266996361834166;0.5944690629772864;0;53.73324006;86.84570854
-0.0050983991026817;0.020475308045310246;-0.0744366268991536;0.014974627808353052;1.0193550007777237;0.012451818320763848;0.0001550477794933102;1.0211705224618357;0.03683930895463339;6.463242271343298;0.8672305429336962;0.7520888145970734;2.542863155388736;-0.8137687386401566;0.055810913581635625;0.5979168861244877;0;53.73325086999999;86.84541471
-0.0091771183848271;0.02050448605859744;-0.095849903130417;0.014675780168418574;1.0211705224618357;0.01148909154832756;0.00013199922460585176;1.0211705224618357;0.03683930895463339;6.28427933609614;0.8389333843166437;0.7038092233209773;2.363900220141578;-0.8137687386401566;0.0757877661592737;0.7300152997117781;0;53.73326111;86.84511006999999
0.0183542367696543;0.020936501405165807;-0.0907515040277353;0.016500256281197313;1.0045818109841718;0.010635186557897088;0.0001131071931212749;1.0211705224618357;0.03683930895463339;6.519798386569158;0.9415538125224996;0.8865235818756543;2.5994192706145958;-0.8137687386401566;0.09060459288484012;0.7964824966965878;0;53.733271030000004;86.84480255
-0.0550627103089629;0.02172187947504444;-0.1009483022330988;0.014145671421265365;0.9977768945804458;0.008294472581948972;6.879827541270326e-05;1.0211705224618357;0.0238246142423314;6.519798386569158;0.8205735281727226;0.6733409151378299;2.3321463477554376;-0.8137687386401566;0.0989922608906115;0.8897948523293129;0;53.73327971;86.84449891
-0.0316100744366268;0.02167575915800343;-0.11038034057306;0.014206181837618386;1.0083933917499253;0.00862369249326072;7.436807221832128e-05;1.0211705224618357;0.0238246142423314;6.519798386569158;0.8278914363371171;0.6854042303603348;2.3321463477554376;-0.8137687386401566;0.08431860320030332;0.8897948523293129;0;53.73328616;86.84420328
-0.0214132762312633;0.021968782906515348;-0.1091057407973896;0.011955869701332918;0.9973459082195043;0.012526157907211295;0.00015690463191639207;1.0211705224618357;0.04234853136639927;6.519798386569158;0.6945243579466601;0.48236408378122053;2.3321463477554376;-0.9800734458182008;0.048877841983885374;0.7234901451512687;0;53.73329022;86.84391550000001
0.0010196798205363;0.023488568069299436;-0.1142041399000713;0.01019286743174961;1.0057915206664347;0.012575179505844124;0.00015813513960420206;1.0211705224618357;0.04234853136639927;6.519798386569158;0.5609796672227926;0.31469818703739505;1.7185412536590254;-1.232171485961378;0.02858754543020857;0.4713921050080916;0;53.73329208;86.84363063999999
-0.037728153359845;0.023651541271803023;-0.1040073416947078;0.014888164419205088;1.0155278987092622;0.012866909284571819;0.00016555735453740046;1.0228161209544275;0.04399412985899109;6.519798386569158;0.8547949065507021;0.7306743322650237;2.804389107059663;-1.0994150048173918;0.03718588880360634;0.6041485861520777;0;53.73329012000001;86.84334452
-0.0152951973080452;0.01775954551185961;-0.1060467013357805;0.01651565251722311;0.9999446371418479;0.013963021386768465;0.00019496596624735355;1.0228161209544275;0.04399412985899109;6.519798386569158;0.9584981709984324;0.9187187438073402;2.804389107059663;-0.8897304857100022;0.06739874059958233;0.8138331052594673;0;53.73328829;86.84306365
-0.0397675130009177;0.016691493881096166;-0.0907515040277353;0.018216999266863508;0.9788219910954364;0.013886777884446623;0.00019284260001195585;1.0228161209544275;0.04399412985899109;6.519798386569158;1.0522832531831143;1.1073000449296382;2.804389107059663;-0.8324109944774906;0.1009011239647898;0.871152596491979;0;53.73328643;86.84277251
-0.0520036708473539;0.02025782444496063;-0.0825940654634444;0.017389784934918013;0.9867903719139645;0.01377873172898411;0.00018985344805931345;1.0228161209544275;0.04399412985899109;6.519798386569158;1.0097825935275482;1.0196608861912215;2.804389107059663;-0.7608100373408861;0.1348272966519124;0.9427535536285834;0;53.733287000000004;86.84245308
-0.0448659121035994;0.020375531579576674;-0.0662791883348628;0.01614334275438459;1.0228161209544275;0.013683373409566806;0.00018723470786563993;1.0228161209544275;0.04399412985899109;6.519798386569158;0.9352763058384799;0.8747417682628736;2.804389107059663;-0.6519096113838944;0.16372819931732777;1.0516539795855753;0;53.733293550000006;86.84213195
-0.0469052717446721;0.019522497383750302;-0.0744366268991536;0.013070680794902282;1.0188970432768918;0.015278982812737343;0.00023344731579192315;1.0253158202227939;0.046493829127357444;6.087813156350225;0.7646716106049796;0.5847226720652134;2.37240387684073;-0.5520018551909075;0.17902228637202544;1.1515617357785621;0;53.733306160000005;86.84179639999999
-0.0193739165901906;0.022712463573326288;-0.0703579076170082;0.011151950877973913;0.9999134425201799;0.017700173166334612;0.0003132961301182318;1.0253158202227939;0.05073232693070584;6.087813156350225;0.675931706672221;0.45688367208482145;2.37240387684073;-0.3925827723525936;0.17308703603264602;1.2413437718598923;0;53.73332746999999;86.84146187
0.0056082390129499;0.024280908274142803;-0.0815743856429081;0.007575932479653107;1.0036422341688247;0.018796797691957697;0.0003533196034723862;1.0253158202227939;0.05073232693070584;5.319819791892924;0.48033124775911806;0.23071810757383127;1.6044105123834296;-0.3865850422358547;0.1424657062023197;1.1678819433673622;0;53.73336131;86.84111683
-0.0183542367696542;0.026154174521588407;-0.0818293055980421;0.007058465089244511;1.0071175419972727;0.016708240745466573;0.00027916530880846936;1.0253158202227939;0.05073232693070584;5.042052591494856;0.4327336893716949;0.1872584459172385;1.326643311985361;-0.3865850422358547;0.08407527061728262;0.8676719648258837;0;53.7334087;86.84077765999999
-0.0050983991026817;0.024322267246860978;-0.0856531049250535;0.008544826649492321;1.0253158202227939;0.015067595974311175;0.00022703244844507833;1.0253158202227939;0.05073232693070584;5.319016315628145;0.5029794346679781;0.25298831169891883;1.6036070361186505;-0.3865850422358547;0.051999581974583126;0.7128299625815371;0;53.73347307;86.84042987
0.0122361578464362;0.021459153142138653;-0.0856531049250535;0.007231474025120286;0.974583493292088;0.015681349522494625;0.00024590472284664243;1.0253158202227939;0.05073232693070584;5.319016315628145;0.424548120782807;0.18024110686021289;1.284121987179053;-0.3865850422358547;0.04267243200234177;0.6033985696368476;0;53.73355124;86.84009076
0.0050983991026817;0.01422291921639789;-0.0836137452839808;0.00947446784203724;1.0220986911042342;0.01593104803084465;0.0002537982913610792;1.0253158202227939;0.05073232693070584;5.319016315628145;0.5577593626256366;0.3110955065965564;1.8854133561717852;-0.3865850422358547;0.0488625217121648;0.6033985696368476;0;53.73363482999999;86.83975706999999
0.0193739165901906;0.02240519379706899;-0.0713775874375446;0.009857234564212659;1.0132057143976148;0.017463238768261675;0.00030496470827731756;1.0314549035197282;0.056871410227640196;5.319016315628145;0.5946019466378608;0.3535514749455335;1.8854133561717852;-0.3865850422358547;0.06261307179900967;0.6750782411207623;0;53.73372294999999;86.83942535
0.0183542367696543;0.02323463281670944;-0.0938105434893443;0.01247346376658703;1.0119683935633736;0.019598401210589107;0.00038409733001122057;1.0314549035197282;0.056871410227640196;5.319016315628145;0.7198796338203198;0.5182266871892778;2.103559343589806;-0.3865850422358547;0.08657832199722812;0.7900566036365639;0;53.73380889;86.83910681
0.0173345569491179;0.029834034064153837;-0.0836137452839808;0.013373407411953545;0.9887051317034602;0.019625141296837526;0.0003851461709208377;1.0314549035197282;0.056871410227640196;5.319016315628145;0.7720813101150557;0.5961095494289808;2.103559343589806;-0.3865850422358547;0.11097485257328829;0.8538087381754547;0;53.73388986;86.83877562
0.0040787192821454;0.031830419818342365;-0.061180789232181;0.012873387624081871;1.0215217380609682;0.02102446557266189;0.0004420281526160451;1.0314549035197282;0.056871410227640196;5.319016315628145;0.757237833714174;0.573409136808135;2.103559343589806;-0.3865850422358547;0.12454902145816654;0.8816488109285194;0;53.73396820000001;86.83844436
-0.0540430304884266;0.03099260113869355;-0.0672988681553992;0.012217260294083439;1.0314549035197282;0.018492985603431294;0.00034199051652871707;1.0314549035197282;0.05571881303525417;5.319016315628145;0.7024207773621404;0.4933949484700335;2.103559343589806;-0.3865850422358547;0.11049179975330883;0.8864817189050085;0;53.73404121;86.83809240999999
-0.020393596410727;0.03114450058960643;-0.0550627103089629;0.012388165635556203;0.9816699706625193;0.017993078382964666;0.0003237508696955103;1.0314549035197282;0.05571881303525417;5.319016315628145;0.7247007160529713;0.5251911278476893;2.103559343589806;-0.5322188067149971;0.07483234599724736;0.7408479544258662;0;53.73411099;86.83772954999999
-0.0622004690527174;0.029172467627041784;-0.0601611094116447;0.014140949096822876;1.0111532974431179;0.017832761205251582;0.0003180073722035259;1.0314549035197282;0.05571881303525417;5.319016315628145;0.8220512295561793;0.6757682240148261;2.5732627949194997;-0.5685657255653143;0.044427100719516256;0.704501035575549;0;53.73418339;86.83735395
-0.0418068726419904;0.03572616241502195;-0.0774956663607627;0.014450861420894195;0.9757360904844741;0.017660756398053232;0.0003119023165513781;1.0314549035197282;0.05571881303525417;4.851237718693373;0.851246250992608;0.7246201798289701;2.936438916975032;-0.9895772194595795;0.011730425521820378;0.2834895416812837;0;53.73426019;86.83698275
-0.0224329560517997;0.03207429308830237;-0.0703579076170082;0.017908537598230623;1.0030281023735135;0.01696978941359751;0.00028797375274184614;1.0314549035197282;0.05571881303525417;4.555387510642979;1.0341975788937563;1.0695646321897074;3.573359312512798;-0.9895772194595795;0.010548031716283242;0.2834895416812837;0;53.73434829;86.83659981
-0.0387478331803813;0.030410287461209842;-0.0571020699500356;0.026266515871468207;1.0159081873036568;0.01653931711384788;0.0002735490105924214;1.0314549035197282;0.05571881303525417;4.555387510642979;1.5090852198074272;2.277338200641231;4.957645239969306;-0.8455723632579726;0.01750048853335756;0.4274943978828907;0;53.73445762;86.83620737999999
0.0010196798205363;0.03144628202168624;-0.0479249515652085;0.026915813327087288;1.0004353044833592;0.013847097941132204;0.0001917421213913077;1.0166785646982204;0.040942474213746305;4.555387510642979;1.556836499793674;2.423739887089818;4.957645239969306;-0.7562241791403903;0.031307409216554914;0.516842582000473;0;53.73459038;86.8358051
-0.1019679820536351;0.05185130095634019;-0.0336494340776996;0.027407498072253594;1.0070663724321038;0.01768925257292005;0.0003129096565885586;1.0166785646982204;0.053433365865676374;4.555387510642979;1.5782564443601594;2.490893404164373;4.957645239969306;-0.7038980827693337;0.04529857480317466;0.5691686783715295;0;53.734745110000006;86.83540943
-0.0601611094116447;0.05127887372363406;-0.0173345569491179;0.033418440783450014;1.0114226704621407;0.027373903823429285;0.0007493306105343563;1.067010523917925;0.10376532508538105;4.555387510642979;1.9069785616545205;3.636567234609944;6.033916075672055;-0.6248626055487542;0.05711793314928583;0.6482041555921091;0;53.734913840000004;86.83501496
-0.0081574385642908;0.051474056120470665;0.0071377587437544;0.03169384033633;1.0166785646982204;0.026627009276087073;0.000708997622988827;1.067010523917925;0.10376532508538105;4.0223442887499;1.7976677047696517;3.2316091767717876;5.500872853778976;-0.3369946398038143;0.08590024142346647;0.936072121337049;0;53.7350828;86.83462328
-0.0101967982053635;0.05205499051380913;-0.0173345569491179;0.03607098849123494;1.006624902758186;0.026598419301256934;0.0007074759093254775;1.067010523917925;0.10376532508538105;5.47268134265447;2.0469323273039874;4.189931952562118;6.951209907683546;-0.3369946398038143;0.08326402889433471;0.8571468778997823;0;53.735242670000005;86.83423787
0.0933007035790761;0.0510050883691401;-0.020393596410727;0.03869651705682091;0.963245198832544;0.026505330985991494;0.0007025325706769608;1.067010523917925;0.10376532508538105;5.47268134265447;2.201338082364618;4.845889352868735;6.951209907683546;-0.1836601506414558;0.10010373367318899;0.9353729940285348;1;53.735390640000006;86.8338636
0.0122361578464362;0.051261072529296764;0.0275313551544814;0.04136781813376398;1.067010523917925;0.026447137143428806;0.0006994510630833315;1.067010523917925;0.10376532508538105;5.47268134265447;2.352345868717951;5.5335310860744125;6.951209907683546;-0.1273166340725339;0.10905313706470972;0.9391622982549847;1;53.73551817;86.83348937000001
0.0152951973080452;0.03903985346475141;-0.0652595085143265;0.041431303087748846;0.9822020550638461;0.026509963530673496;0.0007027781663976388;1.067010523917925;0.10376532508538105;5.47268134265447;2.35521940436111;5.5470584426791;6.951209907683546;-0.1273166340725339;0.09410475436495568;0.9037730579327309;0;53.73561847999999;86.83309560000001
0.0163148771285816;0.03313048551895592;-0.095849903130417;0.04076509377189465;1.0050200399073528;0.026457173453312773;0.0006999820271386781;1.067010523917925;0.10376532508538105;5.47268134265447;2.3144585339889674;5.3567183055543595;6.951209907683546;-0.1273166340725339;0.06370867126905404;0.7182557291854387;0;53.73568948;86.83268788000001
0.0040787192821454;0.03656282514465006;-0.0815743856429081;0.037889944728943546;1.000585990841502;0.02723536505709778;0.0007417651097933826;1.067010523917925;0.10376532508538105;5.47268134265447;2.145820765341498;4.6045467569707705;6.951209907683546;-0.1273166340725339;0.04975997448776067;0.6289075450678564;0;53.73572571;86.83224795
-0.0214132762312633;0.03807111920524718;-0.0815743856429081;0.03694750886112147;1.0038549747157306;0.035510132510961516;0.0012609695109460461;1.067010523917925;0.13900888812638457;5.47268134265447;2.083853181136344;4.342444080532061;6.951209907683546;-0.1273166340725339;0.047301317038155793;0.5910280810828982;0;53.73572755;86.83178387
-0.0132558376669725;0.02032664082039816;-0.0469052717446721;0.036255676392555766;1.0004742772690072;0.03530588893449523;0.0012465057934549128;1.067010523917925;0.13900888812638457;5.47268134265447;2.048751935166964;4.1973844918503795;6.951209907683546;-0.1273166340725339;0.09026534075556039;1.0036089602116003;0;53.73569698;86.83125666
-0.0152951973080452;0.025602786560982232;-0.0479249515652085;0.027694993237607976;1.00157009016482;0.02803522040555857;0.0007859735831882475;1.0273294433666837;0.09932780757514326;5.47268134265447;1.5796544317848904;2.495308123857645;4.5026667880573745;-0.1273166340725339;0.1719150810772481;1.2599439864244366;0;53.73564104999999;86.83069129
-0.0428265524625267;0.023068276273707215;-0.020393596410727;0.030351536792367153;0.9790227344622785;0.028840053849055396;0.000831748706016415;1.0273294433666837;0.09932780757514326;5.47268134265447;1.7318725185597335;2.999382420542434;4.9869852266456025;-0.1273166340725339;0.22604220202893455;1.2599439864244366;0;53.73557387999999;86.83010188
-0.0316100744366268;0.021754829076594828;-0.0326297542571632;0.02488775513191872;0.9280016357915405;0.02889816085146995;0.0008351037005974303;1.0273294433666837;0.09932780757514326;4.676320826116578;1.4234438473544382;2.0261923865712053;4.190624710107711;-0.1273166340725339;0.2489296193881507;1.2599439864244366;0;53.73550389;86.82947381
-0.0091771183848271;0.02503845202614643;-0.0311002345263587;0.02039784463416879;1.0273294433666837;0.029012219989709702;0.0008417089087313112;1.0273294433666837;0.09932780757514326;4.661058975135806;1.166009689560146;1.3595785961481477;4.175362859126938;-0.1273166340725339;0.21109919540942124;1.2599439864244366;0;53.735431330000004;86.82879709
-0.0652595085143265;0.02605476491510651;-0.0173345569491179;0.015710737033815623;1.0239479349354546;0.02949023225634181;0.000869673798532983;1.0273294433666837;0.09932780757514326;2.7426401837771595;0.9042400880789884;0.8176501368890966;2.5415674398241346;-0.2429190142090232;0.1551600901607725;1.1443416062879475;0;53.735358680000004;86.82809212
-0.0198837565004588;0.031780657230896674;-0.0086672784745589;0.023182926467893807;1.022459121431351;0.030109010333188076;0.0009065525032440265;1.0273294433666837;0.09932780757514326;2.7426401837771595;1.3241715736468065;1.7534303564542597;4.45988643687976;-0.4151051668451358;0.12448195947479501;0.9721554536518349;0;53.73528358;86.8273591
0.0081574385642908;0.036033336175774804;-0.0397675130009177;0.021530367638948982;1.0072423899880667;0.030655819734913697;0.0009397792836195241;1.0273294433666837;0.09932780757514326;2.320062367006253;1.2319707150878894;1.5177518428341654;4.0373086201088535;-0.3890970935530677;0.12734917013242006;0.9981635269439029;0;53.73520231;86.82661734999999
0.0244723156928724;0.038303121782018154;-0.040787192821454;0.021564145621361264;1.0075473798428987;0.02921195403366515;0.0008533382584649656;1.0273294433666837;0.09932780757514326;2.320062367006253;1.2338266844649306;1.5223282872977235;4.0373086201088535;-0.1350244809431076;0.18040667753311135;1.252236139553863;0;53.735113760000004;86.82588368
-0.0412970327317222;0.03825966476658682;-0.0035688793718772;0.02076334814648975;1.016956059309629;0.011148748967969585;0.0001242946035508029;1.0273294433666837;0.0359798566776528;2.320062367006253;1.1729383818730874;1.3757844476710568;4.0373086201088535;-0.1350244809431076;0.230039662730695;1.252236139553863;0;53.735020940000005;86.82515854
0.0367084735393086;0.04087561085892962;0.0305903946160905;0.02503447213416252;1.0207988149882425;0.01030803740913649;0.00010625563522815731;1.0239479349354546;0.0325983482464236;2.320062367006253;1.4161588308731212;2.0055058342599255;4.330041352699138;0.1051967298033073;0.2896215460861124;1.492457350300278;1;53.73492973;86.82446317
-0.0693382277964719;0.039350482260866584;-0.0061180789232181;0.025064910875755367;1.022052913078727;0.009754253284131226;9.514545713098482e-05;1.022459121431351;0.031109534742320033;2.320062367006253;1.4188825442785944;2.013227674458497;4.330041352699138;0.6062223858593934;0.3683720609481983;1.9706188659740773;0;53.73484307;86.82378515
-0.0662791883348628;0.04333219348776488;-0.0112164780258998;0.025067503377412974;1.0066316166121052;0.011043082563543567;0.00012194967250523994;1.022052913078727;0.030703326389696084;2.320062367006253;1.4193014130615678;2.014416501118563;4.330041352699138;0.6062223858593934;0.36073059549577974;1.8204201780422717;0;53.73475595;86.82311179000001
-0.0152951973080452;0.046596876172891606;-0.0142755174875089;0.02223542464609511;0.991349586689031;0.011326024136406253;0.00012827882273845701;1.022052913078727;0.030703326389696084;2.320062367006253;1.2589245657018362;1.5848910621275571;4.330041352699138;0.6062223858593934;0.27856950380991496;1.4675633803204007;0;53.7346615;86.82246438
0.0244723156928724;0.047246876679922355;0.0356887937187723;0.01850788318565973;1.017541348911921;0.013763042820864314;0.00018942134768894475;1.022052913078727;0.03726073349968184;1.1272584127767278;1.0497428240499052;1.1019599966442701;3.1372373984696127;0.6062223858593934;0.21068577433209146;1.3801652500875994;0;53.734545520000005;86.82186712000001
0.0254919955134087;0.0448159624743634;0.0050983991026817;0.02309999308460634;1.0169531198741095;0.013438603325622458;0.000180596059343431;1.022052913078727;0.03726073349968184;1.1272584127767278;1.3172857458199796;1.7352417361405001;3.8729619795144963;0.6062223858593934;0.15146743741312044;1.1215725673441233;0;53.73440555;86.82131755
0.0504741511165494;0.047696152612909694;-0.0010196798205363;0.03238613980112839;0.9924136986389079;0.028308531958007612;0.0008013729816175383;1.022052913078727;0.09889120639850613;1.1272584127767278;1.9496454321751888;3.801117311201579;6.196762361469049;0.6062223858593934;0.14739800769439307;1.0866709969425168;1;53.734247759999995;86.82084232
0.0520036708473539;0.042046906757583505;0.0132558376669725;0.03268016821939811;1.0017444786388388;0.029198788642582043;0.000852569258194178;1.0297786844391394;0.10661697775891854;1.1272584127767278;1.9563407502834802;3.8272691312197304;6.196762361469049;0.6062223858593934;0.17749145948490672;1.2497992196622956;0;53.73404584;86.82040488
0.0346691138982359;0.03442201899119523;-0.0193739165901906;0.031233954155716413;0.9847921795790452;0.029440308642625538;0.000866731772973052;1.0297786844391394;0.10661697775891854;1.1272584127767278;1.8752674962052973;3.5166281823240846;6.196762361469049;0.6062223858593934;0.2598420417751762;1.5081467742182935;0;53.73382335;86.82000831
-0.0061180789232181;0.03730508684265761;0.0479249515652085;0.029108837776712176;1.0004534919722585;0.031147530811345137;0.0009701686756436946;1.0297786844391394;0.10661697775891854;1.1272584127767278;1.7512492015527754;3.066873765939233;6.196762361469049;0.6062223858593934;0.40104828663000763;1.8628712383378943;0;53.733577360000005;86.81964968
-0.058121749770572;0.03682822434628526;0.0815743856429081;0.029029552045450723;0.9231617066802209;0.0315775860104415;0.0009971439382468305;1.0297786844391394;0.10661697775891854;1.1272584127767278;1.750848337399102;3.0654699005732;6.196762361469049;0.6062223858593934;0.48548103624891986;1.8628712383378943;1;53.73329777;86.81932145
-0.0152951973080452;0.03811964054836119;0.040787192821454;0.028961619539399304;1.0297786844391394;0.03671304668297496;0.0013478477967462986;1.0297786844391394;0.10661697775891854;1.1272584127767278;1.7451486535265543;3.0455438229055454;6.196762361469049;0.5870763111570642;0.4732059701907624;1.9649283266906945;1;53.732984;86.81903584
0.0050983991026817;0.03477491917325106;0.0101967982053635;0.02925867159869907;0.9789590108690089;0.03781852393128419;0.001430240752341115;1.0297786844391394;0.10661697775891854;1.1272584127767278;1.7612012547601634;3.101829859768774;6.196762361469049;0.3515919876466101;0.43510629965506076;2.0414908334109803;0;53.73264482;86.8187837
-0.040787192821454;0.03285715066102026;0.0367084735393086;0.030774140453574177;1.0262463186654496;0.04072110033393873;0.0016582080124067046;1.0397494682014405;0.11658776152121963;1.1272584127767278;1.844284397417087;3.401384938556108;6.196762361469049;0.0391478673775538;0.4234777778719586;2.065654424488301;0;53.73229222;86.81857190000001
0.0091771183848271;0.057151515152851246;0.0142755174875089;0.0328993162247801;1.0228796535523192;0.040706156926144814;0.0016569912116959273;1.0397494682014405;0.11658776152121963;1.8542682336548535;1.9575130630768913;3.8318573921166736;6.923772182347175;-0.2551306405693292;0.5285067129591433;2.362229205358938;0;53.73193804;86.81836876
-0.0346691138982359;0.05833129588268477;0.0061180789232181;0.03138638792079802;0.932652030521872;0.04214569195314886;0.0017762593502097161;1.0397494682014405;0.11658776152121963;1.8542682336548535;1.8780685330149243;3.5271414147008295;6.923772182347175;-0.4804486110831235;0.7070186035222954;2.6033000970572506;1;53.73156722;86.81810546
0.0214132762312633;0.058116879750635515;-0.0040787192821454;0.021449999074374688;1.0178738978876976;0.03448357084170809;0.0011891166579951005;1.0397494682014405;0.10709743767956859;1.8542682336548535;1.2038473957434952;1.4492485522383953;4.124217586246306;-0.6435768338029022;0.9152996054457125;2.852861930057931;1;53.7312038;86.81778812
-0.0591414295911083;0.059949118746163384;-0.0081574385642908;0.023817340556897482;1.0397494682014405;0.033813266555757115;0.0011433369951706826;1.0397494682014405;0.10709743767956859;1.8542682336548535;1.364271517789666;1.861236774252119;4.948159464723404;-0.9019243883589;1.064861522979052;2.8551349250937625;1;53.730881690000004;86.81743785
-0.1774242887733251;0.05811091590506516;-0.0326297542571632;0.024449232189809808;1.008415914426782;0.03532716121218915;0.0012480083193120016;1.0411655005055451;0.10851346998367317;1.8542682336548535;1.3958521860796038;1.948403325383209;4.948159464723404;-1.1908260498500105;1.1486777659352256;2.738820889217471;1;53.73058048;86.81704959999999
-0.0882023044763943;0.05823731784778446;0.0096869582950953;0.02619830898461354;0.9631051337958643;0.034707766772281524;0.0012046290743190895;1.0411655005055451;0.10851346998367317;2.019151303584719;1.500386046789973;2.251158289402043;5.113042534653269;-1.1908260498500105;1.2208958125581828;2.9515280070052015;1;53.730299130000006;86.81663513
-0.0402773529111858;0.0547303110634392;-0.0040787192821454;0.025865464968688752;1.02150201719689;0.03611704814559761;0.0013044411667514158;1.0411655005055451;0.10851346998367317;2.019151303584719;1.4827925040616676;2.1986736101014706;5.113042534653269;-1.3778520155336302;1.205883410974518;3.191524161699409;1;53.73004584;86.81620264
0.0101967982053635;0.056729195411937564;0.0530233506678902;0.0284842426772615;0.9824169248480118;0.027233725141118194;0.0007416757850619731;1.0459022484507523;0.08279711465488804;2.019151303584719;1.6185251867562573;2.619623780164378;5.113042534653269;-1.68989884576437;1.1243270165621817;3.2148737382184684;1;53.72982033000001;86.81573648999999
-0.061180789232181;0.05120616535783047;0.0254919955134087;0.03320363267914609;1.0411655005055451;0.027239331798985803;0.0007419811968552392;1.0459022484507523;0.08279711465488804;2.019151303584719;1.8830781127398757;3.5459831786799723;5.4159147623202095;-2.0265065571107472;0.8653898193366181;2.878266026872091;1;53.729610890000004;86.81523777
-0.0601611094116447;0.052539106513109654;-0.0356887937187723;0.03507498494415345;1.0129209051738806;0.02605208850116946;0.000678711315272766;1.0459022484507523;0.08279711465488804;2.019151303584719;1.9887555151585945;3.9551484990737262;5.4159147623202095;-2.6173598459282674;0.5586793205151607;2.287412738054571;0;53.72941257;86.81469897
-0.0632201488732537;0.044782825249898135;0.0020393596410727;0.03209900140490895;1.0399594464874438;0.029737575618011134;0.0008843234036369303;1.0459022484507523;0.08279711465488804;2.019151303584719;1.821606779744488;3.318251260011083;5.4159147623202095;-3.0837487081403743;0.358176144983404;1.8210238758424642;0;53.729236830000005;86.81413923
-0.0050983991026817;0.057257037134946766;0.0387478331803813;0.033114048750106866;1.0459022484507523;0.024904299616335602;0.0006202241393802136;1.0459022484507523;0.07637117824766038;2.019151303584719;1.8788216964064661;3.5299709668876713;5.4159147623202095;-3.496438763860833;0.21112777407612554;1.4083338201220053;0;53.72911256;86.81361303999999
-0.0331395941674314;0.06254186319563731;0.0601611094116447;0.034395452747909665;1.0153776377934534;0.0294653828005193;0.0008682087835811385;1.0459022484507523;0.07892691232689553;2.019151303584719;1.9570858660685322;3.830185087165217;5.4159147623202095;-3.7570593134526624;0.16383468306906857;1.147713270530176;1;53.72902522;86.81312122
-0.0948302233098807;0.05579762453361461;-0.0285510349750178;0.03640017344125603;1.0163589238460882;0.03005044735926867;0.0009030293864921774;1.0459022484507523;0.07892691232689553;3.169371279763635;2.073106012072203;4.297768537289913;6.566134738499125;-3.360776743059424;0.23129732661471505;1.5439958409234142;1;53.72897416000001;86.81267335999999
-0.1437748546956255;0.0555933089357938;0.0244723156928724;0.036797901309354245;0.9695310702030919;0.02948668757560968;0.0008694647441816142;1.0459022484507523;0.07892691232689553;3.169371279763635;2.1013005574135657;4.415464032586562;6.566134738499125;-3.31624242196628;0.32011329824605805;1.5885301620165584;1;53.728964489999996;86.81227457
-0.1723258896706434;0.05795257561338005;-0.0112164780258998;0.03592372029967616;1.0291732032794336;0.029467484135592605;0.000868332621281402;1.0459022484507523;0.07892691232689553;3.169371279763635;2.053196754080981;4.215616910968677;6.566134738499125;-2.921454385368382;0.49670654685008375;1.9833181986144566;1;53.728999009999995;86.81191229
-0.1539716529009891;0.06003349007130871;-0.020393596410727;0.035903454352727564;0.9669753361238568;0.02737930034207008;0.0007496260872212788;1.0459022484507523;0.07892691232689553;3.169371279763635;2.051461877737363;4.208495835809707;6.566134738499125;-2.377442387805516;0.7591257452041713;2.5273301961773225;1;53.729079139999996;86.81158794
-0.0479249515652085;0.05698665767443747;-0.0540430304884266;0.032873540164006426;0.9774863713632218;0.02361974416074114;0.0005578923142188653;1.0291732032794336;0.06219786715557685;3.169371279763635;1.8901207878801969;3.5725565927768566;6.566134738499125;-1.7587936514661735;1.048186920522928;2.910492782759971;0;53.72920417;86.81131105
-0.0662791883348628;0.057734752081794606;-0.0356887937187723;0.027821515390499096;0.980766089863958;0.02596779934602519;0.0006743266028754263;1.0349207674468983;0.06794543132304154;3.169371279763635;1.6015765218627525;2.5650473553819912;5.202069762629666;-1.4905703561876766;1.2947792234443223;3.1618269459383255;0;53.72937712;86.81107951999999
-0.0285510349750178;0.06385146416545356;-0.0239624757826042;0.027281861304582565;1.0122089167134463;0.025467982456972908;0.0006486181304286798;1.0349207674468983;0.06794543132304154;3.169371279763635;1.5743664486089153;2.4786297145054483;5.202069762629666;-1.28737754338622;1.4150136622165799;3.3650197587397823;0;53.729604759999994;86.81088731999999
-0.0295707147955541;0.07104793901200504;-0.0122361578464362;0.028650049402438833;0.9845112958162933;0.02342224440433825;0.0005486015329365544;1.0349207674468983;0.06794543132304154;3.169371279763635;1.648442480917705;2.717362612894118;5.202069762629666;-1.035542536157675;1.3463116121562386;3.381004197411765;1;53.729870770000005;86.81071813
-0.0316100744366268;0.056216025266403055;0.0091771183848271;0.031879425258418415;1.0212300849155096;0.02187486065506994;0.0004785095286787268;1.0349207674468983;0.06794543132304154;3.169371279763635;1.832500293359634;3.3580573251631445;5.243025557040859;-0.4584854758611127;1.295499468971154;3.353265895159347;0;53.730148;86.81056527999999
-0.0254919955134087;0.037864781906748704;0.0367084735393086;0.03593336673335295;1.0349207674468983;0.018767237143141016;0.0003522091899868917;1.0349207674468983;0.05743439608367651;3.239494619337322;2.0546614847774913;4.221633817028046;5.313148896614546;0.0303181968211616;1.3800451675422547;3.3910949398805856;1;53.73042481;86.81040177
0.0101967982053635;0.055539018518636955;-0.0020393596410727;0.03432118507842464;1.007497328619515;0.018217588698516342;0.00033188053798831037;1.0349207674468983;0.05415467758294035;3.239494619337322;1.9425428462728507;3.7734727096058283;5.313148896614546;0.3385083813567285;1.4635160782596;3.6547508033230085;0;53.73069538;86.81021666000001
0.0683185479759355;0.052160053204251364;0.0336494340776996;0.04628695626051615;0.9960836676986917;0.01597591698282903;0.00025522992344224497;1.0349207674468983;0.05040947163060505;5.9179584503574505;2.5960936093597695;6.739702028558635;7.991612727634674;0.4099976541845233;1.2881955141057582;3.331452039552905;1;53.730945870000006;86.81000891
-0.0509839910268175;0.05104241919023192;0.0367084735393086;0.052190609380826224;1.014489184895439;0.02010871796559709;0.0004043605382199272;1.0349207674468983;0.05911648077780085;5.9179584503574505;2.963675562816338;8.783372841634737;7.991612727634674;0.4099976541845233;1.0022329030949828;2.787440041990039;1;53.73116691;86.80978451
-0.0285510349750178;0.04960124856455021;-0.0571020699500356;0.05766737900590495;1.0104821231363157;0.019394965743067302;0.0003761646961747542;1.0349207674468983;0.05911648077780085;5.9179584503574505;3.289804884755;10.82281617975786;7.991612727634674;0.4099976541845233;0.6998960978158126;2.168791305650697;1;53.73135418;86.80954937999999
0.1111451004384623;0.047828309972165424;-0.0418068726419904;0.05866406758612948;1.0326482355997346;0.019424638536653195;0.0003773165822796324;1.0349207674468983;0.05911648077780085;5.9179584503574505;3.3487408187173373;11.214065070943661;7.991612727634674;0.4099976541845233;0.5118119424645804;1.9005680103721998;1;53.73150747999999;86.80929308
0.0254919955134087;0.05187811420936444;-0.1060467013357805;0.05352021371447378;1.0285380500736876;0.017191137199690693;0.00029553519821858915;1.0326482355997346;0.056843948930637156;5.9179584503574505;3.064168490307041;9.389128536990533;7.991612727634674;0.4099976541845233;0.3439503553900233;1.6973751975707434;0;53.73162735999999;86.80901872
0.0040787192821454;0.05814072901544082;-0.0887121443866625;0.052790825529388234;0.9758042866690975;0.01870987792807235;0.00035005953208336896;1.0326482355997346;0.056843948930637156;5.9179584503574505;3.0214281248140016;9.129027913417055;7.991612727634674;0.4099976541845233;0.18764305600191789;1.4455401903421983;0;53.73170881;86.80872129000001
0.0020393596410727;0.05461028320943399;-0.0978892627714897;0.04708853000842894;0.9898649195447888;0.018556063557122988;0.00034432749473598787;1.0326482355997346;0.056843948930637156;5.9179584503574505;2.693048170953871;7.25250845107799;7.991612727634674;0.4099976541845233;0.0625832855400749;0.8684831300456359;0;53.731757130000005;86.80840352999999
-0.003059039461609;0.052971142632565645;-0.0851432650147853;0.05405809912714326;0.9983397106813833;0.01839947361761513;0.0003385406294053151;1.0326482355997346;0.056843948930637156;5.9179584503574505;3.0880971089312697;9.536343754189666;9.732025524611853;0.4099976541845233;0.026021296452457342;0.4112826188161185;0;53.73178738;86.80807538
-0.0601611094116447;0.0535022675444371;-0.0764759865402263;0.06215717795875392;1.0014752277316383;0.019924878792766335;0.00039700079490642963;1.0326482355997346;0.056843948930637156;5.9179584503574505;3.5644747814714624;12.70548046774603;9.732025524611853;0.4099976541845233;0.0277024544116133;0.42653936493468025;0;53.731800750000005;86.80774827
-0.07545630671969;0.03781242015189653;-0.0101967982053635;0.06566048369511426;0.9818494821060884;0.016383520114016226;0.00026841973132637423;1.0285380500736876;0.05273376340459013;5.9179584503574505;3.765718763396585;14.180637804997106;9.732025524611853;0.4099976541845233;0.09808693621083162;1.123753215685881;0;53.73179802;86.80740762
-0.0520036708473539;0.03569300167313283;-0.0056082390129499;0.06243784851426865;1.004727347983573;0.012142309013049853;0.0001474356681683917;1.0117258863038197;0.03592159963472219;5.675343800828096;3.607293206126317;13.012564274965085;9.489410875082498;0.352619673753541;0.17526243957524945;1.291041656081835;0;53.73178786999999;86.80705954999999
-0.0020393596410727;0.036088919601914425;0.0672988681553992;0.06118182778614641;1.0117258863038197;0.011087479587757548;0.0001229322036089403;1.0117258863038197;0.034328337471995485;5.675343800828096;3.5185444273196906;12.38015488702245;9.489410875082498;0.2808061738075226;0.36490720486251277;1.8587410372225688;0;53.73177553000001;86.80670161
0.0275313551544814;0.03636715078001081;0.0479249515652085;0.053484882356182935;0.9773975488318242;0.011853714292851621;0.0001405105425365548;1.0117258863038197;0.034328337471995485;4.892405774664502;3.0641693270637145;9.389133664918097;8.706472848918903;0.2808061738075226;0.5847889402688773;2.1022235369721787;1;53.731763969999996;86.80633165
0.0244723156928724;0.03651298645817524;0.0275313551544814;0.04428409576462832;0.9999649131240863;0.01511027373296162;0.0002283203722850299;1.0278079226554004;0.05041037382357627;4.379560221994659;2.524501389522572;6.373107265701395;8.19362729624906;0.2808061738075226;0.6538265448546863;2.1022235369721787;0;53.73174881;86.80595552999999
-0.0061180789232181;0.033020417229056166;0.0254919955134087;0.0281045188100539;0.9889271310873492;0.015117774446847747;0.0002285471042257627;1.0278079226554004;0.05041037382357627;0.5950443676915582;1.5965330064902212;2.548917640812705;4.40911144194596;0.2808061738075226;0.6806495368317084;2.1022235369721787;0;53.73173328;86.80557648
0.0101967982053635;0.023715686288506677;0.0540430304884266;0.02335149658188509;1.0058892062327145;0.014332597426367711;0.00020542334898632233;1.0278079226554004;0.05041037382357627;0.3198182026392817;1.317029458135787;1.7345665935974452;4.133885276893683;0.2808061738075226;0.6557859061456669;2.1022235369721787;0;53.7317187;86.80519326
0.0071377587437544;0.015374301183370501;0.0469052717446721;0.016151548109857226;1.0116159168245913;0.014984647591098594;0.0002245396634294169;1.0278079226554004;0.05041037382357627;-1.4771013055251612;0.898110571166093;0.8066025980402859;2.3369657687292404;0.2808061738075226;0.5232273254175541;2.1022235369721787;1;53.73170073;86.80481689000001
0.0010196798205363;0.02555400725991578;0.0642398286937901;0.014879407951686184;1.0278079226554004;0.015345979132113378;0.00023549907552325927;1.0278079226554004;0.05041037382357627;-1.4771013055251612;0.8262153825452125;0.6826318583543318;2.1384056394621975;-0.016541710750157;0.29408518071299367;1.8048756524144989;1;53.73167452;86.80443996
-0.0265116753339451;0.028611867712713002;0.0632201488732537;0.018959830541115694;1.002652261565352;0.013271301866136651;0.00017612745322212215;1.0278079226554004;0.03888079156805124;-1.4771013055251612;1.081255622867347;1.1691137219822547;3.4261492529152653;-0.7137555615013575;0.10827203339347811;1.1076618016632984;1;53.73162604;86.80402028
0.0101967982053635;0.04421278606267595;0.0642398286937901;0.01732989111938925;1.018699436927923;0.013673796653892881;0.00018697271493201215;1.0278079226554004;0.03888079156805124;-1.4771013055251612;0.9883704590263019;0.9768761642758628;3.4261492529152653;-0.938421982328294;0.056313380940937435;0.882995380836362;1;53.73156764;86.80360347999999
0.0050983991026817;0.06575263707791192;0.0316100744366268;0.031195463155784607;0.9911362600380071;0.01580636717136158;0.0002498412431558971;1.0371042347565298;0.04693212299857352;1.746598199209232;1.7648223051527359;3.1145977687646162;6.649848757649658;-1.3538909214112655;0.04314559711273421;0.7158493779469268;0;53.731501980000004;86.80318198
-0.0591414295911083;0.06498811386614842;0.0499643112062812;0.04307884101363237;1.0165144097110708;0.016043881906712933;0.0002574061466365507;1.0371042347565298;0.04693212299857352;2.74597013839592;2.4497972727754838;6.001506677698199;7.6492206968363465;-1.3538909214112655;0.0750802873870769;0.8294831044843896;0;53.731446860000005;86.80275565999999
-0.0550627103089629;0.07401500892885111;0.0846334251045171;0.04307884101363237;0.9901721117579563;0.01607732721348144;0.0002584804503293509;1.0371042347565298;0.04693212299857352;2.74597013839592;2.4497007114033322;6.001033575449991;7.6492206968363465;-1.3538909214112655;0.07865599392119732;0.8294831044843896;1;53.73140608;86.80232831999999
-0.1254206179259712;0.07630299291518351;0.0438462322830631;0.04201278852025886;0.9939310417116837;0.01468009269679765;0.0002155051215865717;1.0371042347565298;0.04693212299857352;2.74597013839592;2.394882251837068;5.735461000164186;7.6492206968363465;-1.3208906378229035;0.08807048755164154;0.8624833880727516;1;53.7313838;86.80190412
-0.1809931681452024;0.08474598256127157;-0.0316100744366268;0.04124685750229836;1.0371042347565298;0.015157974104270344;0.0002297641789457303;1.0371042347565298;0.04693212299857352;2.74597013839592;2.3485696738101116;5.515779512740535;7.6492206968363465;-1.12208701996945;0.11717034725983695;1.0612870059262052;1;53.73137314;86.80146082
-0.0948302233098807;0.08349222457875441;-0.0479249515652085;0.040076033088533705;1.0003564449030715;0.014763112540913607;0.00021794949189568065;1.0371042347565298;0.04693212299857352;2.74597013839592;2.2868716998570733;5.22978217160718;7.6492206968363465;-1.0151076663859773;0.1547835535981853;1.1682663595096778;0;53.73136013;86.80101773
0.0713775874375446;0.0826110059371646;0.0469052717446721;0.04012040220616581;1.0130897476928449;0.020082838966317865;0.0004033204209470552;1.0566269469989122;0.06645483524095597;2.74597013839592;2.29037905010728;5.245836193170325;7.6492206968363465;-1.0151076663859773;0.1784461517148126;1.1682663595096778;1;53.731345450000006;86.80054480999999
0.0275313551544814;0.08397704595958928;0.037728153359845;0.04406048054548429;1.0075071326632137;0.0216069346576789;0.0004668596253012056;1.0566269469989122;0.06775514679648054;2.74597013839592;2.522239961198938;6.361694421868822;7.6492206968363465;-1.0151076663859773;0.18489262632991638;1.1682663595096778;1;53.7313376;86.80005312
0.0734169470786173;0.08513374950669521;0.0509839910268175;0.04083761456318293;1.0205426144813288;0.02058328851916927;0.0004236717662633654;1.0566269469989122;0.06775514679648054;2.74597013839592;2.32266510345955;5.394773182828762;5.609529121407323;-1.0151076663859773;0.19050886893782468;1.1682663595096778;1;53.73135162999999;86.79957307
-0.0244723156928724;0.07833432089478697;0.0137656775772407;0.038617956669257374;1.0083445103329067;0.019567548533117866;0.00038288895559592315;1.0566269469989122;0.06775514679648054;2.74597013839592;2.191236708535166;4.8015183128320285;5.609529121407323;-1.0151076663859773;0.18838879482974702;1.1682663595096778;0;53.73137663;86.79906559
-0.0662791883348628;0.05517432137008678;0.020393596410727;0.037000977522045786;1.0566269469989122;0.019030286523438574;0.0003621518051641679;1.0566269469989122;0.06775514679648054;2.74597013839592;2.1059142895432794;4.434874994902575;5.609529121407323;-1.0151076663859773;0.1494051211268183;1.1682663595096778;0;53.731408959999996;86.79853471999999
0.0091771183848271;0.045480209430088125;-0.0387478331803813;0.03236173996422436;0.9888718002024317;0.018472880377910963;0.0003412473094566079;1.0566269469989122;0.06775514679648054;2.3905551065492574;1.8405189339571844;3.38750994625489;5.254114089560661;-1.0151076663859773;0.06635035386051508;0.8925201721580944;0;53.731428099999995;86.79798554
0.0142755174875089;0.03925141914483404;-0.0418068726419904;0.03041470343050091;1.002299620724939;0.01899571030535452;0.00036083701000495187;1.0566269469989122;0.06775514679648054;2.3905551065492574;1.7282188296053098;2.986740323002347;5.254114089560661;-0.9285143950029364;0.01627392336290208;0.3923762428199671;0;53.731426320000004;86.797418
-0.0336494340776996;0.04058502175891657;0.0091771183848271;0.02866617432203356;1.0090663095668941;0.018665869891544756;0.00034841469880807707;1.0566269469989122;0.06775514679648054;2.3905551065492574;1.6259733534679466;2.6437893461877997;5.254114089560661;-0.9285143950029364;0.013041581421037434;0.35102693108962524;0;53.731398940000005;86.79682998
-0.0326297542571632;0.03294335664039538;0.0183542367696543;0.030254367858840305;1.032594869884596;0.018734389010789918;0.0003509773316076061;1.0566269469989122;0.06775514679648054;3.311344974458742;1.705765052978262;2.909634415961933;4.785544196795951;-0.9285143950029364;0.03434164419660487;0.6616981701630682;0;53.73133808;86.79624944
-0.0040787192821454;0.03504759514126706;-0.0091771183848271;0.02987215223343398;1.0197292738084347;0.01979900894117506;0.00039200075505273007;1.0566269469989122;0.06775514679648054;3.311344974458742;1.6830803248711885;2.8327593799685054;4.785544196795951;-0.9285143950029364;0.06056643069142906;0.8060030813673769;0;53.73125407;86.79567390999999
-0.0244723156928724;0.06034000750293926;0.0265116753339451;0.030212095756269923;1.0305084245144491;0.01620125729654982;0.0002624807379890088;1.0373051008910992;0.04843330068866747;3.311344974458742;1.6973088902534177;2.880857468933288;4.785544196795951;-0.9285143950029364;0.06516124803281478;0.8060030813673769;0;53.73115037;86.79512477
0.0397675130009177;0.06453220887625996;0.003059039461609;0.034539579171557096;1.0174028825031531;0.015092452424340817;0.000227782120180991;1.0373051008910992;0.04193828382696352;4.171049223273352;1.95274573883045;3.8132159205204803;5.6452484456105605;-0.9285143950029364;0.06568717283091906;0.8060030813673769;0;53.73102866000001;86.79459858
0.0305903946160905;0.06328188428233765;-0.0591414295911083;0.03789832862367385;1.0238864996078791;0.014956626567370672;0.00022370067827577822;1.0373051008910992;0.04193828382696352;4.171049223273352;2.146833756319997;4.608895177275027;5.6452484456105605;-0.9285143950029364;0.06589713221424079;0.8060030813673769;0;53.73089135;86.79410031
-0.0489446313857448;0.06388085877465179;-0.023452635872336;0.03912539212567153;0.9966863000802361;0.01936243470263229;0.00037490387761369916;1.0373051008910992;0.05962621976917448;4.30657216091952;2.2328659586009674;4.985690389079018;5.780771383256729;-0.9285143950029364;0.06838379489409425;0.8060030813673769;0;53.73074317;86.79363469
-0.1723258896706434;0.06805188350398021;-0.0489446313857448;0.039825028122831126;1.0373051008910992;0.01855014308918736;0.00034410780862932557;1.0373051008910992;0.05962621976917448;5.532937356075784;2.280208225714422;5.199349552615711;7.007136578412993;-0.9285143950029364;0.06517527506664957;0.8060030813673769;1;53.73058442;86.79320458
-0.1060467013357805;0.06820856484978184;-0.0723972672580809;0.03874936117922426;0.9953668170641357;0.01828210884738515;0.00033423550390763833;1.0373051008910992;0.05962621976917448;5.532937356075784;2.2147982043029124;4.905331085783406;7.007136578412993;-0.8312195549115753;0.08365475794157498;0.903297921458738;1;53.73042002;86.79280978
-0.0744366268991536;0.07199419748613424;-0.0723972672580809;0.032824303110164245;1.0036524643567535;0.01750397966801838;0.00030638930421840086;1.0373051008910992;0.05962621976917448;6.322297929443779;1.9013006520864104;3.6149441696242093;6.494570209788777;-0.7539634241905147;0.10036827084614086;0.9805540521797986;0;53.730252140000005;86.79244222
-0.0142755174875089;0.0700643836965162;-0.0734169470786173;0.023585813631338857;0.9776788811219247;0.01700258517441698;0.00028908790261330413;1.0373051008910992;0.05962621976917448;6.322297929443779;1.382034244497894;1.9100186529648642;4.973968884548334;-0.7539634241905147;0.12454211584989322;0.9805540521797986;0;53.73008488000001;86.79210344
0.0331395941674313;0.0699676928811566;-0.0963597430406851;0.023805211068510617;0.9993962498450244;0.01609339889074321;0.0002589974878565748;1.0373051008910992;0.05962621976917448;6.322297929443779;1.3885597935532752;1.9280983002727143;4.973968884548334;-0.7159119950211492;0.12899372708186743;1.018605481349164;0;53.729930020000005;86.79178218000001
-0.0010196798205363;0.06980999507276862;-0.0693382277964719;0.01883948728869846;1.0128793317253661;0.016066091741749236;0.00025811930385430295;1.0373051008910992;0.05962621976917448;6.322297929443779;1.1095477380034773;1.231096182908633;3.6178260965324163;-0.7159119950211492;0.09614816703417568;0.8324931241409002;0;53.72978585999999;86.79147674000001
0.0387478331803813;0.0496756373949719;-0.1091057407973896;0.024292324679140064;0.9907793892227652;0.010509591267135717;0.00011045150860225533;1.0128793317253661;0.03520045060344146;6.322297929443779;1.4093454652488069;1.986254640417376;5.222516804259121;-0.7159119950211492;0.06528031447207236;0.6871423494617726;0;53.729645129999994;86.79117729000001
0.0183542367696543;0.035734447792306695;-0.0632201488732537;0.024917271964382242;1.0055221901532707;0.010464418855018734;0.00010950406197327161;1.0128793317253661;0.03520045060344146;6.322297929443779;1.4453691273285083;2.089091914234374;5.222516804259121;-0.5234314273785964;0.05574111387480217;0.7334333901136928;0;53.72949968;86.79088848
0.0295707147955541;0.03524190909230476;-0.0550627103089629;0.029300347793757425;0.9890268765720369;0.01251179825660499;0.00015654509561398368;1.0203429066609493;0.0426640255390246;6.322297929443779;1.7005667032795067;2.89192711230293;5.406122168260472;-0.1476485203515251;0.08353150325668397;1.0095148597213357;0;53.72933938;86.7906181
-0.0122361578464362;0.03571827941890965;-0.0540430304884266;0.03732582982331542;0.9977669949275765;0.013920347182889195;0.00019377606569217113;1.0203429066609493;0.04925110929320675;6.322297929443779;2.1579746369325497;4.656854533644169;7.224773362738333;-0.0244420156937332;0.112847808651863;1.1327213643791276;0;53.72915859;86.79036051
0.0387478331803813;0.035820300536200264;-0.0193739165901906;0.03948091179404914;1.0093934101268796;0.014488855156048301;0.00020992692373294743;1.0203429066609493;0.04925110929320675;6.322297929443779;2.2811024256014862;5.203428276084984;7.328840431607068;-0.0244420156937332;0.08207661250719106;0.8067775392178421;0;53.728958920000004;86.79011476000001
-0.020393596410727;0.03850332245616248;-0.0499643112062812;0.04705637937087161;0.9987059827061975;0.014951302695812272;0.0002235414523018033;1.0203429066609493;0.04925110929320675;6.322297929443779;2.7078836038339293;7.3326336119126285;9.139349711404465;-0.0244420156937332;0.07977891537993814;0.8002305538874454;0;53.72873763;86.78988835
-0.0723972672580809;0.03642032159397042;-0.0163148771285816;0.043843465622619614;1.0203429066609493;0.015436808863319398;0.00023829506788265633;1.0203429066609493;0.04925110929320675;3.60473241044258;2.518379299489315;6.342234296096294;6.632530446409211;-0.0244420156937332;0.09310572266722253;0.9461454900718734;0;53.7284534;86.78968348000001
-0.0214132762312633;0.036529435602588034;0.0152951973080452;0.05151654156854949;0.9710917973677425;0.017871222398692637;0.00031938059002353347;1.0268256799815827;0.05573388261384016;3.19151383804786;2.93153109917828;8.593874585449413;8.547634032213969;-0.0244420156937332;0.11045041819974741;1.013035380557118;0;53.728146100000004;86.78950418000001
-0.0346691138982359;0.04074184851302587;0.0173345569491179;0.049131804885287185;0.9867919524108969;0.017492149143686322;0.0003059752816649661;1.0268256799815827;0.05573388261384016;3.104886811403756;2.789571958575775;7.781711712072284;8.461007005569865;-0.0244420156937332;0.12940424459288136;1.0353261540068728;0;53.727816759999996;86.78934636
0.040787192821454;0.04109884559414585;0.0499643112062812;0.043259214528658246;1.0166294743961237;0.030332780728798126;0.000920077586741347;1.0268256799815827;0.103109442485943;2.8676504912640777;2.4595442666709277;6.049357999713832;8.223770685430186;-0.0244420156937332;0.15887645131896294;1.172918994000848;0;53.727469580000005;86.78920142
-0.0193739165901906;0.03558489410360944;0.0520036708473539;0.04180673447376475;0.9845366420011112;0.029869695712519108;0.0008921987219584824;1.0268256799815827;0.103109442485943;2.8676504912640777;2.376570795658017;5.648088746774579;8.223770685430186;-0.0244420156937332;0.17696523535469375;1.172918994000848;0;53.72711527;86.78909030999999
-0.0356887937187723;0.03590083985609041;0.095849903130417;0.03588104394931808;1.0268256799815827;0.031872792342298534;0.0010158748916952842;1.027867100487592;0.1041508629919522;0.9161757611833068;2.0283702929016036;4.114286045125737;6.272295955349415;-0.0244420156937332;0.17438199437858556;1.172918994000848;1;53.726752209999994;86.78901653
-0.0876924645661262;0.033784091971332;0.0530233506678902;0.04359772212454885;1.0055413196518963;0.03245838972374715;0.0010535470634586547;1.027867100487592;0.1041508629919522;3.534495940490064;2.510426935029372;6.302243396120967;8.890616134656174;-0.0244420156937332;0.12560572318820423;1.172918994000848;1;53.726386680000005;86.78899404
-0.003059039461609;0.037828304258746386;0.040787192821454;0.05473189417749843;0.9237162374956397;0.03181614641904989;0.0010122671729584209;1.027867100487592;0.1041508629919522;4.613832225610443;3.1559664646095658;9.960124325740201;9.96995241977655;-0.4752790088717644;0.04277933522656128;0.7220820008228168;1;53.726023770000005;86.78904073
-0.0122361578464362;0.037259651933923;-0.0040787192821454;0.05572394471509229;0.9932518936073637;0.031786778084374565;0.0010103992609852752;1.027867100487592;0.1041508629919522;4.613832225610443;3.211777897902127;10.315517265452605;9.96995241977655;-0.7866747313057778;0.01668484373196485;0.41068627838880345;1;53.72566806;86.78914582
-0.0438462322830631;0.032051232829890836;-0.0152951973080452;0.054342971626985925;1.027867100487592;0.03359311627739077;0.0011284974612262967;1.0332295418728588;0.10951330437721907;4.613832225610443;3.134929718833788;9.827784342027293;9.96995241977655;-0.8141156257028601;0.012344221064494409;0.38324538399172114;1;53.72529614;86.78935502
0.0050983991026817;0.03205988237057787;-0.0591414295911083;0.052129479116893924;0.9593176798563712;0.03400920346381838;0.0011566259202433961;1.0332295418728588;0.10951330437721907;4.613832225610443;3.0032150420871315;9.01930058901841;9.96995241977655;-0.8141156257028601;0.030050896226588315;0.6334025767115934;1;53.724977339999995;86.78961478000001
0.0326297542571632;0.0334357212987957;-0.0795350260018354;0.04385808742246671;0.9887550826244664;0.03257641721837155;0.0010612229587854145;1.0332295418728588;0.10951330437721907;4.613832225610443;2.560874173269303;6.558076531317736;7.6365064987498785;-0.8141156257028601;0.057797186394402074;0.7825545245376391;0;53.72467391;86.78991807
-0.0101967982053635;0.02123748262554917;-0.0183542367696543;0.03955282981037545;0.994409515302869;0.03247320635797712;0.0010545091311677656;1.0332295418728588;0.10951330437721907;4.613832225610443;2.3228506426349904;5.395635107989787;7.3892271570316765;-0.8141156257028601;0.07499570796469043;0.7825545245376391;0;53.72439092;86.79026483999999
-0.0224329560517997;0.024997526998447164;-0.0101967982053635;0.036629867737420524;1.0332295418728588;0.02450378923317732;0.0006004356867839767;1.0332295418728588;0.07391186201648758;4.613832225610443;2.1265073810535604;4.522033641675272;7.3892271570316765;-0.8141156257028601;0.07606883408580496;0.7825545245376391;1;53.724134119999995;86.79065316
-0.0173345569491179;0.028439339590523485;-0.0173345569491179;0.0407622596939449;0.9751221102011698;0.025259989359572445;0.0006380670624457131;1.0332295418728588;0.07391186201648758;4.613832225610443;2.357111610986578;5.55597514664774;7.3892271570316765;-0.8141156257028601;0.07967527438758859;0.7825545245376391;1;53.723897820000005;86.79106454000001
0.0173345569491179;0.02668735840611532;0.0489446313857448;0.04117284791123036;1.010817508841539;0.02406950017716358;0.0005793408387784776;1.0332295418728588;0.07391186201648758;4.613832225610443;2.3824509408620087;5.67607248561427;7.3892271570316765;-0.8141156257028601;0.0857585674911151;0.7825545245376391;1;53.723677970000004;86.79150005
-0.0040787192821454;0.02601993455054441;0.0142755174875089;0.03658379161991634;0.9759465243105316;0.029668833780097822;0.0008802396978710736;1.0332295418728588;0.10012165795452344;4.613832225610443;2.1021846233162673;4.419180190507357;7.3892271570316765;-0.8169999159250724;0.08555737384948967;0.7796702343154268;1;53.72347132;86.79194876
-0.0479249515652085;0.020341412677487396;0.0152951973080452;0.02538214324032657;1.0199015767839483;0.02957153853925429;0.0008744758915786017;1.0332295418728588;0.10012165795452344;1.0575924771793497;1.4453867398677012;2.089142827785382;3.8329874086005837;-0.6409717943142029;0.10713495118785782;0.9556983559262963;1;53.72326975;86.79240254999999
-0.0530233506678902;0.02794493273753968;0.043846232283063;0.022602838798752457;1.0184377313098842;0.035018303536024926;0.001226281582541176;1.0332295418728588;0.10012165795452344;1.0185896317941796;1.2857148608870623;1.6530627035058378;3.793984563215414;-0.3003310188229084;0.17157732912636967;1.2963391314175907;1;53.72307087;86.79285646999999
-0.0214132762312633;0.029032735590352726;0.0132558376669725;0.035380302113923866;1.0159133046180495;0.03215961187104849;0.0010342406356964827;1.0199015767839483;0.086793692865613;1.0185896317941796;2.0266352085362467;4.107250268478755;7.517920450632367;-0.0400753365056808;0.26768539410272835;1.5565948137348184;1;53.72290286;86.7932363
-0.0101967982053635;0.029374527690473384;0.0091771183848271;0.03592275551383753;0.9331078839183353;0.03465226635773674;0.0012007795637275333;1.0341091835926113;0.10100129967427596;-0.5635132203584041;2.0264532833919278;4.106512909769925;5.935817598479783;0.1168430941239023;0.3305893954195156;1.7135132443644014;1;53.72274068;86.79357844
-0.0224329560517997;0.03527467512561739;0.046395431834404;0.04199852142736928;1.0016325050046393;0.034923645884989085;0.001219661041900115;1.0341091835926113;0.10100129967427596;-0.5635132203584041;2.3674677806923783;5.604903692616494;5.935817598479783;0.452025093658485;0.37307030777586203;2.0010527630150303;1;53.722583580000006;86.79387958
-0.0815743856429081;0.038981513278944634;0.0193739165901906;0.04190930235810485;0.9387978965928333;0.03585345114079685;0.0012854699587055067;1.0341091835926113;0.10100129967427596;-0.5635132203584041;2.3556840255203353;5.549247228091691;5.935817598479783;0.6493171879149806;0.37474371451604377;1.709277027173205;1;53.72242672;86.79414256
-0.0520036708473539;0.04838918256159223;0.113184460079535;0.041210745372007966;0.9999368385776651;0.036015487283104705;0.0012971153242394766;1.0341091835926113;0.10100129967427596;-0.5635132203584041;2.310706258644728;5.339363413739917;5.935817598479783;0.7650222609688136;0.4171828857658924;1.732981513906322;1;53.722264159999995;86.79437424
-0.0112164780258998;0.053716284957598164;0.092790863668808;0.04154772987179581;1.0341091835926113;0.035651941670009846;0.0012710609448417845;1.0341091835926113;0.10100129967427596;-0.5635132203584041;2.3380573730869987;5.4665122798464765;5.935817598479783;0.9111497287671833;0.43326180797509245;1.7366724704865049;1;53.722091809999995;86.79458077
0.046395431834404;0.05348423435174426;0.1101254206179259;0.03948621510160214;1.0155188120112442;0.03790436789833158;0.0014367411057720693;1.0379670697928831;0.10485918587454779;-0.5635132203584041;2.222487756173202;4.939451826339795;5.935817598479783;1.1775839118203797;0.4549975612543898;1.9945838277454522;1;53.721917700000006;86.79474202
0.0295707147955541;0.05473294956143202;0.0876924645661262;0.04015379072680073;1.0309795034984246;0.06135370316003576;0.003764276891449782;1.1680271001385831;0.22922920354574983;-1.1824935525558251;2.1275646453255774;4.52653132003935;5.316837266282362;1.1775839118203797;0.37476645182823526;1.8185557061345827;1;53.72174503;86.79485351000001
0.07545630671969;0.05542960079546837;0.0224329560517997;0.040351645011824595;0.974938160659496;0.061206613575352266;0.003746249545362496;1.1680271001385831;0.22922920354574983;-1.1824935525558251;2.1400838062733083;4.579958697873251;5.316837266282362;1.180192362812666;0.278198518919137;1.4805233816355745;1;53.721579129999995;86.79491033000001
0.0825940654634444;0.044176842880586625;0.078515346181299;0.03660131369014466;0.975375850298188;0.0570208207651449;0.0032513740007307796;1.1680271001385831;0.19434605722568887;-1.3184704418240478;1.9278328735733696;3.7165395884301557;5.180860377014139;1.180192362812666;0.18162941108493535;1.2202676993183468;1;53.72141421;86.79491949000001
0.029060874885286;0.035818042828878585;0.0336494340776996;0.035965141454856096;1.0379670697928831;0.06391981016012316;0.004085742130906183;1.1680271001385831;0.2382971530187722;-1.3184704418240478;1.8370467015805916;3.3747405837881312;5.04700775246021;1.180192362812666;0.11143355020542484;1.0633492686887638;1;53.72124871;86.79490759000001
-0.0316100744366268;0.032613109403604866;0.1294993372081166;0.034975827104733306;1.1680271001385831;0.06514478858583267;0.004243843479892834;1.1680271001385831;0.2382971530187722;-1.3184704418240478;1.780711688725997;3.1709341183653925;5.04700775246021;1.180192362812666;0.05862558403161924;0.7281672691541811;1;53.72106967;86.79487959
0.0520036708473539;0.038486403681128496;0.0438462322830631;0.03142220939968689;1.007702677606917;0.06717289569070663;0.004512197915474553;1.1680271001385831;0.2382971530187722;-1.3184704418240478;1.5477589020127664;2.395557618759764;5.04700775246021;1.180192362812666;0.053676360051350444;0.6680316260084325;1;53.7208881;86.79484138000001
0.0305903946160905;0.04758873021128226;0.0530233506678902;0.03196460869339239;0.9736810429128943;0.06719807506579098;0.004515581292547679;1.1680271001385831;0.2382971530187722;-1.3184704418240478;1.5766373791377413;2.4857854252943254;5.04700775246021;1.180192362812666;0.1415877130519087;1.2670145103564874;1;53.72069849;86.79479769
0.0081574385642908;0.043321427820470736;0.037728153359845;0.029810790987368184;0.9297299471198109;0.07288474550351942;0.005312186127112794;1.1680271001385831;0.2382971530187722;-1.4175461987742333;1.4534221807678995;2.1124360355481167;4.947931995510025;1.180192362812666;0.3079159010476071;1.6863016300777902;1;53.72050277999999;86.79474278
0.0316100744366269;0.036198593735441716;0.0672988681553992;0.04542174795937797;0.9674784254981219;0.07185059339989104;0.005162507771916466;1.1680271001385831;0.2382971530187722;3.120264337318228;2.39785326618418;5.74970028615014;9.485742531602487;1.180192362812666;0.5603593689625763;2.1681470226886677;1;53.72030568;86.79467112
-0.0316100744366268;0.03553079825588474;0.0632201488732537;0.04749076587594215;1.059767713835775;0.07177348899778027;0.005151433722914485;1.1680271001385831;0.2382971530187722;3.120264337318228;2.5142270792405292;6.321337805986363;9.485742531602487;1.180192362812666;0.9331134174716773;2.8813750193189844;1;53.72011006;86.79459582
-0.061180789232181;0.03496975719572302;0.0244723156928724;0.03922436855096092;0.9892470957997271;0.05026642950350611;0.00252671393503095;1.1087919787059508;0.17906203158613987;3.120264337318228;2.2338940441868504;4.990282600653481;7.109043264427962;1.180192362812666;1.410233195722149;3.5079739914845725;1;53.7199163;86.79451981999999
0.0010196798205363;0.030540550201449728;0.0560823901294993;0.04095428340892534;1.1087919787059508;0.05837798455017964;0.003407989080141013;1.1087919787059508;0.19611189229636106;3.120264337318228;2.3410227575666105;5.480387551444777;7.109043264427962;0.8821353321271141;1.6931706372081696;3.4448512231100983;1;53.71971731;86.79444627
-0.0224329560517997;0.03052238757385201;-0.0540430304884266;0.044542912991060064;0.9928545493826774;0.05899036810958826;0.003479863529704728;1.1087919787059508;0.19611189229636106;3.120264337318228;2.519204163020421;6.346389614979421;7.109043264427962;0.7202213848439731;1.8038820713904267;3.313068955391082;1;53.71952137000001;86.79437064999999
-0.0254919955134087;0.03306975530452205;0.0010196798205363;0.04394364577469974;1.0098053544900116;0.0556547442097911;0.0030974505530572756;1.1087919787059508;0.19611189229636106;3.120264337318228;2.469279257868743;6.09734005334081;7.109043264427962;0.6756593585527628;1.6423787221081843;3.268506929099872;1;53.71932839;86.79428519
-0.0239624757826042;0.03259260153599032;-0.014785357397777;0.038557480063387634;1.0277132057433953;0.062426120928564505;0.003897020574187759;1.1087919787059508;0.19743092746568347;3.120264337318228;2.119348983300452;4.491640113016659;6.540258660674188;0.5121607368042336;1.2412287639156503;3.1050083073513424;1;53.71914554999999;86.79419963000001
-0.0418068726419904;0.033948898494121194;-0.0152951973080452;0.033551486375491484;0.9126800864095898;0.06173415532485066;0.003811105933672787;1.1087919787059508;0.19743092746568347;3.120264337318228;1.8704501826644135;3.4985838858293383;6.019506031131756;-0.0868221475438214;0.7662914386057952;2.5060254230032877;1;53.71895708000001;86.794111
-0.0672988681553992;0.03215366114906138;-0.0469052717446721;0.033289114932822876;1.0372043594203;0.06173854812071674;0.003811648324054056;1.1087919787059508;0.19743092746568347;3.120264337318228;1.8543122175062217;3.4384737999928414;6.019506031131756;-0.5061092672651242;0.4628577295018683;2.086738303281985;1;53.71877402;86.79401242
0.0265116753339451;0.03383436515101607;-0.0081574385642908;0.030887725256926804;0.9578810579870881;0.046333376955172735;0.002146781820070132;1.0372043594203;0.12584330818003264;3.530252857852358;1.7767263986647692;3.1567566957122803;5.279189548846031;-0.9879546598760016;0.27193453249069155;1.6048929106711074;1;53.718604830000004;86.79391235
-0.0836137452839808;0.036175927062243804;0.0020393596410727;0.03406440333700123;0.9113610512402673;0.0489494763757317;0.0023960512374583158;1.0372043594203;0.12584330818003264;4.089869257001968;1.9347747015450685;3.7433531457388085;5.838805947995642;-1.4886929357523877;0.18781634305861294;1.1041546347947213;1;53.718454699999995;86.79381598
-0.003059039461609;0.035810018753002916;0.0285510349750178;0.03592918693007747;0.9354871890788451;0.05285301007413725;0.002793440673896854;1.0492639129702184;0.13790286172995103;4.089869257001968;2.0337422798277838;4.136107660759112;5.838805947995642;-1.4886929357523877;0.18088171456608845;1.1041546347947213;1;53.71832016;86.79370960000001
-0.0285510349750178;0.039653179364335746;0.0214132762312633;0.035956306803705755;0.9907521038422995;0.05095642885922611;0.0025965576420853716;1.0492639129702184;0.13790286172995103;4.089869257001968;2.0348263943874443;4.140518455295807;5.838805947995642;-1.4886929357523877;0.193925522026411;1.1041546347947213;0;53.71820386;86.79358306
-0.07545630671969;0.04067519291764306;-0.0622004690527174;0.037904577229685966;1.010148684681262;0.04508549337436162;0.0020327017128096057;1.0492639129702184;0.13790286172995103;4.089869257001968;2.15332180442373;4.636794793406668;5.838805947995642;-1.4886929357523877;0.24677272703969821;1.4099321652570846;0;53.7181198;86.79344524000001
-0.078515346181299;0.053445042486664596;-0.0734169470786173;0.04737836701505744;1.0293863490233464;0.04166427030240511;0.0017359114198318766;1.0492639129702184;0.13790286172995103;6.4536962177083845;2.7380111035708596;7.496704803277317;8.202632908702059;-1.4886929357523877;0.389167023612507;1.8316946698219068;0;53.71806599;86.79332231000001
-0.040787192821454;0.05891461891824097;0.0224329560517997;0.056059622958697146;1.0492639129702184;0.04165296806134916;0.001734969748319773;1.0492639129702184;0.13790286172995103;7.337789080306058;3.2902596416023315;10.825808509157103;9.086725771299731;-1.4886929357523877;0.6188219509988423;2.1332174839241453;1;53.718039759999996;86.79321416
-0.1009483022330988;0.060521645770275176;-0.0101967982053635;0.060277175660134505;0.9689244254863607;0.03472139664746001;0.0012055753851502474;1.0492639129702184;0.11377672389137328;7.337789080306058;3.5611183303200087;12.681563762541167;9.086725771299731;-1.4886929357523877;0.9500100757516267;2.641980499345987;1;53.71804608;86.79311552
-0.0800448659121036;0.06317556784705791;-0.0520036708473539;0.05406589897091239;0.9906399372932051;0.030536873669019794;0.0009325006534776745;1.0492639129702184;0.0912091962289906;7.337789080306058;3.1845898541306927;10.141612539032147;8.576227927054735;-1.4886929357523877;1.3126707891445106;3.1299650941234587;1;53.71808584;86.79302215999999
0.0591414295911083;0.06768402980027256;-0.1101254206179259;0.04673513971121728;0.9797616252586537;0.030949767240436764;0.0009578880922372127;1.0492639129702184;0.0912091962289906;7.337789080306058;2.7574471774856293;7.603514936623465;8.562849454324066;-1.4886929357523877;1.61945108671313;3.5783035757663413;1;53.71814438;86.79293478
0.0601611094116447;0.0936745029331827;-0.1223615784643621;0.05371055842236087;0.9580547167412278;0.03159243189149525;0.000998081752818766;1.0492639129702184;0.0912091962289906;7.337789080306058;3.15409142517306;9.948292718350224;8.562849454324066;-1.5414599610564887;1.7720643250180665;3.9153612264803894;1;53.718204990000004;86.79284435000001
0.0356887937187723;0.0979500381836664;-0.1213418986438258;0.05414756947908543;0.9597321591419993;0.029697404978644915;0.0008819358624656439;1.0492639129702184;0.0912091962289906;7.337789080306058;3.187348770015605;10.159192181719991;8.562849454324066;-1.851673611238655;1.7212154541146858;3.9175907542014707;0;53.71826632;86.79276232
0.0346691138982359;0.10282826262404236;-0.0672988681553992;0.048992081326016304;1.0168934347151914;0.023123950809101488;0.0005347171010217454;1.0205976291573085;0.06254291241608068;7.337789080306058;2.9028134085299713;8.426325684741391;8.196485039324418;-2.47373992819696;1.5292257033249184;3.511718424541367;0;53.71833242;86.79270041999999
-0.0978892627714897;0.10958489379853249;-0.0836137452839808;0.04579514782605738;1.012601618379028;0.02297278091409286;0.0005277486629269091;1.0205976291573085;0.06254291241608068;7.337789080306058;2.7171696498361606;7.383010905990763;8.196485039324418;-2.8986251010094723;1.3407537253549406;3.187910355931853;0;53.718396029999994;86.79266675
-0.2345263587233608;0.11132135178716715;0.0152951973080452;0.05723546892005598;1.0205976291573085;0.024279533977546397;0.0005894957701668299;1.0205976291573085;0.06254291241608068;7.337789080306058;3.359381104207345;11.28544140330536;9.69176731854093;-3.3203876055742945;1.0763247674127625;2.766147851367031;1;53.718448720000005;86.79265288
-0.1386764555929438;0.10122453105336647;-0.0326297542571632;0.06315544924371834;0.9982873751361774;0.02365859099217272;0.0005597289277349161;1.0205976291573085;0.06254291241608068;7.337789080306058;3.6943410661661455;13.648155913161613;10.320885267642964;-3.621910419676533;0.7682044697562141;2.4646250372647924;1;53.71848722;86.79264273999999
-0.15091261343938;0.08738338108595406;-0.0168247170388497;0.06361729383146891;0.9795176459234741;0.0192187516950092;0.00036936041671441894;1.0205976291573085;0.060865470015309175;7.263522222369274;3.6809815283083425;13.549625011747219;10.830156402007752;-4.130673435098375;0.43496956933025716;1.9558620218429503;1;53.718515839999995;86.79263552
-0.1845620475170796;0.0761300235020243;-0.0723972672580809;0.06879059060762405;1.010762476182421;0.012409176100177388;0.0001539876514852137;1.0205976291573085;0.04107998323383433;4.736488183121541;3.9183404707548877;15.353392044755635;11.97013570550764;-4.618658029875847;0.25945229017226346;1.4678774270654786;1;53.718530720000004;86.79262736
-0.1315386968491893;0.06191247177470029;0.0418068726419904;0.07011910499011381;1.0178647044456541;0.01192819497860953;0.0001422818354477256;1.0205976291573085;0.04107998323383433;4.736488183121541;3.9953398513773797;15.962740528004222;11.97013570550764;-4.204798494372872;0.3611120795688485;1.8817369625684535;1;53.71853372;86.79262524
-0.116243499541144;0.06364198630413853;0.0520036708473539;0.061080249276959105;0.9992763394254145;0.011650793780402372;0.0001357409957134626;1.0205976291573085;0.04107998323383433;4.107407029666136;3.485997154045975;12.152176158016637;11.341054552052237;-3.218952757711409;0.8789878249012726;2.8675826992299163;1;53.718537790000006;86.79263187000001
-0.058121749770572;0.06364198630413853;0.0622004690527174;0.061080249276959105;0.9998578096961396;0.011650793780402372;0.0001357409957134626;1.0205976291573085;0.04107998323383433;4.107407029666136;3.485997154045975;12.152176158016637;11.341054552052237;-3.218952757711409;0.8789878249012726;2.8675826992299163;1;53.718537790000006;86.79263187000001
-0.0438462322830631;0.06364198630413853;0.1264402977465076;0.061080249276959105;1.0041651351627527;0.011650793780402372;0.0001357409957134626;1.0205976291573085;0.04107998323383433;4.107407029666136;3.485997154045975;12.152176158016637;11.341054552052237;-3.218952757711409;0.8789878249012726;2.8675826992299163;1;53.718537790000006;86.79263187000001
-0.0448659121035994;0.06364198630413853;0.0989089425920261;0.061080249276959105;1.0102397737027715;0.011650793780402372;0.0001357409957134626;1.0205976291573085;0.04107998323383433;4.107407029666136;3.485997154045975;12.152176158016637;11.341054552052237;-3.218952757711409;0.8789878249012726;2.8675826992299163;1;53.718537790000006;86.79263187000001
-0.06984806770674;0.06364198630413853;0.0647496686040583;0.061080249276959105;1.0048299227313282;0.011650793780402372;0.0001357409957134626;1.0205976291573085;0.04107998323383433;4.107407029666136;3.485997154045975;12.152176158016637;11.341054552052237;-3.218952757711409;0.8789878249012726;2.8675826992299163;1;53.718537790000006;86.79263187000001
0.0326297542571632;0.07847209351634055;-0.0453757520138676;0.023423616155180866;0.9998298621328179;0.016193151228555972;0.00026221814671088383;1.032418768630722;0.05558199864738289;5.317006517185638;1.3474906220956342;1.8157309766356795;5.1995759068472225;2.3826559898088915;11.138099548678262;9.568412506398113;1;53.72474638;86.84392462
-0.0295707147955541;0.07847209351634055;-0.0601611094116447;0.023423616155180866;1.0076366402867103;0.016193151228555972;0.00026221814671088383;1.032418768630722;0.05558199864738289;5.317006517185638;1.3474906220956342;1.8157309766356795;5.1995759068472225;2.3826559898088915;11.138099548678262;9.568412506398113;1;53.72474638;86.84392462
-0.0254919955134087;0.07847209351634055;-0.0448659121035994;0.023423616155180866;0.9833065994769202;0.016193151228555972;0.00026221814671088383;1.032418768630722;0.05558199864738289;5.317006517185638;1.3474906220956342;1.8157309766356795;5.1995759068472225;2.3826559898088915;11.138099548678262;9.568412506398113;1;53.72474638;86.84392462
-0.029060874885286;0.07847209351634055;-0.0479249515652085;0.023423616155180866;1.032418768630722;0.016193151228555972;0.00026221814671088383;1.032418768630722;0.05558199864738289;5.317006517185638;1.3474906220956342;1.8157309766356795;5.1995759068472225;2.3826559898088915;11.138099548678262;9.568412506398113;1;53.72474638;86.84392462
-0.0469052717446721;0.07847209351634055;-0.0418068726419904;0.023423616155180866;0.9768367699833391;0.016193151228555972;0.00026221814671088383;1.032418768630722;0.05558199864738289;5.317006517185638;1.3474906220956342;1.8157309766356795;5.1995759068472225;2.3826559898088915;11.138099548678262;9.568412506398113;1;53.72474638;86.84392462
-0.0897318242071989;0.07847209351634055;-0.0254919955134087;0.023423616155180866;0.9823121420070177;0.016193151228555972;0.00026221814671088383;1.032418768630722;0.05558199864738289;5.317006517185638;1.3474906220956342;1.8157309766356795;5.1995759068472225;2.3826559898088915;11.138099548678262;9.568412506398113;1;53.72474638;86.84392462
-0.1264402977465075;0.07381573037101462;-0.0326297542571632;0.02373443358082689;0.9895854756286804;0.016348119566618843;0.00026726101336446587;1.032418768630722;0.05558199864738289;5.317006517185638;1.3660843245117265;1.8661863816766602;5.1995759068472225;-0.2132766567878756;5.679936120523638;6.972479859801346;1;53.724663570000004;86.84379829
-0.2273885999796064;0.07184464672355609;-0.0020393596410727;0.024388141761949103;0.9950283134150482;0.016343839507568063;0.00026712108984914266;1.032418768630722;0.05558199864738289;5.317006517185638;1.4120230016954132;1.9938089573169246;5.1995759068472225;-2.340207951523131;2.4956532513082754;4.845548565066091;1;53.72459836;86.84367164
-0.1101254206179259;0.06884263255616553;-0.0917711838482716;0.026196269405655996;0.990342207981972;0.01676010306830916;0.0002809010548603461;1.032418768630722;0.05558199864738289;5.317006517185638;1.5243150405952817;2.3235363429849953;5.1995759068472225;-4.032655558428057;1.0225192416738684;3.153100958161165;1;53.72455606;86.84355766
-0.1733455694911797;0.06705466324411921;-0.0560823901294993;0.02758145431980604;1.0057294931601293;0.012763884770900624;0.00016291675444482889;1.015204823048027;0.038368053064687935;5.317006517185638;1.5934891058265768;2.5392075303879835;5.1995759068472225;-4.654414883669962;0.7633331944213929;2.5313416329192595;1;53.724545490000004;86.84346517
-0.1916998062608341;0.06935730251582313;-0.0326297542571632;0.02763313500308648;1.0040217172825716;0.013155960920218921;0.0001730793077343275;1.015204823048027;0.04113676081785711;5.317006517185638;1.6005326175617347;2.5617046598790183;5.1995759068472225;-3.969680598233027;1.2257871184840505;3.2160759183561947;1;53.72457061;86.84340069
-0.0489446313857448;0.07489970726337153;-0.0672988681553992;0.026055430010128007;0.9834392940369544;0.012968892916482285;0.0001681921834791844;1.015204823048027;0.04113676081785711;5.317006517185638;1.5112752758997918;2.2839529595459918;5.1995759068472225;-3.5142823656848634;1.891898733546225;3.6714741509043582;0;53.724627510000005;86.84335775
-0.0530233506678902;0.07819975888727139;-0.0744366268991536;0.02493158286336435;0.9785809650098651;0.01531702699708477;0.0002346113160294237;1.0203087690148382;0.046240706784668295;5.317006517185638;1.4486608149395837;2.0986181567414186;5.1995759068472225;-2.920502929126278;2.5555857020821073;4.265253587462944;0;53.724718519999996;86.84333355999999
-0.0438462322830631;0.06445876769365197;-0.0744366268991536;0.016398221343879183;1.015204823048027;0.015565008619138822;0.0002422694933138658;1.0203087690148382;0.046240706784668295;5.317006517185638;0.9656415641296364;0.9324636303747307;3.454620048025646;-2.136501100567098;3.17430403463422;5.049255416022124;0;53.72484447000001;86.84333151
-0.0275313551544814;0.06312907959723037;-0.061180789232181;0.012788300917377761;0.97406806223017;0.015921035309847256;0.00025347936533740305;1.0203087690148382;0.046240706784668295;4.362467965077816;0.7499271965235463;0.5623908000856657;2.500081495917824;-1.459607380194477;3.604709726267755;5.536565560972574;0;53.725004320000004;86.84336592
-0.0193739165901906;0.05097311328164858;-0.0520036708473539;0.013409209653679725;1.0008260029360203;0.01591152235568325;0.00025317654367540784;1.0203087690148382;0.046240706784668295;4.362467965077816;0.7815255032701323;0.6107821122616335;2.500081495917824;-0.81848883545853;3.822166479855792;5.795240490674312;0;53.72519027;86.84342899
-0.023452635872336;0.013382043217717122;-0.0530233506678902;0.00917145174743299;1.0203087690148382;0.01673108440893279;0.0002799291854988339;1.0203087690148382;0.046240706784668295;4.362467965077816;0.5421242612292777;0.2938987146133901;1.457206028765338;-0.3694978756341405;3.7569810958234404;5.703445459883642;0;53.72539567;86.84353199
-0.0214132762312633;0.014254866172838606;-0.0509839910268175;0.01102638087032326;1.0059057446487945;0.016743030369869162;0.00028032906596636107;1.0203087690148382;0.046240706784668295;4.362467965077816;0.6513723246523356;0.4242859053229877;1.8880884246201317;-0.3694978756341405;3.282684811438143;5.0388347577189085;0;53.725610110000005;86.84366195
-0.0540430304884266;0.021162007424984742;-0.0672988681553992;0.010666910193414165;1.0121502358774233;0.015568070780438979;0.0002423648278247579;1.0203087690148382;0.046240706784668295;4.204801981052073;0.6233838456984593;0.38860741907780044;1.7304224405943884;-0.3207649137450283;2.653204207325423;4.333649969924934;0;53.72583326;86.84380574000001
-0.0326297542571632;0.022214567326581072;-0.0723972672580809;0.009982104724916485;1.005485998214337;0.01489484003846208;0.00022185625977137307;1.0203087690148382;0.046240706784668295;4.14324129735196;0.5925228157885452;0.35108328722998616;1.668861756894275;-0.3207649137450283;1.9882816495151592;3.648915684487999;0;53.72605585;86.84395153
-0.0295707147955541;0.02569489738987101;-0.0662791883348628;0.013999312296301109;0.982596299829827;0.01431323404628449;0.00020486866886371748;1.0305916607656787;0.04799536093585166;4.14324129735196;0.8252757196121652;0.681080013381377;2.4990307098006594;-0.3207649137450283;1.33196104639867;3.1935174519398353;0;53.72628012;86.84409644
-0.0122361578464362;0.02792694356710772;-0.0438462322830631;0.014484798204448961;1.0156021250286105;0.014250415931882735;0.00020307435423165727;1.0305916607656787;0.04799536093585166;4.14324129735196;0.8521679154766489;0.726190156167817;2.4990307098006594;-0.3207649137450283;0.7444781936933349;2.59973801538125;0;53.72651106000001;86.84424546
0.0254919955134087;0.028119672693602524;-0.0713775874375446;0.014862316786700282;0.9879224129532541;0.013707892331222549;0.00018790631216438996;1.0305916607656787;0.04799536093585166;4.14324129735196;0.8738304565201341;0.763579666742186;2.4990307098006594;-0.3207649137450283;0.3381556461448483;1.8157361868220698;0;53.726746819999995;86.84439929999999
0.0091771183848271;0.02873978020589824;-0.0683185479759355;0.014899581325227538;1.0036954559053788;0.016961815055154233;0.00028770316996525676;1.0305916607656787;0.05612873043442135;4.14324129735196;0.8808437438728492;0.7758857011199377;2.4990307098006594;-0.3207649137450283;0.16706343752922576;1.1388424664494488;0;53.72699257000001;86.84456569
0.0244723156928724;0.026772070787327993;-0.0295707147955541;0.014701710192762093;1.0305916607656787;0.016988107028234594;0.00028859578040275365;1.0305916607656787;0.05612873043442135;4.14324129735196;0.8708850122845024;0.7584407046217779;2.4990307098006594;-0.3207649137450283;0.131523339260827;0.8444167991194449;0;53.727234440000004;86.84473076
-0.0479249515652085;0.025908697808760563;-0.0448659121035994;0.01384371575364298;1.0024578058556686;0.017178958686494685;0.00029511662155229124;1.0305916607656787;0.05612873043442135;4.14324129735196;0.8271111374157348;0.6841128336371506;2.4990307098006594;-0.3207649137450283;0.1428245273242372;0.8444167991194449;0;53.72747308;86.84490027999999
-0.0285510349750178;0.027123611005391995;-0.0458855919241358;0.013431591350644465;1.0139832720728565;0.016721242983816817;0.0002795999669238431;1.0305916607656787;0.05612873043442135;4.14324129735196;0.8000196722956306;0.6400314760600082;2.4990307098006594;-0.3207649137450283;0.12308989023500902;0.8444167991194449;0;53.72771114;86.84506922
-0.0356887937187723;0.02713532153628191;-0.0632201488732537;0.012826637266685476;0.9744629303312573;0.016314143729658795;0.0002661512856319654;1.0305916607656787;0.05612873043442135;4.14324129735196;0.7627045792149343;0.58171827515543;2.4990307098006594;-0.3207649137450283;0.09082118865692307;0.8444167991194449;0;53.72795181;86.84523564999999
0.0081574385642908;0.02589085557965679;-0.0642398286937901;0.013906578665224684;1.0125754344492417;0.015642325331850625;0.0002446823417874558;1.0305916607656787;0.05612873043442135;4.470144477363099;0.8113845043487808;0.6583448138973167;2.8259338898117985;-0.4593803342206027;0.047016187113969876;0.7058013786438706;1;53.728190170000005;86.84539464999999
-0.0010196798205363;0.025019469752438663;-0.0622004690527174;0.014706424294056645;0.9940968340443068;0.015648298680615298;0.00024486925159774653;1.0305916607656787;0.05612873043442135;4.470144477363099;0.8552507880274188;0.731453910421521;2.8259338898117985;-0.8347441770592081;0.016256599317814476;0.33043753580526514;0;53.72842711;86.84555223
-0.040787192821454;0.02059343754388205;-0.0591414295911083;0.015477651441631712;0.9866101786672629;0.01409199306368084;0.00019858426850682893;1.0214387806327243;0.046975850301467004;5.384450716670616;0.8643261436213936;0.7470596825474298;2.8192690528069293;-0.6796973179493346;0.028253907434973215;0.4854843949151386;0;53.728659519999994;86.84570527999999
-0.0132558376669725;0.023222447710871365;-0.0550627103089629;0.01631487712858163;1.0100524404634517;0.014264558195778794;0.00020347762052075997;1.0214387806327243;0.046975850301467004;5.384450716670616;0.9083093340305559;0.8250258462870319;2.7907699722149313;-0.3006462729806387;0.07506351924617491;0.8645354398838345;0;53.72888262;86.84585158
-0.0438462322830631;0.023179873996745055;-0.078515346181299;0.01813546419239545;1.0073868975379157;0.0151865798863966;0.00023063220864590577;1.0225339885473512;0.04807105821609392;6.067735744155679;0.9888544578384516;0.977833138786978;2.942724104414751;0.2405305565267315;0.19644695110599958;1.3867185469241894;0;53.72908717;86.84598957
-0.0397675130009177;0.0279796377148379;-0.07545630671969;0.02399680211225122;1.0049517570608906;0.012487041652564456;0.00015592620923287966;1.0225339885473512;0.035923809880088364;7.466041436645152;1.3758106574865987;1.8928549652537068;4.341029796904223;0.7847909872266772;0.4124454365697196;1.9256878578634828;0;53.7292693;86.84611537999999
-0.0520036708473539;0.032249406231103686;-0.095849903130417;0.02889212784694363;1.0214387806327243;0.01228597080692752;0.00015094507866867527;1.0225339885473512;0.035923809880088364;7.950920517360362;1.6592317270067634;2.7530499239058464;4.825908877619433;1.3356448160153565;0.7212231433623292;2.452699983915018;0;53.72944122;86.8462361
0.0122361578464362;0.03537438325557095;-0.0938105434893443;0.029050238851139824;1.0098455100745551;0.011747985205847982;0.00013801515639682305;1.0225339885473512;0.035923809880088364;7.950920517360362;1.669871723708213;2.788471573640239;4.825908877619433;1.621497268281384;0.9982167038951759;2.694721557199202;0;53.72960363;86.84635499000001
-0.0193739165901906;0.034094531451617095;-0.1080860609768532;0.026442080170821166;1.0225339885473512;0.009536353095521005;9.094203036245307e-05;1.0225339885473512;0.03376155514084833;7.950920517360362;1.5314126402391128;2.3452246746841308;4.825908877619433;1.843507448647184;1.1961093140364232;2.742024512400269;0;53.72975367;86.84646919
0.0305903946160905;0.03619647931179264;-0.1284796573875803;0.020888647113586047;0.9887724334065029;0.009589124883835768;9.195131603779831e-05;1.0225339885473512;0.03376155514084833;7.950920517360362;1.2188922070146027;1.485698212320929;3.6448426568386045;1.9355173785793465;1.2912909805439248;2.791234111409322;1;53.72988947;86.84658963
0.0387478331803813;0.0361189982399313;-0.1386764555929438;0.018767834286996795;1.002542333904956;0.0108852813925407;0.0001184893509947928;1.0225339885473512;0.03376155514084833;7.950920517360362;1.1069658486646612;1.2253733901098736;3.6448426568386045;2.098818230616068;1.2758346992582683;2.9545349634460436;0;53.73001213;86.84671741000001
0.0336494340776996;0.03532094624312507;-0.1244009381054349;0.014281990177702151;1.0095844702257353;0.01190523793773322;0.00014173469035404232;1.022539581116964;0.033767147710461076;7.950920517360362;0.8600233743434151;0.7396402044170339;2.6206903029453468;2.200960130503489;1.083850408633058;2.8806574484528236;0;53.73012368;86.84686736
0.0122361578464362;0.024392167907844167;-0.1142041399000713;0.013508780110858536;1.011943734462686;0.011390629039925377;0.0001297464299251913;1.022539581116964;0.033767147710461076;7.950920517360362;0.8012232284202254;0.6419586617601287;2.6206903029453468;2.200960130503489;0.7670077129258775;2.5016064034841277;0;53.73021879;86.84702647
0.0367084735393086;0.023965729858953806;-0.1040073416947078;0.022141640256778748;1.0053546622377765;0.012695055367935406;0.00016116443079494558;1.022539581116964;0.03471189393319907;7.950920517360362;1.2658841279491544;1.602462625393591;4.637050633786508;2.263300397658426;0.45831923685914966;2.0227698411316943;0;53.730301569999995;86.84719885
0.0550627103089629;0.025696470984984794;-0.119302539002753;0.029076473986397885;0.9922198561204495;0.010967429084974337;0.00012028450073394104;1.022539581116964;0.03471189393319907;7.950920517360362;1.6605982713381988;2.757586618771414;4.967783912607349;2.263300397658426;0.22908804990440668;1.4785094104317487;1;53.730381460000004;86.84739393999999
0.0672988681553992;0.025380948437121593;-0.1172631793616804;0.028568024583766293;1.022539581116964;0.012301719331141459;0.00015133229850217944;1.022539581116964;0.04208363051579711;7.950920517360362;1.6130980956742655;2.6020854662679422;4.967783912607349;2.263300397658426;0.09096190065823559;0.9276555816430694;1;53.73046614;86.84761686
0.0418068726419904;0.02716617055676778;-0.1019679820536351;0.025558527772831338;0.9982504001120128;0.012339019449045922;0.0001522514009639335;1.022539581116964;0.04208363051579711;7.077971174236951;1.4368746292844523;2.0646087002813323;4.094834569483938;2.263300397658426;0.041444682635112036;0.6418031293770419;1;53.73056242;86.8478565
0.0479249515652085;0.03035229804534345;-0.0571020699500356;0.02497903393926733;0.9878276871837649;0.011988688325261605;0.00014372864776026392;1.022539581116964;0.04208363051579711;6.905838891313596;1.4119104916565213;1.9934912364497595;3.9227022865605834;2.263300397658426;0.024158030907007286;0.41979294901124176;1;53.73066392;86.84809111999999
0.1070663811563169;0.03501148203529191;-0.0520036708473539;0.027525060114921802;0.9992628128350965;0.011291563941305491;0.0001274994162405904;1.022539581116964;0.04208363051579711;7.830062304348139;1.5725999372572221;2.473070562661419;4.846925699595126;2.263300397658426;0.0429188133503034;0.6723702636254447;1;53.73076881000001;86.84831633
0.0622004690527174;0.038925719745242435;-0.0846334251045171;0.029630428837662807;0.9804559506011669;0.011113475241397863;0.00012350933194116328;1.022539581116964;0.04208363051579711;7.830062304348139;1.6929292954555675;2.866009599411684;4.846925699595126;2.263300397658426;0.08388402914437229;0.8632370235318805;1;53.73088413000001;86.84852637
0.0183542367696543;0.041791118521971635;-0.0876924645661262;0.030115388000130413;1.0043100854908427;0.010945355185518557;0.00011980080013715797;1.022539581116964;0.04208363051579711;7.830062304348139;1.7165339598176332;2.9464888352072043;4.846925699595126;2.263300397658426;0.1343463439688013;1.012102211798583;1;53.73100385;86.84871521
0.0040787192821454;0.040655128751911504;-0.1193025390027531;0.02966257770020249;0.9987977249126542;0.007255767158670576;5.264615706084247e-05;1.0043100854908427;0.023854134889675804;7.830062304348139;1.6990184064888596;2.8866635455879437;4.846925699595126;2.263300397658426;0.18452491316539393;1.1792311980953407;0;53.73113021;86.84886716999999
-0.0173345569491179;0.0402312186047164;-0.1356174161313347;0.030003355558990658;0.9954639588867898;0.00754397248720145;5.6911520887652426e-05;1.0043100854908427;0.023854134889675804;7.830062304348139;1.7172199645953632;2.9488444068049007;4.846925699595126;2.263300397658426;0.24416944885098907;1.409721978835277;0;53.73126657;86.84900096999999
-0.0112164780258998;0.039258040938789165;-0.1325583766697257;0.026944126804036732;1.0020381715530635;0.00727893219197641;5.29828538553905e-05;1.0043100854908427;0.023854134889675804;7.830062304348139;1.546836830674314;2.392704180730557;4.846925699595126;2.2140530420222007;0.27425746002344603;1.4964133326191211;0;53.73141370999999;86.84910971000001
-0.0163148771285816;0.026490096401909486;-0.1254206179259712;0.022131202486785243;1.001189028736053;0.008175250907348977;6.683472739811028e-05;1.0043100854908427;0.023854134889675804;7.830062304348139;1.260428835263545;1.5886808487638169;3.0809989308422976;2.093507162250837;0.2949031220262583;1.585509264236677;0;53.731571880000004;86.8491834
-0.0010196798205363;0.021896356269153094;-0.1060467013357805;0.0228068133252814;0.9998281722551061;0.006108805188557628;3.73175008317486e-05;1.0043100854908427;0.019015999292934183;7.830062304348139;1.3090375929925449;1.7135794198677152;3.326619464501638;1.921982380768352;0.2893654019976607;1.491460075742526;0;53.731731919999994;86.84920776
0.0132558376669725;0.022315229465042448;-0.0856531049250535;0.02315668701125789;0.9898323568339005;0.009511030905363212;9.045970888277416e-05;1.0213878831701626;0.03609379697225412;7.830062304348139;1.3377415612283226;1.78955248463759;3.326619464501638;1.8808238310631624;0.2621861989009783;1.4627936718713133;0;53.73188637;86.84919581
0.0295707147955541;0.022253017943200597;-0.0836137452839808;0.022481569913785786;1.00321415625039;0.011179729182108716;0.00012498634458529321;1.0213878831701626;0.03609379697225412;7.830062304348139;1.3005842957065943;1.691519510238618;3.326619464501638;1.5909301340329811;0.206739765038152;1.2855931482131755;0;53.73203753;86.84916265000001
0.0438462322830631;0.019766481558816607;-0.0815743856429081;0.020780797889443314;0.9852940861979085;0.011118551051215293;0.0001236221774784807;1.0213878831701626;0.03609379697225412;7.601870483482181;1.1876895521539828;1.4106064722957283;3.09842764363568;1.4000633741265454;0.14710990310748662;1.0947263883067397;0;53.73218663;86.84911463
0.0356887937187723;0.01976648155881661;-0.078515346181299;0.019626003896988323;0.9999534754410632;0.011233758557775595;0.00012619733133439643;1.0213878831701626;0.03609379697225412;7.196444433575037;1.113834568455632;1.2406274458867437;2.6930015937285354;1.2511981858598429;0.09466729399493681;0.9458612000400374;0;53.73232552;86.84904872
0.0254919955134087;0.020325788270329354;-0.0836137452839808;0.020098013136904295;1.0213878831701626;0.012082457518681157;0.0001459857796907348;1.0213878831701626;0.03609379697225412;7.460521711127008;1.1562930186293774;1.3370135449310379;2.9570788712805065;1.0840691995630851;0.053549340518046704;0.7787322137432796;0;53.73246073;86.84897400999999
0.0163148771285816;0.019877509617131837;-0.0978892627714897;0.02206323661975371;1.0184085069575544;0.012535289447509802;0.00015713348153285057;1.0213878831701626;0.03609379697225412;7.460521711127008;1.2580818729606005;1.5827699990720523;2.9570788712805065;0.8535784188231489;0.02532719782130221;0.5482414330033434;0;53.732587699999996;86.84888594
0.0173345569491179;0.019914671470491724;-0.1244009381054349;0.02133923492471584;1.0081606924174737;0.01230800997496748;0.000151487109543899;1.0213878831701626;0.03609379697225412;7.460521711127008;1.2238009109944443;1.497688669750832;2.9570788712805065;0.7176397094030796;0.018238482714245337;0.43077063443700886;0;53.732705880000005;86.84877884
-0.0112164780258998;0.019526565348901702;-0.1254206179259712;0.02013591552983321;1.0082003978623415;0.01286032618583125;0.00016538798960597694;1.0213878831701626;0.03609379697225412;7.460521711127008;1.1560713665084328;1.3365010044606749;2.9570788712805065;0.6437585875293438;0.02314541953087358;0.5238551643465967;0;53.7328123;86.84864718
-0.0193739165901906;0.016373192066223962;-0.1284796573875803;0.01844872307943383;0.9894998407400615;0.010920116111183906;0.00011924893588173832;1.0213878831701626;0.03188804243010113;7.460521711127008;1.0756969244116226;1.157123873188624;2.9570788712805065;0.6437585875293438;0.057751932121034716;0.8223786540754887;0;53.73290376999999;86.84849289
0.0050983991026817;0.014037221847404337;-0.1284796573875803;0.015308032335317478;1.0135930290925297;0.010886075054120996;0.00011850663008395546;1.0213878831701626;0.03188804243010113;7.460521711127008;0.9044515552825177;0.8180326158529653;2.7648699933717165;0.6437585875293438;0.11528532478390814;1.0576196889146783;0;53.732978290000005;86.84832165
0.0112164780258998;0.014720165133164733;-0.1060467013357805;0.013244503045261717;0.9917800337087375;0.009868009920194298;9.737761978505307e-05;1.0184085069575544;0.028908666217492884;7.74680884788675;0.780245505716306;0.6087830491904942;2.231031948391939;0.6437585875293438;0.17756611944778614;1.1927044731341656;0;53.73303759;86.84813519
0.0040787192821454;0.014995419437750198;-0.1040073416947078;0.011458487360074618;1.0158493363353225;0.008624652942292269;7.438463837499068e-05;1.0158493363353225;0.026349495595261008;7.74680884788675;0.6644558452961915;0.44150157034827636;1.8969487910354657;0.6437585875293438;0.26031112611484447;1.4030173989400918;0;53.733085419999995;86.84791934
0.0020393596410727;0.013653390529622958;-0.1172631793616804;0.016398221343879277;1.002094202118014;0.00842754307612396;7.10234822999249e-05;1.0158493363353225;0.026349495595261008;7.74680884788675;0.9483443736832443;0.8993570510966649;3.13803570717237;0.6437585875293438;0.31402983282992486;1.503323284962252;0;53.73312358;86.84769381999999
-0.0081574385642908;0.01846593577827047;-0.1019679820536351;0.017714929604594216;1.0004508937798018;0.008351916603318873;6.975451094879347e-05;1.0158493363353225;0.026349495595261008;7.74680884788675;1.0308370509584375;1.062625025628688;3.13803570717237;0.5539438755742809;0.29922949457250186;1.413508573007189;0;53.73315386;86.84745786
-0.0254919955134087;0.017792041230887398;-0.1345977363107984;0.018532445024426376;0.9985310635741477;0.008185038178854758;6.699484998931002e-05;1.0158493363353225;0.025341260173137647;7.74680884788675;1.0566235372815755;1.116453299537429;3.13803570717237;0.4833991468869785;0.2473857978571838;1.3429638443198866;0;53.73317701;86.84720965
0.0183542367696543;0.018939407074071164;-0.1172631793616804;0.01999341106650708;1.0012477029513005;0.007234256200828515;5.233446277922582e-05;1.0158493363353225;0.025341260173137647;7.74680884788675;1.1539441552509984;1.3315871134379402;3.7870953357929538;0.2868690749660708;0.1702395283681122;1.1464337723989788;0;53.73319445999999;86.84695062
0.0010196798205363;0.01944266771425953;-0.0805547058223717;0.021542102107427533;1.0025283328187353;0.0064666458383859;4.181750839911368e-05;1.0158493363353225;0.025341260173137647;7.74680884788675;1.2419376619359797;1.542409156135008;3.7870953357929538;0.119903423182747;0.10111075860800092;0.979468120615655;0;53.733206949999996;86.84667639
-0.0418068726419904;0.019051010400217068;-0.0887121443866625;0.02176617715508746;1.0071314147605288;0.004705589303079009;2.2142570689251595e-05;1.0071314147605288;0.016623338598343973;7.74680884788675;1.2567393590620326;1.5793938166156485;3.7870953357929538;-0.1786200665461449;0.04457273802677553;0.6809446308867632;0;53.73321707;86.84639211
-0.0040787192821454;0.01856358782555695;-0.0825940654634444;0.02049418335368119;0.9905080761621848;0.0047806766372190754;2.285486910965229e-05;1.0071314147605288;0.016623338598343973;7.74680884788675;1.1844995608587692;1.4030392096746171;3.7870953357929538;-0.4138611013853345;0.02063190439677914;0.4558200348882778;0;53.73322581;86.84610389
-0.0275313551544814;0.018456236049404443;-0.0693382277964719;0.020358443809390774;1.0041009361893427;0.0061554450619760465;3.788950391100529e-05;1.0128475089204527;0.022339432758267885;7.74680884788675;1.1794761276797945;1.3911639357665226;3.7870953357929538;-0.5489458856048217;0.012567414972948486;0.37517743344321985;0;53.7332339;86.84580989999999
-0.0336494340776996;0.018598405852540387;-0.0734169470786173;0.012833390616948895;1.0055935361605377;0.00689328932161957;4.7517437671554387e-05;1.0128475089204527;0.022339432758267885;6.725748485467884;0.7397872204970208;0.5472851316107078;2.766034973374088;-0.6539229607619168;0.013254288136537111;0.3903999844981707;0;53.73324116;86.84551508
-0.0010196798205363;0.015488097719645884;-0.0836137452839808;0.009066935780005324;0.9976982156800724;0.007112714653948978;5.059070974850054e-05;1.0128475089204527;0.022339432758267885;5.926227689640331;0.5275188672674442;0.27827615532312744;1.9665141775465353;-0.6539229607619168;0.01863562935299124;0.4076021184421068;0;53.733250840000004;86.84523036
-0.0214132762312633;0.014412837512120405;-0.0836137452839808;0.012505116522284782;0.9979274614034932;0.008148920489602744;6.640490514586743e-05;1.0128475089204527;0.022546772324427256;6.444093770767179;0.7406572271337308;0.548573128105427;2.4843802586733825;-0.6539229607619168;0.018836952030936483;0.4076021184421068;0;53.73326073;86.84494329
-0.0122361578464362;0.012817627264683678;-0.0815743856429081;0.013437180949860694;1.0128475089204527;0.008235893967506448;6.78299494440091e-05;1.0128475089204527;0.022546772324427256;6.444093770767179;0.7978641471509339;0.6365871973088871;2.4843802586733825;-0.6539229607619168;0.018835004647943507;0.4076021184421068;0;53.73326859;86.84465674999998
-0.0275313551544814;0.0158366193932163;-0.0876924645661262;0.01364831271731231;1.012643203228895;0.009603158541457161;9.222065397236162e-05;1.020407612199281;0.030106875603255423;6.444093770767179;0.8047648241897783;0.6476464222532048;2.4843802586733825;-0.6539229607619168;0.018517100553265244;0.4076021184421068;0;53.73327567;86.84437199
-0.0010196798205363;0.01796746701711917;-0.1029876618741715;0.011782095261639385;0.9974798622552963;0.009653548664215875;9.31910018123841e-05;1.020407612199281;0.030106875603255423;6.444093770767179;0.7005606987170138;0.4907852925868705;2.2572856950390614;-0.5579809355386295;0.025945954422009046;0.5035441436653941;0;53.73328167;86.84408871000001
-0.0101967982053635;0.016124344880364756;-0.1111451004384623;0.012745317952028755;0.9903007365960255;0.010458077549782148;0.00010937138603725738;1.020407612199281;0.030920380903124434;6.444093770767179;0.7419854838534278;0.5505424582492053;2.4849914451190918;-0.4217480941341571;0.040767485112322616;0.6397769850698665;0;53.733286989999996;86.84378426999999
-0.0316100744366268;0.017366184822156728;-0.1019679820536351;0.016489553560199956;0.9938201493869773;0.010710987303142122;0.00011472524900807174;1.020407612199281;0.030920380903124434;6.444093770767179;0.9498207243412924;0.9021594083882173;3.0897012835139823;-0.4217480941341571;0.052963701657293534;0.6397769850698665;0;53.73329211;86.84348475
0.0142755174875089;0.01794559234010093;-0.0978892627714897;0.01822823257052414;1.020407612199281;0.015183860490382235;0.00023054961939139064;1.0353250654633486;0.045837834167192115;6.444093770767179;1.0671834325882323;1.1388804787908022;3.0897012835139823;-0.3895963326756043;0.06721512204013694;0.6719287465284194;0;53.73329562;86.8431785
0.0163148771285816;0.019044945324007124;-0.095849903130417;0.018465935778270628;0.9999456769458103;0.014935555415627461;0.0002230708155732788;1.0353250654633486;0.045837834167192115;6.444093770767179;1.0800210407843447;1.1664454485368994;3.0897012835139823;-0.3895963326756043;0.072308517541285;0.6719287465284194;0;53.73329982;86.84286782000001
-0.0122361578464362;0.01856109832437894;-0.0683185479759355;0.018907355770305515;0.9894872312961565;0.01548059056868023;0.0002396486843551113;1.0353250654633486;0.048428279075199976;6.444093770767179;1.101025807753175;1.2122578293385315;3.0897012835139823;-0.3895963326756043;0.057425372422938104;0.6719287465284194;0;53.73331026999999;86.84249171
-0.0316100744366268;0.01835549559046218;-0.058121749770572;0.018140241250593228;0.9933345882282396;0.015683296670684226;0.00024596579446069494;1.0353250654633486;0.048428279075199976;6.444093770767179;1.0532560031419718;1.1093482081546011;3.0897012835139823;-0.3895963326756043;0.035764738939664475;0.5017718626202423;0;53.7333251;86.8421251
-0.0285510349750178;0.018591882439315078;-0.0642398286937901;0.015005046574653087;1.0353250654633486;0.0172166546332559;0.0002964131967608119;1.0353250654633486;0.0586032576525376;5.8890277467626015;0.8573266247238907;0.7350089414604589;2.5346352595094053;-0.3895963326756043;0.024424394778391055;0.47332794442427223;0;53.73334808;86.84175128
-0.0326297542571632;0.023968862996415635;-0.0764759865402263;0.012538791390272978;1.0068040956610482;0.01717628040003705;0.00029502460838069696;1.0353250654633486;0.0586032576525376;5.504937400006918;0.7066344875341024;0.49933229897258347;2.150544912753722;-0.3895963326756043;0.012812785058925214;0.3889000682681005;0;53.733381800000004;86.84137028
-0.0183542367696543;0.0249862016239951;-0.0734169470786173;0.01110832371981822;0.9868967863881486;0.0157717565279917;0.00024874830397824885;1.0353250654633486;0.0586032576525376;5.50053863975971;0.6515094205313968;0.4244645250411565;2.1461461525065135;-0.3895963326756043;0.006748820173864765;0.2466431202075296;0;53.73342637;86.84098989
-0.0040787192821454;0.024829663098235297;-0.0723972672580809;0.011326149675216111;0.992760817885286;0.016145661125610167;0.0002606823731830393;1.0353250654633486;0.0586032576525376;5.177023359928441;0.6733165750206842;0.45335521019758473;2.4546383553766895;-0.3895963326756043;0.006824276001825368;0.2466431202075296;0;53.733488310000006;86.84060382999999
-0.0040787192821454;0.025358862896929138;-0.07545630671969;0.011742808405799382;0.976721807810811;0.015823755571224285;0.0002503912403778516;1.0353250654633486;0.0586032576525376;5.177023359928441;0.6964406099143478;0.4850295231378687;2.4546383553766895;-0.3895963326756043;0.006226139496679981;0.2466431202075296;0;53.73356561000001;86.84025617
0.040787192821454;0.02525409309497301;-0.0734169470786173;0.01229749176518361;1.005349620455791;0.01567078329427862;0.00024557344905624186;1.0353250654633486;0.0586032576525376;5.177023359928441;0.7304450107493847;0.5335499137286688;2.4546383553766895;-0.3895963326756043;0.0063861972211594975;0.2466431202075296;0;53.73365335000001;86.83992151
0.023452635872336;0.025883045736848985;-0.0897318242071989;0.022826117294981244;0.9944434964721492;0.010377830329544901;0.00010769936234882204;1.009016333688469;0.03229452587765802;5.177023359928441;1.3241868779757198;1.7534708878030836;4.7129053278350925;-0.4134781923516081;0.0036500475551431563;0.22276126053152578;0;53.733746159999995;86.83960728000001
-0.0295707147955541;0.025072975556171575;-0.0479249515652085;0.023678696063606203;1.009016333688469;0.010025987458849406;0.00010052042452500558;1.009016333688469;0.03229452587765802;5.177023359928441;1.3757068209913588;1.8925692573221506;4.7129053278350925;-0.4280285634432424;0.003215744663624778;0.20821088943989147;0;53.73383782;86.83932261999999
0.0071377587437544;0.025025240963607854;-0.0601611094116447;0.024543083479442934;0.9970497903225835;0.009603123002992509;9.221997141060387e-05;1.009016333688469;0.03229452587765802;5.177023359928441;1.4240682925489234;2.0279705018432064;4.7129053278350925;-0.4280285634432424;0.003764168278679567;0.20821088943989147;0;53.73392263000001;86.83912583000001
-0.0305903946160905;0.025300996397410177;-0.0535331905781584;0.024534138305978167;1.0022043086146613;0.010116607804943964;0.00010234575347905311;1.0099846587010548;0.033262850890243834;5.177023359928441;1.4244425657166524;2.0290366230254397;4.7129053278350925;-0.4280285634432424;0.003754411028842046;0.20821088943989147;0;53.734000295;86.838952615
-0.0346691138982359;0.025356584943321343;-0.0081574385642908;0.02317278635285215;1.0070539829408764;0.006406381428170779;4.1041723003211475e-05;1.0099846587010548;0.018408421772307393;5.177023359928441;1.3351908276808024;1.7827345463229465;4.7129053278350925;-0.4280285634432424;0.007864430919953758;0.32264552763226745;0;53.73406934;86.83880918000001
-0.023452635872336;0.020112737510536337;-0.0367084735393086;0.027375246169398525;0.9915762369287474;0.006365142214083469;4.05150354055074e-05;1.0099846587010548;0.018408421772307393;5.652244296362468;1.5739094414690307;2.477190929945356;5.18812626426912;-0.4280285634432424;0.03883575257967944;0.699972393934948;1;53.734127920000006;86.83868600000001
-0.0173345569491179;0.016059822294597813;-0.0316100744366268;0.02689403513078122;1.002483865109317;0.005687126412236277;3.234340682875547e-05;1.0099846587010548;0.018408421772307393;5.652244296362468;1.5390735539574079;2.3687474044910863;5.18812626426912;-0.4280285634432424;0.055512275636856276;0.699972393934948;1;53.734174949999996;86.83855894999999
-0.0198837565004588;0.015765791122121956;-0.0336494340776995;0.027114465291382343;1.0099846587010548;0.010279593129542755;0.00010567003490894261;1.030607298341511;0.03903106141276369;5.652244296362468;1.5541790820619525;2.4154726191189333;5.18812626426912;-0.4280285634432424;0.06279612875603856;0.699972393934948;1;53.73420506;86.83843034
-0.0168247170388497;0.014482504988678889;-0.0390027531355154;0.027615164967528714;1.0078293552547581;0.010498218323357001;0.0001102125879648687;1.030607298341511;0.03903106141276369;5.652244296362468;1.577669577514342;2.4890412958142822;5.18812626426912;-0.4280285634432424;0.06925712524404144;0.699972393934948;1;53.73422168999999;86.83827545
0.0127459977567043;0.015202484226671087;-0.0989089425920261;0.029107163386968043;1.0042501665973147;0.011550069288994415;0.00013340410058057195;1.030607298341511;0.03903106141276369;5.652244296362468;1.6548045577385384;2.7383781243122396;5.18812626426912;-0.4280285634432424;0.06741915378663066;0.699972393934948;0;53.73422856;86.83809288
-0.0040787192821454;0.013821270053498903;-0.0866727847455898;0.02476107042491399;1.003046242849145;0.011506722408222885;0.00013240466057989867;1.030607298341511;0.03903106141276369;5.652244296362468;1.409034298617978;1.9853776546818576;3.8453083730196616;-0.4280285634432424;0.07227930766436422;0.699972393934948;0;53.73423325;86.83788253
-0.0020393596410727;0.013174536876789149;-0.0387478331803813;0.02417082433933222;1.030607298341511;0.009420505083087862;8.874591602048426e-05;1.030607298341511;0.028123433232194017;5.652244296362468;1.3795382596712198;1.9031258098966977;3.8453083730196616;-0.2839123447162013;0.08507611805167728;0.8440886126619891;0;53.73424292;86.83763876
-0.0254919955134087;0.014316327275306767;-0.0683185479759355;0.022715213307634572;1.018215528609514;0.010061066101369235;0.00010122505109612113;1.030607298341511;0.03276996590539616;5.652244296362468;1.2980003438421954;1.6848048926144576;3.7429802354324235;0.0056745340609644;0.13767736679162984;1.1336754914391547;0;53.73426431;86.83736575
0.0071377587437544;0.014704165642440255;-0.078515346181299;0.021241307133256112;1.024756405360943;0.014662232542008342;0.0002149810631159284;1.030607298341511;0.05217097748245725;5.652244296362468;1.2105269028463808;1.4653753825148508;3.4975820173273715;0.0675866404195281;0.19624463947572235;1.1955875977977184;0;53.734302055;86.837063015
-0.0244723156928724;0.015304635875625269;-0.0509839910268175;0.02247514554335494;1.011065890014543;0.014795056949458443;0.0002188937101377186;1.030607298341511;0.05217097748245725;5.652244296362468;1.2823805425535468;1.6444998559199289;3.983316080104472;0.1011254240817846;0.24756339877077357;1.229126381459975;0;53.73436083;86.83673010999999
-0.0076475986540226;0.01352341752503937;-0.0448659121035994;0.020125657346679208;1.0125457841818772;0.01597651927162712;0.00025524916803667283;1.030607298341511;0.05217097748245725;4.9570849837632025;1.1459520147519666;1.3132060201140914;3.567510057549976;0.1011254240817846;0.23871236763818157;1.1341732696752707;0;53.73444284999999;86.83637181
-0.0285510349750178;0.013151827531922795;-0.0489446313857448;0.024625027229578583;0.9978373324361149;0.01565637119333978;0.00024512195894363966;1.030607298341511;0.05217097748245725;4.394225824876913;1.391733902700707;1.9369232559265406;5.00057149916582;0.1011254240817846;0.21501615872890226;1.112684658418154;0;53.73454918;86.83599686
-0.0244723156928724;0.019772982621830346;-0.0499643112062812;0.028553058077587113;0.9784363208590539;0.014448006604399832;0.00020874489484078116;1.0301800802172327;0.051743759358178876;4.394225824876913;1.614412384094011;2.6063273459161085;5.00057149916582;0.1254881611526744;0.17715500847732643;1.1370473954890439;0;53.73467963;86.83561787
-0.0254919955134087;0.040441908024286294;-0.0295707147955541;0.03074653585896846;1.015332324772112;0.014684573153501853;0.00021563668870054734;1.0301800802172327;0.051743759358178876;4.394225824876913;1.741565683055167;3.0330510283954104;5.194631473033887;0.1254881611526744;0.1015178418715077;0.9546287526891801;0;53.734830190000004;86.83524107
0.0010196798205363;0.04115657039705455;-0.0249821556031406;0.025659128309856408;1.0301800802172327;0.016717584019871376;0.0002794776154614588;1.0394920619656807;0.061055741106626815;2.9271090488841525;1.468052458003945;2.1551780194514243;3.727514697041127;0.1254881611526744;0.037508868286855096;0.5783666698964149;0;53.73499077;86.83486660999999
-0.0173345569491179;0.04039832097754533;0.0107066381156316;0.029041687439395353;1.0117275563089074;0.016943570251213468;0.00028708457285780606;1.0394920619656807;0.061055741106626815;4.191238754020052;1.662850233111372;2.765070897758544;4.991644402177026;0.1554999943849321;0.015120833044555634;0.4394123391011334;0;53.73515108;86.83450212
0.0326297542571632;0.04181944403963;0.003059039461609;0.036666592420783246;1.0151105946169985;0.01720836068578725;0.0002961276774921482;1.0394920619656807;0.061055741106626815;5.599555178023175;2.100242801348145;4.411019824614704;6.399960826180149;0.158229738891036;0.002124223422297388;0.1525552048300716;0;53.7353045;86.83414098
0.1029876618741715;0.04090795938942216;0.0142755174875089;0.04037405084459272;1.0219237062574016;0.017490153694444496;0.00030590547625529045;1.0394920619656807;0.061055741106626815;5.599555178023175;2.3172277060445303;5.369544241660396;6.399960826180149;0.2011499619083175;0.002215305087899311;0.13818357302871248;1;53.73544224;86.8337872
-0.0239624757826042;0.041213934039794085;-0.0183542367696543;0.04135225469388429;1.0394920619656807;0.013737412049641743;0.00018871648982164214;1.0394920619656807;0.04454169775070149;5.599555178023175;2.370510393018006;5.619319523406382;6.399960826180149;0.2011499619083175;0.002300032531338691;0.13818357302871248;1;53.735559699999996;86.83343106
-0.0045885591924135;0.04092490037440724;-0.0734169470786173;0.041993200108015404;1.0045323882920907;0.013731187531314285;0.00018854551102012086;1.0394920619656807;0.04454169775070149;5.599555178023175;2.4043187957444085;5.780748871569844;6.399960826180149;0.2659399682836678;0.004267797366414924;0.2029735794040628;1;53.735649380000005;86.83305738
0.0367084735393086;0.04327603594770946;-0.0978892627714897;0.04165496592121713;1.0032189496617099;0.01246185972806372;0.00015529794788193634;1.0394920619656807;0.04454169775070149;5.599555178023175;2.383533068154966;5.681229886988225;6.399960826180149;0.2678643477536853;0.005295886321939132;0.2048979588740803;0;53.735710749999996;86.83267330999999
0.0336494340776995;0.04273879165811696;-0.0864178647904558;0.03743983614732043;0.9949503642149792;0.012900828266114415;0.00016643136995177666;1.0394920619656807;0.04454169775070149;5.599555178023175;2.145237020799761;4.602041875409834;6.399960826180149;0.2678643477536853;0.004738496714043619;0.2048979588740803;0;53.73574251;86.83227754999999
-0.0275313551544814;0.0423416170801569;-0.0662791883348628;0.03320064246831166;1.0018602018496483;0.01378178563173418;0.00018993761519907467;1.0394920619656807;0.04454169775070149;5.599555178023175;1.904887397557651;3.6285959973739605;6.399960826180149;0.2678643477536853;0.0070843902715967706;0.2588078160637502;0;53.73574374;86.83185638
-0.0224329560517997;0.024652457019023848;-0.0622004690527174;0.02557243746108199;1.0146987546887025;0.013319807295550743;0.00017741726639060678;1.0394920619656807;0.04454169775070149;5.599555178023175;1.4791169826758013;2.1877870484399664;4.587835134483774;0.2678643477536853;0.02315670957233358;0.5188002093562791;0;53.73571749;86.83141029
-0.0336494340776996;0.02378579102147547;-0.040787192821454;0.029635119385620606;1.011885166690142;0.008622216998185567;7.434262596380015e-05;1.022517719080012;0.027567354865032923;5.599555178023175;1.7029132594986653;2.899913569376369;5.7730029337854845;0.2678643477536853;0.05477474932819491;0.7066345301941981;0;53.73567429;86.83094469
-0.0071377587437544;0.024211521430997994;-0.0397675130009177;0.03100873037907159;1.022517719080012;0.016612252499001848;0.0002759669330905931;1.022517719080012;0.05966240500155395;5.599555178023175;1.776057160048402;3.1543790357591956;5.7730029337854845;0.2678643477536853;0.08787620226435269;0.7911845017966257;0;53.73562484;86.8304498
-0.0132558376669725;0.02035645757822195;-0.0438462322830631;0.02827465941580064;0.9972797063919752;0.01861146247286205;0.0003463865353787524;1.0299351729480315;0.06707985886957335;4.98278698695393;1.6191539356199753;2.621659467233655;5.156234742716239;0.2678643477536853;0.10121127092104681;0.7911845017966257;0;53.73557096999999;86.82993257000001
0.0081574385642908;0.018237103373885122;-0.0295707147955541;0.02313672262526223;1.0140258256273844;0.01946064630091417;0.0003787167544492844;1.0299351729480315;0.06707985886957335;3.7932371011201935;1.3125066395244136;1.7226736787956691;3.9666848568825026;0.2678643477536853;0.09587713386292179;0.7911845017966257;0;53.73551172;86.82936388
-0.0010196798205363;0.016936442196275294;0.003059039461609;0.01982367602105271;1.0105078468398434;0.019454684863520193;0.00037848476313888174;1.0299351729480315;0.06707985886957335;3.5144027168614085;1.1192009167861383;1.2526106921349325;3.6878504726237176;0.2678643477536853;0.09226094388501191;0.7911845017966257;0;53.73545068;86.82877036
-0.0173345569491179;0.017635188159576785;-0.0152951973080452;0.01566646229086887;0.9628553140784581;0.022118652944989426;0.0004892348081008894;1.0299351729480315;0.06707985886957335;2.519868891491996;0.8860491152019903;0.7850830345502298;2.693316647254305;0.2710364213863493;0.0926507581072323;0.7943565754292897;1;53.73538900999999;86.82815317
0.0101967982053635;0.015202009266294723;-0.0040787192821454;0.01510480506591694;1.0299351729480315;0.021809853506977166;0.0004756697099958042;1.0299351729480315;0.06707985886957335;2.519868891491996;0.8570601776497888;0.7345521481130876;2.693316647254305;0.5617046786089469;0.12370266682489597;1.0850248326518872;1;53.73532862;86.82752958
0.023452635872336;0.01877245042556332;-0.0193739165901906;0.01807164941907826;0.9854803229720641;0.020631951229765234;0.0004256774115474111;1.0299351729480315;0.06707985886957335;2.519868891491996;1.0342860660037558;1.0697476663295258;3.736747734357147;0.632779271814801;0.1679025036120113;1.1560994258577413;1;53.73526523;86.82690043
-0.0091771183848271;0.022457661958022436;-0.0214132762312634;0.01615977163981566;1.0087324031120237;0.02151406499950086;0.000462854992802748;1.0299351729480315;0.06707985886957335;1.6710791194289485;0.9233263127768407;0.8525314798660764;2.8879579622940996;0.632779271814801;0.1875760258395246;1.1560994258577413;0;53.73519746000001;86.8262797
0.0193739165901906;0.022394040567024796;-0.0183542367696543;0.014414440541544815;0.9700826746657824;0.021024342044740404;0.00044202295841423906;1.0299351729480315;0.06707985886957335;1.2163607641354974;0.829044681827339;0.6873150844661938;2.4332396070006483;0.632779271814801;0.18929067550370102;1.1560994258577413;0;53.73511389;86.82562269
-0.0193739165901906;0.02241260472293837;-0.0061180789232181;0.014163397977339637;1.001531679099304;0.0220738038420943;0.00048725281605925715;1.0299351729480315;0.06707985886957335;1.2163607641354974;0.8141765562036978;0.662883464671713;2.4332396070006483;0.632779271814801;0.1530339277370249;1.1560994258577413;0;53.73502767;86.82497839
0.0356887937187723;0.021618922282565282;0.0214132762312633;0.014495959983673312;1.0083030059908233;0.017636057896130316;0.00031103053811566044;1.0299351729480315;0.059852498282249145;1.2163607641354974;0.8312173360205362;0.6909222597010769;2.4332396070006483;0.632779271814801;0.09074312400616992;1.0531311573216087;1;53.7349402;86.82434307999999
-0.037728153359845;0.02487707638156855;0.0122361578464362;0.015831876961908103;1.0184131012344364;0.015800957990933645;0.0002496702734312498;1.0227617339156103;0.052679059249827964;1.2163607641354974;0.9099884924883447;0.8280790564612102;2.4332396070006483;0.632779271814801;0.03379077916077525;0.5489251931961165;0;53.73485201999999;86.82369682
-0.0050983991026817;0.029368037668442107;0.0020393596410727;0.016649914075877875;0.9982816467009591;0.015082570220352838;0.0002274839244518743;1.0227617339156103;0.052679059249827964;1.2163607641354974;0.9530068987552657;0.9082221490751292;2.7776648558657273;0.632779271814801;0.03477345596993147;0.5662526257681859;0;53.73475064;86.82302968
0.003059039461609;0.02863507533672022;-0.0061180789232181;0.0159062244434516;1.0227617339156103;0.014962855096860501;0.00022388703264964428;1.0227617339156103;0.052679059249827964;1.084116934888239;0.9132088948398156;0.8339504856145574;2.801204212625496;0.632779271814801;0.04157524846997642;0.6473620719345995;0;53.73463057;86.82238225
0.0081574385642908;0.02862478558188709;0.0101967982053635;0.026494729724737386;1.0044695066924818;0.01065681612636946;0.00011356772995124819;1.0227617339156103;0.0336560142767538;0.3500061840624642;1.5296733294421752;2.339900494806709;5.304426918565558;0.632779271814801;0.07798022171818701;0.9143758744139889;0;53.73448883;86.82178995000001
0.0418068726419904;0.031852370520955;0.0173345569491179;0.03545011074725044;0.9891057196388565;0.012228818024660061;0.0001495439902802508;1.0246041997997852;0.035498480160928714;0.3427408163817144;2.0102122267753;4.040953196676909;6.0542361507042575;0.632779271814801;0.10372041781979541;1.008324759279717;1;53.73432763000001;86.82124475
0.0571020699500356;0.03044578700826103;0.0275313551544814;0.037893184180889494;1.010453826306068;0.025540445878061566;0.000652314375650192;1.0246041997997852;0.08843816127513826;0.7489057887084734;2.1558278758811826;4.647593830426372;6.4604011230310165;0.444598656619724;0.12800208775555835;1.0385876322313097;1;53.7341543;86.82075397999999
0.0112164780258998;0.03387633746631718;0.0300805547058223;0.03785536061008823;1.0038784083794177;0.02538338881263399;0.0006443164276133524;1.0246041997997852;0.08843816127513826;0.7489057887084734;2.156672783914233;4.651237496876369;6.4604011230310165;0.4325395551499017;0.16346741469331996;1.170991719881639;1;53.733967910000004;86.82031159
0.0020393596410727;0.04028133247759976;0.0856531049250535;0.036711974587786446;0.991777412794132;0.027683211492566744;0.0007663601985421794;1.0246041997997852;0.08843816127513826;0.7489057887084734;2.0952007342736305;4.389866116900761;6.4604011230310165;0.29437181805142;0.19047521980490956;1.1852785016194338;1;53.733771680000004;86.81995408
-0.0418068726419904;0.040200947870388845;0.1019679820536351;0.033880429542458686;1.0246041997997852;0.027166524094244946;0.0007380200313631912;1.0246041997997852;0.08843816127513826;0.7489057887084734;1.9335199262561076;3.738499305229424;6.4604011230310165;0.2660833555320357;0.2544962886853213;1.4976875154391733;1;53.733548860000006;86.81962118
-0.0061180789232181;0.04137944106756813;-0.0122361578464362;0.034495776533872376;0.936166038524647;0.028957738179920433;0.0008385506004968215;1.0251560909998885;0.0889900524752415;0.7489057887084734;1.9692578427668472;3.8779764512987365;6.4604011230310165;0.2328552159380824;0.32063583058841383;1.7255108649717739;1;53.733300910000004;86.81932203
-0.0576119098603038;0.038686066487395344;0.0438462322830631;0.038310095962369735;0.9795325066528848;0.031123120244030595;0.0009686486137243871;1.0251560909998885;0.0889900524752415;1.0367460581098862;2.195336636005808;4.819502945389299;6.74824139243243;0.0665266460466151;0.3630469166180845;1.7541721994085249;0;53.73302829000001;86.81906477
-0.0672988681553992;0.030535395761974542;0.0438462322830631;0.03924262514721837;0.9608425148055943;0.030819035567753048;0.0009498129533264273;1.0251560909998885;0.0889900524752415;1.0367460581098862;2.2482217521491523;5.054501046836604;6.74824139243243;-0.0145828001197985;0.3767466797825574;1.7505125512736064;0;53.732744219999994;86.81888566
-0.0020393596410727;0.029494629277310263;0.0356887937187723;0.03998407735794679;1.0182681162817593;0.03295462274579933;0.0010860071603179544;1.028719490239956;0.09255345171530893;1.0367460581098862;2.291080516571752;5.249049933414687;6.74824139243243;-0.281596602599188;0.33815257505228774;1.4979252596572732;1;53.73244427000001;86.81871627
0.0275313551544814;0.030800641969109678;0.0040787192821454;0.03557758866051609;1.0251560909998885;0.033273838479810774;0.001107148327180536;1.028719490239956;0.09255345171530893;1.0367460581098862;2.027684463086013;4.111504281840413;6.74824139243243;-0.3755454874649161;0.2864017337967859;1.403976374791545;1;53.732140320000006;86.81854032
-0.0280411950647496;0.030910719160626994;-0.0173345569491179;0.02401220288132173;0.9580467128500584;0.03159876926153677;0.0009984822188438412;1.028719490239956;0.09255345171530893;1.0367460581098862;1.4042601063531621;1.971946446294994;3.652238952013559;-0.5939889756115858;0.21682145102984118;1.1855328866448755;1;53.73182432;86.81833952
-0.0173345569491179;0.030770620837273013;0.0071377587437544;0.025036087239069766;1.005579060568405;0.03291316018005615;0.0010832761130380338;1.028719490239956;0.09920932137390337;1.1943108102711184;1.4689361832394598;2.1577735104301117;3.8098037041747914;-0.7384521647317372;0.15689190368308215;1.07587142991394;1;53.731496619999994;86.81810142
-0.0418068726419904;0.02940695631572802;0.0081574385642908;0.026050330514346576;1.028719490239956;0.0327296010140582;0.00107122678253944;1.028719490239956;0.09920932137390337;1.5380536938968163;1.519178608913168;2.3079036457793483;4.15354658780049;-0.890906683568014;0.10802829938282375;1.1273103036567904;1;53.73117124;86.81781443999999
-0.0657693484245946;0.029113203140038943;0.0458855919241357;0.02401989956293255;1.0075810469217306;0.035651837747104585;0.0012710535347458711;1.049603746877816;0.12009357801176357;1.5380536938968163;1.379152969062889;1.9020629120749821;4.1482262021147145;-1.2316041599071377;0.06071093717233543;0.8783331097294034;1;53.73086183;86.81749223
-0.0132558376669725;0.02864415146252109;0.003059039461609;0.021822101110464384;0.9851046478148404;0.03644885657214478;0.0013285191454167817;1.049603746877816;0.12009357801176357;1.5380536938968163;1.2556445686471063;1.5766432827729775;4.1482262021147145;-1.4926556490336915;0.06805407878180447;0.9219947186158872;1;53.73057391;86.81714287
-0.0509839910268175;0.02231264078140739;-0.0193739165901906;0.02275508677926087;0.9295101688660525;0.03617405271827409;0.0013085620900644733;1.049603746877816;0.12009357801176357;1.5380536938968163;1.3100506410439385;1.7162326820996345;4.1482262021147145;-1.6876455533619097;0.09703453610641039;0.8786886962862412;1;53.73030433;86.81676065
-0.0254919955134087;0.022057017760238173;-0.0265116753339451;0.02171303569745749;0.9877350576475548;0.03683379091830446;0.001356728153413368;1.049603746877816;0.12009357801176357;1.5380536938968163;1.2488838694214948;1.559710919301205;4.1482262021147145;-1.6989207837155051;0.14876387168305089;1.0742900757057519;1;53.73005181;86.81635197
-0.0652595085143265;0.022284728638741997;0.0275313551544814;0.027261262845179417;1.049603746877816;0.03665071327278923;0.0013432747834042085;1.049603746877816;0.12009357801176357;1.5380536938968163;1.573414858306848;2.4756343163407584;4.766320350891604;-1.6989207837155051;0.2899706153620141;1.6409976344225319;1;53.72982108;86.8159062
-0.0071377587437544;0.031557447676872;0.0081574385642908;0.027276514613547805;0.9656976243617224;0.03537647920132811;0.0012514952806820002;1.049603746877816;0.12009357801176357;1.5380536938968163;1.5749197182523058;2.4803721189399224;4.766320350891604;-1.6989207837155051;0.3386285865551378;1.6409976344225319;0;53.72961685;86.81543060999999
-0.061180789232181;0.030143187327162084;-0.0163148771285816;0.02669601484203142;0.9595707231383802;0.0401219919175598;0.0016097742354327339;1.049603746877816;0.12009357801176357;1.5380536938968163;1.5295765473408787;2.3396044141752435;4.766320350891604;-1.7625143193927006;0.3507238417346388;1.5774040987453364;1;53.729429200000006;86.8149332
-0.0387478331803813;0.032289682091958934;0.0040787192821454;0.02713532153628179;1.030613351532972;0.04122623069636084;0.001699602097429565;1.049603746877816;0.12009357801176357;1.5380536938968163;1.55531007468133;2.4189894284052444;4.766320350891604;-1.8143235946456773;0.330651904264984;1.5255948234923598;1;53.72926711;86.81441527
-0.0152951973080452;0.03807426738589597;0.0560823901294993;0.02488984391674591;0.9958858413328201;0.03414792458495401;0.0011660807534597068;1.049603746877816;0.09003302373943589;1.5380536938968163;1.4184075190932142;2.0118798902201664;4.766320350891604;-2.0182169872248044;0.2502238109470454;1.3217014309132327;1;53.7291374;86.81389644
0.0326297542571632;0.05039151343559135;0.0122361578464362;0.02285741198827627;0.9662654059396858;0.03380241793574877;0.0011426034583030301;1.049603746877816;0.09003302373943589;0.9742050512747616;1.299240654567355;1.688026278480609;4.202471708269549;-2.109937269636541;0.17563681540215617;1.229981148501496;1;53.72904056;86.81339512
-0.0520036708473539;0.05104241919023194;0.0418068726419904;0.028311293868948918;1.0493347620628417;0.030012036336600188;0.00090072232506941;1.0493347620628417;0.0897640389244615;2.294814613870673;1.6162180597033888;2.612160816511387;5.523081270865461;-2.4146503676495787;0.11123009014080604;0.9252680504884583;1;53.72897831;86.81293351000001
-0.0723972672580809;0.048341857786735595;0.0265116753339451;0.031123721012715447;1.023607201647317;0.027691909542573872;0.0007668418541140939;1.0493347620628417;0.0897640389244615;2.294814613870673;1.7729551576781082;3.143369991137406;5.523081270865461;-2.276099195623764;0.12914763701301768;1.0638192225142729;0;53.72895308000001;86.81251404
-0.0999286224125624;0.049658860914368;0.0132558376669725;0.035936219973655766;1.012474286243161;0.023696738228760374;0.0005615354026823933;1.0493347620628417;0.08306935612315591;3.129900461787819;2.051735079205036;4.209616835240496;6.358167118782607;-1.9263643659680765;0.22045611825449532;1.4135540521699606;0;53.728967999999995;86.81213728
-0.147853573977771;0.04945242722205618;-0.0142755174875089;0.04051735971032949;0.9961478614790358;0.02647781624835555;0.000701074753281681;1.0493347620628417;0.09102938101005054;3.4771546257997854;2.3343416949429368;5.449151148749063;6.705421282794573;-1.627877708794122;0.3728065124053655;1.712040709343915;0;53.729030269999996;86.81179763
-0.0805547058223717;0.04973789634729541;-0.0397675130009177;0.03503061507569;0.9931608168809717;0.02691604005822431;0.0007244732124159358;1.0493347620628417;0.09102938101005054;3.4771546257997854;2.014946213921431;4.060008244996308;5.760497940558931;-1.3668801097800398;0.4998742528534314;1.9465948875286112;0;53.72913736;86.81149768
-0.0520036708473539;0.04293647208045468;-0.0316100744366268;0.034209713436256645;1.0102979222857194;0.025406615961574695;0.000645496134618942;1.0493347620628417;0.09102938101005054;3.4771546257997854;1.9640201228658545;3.857375043022006;5.760497940558931;-1.214640902307112;0.6167419188507248;2.098834095001539;0;53.729293940000005;86.8112421
-0.0224329560517997;0.04361043955119246;-0.0540430304884266;0.03352061169921829;0.9898008435130621;0.02314805204415442;0.0005358323134388816;1.0382794325835454;0.07997405153075421;3.4771546257997854;1.9309257660897547;3.7284743141493064;5.559580491464808;-1.1504444399539402;0.638078444019915;2.163030557354711;0;53.72949992;86.811018
-0.0458855919241358;0.061602409171736074;-0.058121749770572;0.03731727861068617;0.9583053810527912;0.022764259822041614;0.0005182115252454181;1.0382794325835454;0.07997405153075421;3.4771546257997854;2.143197758628345;4.593296632589562;6.3415952351401685;-0.8983476552477654;0.5927943716524426;2.1990303037621395;0;53.729746829999996;86.81082715
-0.0122361578464362;0.0595006450866632;0.0091771183848271;0.03682536178949359;0.9841098942283865;0.023539391181399364;0.0005541029371909421;1.0382794325835454;0.07997405153075421;3.4771546257997854;2.113812988970432;4.468205352340112;6.3415952351401685;-0.6553882575212027;0.5397741929049725;2.121055405747482;1;53.73001952999999;86.81065441000001
-0.0081574385642908;0.0581287062341373;-0.0081574385642908;0.03758549592951709;0.9799802130998766;0.024647201576544337;0.0006074845455548096;1.0382794325835454;0.07997405153075421;3.4771546257997854;2.1592664877866077;4.662431765278312;6.3415952351401685;-0.1063260431628987;0.5882453986929806;2.566989448991036;1;53.73030240000001;86.81048416000002
-0.0346691138982359;0.05764012712610877;0.037728153359845;0.04393493637982925;1.0382794325835454;0.03126127028967311;0.000977267020123999;1.0382794325835454;0.10249442239768325;5.314374999877399;2.580273332480064;6.657810470307774;8.178815609217782;0.2058267314510077;0.5958379689880439;2.481925927074772;1;53.730582000000005;86.81027992
0.0825940654634444;0.05513232344469729;0.0509839910268175;0.05034105103277749;1.0202287703547468;0.030525146567257775;0.000931784572952569;1.0382794325835454;0.10249442239768325;5.473275311178854;2.945439173452775;8.675611924510166;8.337715920519237;0.3653430514649139;0.6041755407148758;2.2917074174329906;1;53.7308403;86.81004926
-0.07545630671969;0.05556407822734326;-0.0285510349750178;0.05372249473541547;0.9720496005508591;0.032477528801543046;0.001054789877055058;1.0382794325835454;0.10249442239768325;5.473275311178854;3.114925083827555;9.7027582778581;8.337715920519237;0.5386229382055742;0.6153446123109296;2.166500646999696;1;53.73107216999999;86.80979984999999
0.0856531049250535;0.05276836229619129;0.0101967982053634;0.05759521356779059;1.0172255566681323;0.03034701839864701;0.0009209415256878202;1.0382794325835454;0.10249442239768325;5.590241566416951;3.326288063778686;11.064192283236558;8.454682175757334;0.5386229382055742;0.5750742663028419;1.905503047985614;1;53.731271789999994;86.80954123000001
0.058121749770572;0.05333455096707078;-0.0866727847455898;0.05808059022156627;0.9357850101858621;0.030117178003446283;0.0009070444108912687;1.0382794325835454;0.10249442239768325;5.590241566416951;3.344342401715014;11.184626099908948;8.454682175757334;0.575217858554725;0.5261822651084822;1.789858760861837;1;53.73144062;86.8092723
0.0173345569491179;0.05692060636135402;-0.0938105434893443;0.05709084022874295;0.9835302138363445;0.03029178199522008;0.0009175920564459395;1.0382794325835454;0.10249442239768325;5.590241566416951;3.2845838359710022;10.788490975521984;8.454682175757334;0.8200243162520768;0.4748173241023656;1.970468756206017;0;53.731568319999994;86.80894432
-0.0295707147955541;0.056015504567498715;-0.0876924645661262;0.05238779776927157;1.022855257501454;0.026440057403930232;0.0006990766355231259;1.022855257501454;0.08707024731559188;5.590241566416951;3.0253260123046584;9.152597480727206;8.454682175757334;0.8200243162520768;0.31761643057621947;1.7183719714998422;0;53.73166203000001;86.80858491
0.0132558376669725;0.05189403411062172;-0.0968695829509534;0.05176653781583466;0.9944174879122285;0.027247798704175933;0.0007424425342232917;1.0264691886395847;0.09068417845372256;5.590241566416951;2.9873972706277456;8.924542452554103;8.26630441084151;0.8200243162520768;0.19357212231698429;1.4754125737732795;0;53.73172392;86.80819624
-0.0224329560517997;0.04778904260475114;-0.0825940654634444;0.052244150251593874;0.9978649450656392;0.027351356457729625;0.000748096700077788;1.0264691886395847;0.09068417845372256;5.590241566416951;3.0186054576024746;9.111978908667444;8.26630441084151;0.8200243162520768;0.16788544557272708;1.3396132796598894;0;53.73176109;86.80774188999999
-0.0550627103089629;0.03895360796521775;-0.0418068726419904;0.05826567836053147;0.9772624380076266;0.027438149737554457;0.0007528520610204598;1.0264691886395847;0.09068417845372256;5.590241566416951;3.3813921296190745;11.43381273424982;8.59906336296996;0.8200243162520768;0.26018002422882147;1.5556403130586292;0;53.73177415;86.80727622999999
-0.020393596410727;0.03234710015635964;0.0010196798205363;0.06861476284884971;0.9964364214464918;0.020978483590343953;0.0004400967737503306;1.0264691886395847;0.05663346425850835;5.590241566416951;3.9734312105052605;15.7881555846173;10.898994719680442;0.8200243162520768;0.40967236352526615;1.834949037569915;0;53.73177046000001;86.8068015
-0.0571020699500356;0.03309594578587597;0.0479249515652085;0.07252433646684515;1.0264691886395847;0.020530252887754733;0.0004214912836351615;1.0264691886395847;0.05663346425850835;5.590241566416951;4.181292140103335;17.48320396088993;10.923512666129078;0.8200243162520768;0.4859894653769955;1.834949037569915;0;53.73176238999999;86.80632239
0.0367084735393086;0.03245620383983844;-0.0183542367696543;0.07287521043745009;1.0184677204939478;0.01846752262496379;0.00034104939190354944;1.0264691886395847;0.05663346425850835;5.590241566416951;4.216325612581553;17.777401671311207;11.353407307578177;0.8200243162520768;0.6330721635749013;2.294265233398039;1;53.73174828;86.80583468
0.0224329560517997;0.031959051332161675;0.0509839910268175;0.06279292506117104;0.9713139419845277;0.019576903485423024;0.0003832551500775681;1.0264691886395847;0.05663346425850835;4.747848498549994;3.6385830676545803;13.239286740222617;10.51101423971122;0.8200243162520768;0.6939691214140256;2.294265233398039;1;53.73172565;86.80533589000001
-0.0086672784745589;0.03324396877087387;0.0897318242071989;0.04918961476983683;0.9698357243810763;0.019576761065724507;0.000383249573824467;1.0264691886395847;0.05663346425850835;2.4518373846774013;2.8566437505466777;8.16041351753739;8.215003125838628;0.8200243162520768;0.6371981082943241;2.294265233398039;1;53.73169521;86.80482673
0.0244723156928724;0.02910650600762681;0.092790863668808;0.038544706477477146;0.9983010451328596;0.024637854643416997;0.0006070238814301445;1.0444523210729664;0.07461659669189002;1.0326073305892172;2.236785471944454;5.003209247501774;6.795773071750443;0.4848710220891979;0.40657398599030786;1.95911193923516;1;53.73166055;86.80435686999999
0.0010196798205363;0.03376292668430643;0.0999286224125624;0.034415096117125704;0.9951395935219594;0.02468501836789676;0.0006093501318234005;1.0444523210729664;0.07461659669189002;1.0326073305892172;1.9955154827055301;3.9820820417174847;6.795773071750443;-0.1448898969264277;0.20502679026910756;1.3293510202195344;1;53.731618479999995;86.80390008
0.0040787192821454;0.041892483686301246;0.0662791883348628;0.03412653723236146;0.9740210942923332;0.022904367145887217;0.0005246100343535978;1.0444523210729664;0.07461659669189002;1.0326073305892172;1.974818813849407;3.899909347533579;6.795773071750443;-0.5195889634078127;0.10889948481109521;0.9546519537381494;1;53.73156828;86.80345564
0.0275313551544814;0.06961757718360134;0.0672988681553992;0.02721609298738131;0.9978602561824094;0.03108930776038228;0.000966545057019766;1.0656154195079344;0.09577969512685802;-0.4934394170493396;1.5942398430837283;2.541600677275631;5.269726324111887;-0.7356159968065524;0.06492458117381064;0.7386249203394096;1;53.73150458;86.80305914
-0.0254919955134087;0.06750925596445488;0.0458855919241358;0.041723197266534735;1.0444523210729664;0.03902854474387815;0.001523227304824899;1.0656154195079344;0.14209674820863594;2.0880979055845974;2.45952921983627;6.0492839832284115;7.851263646745824;-0.872905494741426;0.0406740048996366;0.6013354224045361;1;53.731460930000004;86.80260589000001
-0.0560823901294993;0.07292087194268587;0.0825940654634444;0.04045800905261242;1.0052755421286061;0.03878722102212185;0.0015044485146189313;1.0656154195079344;0.14209674820863594;2.0880979055845974;2.369786758357837;5.615889280088145;7.851263646745824;-0.872905494741426;0.03528588767767411;0.6013354224045361;1;53.7314307;86.80216606
-0.095849903130417;0.07292087194268587;0.0560823901294993;0.039650411493062095;1.0003708661474489;0.0393140916956878;0.0015455978058569488;1.0656154195079344;0.14209674820863594;2.0880979055845974;2.321308420334084;5.3884727823139205;7.851263646745824;-1.0677631041166555;0.018099922460134844;0.4064778130293065;1;53.73140873999999;86.80171401999999
-0.1942490058121749;0.07235834060894322;0.0091771183848271;0.03499089409441063;1.0656154195079344;0.03928118246969261;0.0015430112962172861;1.0656154195079344;0.14209674820863594;2.0880979055845974;2.0503666314859;4.204003323510836;6.800867212710761;-1.0677631041166555;0.0166745580953722;0.3743195172377991;1;53.73139089;86.80124561
-0.0132558376669725;0.07141288310144021;-0.0336494340776996;0.037118500863656714;0.9235186712992984;0.03831443904432142;0.0014679962392810217;1.0656154195079344;0.14209674820863594;2.0880979055845974;2.1517608202024974;4.630074627358525;6.800867212710761;-1.007044393748267;0.016985648215854774;0.37394150516509983;1;53.731378410000005;86.80075185
0.0550627103089629;0.0682798339855494;0.0387478331803813;0.03725364402870192;0.9730673687355916;0.03952831505425792;0.0015624876910286733;1.0656154195079344;0.14209674820863594;2.0880979055845974;2.1462516772424585;4.606396262066067;6.800867212710761;-0.9091516327145026;0.02131460478094768;0.47183426619886415;1;53.73137235;86.80023379
0.0244723156928724;0.07177643440672464;0.0112164780258998;0.03617369155063445;1.0179964691814176;0.037404673188783745;0.0013991095763597177;1.0656154195079344;0.14209674820863594;2.0880979055845974;2.0923642387534978;4.377988107614503;6.800867212710761;-0.9091516327145026;0.021508096804128855;0.47183426619886415;1;53.73137643;86.79968235000001
-0.0173345569491179;0.07275242633192613;0.0198837565004588;0.027510838517606183;1.0006536624160915;0.0383039939786697;0.001467195954717965;1.0656154195079344;0.14209674820863594;2.0880979055845974;1.6039993283285425;2.5728138452784157;5.301875841935024;-0.9091516327145026;0.01492320675522736;0.3766466409222178;0;53.73138864;86.79910064
-0.0336494340776996;0.0699718206444476;-0.0183542367696543;0.022105086499203928;1.0132672842445618;0.039814186276869376;0.0015851694288892537;1.0656154195079344;0.14209674820863594;2.0880979055845974;1.2964974421151023;1.680905617411003;4.370236339948187;-0.9091516327145026;0.01581687301504026;0.3766466409222178;0;53.73140952999999;86.79849177000001
-0.0509839910268175;0.03192754134685945;-0.0214132762312633;0.023036641168867573;1.0364512450192669;0.035056174916703445;0.0012289353997905078;1.0423139244394528;0.11879525314015438;2.0880979055845974;1.351151196125188;1.8256095547905267;4.370236339948187;-0.7340880920303141;0.026752827895456563;0.5517101816064063;0;53.731436280000004;86.79785292
0.0295707147955541;0.031455097912529845;0.0061180789232181;0.01900699475001713;1.004838459375783;0.021206675517589292;0.0004497230865083211;1.0423139244394528;0.06924655570386118;1.1838257302717532;1.0889633758110557;1.1858412338578104;3.465964164635343;-0.557377332015078;0.04537596383593249;0.7284209416216424;0;53.731439699999996;86.7972701
0.0112164780258998;0.02899351384953137;0.0183542367696543;0.019496960787546744;1.0301012266848195;0.017297782400781104;0.0002992132759847725;1.0423139244394528;0.049854783067431296;1.937032272579055;1.1089706418259715;1.229815884431907;3.2911052919366557;-0.4168247706214112;0.06545846614748019;0.8689735030153092;0;53.73141988;86.79669731999999
0.0193739165901906;0.028032644930405887;-0.0066279188334862;0.02416256314088814;1.0423139244394528;0.01748002354402918;0.00030555122309981444;1.0423139244394528;0.049854783067431296;2.728050761726483;1.3760090154181508;1.8934008105120286;4.082123781084084;-0.4168247706214112;0.0627108718108628;0.6797349450050485;1;53.73137928;86.79614728
0.0081574385642908;0.028032644930405887;0.023452635872336;0.029087447955659148;0.9924591413720215;0.01710117195324957;0.00029245008217460976;1.0423139244394528;0.049854783067431296;3.83669129260136;1.6576718397593955;2.747875928331299;5.190764311958961;-0.4168247706214112;0.055810348592398466;0.5902196231268557;1;53.731325500000004;86.79563270000001
0.0112164780258998;0.026654221596297926;0.0020393596410727;0.029087447955659148;1.0222925891722463;0.017125463828146947;0.0002932815113291695;1.0423139244394528;0.049854783067431296;3.83669129260136;1.6576945479730107;2.7479512143794445;5.190764311958961;-0.4168247706214112;0.05274736391401083;0.5544006305925397;0;53.73125768999999;86.79515529
-0.0387478331803813;0.02713665195866587;-0.0336494340776996;0.029880900935406664;0.9955114818091119;0.01654001322499319;0.0002735720374829496;1.0423139244394528;0.049854783067431296;3.83669129260136;1.6997508614247931;2.8891529909143263;5.190764311958961;-0.4168247706214112;0.052821504618599836;0.5544006305925397;0;53.73115355;86.79469531
-0.0275313551544814;0.027170263396521385;-0.0479249515652085;0.029719240441744073;1.0069223351819638;0.02413898773340792;0.000582690728793618;1.0423139244394528;0.08346945748481382;3.83669129260136;1.6914001770242018;2.860834558837501;5.190764311958961;-0.3935809942817492;0.059133917722436875;0.5776444069322018;0;53.731033430000004;86.79427566999999
-0.0173345569491179;0.025823166368477472;-0.0672988681553992;0.027970604107080785;1.005768777691621;0.024335880787341228;0.0005922350936956839;1.0423139244394528;0.08346945748481382;3.83669129260136;1.592330600479088;2.535516741222093;5.190764311958961;-0.2950715168736955;0.06402418885706075;0.6667345458401643;0;53.730903049999995;86.79389953
-0.0081574385642908;0.02546960937689333;-0.0183542367696543;0.04469370376236275;1.011721775510322;0.021524896837043103;0.0004633211838453481;1.0321246541043934;0.07328018714975437;7.736953232644621;2.551716130376672;6.511255210024496;9.091026252002221;-0.2950715168736955;0.05262688564594494;0.6667345458401643;0;53.73076254;86.79355933999999
-0.0535331905781584;0.029338371808547068;-0.0367084735393086;0.04518203215281536;1.0319201346780338;0.021260278989666825;0.0004519994627184686;1.0321246541043934;0.07328018714975437;7.736953232644621;2.5907629336686226;6.712052578471248;7.980677959139679;-0.2950715168736955;0.0503351742050088;0.6667345458401643;0;53.730623460000004;86.79326666
-0.0509839910268175;0.030860222264558042;0.0040787192821454;0.04567487782343877;0.958844466954639;0.020906814772493034;0.0004370949039313329;1.0321246541043934;0.07328018714975437;7.736953232644621;2.6119764323753554;6.8224208832842885;7.980677959139679;-0.086344364133092;0.07243642893741747;0.8754616985807678;0;53.73048547;86.79300067
-0.0280411950647496;0.03720011151633388;-0.0418068726419904;0.0488643129056849;1.0321246541043934;0.020568638230835268;0.00042306887867097823;1.0321246541043934;0.07328018714975437;7.736953232644621;2.7993961322688325;7.836618705361699;7.980677959139679;0.0138896130172159;0.09985375472579348;0.9756956757310757;0;53.73035212;86.79274699999999
-0.0627103089629855;0.04011824250921816;-0.1356174161313347;0.04906983639184059;1.007369480315918;0.020644147409324385;0.00042618082225791477;1.0321246541043934;0.07328018714975437;7.736953232644621;2.8136970679258906;7.916891190054754;7.980677959139679;0.1427435106778385;0.13723576680839505;1.1045495733916983;0;53.73022521;86.79250232999999
0.0295707147955541;0.04121481000423099;-0.1101254206179259;0.04943434808975769;0.9966534386187792;0.020686373646585113;0.000427926054646131;1.0321246541043934;0.07328018714975437;7.736953232644621;2.8357818279426805;8.041658575689931;7.980677959139679;0.3005206165886461;0.14128740386879202;1.231293302640093;1;53.73010297;86.79224697
0.0214132762312633;0.041305808878588486;-0.1142041399000713;0.04491175496286617;1.0171611598094001;0.021362041739979465;0.0004563368273006248;1.0321246541043934;0.07328018714975437;7.736953232644621;2.5786806500616235;6.649593895002237;7.980677959139679;0.5484593840321638;0.146826830831963;1.177692278691108;1;53.72997764;86.79197316
0.0458855919241358;0.03738764209345531;-0.1254206179259712;0.04445724110718246;1.0051390065114134;0.019105454581251312;0.00036501839475625676;1.0321246541043934;0.07328018714975437;7.736953232644621;2.5439564668619123;6.471714505288544;7.980677959139679;0.5484593840321638;0.13046347352483523;1.035731117962325;1;53.729875289999995;86.79171977
0.0356887937187723;0.03302321604387964;-0.0994187825022942;0.04104360813900744;1.0018115530252834;0.01284962956015687;0.00016511297983325723;1.0321246541043934;0.043976514678376266;7.736953232644621;2.348583472915315;5.515844329250961;7.047602664492096;0.5484593840321638;0.1258164728230462;1.035731117962325;1;53.72977369;86.79146713
0.023452635872336;0.031052603707445767;-0.095849903130417;0.05010619439123242;1.0026243918957303;0.009958859363919761;9.91788798303323e-05;1.0171611598094001;0.029013020383383048;7.736953232644621;2.857998585501456;8.168155914728324;8.455605122447938;0.5484593840321638;0.11354383431118922;1.035731117962325;1;53.729666509999994;86.79121402999999
0.0050983991026817;0.020364117688102073;-0.078515346181299;0.0505794996445271;0.9881481394260171;0.009966218690824147;9.932551499333258e-05;1.0171611598094001;0.029013020383383048;7.168015201009164;2.889306421864317;8.348091599426384;7.88666709081248;0.5484593840321638;0.07949683268084082;1.035731117962325;1;53.729549320000004;86.79096627999999
-0.0020393596410727;0.022090709545682537;-0.040787192821454;0.05168389891515745;0.9950262235287317;0.009808164643395758;9.620009367195865e-05;1.0171611598094001;0.029013020383383048;7.168015201009164;2.948669894840507;8.694654148738724;7.88666709081248;0.5484593840321638;0.0407243226937393;0.6534930435705399;0;53.729416549999996;86.79072087
0.0265116753339451;0.023282317086685763;-0.0122361578464362;0.051868092185692036;1.017040021336857;0.01003260787624186;0.00010065322079843019;1.0188897724506556;0.030741633024638504;7.168015201009164;2.9701223870293307;8.82162699393281;8.028150608904726;0.5484593840321638;0.06492042825028896;0.9132347648807554;0;53.72926589;86.79047549
-0.0081574385642908;0.02424370826437837;0.0127459977567043;0.04575208400291613;1.0162236215601848;0.010024986956614228;0.0001005003634802854;1.0188897724506556;0.030741633024638504;5.6953507425294205;2.6250794004341587;6.891041858583763;6.555486150424983;0.5484593840321638;0.13198886248760278;1.2147048978830552;0;53.72909610000001;86.79023146
-0.0163148771285816;0.02279591994356656;-0.0081574385642908;0.04136128970883784;1.007608779494166;0.009982042013304934;9.96411627553848e-05;1.0188897724506556;0.030741633024638504;5.485797699728843;2.3762863247892994;5.646736697380636;6.884327171249311;0.5484593840321638;0.24122504113426968;1.518700379304497;0;53.72889848999999;86.78999033
-0.0163148771285816;0.03574963939583799;-0.0040787192821454;0.03888923464034187;1.0126817061969209;0.011324168932862066;0.00012823680201999837;1.0246175186890176;0.036469379263000534;4.557358229642938;2.223567410607346;4.944252029515058;8.266226236907281;0.5484593840321638;0.3396054147134218;1.669470946807066;0;53.72867436;86.78977388
-0.0152951973080452;0.035637003343307196;0.0152951973080452;0.030492092486583515;1.0188897724506556;0.009187146325419874;8.440365760467587e-05;1.0246175186890176;0.029591295160285913;2.3492737104354715;1.7294695808378162;2.9910650310433313;6.058141717699815;0.3235047356431256;0.3656857589527846;1.5207712380653164;0;53.72842672;86.78960048
0.0509839910268175;0.03557568088115771;0.0132558376669725;0.026486007502780847;1.0057651594436656;0.013534149702186056;0.00018317320816118291;1.0246175186890176;0.04838764633108961;0.689350568152524;1.5078375164871307;2.273573976126078;4.398218575416867;0.3235047356431256;0.3542106820893175;1.5207712380653164;0;53.72816222;86.78944862
-0.0101967982053635;0.033620281609468124;0.0244723156928724;0.02718939057744305;1.0026958144745461;0.015403902479086988;0.00023728021158522225;1.0325591233820466;0.056329251024118565;0.4638624798223368;1.534286730417769;2.3540357711360476;4.17273048708668;0.2085953912641957;0.2912598955265483;1.4058618936863867;0;53.72788068999999;86.78932325000001
-0.0882023044763944;0.03725922559839122;0.0662791883348628;0.02754289232356979;1.0246175186890176;0.01754091554454171;0.000307683718140745;1.036634309162965;0.06040443680503704;0.4638624798223368;1.5483438581408946;2.3973687030426305;4.17273048708668;0.2085953912641957;0.2320242521220274;1.4058618936863867;0;53.72758128;86.78921328
-0.0193739165901906;0.04191068063847709;0.0469052717446721;0.02475487303203145;1.0015924094316166;0.017485544506115402;0.00030574426667534255;1.036634309162965;0.06040443680503704;0.2307675067943485;1.3894044736144264;1.9304447912997813;3.9396355140586916;-0.1050336595383762;0.1332222336150932;1.0922328428838146;1;53.727267080000004;86.7891218
-0.0163148771285816;0.0428470827602025;0.0499643112062812;0.03050156293368021;0.976229872357928;0.0184698474038549;0.0003411352631216856;1.036634309162965;0.06040443680503704;1.852184438004584;1.7245237364849608;2.9739821177000505;5.561052445268928;-0.3647753808485916;0.06331137743377885;0.8324911215735993;1;53.72694378;86.78905705999999
-0.0356887937187723;0.04466800922561844;0.0652595085143265;0.04392918394599546;1.0325591233820466;0.02306519739765633;0.0005320033309928523;1.036634309162965;0.07146063156460214;4.059000627307203;2.5283109063841107;6.392356039340843;7.7678686345715455;-0.6662455138508915;0.023514179626847084;0.5310209885712994;1;53.72660439;86.78903767
-0.0703579076170082;0.03788281695957477;0.0520036708473539;0.05376357946501088;1.036634309162965;0.02434804139835204;0.0005928271199358647;1.036634309162965;0.07146063156460214;4.353375691704515;3.0983605276420327;9.599837959250216;8.062243698968858;-0.8653542237325248;0.012340953292018293;0.3319122786896661;1;53.72625725;86.78907453
0.0367084735393086;0.04032719459827394;0.0132558376669725;0.057825451357533364;1.0143128872905478;0.025626506152185126;0.0006567178175679822;1.036634309162965;0.07146063156460214;4.353375691704515;3.331033912114244;11.095786923655123;8.062243698968858;-0.8653542237325248;0.013717705701513757;0.3319122786896661;1;53.72591724;86.78917228
-0.0469052717446721;0.033634667796605136;-0.032119914346895;0.05403985057572599;0.9937758151488156;0.024243364335152767;0.0005877407142869571;1.036634309162965;0.07146063156460214;4.353375691704515;3.11850200392481;9.725054748483055;7.9769824050126;-0.8653542237325248;0.012230913285686477;0.3319122786896661;1;53.72558889;86.78931496999999
0.0183542367696543;0.03550152293673557;-0.0683185479759355;0.05302621026976343;0.9651736775983629;0.025354156501169123;0.0006428332518857764;1.036634309162965;0.07146063156460214;4.353375691704515;3.0567507693863196;9.343725266143856;7.9769824050126;-0.8653542237325248;0.007399468807121644;0.26851638184516047;1;53.725281370000005;86.78949897
-0.0428265524625267;0.03593171898435028;-0.0744366268991536;0.049842338334034016;0.9806208402672569;0.024099621162341753;0.0005807917401683904;1.036634309162965;0.07146063156460214;4.353375691704515;2.860826547591288;8.18432853540309;7.9769824050126;-0.7096723874866221;0.013538719941630787;0.4241982180910632;0;53.72498285;86.78972781
0.0183542367696543;0.03562058803539642;-0.0550627103089629;0.042871342350484606;0.9775581681093222;0.02158745971896296;0.0004660184171178483;1.036634309162965;0.07146063156460214;4.353375691704515;2.474656938810346;6.123926964802193;7.228875756853004;-0.7096723874866221;0.013478756832457618;0.4241982180910632;1;53.724695270000005;86.78999575
-0.0112164780258998;0.028893727234021376;-0.0142755174875089;0.038442853336124634;0.9912950465664226;0.01724155676943338;0.000297271279833594;1.020488106275713;0.055314428677350036;4.353375691704515;2.2422813427763555;5.027825620162935;6.357548298362475;-0.7096723874866221;0.03323979268525569;0.6781920251189891;1;53.72442675;86.79030323
0.0193739165901906;0.029875052639510406;0.0356887937187723;0.04131098278463948;1.020488106275713;0.018154250982813855;0.00032957682874699783;1.020488106275713;0.055314428677350036;4.353375691704515;2.4010693351694443;5.765133952291038;6.472772225948317;-0.7096723874866221;0.050487736608334534;0.6990302272478542;1;53.72417901;86.79064685
-0.0305903946160905;0.02889312747424231;0.0040787192821454;0.04540457650150069;1.004858636610751;0.018153025375907832;0.00032953233029835367;1.020488106275713;0.055314428677350036;4.353375691704515;2.642144393723295;6.9809269972834365;7.177009508788796;-0.7096723874866221;0.059060416782438084;0.6990302272478542;1;53.72394955;86.79101643
0.0061180789232181;0.02770995416442141;-0.0081574385642908;0.04307200196353972;0.9932204887830441;0.016179105175111674;0.00026176344426732533;1.020488106275713;0.04292993816639079;4.353375691704515;2.5014578626967396;6.25729143884734;7.276754405052337;-0.7096723874866221;0.06770507908377715;0.6990302272478542;1;53.7237474;86.79138772
-0.0142755174875089;0.02714383511272713;0.0214132762312633;0.032933009805599836;0.98025019727512;0.016602798136127788;0.0002756529059490084;1.020488106275713;0.04292993816639079;3.2289961252488943;1.9091482480468878;3.644847033020501;6.152374838596716;-0.7096723874866221;0.07650781839017617;0.788925317960656;1;53.723565810000004;86.79175141
-0.061180789232181;0.039841668417979294;0.037728153359845;0.023648610352554188;1.0201757741576558;0.018500906851914013;0.00034228355434319887;1.020488106275713;0.054756567101979625;0.8251379635822139;1.371552262225101;1.8811556080147926;3.7485166769300355;-0.7096723874866221;0.06774730154225168;0.788925317960656;1;53.72340203;86.79209963000001
-0.037728153359845;0.041283952462251465;0.0489446313857448;0.02130889579198208;0.9935623553781808;0.023980162167281986;0.0005750481775691422;1.020488106275713;0.07209268121326906;0.4705823746399743;1.2367224748041055;1.529482479685591;3.393961087987796;-0.7096723874866221;0.06182757923172883;0.788925317960656;1;53.723247709999995;86.79243683000001
0.0071377587437544;0.03917496689064949;0.0499643112062812;0.021029480028901437;0.9796837548242598;0.021846806837861114;0.00047728296901081504;1.0201757741576558;0.07178034909521191;0.4705823746399743;1.224065815449896;1.498337120553019;3.393961087987796;-0.7096723874866221;0.07801115496885631;0.788925317960656;1;53.723100220000006;86.79277318
0.0142755174875089;0.03935723415554903;0.0152951973080452;0.03104120795745103;1.014797119713391;0.023684186215068685;0.0005609406766700494;1.0213028787526475;0.07290745369020357;0.4705823746399743;1.7596611986347008;3.0964075339805124;6.143112482577542;-0.6686642432911523;0.08248756595243863;0.8299334621561258;1;53.72295842999999;86.79310499
-0.1091057407973896;0.03790747257589521;0.0448659121035994;0.02753366297504372;0.9657315391737333;0.028356350664292887;0.0008040826229963437;1.0213028787526475;0.07990919767834148;-0.061602323127553;1.5598286933522305;2.4330655526049267;5.6109277848100145;-0.1439968721335427;0.1886381484665909;1.3546008333137354;1;53.72281705;86.79342697000001
0.0132558376669725;0.03790747257589521;0.0010196798205363;0.027918668794390814;0.9483954250624439;0.030022248943376503;0.0009013354316180715;1.0213028787526475;0.07990919767834148;-0.061602323127553;1.5968783857152529;2.5500205787645522;5.6109277848100145;0.2674773766870397;0.35559257817624856;1.7660750821343179;1;53.722676160000006;86.7937264
-0.0356887937187723;0.03800806283807405;0.0193739165901906;0.02825001836127923;0.992979161916676;0.029830413531391518;0.0008898535714538262;1.0213028787526475;0.08172117804265433;-0.061602323127553;1.6108715264966322;2.5949070748775904;5.6109277848100145;0.5608349637358729;0.5345476668755464;2.059432669183151;1;53.72252946;86.79399954
-0.037728153359845;0.050882942587395216;0.1009483022330988;0.03466328190546897;1.0213028787526475;0.037417141907158134;0.0014000425085004095;1.0474504305766104;0.10786872986661722;-0.061602323127553;1.9235834339630256;3.7001732274169856;5.693070356305506;0.8825909015740377;0.7279148309909416;2.3811886070213157;1;53.722374290000005;86.79424373
-0.0183542367696543;0.059581749382624886;0.0448659121035994;0.03595743133440384;0.941393681074306;0.03770948622855589;0.0014220053516216464;1.0474504305766104;0.10786872986661722;-0.061602323127553;2.0002252357602677;4.000900993772219;5.693070356305506;1.3934446603620516;0.9584888829156236;2.8920423658093295;1;53.72221219000001;86.79446051
-0.0142755174875089;0.06102915999845484;0.0642398286937901;0.03969078142050711;0.9546517817760536;0.04092566950342911;0.0016749104243039075;1.0474504305766104;0.10786872986661722;-0.061602323127553;2.170937238217397;4.712968492278978;6.550319202546448;1.746231797494301;1.0985588527969365;2.946583106839787;1;53.722043580000005;86.79464262000002
-0.0622004690527174;0.04966037306526332;0.0285510349750178;0.03994754668545388;0.9395817007099931;0.040870908737286125;0.0016704311810115716;1.0474504305766104;0.10786872986661722;-0.061602323127553;2.1856191742521354;4.776931174858586;6.550319202546448;1.746231797494301;1.0968427405421854;2.8853124158412315;1;53.721863860000006;86.79479058000001
0.0805547058223717;0.052174696938551174;0.1050270215152442;0.035173001067585155;1.0474504305766104;0.04184037906742038;0.0017506173205054296;1.0474504305766104;0.10786872986661722;-1.1179631311316482;1.9057219451925185;3.631776132388356;5.493958394542353;1.746231797494301;0.9043725094006864;2.5266539940602195;1;53.72168478;86.79490333999999
0.0825940654634444;0.05041091080517204;0.0774956663607627;0.03239456618570194;0.9955527361329234;0.044206111205657136;0.0019541802679269252;1.0474504305766104;0.10786872986661722;-1.7413128174820338;1.7470806484166832;3.0522907920720583;4.870608708191967;1.746231797494301;0.6960147651719317;2.414896040785453;1;53.72150371;86.79497059
0.037728153359845;0.04625824454952021;0.1198123789130213;0.03057835435982174;1.0405452867053293;0.04381299446407411;0.001919578483908989;1.0474504305766104;0.10786872986661722;-1.7413128174820338;1.649506577960747;2.7208719507357735;4.870608708191967;1.746231797494301;0.43469964491508745;1.8902286696278436;1;53.72132094999999;86.79499519
0.0265116753339451;0.04346253578389557;0.0397675130009177;0.03162144785089311;0.9668188735814742;0.040646030806717366;0.001652099820340617;1.0474504305766104;0.10786872986661722;-1.7413128174820338;1.7079569195278073;2.917116838962917;4.870608708191967;1.746231797494301;0.24797804957426045;1.4787544208072612;1;53.721141409999994;86.79498205
0.0576119098603038;0.04046589657468117;0.0397675130009177;0.032161205520403455;1.0383571643889622;0.042586450878716084;0.0018136057984452978;1.0843804695737942;0.14479876886380105;-1.7413128174820338;1.724714712132836;2.974640838247451;4.870608708191967;1.746231797494301;0.14641545756038593;1.185396833758428;1;53.720957139999996;86.79495138000001
0.0479249515652085;0.020686143097178294;0.0448659121035994;0.03024520198045614;1.0390902608354058;0.032449170577709095;0.0010529486711812618;1.0843804695737942;0.11756159599231997;-2.1948787113174952;1.6510624484120686;2.726007208556455;4.417042814356506;1.746231797494301;0.12634481964118136;1.0503564990783705;1;53.720773740000006;86.79490622
0.0367084735393086;0.029523062040274387;0.0448659121035994;0.04105993043518175;1.0131821116309279;0.03167271923201943;0.0010031611435503335;1.0843804695737942;0.11756159599231997;1.2571483550934524;2.2739413889079914;5.170809440188806;7.869069880767453;1.746231797494301;0.2012399254094349;1.3794179283880568;1;53.72059324000001;86.79485371999999
0.0418068726419904;0.03360859635459003;0.0938105434893443;0.040710964251776276;1.039043730406909;0.03031676852363714;0.0009191064537157957;1.0843804695737942;0.11756159599231997;1.2571483550934524;2.2473498453155445;5.050581327239802;7.869069880767453;1.746231797494301;0.38846632785802193;1.8868165584909045;1;53.72041559;86.79479127
0.0214132762312633;0.03325404514905872;0.0846334251045171;0.042572226129230346;1.0843804695737942;0.030078254478176747;0.0009047013924539596;1.0843804695737942;0.11756159599231997;1.3106125485934168;2.3595283764741484;5.567374159386731;6.941771829170618;1.6651214368460676;0.7255111393494266;2.6098198004264557;1;53.72024179;86.79472243000001
0.0397675130009177;0.037871226706677516;0.0989089425920261;0.06123552532999545;1.0079982447656899;0.041384318841855165;0.0017126618460043283;1.0843804695737942;0.16231303812952513;5.775650806072442;3.539297777101489;12.52662875499554;11.406810086649642;1.5767981783984073;1.230799803872967;3.27166508054724;1;53.72007549;86.79464829000001
-0.0326297542571632;0.04662367585149316;-0.0224329560517997;0.06251412592906097;1.0224861962503615;0.04442186611157301;0.001973302188834519;1.0843804695737942;0.16231303812952513;5.775650806072442;3.6303029708887995;13.179099660444045;11.406810086649642;1.5767981783984073;1.720291229277076;3.6767089194850247;1;53.71990927;86.79456655
-0.0418068726419904;0.052568453427639376;0.058121749770572;0.06265331178981057;1.0425347308538304;0.043782963243344984;0.0019169478703680981;1.0843804695737942;0.16231303812952513;5.775650806072442;3.635615729158151;13.217701730102153;11.406810086649642;1.5767981783984073;2.008744299925967;3.8285412968740804;1;53.719747940000005;86.79448458
0.0254919955134087;0.05000316994351433;-0.023452635872336;0.06289733980562348;1.0253634806307288;0.04542451731300981;0.002063386773119928;1.0843804695737942;0.16231303812952513;5.775650806072442;3.6435766217743195;13.275650598740363;11.406810086649642;1.1139996125137492;2.0732995107846692;3.721018137892343;1;53.71959164;86.79440252
-0.0356887937187723;0.04514471748136778;-0.092790863668808;0.060758620334702806;0.9220674314442691;0.04507956291397476;0.0020321669925150087;1.0843804695737942;0.16231303812952513;5.775650806072442;3.52946588830984;12.457129456742766;11.406810086649642;1.0134619191824474;2.166153308515627;4.053788473503884;1;53.71944043;86.79432043
-0.0861629448353217;0.04248832463341273;0.0723972672580809;0.05661075272297988;0.9681215527111978;0.03557465770792148;0.0012655562710357773;1.0425347308538304;0.12046729940956136;5.775650806072442;3.333106210612498;11.109597011223606;11.406810086649642;0.6958752984159305;2.155199915637744;4.28921840084212;1;53.71929306;86.79423962
-0.095849903130417;0.03689779839936166;0.0183542367696543;0.04807405570595018;1.0223092436189074;0.0444384179177646;0.0019747729870339017;1.0800469645713267;0.1579795331270576;5.775650806072442;2.8420674991498722;8.07734766972401;10.064300053771913;0.3668138691062441;1.9568460402329835;4.179563359112832;1;53.7191224;86.79416368000001
-0.037728153359845;0.03682038119456972;0.0101967982053635;0.04882185617879326;0.9766158816099978;0.04393762931249266;0.0019305152696020146;1.0800469645713267;0.1579795331270576;5.775650806072442;2.8839458834753344;8.317143858814326;10.064300053771913;-0.1405847609966036;1.530128136643308;3.6968764372757934;1;53.718951340000004;86.79408478
-0.0163148771285816;0.03755632265203146;-0.0265116753339451;0.044629552934169626;0.9824449708840969;0.04144384857537882;0.001717592584738929;1.0800469645713267;0.1579795331270576;5.775650806072442;2.6698235417736442;7.127957744208765;10.064300053771913;-0.944698363580388;0.9829982395337722;2.892762834692009;1;53.71878217;86.79400009
-0.0101967982053635;0.029272734698210918;-0.0152951973080452;0.04503861628060538;0.9912992420670044;0.041610045338194845;0.0017313958730466304;1.0800469645713267;0.1579795331270576;5.775650806072442;2.693851172391617;7.25683413899569;10.064300053771913;-1.6948669021488327;0.6171180476453179;2.1425942961235642;1;53.71862249000001;86.79390441
-0.0744366268991536;0.03216443828069961;-0.0387478331803813;0.03746604562970521;1.0800469645713267;0.03621047816466622;0.0013111987289137694;1.0800469645713267;0.12635301506027596;3.003169524591016;2.181886265769403;4.760627676753149;7.291818772290487;-2.0999107410866173;0.4108579787839973;1.7375504571857796;1;53.71847594;86.79378602
-0.0458855919241358;0.030992601138693596;-0.0367084735393086;0.023520270701849793;0.9979587181038128;0.03955842182670575;0.0015648687374195897;1.0800469645713267;0.1384362789306841;3.003169524591016;1.3476849804596511;1.8162548065565305;4.031896217221508;-2.251743118475673;0.3585567587078844;1.5857180797967239;1;53.718351510000005;86.79366159
-0.0652595085143265;0.037202401801467284;-0.0520036708473539;0.026953558020351792;0.9926031823948597;0.038544733817926516;0.001485696505094808;1.0800469645713267;0.1384362789306841;4.850733495181317;1.558220601643786;2.4280514433871225;5.448966770024698;-1.9319652208864828;0.43277944007311153;1.9054959773859141;1;53.71825553;86.79352976999999
-0.0734169470786172;0.0371758413572395;0.0020393596410727;0.04146196424641792;1.027406738615548;0.03813202903493977;0.0014540516383214899;1.0800469645713267;0.1384362789306841;8.26545097063826;2.3843998572613736;5.685362679308058;8.37918078443223;-0.9944405445125476;0.876771696870511;2.8430206537598495;1;53.71818072999999;86.79339865
-0.1029876618741715;0.03646549543024921;-0.0397675130009177;0.043790206317528654;0.9536939495110507;0.0379155081040129;0.001437585754785468;1.0800469645713267;0.1384362789306841;8.26545097063826;2.5233235007013546;6.36716148919174;8.37918078443223;-0.326843701443458;1.5640846060772242;3.5106174968289388;1;53.71813461000001;86.79325524999999
-0.0652595085143265;0.03433763279388747;-0.020393596410727;0.04681763040398254;0.9416106856406425;0.03805379215536656;0.001448091097403838;1.0800469645713267;0.1384362789306841;8.26545097063826;2.6853289852598317;7.210991759076596;8.37918078443223;0.3118763993065812;2.3032526335243078;4.149337597578978;1;53.7181141;86.7931093
0.0224329560517997;0.03398609821172191;-0.0836137452839808;0.046331455418445765;0.9888076598152727;0.025588168568173367;0.0006547543706732554;1.027406738615548;0.08579605297490556;8.26545097063826;2.647109207541542;7.007187156651211;8.37918078443223;0.8977296629814087;2.9356970254762738;4.735190861253805;1;53.71814868;86.79296724
-0.0571020699500356;0.03746311616772077;-0.1437748546956255;0.04677516833532595;1.0001068334897534;0.025893141617832228;0.0006704547828411154;1.027406738615548;0.08579605297490556;8.26545097063826;2.6698123388509334;7.127897924680692;8.37918078443223;1.4067259948248183;3.341939460024254;4.978874617608456;1;53.718210369999994;86.79284972999999
-0.0244723156928724;0.06183638633609411;-0.0968695829509534;0.07066846266725886;0.9900649991430781;0.029996106169118367;0.000899766385309021;1.027406738615548;0.08732775001676285;8.26545097063826;4.1440369612672505;17.173042336349106;14.554949836007399;1.814875300080608;3.5260130488298693;5.347269258942922;1;53.71828682;86.79276746000001
-0.0744366268991536;0.06837559578945741;-0.1233812582848985;0.07058855845759887;1.008612829483599;0.028238797077565648;0.0007974296603879302;1.015503837979374;0.07542484938058869;8.26545097063826;4.1397478262150535;17.137512064652263;14.554949836007399;2.098187483992578;3.231242481652334;5.015760282629037;1;53.71836707;86.79270947
-0.040787192821454;0.06505285547828356;-0.0489446313857448;0.0753558795100659;1.0079297768420692;0.027542161775054527;0.0007585706752432747;1.015503837979374;0.07542484938058869;8.26545097063826;4.4041107739104035;19.39619170887369;14.554949836007399;2.2326724518045227;2.7734761333030153;4.591159727637056;1;53.71844711999999;86.79268712000001
-0.003059039461609;0.06097092284620761;-0.0305903946160905;0.08125015226029865;0.9752985625125946;0.025092953813261848;0.0006296563310744924;1.0296293671845038;0.08955037858571857;8.26545097063826;4.724520043866802;22.321089644899168;14.554949836007399;2.2326724518045227;2.141393946998685;4.164637672691006;1;53.71851938;86.79268514
0.1101254206179259;0.07050831792248857;0.1029876618741715;0.07975059876695305;0.9400789885987852;0.02962486484131553;0.0008776326168662129;1.0296293671845038;0.08955037858571857;8.26545097063826;4.633239057212293;21.46690416127746;14.554949836007399;2.2326724518045227;1.318839155242872;3.22711299631707;1;53.71857588;86.79269812
0.0774956663607627;0.06515462380327118;0.0010196798205363;0.074237721465174;1.015503837979374;0.03137031426370792;0.0009840966170037966;1.0296293671845038;0.08955037858571857;7.026458192687967;4.295655507974675;18.452656243193164;13.315957058057105;2.2326724518045227;0.747194575630736;2.559516153247981;1;53.71862198;86.79270838
0.0642398286937901;0.06447588158868486;0.0346691138982359;0.07976493870710129;1.010084866010361;0.0329135989968486;0.0010833049989253532;1.0296293671845038;0.08955037858571857;7.026458192687967;4.560704944457385;20.800029590398033;15.300277178015442;2.2326724518045227;0.4390428228092046;1.9207960524979415;1;53.718650600000004;86.79272676000001
0.0244723156928724;0.05384278515811721;0.0555725502192311;0.061530094575955326;1.0296293671845038;0.03279639427570254;0.001075603477487334;1.0296293671845038;0.08955037858571857;2.7833527260734745;3.527215401969319;12.441248491889585;11.05717171140095;2.2326724518045227;0.5907547426880372;2.399636718907739;1;53.71867022;86.79274382
0.1213418986438258;0.06145774188547703;-0.0010196798205363;0.05302403153946709;0.9469323509100167;0.03651008685015635;0.0013329864418059596;1.0478742044724736;0.10779521587368834;1.7973860276735585;3.043446722052359;9.262567949971249;10.071205013001034;2.2326724518045227;1.4303550367296498;3.6619070375761957;1;53.71868259;86.79275619
0.0224329560517997;0.06145774188547703;0.0825940654634444;0.05302403153946709;1.025297566713893;0.03651008685015635;0.0013329864418059596;1.0478742044724736;0.10779521587368834;1.7973860276735585;3.043446722052359;9.262567949971249;10.071205013001034;2.2326724518045227;1.4303550367296498;3.6619070375761957;1;53.71868259;86.79275619
-0.0163148771285816;0.06145774188547703;0.147853573977771;0.05302403153946709;1.0274457003008675;0.03651008685015635;0.0013329864418059596;1.0478742044724736;0.10779521587368834;1.7973860276735585;3.043446722052359;9.262567949971249;10.071205013001034;2.2326724518045227;1.4303550367296498;3.6619070375761957;1;53.71868259;86.79275619
0.0173345569491179;0.06145774188547703;0.0571020699500356;0.05302403153946709;0.9908879985772725;0.03651008685015635;0.0013329864418059596;1.0478742044724736;0.10779521587368834;1.7973860276735585;3.043446722052359;9.262567949971249;10.071205013001034;2.2326724518045227;1.4303550367296498;3.6619070375761957;1;53.71868259;86.79275619
-0.0815743856429081;0.06145774188547703;0.0571020699500356;0.05302403153946709;1.0478742044724736;0.03651008685015635;0.0013329864418059596;1.0478742044724736;0.10779521587368834;1.7973860276735585;3.043446722052359;9.262567949971249;10.071205013001034;2.2326724518045227;1.4303550367296498;3.6619070375761957;1;53.71868259;86.79275619
